<?xml version="1.0" encoding="Windows-1252"?>
<!DOCTYPE POWERMART SYSTEM "powrmart.dtd">
<POWERMART CREATION_DATE="05/20/2024 09:06:38" REPOSITORY_VERSION="187.96">
<REPOSITORY NAME="Domain10_Rep_Svc_Prd" VERSION="187" CODEPAGE="MS1252" DATABASETYPE="Microsoft SQL Server">
<FOLDER NAME="DPR_LITE" GROUP="" OWNER="Administrator" SHARED="NOTSHARED" DESCRIPTION="" PERMISSIONS="rwx---r--" UUID="4b44b41c-7d44-4fc1-bc99-a181286d85c7">
    <SOURCE BUSINESSNAME ="" DATABASETYPE ="Oracle" DBDNAME ="slbadw" DESCRIPTION ="" NAME ="DPR_SKU_ITEM" OBJECTVERSION ="1" OWNERNAME ="DPR" VERSIONNUMBER ="1">
        <SOURCEFIELD BUSINESSNAME ="" DATATYPE ="varchar2" DESCRIPTION ="" FIELDNUMBER ="1" FIELDPROPERTY ="0" FIELDTYPE ="ELEMITEM" HIDDEN ="NO" KEYTYPE ="NOT A KEY" LENGTH ="0" LEVEL ="0" NAME ="MAX_DIVISION_GROUP" NULLABLE ="NULL" OCCURS ="0" OFFSET ="0" PHYSICALLENGTH ="4" PHYSICALOFFSET ="0" PICTURETEXT ="" PRECISION ="4" SCALE ="0" USAGE_FLAGS =""/>
        <SOURCEFIELD BUSINESSNAME ="" DATATYPE ="varchar2" DESCRIPTION ="" FIELDNUMBER ="2" FIELDPROPERTY ="0" FIELDTYPE ="ELEMITEM" HIDDEN ="NO" KEYTYPE ="NOT A KEY" LENGTH ="0" LEVEL ="0" NAME ="SKU" NULLABLE ="NULL" OCCURS ="0" OFFSET ="0" PHYSICALLENGTH ="10" PHYSICALOFFSET ="4" PICTURETEXT ="" PRECISION ="10" SCALE ="0" USAGE_FLAGS =""/>
        <SOURCEFIELD BUSINESSNAME ="" DATATYPE ="varchar2" DESCRIPTION ="" FIELDNUMBER ="3" FIELDPROPERTY ="0" FIELDTYPE ="ELEMITEM" HIDDEN ="NO" KEYTYPE ="NOT A KEY" LENGTH ="0" LEVEL ="0" NAME ="SIZE_DESC" NULLABLE ="NULL" OCCURS ="0" OFFSET ="0" PHYSICALLENGTH ="30" PHYSICALOFFSET ="14" PICTURETEXT ="" PRECISION ="30" SCALE ="0" USAGE_FLAGS =""/>
        <SOURCEFIELD BUSINESSNAME ="" DATATYPE ="number" DESCRIPTION ="" FIELDNUMBER ="4" FIELDPROPERTY ="0" FIELDTYPE ="ELEMITEM" HIDDEN ="NO" KEYTYPE ="NOT A KEY" LENGTH ="24" LEVEL ="0" NAME ="GARM_PER_PKG_QTY" NULLABLE ="NULL" OCCURS ="0" OFFSET ="0" PHYSICALLENGTH ="15" PHYSICALOFFSET ="44" PICTURETEXT ="" PRECISION ="15" SCALE ="0" USAGE_FLAGS =""/>
        <SOURCEFIELD BUSINESSNAME ="" DATATYPE ="number" DESCRIPTION ="" FIELDNUMBER ="5" FIELDPROPERTY ="0" FIELDTYPE ="ELEMITEM" HIDDEN ="NO" KEYTYPE ="NOT A KEY" LENGTH ="24" LEVEL ="0" NAME ="WEIGHTED_COST" NULLABLE ="NULL" OCCURS ="0" OFFSET ="24" PHYSICALLENGTH ="15" PHYSICALOFFSET ="59" PICTURETEXT ="" PRECISION ="15" SCALE ="0" USAGE_FLAGS =""/>
        <SOURCEFIELD BUSINESSNAME ="" DATATYPE ="varchar2" DESCRIPTION ="" FIELDNUMBER ="6" FIELDPROPERTY ="0" FIELDTYPE ="ELEMITEM" HIDDEN ="NO" KEYTYPE ="NOT A KEY" LENGTH ="0" LEVEL ="0" NAME ="BRAND_CODE" NULLABLE ="NULL" OCCURS ="0" OFFSET ="48" PHYSICALLENGTH ="2" PHYSICALOFFSET ="74" PICTURETEXT ="" PRECISION ="2" SCALE ="0" USAGE_FLAGS =""/>
        <SOURCEFIELD BUSINESSNAME ="" DATATYPE ="varchar2" DESCRIPTION ="" FIELDNUMBER ="7" FIELDPROPERTY ="0" FIELDTYPE ="ELEMITEM" HIDDEN ="NO" KEYTYPE ="NOT A KEY" LENGTH ="0" LEVEL ="0" NAME ="BRAND_NAME" NULLABLE ="NULL" OCCURS ="0" OFFSET ="48" PHYSICALLENGTH ="40" PHYSICALOFFSET ="76" PICTURETEXT ="" PRECISION ="40" SCALE ="0" USAGE_FLAGS =""/>
        <SOURCEFIELD BUSINESSNAME ="" DATATYPE ="varchar2" DESCRIPTION ="" FIELDNUMBER ="8" FIELDPROPERTY ="0" FIELDTYPE ="ELEMITEM" HIDDEN ="NO" KEYTYPE ="NOT A KEY" LENGTH ="0" LEVEL ="0" NAME ="GENDER_CATEGORY_DES" NULLABLE ="NULL" OCCURS ="0" OFFSET ="48" PHYSICALLENGTH ="64" PHYSICALOFFSET ="116" PICTURETEXT ="" PRECISION ="64" SCALE ="0" USAGE_FLAGS =""/>
        <SOURCEFIELD BUSINESSNAME ="" DATATYPE ="varchar2" DESCRIPTION ="" FIELDNUMBER ="9" FIELDPROPERTY ="0" FIELDTYPE ="ELEMITEM" HIDDEN ="NO" KEYTYPE ="NOT A KEY" LENGTH ="0" LEVEL ="0" NAME ="SUBBRAND_DESC" NULLABLE ="NULL" OCCURS ="0" OFFSET ="48" PHYSICALLENGTH ="50" PHYSICALOFFSET ="180" PICTURETEXT ="" PRECISION ="50" SCALE ="0" USAGE_FLAGS =""/>
        <SOURCEFIELD BUSINESSNAME ="" DATATYPE ="varchar2" DESCRIPTION ="" FIELDNUMBER ="10" FIELDPROPERTY ="0" FIELDTYPE ="ELEMITEM" HIDDEN ="NO" KEYTYPE ="NOT A KEY" LENGTH ="0" LEVEL ="0" NAME ="CATEGORY_DESC" NULLABLE ="NULL" OCCURS ="0" OFFSET ="48" PHYSICALLENGTH ="30" PHYSICALOFFSET ="230" PICTURETEXT ="" PRECISION ="30" SCALE ="0" USAGE_FLAGS =""/>
        <SOURCEFIELD BUSINESSNAME ="" DATATYPE ="varchar2" DESCRIPTION ="" FIELDNUMBER ="11" FIELDPROPERTY ="0" FIELDTYPE ="ELEMITEM" HIDDEN ="NO" KEYTYPE ="NOT A KEY" LENGTH ="0" LEVEL ="0" NAME ="GARMENT_TYPE" NULLABLE ="NULL" OCCURS ="0" OFFSET ="48" PHYSICALLENGTH ="25" PHYSICALOFFSET ="260" PICTURETEXT ="" PRECISION ="25" SCALE ="0" USAGE_FLAGS =""/>
        <SOURCEFIELD BUSINESSNAME ="" DATATYPE ="varchar2" DESCRIPTION ="" FIELDNUMBER ="12" FIELDPROPERTY ="0" FIELDTYPE ="ELEMITEM" HIDDEN ="NO" KEYTYPE ="NOT A KEY" LENGTH ="0" LEVEL ="0" NAME ="SILHOUETTE" NULLABLE ="NULL" OCCURS ="0" OFFSET ="48" PHYSICALLENGTH ="30" PHYSICALOFFSET ="285" PICTURETEXT ="" PRECISION ="30" SCALE ="0" USAGE_FLAGS =""/>
        <SOURCEFIELD BUSINESSNAME ="" DATATYPE ="varchar2" DESCRIPTION ="" FIELDNUMBER ="13" FIELDPROPERTY ="0" FIELDTYPE ="ELEMITEM" HIDDEN ="NO" KEYTYPE ="NOT A KEY" LENGTH ="0" LEVEL ="0" NAME ="SUBCATEGORY_DESC" NULLABLE ="NULL" OCCURS ="0" OFFSET ="48" PHYSICALLENGTH ="30" PHYSICALOFFSET ="315" PICTURETEXT ="" PRECISION ="30" SCALE ="0" USAGE_FLAGS =""/>
    </SOURCE>
    <SOURCE BUSINESSNAME ="" DATABASETYPE ="DB2" DBDNAME ="HQ400U" DESCRIPTION ="Finished Goods In-Transits via HINTS - 3090 Format" NAME ="OPP929" OBJECTVERSION ="1" OWNERNAME ="UOPLIB" VERSIONNUMBER ="1">
        <SOURCEFIELD BUSINESSNAME ="" DATATYPE ="char" DESCRIPTION ="3090 selling style" FIELDNUMBER ="1" FIELDPROPERTY ="0" FIELDTYPE ="ELEMITEM" HIDDEN ="NO" KEYTYPE ="NOT A KEY" LENGTH ="0" LEVEL ="0" NAME ="BSLSTY" NULLABLE ="NOTNULL" OCCURS ="0" OFFSET ="0" PHYSICALLENGTH ="6" PHYSICALOFFSET ="0" PICTURETEXT ="" PRECISION ="6" SCALE ="0" USAGE_FLAGS =""/>
        <SOURCEFIELD BUSINESSNAME ="" DATATYPE ="char" DESCRIPTION ="X Size" FIELDNUMBER ="2" FIELDPROPERTY ="0" FIELDTYPE ="ELEMITEM" HIDDEN ="NO" KEYTYPE ="NOT A KEY" LENGTH ="0" LEVEL ="0" NAME ="BXSIZE" NULLABLE ="NOTNULL" OCCURS ="0" OFFSET ="0" PHYSICALLENGTH ="1" PHYSICALOFFSET ="6" PICTURETEXT ="" PRECISION ="1" SCALE ="0" USAGE_FLAGS =""/>
        <SOURCEFIELD BUSINESSNAME ="" DATATYPE ="char" DESCRIPTION ="Pack code" FIELDNUMBER ="3" FIELDPROPERTY ="0" FIELDTYPE ="ELEMITEM" HIDDEN ="NO" KEYTYPE ="NOT A KEY" LENGTH ="0" LEVEL ="0" NAME ="BPCKCD" NULLABLE ="NOTNULL" OCCURS ="0" OFFSET ="0" PHYSICALLENGTH ="1" PHYSICALOFFSET ="7" PICTURETEXT ="" PRECISION ="1" SCALE ="0" USAGE_FLAGS =""/>
        <SOURCEFIELD BUSINESSNAME ="" DATATYPE ="char" DESCRIPTION ="Size line/scale" FIELDNUMBER ="4" FIELDPROPERTY ="0" FIELDTYPE ="ELEMITEM" HIDDEN ="NO" KEYTYPE ="NOT A KEY" LENGTH ="0" LEVEL ="0" NAME ="BSZLIN" NULLABLE ="NOTNULL" OCCURS ="0" OFFSET ="0" PHYSICALLENGTH ="1" PHYSICALOFFSET ="8" PICTURETEXT ="" PRECISION ="1" SCALE ="0" USAGE_FLAGS =""/>
        <SOURCEFIELD BUSINESSNAME ="" DATATYPE ="char" DESCRIPTION ="Size position" FIELDNUMBER ="5" FIELDPROPERTY ="0" FIELDTYPE ="ELEMITEM" HIDDEN ="NO" KEYTYPE ="NOT A KEY" LENGTH ="0" LEVEL ="0" NAME ="BSZPOS" NULLABLE ="NOTNULL" OCCURS ="0" OFFSET ="0" PHYSICALLENGTH ="1" PHYSICALOFFSET ="9" PICTURETEXT ="" PRECISION ="1" SCALE ="0" USAGE_FLAGS =""/>
        <SOURCEFIELD BUSINESSNAME ="" DATATYPE ="char" DESCRIPTION ="Putup code" FIELDNUMBER ="6" FIELDPROPERTY ="0" FIELDTYPE ="ELEMITEM" HIDDEN ="NO" KEYTYPE ="NOT A KEY" LENGTH ="0" LEVEL ="0" NAME ="BPUTUP" NULLABLE ="NOTNULL" OCCURS ="0" OFFSET ="0" PHYSICALLENGTH ="3" PHYSICALOFFSET ="10" PICTURETEXT ="" PRECISION ="3" SCALE ="0" USAGE_FLAGS =""/>
        <SOURCEFIELD BUSINESSNAME ="" DATATYPE ="char" DESCRIPTION ="Rev code" FIELDNUMBER ="7" FIELDPROPERTY ="0" FIELDTYPE ="ELEMITEM" HIDDEN ="NO" KEYTYPE ="NOT A KEY" LENGTH ="0" LEVEL ="0" NAME ="BREVCD" NULLABLE ="NOTNULL" OCCURS ="0" OFFSET ="0" PHYSICALLENGTH ="2" PHYSICALOFFSET ="13" PICTURETEXT ="" PRECISION ="2" SCALE ="0" USAGE_FLAGS =""/>
        <SOURCEFIELD BUSINESSNAME ="" DATATYPE ="char" DESCRIPTION ="Quality code" FIELDNUMBER ="8" FIELDPROPERTY ="0" FIELDTYPE ="ELEMITEM" HIDDEN ="NO" KEYTYPE ="NOT A KEY" LENGTH ="0" LEVEL ="0" NAME ="BQUACD" NULLABLE ="NOTNULL" OCCURS ="0" OFFSET ="0" PHYSICALLENGTH ="1" PHYSICALOFFSET ="15" PICTURETEXT ="" PRECISION ="1" SCALE ="0" USAGE_FLAGS =""/>
        <SOURCEFIELD BUSINESSNAME ="" DATATYPE ="numeric" DESCRIPTION ="In-Transit units" FIELDNUMBER ="9" FIELDPROPERTY ="0" FIELDTYPE ="ELEMITEM" HIDDEN ="NO" KEYTYPE ="NOT A KEY" LENGTH ="11" LEVEL ="0" NAME ="BUNITS" NULLABLE ="NOTNULL" OCCURS ="0" OFFSET ="0" PHYSICALLENGTH ="9" PHYSICALOFFSET ="16" PICTURETEXT ="" PRECISION ="9" SCALE ="0" USAGE_FLAGS =""/>
        <SOURCEFIELD BUSINESSNAME ="" DATATYPE ="char" DESCRIPTION ="Sending facility" FIELDNUMBER ="10" FIELDPROPERTY ="0" FIELDTYPE ="ELEMITEM" HIDDEN ="NO" KEYTYPE ="NOT A KEY" LENGTH ="0" LEVEL ="0" NAME ="BSENDF" NULLABLE ="NOTNULL" OCCURS ="0" OFFSET ="11" PHYSICALLENGTH ="2" PHYSICALOFFSET ="25" PICTURETEXT ="" PRECISION ="2" SCALE ="0" USAGE_FLAGS =""/>
        <SOURCEFIELD BUSINESSNAME ="" DATATYPE ="char" DESCRIPTION ="Receiving facility" FIELDNUMBER ="11" FIELDPROPERTY ="0" FIELDTYPE ="ELEMITEM" HIDDEN ="NO" KEYTYPE ="NOT A KEY" LENGTH ="0" LEVEL ="0" NAME ="BRECVF" NULLABLE ="NOTNULL" OCCURS ="0" OFFSET ="11" PHYSICALLENGTH ="2" PHYSICALOFFSET ="27" PICTURETEXT ="" PRECISION ="2" SCALE ="0" USAGE_FLAGS =""/>
        <SOURCEFIELD BUSINESSNAME ="" DATATYPE ="char" DESCRIPTION ="Manifest number" FIELDNUMBER ="12" FIELDPROPERTY ="0" FIELDTYPE ="ELEMITEM" HIDDEN ="NO" KEYTYPE ="NOT A KEY" LENGTH ="0" LEVEL ="0" NAME ="BMANF#" NULLABLE ="NOTNULL" OCCURS ="0" OFFSET ="11" PHYSICALLENGTH ="7" PHYSICALOFFSET ="29" PICTURETEXT ="" PRECISION ="7" SCALE ="0" USAGE_FLAGS =""/>
        <SOURCEFIELD BUSINESSNAME ="" DATATYPE ="char" DESCRIPTION ="Trailer number" FIELDNUMBER ="13" FIELDPROPERTY ="0" FIELDTYPE ="ELEMITEM" HIDDEN ="NO" KEYTYPE ="NOT A KEY" LENGTH ="0" LEVEL ="0" NAME ="BTRLR#" NULLABLE ="NOTNULL" OCCURS ="0" OFFSET ="11" PHYSICALLENGTH ="15" PHYSICALOFFSET ="36" PICTURETEXT ="" PRECISION ="15" SCALE ="0" USAGE_FLAGS =""/>
        <SOURCEFIELD BUSINESSNAME ="" DATATYPE ="char" DESCRIPTION ="Carrier ID" FIELDNUMBER ="14" FIELDPROPERTY ="0" FIELDTYPE ="ELEMITEM" HIDDEN ="NO" KEYTYPE ="NOT A KEY" LENGTH ="0" LEVEL ="0" NAME ="BCARID" NULLABLE ="NOTNULL" OCCURS ="0" OFFSET ="11" PHYSICALLENGTH ="3" PHYSICALOFFSET ="51" PICTURETEXT ="" PRECISION ="3" SCALE ="0" USAGE_FLAGS =""/>
        <SOURCEFIELD BUSINESSNAME ="" DATATYPE ="char" DESCRIPTION ="Manifest status" FIELDNUMBER ="15" FIELDPROPERTY ="0" FIELDTYPE ="ELEMITEM" HIDDEN ="NO" KEYTYPE ="NOT A KEY" LENGTH ="0" LEVEL ="0" NAME ="BMANST" NULLABLE ="NOTNULL" OCCURS ="0" OFFSET ="11" PHYSICALLENGTH ="2" PHYSICALOFFSET ="54" PICTURETEXT ="" PRECISION ="2" SCALE ="0" USAGE_FLAGS =""/>
        <SOURCEFIELD BUSINESSNAME ="" DATATYPE ="char" DESCRIPTION ="Container ID" FIELDNUMBER ="16" FIELDPROPERTY ="0" FIELDTYPE ="ELEMITEM" HIDDEN ="NO" KEYTYPE ="NOT A KEY" LENGTH ="0" LEVEL ="0" NAME ="BCNTID" NULLABLE ="NOTNULL" OCCURS ="0" OFFSET ="11" PHYSICALLENGTH ="9" PHYSICALOFFSET ="56" PICTURETEXT ="" PRECISION ="9" SCALE ="0" USAGE_FLAGS =""/>
        <SOURCEFIELD BUSINESSNAME ="" DATATYPE ="char" DESCRIPTION ="Current date" FIELDNUMBER ="17" FIELDPROPERTY ="0" FIELDTYPE ="ELEMITEM" HIDDEN ="NO" KEYTYPE ="NOT A KEY" LENGTH ="0" LEVEL ="0" NAME ="BCURDT" NULLABLE ="NOTNULL" OCCURS ="0" OFFSET ="11" PHYSICALLENGTH ="8" PHYSICALOFFSET ="65" PICTURETEXT ="" PRECISION ="8" SCALE ="0" USAGE_FLAGS =""/>
        <SOURCEFIELD BUSINESSNAME ="" DATATYPE ="char" DESCRIPTION ="ETA date" FIELDNUMBER ="18" FIELDPROPERTY ="0" FIELDTYPE ="ELEMITEM" HIDDEN ="NO" KEYTYPE ="NOT A KEY" LENGTH ="0" LEVEL ="0" NAME ="BETADT" NULLABLE ="NOTNULL" OCCURS ="0" OFFSET ="11" PHYSICALLENGTH ="8" PHYSICALOFFSET ="73" PICTURETEXT ="" PRECISION ="8" SCALE ="0" USAGE_FLAGS =""/>
        <SOURCEFIELD BUSINESSNAME ="" DATATYPE ="char" DESCRIPTION ="Assortment code" FIELDNUMBER ="19" FIELDPROPERTY ="0" FIELDTYPE ="ELEMITEM" HIDDEN ="NO" KEYTYPE ="NOT A KEY" LENGTH ="0" LEVEL ="0" NAME ="BASCDE" NULLABLE ="NOTNULL" OCCURS ="0" OFFSET ="11" PHYSICALLENGTH ="1" PHYSICALOFFSET ="81" PICTURETEXT ="" PRECISION ="1" SCALE ="0" USAGE_FLAGS =""/>
        <SOURCEFIELD BUSINESSNAME ="" DATATYPE ="char" DESCRIPTION ="External source" FIELDNUMBER ="20" FIELDPROPERTY ="0" FIELDTYPE ="ELEMITEM" HIDDEN ="NO" KEYTYPE ="NOT A KEY" LENGTH ="0" LEVEL ="0" NAME ="BXSRCE" NULLABLE ="NOTNULL" OCCURS ="0" OFFSET ="11" PHYSICALLENGTH ="1" PHYSICALOFFSET ="82" PICTURETEXT ="" PRECISION ="1" SCALE ="0" USAGE_FLAGS =""/>
        <SOURCEFIELD BUSINESSNAME ="" DATATYPE ="char" DESCRIPTION ="PO #" FIELDNUMBER ="21" FIELDPROPERTY ="0" FIELDTYPE ="ELEMITEM" HIDDEN ="NO" KEYTYPE ="NOT A KEY" LENGTH ="0" LEVEL ="0" NAME ="BPO#" NULLABLE ="NOTNULL" OCCURS ="0" OFFSET ="11" PHYSICALLENGTH ="9" PHYSICALOFFSET ="83" PICTURETEXT ="" PRECISION ="9" SCALE ="0" USAGE_FLAGS =""/>
        <SOURCEFIELD BUSINESSNAME ="" DATATYPE ="char" DESCRIPTION ="Product Status" FIELDNUMBER ="22" FIELDPROPERTY ="0" FIELDTYPE ="ELEMITEM" HIDDEN ="NO" KEYTYPE ="NOT A KEY" LENGTH ="0" LEVEL ="0" NAME ="BPRDST" NULLABLE ="NOTNULL" OCCURS ="0" OFFSET ="11" PHYSICALLENGTH ="3" PHYSICALOFFSET ="92" PICTURETEXT ="" PRECISION ="3" SCALE ="0" USAGE_FLAGS =""/>
        <SOURCEFIELD BUSINESSNAME ="" DATATYPE ="char" DESCRIPTION ="Filler 5" FIELDNUMBER ="23" FIELDPROPERTY ="0" FIELDTYPE ="ELEMITEM" HIDDEN ="NO" KEYTYPE ="NOT A KEY" LENGTH ="0" LEVEL ="0" NAME ="BFILLR" NULLABLE ="NOTNULL" OCCURS ="0" OFFSET ="11" PHYSICALLENGTH ="5" PHYSICALOFFSET ="95" PICTURETEXT ="" PRECISION ="5" SCALE ="0" USAGE_FLAGS =""/>
    </SOURCE>
    <TARGET BUSINESSNAME ="" CONSTRAINT ="" DATABASETYPE ="Microsoft SQL Server" DESCRIPTION ="" NAME ="INVENTORY_AND_WIP" OBJECTVERSION ="1" TABLEOPTIONS ="" VERSIONNUMBER ="1">
        <TARGETFIELD BUSINESSNAME ="" DATATYPE ="varchar" DESCRIPTION ="" FIELDNUMBER ="1" KEYTYPE ="PRIMARY KEY" NAME ="LEGACY_SOURCE" NULLABLE ="NOTNULL" PICTURETEXT ="" PRECISION ="10" SCALE ="0"/>
        <TARGETFIELD BUSINESSNAME ="" DATATYPE ="varchar" DESCRIPTION ="" FIELDNUMBER ="2" KEYTYPE ="PRIMARY KEY" NAME ="ITEM_CODE" NULLABLE ="NOTNULL" PICTURETEXT ="" PRECISION ="40" SCALE ="0"/>
        <TARGETFIELD BUSINESSNAME ="" DATATYPE ="numeric" DESCRIPTION ="" FIELDNUMBER ="3" KEYTYPE ="PRIMARY KEY" NAME ="INV_WIP_SEQ_NO" NULLABLE ="NOTNULL" PICTURETEXT ="" PRECISION ="8" SCALE ="0"/>
        <TARGETFIELD BUSINESSNAME ="" DATATYPE ="varchar" DESCRIPTION ="" FIELDNUMBER ="4" KEYTYPE ="PRIMARY KEY" NAME ="INV_WIP_TYPE" NULLABLE ="NOTNULL" PICTURETEXT ="" PRECISION ="10" SCALE ="0"/>
        <TARGETFIELD BUSINESSNAME ="" DATATYPE ="numeric" DESCRIPTION ="" FIELDNUMBER ="5" KEYTYPE ="NOT A KEY" NAME ="INV_WIP_QUANTITY" NULLABLE ="NOTNULL" PICTURETEXT ="" PRECISION ="11" SCALE ="0"/>
        <TARGETFIELD BUSINESSNAME ="" DATATYPE ="numeric" DESCRIPTION ="" FIELDNUMBER ="6" KEYTYPE ="NOT A KEY" NAME ="TOTAL_NET_PRIORITY_QUANTITY" NULLABLE ="NOTNULL" PICTURETEXT ="" PRECISION ="11" SCALE ="0"/>
        <TARGETFIELD BUSINESSNAME ="" DATATYPE ="numeric" DESCRIPTION ="" FIELDNUMBER ="7" KEYTYPE ="NOT A KEY" NAME ="NET_INV_WIP_QUANTITY" NULLABLE ="NOTNULL" PICTURETEXT ="" PRECISION ="11" SCALE ="0"/>
        <TARGETFIELD BUSINESSNAME ="" DATATYPE ="datetime" DESCRIPTION ="" FIELDNUMBER ="8" KEYTYPE ="NOT A KEY" NAME ="LOAD_DATE" NULLABLE ="NOTNULL" PICTURETEXT ="" PRECISION ="23" SCALE ="3"/>
        <TARGETFIELD BUSINESSNAME ="" DATATYPE ="varchar" DESCRIPTION ="" FIELDNUMBER ="9" KEYTYPE ="NOT A KEY" NAME ="DATA_SOURCE" NULLABLE ="NOTNULL" PICTURETEXT ="" PRECISION ="60" SCALE ="0"/>
    </TARGET>
    <MAPPING DESCRIPTION ="This mapping loads data into the target table:INVENTORY_AND_WIP." ISVALID ="YES" NAME ="m_UW_FG_IN_TRANSIT" OBJECTVERSION ="1" VERSIONNUMBER ="1">
        <TRANSFORMATION DESCRIPTION ="This performs the logic given in the conversion mapping." NAME ="EXP_INVENTORY_AND_WIP" OBJECTVERSION ="1" REUSABLE ="NO" TYPE ="Expression" VERSIONNUMBER ="1">
            <TRANSFORMFIELD DATATYPE ="string" DEFAULTVALUE ="" DESCRIPTION ="3090 selling style" NAME ="BSLSTY" PICTURETEXT ="" PORTTYPE ="INPUT" PRECISION ="6" SCALE ="0"/>
            <TRANSFORMFIELD DATATYPE ="string" DEFAULTVALUE ="" DESCRIPTION ="X Size" NAME ="BXSIZE" PICTURETEXT ="" PORTTYPE ="INPUT" PRECISION ="1" SCALE ="0"/>
            <TRANSFORMFIELD DATATYPE ="string" DEFAULTVALUE ="" DESCRIPTION ="Pack code" NAME ="BPCKCD" PICTURETEXT ="" PORTTYPE ="INPUT" PRECISION ="1" SCALE ="0"/>
            <TRANSFORMFIELD DATATYPE ="string" DEFAULTVALUE ="" DESCRIPTION ="Size line/scale" NAME ="BSZLIN" PICTURETEXT ="" PORTTYPE ="INPUT" PRECISION ="1" SCALE ="0"/>
            <TRANSFORMFIELD DATATYPE ="string" DEFAULTVALUE ="" DESCRIPTION ="Size position" NAME ="BSZPOS" PICTURETEXT ="" PORTTYPE ="INPUT" PRECISION ="1" SCALE ="0"/>
            <TRANSFORMFIELD DATATYPE ="string" DEFAULTVALUE ="" DESCRIPTION ="Sending facility" NAME ="I_BSENDF" PICTURETEXT ="" PORTTYPE ="INPUT" PRECISION ="2" SCALE ="0"/>
            <TRANSFORMFIELD DATATYPE ="string" DEFAULTVALUE ="" DESCRIPTION ="Receiving facility" NAME ="I_BRECVF" PICTURETEXT ="" PORTTYPE ="INPUT" PRECISION ="2" SCALE ="0"/>
            <TRANSFORMFIELD DATATYPE ="string" DEFAULTVALUE ="" DESCRIPTION ="" NAME ="I_SIZE_DESC" PICTURETEXT ="" PORTTYPE ="INPUT" PRECISION ="30" SCALE ="0"/>
            <TRANSFORMFIELD DATATYPE ="decimal" DEFAULTVALUE ="" DESCRIPTION ="" NAME ="I_GARM_PER_PKG_QTY" PICTURETEXT ="" PORTTYPE ="INPUT" PRECISION ="38" SCALE ="0"/>
            <TRANSFORMFIELD DATATYPE ="decimal" DEFAULTVALUE ="" DESCRIPTION ="In-Transit units" EXPRESSION ="BUNITS" EXPRESSIONTYPE ="GENERAL" NAME ="BUNITS" PICTURETEXT ="" PORTTYPE ="INPUT/OUTPUT" PRECISION ="9" SCALE ="0"/>
            <TRANSFORMFIELD DATATYPE ="string" DEFAULTVALUE ="" DESCRIPTION ="" EXPRESSION ="&apos;UNW&apos;" EXPRESSIONTYPE ="GENERAL" NAME ="O_LEGACY_SOURCE" PICTURETEXT ="" PORTTYPE ="OUTPUT" PRECISION ="10" SCALE ="0"/>
            <TRANSFORMFIELD DATATYPE ="string" DEFAULTVALUE ="" DESCRIPTION ="" EXPRESSION ="RTRIM(BSLSTY )  ||  &apos;_&apos; || RTRIM(I_SIZE_DESC) || &apos;_&apos; || RTRIM(I_GARM_PER_PKG_QTY )  || &apos;_&apos; || RTRIM(BXSIZE) || RTRIM(BPCKCD) || RTRIM(BSZLIN) || RTRIM(BSZPOS)" EXPRESSIONTYPE ="GENERAL" NAME ="O_ITEM_CODE" PICTURETEXT ="" PORTTYPE ="OUTPUT" PRECISION ="40" SCALE ="0"/>
            <TRANSFORMFIELD DATATYPE ="decimal" DEFAULTVALUE ="" DESCRIPTION ="" EXPRESSION ="200" EXPRESSIONTYPE ="GENERAL" NAME ="O_INV_WIP_SEQ_NO" PICTURETEXT ="" PORTTYPE ="OUTPUT" PRECISION ="11" SCALE ="0"/>
            <TRANSFORMFIELD DATATYPE ="string" DEFAULTVALUE ="" DESCRIPTION ="" EXPRESSION ="&apos;Intran2DC&apos;" EXPRESSIONTYPE ="GENERAL" NAME ="O_INV_WIP_TYPE" PICTURETEXT ="" PORTTYPE ="OUTPUT" PRECISION ="10" SCALE ="0"/>
            <TRANSFORMFIELD DATATYPE ="decimal" DEFAULTVALUE ="" DESCRIPTION ="" EXPRESSION ="0" EXPRESSIONTYPE ="GENERAL" NAME ="O_TOTAL_NET_PRIORITY_QUANTITY" PICTURETEXT ="" PORTTYPE ="OUTPUT" PRECISION ="11" SCALE ="0"/>
            <TRANSFORMFIELD DATATYPE ="date/time" DEFAULTVALUE ="" DESCRIPTION ="" EXPRESSION ="SYSDATE" EXPRESSIONTYPE ="GENERAL" NAME ="O_LOAD_DATE" PICTURETEXT ="" PORTTYPE ="OUTPUT" PRECISION ="29" SCALE ="9"/>
            <TRANSFORMFIELD DATATYPE ="string" DEFAULTVALUE ="" DESCRIPTION ="" EXPRESSION ="&apos;Underwear Planning System&apos;" EXPRESSIONTYPE ="GENERAL" NAME ="O_DATA_SOURCE" PICTURETEXT ="" PORTTYPE ="OUTPUT" PRECISION ="60" SCALE ="0"/>
            <TRANSFORMFIELD DATATYPE ="string" DEFAULTVALUE ="ERROR(&apos;transformation error&apos;)" DESCRIPTION ="" EXPRESSION ="IIF(ISNULL(&#xD;&#xA;:LKP.LKP_PTP001(LTRIM(RTRIM(I_BSENDF)))),&#xD;&#xA;IIF(ISNULL(&#xD;&#xA;:LKP.LKP_PTP001(LTRIM(RTRIM(I_BRECVF)))),&#xD;&#xA;&apos;Y&apos;,&apos;N&apos;),&apos;N&apos;)" EXPRESSIONTYPE ="GENERAL" NAME ="FLAG" PICTURETEXT ="" PORTTYPE ="OUTPUT" PRECISION ="10" SCALE ="0"/>
            <TABLEATTRIBUTE NAME ="Tracing Level" VALUE ="Normal"/>
        </TRANSFORMATION>
        <TRANSFORMATION DESCRIPTION ="Reads records from source table DPR_SKU_ITEM" NAME ="SQ_DPR_SKU_ITEM" OBJECTVERSION ="1" REUSABLE ="NO" TYPE ="Source Qualifier" VERSIONNUMBER ="1">
            <TRANSFORMFIELD DATATYPE ="string" DEFAULTVALUE ="" DESCRIPTION ="" NAME ="SKU" PICTURETEXT ="" PORTTYPE ="INPUT/OUTPUT" PRECISION ="10" SCALE ="0"/>
            <TRANSFORMFIELD DATATYPE ="string" DEFAULTVALUE ="" DESCRIPTION ="" NAME ="SIZE_DESC" PICTURETEXT ="" PORTTYPE ="INPUT/OUTPUT" PRECISION ="30" SCALE ="0"/>
            <TRANSFORMFIELD DATATYPE ="double" DEFAULTVALUE ="" DESCRIPTION ="" NAME ="GARM_PER_PKG_QTY" PICTURETEXT ="" PORTTYPE ="INPUT/OUTPUT" PRECISION ="15" SCALE ="0"/>
            <TABLEATTRIBUTE NAME ="Sql Query" VALUE ="SELECT DPR_SKU_ITEM.SKU, DPR_SKU_ITEM.SIZE_DESC, DPR_SKU_ITEM.GARM_PER_PKG_QTY &#xD;&#xA;FROM&#xD;&#xA;DPR.DPR_SKU_ITEM"/>
            <TABLEATTRIBUTE NAME ="User Defined Join" VALUE =""/>
            <TABLEATTRIBUTE NAME ="Source Filter" VALUE =""/>
            <TABLEATTRIBUTE NAME ="Number Of Sorted Ports" VALUE ="0"/>
            <TABLEATTRIBUTE NAME ="Tracing Level" VALUE ="Normal"/>
            <TABLEATTRIBUTE NAME ="Select Distinct" VALUE ="NO"/>
            <TABLEATTRIBUTE NAME ="Is Partitionable" VALUE ="NO"/>
            <TABLEATTRIBUTE NAME ="Pre SQL" VALUE =""/>
            <TABLEATTRIBUTE NAME ="Post SQL" VALUE =""/>
            <TABLEATTRIBUTE NAME ="Output is deterministic" VALUE ="NO"/>
            <TABLEATTRIBUTE NAME ="Output is repeatable" VALUE ="Never"/>
        </TRANSFORMATION>
        <TRANSFORMATION DESCRIPTION ="This filter is used to skip the records from opp929 if the bsendf or brecvf are exist in the table ptp001 as an excluded plant location." NAME ="FL_OPP929" OBJECTVERSION ="1" REUSABLE ="NO" TYPE ="Filter" VERSIONNUMBER ="1">
            <TRANSFORMFIELD DATATYPE ="decimal" DEFAULTVALUE ="" DESCRIPTION ="In-Transit units" NAME ="BUNITS" PICTURETEXT ="" PORTTYPE ="INPUT/OUTPUT" PRECISION ="9" SCALE ="0"/>
            <TRANSFORMFIELD DATATYPE ="string" DEFAULTVALUE ="" DESCRIPTION ="" NAME ="O_LEGACY_SOURCE" PICTURETEXT ="" PORTTYPE ="INPUT/OUTPUT" PRECISION ="10" SCALE ="0"/>
            <TRANSFORMFIELD DATATYPE ="string" DEFAULTVALUE ="" DESCRIPTION ="" NAME ="O_ITEM_CODE" PICTURETEXT ="" PORTTYPE ="INPUT/OUTPUT" PRECISION ="40" SCALE ="0"/>
            <TRANSFORMFIELD DATATYPE ="decimal" DEFAULTVALUE ="" DESCRIPTION ="" NAME ="O_INV_WIP_SEQ_NO" PICTURETEXT ="" PORTTYPE ="INPUT/OUTPUT" PRECISION ="11" SCALE ="0"/>
            <TRANSFORMFIELD DATATYPE ="string" DEFAULTVALUE ="" DESCRIPTION ="" NAME ="O_INV_WIP_TYPE" PICTURETEXT ="" PORTTYPE ="INPUT/OUTPUT" PRECISION ="10" SCALE ="0"/>
            <TRANSFORMFIELD DATATYPE ="decimal" DEFAULTVALUE ="" DESCRIPTION ="" NAME ="O_TOTAL_NET_PRIORITY_QUANTITY" PICTURETEXT ="" PORTTYPE ="INPUT/OUTPUT" PRECISION ="11" SCALE ="0"/>
            <TRANSFORMFIELD DATATYPE ="date/time" DEFAULTVALUE ="" DESCRIPTION ="" NAME ="O_LOAD_DATE" PICTURETEXT ="" PORTTYPE ="INPUT/OUTPUT" PRECISION ="29" SCALE ="9"/>
            <TRANSFORMFIELD DATATYPE ="string" DEFAULTVALUE ="" DESCRIPTION ="" NAME ="O_DATA_SOURCE" PICTURETEXT ="" PORTTYPE ="INPUT/OUTPUT" PRECISION ="60" SCALE ="0"/>
            <TRANSFORMFIELD DATATYPE ="string" DEFAULTVALUE ="" DESCRIPTION ="" NAME ="FLAG" PICTURETEXT ="" PORTTYPE ="INPUT/OUTPUT" PRECISION ="10" SCALE ="0"/>
            <TABLEATTRIBUTE NAME ="Filter Condition" VALUE ="FLAG=&apos;Y&apos;"/>
            <TABLEATTRIBUTE NAME ="Tracing Level" VALUE ="Normal"/>
        </TRANSFORMATION>
        <TRANSFORMATION DESCRIPTION ="This expression calculates the sku from the source table:OPP929." NAME ="EXP_OPP929" OBJECTVERSION ="1" REUSABLE ="NO" TYPE ="Expression" VERSIONNUMBER ="1">
            <TRANSFORMFIELD DATATYPE ="string" DEFAULTVALUE ="" DESCRIPTION ="Sending facility" EXPRESSION ="BSENDF" EXPRESSIONTYPE ="GENERAL" NAME ="BSENDF" PICTURETEXT ="" PORTTYPE ="INPUT/OUTPUT" PRECISION ="2" SCALE ="0"/>
            <TRANSFORMFIELD DATATYPE ="string" DEFAULTVALUE ="" DESCRIPTION ="Receiving facility" EXPRESSION ="BRECVF" EXPRESSIONTYPE ="GENERAL" NAME ="BRECVF" PICTURETEXT ="" PORTTYPE ="INPUT/OUTPUT" PRECISION ="2" SCALE ="0"/>
            <TRANSFORMFIELD DATATYPE ="string" DEFAULTVALUE ="" DESCRIPTION ="3090 selling style" EXPRESSION ="BSLSTY" EXPRESSIONTYPE ="GENERAL" NAME ="BSLSTY" PICTURETEXT ="" PORTTYPE ="INPUT/OUTPUT" PRECISION ="6" SCALE ="0"/>
            <TRANSFORMFIELD DATATYPE ="string" DEFAULTVALUE ="" DESCRIPTION ="X Size" EXPRESSION ="BXSIZE" EXPRESSIONTYPE ="GENERAL" NAME ="BXSIZE" PICTURETEXT ="" PORTTYPE ="INPUT/OUTPUT" PRECISION ="1" SCALE ="0"/>
            <TRANSFORMFIELD DATATYPE ="string" DEFAULTVALUE ="" DESCRIPTION ="Pack code" EXPRESSION ="BPCKCD" EXPRESSIONTYPE ="GENERAL" NAME ="BPCKCD" PICTURETEXT ="" PORTTYPE ="INPUT/OUTPUT" PRECISION ="1" SCALE ="0"/>
            <TRANSFORMFIELD DATATYPE ="string" DEFAULTVALUE ="" DESCRIPTION ="Size line/scale" EXPRESSION ="BSZLIN" EXPRESSIONTYPE ="GENERAL" NAME ="BSZLIN" PICTURETEXT ="" PORTTYPE ="INPUT/OUTPUT" PRECISION ="1" SCALE ="0"/>
            <TRANSFORMFIELD DATATYPE ="string" DEFAULTVALUE ="" DESCRIPTION ="Size position" EXPRESSION ="BSZPOS" EXPRESSIONTYPE ="GENERAL" NAME ="BSZPOS" PICTURETEXT ="" PORTTYPE ="INPUT/OUTPUT" PRECISION ="1" SCALE ="0"/>
            <TRANSFORMFIELD DATATYPE ="string" DEFAULTVALUE ="" DESCRIPTION ="" EXPRESSION ="BSLSTY || BXSIZE || BPCKCD || BSZLIN || BSZPOS" EXPRESSIONTYPE ="GENERAL" NAME ="SKU_OPP929" PICTURETEXT ="" PORTTYPE ="OUTPUT" PRECISION ="10" SCALE ="0"/>
            <TRANSFORMFIELD DATATYPE ="decimal" DEFAULTVALUE ="" DESCRIPTION ="In-Transit units" EXPRESSION ="BUNITS" EXPRESSIONTYPE ="GENERAL" NAME ="BUNITS" PICTURETEXT ="" PORTTYPE ="INPUT/OUTPUT" PRECISION ="9" SCALE ="0"/>
            <TABLEATTRIBUTE NAME ="Tracing Level" VALUE ="Normal"/>
        </TRANSFORMATION>
        <TRANSFORMATION DESCRIPTION ="This transformation is used to return the value based on the condition." NAME ="LKP_PTP001" OBJECTVERSION ="1" REUSABLE ="NO" TYPE ="Lookup Procedure" VERSIONNUMBER ="1">
            <TRANSFORMFIELD DATATYPE ="string" DEFAULTVALUE ="" DESCRIPTION ="Table Category" NAME ="K0TCAT" PICTURETEXT ="" PORTTYPE ="LOOKUP/RETURN/OUTPUT" PRECISION ="2" SCALE ="0"/>
            <TRANSFORMFIELD DATATYPE ="string" DEFAULTVALUE ="" DESCRIPTION ="Table Code" NAME ="K0TCOD" PICTURETEXT ="" PORTTYPE ="LOOKUP/OUTPUT" PRECISION ="18" SCALE ="0"/>
            <TRANSFORMFIELD DATATYPE ="string" DEFAULTVALUE ="" DESCRIPTION ="" NAME ="I_BRECVF_BESNDF" PICTURETEXT ="" PORTTYPE ="INPUT" PRECISION ="2" SCALE ="0"/>
            <TABLEATTRIBUTE NAME ="Lookup Sql Override" VALUE ="SELECT &#xD;&#xA;TRIM(K0TCOD) as K0TCOD,   &#xD;&#xA;TRIM(K0TCAT) as K0TCAT &#xD;&#xA;FROM &#xD;&#xA;UPDLIB.PTP001 &#xD;&#xA;WHERE&#xD;&#xA;TRIM(K0TCAT)=&apos;PE&apos;"/>
            <TABLEATTRIBUTE NAME ="Lookup table name" VALUE ="PTP001"/>
            <TABLEATTRIBUTE NAME ="Lookup Source Filter" VALUE =""/>
            <TABLEATTRIBUTE NAME ="Lookup caching enabled" VALUE ="YES"/>
            <TABLEATTRIBUTE NAME ="Lookup policy on multiple match" VALUE ="Use Any Value"/>
            <TABLEATTRIBUTE NAME ="Lookup condition" VALUE ="K0TCOD = I_BRECVF_BESNDF"/>
            <TABLEATTRIBUTE NAME ="Connection Information" VALUE ="$Source"/>
            <TABLEATTRIBUTE NAME ="Source Type" VALUE ="Database"/>
            <TABLEATTRIBUTE NAME ="Recache if Stale" VALUE ="NO"/>
            <TABLEATTRIBUTE NAME ="Tracing Level" VALUE ="Normal"/>
            <TABLEATTRIBUTE NAME ="Lookup cache directory name" VALUE ="$PMCacheDir"/>
            <TABLEATTRIBUTE NAME ="Lookup cache initialize" VALUE ="NO"/>
            <TABLEATTRIBUTE NAME ="Lookup cache persistent" VALUE ="NO"/>
            <TABLEATTRIBUTE NAME ="Lookup Data Cache Size" VALUE ="Auto"/>
            <TABLEATTRIBUTE NAME ="Lookup Index Cache Size" VALUE ="Auto"/>
            <TABLEATTRIBUTE NAME ="Dynamic Lookup Cache" VALUE ="NO"/>
            <TABLEATTRIBUTE NAME ="Synchronize Dynamic Cache" VALUE ="NO"/>
            <TABLEATTRIBUTE NAME ="Output Old Value On Update" VALUE ="NO"/>
            <TABLEATTRIBUTE NAME ="Update Dynamic Cache Condition" VALUE ="TRUE"/>
            <TABLEATTRIBUTE NAME ="Cache File Name Prefix" VALUE =""/>
            <TABLEATTRIBUTE NAME ="Re-cache from lookup source" VALUE ="NO"/>
            <TABLEATTRIBUTE NAME ="Insert Else Update" VALUE ="NO"/>
            <TABLEATTRIBUTE NAME ="Update Else Insert" VALUE ="NO"/>
            <TABLEATTRIBUTE NAME ="Datetime Format" VALUE =""/>
            <TABLEATTRIBUTE NAME ="Thousand Separator" VALUE ="None"/>
            <TABLEATTRIBUTE NAME ="Decimal Separator" VALUE ="."/>
            <TABLEATTRIBUTE NAME ="Case Sensitive String Comparison" VALUE ="NO"/>
            <TABLEATTRIBUTE NAME ="Null ordering" VALUE ="Null Is Highest Value"/>
            <TABLEATTRIBUTE NAME ="Sorted Input" VALUE ="NO"/>
            <TABLEATTRIBUTE NAME ="Lookup source is static" VALUE ="NO"/>
            <TABLEATTRIBUTE NAME ="Pre-build lookup cache" VALUE ="Auto"/>
            <TABLEATTRIBUTE NAME ="Subsecond Precision" VALUE ="6"/>
        </TRANSFORMATION>
        <TRANSFORMATION DESCRIPTION ="Filters records where sum(bunits) &gt;0." NAME ="FL_INVENTORY_AND_WIP" OBJECTVERSION ="1" REUSABLE ="NO" TYPE ="Filter" VERSIONNUMBER ="1">
            <TRANSFORMFIELD DATATYPE ="string" DEFAULTVALUE ="" DESCRIPTION ="" NAME ="O_LEGACY_SOURCE" PICTURETEXT ="" PORTTYPE ="INPUT/OUTPUT" PRECISION ="10" SCALE ="0"/>
            <TRANSFORMFIELD DATATYPE ="string" DEFAULTVALUE ="" DESCRIPTION ="" NAME ="O_ITEM_CODE" PICTURETEXT ="" PORTTYPE ="INPUT/OUTPUT" PRECISION ="40" SCALE ="0"/>
            <TRANSFORMFIELD DATATYPE ="decimal" DEFAULTVALUE ="" DESCRIPTION ="" NAME ="O_INV_WIP_SEQ_NO" PICTURETEXT ="" PORTTYPE ="INPUT/OUTPUT" PRECISION ="11" SCALE ="0"/>
            <TRANSFORMFIELD DATATYPE ="string" DEFAULTVALUE ="" DESCRIPTION ="" NAME ="O_INV_WIP_TYPE" PICTURETEXT ="" PORTTYPE ="INPUT/OUTPUT" PRECISION ="10" SCALE ="0"/>
            <TRANSFORMFIELD DATATYPE ="decimal" DEFAULTVALUE ="" DESCRIPTION ="" NAME ="O_INV_WIP_QUANTITY" PICTURETEXT ="" PORTTYPE ="INPUT/OUTPUT" PRECISION ="11" SCALE ="0"/>
            <TRANSFORMFIELD DATATYPE ="decimal" DEFAULTVALUE ="" DESCRIPTION ="" NAME ="O_TOTAL_NET_PRIORITY_QUANTITY" PICTURETEXT ="" PORTTYPE ="INPUT/OUTPUT" PRECISION ="11" SCALE ="0"/>
            <TRANSFORMFIELD DATATYPE ="date/time" DEFAULTVALUE ="" DESCRIPTION ="" NAME ="O_LOAD_DATE" PICTURETEXT ="" PORTTYPE ="INPUT/OUTPUT" PRECISION ="29" SCALE ="9"/>
            <TRANSFORMFIELD DATATYPE ="string" DEFAULTVALUE ="" DESCRIPTION ="" NAME ="O_DATA_SOURCE" PICTURETEXT ="" PORTTYPE ="INPUT/OUTPUT" PRECISION ="60" SCALE ="0"/>
            <TABLEATTRIBUTE NAME ="Filter Condition" VALUE ="O_INV_WIP_QUANTITY &gt; 0"/>
            <TABLEATTRIBUTE NAME ="Tracing Level" VALUE ="Normal"/>
        </TRANSFORMATION>
        <TRANSFORMATION DESCRIPTION ="This transformation reads the records from the tables:UOPLIB.OPP929 based on the condition bascade&lt;&gt;&apos;A&apos; and bquacd=&apos;1&apos; and bsendf.uoplib/opp929=k0tcod.updlib/ptp001 and &#xD;&#xA;brecvf.uoplib/opp929=k0tcod.updlib/ptp001and &#xD;&#xA;bsendf.uoplib/opp929!= &apos;PE&apos; and brecvf.uoplib/opp929 != &apos;PE&apos;. " NAME ="SQ_OPP929" OBJECTVERSION ="1" REUSABLE ="NO" TYPE ="Source Qualifier" VERSIONNUMBER ="1">
            <TRANSFORMFIELD DATATYPE ="string" DEFAULTVALUE ="" DESCRIPTION ="3090 selling style" NAME ="BSLSTY" PICTURETEXT ="" PORTTYPE ="INPUT/OUTPUT" PRECISION ="6" SCALE ="0"/>
            <TRANSFORMFIELD DATATYPE ="string" DEFAULTVALUE ="" DESCRIPTION ="X Size" NAME ="BXSIZE" PICTURETEXT ="" PORTTYPE ="INPUT/OUTPUT" PRECISION ="1" SCALE ="0"/>
            <TRANSFORMFIELD DATATYPE ="string" DEFAULTVALUE ="" DESCRIPTION ="Pack code" NAME ="BPCKCD" PICTURETEXT ="" PORTTYPE ="INPUT/OUTPUT" PRECISION ="1" SCALE ="0"/>
            <TRANSFORMFIELD DATATYPE ="string" DEFAULTVALUE ="" DESCRIPTION ="Size line/scale" NAME ="BSZLIN" PICTURETEXT ="" PORTTYPE ="INPUT/OUTPUT" PRECISION ="1" SCALE ="0"/>
            <TRANSFORMFIELD DATATYPE ="string" DEFAULTVALUE ="" DESCRIPTION ="Size position" NAME ="BSZPOS" PICTURETEXT ="" PORTTYPE ="INPUT/OUTPUT" PRECISION ="1" SCALE ="0"/>
            <TRANSFORMFIELD DATATYPE ="decimal" DEFAULTVALUE ="" DESCRIPTION ="In-Transit units" NAME ="BUNITS" PICTURETEXT ="" PORTTYPE ="INPUT/OUTPUT" PRECISION ="9" SCALE ="0"/>
            <TRANSFORMFIELD DATATYPE ="string" DEFAULTVALUE ="" DESCRIPTION ="Sending facility" NAME ="BSENDF" PICTURETEXT ="" PORTTYPE ="INPUT/OUTPUT" PRECISION ="2" SCALE ="0"/>
            <TRANSFORMFIELD DATATYPE ="string" DEFAULTVALUE ="" DESCRIPTION ="Receiving facility" NAME ="BRECVF" PICTURETEXT ="" PORTTYPE ="INPUT/OUTPUT" PRECISION ="2" SCALE ="0"/>
            <TABLEATTRIBUTE NAME ="Sql Query" VALUE ="SELECT  &#xD;&#xA;TRIM(L &apos; &apos; FROM A.BSLSTY),&#xD;&#xA;TRIM(L &apos; &apos; FROM A.BXSIZE), &#xD;&#xA;TRIM(L &apos; &apos; FROM A.BPCKCD),&#xD;&#xA;TRIM(L &apos; &apos; FROM A.BSZLIN),&#xD;&#xA;TRIM(L &apos; &apos; FROM A.BSZPOS),&#xD;&#xA;TRIM(L &apos; &apos; FROM A.BUNITS),&#xD;&#xA;A.BSENDF,&#xD;&#xA;A.BRECVF&#xD;&#xA;FROM &#xD;&#xA; UOPLIB.OPP929 A&#xD;&#xA;WHERE &#xD;&#xA;A.BASCDE&lt;&gt;&apos;A&apos; &#xD;&#xA;AND&#xD;&#xA;A.BQUACD =&apos;1&apos;"/>
            <TABLEATTRIBUTE NAME ="User Defined Join" VALUE =""/>
            <TABLEATTRIBUTE NAME ="Source Filter" VALUE =""/>
            <TABLEATTRIBUTE NAME ="Number Of Sorted Ports" VALUE ="0"/>
            <TABLEATTRIBUTE NAME ="Tracing Level" VALUE ="Normal"/>
            <TABLEATTRIBUTE NAME ="Select Distinct" VALUE ="NO"/>
            <TABLEATTRIBUTE NAME ="Is Partitionable" VALUE ="NO"/>
            <TABLEATTRIBUTE NAME ="Pre SQL" VALUE =""/>
            <TABLEATTRIBUTE NAME ="Post SQL" VALUE =""/>
            <TABLEATTRIBUTE NAME ="Output is deterministic" VALUE ="NO"/>
            <TABLEATTRIBUTE NAME ="Output is repeatable" VALUE ="Never"/>
        </TRANSFORMATION>
        <TRANSFORMATION DESCRIPTION ="This transformation joins records from the OPP929 table and DPR_SKU_ITEM table based on the fileld SKU." NAME ="JNR_OPP929_DPR_SKU_ITEM" OBJECTVERSION ="1" REUSABLE ="NO" TYPE ="Joiner" VERSIONNUMBER ="1">
            <TRANSFORMFIELD DATATYPE ="string" DEFAULTVALUE ="" DESCRIPTION ="3090 selling style" NAME ="BSLSTY" PICTURETEXT ="" PORTTYPE ="INPUT/OUTPUT" PRECISION ="6" SCALE ="0"/>
            <TRANSFORMFIELD DATATYPE ="string" DEFAULTVALUE ="" DESCRIPTION ="X Size" NAME ="BXSIZE" PICTURETEXT ="" PORTTYPE ="INPUT/OUTPUT" PRECISION ="1" SCALE ="0"/>
            <TRANSFORMFIELD DATATYPE ="string" DEFAULTVALUE ="" DESCRIPTION ="Pack code" NAME ="BPCKCD" PICTURETEXT ="" PORTTYPE ="INPUT/OUTPUT" PRECISION ="1" SCALE ="0"/>
            <TRANSFORMFIELD DATATYPE ="string" DEFAULTVALUE ="" DESCRIPTION ="Size line/scale" NAME ="BSZLIN" PICTURETEXT ="" PORTTYPE ="INPUT/OUTPUT" PRECISION ="1" SCALE ="0"/>
            <TRANSFORMFIELD DATATYPE ="string" DEFAULTVALUE ="" DESCRIPTION ="Size position" NAME ="BSZPOS" PICTURETEXT ="" PORTTYPE ="INPUT/OUTPUT" PRECISION ="1" SCALE ="0"/>
            <TRANSFORMFIELD DATATYPE ="string" DEFAULTVALUE ="" DESCRIPTION ="" NAME ="SKU_OPP929" PICTURETEXT ="" PORTTYPE ="INPUT" PRECISION ="10" SCALE ="0"/>
            <TRANSFORMFIELD DATATYPE ="decimal" DEFAULTVALUE ="" DESCRIPTION ="In-Transit units" NAME ="BUNITS" PICTURETEXT ="" PORTTYPE ="INPUT/OUTPUT" PRECISION ="9" SCALE ="0"/>
            <TRANSFORMFIELD DATATYPE ="string" DEFAULTVALUE ="" DESCRIPTION ="" NAME ="SKU" PICTURETEXT ="" PORTTYPE ="INPUT/MASTER" PRECISION ="10" SCALE ="0"/>
            <TRANSFORMFIELD DATATYPE ="string" DEFAULTVALUE ="" DESCRIPTION ="" NAME ="SIZE_DESC" PICTURETEXT ="" PORTTYPE ="INPUT/OUTPUT/MASTER" PRECISION ="30" SCALE ="0"/>
            <TRANSFORMFIELD DATATYPE ="decimal" DEFAULTVALUE ="" DESCRIPTION ="" NAME ="GARM_PER_PKG_QTY" PICTURETEXT ="" PORTTYPE ="INPUT/OUTPUT/MASTER" PRECISION ="38" SCALE ="0"/>
            <TRANSFORMFIELD DATATYPE ="string" DEFAULTVALUE ="" DESCRIPTION ="Sending facility" NAME ="BSENDF" PICTURETEXT ="" PORTTYPE ="INPUT/OUTPUT" PRECISION ="2" SCALE ="0"/>
            <TRANSFORMFIELD DATATYPE ="string" DEFAULTVALUE ="" DESCRIPTION ="Receiving facility" NAME ="BRECVF" PICTURETEXT ="" PORTTYPE ="INPUT/OUTPUT" PRECISION ="2" SCALE ="0"/>
            <TABLEATTRIBUTE NAME ="Case Sensitive String Comparison" VALUE ="YES"/>
            <TABLEATTRIBUTE NAME ="Cache Directory" VALUE ="$PMCacheDir"/>
            <TABLEATTRIBUTE NAME ="Join Condition" VALUE ="SKU = SKU_OPP929"/>
            <TABLEATTRIBUTE NAME ="Join Type" VALUE ="Normal Join"/>
            <TABLEATTRIBUTE NAME ="Null ordering in master" VALUE ="Null Is Highest Value"/>
            <TABLEATTRIBUTE NAME ="Null ordering in detail" VALUE ="Null Is Highest Value"/>
            <TABLEATTRIBUTE NAME ="Tracing Level" VALUE ="Normal"/>
            <TABLEATTRIBUTE NAME ="Joiner Data Cache Size" VALUE ="Auto"/>
            <TABLEATTRIBUTE NAME ="Joiner Index Cache Size" VALUE ="Auto"/>
            <TABLEATTRIBUTE NAME ="Sorted Input" VALUE ="NO"/>
            <TABLEATTRIBUTE NAME ="Master Sort Order" VALUE ="Auto"/>
            <TABLEATTRIBUTE NAME ="Transformation Scope" VALUE ="All Input"/>
        </TRANSFORMATION>
        <TRANSFORMATION DESCRIPTION ="Performs aggregate functions." NAME ="AGG_INVENTORY_AND_WIP" OBJECTVERSION ="1" REUSABLE ="NO" TYPE ="Aggregator" VERSIONNUMBER ="1">
            <TRANSFORMFIELD DATATYPE ="decimal" DEFAULTVALUE ="" DESCRIPTION ="In-Transit units" NAME ="BUNITS" PICTURETEXT ="" PORTTYPE ="INPUT" PRECISION ="9" SCALE ="0"/>
            <TRANSFORMFIELD DATATYPE ="string" DEFAULTVALUE ="" DESCRIPTION ="" EXPRESSION ="O_LEGACY_SOURCE" EXPRESSIONTYPE ="GROUPBY" NAME ="O_LEGACY_SOURCE" PICTURETEXT ="" PORTTYPE ="INPUT/OUTPUT" PRECISION ="10" SCALE ="0"/>
            <TRANSFORMFIELD DATATYPE ="string" DEFAULTVALUE ="" DESCRIPTION ="" EXPRESSION ="O_ITEM_CODE" EXPRESSIONTYPE ="GROUPBY" NAME ="O_ITEM_CODE" PICTURETEXT ="" PORTTYPE ="INPUT/OUTPUT" PRECISION ="40" SCALE ="0"/>
            <TRANSFORMFIELD DATATYPE ="decimal" DEFAULTVALUE ="" DESCRIPTION ="" EXPRESSION ="O_INV_WIP_SEQ_NO" EXPRESSIONTYPE ="GROUPBY" NAME ="O_INV_WIP_SEQ_NO" PICTURETEXT ="" PORTTYPE ="INPUT/OUTPUT" PRECISION ="11" SCALE ="0"/>
            <TRANSFORMFIELD DATATYPE ="string" DEFAULTVALUE ="" DESCRIPTION ="" EXPRESSION ="O_INV_WIP_TYPE" EXPRESSIONTYPE ="GROUPBY" NAME ="O_INV_WIP_TYPE" PICTURETEXT ="" PORTTYPE ="INPUT/OUTPUT" PRECISION ="10" SCALE ="0"/>
            <TRANSFORMFIELD DATATYPE ="decimal" DEFAULTVALUE ="ERROR(&apos;transformation error&apos;)" DESCRIPTION ="" EXPRESSION ="SUM(BUNITS)" EXPRESSIONTYPE ="GENERAL" NAME ="O_INV_WIP_QUANTITY" PICTURETEXT ="" PORTTYPE ="OUTPUT" PRECISION ="11" SCALE ="0"/>
            <TRANSFORMFIELD DATATYPE ="decimal" DEFAULTVALUE ="" DESCRIPTION ="" EXPRESSION ="O_TOTAL_NET_PRIORITY_QUANTITY" EXPRESSIONTYPE ="GENERAL" NAME ="O_TOTAL_NET_PRIORITY_QUANTITY" PICTURETEXT ="" PORTTYPE ="INPUT/OUTPUT" PRECISION ="11" SCALE ="0"/>
            <TRANSFORMFIELD DATATYPE ="date/time" DEFAULTVALUE ="" DESCRIPTION ="" EXPRESSION ="O_LOAD_DATE" EXPRESSIONTYPE ="GENERAL" NAME ="O_LOAD_DATE" PICTURETEXT ="" PORTTYPE ="INPUT/OUTPUT" PRECISION ="29" SCALE ="9"/>
            <TRANSFORMFIELD DATATYPE ="string" DEFAULTVALUE ="" DESCRIPTION ="" EXPRESSION ="O_DATA_SOURCE" EXPRESSIONTYPE ="GENERAL" NAME ="O_DATA_SOURCE" PICTURETEXT ="" PORTTYPE ="INPUT/OUTPUT" PRECISION ="60" SCALE ="0"/>
            <TABLEATTRIBUTE NAME ="Cache Directory" VALUE ="$PMCacheDir"/>
            <TABLEATTRIBUTE NAME ="Tracing Level" VALUE ="Normal"/>
            <TABLEATTRIBUTE NAME ="Sorted Input" VALUE ="NO"/>
            <TABLEATTRIBUTE NAME ="Aggregator Data Cache Size" VALUE ="Auto"/>
            <TABLEATTRIBUTE NAME ="Aggregator Index Cache Size" VALUE ="Auto"/>
            <TABLEATTRIBUTE NAME ="Transformation Scope" VALUE ="All Input"/>
        </TRANSFORMATION>
        <INSTANCE DESCRIPTION ="Target Table" NAME ="INVENTORY_AND_WIP" TRANSFORMATION_NAME ="INVENTORY_AND_WIP" TRANSFORMATION_TYPE ="Target Definition" TYPE ="TARGET"/>
        <INSTANCE DBDNAME ="HQ400U" DESCRIPTION ="Source Table&#xD;&#xA;" NAME ="OPP929" TRANSFORMATION_NAME ="OPP929" TRANSFORMATION_TYPE ="Source Definition" TYPE ="SOURCE"/>
        <INSTANCE DBDNAME ="slbadw" DESCRIPTION ="" NAME ="DPR_SKU_ITEM" TRANSFORMATION_NAME ="DPR_SKU_ITEM" TRANSFORMATION_TYPE ="Source Definition" TYPE ="SOURCE"/>
        <INSTANCE DESCRIPTION ="This performs the logic given in the conversion mapping." NAME ="EXP_INVENTORY_AND_WIP" REUSABLE ="NO" TRANSFORMATION_NAME ="EXP_INVENTORY_AND_WIP" TRANSFORMATION_TYPE ="Expression" TYPE ="TRANSFORMATION"/>
        <INSTANCE DESCRIPTION ="Reads records from source table DPR_SKU_ITEM" NAME ="SQ_DPR_SKU_ITEM" REUSABLE ="NO" TRANSFORMATION_NAME ="SQ_DPR_SKU_ITEM" TRANSFORMATION_TYPE ="Source Qualifier" TYPE ="TRANSFORMATION">
            <ASSOCIATED_SOURCE_INSTANCE NAME ="DPR_SKU_ITEM"/>
        </INSTANCE>
        <INSTANCE DESCRIPTION ="This filter is used to skip the records from opp929 if the bsendf or brecvf are exist in the table ptp001 as an excluded plant location." NAME ="FL_OPP929" REUSABLE ="NO" TRANSFORMATION_NAME ="FL_OPP929" TRANSFORMATION_TYPE ="Filter" TYPE ="TRANSFORMATION"/>
        <INSTANCE DESCRIPTION ="This expression calculates the sku from the source table:OPP929." NAME ="EXP_OPP929" REUSABLE ="NO" TRANSFORMATION_NAME ="EXP_OPP929" TRANSFORMATION_TYPE ="Expression" TYPE ="TRANSFORMATION"/>
        <INSTANCE DESCRIPTION ="This transformation is used to return the value based on the condition." NAME ="LKP_PTP001" REUSABLE ="NO" TRANSFORMATION_NAME ="LKP_PTP001" TRANSFORMATION_TYPE ="Lookup Procedure" TYPE ="TRANSFORMATION"/>
        <INSTANCE DESCRIPTION ="Filters records where sum(bunits) &gt;0." NAME ="FL_INVENTORY_AND_WIP" REUSABLE ="NO" TRANSFORMATION_NAME ="FL_INVENTORY_AND_WIP" TRANSFORMATION_TYPE ="Filter" TYPE ="TRANSFORMATION"/>
        <INSTANCE DESCRIPTION ="This transformation reads the records from the tables:UOPLIB.OPP929 based on the condition bascade&lt;&gt;&apos;A&apos; and bquacd=&apos;1&apos; and bsendf.uoplib/opp929=k0tcod.updlib/ptp001 and &#xD;&#xA;brecvf.uoplib/opp929=k0tcod.updlib/ptp001and &#xD;&#xA;bsendf.uoplib/opp929!= &apos;PE&apos; and brecvf.uoplib/opp929 != &apos;PE&apos;. " NAME ="SQ_OPP929" REUSABLE ="NO" TRANSFORMATION_NAME ="SQ_OPP929" TRANSFORMATION_TYPE ="Source Qualifier" TYPE ="TRANSFORMATION">
            <ASSOCIATED_SOURCE_INSTANCE NAME ="OPP929"/>
        </INSTANCE>
        <INSTANCE DESCRIPTION ="This transformation joins records from the OPP929 table and DPR_SKU_ITEM table based on the fileld SKU." NAME ="JNR_OPP929_DPR_SKU_ITEM" REUSABLE ="NO" TRANSFORMATION_NAME ="JNR_OPP929_DPR_SKU_ITEM" TRANSFORMATION_TYPE ="Joiner" TYPE ="TRANSFORMATION"/>
        <INSTANCE DESCRIPTION ="Performs aggregate functions." NAME ="AGG_INVENTORY_AND_WIP" REUSABLE ="NO" TRANSFORMATION_NAME ="AGG_INVENTORY_AND_WIP" TRANSFORMATION_TYPE ="Aggregator" TYPE ="TRANSFORMATION"/>
        <CONNECTOR FROMFIELD ="O_LEGACY_SOURCE" FROMINSTANCE ="FL_INVENTORY_AND_WIP" FROMINSTANCETYPE ="Filter" TOFIELD ="LEGACY_SOURCE" TOINSTANCE ="INVENTORY_AND_WIP" TOINSTANCETYPE ="Target Definition"/>
        <CONNECTOR FROMFIELD ="O_ITEM_CODE" FROMINSTANCE ="FL_INVENTORY_AND_WIP" FROMINSTANCETYPE ="Filter" TOFIELD ="ITEM_CODE" TOINSTANCE ="INVENTORY_AND_WIP" TOINSTANCETYPE ="Target Definition"/>
        <CONNECTOR FROMFIELD ="O_INV_WIP_SEQ_NO" FROMINSTANCE ="FL_INVENTORY_AND_WIP" FROMINSTANCETYPE ="Filter" TOFIELD ="INV_WIP_SEQ_NO" TOINSTANCE ="INVENTORY_AND_WIP" TOINSTANCETYPE ="Target Definition"/>
        <CONNECTOR FROMFIELD ="O_INV_WIP_TYPE" FROMINSTANCE ="FL_INVENTORY_AND_WIP" FROMINSTANCETYPE ="Filter" TOFIELD ="INV_WIP_TYPE" TOINSTANCE ="INVENTORY_AND_WIP" TOINSTANCETYPE ="Target Definition"/>
        <CONNECTOR FROMFIELD ="O_INV_WIP_QUANTITY" FROMINSTANCE ="FL_INVENTORY_AND_WIP" FROMINSTANCETYPE ="Filter" TOFIELD ="INV_WIP_QUANTITY" TOINSTANCE ="INVENTORY_AND_WIP" TOINSTANCETYPE ="Target Definition"/>
        <CONNECTOR FROMFIELD ="O_TOTAL_NET_PRIORITY_QUANTITY" FROMINSTANCE ="FL_INVENTORY_AND_WIP" FROMINSTANCETYPE ="Filter" TOFIELD ="TOTAL_NET_PRIORITY_QUANTITY" TOINSTANCE ="INVENTORY_AND_WIP" TOINSTANCETYPE ="Target Definition"/>
        <CONNECTOR FROMFIELD ="O_INV_WIP_QUANTITY" FROMINSTANCE ="FL_INVENTORY_AND_WIP" FROMINSTANCETYPE ="Filter" TOFIELD ="NET_INV_WIP_QUANTITY" TOINSTANCE ="INVENTORY_AND_WIP" TOINSTANCETYPE ="Target Definition"/>
        <CONNECTOR FROMFIELD ="O_LOAD_DATE" FROMINSTANCE ="FL_INVENTORY_AND_WIP" FROMINSTANCETYPE ="Filter" TOFIELD ="LOAD_DATE" TOINSTANCE ="INVENTORY_AND_WIP" TOINSTANCETYPE ="Target Definition"/>
        <CONNECTOR FROMFIELD ="O_DATA_SOURCE" FROMINSTANCE ="FL_INVENTORY_AND_WIP" FROMINSTANCETYPE ="Filter" TOFIELD ="DATA_SOURCE" TOINSTANCE ="INVENTORY_AND_WIP" TOINSTANCETYPE ="Target Definition"/>
        <CONNECTOR FROMFIELD ="BSZPOS" FROMINSTANCE ="OPP929" FROMINSTANCETYPE ="Source Definition" TOFIELD ="BSZPOS" TOINSTANCE ="SQ_OPP929" TOINSTANCETYPE ="Source Qualifier"/>
        <CONNECTOR FROMFIELD ="BUNITS" FROMINSTANCE ="OPP929" FROMINSTANCETYPE ="Source Definition" TOFIELD ="BUNITS" TOINSTANCE ="SQ_OPP929" TOINSTANCETYPE ="Source Qualifier"/>
        <CONNECTOR FROMFIELD ="BSLSTY" FROMINSTANCE ="OPP929" FROMINSTANCETYPE ="Source Definition" TOFIELD ="BSLSTY" TOINSTANCE ="SQ_OPP929" TOINSTANCETYPE ="Source Qualifier"/>
        <CONNECTOR FROMFIELD ="BXSIZE" FROMINSTANCE ="OPP929" FROMINSTANCETYPE ="Source Definition" TOFIELD ="BXSIZE" TOINSTANCE ="SQ_OPP929" TOINSTANCETYPE ="Source Qualifier"/>
        <CONNECTOR FROMFIELD ="BPCKCD" FROMINSTANCE ="OPP929" FROMINSTANCETYPE ="Source Definition" TOFIELD ="BPCKCD" TOINSTANCE ="SQ_OPP929" TOINSTANCETYPE ="Source Qualifier"/>
        <CONNECTOR FROMFIELD ="BSZLIN" FROMINSTANCE ="OPP929" FROMINSTANCETYPE ="Source Definition" TOFIELD ="BSZLIN" TOINSTANCE ="SQ_OPP929" TOINSTANCETYPE ="Source Qualifier"/>
        <CONNECTOR FROMFIELD ="BSENDF" FROMINSTANCE ="OPP929" FROMINSTANCETYPE ="Source Definition" TOFIELD ="BSENDF" TOINSTANCE ="SQ_OPP929" TOINSTANCETYPE ="Source Qualifier"/>
        <CONNECTOR FROMFIELD ="BRECVF" FROMINSTANCE ="OPP929" FROMINSTANCETYPE ="Source Definition" TOFIELD ="BRECVF" TOINSTANCE ="SQ_OPP929" TOINSTANCETYPE ="Source Qualifier"/>
        <CONNECTOR FROMFIELD ="SKU" FROMINSTANCE ="DPR_SKU_ITEM" FROMINSTANCETYPE ="Source Definition" TOFIELD ="SKU" TOINSTANCE ="SQ_DPR_SKU_ITEM" TOINSTANCETYPE ="Source Qualifier"/>
        <CONNECTOR FROMFIELD ="SIZE_DESC" FROMINSTANCE ="DPR_SKU_ITEM" FROMINSTANCETYPE ="Source Definition" TOFIELD ="SIZE_DESC" TOINSTANCE ="SQ_DPR_SKU_ITEM" TOINSTANCETYPE ="Source Qualifier"/>
        <CONNECTOR FROMFIELD ="GARM_PER_PKG_QTY" FROMINSTANCE ="DPR_SKU_ITEM" FROMINSTANCETYPE ="Source Definition" TOFIELD ="GARM_PER_PKG_QTY" TOINSTANCE ="SQ_DPR_SKU_ITEM" TOINSTANCETYPE ="Source Qualifier"/>
        <CONNECTOR FROMFIELD ="BUNITS" FROMINSTANCE ="EXP_INVENTORY_AND_WIP" FROMINSTANCETYPE ="Expression" TOFIELD ="BUNITS" TOINSTANCE ="FL_OPP929" TOINSTANCETYPE ="Filter"/>
        <CONNECTOR FROMFIELD ="O_LEGACY_SOURCE" FROMINSTANCE ="EXP_INVENTORY_AND_WIP" FROMINSTANCETYPE ="Expression" TOFIELD ="O_LEGACY_SOURCE" TOINSTANCE ="FL_OPP929" TOINSTANCETYPE ="Filter"/>
        <CONNECTOR FROMFIELD ="O_ITEM_CODE" FROMINSTANCE ="EXP_INVENTORY_AND_WIP" FROMINSTANCETYPE ="Expression" TOFIELD ="O_ITEM_CODE" TOINSTANCE ="FL_OPP929" TOINSTANCETYPE ="Filter"/>
        <CONNECTOR FROMFIELD ="O_INV_WIP_SEQ_NO" FROMINSTANCE ="EXP_INVENTORY_AND_WIP" FROMINSTANCETYPE ="Expression" TOFIELD ="O_INV_WIP_SEQ_NO" TOINSTANCE ="FL_OPP929" TOINSTANCETYPE ="Filter"/>
        <CONNECTOR FROMFIELD ="O_INV_WIP_TYPE" FROMINSTANCE ="EXP_INVENTORY_AND_WIP" FROMINSTANCETYPE ="Expression" TOFIELD ="O_INV_WIP_TYPE" TOINSTANCE ="FL_OPP929" TOINSTANCETYPE ="Filter"/>
        <CONNECTOR FROMFIELD ="O_TOTAL_NET_PRIORITY_QUANTITY" FROMINSTANCE ="EXP_INVENTORY_AND_WIP" FROMINSTANCETYPE ="Expression" TOFIELD ="O_TOTAL_NET_PRIORITY_QUANTITY" TOINSTANCE ="FL_OPP929" TOINSTANCETYPE ="Filter"/>
        <CONNECTOR FROMFIELD ="O_LOAD_DATE" FROMINSTANCE ="EXP_INVENTORY_AND_WIP" FROMINSTANCETYPE ="Expression" TOFIELD ="O_LOAD_DATE" TOINSTANCE ="FL_OPP929" TOINSTANCETYPE ="Filter"/>
        <CONNECTOR FROMFIELD ="O_DATA_SOURCE" FROMINSTANCE ="EXP_INVENTORY_AND_WIP" FROMINSTANCETYPE ="Expression" TOFIELD ="O_DATA_SOURCE" TOINSTANCE ="FL_OPP929" TOINSTANCETYPE ="Filter"/>
        <CONNECTOR FROMFIELD ="FLAG" FROMINSTANCE ="EXP_INVENTORY_AND_WIP" FROMINSTANCETYPE ="Expression" TOFIELD ="FLAG" TOINSTANCE ="FL_OPP929" TOINSTANCETYPE ="Filter"/>
        <CONNECTOR FROMFIELD ="BSLSTY" FROMINSTANCE ="JNR_OPP929_DPR_SKU_ITEM" FROMINSTANCETYPE ="Joiner" TOFIELD ="BSLSTY" TOINSTANCE ="EXP_INVENTORY_AND_WIP" TOINSTANCETYPE ="Expression"/>
        <CONNECTOR FROMFIELD ="BXSIZE" FROMINSTANCE ="JNR_OPP929_DPR_SKU_ITEM" FROMINSTANCETYPE ="Joiner" TOFIELD ="BXSIZE" TOINSTANCE ="EXP_INVENTORY_AND_WIP" TOINSTANCETYPE ="Expression"/>
        <CONNECTOR FROMFIELD ="BPCKCD" FROMINSTANCE ="JNR_OPP929_DPR_SKU_ITEM" FROMINSTANCETYPE ="Joiner" TOFIELD ="BPCKCD" TOINSTANCE ="EXP_INVENTORY_AND_WIP" TOINSTANCETYPE ="Expression"/>
        <CONNECTOR FROMFIELD ="BSZLIN" FROMINSTANCE ="JNR_OPP929_DPR_SKU_ITEM" FROMINSTANCETYPE ="Joiner" TOFIELD ="BSZLIN" TOINSTANCE ="EXP_INVENTORY_AND_WIP" TOINSTANCETYPE ="Expression"/>
        <CONNECTOR FROMFIELD ="BSZPOS" FROMINSTANCE ="JNR_OPP929_DPR_SKU_ITEM" FROMINSTANCETYPE ="Joiner" TOFIELD ="BSZPOS" TOINSTANCE ="EXP_INVENTORY_AND_WIP" TOINSTANCETYPE ="Expression"/>
        <CONNECTOR FROMFIELD ="BUNITS" FROMINSTANCE ="JNR_OPP929_DPR_SKU_ITEM" FROMINSTANCETYPE ="Joiner" TOFIELD ="BUNITS" TOINSTANCE ="EXP_INVENTORY_AND_WIP" TOINSTANCETYPE ="Expression"/>
        <CONNECTOR FROMFIELD ="SIZE_DESC" FROMINSTANCE ="JNR_OPP929_DPR_SKU_ITEM" FROMINSTANCETYPE ="Joiner" TOFIELD ="I_SIZE_DESC" TOINSTANCE ="EXP_INVENTORY_AND_WIP" TOINSTANCETYPE ="Expression"/>
        <CONNECTOR FROMFIELD ="GARM_PER_PKG_QTY" FROMINSTANCE ="JNR_OPP929_DPR_SKU_ITEM" FROMINSTANCETYPE ="Joiner" TOFIELD ="I_GARM_PER_PKG_QTY" TOINSTANCE ="EXP_INVENTORY_AND_WIP" TOINSTANCETYPE ="Expression"/>
        <CONNECTOR FROMFIELD ="BSENDF" FROMINSTANCE ="JNR_OPP929_DPR_SKU_ITEM" FROMINSTANCETYPE ="Joiner" TOFIELD ="I_BSENDF" TOINSTANCE ="EXP_INVENTORY_AND_WIP" TOINSTANCETYPE ="Expression"/>
        <CONNECTOR FROMFIELD ="BRECVF" FROMINSTANCE ="JNR_OPP929_DPR_SKU_ITEM" FROMINSTANCETYPE ="Joiner" TOFIELD ="I_BRECVF" TOINSTANCE ="EXP_INVENTORY_AND_WIP" TOINSTANCETYPE ="Expression"/>
        <CONNECTOR FROMFIELD ="SIZE_DESC" FROMINSTANCE ="SQ_DPR_SKU_ITEM" FROMINSTANCETYPE ="Source Qualifier" TOFIELD ="SIZE_DESC" TOINSTANCE ="JNR_OPP929_DPR_SKU_ITEM" TOINSTANCETYPE ="Joiner"/>
        <CONNECTOR FROMFIELD ="GARM_PER_PKG_QTY" FROMINSTANCE ="SQ_DPR_SKU_ITEM" FROMINSTANCETYPE ="Source Qualifier" TOFIELD ="GARM_PER_PKG_QTY" TOINSTANCE ="JNR_OPP929_DPR_SKU_ITEM" TOINSTANCETYPE ="Joiner"/>
        <CONNECTOR FROMFIELD ="SKU" FROMINSTANCE ="SQ_DPR_SKU_ITEM" FROMINSTANCETYPE ="Source Qualifier" TOFIELD ="SKU" TOINSTANCE ="JNR_OPP929_DPR_SKU_ITEM" TOINSTANCETYPE ="Joiner"/>
        <CONNECTOR FROMFIELD ="BUNITS" FROMINSTANCE ="FL_OPP929" FROMINSTANCETYPE ="Filter" TOFIELD ="BUNITS" TOINSTANCE ="AGG_INVENTORY_AND_WIP" TOINSTANCETYPE ="Aggregator"/>
        <CONNECTOR FROMFIELD ="O_LEGACY_SOURCE" FROMINSTANCE ="FL_OPP929" FROMINSTANCETYPE ="Filter" TOFIELD ="O_LEGACY_SOURCE" TOINSTANCE ="AGG_INVENTORY_AND_WIP" TOINSTANCETYPE ="Aggregator"/>
        <CONNECTOR FROMFIELD ="O_ITEM_CODE" FROMINSTANCE ="FL_OPP929" FROMINSTANCETYPE ="Filter" TOFIELD ="O_ITEM_CODE" TOINSTANCE ="AGG_INVENTORY_AND_WIP" TOINSTANCETYPE ="Aggregator"/>
        <CONNECTOR FROMFIELD ="O_INV_WIP_SEQ_NO" FROMINSTANCE ="FL_OPP929" FROMINSTANCETYPE ="Filter" TOFIELD ="O_INV_WIP_SEQ_NO" TOINSTANCE ="AGG_INVENTORY_AND_WIP" TOINSTANCETYPE ="Aggregator"/>
        <CONNECTOR FROMFIELD ="O_INV_WIP_TYPE" FROMINSTANCE ="FL_OPP929" FROMINSTANCETYPE ="Filter" TOFIELD ="O_INV_WIP_TYPE" TOINSTANCE ="AGG_INVENTORY_AND_WIP" TOINSTANCETYPE ="Aggregator"/>
        <CONNECTOR FROMFIELD ="O_TOTAL_NET_PRIORITY_QUANTITY" FROMINSTANCE ="FL_OPP929" FROMINSTANCETYPE ="Filter" TOFIELD ="O_TOTAL_NET_PRIORITY_QUANTITY" TOINSTANCE ="AGG_INVENTORY_AND_WIP" TOINSTANCETYPE ="Aggregator"/>
        <CONNECTOR FROMFIELD ="O_LOAD_DATE" FROMINSTANCE ="FL_OPP929" FROMINSTANCETYPE ="Filter" TOFIELD ="O_LOAD_DATE" TOINSTANCE ="AGG_INVENTORY_AND_WIP" TOINSTANCETYPE ="Aggregator"/>
        <CONNECTOR FROMFIELD ="O_DATA_SOURCE" FROMINSTANCE ="FL_OPP929" FROMINSTANCETYPE ="Filter" TOFIELD ="O_DATA_SOURCE" TOINSTANCE ="AGG_INVENTORY_AND_WIP" TOINSTANCETYPE ="Aggregator"/>
        <CONNECTOR FROMFIELD ="BSLSTY" FROMINSTANCE ="EXP_OPP929" FROMINSTANCETYPE ="Expression" TOFIELD ="BSLSTY" TOINSTANCE ="JNR_OPP929_DPR_SKU_ITEM" TOINSTANCETYPE ="Joiner"/>
        <CONNECTOR FROMFIELD ="BXSIZE" FROMINSTANCE ="EXP_OPP929" FROMINSTANCETYPE ="Expression" TOFIELD ="BXSIZE" TOINSTANCE ="JNR_OPP929_DPR_SKU_ITEM" TOINSTANCETYPE ="Joiner"/>
        <CONNECTOR FROMFIELD ="BPCKCD" FROMINSTANCE ="EXP_OPP929" FROMINSTANCETYPE ="Expression" TOFIELD ="BPCKCD" TOINSTANCE ="JNR_OPP929_DPR_SKU_ITEM" TOINSTANCETYPE ="Joiner"/>
        <CONNECTOR FROMFIELD ="BSZLIN" FROMINSTANCE ="EXP_OPP929" FROMINSTANCETYPE ="Expression" TOFIELD ="BSZLIN" TOINSTANCE ="JNR_OPP929_DPR_SKU_ITEM" TOINSTANCETYPE ="Joiner"/>
        <CONNECTOR FROMFIELD ="BSZPOS" FROMINSTANCE ="EXP_OPP929" FROMINSTANCETYPE ="Expression" TOFIELD ="BSZPOS" TOINSTANCE ="JNR_OPP929_DPR_SKU_ITEM" TOINSTANCETYPE ="Joiner"/>
        <CONNECTOR FROMFIELD ="SKU_OPP929" FROMINSTANCE ="EXP_OPP929" FROMINSTANCETYPE ="Expression" TOFIELD ="SKU_OPP929" TOINSTANCE ="JNR_OPP929_DPR_SKU_ITEM" TOINSTANCETYPE ="Joiner"/>
        <CONNECTOR FROMFIELD ="BUNITS" FROMINSTANCE ="EXP_OPP929" FROMINSTANCETYPE ="Expression" TOFIELD ="BUNITS" TOINSTANCE ="JNR_OPP929_DPR_SKU_ITEM" TOINSTANCETYPE ="Joiner"/>
        <CONNECTOR FROMFIELD ="BSENDF" FROMINSTANCE ="EXP_OPP929" FROMINSTANCETYPE ="Expression" TOFIELD ="BSENDF" TOINSTANCE ="JNR_OPP929_DPR_SKU_ITEM" TOINSTANCETYPE ="Joiner"/>
        <CONNECTOR FROMFIELD ="BRECVF" FROMINSTANCE ="EXP_OPP929" FROMINSTANCETYPE ="Expression" TOFIELD ="BRECVF" TOINSTANCE ="JNR_OPP929_DPR_SKU_ITEM" TOINSTANCETYPE ="Joiner"/>
        <CONNECTOR FROMFIELD ="BSLSTY" FROMINSTANCE ="SQ_OPP929" FROMINSTANCETYPE ="Source Qualifier" TOFIELD ="BSLSTY" TOINSTANCE ="EXP_OPP929" TOINSTANCETYPE ="Expression"/>
        <CONNECTOR FROMFIELD ="BXSIZE" FROMINSTANCE ="SQ_OPP929" FROMINSTANCETYPE ="Source Qualifier" TOFIELD ="BXSIZE" TOINSTANCE ="EXP_OPP929" TOINSTANCETYPE ="Expression"/>
        <CONNECTOR FROMFIELD ="BPCKCD" FROMINSTANCE ="SQ_OPP929" FROMINSTANCETYPE ="Source Qualifier" TOFIELD ="BPCKCD" TOINSTANCE ="EXP_OPP929" TOINSTANCETYPE ="Expression"/>
        <CONNECTOR FROMFIELD ="BSZLIN" FROMINSTANCE ="SQ_OPP929" FROMINSTANCETYPE ="Source Qualifier" TOFIELD ="BSZLIN" TOINSTANCE ="EXP_OPP929" TOINSTANCETYPE ="Expression"/>
        <CONNECTOR FROMFIELD ="BSZPOS" FROMINSTANCE ="SQ_OPP929" FROMINSTANCETYPE ="Source Qualifier" TOFIELD ="BSZPOS" TOINSTANCE ="EXP_OPP929" TOINSTANCETYPE ="Expression"/>
        <CONNECTOR FROMFIELD ="BUNITS" FROMINSTANCE ="SQ_OPP929" FROMINSTANCETYPE ="Source Qualifier" TOFIELD ="BUNITS" TOINSTANCE ="EXP_OPP929" TOINSTANCETYPE ="Expression"/>
        <CONNECTOR FROMFIELD ="BSENDF" FROMINSTANCE ="SQ_OPP929" FROMINSTANCETYPE ="Source Qualifier" TOFIELD ="BSENDF" TOINSTANCE ="EXP_OPP929" TOINSTANCETYPE ="Expression"/>
        <CONNECTOR FROMFIELD ="BRECVF" FROMINSTANCE ="SQ_OPP929" FROMINSTANCETYPE ="Source Qualifier" TOFIELD ="BRECVF" TOINSTANCE ="EXP_OPP929" TOINSTANCETYPE ="Expression"/>
        <CONNECTOR FROMFIELD ="O_LEGACY_SOURCE" FROMINSTANCE ="AGG_INVENTORY_AND_WIP" FROMINSTANCETYPE ="Aggregator" TOFIELD ="O_LEGACY_SOURCE" TOINSTANCE ="FL_INVENTORY_AND_WIP" TOINSTANCETYPE ="Filter"/>
        <CONNECTOR FROMFIELD ="O_ITEM_CODE" FROMINSTANCE ="AGG_INVENTORY_AND_WIP" FROMINSTANCETYPE ="Aggregator" TOFIELD ="O_ITEM_CODE" TOINSTANCE ="FL_INVENTORY_AND_WIP" TOINSTANCETYPE ="Filter"/>
        <CONNECTOR FROMFIELD ="O_INV_WIP_SEQ_NO" FROMINSTANCE ="AGG_INVENTORY_AND_WIP" FROMINSTANCETYPE ="Aggregator" TOFIELD ="O_INV_WIP_SEQ_NO" TOINSTANCE ="FL_INVENTORY_AND_WIP" TOINSTANCETYPE ="Filter"/>
        <CONNECTOR FROMFIELD ="O_INV_WIP_TYPE" FROMINSTANCE ="AGG_INVENTORY_AND_WIP" FROMINSTANCETYPE ="Aggregator" TOFIELD ="O_INV_WIP_TYPE" TOINSTANCE ="FL_INVENTORY_AND_WIP" TOINSTANCETYPE ="Filter"/>
        <CONNECTOR FROMFIELD ="O_INV_WIP_QUANTITY" FROMINSTANCE ="AGG_INVENTORY_AND_WIP" FROMINSTANCETYPE ="Aggregator" TOFIELD ="O_INV_WIP_QUANTITY" TOINSTANCE ="FL_INVENTORY_AND_WIP" TOINSTANCETYPE ="Filter"/>
        <CONNECTOR FROMFIELD ="O_TOTAL_NET_PRIORITY_QUANTITY" FROMINSTANCE ="AGG_INVENTORY_AND_WIP" FROMINSTANCETYPE ="Aggregator" TOFIELD ="O_TOTAL_NET_PRIORITY_QUANTITY" TOINSTANCE ="FL_INVENTORY_AND_WIP" TOINSTANCETYPE ="Filter"/>
        <CONNECTOR FROMFIELD ="O_LOAD_DATE" FROMINSTANCE ="AGG_INVENTORY_AND_WIP" FROMINSTANCETYPE ="Aggregator" TOFIELD ="O_LOAD_DATE" TOINSTANCE ="FL_INVENTORY_AND_WIP" TOINSTANCETYPE ="Filter"/>
        <CONNECTOR FROMFIELD ="O_DATA_SOURCE" FROMINSTANCE ="AGG_INVENTORY_AND_WIP" FROMINSTANCETYPE ="Aggregator" TOFIELD ="O_DATA_SOURCE" TOINSTANCE ="FL_INVENTORY_AND_WIP" TOINSTANCETYPE ="Filter"/>
        <TARGETLOADORDER ORDER ="1" TARGETINSTANCE ="INVENTORY_AND_WIP"/>
        <ERPINFO/>
        <METADATAEXTENSION DATATYPE ="STRING" DESCRIPTION ="Conversion Mapping Name with version " DOMAINNAME ="User Defined Metadata Domain" ISCLIENTEDITABLE ="YES" ISCLIENTVISIBLE ="YES" ISREUSABLE ="NO" ISSHAREREAD ="NO" ISSHAREWRITE ="NO" MAXLENGTH ="256" NAME ="CONV_MAP_NAME" VALUE ="" VENDORNAME ="INFORMATICA"/>
    </MAPPING>
    <CONFIG DESCRIPTION ="Default session configuration object" ISDEFAULT ="YES" NAME ="default_session_config" VERSIONNUMBER ="1">
        <ATTRIBUTE NAME ="Advanced" VALUE =""/>
        <ATTRIBUTE NAME ="Constraint based load ordering" VALUE ="NO"/>
        <ATTRIBUTE NAME ="Cache LOOKUP() function" VALUE ="YES"/>
        <ATTRIBUTE NAME ="Default buffer block size" VALUE ="Auto"/>
        <ATTRIBUTE NAME ="Line Sequential buffer length" VALUE ="1024"/>
        <ATTRIBUTE NAME ="Maximum Memory Allowed For Auto Memory Attributes" VALUE ="512MB"/>
        <ATTRIBUTE NAME ="Maximum Percentage of Total Memory Allowed For Auto Memory Attributes" VALUE ="5"/>
        <ATTRIBUTE NAME ="Additional Concurrent Pipelines for Lookup Cache Creation" VALUE ="Auto"/>
        <ATTRIBUTE NAME ="Custom Properties" VALUE =""/>
        <ATTRIBUTE NAME ="Pre-build lookup cache" VALUE ="Auto"/>
        <ATTRIBUTE NAME ="Optimization Level" VALUE ="Medium"/>
        <ATTRIBUTE NAME ="DateTime Format String" VALUE ="MM/DD/YYYY HH24:MI:SS.US"/>
        <ATTRIBUTE NAME ="Pre 85 Timestamp Compatibility" VALUE ="NO"/>
        <ATTRIBUTE NAME ="Log Options" VALUE ="0"/>
        <ATTRIBUTE NAME ="Save session log by" VALUE ="Session runs"/>
        <ATTRIBUTE NAME ="Save session log for these runs" VALUE ="9"/>
        <ATTRIBUTE NAME ="Session Log File Max Size" VALUE ="0"/>
        <ATTRIBUTE NAME ="Session Log File Max Time Period" VALUE ="0"/>
        <ATTRIBUTE NAME ="Maximum Partial Session Log Files" VALUE ="1"/>
        <ATTRIBUTE NAME ="Writer Commit Statistics Log Frequency" VALUE ="1"/>
        <ATTRIBUTE NAME ="Writer Commit Statistics Log Interval" VALUE ="0"/>
        <ATTRIBUTE NAME ="Error handling" VALUE =""/>
        <ATTRIBUTE NAME ="Stop on errors" VALUE ="1"/>
        <ATTRIBUTE NAME ="Override tracing" VALUE ="None"/>
        <ATTRIBUTE NAME ="On Stored Procedure error" VALUE ="Stop"/>
        <ATTRIBUTE NAME ="On Pre-session command task error" VALUE ="Stop"/>
        <ATTRIBUTE NAME ="On Pre-Post SQL error" VALUE ="Stop"/>
        <ATTRIBUTE NAME ="Enable Recovery" VALUE ="NO"/>
        <ATTRIBUTE NAME ="Error Log Type" VALUE ="None"/>
        <ATTRIBUTE NAME ="Error Log Table Name Prefix" VALUE =""/>
        <ATTRIBUTE NAME ="Error Log File Name" VALUE ="PMError.log"/>
        <ATTRIBUTE NAME ="Log Source Row Data" VALUE ="NO"/>
        <ATTRIBUTE NAME ="Data Column Delimiter" VALUE ="|"/>
        <ATTRIBUTE NAME ="Partitioning Options" VALUE =""/>
        <ATTRIBUTE NAME ="Dynamic Partitioning" VALUE ="Disabled"/>
        <ATTRIBUTE NAME ="Number of Partitions" VALUE ="1"/>
        <ATTRIBUTE NAME ="Multiplication Factor" VALUE ="Auto"/>
        <ATTRIBUTE NAME ="Session on Grid" VALUE =""/>
        <ATTRIBUTE NAME ="Is Enabled" VALUE ="NO"/>
    </CONFIG>
    <SESSION DESCRIPTION ="Loads data into the tabel:INVENTORY_AND_WIP" ISVALID ="YES" MAPPINGNAME ="m_UW_FG_IN_TRANSIT" NAME ="s_m_UW_FG_IN_TRANSIT" REUSABLE ="YES" SORTORDER ="Binary" VERSIONNUMBER ="1">
        <SESSTRANSFORMATIONINST ISREPARTITIONPOINT ="YES" PARTITIONTYPE ="PASS THROUGH" PIPELINE ="1" SINSTANCENAME ="INVENTORY_AND_WIP" STAGE ="1" TRANSFORMATIONNAME ="INVENTORY_AND_WIP" TRANSFORMATIONTYPE ="Target Definition"/>
        <SESSTRANSFORMATIONINST ISREPARTITIONPOINT ="NO" PIPELINE ="0" SINSTANCENAME ="OPP929" STAGE ="0" TRANSFORMATIONNAME ="OPP929" TRANSFORMATIONTYPE ="Source Definition"/>
        <SESSTRANSFORMATIONINST ISREPARTITIONPOINT ="YES" PARTITIONTYPE ="PASS THROUGH" PIPELINE ="1" SINSTANCENAME ="SQ_OPP929" STAGE ="2" TRANSFORMATIONNAME ="SQ_OPP929" TRANSFORMATIONTYPE ="Source Qualifier"/>
        <SESSTRANSFORMATIONINST ISREPARTITIONPOINT ="NO" PIPELINE ="1" SINSTANCENAME ="EXP_OPP929" STAGE ="2" TRANSFORMATIONNAME ="EXP_OPP929" TRANSFORMATIONTYPE ="Expression">
            <PARTITION DESCRIPTION ="" NAME ="Partition #1"/>
        </SESSTRANSFORMATIONINST>
        <SESSTRANSFORMATIONINST ISREPARTITIONPOINT ="NO" PIPELINE ="1" SINSTANCENAME ="JNR_OPP929_DPR_SKU_ITEM" STAGE ="2" TRANSFORMATIONNAME ="JNR_OPP929_DPR_SKU_ITEM" TRANSFORMATIONTYPE ="Joiner">
            <PARTITION DESCRIPTION ="" NAME ="Partition #1"/>
        </SESSTRANSFORMATIONINST>
        <SESSTRANSFORMATIONINST ISREPARTITIONPOINT ="NO" PIPELINE ="1" SINSTANCENAME ="EXP_INVENTORY_AND_WIP" STAGE ="2" TRANSFORMATIONNAME ="EXP_INVENTORY_AND_WIP" TRANSFORMATIONTYPE ="Expression">
            <PARTITION DESCRIPTION ="" NAME ="Partition #1"/>
        </SESSTRANSFORMATIONINST>
        <SESSTRANSFORMATIONINST ISREPARTITIONPOINT ="YES" PARTITIONTYPE ="HASH AUTO KEYS" PIPELINE ="1" SINSTANCENAME ="AGG_INVENTORY_AND_WIP" STAGE ="3" TRANSFORMATIONNAME ="AGG_INVENTORY_AND_WIP" TRANSFORMATIONTYPE ="Aggregator">
            <PARTITION DESCRIPTION ="" NAME ="Partition #1"/>
        </SESSTRANSFORMATIONINST>
        <SESSTRANSFORMATIONINST ISREPARTITIONPOINT ="NO" PIPELINE ="1" SINSTANCENAME ="FL_INVENTORY_AND_WIP" STAGE ="3" TRANSFORMATIONNAME ="FL_INVENTORY_AND_WIP" TRANSFORMATIONTYPE ="Filter">
            <PARTITION DESCRIPTION ="" NAME ="Partition #1"/>
        </SESSTRANSFORMATIONINST>
        <SESSTRANSFORMATIONINST ISREPARTITIONPOINT ="NO" PIPELINE ="0" SINSTANCENAME ="DPR_SKU_ITEM" STAGE ="0" TRANSFORMATIONNAME ="DPR_SKU_ITEM" TRANSFORMATIONTYPE ="Source Definition">
            <ATTRIBUTE NAME ="Owner Name" VALUE ="dpr"/>
        </SESSTRANSFORMATIONINST>
        <SESSTRANSFORMATIONINST ISREPARTITIONPOINT ="YES" PARTITIONTYPE ="PASS THROUGH" PIPELINE ="2" SINSTANCENAME ="SQ_DPR_SKU_ITEM" STAGE ="4" TRANSFORMATIONNAME ="SQ_DPR_SKU_ITEM" TRANSFORMATIONTYPE ="Source Qualifier"/>
        <SESSTRANSFORMATIONINST ISREPARTITIONPOINT ="NO" PIPELINE ="1" SINSTANCENAME ="FL_OPP929" STAGE ="2" TRANSFORMATIONNAME ="FL_OPP929" TRANSFORMATIONTYPE ="Filter">
            <PARTITION DESCRIPTION ="" NAME ="Partition #1"/>
        </SESSTRANSFORMATIONINST>
        <SESSTRANSFORMATIONINST ISREPARTITIONPOINT ="NO" PIPELINE ="0" SINSTANCENAME ="LKP_PTP001" STAGE ="0" TRANSFORMATIONNAME ="LKP_PTP001" TRANSFORMATIONTYPE ="Lookup Procedure">
            <ATTRIBUTE NAME ="Connection Information" VALUE ="Relational:hq400U"/>
        </SESSTRANSFORMATIONINST>
        <CONFIGREFERENCE REFOBJECTNAME ="default_session_config" TYPE ="Session config">
            <ATTRIBUTE NAME ="Save session log for these runs" VALUE ="9"/>
            <ATTRIBUTE NAME ="Stop on errors" VALUE ="1"/>
        </CONFIGREFERENCE>
        <SESSIONEXTENSION NAME ="Relational Writer" SINSTANCENAME ="INVENTORY_AND_WIP" SUBTYPE ="Relational Writer" TRANSFORMATIONTYPE ="Target Definition" TYPE ="WRITER">
            <CONNECTIONREFERENCE CNXREFNAME ="DB Connection" CONNECTIONNAME ="Demand_Prioritization_Stage" CONNECTIONNUMBER ="1" CONNECTIONSUBTYPE ="Microsoft SQL Server" CONNECTIONTYPE ="Relational" VARIABLE =""/>
            <ATTRIBUTE NAME ="Target load type" VALUE ="Normal"/>
            <ATTRIBUTE NAME ="Insert" VALUE ="YES"/>
            <ATTRIBUTE NAME ="Update as Update" VALUE ="NO"/>
            <ATTRIBUTE NAME ="Update as Insert" VALUE ="NO"/>
            <ATTRIBUTE NAME ="Update else Insert" VALUE ="NO"/>
            <ATTRIBUTE NAME ="Delete" VALUE ="NO"/>
            <ATTRIBUTE NAME ="Truncate target table option" VALUE ="NO"/>
            <ATTRIBUTE NAME ="Reject file directory" VALUE ="$PMBadFileDir&#x5c;DPR_LITE&#x5c;BAD&#x5c;"/>
            <ATTRIBUTE NAME ="Reject filename" VALUE ="s_m_UW_IN_TRANS_INVENTORY_AND_WIP.bad"/>
        </SESSIONEXTENSION>
        <SESSIONEXTENSION DSQINSTNAME ="SQ_OPP929" DSQINSTTYPE ="Source Qualifier" NAME ="Relational Reader" SINSTANCENAME ="OPP929" SUBTYPE ="Relational Reader" TRANSFORMATIONTYPE ="Source Definition" TYPE ="READER"/>
        <SESSIONEXTENSION NAME ="Relational Reader" SINSTANCENAME ="SQ_OPP929" SUBTYPE ="Relational Reader" TRANSFORMATIONTYPE ="Source Qualifier" TYPE ="READER">
            <CONNECTIONREFERENCE CNXREFNAME ="DB Connection" CONNECTIONNAME ="hq400U" CONNECTIONNUMBER ="1" CONNECTIONSUBTYPE ="ODBC" CONNECTIONTYPE ="Relational" VARIABLE =""/>
        </SESSIONEXTENSION>
        <SESSIONEXTENSION DSQINSTNAME ="SQ_DPR_SKU_ITEM" DSQINSTTYPE ="Source Qualifier" NAME ="Relational Reader" SINSTANCENAME ="DPR_SKU_ITEM" SUBTYPE ="Relational Reader" TRANSFORMATIONTYPE ="Source Definition" TYPE ="READER"/>
        <SESSIONEXTENSION NAME ="Relational Reader" SINSTANCENAME ="SQ_DPR_SKU_ITEM" SUBTYPE ="Relational Reader" TRANSFORMATIONTYPE ="Source Qualifier" TYPE ="READER">
            <CONNECTIONREFERENCE CNXREFNAME ="DB Connection" CONNECTIONNAME ="SLBADW" CONNECTIONNUMBER ="1" CONNECTIONSUBTYPE ="Oracle" CONNECTIONTYPE ="Relational" VARIABLE =""/>
        </SESSIONEXTENSION>
        <SESSIONEXTENSION NAME ="Relational Lookup" SINSTANCENAME ="LKP_PTP001" SUBTYPE ="Relational Lookup" TRANSFORMATIONTYPE ="Lookup Procedure" TYPE ="LOOKUPEXTENSION">
            <CONNECTIONREFERENCE CNXREFNAME ="DB Connection" CONNECTIONNAME ="hq400U" CONNECTIONNUMBER ="1" CONNECTIONSUBTYPE ="ODBC" CONNECTIONTYPE ="Relational" VARIABLE =""/>
        </SESSIONEXTENSION>
        <ATTRIBUTE NAME ="General Options" VALUE =""/>
        <ATTRIBUTE NAME ="Write Backward Compatible Session Log File" VALUE ="YES"/>
        <ATTRIBUTE NAME ="Session Log File Name" VALUE ="s_m_UW_FG_IN_TRANSIT.log"/>
        <ATTRIBUTE NAME ="Session Log File directory" VALUE ="$PMSessionLogDir&#x5c;DPR_LITE&#x5c;LOG&#x5c;"/>
        <ATTRIBUTE NAME ="Parameter Filename" VALUE =""/>
        <ATTRIBUTE NAME ="Enable Test Load" VALUE ="NO"/>
        <ATTRIBUTE NAME ="$Source connection value" VALUE =""/>
        <ATTRIBUTE NAME ="$Target connection value" VALUE ="Relational:Demand_Prioritization_Stage"/>
        <ATTRIBUTE NAME ="Treat source rows as" VALUE ="Insert"/>
        <ATTRIBUTE NAME ="Commit Type" VALUE ="Target"/>
        <ATTRIBUTE NAME ="Commit Interval" VALUE ="2000000"/>
        <ATTRIBUTE NAME ="Commit On End Of File" VALUE ="YES"/>
        <ATTRIBUTE NAME ="Rollback Transactions on Errors" VALUE ="NO"/>
        <ATTRIBUTE NAME ="Recovery Strategy" VALUE ="Restart task"/>
        <ATTRIBUTE NAME ="Java Classpath" VALUE =""/>
        <ATTRIBUTE NAME ="Performance" VALUE =""/>
        <ATTRIBUTE NAME ="DTM buffer size" VALUE ="Auto"/>
        <ATTRIBUTE NAME ="Collect performance data" VALUE ="NO"/>
        <ATTRIBUTE NAME ="Write performance data to repository" VALUE ="NO"/>
        <ATTRIBUTE NAME ="Incremental Aggregation" VALUE ="NO"/>
        <ATTRIBUTE NAME ="Enable high precision" VALUE ="NO"/>
        <ATTRIBUTE NAME ="Session retry on deadlock" VALUE ="NO"/>
        <ATTRIBUTE NAME ="Pushdown Optimization" VALUE ="None"/>
        <ATTRIBUTE NAME ="Allow Temporary View for Pushdown" VALUE ="NO"/>
        <ATTRIBUTE NAME ="Allow Temporary Sequence for Pushdown" VALUE ="NO"/>
        <ATTRIBUTE NAME ="Allow Pushdown for User Incompatible Connections" VALUE ="NO"/>
        <METADATAEXTENSION DATATYPE ="STRING" DESCRIPTION ="Conversion Mapping  Name with version " DOMAINNAME ="User Defined Metadata Domain" ISCLIENTEDITABLE ="YES" ISCLIENTVISIBLE ="YES" ISREUSABLE ="NO" ISSHAREREAD ="NO" ISSHAREWRITE ="NO" MAXLENGTH ="256" NAME ="CONV_MAP_NAME" VALUE ="" VENDORNAME ="INFORMATICA"/>
    </SESSION>
    <WORKFLOW DESCRIPTION ="Loads data into the target table:INVENTORY_AND_WIP" ISENABLED ="YES" ISRUNNABLESERVICE ="NO" ISSERVICE ="NO" ISVALID ="YES" NAME ="wf_s_m_UW_FG_IN_TRANSIT" REUSABLE_SCHEDULER ="NO" SCHEDULERNAME ="Scheduler" SERVERNAME ="Domain10_PRD_Int_Svc" SERVER_DOMAINNAME ="Domain10_PRD" SUSPEND_ON_ERROR ="NO" TASKS_MUST_RUN_ON_SERVER ="NO" VERSIONNUMBER ="1">
        <SCHEDULER DESCRIPTION ="" NAME ="Scheduler" REUSABLE ="NO" VERSIONNUMBER ="1">
            <SCHEDULEINFO SCHEDULETYPE ="ONDEMAND"/>
        </SCHEDULER>
        <TASK DESCRIPTION ="" NAME ="Start" REUSABLE ="NO" TYPE ="Start" VERSIONNUMBER ="1"/>
        <TASKINSTANCE DESCRIPTION ="" FAIL_PARENT_IF_INSTANCE_DID_NOT_RUN ="YES" FAIL_PARENT_IF_INSTANCE_FAILS ="YES" ISENABLED ="YES" NAME ="s_m_UW_FG_IN_TRANSIT" REUSABLE ="YES" TASKNAME ="s_m_UW_FG_IN_TRANSIT" TASKTYPE ="Session" TREAT_INPUTLINK_AS_AND ="NO"/>
        <TASKINSTANCE DESCRIPTION ="" ISENABLED ="YES" NAME ="Start" REUSABLE ="NO" TASKNAME ="Start" TASKTYPE ="Start"/>
        <WORKFLOWLINK CONDITION ="" FROMTASK ="Start" TOTASK ="s_m_UW_FG_IN_TRANSIT"/>
        <WORKFLOWVARIABLE DATATYPE ="date/time" DEFAULTVALUE ="" DESCRIPTION ="The time this task started" ISNULL ="NO" ISPERSISTENT ="NO" NAME ="$s_m_UW_FG_IN_TRANSIT.StartTime" USERDEFINED ="NO"/>
        <WORKFLOWVARIABLE DATATYPE ="date/time" DEFAULTVALUE ="" DESCRIPTION ="The time this task completed" ISNULL ="NO" ISPERSISTENT ="NO" NAME ="$s_m_UW_FG_IN_TRANSIT.EndTime" USERDEFINED ="NO"/>
        <WORKFLOWVARIABLE DATATYPE ="integer" DEFAULTVALUE ="" DESCRIPTION ="Status of this task&apos;s execution" ISNULL ="NO" ISPERSISTENT ="NO" NAME ="$s_m_UW_FG_IN_TRANSIT.Status" USERDEFINED ="NO"/>
        <WORKFLOWVARIABLE DATATYPE ="integer" DEFAULTVALUE ="" DESCRIPTION ="Status of the previous task that is not disabled" ISNULL ="NO" ISPERSISTENT ="NO" NAME ="$s_m_UW_FG_IN_TRANSIT.PrevTaskStatus" USERDEFINED ="NO"/>
        <WORKFLOWVARIABLE DATATYPE ="integer" DEFAULTVALUE ="" DESCRIPTION ="Error code for this task&apos;s execution" ISNULL ="NO" ISPERSISTENT ="NO" NAME ="$s_m_UW_FG_IN_TRANSIT.ErrorCode" USERDEFINED ="NO"/>
        <WORKFLOWVARIABLE DATATYPE ="string" DEFAULTVALUE ="" DESCRIPTION ="Error message for this task&apos;s execution" ISNULL ="NO" ISPERSISTENT ="NO" NAME ="$s_m_UW_FG_IN_TRANSIT.ErrorMsg" USERDEFINED ="NO"/>
        <WORKFLOWVARIABLE DATATYPE ="integer" DEFAULTVALUE ="" DESCRIPTION ="Rows successfully read" ISNULL ="NO" ISPERSISTENT ="NO" NAME ="$s_m_UW_FG_IN_TRANSIT.SrcSuccessRows" USERDEFINED ="NO"/>
        <WORKFLOWVARIABLE DATATYPE ="integer" DEFAULTVALUE ="" DESCRIPTION ="Rows failed to read" ISNULL ="NO" ISPERSISTENT ="NO" NAME ="$s_m_UW_FG_IN_TRANSIT.SrcFailedRows" USERDEFINED ="NO"/>
        <WORKFLOWVARIABLE DATATYPE ="integer" DEFAULTVALUE ="" DESCRIPTION ="Rows successfully loaded" ISNULL ="NO" ISPERSISTENT ="NO" NAME ="$s_m_UW_FG_IN_TRANSIT.TgtSuccessRows" USERDEFINED ="NO"/>
        <WORKFLOWVARIABLE DATATYPE ="integer" DEFAULTVALUE ="" DESCRIPTION ="Rows failed to load" ISNULL ="NO" ISPERSISTENT ="NO" NAME ="$s_m_UW_FG_IN_TRANSIT.TgtFailedRows" USERDEFINED ="NO"/>
        <WORKFLOWVARIABLE DATATYPE ="integer" DEFAULTVALUE ="" DESCRIPTION ="Total number of transformation errors" ISNULL ="NO" ISPERSISTENT ="NO" NAME ="$s_m_UW_FG_IN_TRANSIT.TotalTransErrors" USERDEFINED ="NO"/>
        <WORKFLOWVARIABLE DATATYPE ="integer" DEFAULTVALUE ="" DESCRIPTION ="First error code" ISNULL ="NO" ISPERSISTENT ="NO" NAME ="$s_m_UW_FG_IN_TRANSIT.FirstErrorCode" USERDEFINED ="NO"/>
        <WORKFLOWVARIABLE DATATYPE ="string" DEFAULTVALUE ="" DESCRIPTION ="First error message" ISNULL ="NO" ISPERSISTENT ="NO" NAME ="$s_m_UW_FG_IN_TRANSIT.FirstErrorMsg" USERDEFINED ="NO"/>
        <WORKFLOWVARIABLE DATATYPE ="date/time" DEFAULTVALUE ="" DESCRIPTION ="The time this task started" ISNULL ="NO" ISPERSISTENT ="NO" NAME ="$Start.StartTime" USERDEFINED ="NO"/>
        <WORKFLOWVARIABLE DATATYPE ="date/time" DEFAULTVALUE ="" DESCRIPTION ="The time this task completed" ISNULL ="NO" ISPERSISTENT ="NO" NAME ="$Start.EndTime" USERDEFINED ="NO"/>
        <WORKFLOWVARIABLE DATATYPE ="integer" DEFAULTVALUE ="" DESCRIPTION ="Status of this task&apos;s execution" ISNULL ="NO" ISPERSISTENT ="NO" NAME ="$Start.Status" USERDEFINED ="NO"/>
        <WORKFLOWVARIABLE DATATYPE ="integer" DEFAULTVALUE ="" DESCRIPTION ="Status of the previous task that is not disabled" ISNULL ="NO" ISPERSISTENT ="NO" NAME ="$Start.PrevTaskStatus" USERDEFINED ="NO"/>
        <WORKFLOWVARIABLE DATATYPE ="integer" DEFAULTVALUE ="" DESCRIPTION ="Error code for this task&apos;s execution" ISNULL ="NO" ISPERSISTENT ="NO" NAME ="$Start.ErrorCode" USERDEFINED ="NO"/>
        <WORKFLOWVARIABLE DATATYPE ="string" DEFAULTVALUE ="" DESCRIPTION ="Error message for this task&apos;s execution" ISNULL ="NO" ISPERSISTENT ="NO" NAME ="$Start.ErrorMsg" USERDEFINED ="NO"/>
        <ATTRIBUTE NAME ="Parameter Filename" VALUE =""/>
        <ATTRIBUTE NAME ="Write Backward Compatible Workflow Log File" VALUE ="YES"/>
        <ATTRIBUTE NAME ="Workflow Log File Name" VALUE ="wf_s_m_UW_FG_IN_TRANSIT.log"/>
        <ATTRIBUTE NAME ="Workflow Log File Directory" VALUE ="$PMWorkflowLogDir&#x5c;DPR_LITE&#x5c;LOG&#x5c;"/>
        <ATTRIBUTE NAME ="Save Workflow log by" VALUE ="By runs"/>
        <ATTRIBUTE NAME ="Save workflow log for these runs" VALUE ="9"/>
        <ATTRIBUTE NAME ="Service Name" VALUE =""/>
        <ATTRIBUTE NAME ="Service Timeout" VALUE ="0"/>
        <ATTRIBUTE NAME ="Is Service Visible" VALUE ="NO"/>
        <ATTRIBUTE NAME ="Is Service Protected" VALUE ="NO"/>
        <ATTRIBUTE NAME ="Fail task after wait time" VALUE ="0"/>
        <ATTRIBUTE NAME ="Enable HA recovery" VALUE ="NO"/>
        <ATTRIBUTE NAME ="Automatically recover terminated tasks" VALUE ="NO"/>
        <ATTRIBUTE NAME ="Service Level Name" VALUE ="Default"/>
        <ATTRIBUTE NAME ="Allow concurrent run with unique run instance name" VALUE ="NO"/>
        <ATTRIBUTE NAME ="Allow concurrent run with same run instance name" VALUE ="NO"/>
        <ATTRIBUTE NAME ="Maximum number of concurrent runs" VALUE ="0"/>
        <ATTRIBUTE NAME ="Assigned Web Services Hubs" VALUE =""/>
        <ATTRIBUTE NAME ="Maximum number of concurrent runs per Hub" VALUE ="1000"/>
        <ATTRIBUTE NAME ="Expected Service Time" VALUE ="1"/>
        <METADATAEXTENSION DATATYPE ="STRING" DESCRIPTION ="Conversion Mapping Name with version " DOMAINNAME ="User Defined Metadata Domain" ISCLIENTEDITABLE ="YES" ISCLIENTVISIBLE ="YES" ISREUSABLE ="NO" ISSHAREREAD ="NO" ISSHAREWRITE ="NO" MAXLENGTH ="256" NAME ="CONV_MAP_NAME" VALUE ="" VENDORNAME ="INFORMATICA"/>
        <METADATAEXTENSION DATATYPE ="STRING" DESCRIPTION ="" DOMAINNAME ="User Defined Metadata Domain" ISCLIENTEDITABLE ="YES" ISCLIENTVISIBLE ="YES" ISREUSABLE ="NO" ISSHAREREAD ="NO" ISSHAREWRITE ="NO" MAXLENGTH ="256" NAME ="Extension" VALUE ="CM - MarginLoss - stgMarginLossExpenseToStgFactSalesNew v1.0" VENDORNAME ="INFORMATICA"/>
    </WORKFLOW>
</FOLDER>
</REPOSITORY>
</POWERMART>