<?xml version="1.0" encoding="Windows-1252"?>
<!DOCTYPE POWERMART SYSTEM "powrmart.dtd">
<POWERMART CREATION_DATE="05/20/2024 08:52:16" REPOSITORY_VERSION="187.96">
<REPOSITORY NAME="Domain10_Rep_Svc_Prd" VERSION="187" CODEPAGE="MS1252" DATABASETYPE="Microsoft SQL Server">
<FOLDER NAME="DPR_LITE" GROUP="" OWNER="Administrator" SHARED="NOTSHARED" DESCRIPTION="" PERMISSIONS="rwx---r--" UUID="4b44b41c-7d44-4fc1-bc99-a181286d85c7">
    <SOURCE BUSINESSNAME ="" DATABASETYPE ="Oracle" DBDNAME ="tprod1" DESCRIPTION ="" NAME ="INVENTORY_DAILY_ASSRT_SUM_VIEW" OBJECTVERSION ="1" OWNERNAME ="OPRSQL" VERSIONNUMBER ="1">
        <SOURCEFIELD BUSINESSNAME ="" DATATYPE ="varchar2" DESCRIPTION ="" FIELDNUMBER ="1" FIELDPROPERTY ="0" FIELDTYPE ="ELEMITEM" HIDDEN ="NO" KEYTYPE ="NOT A KEY" LENGTH ="0" LEVEL ="0" NAME ="STYLE" NULLABLE ="NULL" OCCURS ="0" OFFSET ="0" PHYSICALLENGTH ="6" PHYSICALOFFSET ="0" PICTURETEXT ="" PRECISION ="6" SCALE ="0" USAGE_FLAGS =""/>
        <SOURCEFIELD BUSINESSNAME ="" DATATYPE ="varchar2" DESCRIPTION ="" FIELDNUMBER ="2" FIELDPROPERTY ="0" FIELDTYPE ="ELEMITEM" HIDDEN ="NO" KEYTYPE ="NOT A KEY" LENGTH ="0" LEVEL ="0" NAME ="COLOR" NULLABLE ="NULL" OCCURS ="0" OFFSET ="0" PHYSICALLENGTH ="4" PHYSICALOFFSET ="6" PICTURETEXT ="" PRECISION ="4" SCALE ="0" USAGE_FLAGS =""/>
        <SOURCEFIELD BUSINESSNAME ="" DATATYPE ="varchar2" DESCRIPTION ="" FIELDNUMBER ="3" FIELDPROPERTY ="0" FIELDTYPE ="ELEMITEM" HIDDEN ="NO" KEYTYPE ="NOT A KEY" LENGTH ="0" LEVEL ="0" NAME ="ATTRIBUTE_CD" NULLABLE ="NULL" OCCURS ="0" OFFSET ="0" PHYSICALLENGTH ="6" PHYSICALOFFSET ="10" PICTURETEXT ="" PRECISION ="6" SCALE ="0" USAGE_FLAGS =""/>
        <SOURCEFIELD BUSINESSNAME ="" DATATYPE ="varchar2" DESCRIPTION ="" FIELDNUMBER ="4" FIELDPROPERTY ="0" FIELDTYPE ="ELEMITEM" HIDDEN ="NO" KEYTYPE ="NOT A KEY" LENGTH ="0" LEVEL ="0" NAME ="SIZE_CD" NULLABLE ="NULL" OCCURS ="0" OFFSET ="0" PHYSICALLENGTH ="2" PHYSICALOFFSET ="16" PICTURETEXT ="" PRECISION ="2" SCALE ="0" USAGE_FLAGS =""/>
        <SOURCEFIELD BUSINESSNAME ="" DATATYPE ="varchar2" DESCRIPTION ="" FIELDNUMBER ="5" FIELDPROPERTY ="0" FIELDTYPE ="ELEMITEM" HIDDEN ="NO" KEYTYPE ="NOT A KEY" LENGTH ="0" LEVEL ="0" NAME ="PLANT_NO" NULLABLE ="NULL" OCCURS ="0" OFFSET ="0" PHYSICALLENGTH ="3" PHYSICALOFFSET ="18" PICTURETEXT ="" PRECISION ="3" SCALE ="0" USAGE_FLAGS =""/>
        <SOURCEFIELD BUSINESSNAME ="" DATATYPE ="number(p,s)" DESCRIPTION ="" FIELDNUMBER ="6" FIELDPROPERTY ="0" FIELDTYPE ="ELEMITEM" HIDDEN ="NO" KEYTYPE ="NOT A KEY" LENGTH ="13" LEVEL ="0" NAME ="TOTAL_AVAIL_QTY" NULLABLE ="NULL" OCCURS ="0" OFFSET ="0" PHYSICALLENGTH ="11" PHYSICALOFFSET ="21" PICTURETEXT ="" PRECISION ="11" SCALE ="0" USAGE_FLAGS =""/>
        <SOURCEFIELD BUSINESSNAME ="" DATATYPE ="number(p,s)" DESCRIPTION ="" FIELDNUMBER ="7" FIELDPROPERTY ="0" FIELDTYPE ="ELEMITEM" HIDDEN ="NO" KEYTYPE ="NOT A KEY" LENGTH ="13" LEVEL ="0" NAME ="ON_HAND_QTY" NULLABLE ="NULL" OCCURS ="0" OFFSET ="13" PHYSICALLENGTH ="11" PHYSICALOFFSET ="32" PICTURETEXT ="" PRECISION ="11" SCALE ="0" USAGE_FLAGS =""/>
        <SOURCEFIELD BUSINESSNAME ="" DATATYPE ="number(p,s)" DESCRIPTION ="" FIELDNUMBER ="8" FIELDPROPERTY ="0" FIELDTYPE ="ELEMITEM" HIDDEN ="NO" KEYTYPE ="NOT A KEY" LENGTH ="13" LEVEL ="0" NAME ="ON_HOLD_QTY" NULLABLE ="NULL" OCCURS ="0" OFFSET ="26" PHYSICALLENGTH ="11" PHYSICALOFFSET ="43" PICTURETEXT ="" PRECISION ="11" SCALE ="0" USAGE_FLAGS =""/>
        <SOURCEFIELD BUSINESSNAME ="" DATATYPE ="number(p,s)" DESCRIPTION ="" FIELDNUMBER ="9" FIELDPROPERTY ="0" FIELDTYPE ="ELEMITEM" HIDDEN ="NO" KEYTYPE ="NOT A KEY" LENGTH ="13" LEVEL ="0" NAME ="MFG_ALLOC_QTY" NULLABLE ="NULL" OCCURS ="0" OFFSET ="39" PHYSICALLENGTH ="11" PHYSICALOFFSET ="54" PICTURETEXT ="" PRECISION ="11" SCALE ="0" USAGE_FLAGS =""/>
        <SOURCEFIELD BUSINESSNAME ="" DATATYPE ="number(p,s)" DESCRIPTION ="" FIELDNUMBER ="10" FIELDPROPERTY ="0" FIELDTYPE ="ELEMITEM" HIDDEN ="NO" KEYTYPE ="NOT A KEY" LENGTH ="13" LEVEL ="0" NAME ="WIP_QTY" NULLABLE ="NULL" OCCURS ="0" OFFSET ="52" PHYSICALLENGTH ="11" PHYSICALOFFSET ="65" PICTURETEXT ="" PRECISION ="11" SCALE ="0" USAGE_FLAGS =""/>
    </SOURCE>
    <TARGET BUSINESSNAME ="" CONSTRAINT ="" DATABASETYPE ="Microsoft SQL Server" DESCRIPTION ="" NAME ="INVENTORY_AND_WIP" OBJECTVERSION ="1" TABLEOPTIONS ="" VERSIONNUMBER ="1">
        <TARGETFIELD BUSINESSNAME ="" DATATYPE ="varchar" DESCRIPTION ="" FIELDNUMBER ="1" KEYTYPE ="PRIMARY KEY" NAME ="LEGACY_SOURCE" NULLABLE ="NOTNULL" PICTURETEXT ="" PRECISION ="10" SCALE ="0"/>
        <TARGETFIELD BUSINESSNAME ="" DATATYPE ="varchar" DESCRIPTION ="" FIELDNUMBER ="2" KEYTYPE ="PRIMARY KEY" NAME ="ITEM_CODE" NULLABLE ="NOTNULL" PICTURETEXT ="" PRECISION ="40" SCALE ="0"/>
        <TARGETFIELD BUSINESSNAME ="" DATATYPE ="numeric" DESCRIPTION ="" FIELDNUMBER ="3" KEYTYPE ="PRIMARY KEY" NAME ="INV_WIP_SEQ_NO" NULLABLE ="NOTNULL" PICTURETEXT ="" PRECISION ="8" SCALE ="0"/>
        <TARGETFIELD BUSINESSNAME ="" DATATYPE ="varchar" DESCRIPTION ="" FIELDNUMBER ="4" KEYTYPE ="PRIMARY KEY" NAME ="INV_WIP_TYPE" NULLABLE ="NOTNULL" PICTURETEXT ="" PRECISION ="10" SCALE ="0"/>
        <TARGETFIELD BUSINESSNAME ="" DATATYPE ="numeric" DESCRIPTION ="" FIELDNUMBER ="5" KEYTYPE ="NOT A KEY" NAME ="INV_WIP_QUANTITY" NULLABLE ="NOTNULL" PICTURETEXT ="" PRECISION ="11" SCALE ="0"/>
        <TARGETFIELD BUSINESSNAME ="" DATATYPE ="numeric" DESCRIPTION ="" FIELDNUMBER ="6" KEYTYPE ="NOT A KEY" NAME ="TOTAL_NET_PRIORITY_QUANTITY" NULLABLE ="NOTNULL" PICTURETEXT ="" PRECISION ="11" SCALE ="0"/>
        <TARGETFIELD BUSINESSNAME ="" DATATYPE ="numeric" DESCRIPTION ="" FIELDNUMBER ="7" KEYTYPE ="NOT A KEY" NAME ="NET_INV_WIP_QUANTITY" NULLABLE ="NOTNULL" PICTURETEXT ="" PRECISION ="11" SCALE ="0"/>
        <TARGETFIELD BUSINESSNAME ="" DATATYPE ="datetime" DESCRIPTION ="" FIELDNUMBER ="8" KEYTYPE ="NOT A KEY" NAME ="LOAD_DATE" NULLABLE ="NOTNULL" PICTURETEXT ="" PRECISION ="23" SCALE ="3"/>
        <TARGETFIELD BUSINESSNAME ="" DATATYPE ="varchar" DESCRIPTION ="" FIELDNUMBER ="9" KEYTYPE ="NOT A KEY" NAME ="DATA_SOURCE" NULLABLE ="NOTNULL" PICTURETEXT ="" PRECISION ="60" SCALE ="0"/>
    </TARGET>
    <MAPPING DESCRIPTION ="Mapping to load quantity and net quantity data into inventory_and_wip" ISVALID ="YES" NAME ="m_INV_WIP_QTY_LOAD" OBJECTVERSION ="1" VERSIONNUMBER ="1">
        <TRANSFORMATION DESCRIPTION ="Looks up on OPTBL table." NAME ="LKP_OPTBL" OBJECTVERSION ="1" REUSABLE ="NO" TYPE ="Lookup Procedure" VERSIONNUMBER ="1">
            <TRANSFORMFIELD DATATYPE ="string" DEFAULTVALUE ="" DESCRIPTION ="Program Name" NAME ="OPPGM" PICTURETEXT ="" PORTTYPE ="LOOKUP/RETURN/OUTPUT" PRECISION ="10" SCALE ="0"/>
            <TRANSFORMFIELD DATATYPE ="string" DEFAULTVALUE ="" DESCRIPTION ="Plant Code" NAME ="OPPLT" PICTURETEXT ="" PORTTYPE ="LOOKUP" PRECISION ="2" SCALE ="0"/>
            <TRANSFORMFIELD DATATYPE ="string" DEFAULTVALUE ="" DESCRIPTION ="Plant Code" NAME ="PLANT_CD" PICTURETEXT ="" PORTTYPE ="INPUT" PRECISION ="3" SCALE ="0"/>
            <TABLEATTRIBUTE NAME ="Lookup Sql Override" VALUE ="SELECT &#xD;&#xA;OPPGM as OPPGM, &#xD;&#xA;OPPLT as OPPLT&#xD;&#xA;FROM OPLIB.OPTBL&#xD;&#xA;WHERE &#xD;&#xA;TRIM(OPPGM)=&apos;OPS100&apos; &#xD;&#xA;AND (OPIEF IS NULL OR OPIEF = &apos;I&apos;)"/>
            <TABLEATTRIBUTE NAME ="Lookup table name" VALUE ="OPTBL"/>
            <TABLEATTRIBUTE NAME ="Lookup Source Filter" VALUE =""/>
            <TABLEATTRIBUTE NAME ="Lookup caching enabled" VALUE ="YES"/>
            <TABLEATTRIBUTE NAME ="Lookup policy on multiple match" VALUE ="Use Any Value"/>
            <TABLEATTRIBUTE NAME ="Lookup condition" VALUE ="OPPLT = PLANT_CD"/>
            <TABLEATTRIBUTE NAME ="Connection Information" VALUE ="$Source"/>
            <TABLEATTRIBUTE NAME ="Source Type" VALUE ="Database"/>
            <TABLEATTRIBUTE NAME ="Recache if Stale" VALUE ="NO"/>
            <TABLEATTRIBUTE NAME ="Tracing Level" VALUE ="Normal"/>
            <TABLEATTRIBUTE NAME ="Lookup cache directory name" VALUE ="$PMCacheDir"/>
            <TABLEATTRIBUTE NAME ="Lookup cache initialize" VALUE ="NO"/>
            <TABLEATTRIBUTE NAME ="Lookup cache persistent" VALUE ="NO"/>
            <TABLEATTRIBUTE NAME ="Lookup Data Cache Size" VALUE ="Auto"/>
            <TABLEATTRIBUTE NAME ="Lookup Index Cache Size" VALUE ="Auto"/>
            <TABLEATTRIBUTE NAME ="Dynamic Lookup Cache" VALUE ="NO"/>
            <TABLEATTRIBUTE NAME ="Synchronize Dynamic Cache" VALUE ="NO"/>
            <TABLEATTRIBUTE NAME ="Output Old Value On Update" VALUE ="NO"/>
            <TABLEATTRIBUTE NAME ="Update Dynamic Cache Condition" VALUE ="TRUE"/>
            <TABLEATTRIBUTE NAME ="Cache File Name Prefix" VALUE =""/>
            <TABLEATTRIBUTE NAME ="Re-cache from lookup source" VALUE ="NO"/>
            <TABLEATTRIBUTE NAME ="Insert Else Update" VALUE ="NO"/>
            <TABLEATTRIBUTE NAME ="Update Else Insert" VALUE ="NO"/>
            <TABLEATTRIBUTE NAME ="Datetime Format" VALUE =""/>
            <TABLEATTRIBUTE NAME ="Thousand Separator" VALUE ="None"/>
            <TABLEATTRIBUTE NAME ="Decimal Separator" VALUE ="."/>
            <TABLEATTRIBUTE NAME ="Case Sensitive String Comparison" VALUE ="NO"/>
            <TABLEATTRIBUTE NAME ="Null ordering" VALUE ="Null Is Highest Value"/>
            <TABLEATTRIBUTE NAME ="Sorted Input" VALUE ="NO"/>
            <TABLEATTRIBUTE NAME ="Lookup source is static" VALUE ="NO"/>
            <TABLEATTRIBUTE NAME ="Pre-build lookup cache" VALUE ="Auto"/>
            <TABLEATTRIBUTE NAME ="Subsecond Precision" VALUE ="6"/>
        </TRANSFORMATION>
        <TRANSFORMATION DESCRIPTION ="set the default values for all the target records" NAME ="EXP_INV_DLY_ASSRT_SUM" OBJECTVERSION ="1" REUSABLE ="NO" TYPE ="Expression" VERSIONNUMBER ="1">
            <TRANSFORMFIELD DATATYPE ="string" DEFAULTVALUE ="" DESCRIPTION ="" NAME ="STYLE" PICTURETEXT ="" PORTTYPE ="INPUT" PRECISION ="6" SCALE ="0"/>
            <TRANSFORMFIELD DATATYPE ="string" DEFAULTVALUE ="" DESCRIPTION ="" NAME ="COLOR" PICTURETEXT ="" PORTTYPE ="INPUT" PRECISION ="4" SCALE ="0"/>
            <TRANSFORMFIELD DATATYPE ="string" DEFAULTVALUE ="" DESCRIPTION ="" NAME ="ATTRIBUTE_CD" PICTURETEXT ="" PORTTYPE ="INPUT" PRECISION ="6" SCALE ="0"/>
            <TRANSFORMFIELD DATATYPE ="string" DEFAULTVALUE ="" DESCRIPTION ="" NAME ="SIZE_CD" PICTURETEXT ="" PORTTYPE ="INPUT" PRECISION ="2" SCALE ="0"/>
            <TRANSFORMFIELD DATATYPE ="decimal" DEFAULTVALUE ="" DESCRIPTION ="" NAME ="I_ON_HAND_QTY" PICTURETEXT ="" PORTTYPE ="INPUT" PRECISION ="11" SCALE ="0"/>
            <TRANSFORMFIELD DATATYPE ="string" DEFAULTVALUE ="" DESCRIPTION ="" NAME ="I_PLANT_CD" PICTURETEXT ="" PORTTYPE ="INPUT" PRECISION ="3" SCALE ="0"/>
            <TRANSFORMFIELD DATATYPE ="string" DEFAULTVALUE ="" DESCRIPTION ="" EXPRESSION ="I_PLANT_CD" EXPRESSIONTYPE ="GENERAL" NAME ="V_PLANT_CD" PICTURETEXT ="" PORTTYPE ="LOCAL VARIABLE" PRECISION ="3" SCALE ="0"/>
            <TRANSFORMFIELD DATATYPE ="string" DEFAULTVALUE ="" DESCRIPTION ="" EXPRESSION ="CORP_BUSINESS_UNIT" EXPRESSIONTYPE ="GENERAL" NAME ="CORP_BUSINESS_UNIT" PICTURETEXT ="" PORTTYPE ="INPUT/OUTPUT" PRECISION ="3" SCALE ="0"/>
            <TRANSFORMFIELD DATATYPE ="decimal" DEFAULTVALUE ="ERROR(&apos;transformation error&apos;)" DESCRIPTION ="" EXPRESSION ="IIF(&#xD;&#xA;((CORP_BUSINESS_UNIT=&apos;CSW&apos;&#xD;&#xA;OR CORP_BUSINESS_UNIT= &apos;PRT&apos;) &#xD;&#xA;AND &#xD;&#xA;NOT ISNULL(:LKP.LKP_OPTBL(I_PLANT_CD))),&#xD;&#xA;I_ON_HAND_QTY, &#xD;&#xA;IIF(CORP_BUSINESS_UNIT=&apos;CHP&apos;, &#xD;&#xA;I_ON_HAND_QTY, NULL))" EXPRESSIONTYPE ="GENERAL" NAME ="O_ON_HAND_QTY" PICTURETEXT ="" PORTTYPE ="OUTPUT" PRECISION ="11" SCALE ="0"/>
            <TRANSFORMFIELD DATATYPE ="string" DEFAULTVALUE ="" DESCRIPTION ="" EXPRESSION ="LTRIM(RTRIM(STYLE)) || LTRIM(RTRIM(COLOR)) || LTRIM(RTRIM(ATTRIBUTE_CD)) || LTRIM(RTRIM(SIZE_CD))" EXPRESSIONTYPE ="GENERAL" NAME ="ITEM_CODE" PICTURETEXT ="" PORTTYPE ="OUTPUT" PRECISION ="40" SCALE ="0"/>
            <TRANSFORMFIELD DATATYPE ="decimal" DEFAULTVALUE ="" DESCRIPTION ="" EXPRESSION ="100" EXPRESSIONTYPE ="GENERAL" NAME ="IN_WIP_SEQ_NO" PICTURETEXT ="" PORTTYPE ="OUTPUT" PRECISION ="11" SCALE ="0"/>
            <TRANSFORMFIELD DATATYPE ="string" DEFAULTVALUE ="" DESCRIPTION ="" EXPRESSION ="&apos;DCInv&apos;" EXPRESSIONTYPE ="GENERAL" NAME ="INV_WIP_TYPE" PICTURETEXT ="" PORTTYPE ="OUTPUT" PRECISION ="30" SCALE ="0"/>
            <TRANSFORMFIELD DATATYPE ="decimal" DEFAULTVALUE ="" DESCRIPTION ="" EXPRESSION ="0" EXPRESSIONTYPE ="GENERAL" NAME ="TOT_NET_PRTY_QTY" PICTURETEXT ="" PORTTYPE ="OUTPUT" PRECISION ="11" SCALE ="0"/>
            <TRANSFORMFIELD DATATYPE ="date/time" DEFAULTVALUE ="" DESCRIPTION ="" EXPRESSION ="SYSDATE" EXPRESSIONTYPE ="GENERAL" NAME ="LOAD_DATE" PICTURETEXT ="" PORTTYPE ="OUTPUT" PRECISION ="29" SCALE ="9"/>
            <TRANSFORMFIELD DATATYPE ="string" DEFAULTVALUE ="" DESCRIPTION ="" EXPRESSION ="&apos;Outerwear Planning System&apos;" EXPRESSIONTYPE ="GENERAL" NAME ="DATA_SOURCE" PICTURETEXT ="" PORTTYPE ="OUTPUT" PRECISION ="30" SCALE ="0"/>
            <TABLEATTRIBUTE NAME ="Tracing Level" VALUE ="Normal"/>
        </TRANSFORMATION>
        <TRANSFORMATION DESCRIPTION ="Aggregate the onhand qty to get the total inv wip qty" NAME ="AGG_INV_WIP" OBJECTVERSION ="1" REUSABLE ="NO" TYPE ="Aggregator" VERSIONNUMBER ="1">
            <TRANSFORMFIELD DATATYPE ="string" DEFAULTVALUE ="" DESCRIPTION ="" EXPRESSION ="CORP_BUSINESS_UNIT" EXPRESSIONTYPE ="GROUPBY" NAME ="CORP_BUSINESS_UNIT" PICTURETEXT ="" PORTTYPE ="INPUT/OUTPUT" PRECISION ="3" SCALE ="0"/>
            <TRANSFORMFIELD DATATYPE ="string" DEFAULTVALUE ="" DESCRIPTION ="" EXPRESSION ="ITEM_CODE" EXPRESSIONTYPE ="GROUPBY" NAME ="ITEM_CODE" PICTURETEXT ="" PORTTYPE ="INPUT/OUTPUT" PRECISION ="30" SCALE ="0"/>
            <TRANSFORMFIELD DATATYPE ="decimal" DEFAULTVALUE ="" DESCRIPTION ="" EXPRESSION ="IN_WIP_SEQ_NO" EXPRESSIONTYPE ="GROUPBY" NAME ="IN_WIP_SEQ_NO" PICTURETEXT ="" PORTTYPE ="INPUT/OUTPUT" PRECISION ="10" SCALE ="0"/>
            <TRANSFORMFIELD DATATYPE ="string" DEFAULTVALUE ="" DESCRIPTION ="" EXPRESSION ="INV_WIP_TYPE" EXPRESSIONTYPE ="GROUPBY" NAME ="INV_WIP_TYPE" PICTURETEXT ="" PORTTYPE ="INPUT/OUTPUT" PRECISION ="30" SCALE ="0"/>
            <TRANSFORMFIELD DATATYPE ="decimal" DEFAULTVALUE ="" DESCRIPTION ="" EXPRESSION ="TOT_NET_PRTY_QTY" EXPRESSIONTYPE ="GENERAL" NAME ="TOT_NET_PRTY_QTY" PICTURETEXT ="" PORTTYPE ="INPUT/OUTPUT" PRECISION ="10" SCALE ="0"/>
            <TRANSFORMFIELD DATATYPE ="date/time" DEFAULTVALUE ="" DESCRIPTION ="" EXPRESSION ="LOAD_DATE" EXPRESSIONTYPE ="GENERAL" NAME ="LOAD_DATE" PICTURETEXT ="" PORTTYPE ="INPUT/OUTPUT" PRECISION ="29" SCALE ="9"/>
            <TRANSFORMFIELD DATATYPE ="string" DEFAULTVALUE ="" DESCRIPTION ="" EXPRESSION ="DATA_SOURCE" EXPRESSIONTYPE ="GENERAL" NAME ="DATA_SOURCE" PICTURETEXT ="" PORTTYPE ="INPUT/OUTPUT" PRECISION ="30" SCALE ="0"/>
            <TRANSFORMFIELD DATATYPE ="decimal" DEFAULTVALUE ="" DESCRIPTION ="" NAME ="ON_HAND_QTY" PICTURETEXT ="" PORTTYPE ="INPUT" PRECISION ="11" SCALE ="0"/>
            <TRANSFORMFIELD DATATYPE ="decimal" DEFAULTVALUE ="ERROR(&apos;transformation error&apos;)" DESCRIPTION ="" EXPRESSION ="SUM(ON_HAND_QTY)" EXPRESSIONTYPE ="GENERAL" NAME ="INV_WIP_QTY" PICTURETEXT ="" PORTTYPE ="OUTPUT" PRECISION ="11" SCALE ="0"/>
            <TABLEATTRIBUTE NAME ="Cache Directory" VALUE ="$PMCacheDir"/>
            <TABLEATTRIBUTE NAME ="Tracing Level" VALUE ="Normal"/>
            <TABLEATTRIBUTE NAME ="Sorted Input" VALUE ="NO"/>
            <TABLEATTRIBUTE NAME ="Aggregator Data Cache Size" VALUE ="Auto"/>
            <TABLEATTRIBUTE NAME ="Aggregator Index Cache Size" VALUE ="Auto"/>
            <TABLEATTRIBUTE NAME ="Transformation Scope" VALUE ="All Input"/>
        </TRANSFORMATION>
        <TRANSFORMATION DESCRIPTION ="Fetches data from INVENTORY_DAILY_ASSRT_SUM_VIEW, STYLE, CORP_DIVISION and PLANT tables." NAME ="SQ_INVENTORY_DAILY_ASSRT_SUM_VIEW" OBJECTVERSION ="1" REUSABLE ="NO" TYPE ="Source Qualifier" VERSIONNUMBER ="1">
            <TRANSFORMFIELD DATATYPE ="string" DEFAULTVALUE ="" DESCRIPTION ="" NAME ="STYLE" PICTURETEXT ="" PORTTYPE ="INPUT/OUTPUT" PRECISION ="6" SCALE ="0"/>
            <TRANSFORMFIELD DATATYPE ="string" DEFAULTVALUE ="" DESCRIPTION ="" NAME ="COLOR" PICTURETEXT ="" PORTTYPE ="INPUT/OUTPUT" PRECISION ="4" SCALE ="0"/>
            <TRANSFORMFIELD DATATYPE ="string" DEFAULTVALUE ="" DESCRIPTION ="" NAME ="ATTRIBUTE_CD" PICTURETEXT ="" PORTTYPE ="INPUT/OUTPUT" PRECISION ="6" SCALE ="0"/>
            <TRANSFORMFIELD DATATYPE ="string" DEFAULTVALUE ="" DESCRIPTION ="" NAME ="SIZE_CD" PICTURETEXT ="" PORTTYPE ="INPUT/OUTPUT" PRECISION ="2" SCALE ="0"/>
            <TRANSFORMFIELD DATATYPE ="decimal" DEFAULTVALUE ="" DESCRIPTION ="" NAME ="ON_HAND_QTY" PICTURETEXT ="" PORTTYPE ="INPUT/OUTPUT" PRECISION ="11" SCALE ="0"/>
            <TRANSFORMFIELD DATATYPE ="string" DEFAULTVALUE ="" DESCRIPTION ="" NAME ="CORP_BUSINESS_UNIT" PICTURETEXT ="" PORTTYPE ="INPUT/OUTPUT" PRECISION ="3" SCALE ="0"/>
            <TRANSFORMFIELD DATATYPE ="string" DEFAULTVALUE ="" DESCRIPTION ="" NAME ="PLANT_CD" PICTURETEXT ="" PORTTYPE ="INPUT/OUTPUT" PRECISION ="3" SCALE ="0"/>
            <TABLEATTRIBUTE NAME ="Sql Query" VALUE ="SELECT IDASV.STYLE AS STYLE, &#xD;&#xA;IDASV.COLOR AS COLOR, &#xD;&#xA;IDASV.ATTRIBUTE_CD AS ATTRIBUTE_CD, &#xD;&#xA;IDASV.SIZE_CD AS SIZE_CD, &#xD;&#xA;NVL(IDASV.ON_HAND_QTY,0) AS ON_HAND_QTY,&#xD;&#xA;CD.CORP_BUSINESS_UNIT  AS CORP_BUSINESS_UNIT,&#xD;&#xA;PLANT_CD AS PLANT_CD&#xD;&#xA;FROM&#xD;&#xA; INVENTORY_DAILY_ASSRT_SUM_VIEW IDASV,&#xD;&#xA;STYLE S,&#xD;&#xA;CORP_DIVISION CD,&#xD;&#xA;DA.PLANT&#xD;&#xA;WHERE &#xD;&#xA;IDASV.STYLE = S.STYLE_CD&#xD;&#xA;AND S.MATL_TYPE_CD IN (&apos;00&apos;,&apos;01&apos;,&apos;02&apos;)&#xD;&#xA;AND S.CORP_DIVISION_CD = CD.CORP_DIVISION_CD&#xD;&#xA;AND CD.CORP_BUSINESS_UNIT in (&apos;CHP&apos;, &apos;CSW&apos;, &apos;PRT&apos;)&#xD;&#xA;AND IDASV.plant_no = plant_cd&#xD;&#xA;AND PLANT.distribution_ind = &apos;Y&apos;"/>
            <TABLEATTRIBUTE NAME ="User Defined Join" VALUE =""/>
            <TABLEATTRIBUTE NAME ="Source Filter" VALUE =""/>
            <TABLEATTRIBUTE NAME ="Number Of Sorted Ports" VALUE ="0"/>
            <TABLEATTRIBUTE NAME ="Tracing Level" VALUE ="Normal"/>
            <TABLEATTRIBUTE NAME ="Select Distinct" VALUE ="NO"/>
            <TABLEATTRIBUTE NAME ="Is Partitionable" VALUE ="NO"/>
            <TABLEATTRIBUTE NAME ="Pre SQL" VALUE =""/>
            <TABLEATTRIBUTE NAME ="Post SQL" VALUE =""/>
            <TABLEATTRIBUTE NAME ="Output is deterministic" VALUE ="NO"/>
            <TABLEATTRIBUTE NAME ="Output is repeatable" VALUE ="Never"/>
        </TRANSFORMATION>
        <TRANSFORMATION DESCRIPTION ="Filters out all the records having on_hand_qty value zero." NAME ="FIL_INV_WIP" OBJECTVERSION ="1" REUSABLE ="NO" TYPE ="Filter" VERSIONNUMBER ="1">
            <TRANSFORMFIELD DATATYPE ="string" DEFAULTVALUE ="" DESCRIPTION ="" NAME ="CORP_BUSINESS_UNIT" PICTURETEXT ="" PORTTYPE ="INPUT/OUTPUT" PRECISION ="3" SCALE ="0"/>
            <TRANSFORMFIELD DATATYPE ="decimal" DEFAULTVALUE ="" DESCRIPTION ="" NAME ="ON_HAND_QTY" PICTURETEXT ="" PORTTYPE ="INPUT/OUTPUT" PRECISION ="11" SCALE ="0"/>
            <TRANSFORMFIELD DATATYPE ="string" DEFAULTVALUE ="" DESCRIPTION ="" NAME ="ITEM_CODE" PICTURETEXT ="" PORTTYPE ="INPUT/OUTPUT" PRECISION ="40" SCALE ="0"/>
            <TRANSFORMFIELD DATATYPE ="decimal" DEFAULTVALUE ="" DESCRIPTION ="" NAME ="IN_WIP_SEQ_NO" PICTURETEXT ="" PORTTYPE ="INPUT/OUTPUT" PRECISION ="11" SCALE ="0"/>
            <TRANSFORMFIELD DATATYPE ="string" DEFAULTVALUE ="" DESCRIPTION ="" NAME ="INV_WIP_TYPE" PICTURETEXT ="" PORTTYPE ="INPUT/OUTPUT" PRECISION ="30" SCALE ="0"/>
            <TRANSFORMFIELD DATATYPE ="decimal" DEFAULTVALUE ="" DESCRIPTION ="" NAME ="TOT_NET_PRTY_QTY" PICTURETEXT ="" PORTTYPE ="INPUT/OUTPUT" PRECISION ="11" SCALE ="0"/>
            <TRANSFORMFIELD DATATYPE ="date/time" DEFAULTVALUE ="" DESCRIPTION ="" NAME ="LOAD_DATE" PICTURETEXT ="" PORTTYPE ="INPUT/OUTPUT" PRECISION ="29" SCALE ="9"/>
            <TRANSFORMFIELD DATATYPE ="string" DEFAULTVALUE ="" DESCRIPTION ="" NAME ="DATA_SOURCE" PICTURETEXT ="" PORTTYPE ="INPUT/OUTPUT" PRECISION ="30" SCALE ="0"/>
            <TABLEATTRIBUTE NAME ="Filter Condition" VALUE ="NOT ISNULL(ON_HAND_QTY)"/>
            <TABLEATTRIBUTE NAME ="Tracing Level" VALUE ="Normal"/>
        </TRANSFORMATION>
        <INSTANCE DESCRIPTION ="" NAME ="INVENTORY_AND_WIP" TRANSFORMATION_NAME ="INVENTORY_AND_WIP" TRANSFORMATION_TYPE ="Target Definition" TYPE ="TARGET"/>
        <INSTANCE DBDNAME ="tprod1" DESCRIPTION ="" NAME ="INVENTORY_DAILY_ASSRT_SUM_VIEW" TRANSFORMATION_NAME ="INVENTORY_DAILY_ASSRT_SUM_VIEW" TRANSFORMATION_TYPE ="Source Definition" TYPE ="SOURCE"/>
        <INSTANCE DESCRIPTION ="Looks up on OPTBL table." NAME ="LKP_OPTBL" REUSABLE ="NO" TRANSFORMATION_NAME ="LKP_OPTBL" TRANSFORMATION_TYPE ="Lookup Procedure" TYPE ="TRANSFORMATION"/>
        <INSTANCE DESCRIPTION ="set the default values for all the target records" NAME ="EXP_INV_DLY_ASSRT_SUM" REUSABLE ="NO" TRANSFORMATION_NAME ="EXP_INV_DLY_ASSRT_SUM" TRANSFORMATION_TYPE ="Expression" TYPE ="TRANSFORMATION"/>
        <INSTANCE DESCRIPTION ="Aggregate the onhand qty to get the total inv wip qty" NAME ="AGG_INV_WIP" REUSABLE ="NO" TRANSFORMATION_NAME ="AGG_INV_WIP" TRANSFORMATION_TYPE ="Aggregator" TYPE ="TRANSFORMATION"/>
        <INSTANCE DESCRIPTION ="Fetches data from INVENTORY_DAILY_ASSRT_SUM_VIEW, STYLE, CORP_DIVISION and PLANT tables." NAME ="SQ_INVENTORY_DAILY_ASSRT_SUM_VIEW" REUSABLE ="NO" TRANSFORMATION_NAME ="SQ_INVENTORY_DAILY_ASSRT_SUM_VIEW" TRANSFORMATION_TYPE ="Source Qualifier" TYPE ="TRANSFORMATION">
            <ASSOCIATED_SOURCE_INSTANCE NAME ="INVENTORY_DAILY_ASSRT_SUM_VIEW"/>
        </INSTANCE>
        <INSTANCE DESCRIPTION ="Filters out all the records having on_hand_qty value zero." NAME ="FIL_INV_WIP" REUSABLE ="NO" TRANSFORMATION_NAME ="FIL_INV_WIP" TRANSFORMATION_TYPE ="Filter" TYPE ="TRANSFORMATION"/>
        <CONNECTOR FROMFIELD ="CORP_BUSINESS_UNIT" FROMINSTANCE ="AGG_INV_WIP" FROMINSTANCETYPE ="Aggregator" TOFIELD ="LEGACY_SOURCE" TOINSTANCE ="INVENTORY_AND_WIP" TOINSTANCETYPE ="Target Definition"/>
        <CONNECTOR FROMFIELD ="ITEM_CODE" FROMINSTANCE ="AGG_INV_WIP" FROMINSTANCETYPE ="Aggregator" TOFIELD ="ITEM_CODE" TOINSTANCE ="INVENTORY_AND_WIP" TOINSTANCETYPE ="Target Definition"/>
        <CONNECTOR FROMFIELD ="IN_WIP_SEQ_NO" FROMINSTANCE ="AGG_INV_WIP" FROMINSTANCETYPE ="Aggregator" TOFIELD ="INV_WIP_SEQ_NO" TOINSTANCE ="INVENTORY_AND_WIP" TOINSTANCETYPE ="Target Definition"/>
        <CONNECTOR FROMFIELD ="INV_WIP_TYPE" FROMINSTANCE ="AGG_INV_WIP" FROMINSTANCETYPE ="Aggregator" TOFIELD ="INV_WIP_TYPE" TOINSTANCE ="INVENTORY_AND_WIP" TOINSTANCETYPE ="Target Definition"/>
        <CONNECTOR FROMFIELD ="INV_WIP_QTY" FROMINSTANCE ="AGG_INV_WIP" FROMINSTANCETYPE ="Aggregator" TOFIELD ="INV_WIP_QUANTITY" TOINSTANCE ="INVENTORY_AND_WIP" TOINSTANCETYPE ="Target Definition"/>
        <CONNECTOR FROMFIELD ="TOT_NET_PRTY_QTY" FROMINSTANCE ="AGG_INV_WIP" FROMINSTANCETYPE ="Aggregator" TOFIELD ="TOTAL_NET_PRIORITY_QUANTITY" TOINSTANCE ="INVENTORY_AND_WIP" TOINSTANCETYPE ="Target Definition"/>
        <CONNECTOR FROMFIELD ="LOAD_DATE" FROMINSTANCE ="AGG_INV_WIP" FROMINSTANCETYPE ="Aggregator" TOFIELD ="LOAD_DATE" TOINSTANCE ="INVENTORY_AND_WIP" TOINSTANCETYPE ="Target Definition"/>
        <CONNECTOR FROMFIELD ="DATA_SOURCE" FROMINSTANCE ="AGG_INV_WIP" FROMINSTANCETYPE ="Aggregator" TOFIELD ="DATA_SOURCE" TOINSTANCE ="INVENTORY_AND_WIP" TOINSTANCETYPE ="Target Definition"/>
        <CONNECTOR FROMFIELD ="INV_WIP_QTY" FROMINSTANCE ="AGG_INV_WIP" FROMINSTANCETYPE ="Aggregator" TOFIELD ="NET_INV_WIP_QUANTITY" TOINSTANCE ="INVENTORY_AND_WIP" TOINSTANCETYPE ="Target Definition"/>
        <CONNECTOR FROMFIELD ="STYLE" FROMINSTANCE ="INVENTORY_DAILY_ASSRT_SUM_VIEW" FROMINSTANCETYPE ="Source Definition" TOFIELD ="STYLE" TOINSTANCE ="SQ_INVENTORY_DAILY_ASSRT_SUM_VIEW" TOINSTANCETYPE ="Source Qualifier"/>
        <CONNECTOR FROMFIELD ="COLOR" FROMINSTANCE ="INVENTORY_DAILY_ASSRT_SUM_VIEW" FROMINSTANCETYPE ="Source Definition" TOFIELD ="COLOR" TOINSTANCE ="SQ_INVENTORY_DAILY_ASSRT_SUM_VIEW" TOINSTANCETYPE ="Source Qualifier"/>
        <CONNECTOR FROMFIELD ="ATTRIBUTE_CD" FROMINSTANCE ="INVENTORY_DAILY_ASSRT_SUM_VIEW" FROMINSTANCETYPE ="Source Definition" TOFIELD ="ATTRIBUTE_CD" TOINSTANCE ="SQ_INVENTORY_DAILY_ASSRT_SUM_VIEW" TOINSTANCETYPE ="Source Qualifier"/>
        <CONNECTOR FROMFIELD ="SIZE_CD" FROMINSTANCE ="INVENTORY_DAILY_ASSRT_SUM_VIEW" FROMINSTANCETYPE ="Source Definition" TOFIELD ="SIZE_CD" TOINSTANCE ="SQ_INVENTORY_DAILY_ASSRT_SUM_VIEW" TOINSTANCETYPE ="Source Qualifier"/>
        <CONNECTOR FROMFIELD ="ON_HAND_QTY" FROMINSTANCE ="INVENTORY_DAILY_ASSRT_SUM_VIEW" FROMINSTANCETYPE ="Source Definition" TOFIELD ="ON_HAND_QTY" TOINSTANCE ="SQ_INVENTORY_DAILY_ASSRT_SUM_VIEW" TOINSTANCETYPE ="Source Qualifier"/>
        <CONNECTOR FROMFIELD ="ATTRIBUTE_CD" FROMINSTANCE ="INVENTORY_DAILY_ASSRT_SUM_VIEW" FROMINSTANCETYPE ="Source Definition" TOFIELD ="CORP_BUSINESS_UNIT" TOINSTANCE ="SQ_INVENTORY_DAILY_ASSRT_SUM_VIEW" TOINSTANCETYPE ="Source Qualifier"/>
        <CONNECTOR FROMFIELD ="PLANT_NO" FROMINSTANCE ="INVENTORY_DAILY_ASSRT_SUM_VIEW" FROMINSTANCETYPE ="Source Definition" TOFIELD ="PLANT_CD" TOINSTANCE ="SQ_INVENTORY_DAILY_ASSRT_SUM_VIEW" TOINSTANCETYPE ="Source Qualifier"/>
        <CONNECTOR FROMFIELD ="CORP_BUSINESS_UNIT" FROMINSTANCE ="EXP_INV_DLY_ASSRT_SUM" FROMINSTANCETYPE ="Expression" TOFIELD ="CORP_BUSINESS_UNIT" TOINSTANCE ="FIL_INV_WIP" TOINSTANCETYPE ="Filter"/>
        <CONNECTOR FROMFIELD ="O_ON_HAND_QTY" FROMINSTANCE ="EXP_INV_DLY_ASSRT_SUM" FROMINSTANCETYPE ="Expression" TOFIELD ="ON_HAND_QTY" TOINSTANCE ="FIL_INV_WIP" TOINSTANCETYPE ="Filter"/>
        <CONNECTOR FROMFIELD ="ITEM_CODE" FROMINSTANCE ="EXP_INV_DLY_ASSRT_SUM" FROMINSTANCETYPE ="Expression" TOFIELD ="ITEM_CODE" TOINSTANCE ="FIL_INV_WIP" TOINSTANCETYPE ="Filter"/>
        <CONNECTOR FROMFIELD ="IN_WIP_SEQ_NO" FROMINSTANCE ="EXP_INV_DLY_ASSRT_SUM" FROMINSTANCETYPE ="Expression" TOFIELD ="IN_WIP_SEQ_NO" TOINSTANCE ="FIL_INV_WIP" TOINSTANCETYPE ="Filter"/>
        <CONNECTOR FROMFIELD ="INV_WIP_TYPE" FROMINSTANCE ="EXP_INV_DLY_ASSRT_SUM" FROMINSTANCETYPE ="Expression" TOFIELD ="INV_WIP_TYPE" TOINSTANCE ="FIL_INV_WIP" TOINSTANCETYPE ="Filter"/>
        <CONNECTOR FROMFIELD ="TOT_NET_PRTY_QTY" FROMINSTANCE ="EXP_INV_DLY_ASSRT_SUM" FROMINSTANCETYPE ="Expression" TOFIELD ="TOT_NET_PRTY_QTY" TOINSTANCE ="FIL_INV_WIP" TOINSTANCETYPE ="Filter"/>
        <CONNECTOR FROMFIELD ="LOAD_DATE" FROMINSTANCE ="EXP_INV_DLY_ASSRT_SUM" FROMINSTANCETYPE ="Expression" TOFIELD ="LOAD_DATE" TOINSTANCE ="FIL_INV_WIP" TOINSTANCETYPE ="Filter"/>
        <CONNECTOR FROMFIELD ="DATA_SOURCE" FROMINSTANCE ="EXP_INV_DLY_ASSRT_SUM" FROMINSTANCETYPE ="Expression" TOFIELD ="DATA_SOURCE" TOINSTANCE ="FIL_INV_WIP" TOINSTANCETYPE ="Filter"/>
        <CONNECTOR FROMFIELD ="STYLE" FROMINSTANCE ="SQ_INVENTORY_DAILY_ASSRT_SUM_VIEW" FROMINSTANCETYPE ="Source Qualifier" TOFIELD ="STYLE" TOINSTANCE ="EXP_INV_DLY_ASSRT_SUM" TOINSTANCETYPE ="Expression"/>
        <CONNECTOR FROMFIELD ="COLOR" FROMINSTANCE ="SQ_INVENTORY_DAILY_ASSRT_SUM_VIEW" FROMINSTANCETYPE ="Source Qualifier" TOFIELD ="COLOR" TOINSTANCE ="EXP_INV_DLY_ASSRT_SUM" TOINSTANCETYPE ="Expression"/>
        <CONNECTOR FROMFIELD ="ATTRIBUTE_CD" FROMINSTANCE ="SQ_INVENTORY_DAILY_ASSRT_SUM_VIEW" FROMINSTANCETYPE ="Source Qualifier" TOFIELD ="ATTRIBUTE_CD" TOINSTANCE ="EXP_INV_DLY_ASSRT_SUM" TOINSTANCETYPE ="Expression"/>
        <CONNECTOR FROMFIELD ="SIZE_CD" FROMINSTANCE ="SQ_INVENTORY_DAILY_ASSRT_SUM_VIEW" FROMINSTANCETYPE ="Source Qualifier" TOFIELD ="SIZE_CD" TOINSTANCE ="EXP_INV_DLY_ASSRT_SUM" TOINSTANCETYPE ="Expression"/>
        <CONNECTOR FROMFIELD ="ON_HAND_QTY" FROMINSTANCE ="SQ_INVENTORY_DAILY_ASSRT_SUM_VIEW" FROMINSTANCETYPE ="Source Qualifier" TOFIELD ="I_ON_HAND_QTY" TOINSTANCE ="EXP_INV_DLY_ASSRT_SUM" TOINSTANCETYPE ="Expression"/>
        <CONNECTOR FROMFIELD ="CORP_BUSINESS_UNIT" FROMINSTANCE ="SQ_INVENTORY_DAILY_ASSRT_SUM_VIEW" FROMINSTANCETYPE ="Source Qualifier" TOFIELD ="CORP_BUSINESS_UNIT" TOINSTANCE ="EXP_INV_DLY_ASSRT_SUM" TOINSTANCETYPE ="Expression"/>
        <CONNECTOR FROMFIELD ="PLANT_CD" FROMINSTANCE ="SQ_INVENTORY_DAILY_ASSRT_SUM_VIEW" FROMINSTANCETYPE ="Source Qualifier" TOFIELD ="I_PLANT_CD" TOINSTANCE ="EXP_INV_DLY_ASSRT_SUM" TOINSTANCETYPE ="Expression"/>
        <CONNECTOR FROMFIELD ="CORP_BUSINESS_UNIT" FROMINSTANCE ="FIL_INV_WIP" FROMINSTANCETYPE ="Filter" TOFIELD ="CORP_BUSINESS_UNIT" TOINSTANCE ="AGG_INV_WIP" TOINSTANCETYPE ="Aggregator"/>
        <CONNECTOR FROMFIELD ="ITEM_CODE" FROMINSTANCE ="FIL_INV_WIP" FROMINSTANCETYPE ="Filter" TOFIELD ="ITEM_CODE" TOINSTANCE ="AGG_INV_WIP" TOINSTANCETYPE ="Aggregator"/>
        <CONNECTOR FROMFIELD ="IN_WIP_SEQ_NO" FROMINSTANCE ="FIL_INV_WIP" FROMINSTANCETYPE ="Filter" TOFIELD ="IN_WIP_SEQ_NO" TOINSTANCE ="AGG_INV_WIP" TOINSTANCETYPE ="Aggregator"/>
        <CONNECTOR FROMFIELD ="INV_WIP_TYPE" FROMINSTANCE ="FIL_INV_WIP" FROMINSTANCETYPE ="Filter" TOFIELD ="INV_WIP_TYPE" TOINSTANCE ="AGG_INV_WIP" TOINSTANCETYPE ="Aggregator"/>
        <CONNECTOR FROMFIELD ="TOT_NET_PRTY_QTY" FROMINSTANCE ="FIL_INV_WIP" FROMINSTANCETYPE ="Filter" TOFIELD ="TOT_NET_PRTY_QTY" TOINSTANCE ="AGG_INV_WIP" TOINSTANCETYPE ="Aggregator"/>
        <CONNECTOR FROMFIELD ="LOAD_DATE" FROMINSTANCE ="FIL_INV_WIP" FROMINSTANCETYPE ="Filter" TOFIELD ="LOAD_DATE" TOINSTANCE ="AGG_INV_WIP" TOINSTANCETYPE ="Aggregator"/>
        <CONNECTOR FROMFIELD ="DATA_SOURCE" FROMINSTANCE ="FIL_INV_WIP" FROMINSTANCETYPE ="Filter" TOFIELD ="DATA_SOURCE" TOINSTANCE ="AGG_INV_WIP" TOINSTANCETYPE ="Aggregator"/>
        <CONNECTOR FROMFIELD ="ON_HAND_QTY" FROMINSTANCE ="FIL_INV_WIP" FROMINSTANCETYPE ="Filter" TOFIELD ="ON_HAND_QTY" TOINSTANCE ="AGG_INV_WIP" TOINSTANCETYPE ="Aggregator"/>
        <TARGETLOADORDER ORDER ="1" TARGETINSTANCE ="INVENTORY_AND_WIP"/>
        <ERPINFO/>
        <METADATAEXTENSION DATATYPE ="STRING" DESCRIPTION ="Conversion Mapping Name with version " DOMAINNAME ="User Defined Metadata Domain" ISCLIENTEDITABLE ="YES" ISCLIENTVISIBLE ="YES" ISREUSABLE ="NO" ISSHAREREAD ="NO" ISSHAREWRITE ="NO" MAXLENGTH ="256" NAME ="CONV_MAP_NAME" VALUE ="" VENDORNAME ="INFORMATICA"/>
    </MAPPING>
    <CONFIG DESCRIPTION ="Default session configuration object" ISDEFAULT ="YES" NAME ="default_session_config" VERSIONNUMBER ="1">
        <ATTRIBUTE NAME ="Advanced" VALUE =""/>
        <ATTRIBUTE NAME ="Constraint based load ordering" VALUE ="NO"/>
        <ATTRIBUTE NAME ="Cache LOOKUP() function" VALUE ="YES"/>
        <ATTRIBUTE NAME ="Default buffer block size" VALUE ="Auto"/>
        <ATTRIBUTE NAME ="Line Sequential buffer length" VALUE ="1024"/>
        <ATTRIBUTE NAME ="Maximum Memory Allowed For Auto Memory Attributes" VALUE ="512MB"/>
        <ATTRIBUTE NAME ="Maximum Percentage of Total Memory Allowed For Auto Memory Attributes" VALUE ="5"/>
        <ATTRIBUTE NAME ="Additional Concurrent Pipelines for Lookup Cache Creation" VALUE ="Auto"/>
        <ATTRIBUTE NAME ="Custom Properties" VALUE =""/>
        <ATTRIBUTE NAME ="Pre-build lookup cache" VALUE ="Auto"/>
        <ATTRIBUTE NAME ="Optimization Level" VALUE ="Medium"/>
        <ATTRIBUTE NAME ="DateTime Format String" VALUE ="MM/DD/YYYY HH24:MI:SS.US"/>
        <ATTRIBUTE NAME ="Pre 85 Timestamp Compatibility" VALUE ="NO"/>
        <ATTRIBUTE NAME ="Log Options" VALUE ="0"/>
        <ATTRIBUTE NAME ="Save session log by" VALUE ="Session runs"/>
        <ATTRIBUTE NAME ="Save session log for these runs" VALUE ="9"/>
        <ATTRIBUTE NAME ="Session Log File Max Size" VALUE ="0"/>
        <ATTRIBUTE NAME ="Session Log File Max Time Period" VALUE ="0"/>
        <ATTRIBUTE NAME ="Maximum Partial Session Log Files" VALUE ="1"/>
        <ATTRIBUTE NAME ="Writer Commit Statistics Log Frequency" VALUE ="1"/>
        <ATTRIBUTE NAME ="Writer Commit Statistics Log Interval" VALUE ="0"/>
        <ATTRIBUTE NAME ="Error handling" VALUE =""/>
        <ATTRIBUTE NAME ="Stop on errors" VALUE ="1"/>
        <ATTRIBUTE NAME ="Override tracing" VALUE ="None"/>
        <ATTRIBUTE NAME ="On Stored Procedure error" VALUE ="Stop"/>
        <ATTRIBUTE NAME ="On Pre-session command task error" VALUE ="Stop"/>
        <ATTRIBUTE NAME ="On Pre-Post SQL error" VALUE ="Stop"/>
        <ATTRIBUTE NAME ="Enable Recovery" VALUE ="NO"/>
        <ATTRIBUTE NAME ="Error Log Type" VALUE ="None"/>
        <ATTRIBUTE NAME ="Error Log Table Name Prefix" VALUE =""/>
        <ATTRIBUTE NAME ="Error Log File Name" VALUE ="PMError.log"/>
        <ATTRIBUTE NAME ="Log Source Row Data" VALUE ="NO"/>
        <ATTRIBUTE NAME ="Data Column Delimiter" VALUE ="|"/>
        <ATTRIBUTE NAME ="Partitioning Options" VALUE =""/>
        <ATTRIBUTE NAME ="Dynamic Partitioning" VALUE ="Disabled"/>
        <ATTRIBUTE NAME ="Number of Partitions" VALUE ="1"/>
        <ATTRIBUTE NAME ="Multiplication Factor" VALUE ="Auto"/>
        <ATTRIBUTE NAME ="Session on Grid" VALUE =""/>
        <ATTRIBUTE NAME ="Is Enabled" VALUE ="NO"/>
    </CONFIG>
    <SESSION DESCRIPTION ="Session to load wip qty data " ISVALID ="YES" MAPPINGNAME ="m_INV_WIP_QTY_LOAD" NAME ="s_m_INV_LOAD" REUSABLE ="YES" SORTORDER ="Binary" VERSIONNUMBER ="1">
        <SESSTRANSFORMATIONINST ISREPARTITIONPOINT ="YES" PARTITIONTYPE ="PASS THROUGH" PIPELINE ="1" SINSTANCENAME ="INVENTORY_AND_WIP" STAGE ="1" TRANSFORMATIONNAME ="INVENTORY_AND_WIP" TRANSFORMATIONTYPE ="Target Definition"/>
        <SESSTRANSFORMATIONINST ISREPARTITIONPOINT ="YES" PARTITIONTYPE ="PASS THROUGH" PIPELINE ="1" SINSTANCENAME ="SQ_INVENTORY_DAILY_ASSRT_SUM_VIEW" STAGE ="2" TRANSFORMATIONNAME ="SQ_INVENTORY_DAILY_ASSRT_SUM_VIEW" TRANSFORMATIONTYPE ="Source Qualifier"/>
        <SESSTRANSFORMATIONINST ISREPARTITIONPOINT ="NO" PIPELINE ="1" SINSTANCENAME ="EXP_INV_DLY_ASSRT_SUM" STAGE ="2" TRANSFORMATIONNAME ="EXP_INV_DLY_ASSRT_SUM" TRANSFORMATIONTYPE ="Expression">
            <PARTITION DESCRIPTION ="" NAME ="Partition #1"/>
        </SESSTRANSFORMATIONINST>
        <SESSTRANSFORMATIONINST ISREPARTITIONPOINT ="NO" PIPELINE ="0" SINSTANCENAME ="INVENTORY_DAILY_ASSRT_SUM_VIEW" STAGE ="0" TRANSFORMATIONNAME ="INVENTORY_DAILY_ASSRT_SUM_VIEW" TRANSFORMATIONTYPE ="Source Definition"/>
        <SESSTRANSFORMATIONINST ISREPARTITIONPOINT ="YES" PARTITIONTYPE ="HASH AUTO KEYS" PIPELINE ="1" SINSTANCENAME ="AGG_INV_WIP" STAGE ="3" TRANSFORMATIONNAME ="AGG_INV_WIP" TRANSFORMATIONTYPE ="Aggregator">
            <PARTITION DESCRIPTION ="" NAME ="Partition #1"/>
        </SESSTRANSFORMATIONINST>
        <SESSTRANSFORMATIONINST ISREPARTITIONPOINT ="NO" PIPELINE ="0" SINSTANCENAME ="LKP_OPTBL" STAGE ="0" TRANSFORMATIONNAME ="LKP_OPTBL" TRANSFORMATIONTYPE ="Lookup Procedure">
            <ATTRIBUTE NAME ="Connection Information" VALUE ="Relational:HQ400B"/>
        </SESSTRANSFORMATIONINST>
        <SESSTRANSFORMATIONINST ISREPARTITIONPOINT ="NO" PIPELINE ="1" SINSTANCENAME ="FIL_INV_WIP" STAGE ="2" TRANSFORMATIONNAME ="FIL_INV_WIP" TRANSFORMATIONTYPE ="Filter">
            <PARTITION DESCRIPTION ="" NAME ="Partition #1"/>
        </SESSTRANSFORMATIONINST>
        <CONFIGREFERENCE REFOBJECTNAME ="default_session_config" TYPE ="Session config">
            <ATTRIBUTE NAME ="Save session log for these runs" VALUE ="9"/>
            <ATTRIBUTE NAME ="Stop on errors" VALUE ="1"/>
        </CONFIGREFERENCE>
        <SESSIONEXTENSION NAME ="Relational Writer" SINSTANCENAME ="INVENTORY_AND_WIP" SUBTYPE ="Relational Writer" TRANSFORMATIONTYPE ="Target Definition" TYPE ="WRITER">
            <CONNECTIONREFERENCE CNXREFNAME ="DB Connection" CONNECTIONNAME ="Demand_Prioritization_Stage" CONNECTIONNUMBER ="1" CONNECTIONSUBTYPE ="Microsoft SQL Server" CONNECTIONTYPE ="Relational" VARIABLE =""/>
            <ATTRIBUTE NAME ="Target load type" VALUE ="Normal"/>
            <ATTRIBUTE NAME ="Insert" VALUE ="YES"/>
            <ATTRIBUTE NAME ="Update as Update" VALUE ="NO"/>
            <ATTRIBUTE NAME ="Update as Insert" VALUE ="NO"/>
            <ATTRIBUTE NAME ="Update else Insert" VALUE ="NO"/>
            <ATTRIBUTE NAME ="Delete" VALUE ="NO"/>
            <ATTRIBUTE NAME ="Truncate target table option" VALUE ="NO"/>
            <ATTRIBUTE NAME ="Reject file directory" VALUE ="$PMBadFileDir&#x5c;DPR_LITE&#x5c;BAD&#x5c;"/>
            <ATTRIBUTE NAME ="Reject filename" VALUE ="s_m_INV_WIP_QTY_LOAD.bad"/>
        </SESSIONEXTENSION>
        <SESSIONEXTENSION NAME ="Relational Reader" SINSTANCENAME ="SQ_INVENTORY_DAILY_ASSRT_SUM_VIEW" SUBTYPE ="Relational Reader" TRANSFORMATIONTYPE ="Source Qualifier" TYPE ="READER">
            <CONNECTIONREFERENCE CNXREFNAME ="DB Connection" CONNECTIONNAME ="PROD1" CONNECTIONNUMBER ="1" CONNECTIONSUBTYPE ="Oracle" CONNECTIONTYPE ="Relational" VARIABLE =""/>
        </SESSIONEXTENSION>
        <SESSIONEXTENSION DSQINSTNAME ="SQ_INVENTORY_DAILY_ASSRT_SUM_VIEW" DSQINSTTYPE ="Source Qualifier" NAME ="Relational Reader" SINSTANCENAME ="INVENTORY_DAILY_ASSRT_SUM_VIEW" SUBTYPE ="Relational Reader" TRANSFORMATIONTYPE ="Source Definition" TYPE ="READER"/>
        <SESSIONEXTENSION NAME ="Relational Lookup" SINSTANCENAME ="LKP_OPTBL" SUBTYPE ="Relational Lookup" TRANSFORMATIONTYPE ="Lookup Procedure" TYPE ="LOOKUPEXTENSION">
            <CONNECTIONREFERENCE CNXREFNAME ="DB Connection" CONNECTIONNAME ="HQ400B" CONNECTIONNUMBER ="1" CONNECTIONSUBTYPE ="ODBC" CONNECTIONTYPE ="Relational" VARIABLE =""/>
        </SESSIONEXTENSION>
        <ATTRIBUTE NAME ="General Options" VALUE =""/>
        <ATTRIBUTE NAME ="Write Backward Compatible Session Log File" VALUE ="YES"/>
        <ATTRIBUTE NAME ="Session Log File Name" VALUE ="s_m_INV_WIP_QTY_LOAD.log"/>
        <ATTRIBUTE NAME ="Session Log File directory" VALUE ="$PMSessionLogDir&#x5c;DPR_LITE&#x5c;LOG&#x5c;"/>
        <ATTRIBUTE NAME ="Parameter Filename" VALUE =""/>
        <ATTRIBUTE NAME ="Enable Test Load" VALUE ="NO"/>
        <ATTRIBUTE NAME ="$Source connection value" VALUE =""/>
        <ATTRIBUTE NAME ="$Target connection value" VALUE =""/>
        <ATTRIBUTE NAME ="Treat source rows as" VALUE ="Insert"/>
        <ATTRIBUTE NAME ="Commit Type" VALUE ="Target"/>
        <ATTRIBUTE NAME ="Commit Interval" VALUE ="2000000"/>
        <ATTRIBUTE NAME ="Commit On End Of File" VALUE ="YES"/>
        <ATTRIBUTE NAME ="Rollback Transactions on Errors" VALUE ="NO"/>
        <ATTRIBUTE NAME ="Recovery Strategy" VALUE ="Restart task"/>
        <ATTRIBUTE NAME ="Java Classpath" VALUE =""/>
        <ATTRIBUTE NAME ="Performance" VALUE =""/>
        <ATTRIBUTE NAME ="DTM buffer size" VALUE ="Auto"/>
        <ATTRIBUTE NAME ="Collect performance data" VALUE ="NO"/>
        <ATTRIBUTE NAME ="Write performance data to repository" VALUE ="NO"/>
        <ATTRIBUTE NAME ="Incremental Aggregation" VALUE ="NO"/>
        <ATTRIBUTE NAME ="Enable high precision" VALUE ="NO"/>
        <ATTRIBUTE NAME ="Session retry on deadlock" VALUE ="NO"/>
        <ATTRIBUTE NAME ="Pushdown Optimization" VALUE ="None"/>
        <ATTRIBUTE NAME ="Allow Temporary View for Pushdown" VALUE ="NO"/>
        <ATTRIBUTE NAME ="Allow Temporary Sequence for Pushdown" VALUE ="NO"/>
        <ATTRIBUTE NAME ="Allow Pushdown for User Incompatible Connections" VALUE ="NO"/>
        <METADATAEXTENSION DATATYPE ="STRING" DESCRIPTION ="Conversion Mapping  Name with version " DOMAINNAME ="User Defined Metadata Domain" ISCLIENTEDITABLE ="YES" ISCLIENTVISIBLE ="YES" ISREUSABLE ="NO" ISSHAREREAD ="NO" ISSHAREWRITE ="NO" MAXLENGTH ="256" NAME ="CONV_MAP_NAME" VALUE ="" VENDORNAME ="INFORMATICA"/>
    </SESSION>
    <WORKFLOW DESCRIPTION ="Workflow to load inventory data into inventory and wip table" ISENABLED ="YES" ISRUNNABLESERVICE ="NO" ISSERVICE ="NO" ISVALID ="YES" NAME ="wf_s_m_INV_LOAD" REUSABLE_SCHEDULER ="NO" SCHEDULERNAME ="Scheduler" SERVERNAME ="Domain10_PRD_Int_Svc" SERVER_DOMAINNAME ="Domain10_PRD" SUSPEND_ON_ERROR ="NO" TASKS_MUST_RUN_ON_SERVER ="NO" VERSIONNUMBER ="1">
        <SCHEDULER DESCRIPTION ="" NAME ="Scheduler" REUSABLE ="NO" VERSIONNUMBER ="1">
            <SCHEDULEINFO SCHEDULETYPE ="ONDEMAND"/>
        </SCHEDULER>
        <TASK DESCRIPTION ="" NAME ="Start" REUSABLE ="NO" TYPE ="Start" VERSIONNUMBER ="1"/>
        <TASKINSTANCE DESCRIPTION ="" ISENABLED ="YES" NAME ="Start" REUSABLE ="NO" TASKNAME ="Start" TASKTYPE ="Start"/>
        <TASKINSTANCE DESCRIPTION ="" FAIL_PARENT_IF_INSTANCE_DID_NOT_RUN ="YES" FAIL_PARENT_IF_INSTANCE_FAILS ="YES" ISENABLED ="YES" NAME ="s_m_INV_LOAD" REUSABLE ="YES" TASKNAME ="s_m_INV_LOAD" TASKTYPE ="Session" TREAT_INPUTLINK_AS_AND ="NO"/>
        <WORKFLOWLINK CONDITION ="" FROMTASK ="Start" TOTASK ="s_m_INV_LOAD"/>
        <WORKFLOWVARIABLE DATATYPE ="date/time" DEFAULTVALUE ="" DESCRIPTION ="The time this task started" ISNULL ="NO" ISPERSISTENT ="NO" NAME ="$Start.StartTime" USERDEFINED ="NO"/>
        <WORKFLOWVARIABLE DATATYPE ="date/time" DEFAULTVALUE ="" DESCRIPTION ="The time this task completed" ISNULL ="NO" ISPERSISTENT ="NO" NAME ="$Start.EndTime" USERDEFINED ="NO"/>
        <WORKFLOWVARIABLE DATATYPE ="integer" DEFAULTVALUE ="" DESCRIPTION ="Status of this task&apos;s execution" ISNULL ="NO" ISPERSISTENT ="NO" NAME ="$Start.Status" USERDEFINED ="NO"/>
        <WORKFLOWVARIABLE DATATYPE ="integer" DEFAULTVALUE ="" DESCRIPTION ="Status of the previous task that is not disabled" ISNULL ="NO" ISPERSISTENT ="NO" NAME ="$Start.PrevTaskStatus" USERDEFINED ="NO"/>
        <WORKFLOWVARIABLE DATATYPE ="integer" DEFAULTVALUE ="" DESCRIPTION ="Error code for this task&apos;s execution" ISNULL ="NO" ISPERSISTENT ="NO" NAME ="$Start.ErrorCode" USERDEFINED ="NO"/>
        <WORKFLOWVARIABLE DATATYPE ="string" DEFAULTVALUE ="" DESCRIPTION ="Error message for this task&apos;s execution" ISNULL ="NO" ISPERSISTENT ="NO" NAME ="$Start.ErrorMsg" USERDEFINED ="NO"/>
        <WORKFLOWVARIABLE DATATYPE ="date/time" DEFAULTVALUE ="" DESCRIPTION ="The time this task started" ISNULL ="NO" ISPERSISTENT ="NO" NAME ="$s_m_INV_LOAD.StartTime" USERDEFINED ="NO"/>
        <WORKFLOWVARIABLE DATATYPE ="date/time" DEFAULTVALUE ="" DESCRIPTION ="The time this task completed" ISNULL ="NO" ISPERSISTENT ="NO" NAME ="$s_m_INV_LOAD.EndTime" USERDEFINED ="NO"/>
        <WORKFLOWVARIABLE DATATYPE ="integer" DEFAULTVALUE ="" DESCRIPTION ="Status of this task&apos;s execution" ISNULL ="NO" ISPERSISTENT ="NO" NAME ="$s_m_INV_LOAD.Status" USERDEFINED ="NO"/>
        <WORKFLOWVARIABLE DATATYPE ="integer" DEFAULTVALUE ="" DESCRIPTION ="Status of the previous task that is not disabled" ISNULL ="NO" ISPERSISTENT ="NO" NAME ="$s_m_INV_LOAD.PrevTaskStatus" USERDEFINED ="NO"/>
        <WORKFLOWVARIABLE DATATYPE ="integer" DEFAULTVALUE ="" DESCRIPTION ="Error code for this task&apos;s execution" ISNULL ="NO" ISPERSISTENT ="NO" NAME ="$s_m_INV_LOAD.ErrorCode" USERDEFINED ="NO"/>
        <WORKFLOWVARIABLE DATATYPE ="string" DEFAULTVALUE ="" DESCRIPTION ="Error message for this task&apos;s execution" ISNULL ="NO" ISPERSISTENT ="NO" NAME ="$s_m_INV_LOAD.ErrorMsg" USERDEFINED ="NO"/>
        <WORKFLOWVARIABLE DATATYPE ="integer" DEFAULTVALUE ="" DESCRIPTION ="Rows successfully read" ISNULL ="NO" ISPERSISTENT ="NO" NAME ="$s_m_INV_LOAD.SrcSuccessRows" USERDEFINED ="NO"/>
        <WORKFLOWVARIABLE DATATYPE ="integer" DEFAULTVALUE ="" DESCRIPTION ="Rows failed to read" ISNULL ="NO" ISPERSISTENT ="NO" NAME ="$s_m_INV_LOAD.SrcFailedRows" USERDEFINED ="NO"/>
        <WORKFLOWVARIABLE DATATYPE ="integer" DEFAULTVALUE ="" DESCRIPTION ="Rows successfully loaded" ISNULL ="NO" ISPERSISTENT ="NO" NAME ="$s_m_INV_LOAD.TgtSuccessRows" USERDEFINED ="NO"/>
        <WORKFLOWVARIABLE DATATYPE ="integer" DEFAULTVALUE ="" DESCRIPTION ="Rows failed to load" ISNULL ="NO" ISPERSISTENT ="NO" NAME ="$s_m_INV_LOAD.TgtFailedRows" USERDEFINED ="NO"/>
        <WORKFLOWVARIABLE DATATYPE ="integer" DEFAULTVALUE ="" DESCRIPTION ="Total number of transformation errors" ISNULL ="NO" ISPERSISTENT ="NO" NAME ="$s_m_INV_LOAD.TotalTransErrors" USERDEFINED ="NO"/>
        <WORKFLOWVARIABLE DATATYPE ="integer" DEFAULTVALUE ="" DESCRIPTION ="First error code" ISNULL ="NO" ISPERSISTENT ="NO" NAME ="$s_m_INV_LOAD.FirstErrorCode" USERDEFINED ="NO"/>
        <WORKFLOWVARIABLE DATATYPE ="string" DEFAULTVALUE ="" DESCRIPTION ="First error message" ISNULL ="NO" ISPERSISTENT ="NO" NAME ="$s_m_INV_LOAD.FirstErrorMsg" USERDEFINED ="NO"/>
        <ATTRIBUTE NAME ="Parameter Filename" VALUE =""/>
        <ATTRIBUTE NAME ="Write Backward Compatible Workflow Log File" VALUE ="YES"/>
        <ATTRIBUTE NAME ="Workflow Log File Name" VALUE ="wf_s_m_INV_WIP_QTY_LOAD.log"/>
        <ATTRIBUTE NAME ="Workflow Log File Directory" VALUE ="$PMWorkflowLogDir&#x5c;DPR_LITE&#x5c;LOG&#x5c;"/>
        <ATTRIBUTE NAME ="Save Workflow log by" VALUE ="By runs"/>
        <ATTRIBUTE NAME ="Save workflow log for these runs" VALUE ="9"/>
        <ATTRIBUTE NAME ="Service Name" VALUE =""/>
        <ATTRIBUTE NAME ="Service Timeout" VALUE ="0"/>
        <ATTRIBUTE NAME ="Is Service Visible" VALUE ="NO"/>
        <ATTRIBUTE NAME ="Is Service Protected" VALUE ="NO"/>
        <ATTRIBUTE NAME ="Fail task after wait time" VALUE ="0"/>
        <ATTRIBUTE NAME ="Enable HA recovery" VALUE ="NO"/>
        <ATTRIBUTE NAME ="Automatically recover terminated tasks" VALUE ="NO"/>
        <ATTRIBUTE NAME ="Service Level Name" VALUE ="Default"/>
        <ATTRIBUTE NAME ="Allow concurrent run with unique run instance name" VALUE ="NO"/>
        <ATTRIBUTE NAME ="Allow concurrent run with same run instance name" VALUE ="NO"/>
        <ATTRIBUTE NAME ="Maximum number of concurrent runs" VALUE ="0"/>
        <ATTRIBUTE NAME ="Assigned Web Services Hubs" VALUE =""/>
        <ATTRIBUTE NAME ="Maximum number of concurrent runs per Hub" VALUE ="1000"/>
        <ATTRIBUTE NAME ="Expected Service Time" VALUE ="1"/>
        <METADATAEXTENSION DATATYPE ="STRING" DESCRIPTION ="Conversion Mapping Name with version " DOMAINNAME ="User Defined Metadata Domain" ISCLIENTEDITABLE ="YES" ISCLIENTVISIBLE ="YES" ISREUSABLE ="NO" ISSHAREREAD ="NO" ISSHAREWRITE ="NO" MAXLENGTH ="256" NAME ="CONV_MAP_NAME" VALUE ="" VENDORNAME ="INFORMATICA"/>
        <METADATAEXTENSION DATATYPE ="STRING" DESCRIPTION ="" DOMAINNAME ="User Defined Metadata Domain" ISCLIENTEDITABLE ="YES" ISCLIENTVISIBLE ="YES" ISREUSABLE ="NO" ISSHAREREAD ="NO" ISSHAREWRITE ="NO" MAXLENGTH ="256" NAME ="Extension" VALUE ="CM - MarginLoss - stgMarginLossExpenseToStgFactSalesNew v1.0" VENDORNAME ="INFORMATICA"/>
    </WORKFLOW>
</FOLDER>
</REPOSITORY>
</POWERMART>