<?xml version="1.0" encoding="Windows-1252"?>
<!DOCTYPE POWERMART SYSTEM "powrmart.dtd">
<POWERMART CREATION_DATE="05/20/2024 09:07:44" REPOSITORY_VERSION="187.96">
<REPOSITORY NAME="Domain10_Rep_Svc_Prd" VERSION="187" CODEPAGE="MS1252" DATABASETYPE="Microsoft SQL Server">
<FOLDER NAME="DPR_LITE" GROUP="" OWNER="Administrator" SHARED="NOTSHARED" DESCRIPTION="" PERMISSIONS="rwx---r--" UUID="4b44b41c-7d44-4fc1-bc99-a181286d85c7">
    <SOURCE BUSINESSNAME ="" DATABASETYPE ="Flat File" DBDNAME ="Flat_File" DESCRIPTION ="" NAME ="SCA_ACCTGRP_TABLE" OBJECTVERSION ="1" OWNERNAME ="" VERSIONNUMBER ="1">
        <FLATFILE CODEPAGE ="US-ASCII" CONSECDELIMITERSASONE ="NO" DELIMITED ="YES" DELIMITERS ="," ESCAPE_CHARACTER ="" KEEPESCAPECHAR ="NO" LINESEQUENTIAL ="NO" MULTIDELIMITERSASAND ="NO" NULLCHARTYPE ="ASCII" NULL_CHARACTER ="*" PADBYTES ="1" QUOTE_CHARACTER ="NONE" REPEATABLE ="NO" ROWDELIMITER ="0" SHIFTSENSITIVEDATA ="NO" SKIPROWS ="1" STRIPTRAILINGBLANKS ="NO"/>
        <TABLEATTRIBUTE NAME ="Base Table Name" VALUE =""/>
        <TABLEATTRIBUTE NAME ="Search Specification" VALUE =""/>
        <TABLEATTRIBUTE NAME ="Sort Specification" VALUE =""/>
        <TABLEATTRIBUTE NAME ="Datetime Format" VALUE ="A  19 mm/dd/yyyy hh24:mi:ss"/>
        <TABLEATTRIBUTE NAME ="Thousand Separator" VALUE ="None"/>
        <TABLEATTRIBUTE NAME ="Decimal Separator" VALUE ="."/>
        <TABLEATTRIBUTE NAME ="Add Currently Processed Flat File Name Port" VALUE ="NO"/>
        <TABLEATTRIBUTE NAME ="Source TimeStamp" VALUE =""/>
        <SOURCEFIELD BUSINESSNAME ="" DATATYPE ="string" DESCRIPTION ="" FIELDNUMBER ="1" FIELDPROPERTY ="0" FIELDTYPE ="ELEMITEM" HIDDEN ="NO" KEYTYPE ="NOT A KEY" LENGTH ="4" LEVEL ="0" NAME ="ACCTGROUPOVERRIDE" NULLABLE ="NULL" OCCURS ="0" OFFSET ="0" PHYSICALLENGTH ="4" PHYSICALOFFSET ="0" PICTURETEXT ="" PRECISION ="4" SCALE ="0" USAGE_FLAGS =""/>
        <SOURCEFIELD BUSINESSNAME ="" DATATYPE ="string" DESCRIPTION ="" FIELDNUMBER ="2" FIELDPROPERTY ="0" FIELDTYPE ="ELEMITEM" HIDDEN ="NO" KEYTYPE ="NOT A KEY" LENGTH ="10" LEVEL ="0" NAME ="SCAACCTGRP" NULLABLE ="NULL" OCCURS ="0" OFFSET ="4" PHYSICALLENGTH ="10" PHYSICALOFFSET ="4" PICTURETEXT ="" PRECISION ="10" SCALE ="0" USAGE_FLAGS =""/>
    </SOURCE>
    <TARGET BUSINESSNAME ="" CONSTRAINT ="" DATABASETYPE ="Microsoft SQL Server" DESCRIPTION ="" NAME ="CUSTOMER_GROUP" OBJECTVERSION ="1" TABLEOPTIONS ="" VERSIONNUMBER ="1">
        <TARGETFIELD BUSINESSNAME ="" DATATYPE ="varchar" DESCRIPTION ="" FIELDNUMBER ="1" KEYTYPE ="NOT A KEY" NAME ="LEGACY_SOURCE" NULLABLE ="NOTNULL" PICTURETEXT ="" PRECISION ="10" SCALE ="0"/>
        <TARGETFIELD BUSINESSNAME ="" DATATYPE ="varchar" DESCRIPTION ="" FIELDNUMBER ="2" KEYTYPE ="NOT A KEY" NAME ="CUSTOMER_GROUP" NULLABLE ="NOTNULL" PICTURETEXT ="" PRECISION ="10" SCALE ="0"/>
        <TARGETFIELD BUSINESSNAME ="" DATATYPE ="datetime" DESCRIPTION ="" FIELDNUMBER ="3" KEYTYPE ="NOT A KEY" NAME ="LOAD_DATE" NULLABLE ="NOTNULL" PICTURETEXT ="" PRECISION ="23" SCALE ="3"/>
        <TARGETFIELD BUSINESSNAME ="" DATATYPE ="varchar" DESCRIPTION ="" FIELDNUMBER ="4" KEYTYPE ="NOT A KEY" NAME ="DATA_SOURCE" NULLABLE ="NOTNULL" PICTURETEXT ="" PRECISION ="60" SCALE ="0"/>
    </TARGET>
    <MAPPING DESCRIPTION ="Mapping for Underwear Major Accounts" ISVALID ="YES" NAME ="m_UW_MAJOR_ACCTS" OBJECTVERSION ="1" VERSIONNUMBER ="1">
        <TRANSFORMATION DESCRIPTION ="Aggregator to get distinct of customer group." NAME ="AGG_CUSTOMER_GROUP" OBJECTVERSION ="1" REUSABLE ="NO" TYPE ="Aggregator" VERSIONNUMBER ="1">
            <TRANSFORMFIELD DATATYPE ="string" DEFAULTVALUE ="" DESCRIPTION ="" EXPRESSION ="LEGACY_SOURCE" EXPRESSIONTYPE ="GENERAL" NAME ="LEGACY_SOURCE" PICTURETEXT ="" PORTTYPE ="INPUT/OUTPUT" PRECISION ="10" SCALE ="0"/>
            <TRANSFORMFIELD DATATYPE ="string" DEFAULTVALUE ="" DESCRIPTION ="" EXPRESSION ="CUSTOMER_GROUP" EXPRESSIONTYPE ="GROUPBY" NAME ="CUSTOMER_GROUP" PICTURETEXT ="" PORTTYPE ="INPUT/OUTPUT" PRECISION ="10" SCALE ="0"/>
            <TRANSFORMFIELD DATATYPE ="date/time" DEFAULTVALUE ="" DESCRIPTION ="" EXPRESSION ="LOAD_DATE" EXPRESSIONTYPE ="GENERAL" NAME ="LOAD_DATE" PICTURETEXT ="" PORTTYPE ="INPUT/OUTPUT" PRECISION ="29" SCALE ="9"/>
            <TRANSFORMFIELD DATATYPE ="string" DEFAULTVALUE ="" DESCRIPTION ="" EXPRESSION ="DATA_SOURCE" EXPRESSIONTYPE ="GENERAL" NAME ="DATA_SOURCE" PICTURETEXT ="" PORTTYPE ="INPUT/OUTPUT" PRECISION ="60" SCALE ="0"/>
            <TABLEATTRIBUTE NAME ="Cache Directory" VALUE ="$PMCacheDir"/>
            <TABLEATTRIBUTE NAME ="Tracing Level" VALUE ="Normal"/>
            <TABLEATTRIBUTE NAME ="Sorted Input" VALUE ="NO"/>
            <TABLEATTRIBUTE NAME ="Aggregator Data Cache Size" VALUE ="Auto"/>
            <TABLEATTRIBUTE NAME ="Aggregator Index Cache Size" VALUE ="Auto"/>
            <TABLEATTRIBUTE NAME ="Transformation Scope" VALUE ="All Input"/>
        </TRANSFORMATION>
        <TRANSFORMATION DESCRIPTION ="This transformation takes Distinct value from source for customer_group column and hardcoded values for other columns." NAME ="EXP_UW_MAJOR_ACCTS" OBJECTVERSION ="1" REUSABLE ="NO" TYPE ="Expression" VERSIONNUMBER ="1">
            <TRANSFORMFIELD DATATYPE ="string" DEFAULTVALUE ="" DESCRIPTION ="" EXPRESSION ="&apos;UNW&apos;" EXPRESSIONTYPE ="GENERAL" NAME ="O_LEGACY_SOURCE" PICTURETEXT ="" PORTTYPE ="OUTPUT" PRECISION ="10" SCALE ="0"/>
            <TRANSFORMFIELD DATATYPE ="string" DEFAULTVALUE ="" DESCRIPTION ="" NAME ="CUSTOMER_GROUP" PICTURETEXT ="" PORTTYPE ="INPUT" PRECISION ="10" SCALE ="0"/>
            <TRANSFORMFIELD DATATYPE ="string" DEFAULTVALUE ="" DESCRIPTION ="" EXPRESSION ="LTRIM(RTRIM(CUSTOMER_GROUP))" EXPRESSIONTYPE ="GENERAL" NAME ="O_CUSTOMER_GROUP" PICTURETEXT ="" PORTTYPE ="OUTPUT" PRECISION ="10" SCALE ="0"/>
            <TRANSFORMFIELD DATATYPE ="date/time" DEFAULTVALUE ="" DESCRIPTION ="" EXPRESSION ="SYSDATE" EXPRESSIONTYPE ="GENERAL" NAME ="O_LOAD_DATE" PICTURETEXT ="" PORTTYPE ="OUTPUT" PRECISION ="29" SCALE ="9"/>
            <TRANSFORMFIELD DATATYPE ="string" DEFAULTVALUE ="" DESCRIPTION ="" EXPRESSION ="&apos;Underwear Planning System&apos;" EXPRESSIONTYPE ="GENERAL" NAME ="O_DATA_SOURCE" PICTURETEXT ="" PORTTYPE ="OUTPUT" PRECISION ="60" SCALE ="0"/>
            <TABLEATTRIBUTE NAME ="Tracing Level" VALUE ="Normal"/>
        </TRANSFORMATION>
        <TRANSFORMATION DESCRIPTION ="This Source Qualifier reads the records from flatfile SCA_ACCTGRP_TABLE" NAME ="SQ_SCA_ACCTGRP_TABLE" OBJECTVERSION ="1" REUSABLE ="NO" TYPE ="Source Qualifier" VERSIONNUMBER ="1">
            <TRANSFORMFIELD DATATYPE ="string" DEFAULTVALUE ="" DESCRIPTION ="" NAME ="SCAACCTGRP" PICTURETEXT ="" PORTTYPE ="INPUT/OUTPUT" PRECISION ="10" SCALE ="0"/>
            <TABLEATTRIBUTE NAME ="Sql Query" VALUE =""/>
            <TABLEATTRIBUTE NAME ="User Defined Join" VALUE =""/>
            <TABLEATTRIBUTE NAME ="Source Filter" VALUE =""/>
            <TABLEATTRIBUTE NAME ="Number Of Sorted Ports" VALUE ="0"/>
            <TABLEATTRIBUTE NAME ="Tracing Level" VALUE ="Normal"/>
            <TABLEATTRIBUTE NAME ="Select Distinct" VALUE ="NO"/>
            <TABLEATTRIBUTE NAME ="Is Partitionable" VALUE ="NO"/>
            <TABLEATTRIBUTE NAME ="Pre SQL" VALUE =""/>
            <TABLEATTRIBUTE NAME ="Post SQL" VALUE =""/>
            <TABLEATTRIBUTE NAME ="Output is deterministic" VALUE ="NO"/>
            <TABLEATTRIBUTE NAME ="Output is repeatable" VALUE ="Never"/>
        </TRANSFORMATION>
        <INSTANCE DESCRIPTION ="" NAME ="CUSTOMER_GROUP" TRANSFORMATION_NAME ="CUSTOMER_GROUP" TRANSFORMATION_TYPE ="Target Definition" TYPE ="TARGET"/>
        <INSTANCE DBDNAME ="Flat_File" DESCRIPTION ="" NAME ="SCA_ACCTGRP_TABLE" TRANSFORMATION_NAME ="SCA_ACCTGRP_TABLE" TRANSFORMATION_TYPE ="Source Definition" TYPE ="SOURCE"/>
        <INSTANCE DESCRIPTION ="Aggregator to get distinct of customer group." NAME ="AGG_CUSTOMER_GROUP" REUSABLE ="NO" TRANSFORMATION_NAME ="AGG_CUSTOMER_GROUP" TRANSFORMATION_TYPE ="Aggregator" TYPE ="TRANSFORMATION"/>
        <INSTANCE DESCRIPTION ="This transformation takes Distinct value from source for customer_group column and hardcoded values for other columns." NAME ="EXP_UW_MAJOR_ACCTS" REUSABLE ="NO" TRANSFORMATION_NAME ="EXP_UW_MAJOR_ACCTS" TRANSFORMATION_TYPE ="Expression" TYPE ="TRANSFORMATION"/>
        <INSTANCE DESCRIPTION ="This Source Qualifier reads the records from flatfile SCA_ACCTGRP_TABLE" NAME ="SQ_SCA_ACCTGRP_TABLE" REUSABLE ="NO" TRANSFORMATION_NAME ="SQ_SCA_ACCTGRP_TABLE" TRANSFORMATION_TYPE ="Source Qualifier" TYPE ="TRANSFORMATION">
            <ASSOCIATED_SOURCE_INSTANCE NAME ="SCA_ACCTGRP_TABLE"/>
        </INSTANCE>
        <CONNECTOR FROMFIELD ="LEGACY_SOURCE" FROMINSTANCE ="AGG_CUSTOMER_GROUP" FROMINSTANCETYPE ="Aggregator" TOFIELD ="LEGACY_SOURCE" TOINSTANCE ="CUSTOMER_GROUP" TOINSTANCETYPE ="Target Definition"/>
        <CONNECTOR FROMFIELD ="CUSTOMER_GROUP" FROMINSTANCE ="AGG_CUSTOMER_GROUP" FROMINSTANCETYPE ="Aggregator" TOFIELD ="CUSTOMER_GROUP" TOINSTANCE ="CUSTOMER_GROUP" TOINSTANCETYPE ="Target Definition"/>
        <CONNECTOR FROMFIELD ="LOAD_DATE" FROMINSTANCE ="AGG_CUSTOMER_GROUP" FROMINSTANCETYPE ="Aggregator" TOFIELD ="LOAD_DATE" TOINSTANCE ="CUSTOMER_GROUP" TOINSTANCETYPE ="Target Definition"/>
        <CONNECTOR FROMFIELD ="DATA_SOURCE" FROMINSTANCE ="AGG_CUSTOMER_GROUP" FROMINSTANCETYPE ="Aggregator" TOFIELD ="DATA_SOURCE" TOINSTANCE ="CUSTOMER_GROUP" TOINSTANCETYPE ="Target Definition"/>
        <CONNECTOR FROMFIELD ="SCAACCTGRP" FROMINSTANCE ="SCA_ACCTGRP_TABLE" FROMINSTANCETYPE ="Source Definition" TOFIELD ="SCAACCTGRP" TOINSTANCE ="SQ_SCA_ACCTGRP_TABLE" TOINSTANCETYPE ="Source Qualifier"/>
        <CONNECTOR FROMFIELD ="O_DATA_SOURCE" FROMINSTANCE ="EXP_UW_MAJOR_ACCTS" FROMINSTANCETYPE ="Expression" TOFIELD ="DATA_SOURCE" TOINSTANCE ="AGG_CUSTOMER_GROUP" TOINSTANCETYPE ="Aggregator"/>
        <CONNECTOR FROMFIELD ="O_CUSTOMER_GROUP" FROMINSTANCE ="EXP_UW_MAJOR_ACCTS" FROMINSTANCETYPE ="Expression" TOFIELD ="CUSTOMER_GROUP" TOINSTANCE ="AGG_CUSTOMER_GROUP" TOINSTANCETYPE ="Aggregator"/>
        <CONNECTOR FROMFIELD ="O_LEGACY_SOURCE" FROMINSTANCE ="EXP_UW_MAJOR_ACCTS" FROMINSTANCETYPE ="Expression" TOFIELD ="LEGACY_SOURCE" TOINSTANCE ="AGG_CUSTOMER_GROUP" TOINSTANCETYPE ="Aggregator"/>
        <CONNECTOR FROMFIELD ="O_LOAD_DATE" FROMINSTANCE ="EXP_UW_MAJOR_ACCTS" FROMINSTANCETYPE ="Expression" TOFIELD ="LOAD_DATE" TOINSTANCE ="AGG_CUSTOMER_GROUP" TOINSTANCETYPE ="Aggregator"/>
        <CONNECTOR FROMFIELD ="SCAACCTGRP" FROMINSTANCE ="SQ_SCA_ACCTGRP_TABLE" FROMINSTANCETYPE ="Source Qualifier" TOFIELD ="CUSTOMER_GROUP" TOINSTANCE ="EXP_UW_MAJOR_ACCTS" TOINSTANCETYPE ="Expression"/>
        <TARGETLOADORDER ORDER ="1" TARGETINSTANCE ="CUSTOMER_GROUP"/>
        <ERPINFO/>
        <METADATAEXTENSION DATATYPE ="STRING" DESCRIPTION ="Conversion Mapping Name with version " DOMAINNAME ="User Defined Metadata Domain" ISCLIENTEDITABLE ="YES" ISCLIENTVISIBLE ="YES" ISREUSABLE ="NO" ISSHAREREAD ="NO" ISSHAREWRITE ="NO" MAXLENGTH ="256" NAME ="CONV_MAP_NAME" VALUE ="" VENDORNAME ="INFORMATICA"/>
    </MAPPING>
    <CONFIG DESCRIPTION ="Default session configuration object" ISDEFAULT ="YES" NAME ="default_session_config" VERSIONNUMBER ="1">
        <ATTRIBUTE NAME ="Advanced" VALUE =""/>
        <ATTRIBUTE NAME ="Constraint based load ordering" VALUE ="NO"/>
        <ATTRIBUTE NAME ="Cache LOOKUP() function" VALUE ="YES"/>
        <ATTRIBUTE NAME ="Default buffer block size" VALUE ="Auto"/>
        <ATTRIBUTE NAME ="Line Sequential buffer length" VALUE ="1024"/>
        <ATTRIBUTE NAME ="Maximum Memory Allowed For Auto Memory Attributes" VALUE ="512MB"/>
        <ATTRIBUTE NAME ="Maximum Percentage of Total Memory Allowed For Auto Memory Attributes" VALUE ="5"/>
        <ATTRIBUTE NAME ="Additional Concurrent Pipelines for Lookup Cache Creation" VALUE ="Auto"/>
        <ATTRIBUTE NAME ="Custom Properties" VALUE =""/>
        <ATTRIBUTE NAME ="Pre-build lookup cache" VALUE ="Auto"/>
        <ATTRIBUTE NAME ="Optimization Level" VALUE ="Medium"/>
        <ATTRIBUTE NAME ="DateTime Format String" VALUE ="MM/DD/YYYY HH24:MI:SS.US"/>
        <ATTRIBUTE NAME ="Pre 85 Timestamp Compatibility" VALUE ="NO"/>
        <ATTRIBUTE NAME ="Log Options" VALUE ="0"/>
        <ATTRIBUTE NAME ="Save session log by" VALUE ="Session runs"/>
        <ATTRIBUTE NAME ="Save session log for these runs" VALUE ="9"/>
        <ATTRIBUTE NAME ="Session Log File Max Size" VALUE ="0"/>
        <ATTRIBUTE NAME ="Session Log File Max Time Period" VALUE ="0"/>
        <ATTRIBUTE NAME ="Maximum Partial Session Log Files" VALUE ="1"/>
        <ATTRIBUTE NAME ="Writer Commit Statistics Log Frequency" VALUE ="1"/>
        <ATTRIBUTE NAME ="Writer Commit Statistics Log Interval" VALUE ="0"/>
        <ATTRIBUTE NAME ="Error handling" VALUE =""/>
        <ATTRIBUTE NAME ="Stop on errors" VALUE ="1"/>
        <ATTRIBUTE NAME ="Override tracing" VALUE ="None"/>
        <ATTRIBUTE NAME ="On Stored Procedure error" VALUE ="Stop"/>
        <ATTRIBUTE NAME ="On Pre-session command task error" VALUE ="Stop"/>
        <ATTRIBUTE NAME ="On Pre-Post SQL error" VALUE ="Stop"/>
        <ATTRIBUTE NAME ="Enable Recovery" VALUE ="NO"/>
        <ATTRIBUTE NAME ="Error Log Type" VALUE ="None"/>
        <ATTRIBUTE NAME ="Error Log Table Name Prefix" VALUE =""/>
        <ATTRIBUTE NAME ="Error Log File Name" VALUE ="PMError.log"/>
        <ATTRIBUTE NAME ="Log Source Row Data" VALUE ="NO"/>
        <ATTRIBUTE NAME ="Data Column Delimiter" VALUE ="|"/>
        <ATTRIBUTE NAME ="Partitioning Options" VALUE =""/>
        <ATTRIBUTE NAME ="Dynamic Partitioning" VALUE ="Disabled"/>
        <ATTRIBUTE NAME ="Number of Partitions" VALUE ="1"/>
        <ATTRIBUTE NAME ="Multiplication Factor" VALUE ="Auto"/>
        <ATTRIBUTE NAME ="Session on Grid" VALUE =""/>
        <ATTRIBUTE NAME ="Is Enabled" VALUE ="NO"/>
    </CONFIG>
    <SESSION DESCRIPTION ="This session loads records into target table customer_group." ISVALID ="YES" MAPPINGNAME ="m_UW_MAJOR_ACCTS" NAME ="s_m_UW_MAJOR_ACCTS" REUSABLE ="YES" SORTORDER ="Binary" VERSIONNUMBER ="1">
        <SESSTRANSFORMATIONINST ISREPARTITIONPOINT ="YES" PARTITIONTYPE ="PASS THROUGH" PIPELINE ="1" SINSTANCENAME ="CUSTOMER_GROUP" STAGE ="1" TRANSFORMATIONNAME ="CUSTOMER_GROUP" TRANSFORMATIONTYPE ="Target Definition"/>
        <SESSTRANSFORMATIONINST ISREPARTITIONPOINT ="NO" PIPELINE ="1" SINSTANCENAME ="EXP_UW_MAJOR_ACCTS" STAGE ="2" TRANSFORMATIONNAME ="EXP_UW_MAJOR_ACCTS" TRANSFORMATIONTYPE ="Expression">
            <PARTITION DESCRIPTION ="" NAME ="Partition #1"/>
        </SESSTRANSFORMATIONINST>
        <SESSTRANSFORMATIONINST ISREPARTITIONPOINT ="YES" PARTITIONTYPE ="PASS THROUGH" PIPELINE ="1" SINSTANCENAME ="SQ_SCA_ACCTGRP_TABLE" STAGE ="2" TRANSFORMATIONNAME ="SQ_SCA_ACCTGRP_TABLE" TRANSFORMATIONTYPE ="Source Qualifier"/>
        <SESSTRANSFORMATIONINST ISREPARTITIONPOINT ="YES" PARTITIONTYPE ="HASH AUTO KEYS" PIPELINE ="1" SINSTANCENAME ="AGG_CUSTOMER_GROUP" STAGE ="3" TRANSFORMATIONNAME ="AGG_CUSTOMER_GROUP" TRANSFORMATIONTYPE ="Aggregator">
            <PARTITION DESCRIPTION ="" NAME ="Partition #1"/>
        </SESSTRANSFORMATIONINST>
        <SESSTRANSFORMATIONINST ISREPARTITIONPOINT ="NO" PIPELINE ="0" SINSTANCENAME ="SCA_ACCTGRP_TABLE" STAGE ="0" TRANSFORMATIONNAME ="SCA_ACCTGRP_TABLE" TRANSFORMATIONTYPE ="Source Definition">
            <FLATFILE CODEPAGE ="US-ASCII" CONSECDELIMITERSASONE ="NO" DELIMITED ="YES" DELIMITERS ="," ESCAPE_CHARACTER ="" KEEPESCAPECHAR ="NO" LINESEQUENTIAL ="NO" MULTIDELIMITERSASAND ="NO" NULLCHARTYPE ="ASCII" NULL_CHARACTER ="*" PADBYTES ="1" QUOTE_CHARACTER ="NONE" REPEATABLE ="NO" ROWDELIMITER ="0" SKIPROWS ="1" STRIPTRAILINGBLANKS ="NO"/>
        </SESSTRANSFORMATIONINST>
        <CONFIGREFERENCE REFOBJECTNAME ="default_session_config" TYPE ="Session config">
            <ATTRIBUTE NAME ="Save session log for these runs" VALUE ="9"/>
            <ATTRIBUTE NAME ="Stop on errors" VALUE ="1"/>
        </CONFIGREFERENCE>
        <SESSIONEXTENSION NAME ="Relational Writer" SINSTANCENAME ="CUSTOMER_GROUP" SUBTYPE ="Relational Writer" TRANSFORMATIONTYPE ="Target Definition" TYPE ="WRITER">
            <CONNECTIONREFERENCE CNXREFNAME ="DB Connection" CONNECTIONNAME ="Demand_Prioritization" CONNECTIONNUMBER ="1" CONNECTIONSUBTYPE ="Microsoft SQL Server" CONNECTIONTYPE ="Relational" VARIABLE =""/>
            <ATTRIBUTE NAME ="Target load type" VALUE ="Normal"/>
            <ATTRIBUTE NAME ="Insert" VALUE ="YES"/>
            <ATTRIBUTE NAME ="Update as Update" VALUE ="NO"/>
            <ATTRIBUTE NAME ="Update as Insert" VALUE ="NO"/>
            <ATTRIBUTE NAME ="Update else Insert" VALUE ="NO"/>
            <ATTRIBUTE NAME ="Delete" VALUE ="NO"/>
            <ATTRIBUTE NAME ="Truncate target table option" VALUE ="NO"/>
            <ATTRIBUTE NAME ="Reject file directory" VALUE ="$PMBadFileDir&#x5c;DPR_LITE&#x5c;BAD&#x5c;"/>
            <ATTRIBUTE NAME ="Reject filename" VALUE ="s_m_UW_MAJOR_ACCTS.bad"/>
        </SESSIONEXTENSION>
        <SESSIONEXTENSION NAME ="File Reader" SINSTANCENAME ="SQ_SCA_ACCTGRP_TABLE" SUBTYPE ="File Reader" TRANSFORMATIONTYPE ="Source Qualifier" TYPE ="READER"/>
        <SESSIONEXTENSION DSQINSTNAME ="SQ_SCA_ACCTGRP_TABLE" DSQINSTTYPE ="Source Qualifier" NAME ="File Reader" SINSTANCENAME ="SCA_ACCTGRP_TABLE" SUBTYPE ="File Reader" TRANSFORMATIONTYPE ="Source Definition" TYPE ="READER">
            <CONNECTIONREFERENCE CNXREFNAME ="Connection" CONNECTIONNAME ="" CONNECTIONNUMBER ="1" CONNECTIONSUBTYPE ="" CONNECTIONTYPE ="" VARIABLE =""/>
            <ATTRIBUTE NAME ="Input Type" VALUE ="File"/>
            <ATTRIBUTE NAME ="Concurrent read partitioning" VALUE ="Optimize throughput"/>
            <ATTRIBUTE NAME ="Command Type" VALUE ="Command Generating Data"/>
            <ATTRIBUTE NAME ="Source filetype" VALUE ="Direct"/>
            <ATTRIBUTE NAME ="Source file directory" VALUE ="$PMSourceFileDir&#x5c;DPR_LITE&#x5c;SRC&#x5c;"/>
            <ATTRIBUTE NAME ="Source filename" VALUE ="SCA_ACCTGRP_TABLE.csv"/>
            <ATTRIBUTE NAME ="Command" VALUE =""/>
            <ATTRIBUTE NAME ="File Reader Truncate String Null" VALUE ="NO"/>
            <ATTRIBUTE NAME ="Codepage Parameter" VALUE =""/>
        </SESSIONEXTENSION>
        <ATTRIBUTE NAME ="General Options" VALUE =""/>
        <ATTRIBUTE NAME ="Write Backward Compatible Session Log File" VALUE ="YES"/>
        <ATTRIBUTE NAME ="Session Log File Name" VALUE ="s_m_UW_MAJOR_ACCTS.log"/>
        <ATTRIBUTE NAME ="Session Log File directory" VALUE ="$PMSessionLogDir&#x5c;DPR_LITE&#x5c;LOG&#x5c;"/>
        <ATTRIBUTE NAME ="Parameter Filename" VALUE =""/>
        <ATTRIBUTE NAME ="Enable Test Load" VALUE ="NO"/>
        <ATTRIBUTE NAME ="$Source connection value" VALUE =""/>
        <ATTRIBUTE NAME ="$Target connection value" VALUE ="Relational:Demand_Prioritization"/>
        <ATTRIBUTE NAME ="Treat source rows as" VALUE ="Insert"/>
        <ATTRIBUTE NAME ="Commit Type" VALUE ="Target"/>
        <ATTRIBUTE NAME ="Commit Interval" VALUE ="2000000"/>
        <ATTRIBUTE NAME ="Commit On End Of File" VALUE ="YES"/>
        <ATTRIBUTE NAME ="Rollback Transactions on Errors" VALUE ="NO"/>
        <ATTRIBUTE NAME ="Recovery Strategy" VALUE ="Restart task"/>
        <ATTRIBUTE NAME ="Java Classpath" VALUE =""/>
        <ATTRIBUTE NAME ="Performance" VALUE =""/>
        <ATTRIBUTE NAME ="DTM buffer size" VALUE ="Auto"/>
        <ATTRIBUTE NAME ="Collect performance data" VALUE ="NO"/>
        <ATTRIBUTE NAME ="Write performance data to repository" VALUE ="NO"/>
        <ATTRIBUTE NAME ="Incremental Aggregation" VALUE ="NO"/>
        <ATTRIBUTE NAME ="Enable high precision" VALUE ="NO"/>
        <ATTRIBUTE NAME ="Session retry on deadlock" VALUE ="NO"/>
        <ATTRIBUTE NAME ="Pushdown Optimization" VALUE ="None"/>
        <ATTRIBUTE NAME ="Allow Temporary View for Pushdown" VALUE ="NO"/>
        <ATTRIBUTE NAME ="Allow Temporary Sequence for Pushdown" VALUE ="NO"/>
        <ATTRIBUTE NAME ="Allow Pushdown for User Incompatible Connections" VALUE ="NO"/>
        <METADATAEXTENSION DATATYPE ="STRING" DESCRIPTION ="Conversion Mapping  Name with version " DOMAINNAME ="User Defined Metadata Domain" ISCLIENTEDITABLE ="YES" ISCLIENTVISIBLE ="YES" ISREUSABLE ="NO" ISSHAREREAD ="NO" ISSHAREWRITE ="NO" MAXLENGTH ="256" NAME ="CONV_MAP_NAME" VALUE ="" VENDORNAME ="INFORMATICA"/>
    </SESSION>
    <WORKFLOW DESCRIPTION ="loads the data into CUSTOMER_GROUP TABLE." ISENABLED ="YES" ISRUNNABLESERVICE ="NO" ISSERVICE ="NO" ISVALID ="YES" NAME ="wf_s_m_UW_MAJOR_ACCTS" REUSABLE_SCHEDULER ="NO" SCHEDULERNAME ="Scheduler" SERVERNAME ="Domain10_PRD_Int_Svc" SERVER_DOMAINNAME ="Domain10_PRD" SUSPEND_ON_ERROR ="NO" TASKS_MUST_RUN_ON_SERVER ="NO" VERSIONNUMBER ="1">
        <SCHEDULER DESCRIPTION ="" NAME ="Scheduler" REUSABLE ="NO" VERSIONNUMBER ="1">
            <SCHEDULEINFO SCHEDULETYPE ="ONDEMAND"/>
        </SCHEDULER>
        <TASK DESCRIPTION ="" NAME ="Start" REUSABLE ="NO" TYPE ="Start" VERSIONNUMBER ="1"/>
        <TASKINSTANCE DESCRIPTION ="" FAIL_PARENT_IF_INSTANCE_DID_NOT_RUN ="YES" FAIL_PARENT_IF_INSTANCE_FAILS ="YES" ISENABLED ="YES" NAME ="s_m_UW_MAJOR_ACCTS" REUSABLE ="YES" TASKNAME ="s_m_UW_MAJOR_ACCTS" TASKTYPE ="Session" TREAT_INPUTLINK_AS_AND ="NO"/>
        <TASKINSTANCE DESCRIPTION ="" ISENABLED ="YES" NAME ="Start" REUSABLE ="NO" TASKNAME ="Start" TASKTYPE ="Start"/>
        <WORKFLOWLINK CONDITION ="" FROMTASK ="Start" TOTASK ="s_m_UW_MAJOR_ACCTS"/>
        <WORKFLOWVARIABLE DATATYPE ="date/time" DEFAULTVALUE ="" DESCRIPTION ="The time this task started" ISNULL ="NO" ISPERSISTENT ="NO" NAME ="$s_m_UW_MAJOR_ACCTS.StartTime" USERDEFINED ="NO"/>
        <WORKFLOWVARIABLE DATATYPE ="date/time" DEFAULTVALUE ="" DESCRIPTION ="The time this task completed" ISNULL ="NO" ISPERSISTENT ="NO" NAME ="$s_m_UW_MAJOR_ACCTS.EndTime" USERDEFINED ="NO"/>
        <WORKFLOWVARIABLE DATATYPE ="integer" DEFAULTVALUE ="" DESCRIPTION ="Status of this task&apos;s execution" ISNULL ="NO" ISPERSISTENT ="NO" NAME ="$s_m_UW_MAJOR_ACCTS.Status" USERDEFINED ="NO"/>
        <WORKFLOWVARIABLE DATATYPE ="integer" DEFAULTVALUE ="" DESCRIPTION ="Status of the previous task that is not disabled" ISNULL ="NO" ISPERSISTENT ="NO" NAME ="$s_m_UW_MAJOR_ACCTS.PrevTaskStatus" USERDEFINED ="NO"/>
        <WORKFLOWVARIABLE DATATYPE ="integer" DEFAULTVALUE ="" DESCRIPTION ="Error code for this task&apos;s execution" ISNULL ="NO" ISPERSISTENT ="NO" NAME ="$s_m_UW_MAJOR_ACCTS.ErrorCode" USERDEFINED ="NO"/>
        <WORKFLOWVARIABLE DATATYPE ="string" DEFAULTVALUE ="" DESCRIPTION ="Error message for this task&apos;s execution" ISNULL ="NO" ISPERSISTENT ="NO" NAME ="$s_m_UW_MAJOR_ACCTS.ErrorMsg" USERDEFINED ="NO"/>
        <WORKFLOWVARIABLE DATATYPE ="integer" DEFAULTVALUE ="" DESCRIPTION ="Rows successfully read" ISNULL ="NO" ISPERSISTENT ="NO" NAME ="$s_m_UW_MAJOR_ACCTS.SrcSuccessRows" USERDEFINED ="NO"/>
        <WORKFLOWVARIABLE DATATYPE ="integer" DEFAULTVALUE ="" DESCRIPTION ="Rows failed to read" ISNULL ="NO" ISPERSISTENT ="NO" NAME ="$s_m_UW_MAJOR_ACCTS.SrcFailedRows" USERDEFINED ="NO"/>
        <WORKFLOWVARIABLE DATATYPE ="integer" DEFAULTVALUE ="" DESCRIPTION ="Rows successfully loaded" ISNULL ="NO" ISPERSISTENT ="NO" NAME ="$s_m_UW_MAJOR_ACCTS.TgtSuccessRows" USERDEFINED ="NO"/>
        <WORKFLOWVARIABLE DATATYPE ="integer" DEFAULTVALUE ="" DESCRIPTION ="Rows failed to load" ISNULL ="NO" ISPERSISTENT ="NO" NAME ="$s_m_UW_MAJOR_ACCTS.TgtFailedRows" USERDEFINED ="NO"/>
        <WORKFLOWVARIABLE DATATYPE ="integer" DEFAULTVALUE ="" DESCRIPTION ="Total number of transformation errors" ISNULL ="NO" ISPERSISTENT ="NO" NAME ="$s_m_UW_MAJOR_ACCTS.TotalTransErrors" USERDEFINED ="NO"/>
        <WORKFLOWVARIABLE DATATYPE ="integer" DEFAULTVALUE ="" DESCRIPTION ="First error code" ISNULL ="NO" ISPERSISTENT ="NO" NAME ="$s_m_UW_MAJOR_ACCTS.FirstErrorCode" USERDEFINED ="NO"/>
        <WORKFLOWVARIABLE DATATYPE ="string" DEFAULTVALUE ="" DESCRIPTION ="First error message" ISNULL ="NO" ISPERSISTENT ="NO" NAME ="$s_m_UW_MAJOR_ACCTS.FirstErrorMsg" USERDEFINED ="NO"/>
        <WORKFLOWVARIABLE DATATYPE ="date/time" DEFAULTVALUE ="" DESCRIPTION ="The time this task started" ISNULL ="NO" ISPERSISTENT ="NO" NAME ="$Start.StartTime" USERDEFINED ="NO"/>
        <WORKFLOWVARIABLE DATATYPE ="date/time" DEFAULTVALUE ="" DESCRIPTION ="The time this task completed" ISNULL ="NO" ISPERSISTENT ="NO" NAME ="$Start.EndTime" USERDEFINED ="NO"/>
        <WORKFLOWVARIABLE DATATYPE ="integer" DEFAULTVALUE ="" DESCRIPTION ="Status of this task&apos;s execution" ISNULL ="NO" ISPERSISTENT ="NO" NAME ="$Start.Status" USERDEFINED ="NO"/>
        <WORKFLOWVARIABLE DATATYPE ="integer" DEFAULTVALUE ="" DESCRIPTION ="Status of the previous task that is not disabled" ISNULL ="NO" ISPERSISTENT ="NO" NAME ="$Start.PrevTaskStatus" USERDEFINED ="NO"/>
        <WORKFLOWVARIABLE DATATYPE ="integer" DEFAULTVALUE ="" DESCRIPTION ="Error code for this task&apos;s execution" ISNULL ="NO" ISPERSISTENT ="NO" NAME ="$Start.ErrorCode" USERDEFINED ="NO"/>
        <WORKFLOWVARIABLE DATATYPE ="string" DEFAULTVALUE ="" DESCRIPTION ="Error message for this task&apos;s execution" ISNULL ="NO" ISPERSISTENT ="NO" NAME ="$Start.ErrorMsg" USERDEFINED ="NO"/>
        <ATTRIBUTE NAME ="Parameter Filename" VALUE =""/>
        <ATTRIBUTE NAME ="Write Backward Compatible Workflow Log File" VALUE ="YES"/>
        <ATTRIBUTE NAME ="Workflow Log File Name" VALUE ="wf_s_m_UW_Major_Accts.log"/>
        <ATTRIBUTE NAME ="Workflow Log File Directory" VALUE ="$PMWorkflowLogDir&#x5c;DPR_LITE&#x5c;LOG&#x5c;"/>
        <ATTRIBUTE NAME ="Save Workflow log by" VALUE ="By runs"/>
        <ATTRIBUTE NAME ="Save workflow log for these runs" VALUE ="9"/>
        <ATTRIBUTE NAME ="Service Name" VALUE =""/>
        <ATTRIBUTE NAME ="Service Timeout" VALUE ="0"/>
        <ATTRIBUTE NAME ="Is Service Visible" VALUE ="NO"/>
        <ATTRIBUTE NAME ="Is Service Protected" VALUE ="NO"/>
        <ATTRIBUTE NAME ="Fail task after wait time" VALUE ="0"/>
        <ATTRIBUTE NAME ="Enable HA recovery" VALUE ="NO"/>
        <ATTRIBUTE NAME ="Automatically recover terminated tasks" VALUE ="NO"/>
        <ATTRIBUTE NAME ="Service Level Name" VALUE ="Default"/>
        <ATTRIBUTE NAME ="Allow concurrent run with unique run instance name" VALUE ="NO"/>
        <ATTRIBUTE NAME ="Allow concurrent run with same run instance name" VALUE ="NO"/>
        <ATTRIBUTE NAME ="Maximum number of concurrent runs" VALUE ="0"/>
        <ATTRIBUTE NAME ="Assigned Web Services Hubs" VALUE =""/>
        <ATTRIBUTE NAME ="Maximum number of concurrent runs per Hub" VALUE ="1000"/>
        <ATTRIBUTE NAME ="Expected Service Time" VALUE ="1"/>
        <METADATAEXTENSION DATATYPE ="STRING" DESCRIPTION ="Conversion Mapping Name with version " DOMAINNAME ="User Defined Metadata Domain" ISCLIENTEDITABLE ="YES" ISCLIENTVISIBLE ="YES" ISREUSABLE ="NO" ISSHAREREAD ="NO" ISSHAREWRITE ="NO" MAXLENGTH ="256" NAME ="CONV_MAP_NAME" VALUE ="" VENDORNAME ="INFORMATICA"/>
        <METADATAEXTENSION DATATYPE ="STRING" DESCRIPTION ="" DOMAINNAME ="User Defined Metadata Domain" ISCLIENTEDITABLE ="YES" ISCLIENTVISIBLE ="YES" ISREUSABLE ="NO" ISSHAREREAD ="NO" ISSHAREWRITE ="NO" MAXLENGTH ="256" NAME ="Extension" VALUE ="CM - MarginLoss - stgMarginLossExpenseToStgFactSalesNew v1.0" VENDORNAME ="INFORMATICA"/>
    </WORKFLOW>
</FOLDER>
</REPOSITORY>
</POWERMART>