<?xml version="1.0" encoding="Windows-1252"?>
<!DOCTYPE POWERMART SYSTEM "powrmart.dtd">
<POWERMART CREATION_DATE="05/20/2024 08:37:04" REPOSITORY_VERSION="187.96">
<REPOSITORY NAME="Domain10_Rep_Svc_Prd" VERSION="187" CODEPAGE="MS1252" DATABASETYPE="Microsoft SQL Server">
<FOLDER NAME="DPR_LITE" GROUP="" OWNER="Administrator" SHARED="NOTSHARED" DESCRIPTION="" PERMISSIONS="rwx---r--" UUID="4b44b41c-7d44-4fc1-bc99-a181286d85c7">
    <SOURCE BUSINESSNAME ="" DATABASETYPE ="Microsoft SQL Server" DBDNAME ="demand_prioritization_stage" DESCRIPTION ="" NAME ="ITEM" OBJECTVERSION ="1" OWNERNAME ="dbo" VERSIONNUMBER ="1">
        <SOURCEFIELD BUSINESSNAME ="" DATATYPE ="varchar" DESCRIPTION ="" FIELDNUMBER ="1" FIELDPROPERTY ="0" FIELDTYPE ="ELEMITEM" HIDDEN ="NO" KEYTYPE ="NOT A KEY" LENGTH ="0" LEVEL ="0" NAME ="LEGACY_SOURCE" NULLABLE ="NOTNULL" OCCURS ="0" OFFSET ="0" PHYSICALLENGTH ="10" PHYSICALOFFSET ="0" PICTURETEXT ="" PRECISION ="10" SCALE ="0" USAGE_FLAGS =""/>
        <SOURCEFIELD BUSINESSNAME ="" DATATYPE ="varchar" DESCRIPTION ="" FIELDNUMBER ="2" FIELDPROPERTY ="0" FIELDTYPE ="ELEMITEM" HIDDEN ="NO" KEYTYPE ="NOT A KEY" LENGTH ="0" LEVEL ="0" NAME ="ITEM_CODE" NULLABLE ="NOTNULL" OCCURS ="0" OFFSET ="0" PHYSICALLENGTH ="40" PHYSICALOFFSET ="10" PICTURETEXT ="" PRECISION ="40" SCALE ="0" USAGE_FLAGS =""/>
        <SOURCEFIELD BUSINESSNAME ="" DATATYPE ="varchar" DESCRIPTION ="" FIELDNUMBER ="3" FIELDPROPERTY ="0" FIELDTYPE ="ELEMITEM" HIDDEN ="NO" KEYTYPE ="NOT A KEY" LENGTH ="0" LEVEL ="0" NAME ="ITEM_DESCRIPTION" NULLABLE ="NOTNULL" OCCURS ="0" OFFSET ="0" PHYSICALLENGTH ="60" PHYSICALOFFSET ="50" PICTURETEXT ="" PRECISION ="60" SCALE ="0" USAGE_FLAGS =""/>
        <SOURCEFIELD BUSINESSNAME ="" DATATYPE ="varchar" DESCRIPTION ="" FIELDNUMBER ="4" FIELDPROPERTY ="0" FIELDTYPE ="ELEMITEM" HIDDEN ="NO" KEYTYPE ="NOT A KEY" LENGTH ="0" LEVEL ="0" NAME ="STYLE" NULLABLE ="NOTNULL" OCCURS ="0" OFFSET ="0" PHYSICALLENGTH ="10" PHYSICALOFFSET ="110" PICTURETEXT ="" PRECISION ="10" SCALE ="0" USAGE_FLAGS =""/>
        <SOURCEFIELD BUSINESSNAME ="" DATATYPE ="varchar" DESCRIPTION ="" FIELDNUMBER ="5" FIELDPROPERTY ="0" FIELDTYPE ="ELEMITEM" HIDDEN ="NO" KEYTYPE ="NOT A KEY" LENGTH ="0" LEVEL ="0" NAME ="COLOR" NULLABLE ="NOTNULL" OCCURS ="0" OFFSET ="0" PHYSICALLENGTH ="5" PHYSICALOFFSET ="120" PICTURETEXT ="" PRECISION ="5" SCALE ="0" USAGE_FLAGS =""/>
        <SOURCEFIELD BUSINESSNAME ="" DATATYPE ="varchar" DESCRIPTION ="" FIELDNUMBER ="6" FIELDPROPERTY ="0" FIELDTYPE ="ELEMITEM" HIDDEN ="NO" KEYTYPE ="NOT A KEY" LENGTH ="0" LEVEL ="0" NAME ="ITEM_CLASSIFICATION" NULLABLE ="NOTNULL" OCCURS ="0" OFFSET ="0" PHYSICALLENGTH ="3" PHYSICALOFFSET ="125" PICTURETEXT ="" PRECISION ="3" SCALE ="0" USAGE_FLAGS =""/>
        <SOURCEFIELD BUSINESSNAME ="" DATATYPE ="varchar" DESCRIPTION ="" FIELDNUMBER ="7" FIELDPROPERTY ="0" FIELDTYPE ="ELEMITEM" HIDDEN ="NO" KEYTYPE ="NOT A KEY" LENGTH ="0" LEVEL ="0" NAME ="ITEM_TYPE" NULLABLE ="NOTNULL" OCCURS ="0" OFFSET ="0" PHYSICALLENGTH ="3" PHYSICALOFFSET ="128" PICTURETEXT ="" PRECISION ="3" SCALE ="0" USAGE_FLAGS =""/>
        <SOURCEFIELD BUSINESSNAME ="" DATATYPE ="numeric" DESCRIPTION ="" FIELDNUMBER ="8" FIELDPROPERTY ="0" FIELDTYPE ="ELEMITEM" HIDDEN ="NO" KEYTYPE ="NOT A KEY" LENGTH ="5" LEVEL ="0" NAME ="CUMULATIVE_LEADTIME" NULLABLE ="NOTNULL" OCCURS ="0" OFFSET ="0" PHYSICALLENGTH ="3" PHYSICALOFFSET ="131" PICTURETEXT ="" PRECISION ="3" SCALE ="0" USAGE_FLAGS =""/>
        <SOURCEFIELD BUSINESSNAME ="" DATATYPE ="varchar" DESCRIPTION ="" FIELDNUMBER ="9" FIELDPROPERTY ="0" FIELDTYPE ="ELEMITEM" HIDDEN ="NO" KEYTYPE ="NOT A KEY" LENGTH ="0" LEVEL ="0" NAME ="BUSINESS_GROUPING" NULLABLE ="NOTNULL" OCCURS ="0" OFFSET ="5" PHYSICALLENGTH ="15" PHYSICALOFFSET ="134" PICTURETEXT ="" PRECISION ="15" SCALE ="0" USAGE_FLAGS =""/>
        <SOURCEFIELD BUSINESSNAME ="" DATATYPE ="varchar" DESCRIPTION ="" FIELDNUMBER ="10" FIELDPROPERTY ="0" FIELDTYPE ="ELEMITEM" HIDDEN ="NO" KEYTYPE ="NOT A KEY" LENGTH ="0" LEVEL ="0" NAME ="BUSINESS_GROUPING_DESCRIPTION" NULLABLE ="NOTNULL" OCCURS ="0" OFFSET ="5" PHYSICALLENGTH ="80" PHYSICALOFFSET ="149" PICTURETEXT ="" PRECISION ="80" SCALE ="0" USAGE_FLAGS =""/>
        <SOURCEFIELD BUSINESSNAME ="" DATATYPE ="varchar" DESCRIPTION ="" FIELDNUMBER ="11" FIELDPROPERTY ="0" FIELDTYPE ="ELEMITEM" HIDDEN ="NO" KEYTYPE ="NOT A KEY" LENGTH ="0" LEVEL ="0" NAME ="UNIT_OF_MEASURE" NULLABLE ="NOTNULL" OCCURS ="0" OFFSET ="5" PHYSICALLENGTH ="10" PHYSICALOFFSET ="229" PICTURETEXT ="" PRECISION ="10" SCALE ="0" USAGE_FLAGS =""/>
        <SOURCEFIELD BUSINESSNAME ="" DATATYPE ="numeric" DESCRIPTION ="" FIELDNUMBER ="12" FIELDPROPERTY ="0" FIELDTYPE ="ELEMITEM" HIDDEN ="NO" KEYTYPE ="NOT A KEY" LENGTH ="13" LEVEL ="0" NAME ="UNIT_COST" NULLABLE ="NOTNULL" OCCURS ="0" OFFSET ="5" PHYSICALLENGTH ="11" PHYSICALOFFSET ="239" PICTURETEXT ="" PRECISION ="11" SCALE ="6" USAGE_FLAGS =""/>
        <SOURCEFIELD BUSINESSNAME ="" DATATYPE ="numeric" DESCRIPTION ="" FIELDNUMBER ="13" FIELDPROPERTY ="0" FIELDTYPE ="ELEMITEM" HIDDEN ="NO" KEYTYPE ="NOT A KEY" LENGTH ="5" LEVEL ="0" NAME ="RECEIPT_PERIOD" NULLABLE ="NULL" OCCURS ="0" OFFSET ="18" PHYSICALLENGTH ="3" PHYSICALOFFSET ="250" PICTURETEXT ="" PRECISION ="3" SCALE ="0" USAGE_FLAGS =""/>
        <SOURCEFIELD BUSINESSNAME ="" DATATYPE ="numeric" DESCRIPTION ="" FIELDNUMBER ="14" FIELDPROPERTY ="0" FIELDTYPE ="ELEMITEM" HIDDEN ="NO" KEYTYPE ="NOT A KEY" LENGTH ="9" LEVEL ="0" NAME ="MINIMUM_ORDER_QUANTITY" NULLABLE ="NOTNULL" OCCURS ="0" OFFSET ="23" PHYSICALLENGTH ="7" PHYSICALOFFSET ="253" PICTURETEXT ="" PRECISION ="7" SCALE ="0" USAGE_FLAGS =""/>
        <SOURCEFIELD BUSINESSNAME ="" DATATYPE ="numeric" DESCRIPTION ="" FIELDNUMBER ="15" FIELDPROPERTY ="0" FIELDTYPE ="ELEMITEM" HIDDEN ="NO" KEYTYPE ="NOT A KEY" LENGTH ="9" LEVEL ="0" NAME ="ORDER_MULTIPLE_QUANTITY" NULLABLE ="NOTNULL" OCCURS ="0" OFFSET ="32" PHYSICALLENGTH ="7" PHYSICALOFFSET ="260" PICTURETEXT ="" PRECISION ="7" SCALE ="0" USAGE_FLAGS =""/>
        <SOURCEFIELD BUSINESSNAME ="" DATATYPE ="varchar" DESCRIPTION ="" FIELDNUMBER ="16" FIELDPROPERTY ="0" FIELDTYPE ="ELEMITEM" HIDDEN ="NO" KEYTYPE ="NOT A KEY" LENGTH ="0" LEVEL ="0" NAME ="PLANNER_CODE" NULLABLE ="NOTNULL" OCCURS ="0" OFFSET ="41" PHYSICALLENGTH ="15" PHYSICALOFFSET ="267" PICTURETEXT ="" PRECISION ="15" SCALE ="0" USAGE_FLAGS =""/>
        <SOURCEFIELD BUSINESSNAME ="" DATATYPE ="varchar" DESCRIPTION ="" FIELDNUMBER ="17" FIELDPROPERTY ="0" FIELDTYPE ="ELEMITEM" HIDDEN ="NO" KEYTYPE ="NOT A KEY" LENGTH ="0" LEVEL ="0" NAME ="BRAND_CODE" NULLABLE ="NOTNULL" OCCURS ="0" OFFSET ="41" PHYSICALLENGTH ="15" PHYSICALOFFSET ="282" PICTURETEXT ="" PRECISION ="15" SCALE ="0" USAGE_FLAGS =""/>
        <SOURCEFIELD BUSINESSNAME ="" DATATYPE ="varchar" DESCRIPTION ="" FIELDNUMBER ="18" FIELDPROPERTY ="0" FIELDTYPE ="ELEMITEM" HIDDEN ="NO" KEYTYPE ="NOT A KEY" LENGTH ="0" LEVEL ="0" NAME ="BRAND_DESCRIPTION" NULLABLE ="NOTNULL" OCCURS ="0" OFFSET ="41" PHYSICALLENGTH ="60" PHYSICALOFFSET ="297" PICTURETEXT ="" PRECISION ="60" SCALE ="0" USAGE_FLAGS =""/>
        <SOURCEFIELD BUSINESSNAME ="" DATATYPE ="varchar" DESCRIPTION ="" FIELDNUMBER ="19" FIELDPROPERTY ="0" FIELDTYPE ="ELEMITEM" HIDDEN ="NO" KEYTYPE ="NOT A KEY" LENGTH ="0" LEVEL ="0" NAME ="MANUFACTURING_PRODUCT_FAMILY" NULLABLE ="NOTNULL" OCCURS ="0" OFFSET ="41" PHYSICALLENGTH ="15" PHYSICALOFFSET ="357" PICTURETEXT ="" PRECISION ="15" SCALE ="0" USAGE_FLAGS =""/>
        <SOURCEFIELD BUSINESSNAME ="" DATATYPE ="varchar" DESCRIPTION ="" FIELDNUMBER ="20" FIELDPROPERTY ="0" FIELDTYPE ="ELEMITEM" HIDDEN ="NO" KEYTYPE ="NOT A KEY" LENGTH ="0" LEVEL ="0" NAME ="ABC_CODE" NULLABLE ="NOTNULL" OCCURS ="0" OFFSET ="41" PHYSICALLENGTH ="3" PHYSICALOFFSET ="372" PICTURETEXT ="" PRECISION ="3" SCALE ="0" USAGE_FLAGS =""/>
        <SOURCEFIELD BUSINESSNAME ="" DATATYPE ="numeric" DESCRIPTION ="" FIELDNUMBER ="21" FIELDPROPERTY ="0" FIELDTYPE ="ELEMITEM" HIDDEN ="NO" KEYTYPE ="NOT A KEY" LENGTH ="9" LEVEL ="0" NAME ="SERVICE_LEVEL" NULLABLE ="NULL" OCCURS ="0" OFFSET ="41" PHYSICALLENGTH ="7" PHYSICALOFFSET ="375" PICTURETEXT ="" PRECISION ="7" SCALE ="0" USAGE_FLAGS =""/>
        <SOURCEFIELD BUSINESSNAME ="" DATATYPE ="datetime" DESCRIPTION ="" FIELDNUMBER ="22" FIELDPROPERTY ="0" FIELDTYPE ="ELEMITEM" HIDDEN ="NO" KEYTYPE ="NOT A KEY" LENGTH ="19" LEVEL ="0" NAME ="LOAD_DATE" NULLABLE ="NOTNULL" OCCURS ="0" OFFSET ="50" PHYSICALLENGTH ="23" PHYSICALOFFSET ="382" PICTURETEXT ="" PRECISION ="23" SCALE ="3" USAGE_FLAGS =""/>
        <SOURCEFIELD BUSINESSNAME ="" DATATYPE ="varchar" DESCRIPTION ="" FIELDNUMBER ="23" FIELDPROPERTY ="0" FIELDTYPE ="ELEMITEM" HIDDEN ="NO" KEYTYPE ="NOT A KEY" LENGTH ="0" LEVEL ="0" NAME ="DATA_SOURCE" NULLABLE ="NOTNULL" OCCURS ="0" OFFSET ="69" PHYSICALLENGTH ="60" PHYSICALOFFSET ="405" PICTURETEXT ="" PRECISION ="60" SCALE ="0" USAGE_FLAGS =""/>
        <SOURCEFIELD BUSINESSNAME ="" DATATYPE ="varchar" DESCRIPTION ="" FIELDNUMBER ="24" FIELDPROPERTY ="0" FIELDTYPE ="ELEMITEM" HIDDEN ="NO" KEYTYPE ="NOT A KEY" LENGTH ="0" LEVEL ="0" NAME ="STYLE_GROUP" NULLABLE ="NULL" OCCURS ="0" OFFSET ="69" PHYSICALLENGTH ="255" PHYSICALOFFSET ="465" PICTURETEXT ="" PRECISION ="255" SCALE ="0" USAGE_FLAGS =""/>
        <SOURCEFIELD BUSINESSNAME ="" DATATYPE ="varchar" DESCRIPTION ="" FIELDNUMBER ="25" FIELDPROPERTY ="0" FIELDTYPE ="ELEMITEM" HIDDEN ="NO" KEYTYPE ="NOT A KEY" LENGTH ="0" LEVEL ="0" NAME ="PRODUCT_GROUP" NULLABLE ="NULL" OCCURS ="0" OFFSET ="69" PHYSICALLENGTH ="255" PHYSICALOFFSET ="720" PICTURETEXT ="" PRECISION ="255" SCALE ="0" USAGE_FLAGS =""/>
        <SOURCEFIELD BUSINESSNAME ="" DATATYPE ="varchar" DESCRIPTION ="" FIELDNUMBER ="26" FIELDPROPERTY ="0" FIELDTYPE ="ELEMITEM" HIDDEN ="NO" KEYTYPE ="NOT A KEY" LENGTH ="0" LEVEL ="0" NAME ="CAPACITY_GROUP" NULLABLE ="NULL" OCCURS ="0" OFFSET ="69" PHYSICALLENGTH ="255" PHYSICALOFFSET ="975" PICTURETEXT ="" PRECISION ="255" SCALE ="0" USAGE_FLAGS =""/>
        <SOURCEFIELD BUSINESSNAME ="" DATATYPE ="varchar" DESCRIPTION ="" FIELDNUMBER ="27" FIELDPROPERTY ="0" FIELDTYPE ="ELEMITEM" HIDDEN ="NO" KEYTYPE ="NOT A KEY" LENGTH ="0" LEVEL ="0" NAME ="ATTRIBUTE_CODE" NULLABLE ="NULL" OCCURS ="0" OFFSET ="69" PHYSICALLENGTH ="6" PHYSICALOFFSET ="1230" PICTURETEXT ="" PRECISION ="6" SCALE ="0" USAGE_FLAGS =""/>
        <SOURCEFIELD BUSINESSNAME ="" DATATYPE ="varchar" DESCRIPTION ="" FIELDNUMBER ="28" FIELDPROPERTY ="0" FIELDTYPE ="ELEMITEM" HIDDEN ="NO" KEYTYPE ="NOT A KEY" LENGTH ="0" LEVEL ="0" NAME ="SIZE_CODE" NULLABLE ="NULL" OCCURS ="0" OFFSET ="69" PHYSICALLENGTH ="3" PHYSICALOFFSET ="1236" PICTURETEXT ="" PRECISION ="3" SCALE ="0" USAGE_FLAGS =""/>
        <SOURCEFIELD BUSINESSNAME ="" DATATYPE ="varchar" DESCRIPTION ="" FIELDNUMBER ="29" FIELDPROPERTY ="0" FIELDTYPE ="ELEMITEM" HIDDEN ="NO" KEYTYPE ="NOT A KEY" LENGTH ="0" LEVEL ="0" NAME ="SIZE_DESC" NULLABLE ="NULL" OCCURS ="0" OFFSET ="69" PHYSICALLENGTH ="10" PHYSICALOFFSET ="1239" PICTURETEXT ="" PRECISION ="10" SCALE ="0" USAGE_FLAGS =""/>
        <SOURCEFIELD BUSINESSNAME ="" DATATYPE ="varchar" DESCRIPTION ="" FIELDNUMBER ="30" FIELDPROPERTY ="0" FIELDTYPE ="ELEMITEM" HIDDEN ="NO" KEYTYPE ="NOT A KEY" LENGTH ="0" LEVEL ="0" NAME ="PACK_CODE" NULLABLE ="NULL" OCCURS ="0" OFFSET ="69" PHYSICALLENGTH ="1" PHYSICALOFFSET ="1249" PICTURETEXT ="" PRECISION ="1" SCALE ="0" USAGE_FLAGS =""/>
        <SOURCEFIELD BUSINESSNAME ="" DATATYPE ="numeric" DESCRIPTION ="" FIELDNUMBER ="31" FIELDPROPERTY ="0" FIELDTYPE ="ELEMITEM" HIDDEN ="NO" KEYTYPE ="NOT A KEY" LENGTH ="5" LEVEL ="0" NAME ="PACK_QTY" NULLABLE ="NULL" OCCURS ="0" OFFSET ="69" PHYSICALLENGTH ="3" PHYSICALOFFSET ="1250" PICTURETEXT ="" PRECISION ="3" SCALE ="0" USAGE_FLAGS =""/>
        <SOURCEFIELD BUSINESSNAME ="" DATATYPE ="varchar" DESCRIPTION ="" FIELDNUMBER ="32" FIELDPROPERTY ="0" FIELDTYPE ="ELEMITEM" HIDDEN ="NO" KEYTYPE ="NOT A KEY" LENGTH ="0" LEVEL ="0" NAME ="APS_STYLE_CD" NULLABLE ="NULL" OCCURS ="0" OFFSET ="74" PHYSICALLENGTH ="10" PHYSICALOFFSET ="1253" PICTURETEXT ="" PRECISION ="10" SCALE ="0" USAGE_FLAGS =""/>
        <SOURCEFIELD BUSINESSNAME ="" DATATYPE ="varchar" DESCRIPTION ="" FIELDNUMBER ="33" FIELDPROPERTY ="0" FIELDTYPE ="ELEMITEM" HIDDEN ="NO" KEYTYPE ="NOT A KEY" LENGTH ="0" LEVEL ="0" NAME ="APS_COLOR_CD" NULLABLE ="NULL" OCCURS ="0" OFFSET ="74" PHYSICALLENGTH ="10" PHYSICALOFFSET ="1263" PICTURETEXT ="" PRECISION ="10" SCALE ="0" USAGE_FLAGS =""/>
        <SOURCEFIELD BUSINESSNAME ="" DATATYPE ="varchar" DESCRIPTION ="" FIELDNUMBER ="34" FIELDPROPERTY ="0" FIELDTYPE ="ELEMITEM" HIDDEN ="NO" KEYTYPE ="NOT A KEY" LENGTH ="0" LEVEL ="0" NAME ="DIVISION_GROUP" NULLABLE ="NULL" OCCURS ="0" OFFSET ="74" PHYSICALLENGTH ="255" PHYSICALOFFSET ="1273" PICTURETEXT ="" PRECISION ="255" SCALE ="0" USAGE_FLAGS =""/>
        <SOURCEFIELD BUSINESSNAME ="" DATATYPE ="varchar" DESCRIPTION ="" FIELDNUMBER ="35" FIELDPROPERTY ="0" FIELDTYPE ="ELEMITEM" HIDDEN ="NO" KEYTYPE ="NOT A KEY" LENGTH ="0" LEVEL ="0" NAME ="APS_CORP_BUSINESS_UNIT" NULLABLE ="NULL" OCCURS ="0" OFFSET ="74" PHYSICALLENGTH ="3" PHYSICALOFFSET ="1528" PICTURETEXT ="" PRECISION ="3" SCALE ="0" USAGE_FLAGS =""/>
        <SOURCEFIELD BUSINESSNAME ="" DATATYPE ="varchar" DESCRIPTION ="" FIELDNUMBER ="36" FIELDPROPERTY ="0" FIELDTYPE ="ELEMITEM" HIDDEN ="NO" KEYTYPE ="NOT A KEY" LENGTH ="0" LEVEL ="0" NAME ="SBU_DESC" NULLABLE ="NULL" OCCURS ="0" OFFSET ="74" PHYSICALLENGTH ="255" PHYSICALOFFSET ="1531" PICTURETEXT ="" PRECISION ="255" SCALE ="0" USAGE_FLAGS =""/>
        <SOURCEFIELD BUSINESSNAME ="" DATATYPE ="varchar" DESCRIPTION ="" FIELDNUMBER ="37" FIELDPROPERTY ="0" FIELDTYPE ="ELEMITEM" HIDDEN ="NO" KEYTYPE ="NOT A KEY" LENGTH ="0" LEVEL ="0" NAME ="CATEGORY_DESC" NULLABLE ="NULL" OCCURS ="0" OFFSET ="74" PHYSICALLENGTH ="255" PHYSICALOFFSET ="1786" PICTURETEXT ="" PRECISION ="255" SCALE ="0" USAGE_FLAGS =""/>
        <SOURCEFIELD BUSINESSNAME ="" DATATYPE ="varchar" DESCRIPTION ="" FIELDNUMBER ="38" FIELDPROPERTY ="0" FIELDTYPE ="ELEMITEM" HIDDEN ="NO" KEYTYPE ="NOT A KEY" LENGTH ="0" LEVEL ="0" NAME ="SUBCATEGORY_DESC" NULLABLE ="NULL" OCCURS ="0" OFFSET ="74" PHYSICALLENGTH ="255" PHYSICALOFFSET ="2041" PICTURETEXT ="" PRECISION ="255" SCALE ="0" USAGE_FLAGS =""/>
        <SOURCEFIELD BUSINESSNAME ="" DATATYPE ="varchar" DESCRIPTION ="" FIELDNUMBER ="39" FIELDPROPERTY ="0" FIELDTYPE ="ELEMITEM" HIDDEN ="NO" KEYTYPE ="NOT A KEY" LENGTH ="0" LEVEL ="0" NAME ="GENDER_CATEGORY_DESC" NULLABLE ="NULL" OCCURS ="0" OFFSET ="74" PHYSICALLENGTH ="255" PHYSICALOFFSET ="2296" PICTURETEXT ="" PRECISION ="255" SCALE ="0" USAGE_FLAGS =""/>
        <SOURCEFIELD BUSINESSNAME ="" DATATYPE ="varchar" DESCRIPTION ="" FIELDNUMBER ="40" FIELDPROPERTY ="0" FIELDTYPE ="ELEMITEM" HIDDEN ="NO" KEYTYPE ="NOT A KEY" LENGTH ="0" LEVEL ="0" NAME ="SILHOUETTE" NULLABLE ="NULL" OCCURS ="0" OFFSET ="74" PHYSICALLENGTH ="255" PHYSICALOFFSET ="2551" PICTURETEXT ="" PRECISION ="255" SCALE ="0" USAGE_FLAGS =""/>
        <SOURCEFIELD BUSINESSNAME ="" DATATYPE ="varchar" DESCRIPTION ="" FIELDNUMBER ="41" FIELDPROPERTY ="0" FIELDTYPE ="ELEMITEM" HIDDEN ="NO" KEYTYPE ="NOT A KEY" LENGTH ="0" LEVEL ="0" NAME ="FABRICATION" NULLABLE ="NULL" OCCURS ="0" OFFSET ="74" PHYSICALLENGTH ="255" PHYSICALOFFSET ="2806" PICTURETEXT ="" PRECISION ="255" SCALE ="0" USAGE_FLAGS =""/>
        <SOURCEFIELD BUSINESSNAME ="" DATATYPE ="varchar" DESCRIPTION ="" FIELDNUMBER ="42" FIELDPROPERTY ="0" FIELDTYPE ="ELEMITEM" HIDDEN ="NO" KEYTYPE ="NOT A KEY" LENGTH ="0" LEVEL ="0" NAME ="GENDER_DESC" NULLABLE ="NULL" OCCURS ="0" OFFSET ="74" PHYSICALLENGTH ="255" PHYSICALOFFSET ="3061" PICTURETEXT ="" PRECISION ="255" SCALE ="0" USAGE_FLAGS =""/>
        <SOURCEFIELD BUSINESSNAME ="" DATATYPE ="varchar" DESCRIPTION ="" FIELDNUMBER ="43" FIELDPROPERTY ="0" FIELDTYPE ="ELEMITEM" HIDDEN ="NO" KEYTYPE ="NOT A KEY" LENGTH ="0" LEVEL ="0" NAME ="BUSINESS_SEG_DESC" NULLABLE ="NULL" OCCURS ="0" OFFSET ="74" PHYSICALLENGTH ="255" PHYSICALOFFSET ="3316" PICTURETEXT ="" PRECISION ="255" SCALE ="0" USAGE_FLAGS =""/>
        <SOURCEFIELD BUSINESSNAME ="" DATATYPE ="varchar" DESCRIPTION ="" FIELDNUMBER ="44" FIELDPROPERTY ="0" FIELDTYPE ="ELEMITEM" HIDDEN ="NO" KEYTYPE ="NOT A KEY" LENGTH ="0" LEVEL ="0" NAME ="COLOR_DESC" NULLABLE ="NULL" OCCURS ="0" OFFSET ="74" PHYSICALLENGTH ="255" PHYSICALOFFSET ="3571" PICTURETEXT ="" PRECISION ="255" SCALE ="0" USAGE_FLAGS =""/>
        <SOURCEFIELD BUSINESSNAME ="" DATATYPE ="numeric" DESCRIPTION ="" FIELDNUMBER ="45" FIELDPROPERTY ="0" FIELDTYPE ="ELEMITEM" HIDDEN ="NO" KEYTYPE ="NOT A KEY" LENGTH ="14" LEVEL ="0" NAME ="WHOLESALE_PRICE" NULLABLE ="NOTNULL" OCCURS ="0" OFFSET ="74" PHYSICALLENGTH ="12" PHYSICALOFFSET ="3826" PICTURETEXT ="" PRECISION ="12" SCALE ="2" USAGE_FLAGS =""/>
    </SOURCE>
    <TARGET BUSINESSNAME ="" CONSTRAINT ="" DATABASETYPE ="Microsoft SQL Server" DESCRIPTION ="" NAME ="DEMAND" OBJECTVERSION ="1" TABLEOPTIONS ="" VERSIONNUMBER ="1">
        <TARGETFIELD BUSINESSNAME ="" DATATYPE ="varchar" DESCRIPTION ="" FIELDNUMBER ="1" KEYTYPE ="PRIMARY KEY" NAME ="LEGACY_SOURCE" NULLABLE ="NOTNULL" PICTURETEXT ="" PRECISION ="10" SCALE ="0"/>
        <TARGETFIELD BUSINESSNAME ="" DATATYPE ="varchar" DESCRIPTION ="" FIELDNUMBER ="2" KEYTYPE ="PRIMARY KEY" NAME ="FORECAST_TYPE" NULLABLE ="NOTNULL" PICTURETEXT ="" PRECISION ="15" SCALE ="0"/>
        <TARGETFIELD BUSINESSNAME ="" DATATYPE ="varchar" DESCRIPTION ="" FIELDNUMBER ="3" KEYTYPE ="PRIMARY KEY" NAME ="ITEM_CODE" NULLABLE ="NOTNULL" PICTURETEXT ="" PRECISION ="40" SCALE ="0"/>
        <TARGETFIELD BUSINESSNAME ="" DATATYPE ="varchar" DESCRIPTION ="" FIELDNUMBER ="4" KEYTYPE ="PRIMARY KEY" NAME ="DEMAND_TYPE" NULLABLE ="NOTNULL" PICTURETEXT ="" PRECISION ="10" SCALE ="0"/>
        <TARGETFIELD BUSINESSNAME ="" DATATYPE ="varchar" DESCRIPTION ="" FIELDNUMBER ="5" KEYTYPE ="PRIMARY KEY" NAME ="DEMAND_SUBTYPE" NULLABLE ="NOTNULL" PICTURETEXT ="" PRECISION ="10" SCALE ="0"/>
        <TARGETFIELD BUSINESSNAME ="" DATATYPE ="varchar" DESCRIPTION ="" FIELDNUMBER ="6" KEYTYPE ="PRIMARY KEY" NAME ="CUSTOMER_GROUP" NULLABLE ="NOTNULL" PICTURETEXT ="" PRECISION ="10" SCALE ="0"/>
        <TARGETFIELD BUSINESSNAME ="" DATATYPE ="datetime" DESCRIPTION ="" FIELDNUMBER ="7" KEYTYPE ="PRIMARY KEY" NAME ="CUSTOMER_SHIP_DATE" NULLABLE ="NOTNULL" PICTURETEXT ="" PRECISION ="23" SCALE ="3"/>
        <TARGETFIELD BUSINESSNAME ="" DATATYPE ="numeric" DESCRIPTION ="" FIELDNUMBER ="8" KEYTYPE ="NOT A KEY" NAME ="DEMAND_QUANTITY" NULLABLE ="NOTNULL" PICTURETEXT ="" PRECISION ="11" SCALE ="0"/>
        <TARGETFIELD BUSINESSNAME ="" DATATYPE ="datetime" DESCRIPTION ="" FIELDNUMBER ="9" KEYTYPE ="NOT A KEY" NAME ="LOAD_DATE" NULLABLE ="NOTNULL" PICTURETEXT ="" PRECISION ="23" SCALE ="3"/>
        <TARGETFIELD BUSINESSNAME ="" DATATYPE ="varchar" DESCRIPTION ="" FIELDNUMBER ="10" KEYTYPE ="NOT A KEY" NAME ="DATA_SOURCE" NULLABLE ="NOTNULL" PICTURETEXT ="" PRECISION ="60" SCALE ="0"/>
    </TARGET>
    <MAPPING DESCRIPTION ="This mapping loads data into DEMAND table for MFB" ISVALID ="YES" NAME ="m_DEMAND_MDF" OBJECTVERSION ="1" VERSIONNUMBER ="1">
        <TRANSFORMATION DESCRIPTION ="To check for the  records exits in target" NAME ="LKP_DEMAND" OBJECTVERSION ="1" REUSABLE ="NO" TYPE ="Lookup Procedure" VERSIONNUMBER ="1">
            <TRANSFORMFIELD DATATYPE ="string" DEFAULTVALUE ="" DESCRIPTION ="" NAME ="LEGACY_SOURCE" PICTURETEXT ="" PORTTYPE ="LOOKUP/OUTPUT" PRECISION ="10" SCALE ="0"/>
            <TRANSFORMFIELD DATATYPE ="string" DEFAULTVALUE ="" DESCRIPTION ="" NAME ="FORECAST_TYPE" PICTURETEXT ="" PORTTYPE ="LOOKUP/OUTPUT" PRECISION ="15" SCALE ="0"/>
            <TRANSFORMFIELD DATATYPE ="string" DEFAULTVALUE ="" DESCRIPTION ="" NAME ="ITEM_CODE" PICTURETEXT ="" PORTTYPE ="LOOKUP/OUTPUT" PRECISION ="40" SCALE ="0"/>
            <TRANSFORMFIELD DATATYPE ="string" DEFAULTVALUE ="" DESCRIPTION ="" NAME ="I_LEGACY_SOURCE" PICTURETEXT ="" PORTTYPE ="INPUT" PRECISION ="10" SCALE ="0"/>
            <TRANSFORMFIELD DATATYPE ="string" DEFAULTVALUE ="" DESCRIPTION ="" NAME ="I_ITEM_CODE" PICTURETEXT ="" PORTTYPE ="INPUT" PRECISION ="40" SCALE ="0"/>
            <TRANSFORMFIELD DATATYPE ="string" DEFAULTVALUE ="" DESCRIPTION ="" NAME ="I_FORECAST_TYPE" PICTURETEXT ="" PORTTYPE ="INPUT" PRECISION ="15" SCALE ="0"/>
            <TABLEATTRIBUTE NAME ="Lookup Sql Override" VALUE ="SELECT DEMAND.LEGACY_SOURCE as LEGACY_SOURCE,&#xD;&#xA;DEMAND.ITEM_CODE as ITEM_CODE, DEMAND.FORECAST_TYPE as FORECAST_TYPE&#xD;&#xA;FROM &#xD;&#xA;DEMAND WITH (NOLOCK)"/>
            <TABLEATTRIBUTE NAME ="Lookup table name" VALUE ="DEMAND"/>
            <TABLEATTRIBUTE NAME ="Lookup Source Filter" VALUE =""/>
            <TABLEATTRIBUTE NAME ="Lookup caching enabled" VALUE ="YES"/>
            <TABLEATTRIBUTE NAME ="Lookup policy on multiple match" VALUE ="Use Any Value"/>
            <TABLEATTRIBUTE NAME ="Lookup condition" VALUE ="LEGACY_SOURCE = I_LEGACY_SOURCE AND ITEM_CODE = I_ITEM_CODE AND FORECAST_TYPE = I_FORECAST_TYPE"/>
            <TABLEATTRIBUTE NAME ="Connection Information" VALUE ="$Target"/>
            <TABLEATTRIBUTE NAME ="Source Type" VALUE ="Database"/>
            <TABLEATTRIBUTE NAME ="Recache if Stale" VALUE ="NO"/>
            <TABLEATTRIBUTE NAME ="Tracing Level" VALUE ="Normal"/>
            <TABLEATTRIBUTE NAME ="Lookup cache directory name" VALUE ="$PMCacheDir"/>
            <TABLEATTRIBUTE NAME ="Lookup cache initialize" VALUE ="NO"/>
            <TABLEATTRIBUTE NAME ="Lookup cache persistent" VALUE ="NO"/>
            <TABLEATTRIBUTE NAME ="Lookup Data Cache Size" VALUE ="Auto"/>
            <TABLEATTRIBUTE NAME ="Lookup Index Cache Size" VALUE ="Auto"/>
            <TABLEATTRIBUTE NAME ="Dynamic Lookup Cache" VALUE ="NO"/>
            <TABLEATTRIBUTE NAME ="Synchronize Dynamic Cache" VALUE ="NO"/>
            <TABLEATTRIBUTE NAME ="Output Old Value On Update" VALUE ="NO"/>
            <TABLEATTRIBUTE NAME ="Update Dynamic Cache Condition" VALUE ="TRUE"/>
            <TABLEATTRIBUTE NAME ="Cache File Name Prefix" VALUE =""/>
            <TABLEATTRIBUTE NAME ="Re-cache from lookup source" VALUE ="NO"/>
            <TABLEATTRIBUTE NAME ="Insert Else Update" VALUE ="NO"/>
            <TABLEATTRIBUTE NAME ="Update Else Insert" VALUE ="NO"/>
            <TABLEATTRIBUTE NAME ="Datetime Format" VALUE =""/>
            <TABLEATTRIBUTE NAME ="Thousand Separator" VALUE ="None"/>
            <TABLEATTRIBUTE NAME ="Decimal Separator" VALUE ="."/>
            <TABLEATTRIBUTE NAME ="Case Sensitive String Comparison" VALUE ="NO"/>
            <TABLEATTRIBUTE NAME ="Null ordering" VALUE ="Null Is Highest Value"/>
            <TABLEATTRIBUTE NAME ="Sorted Input" VALUE ="NO"/>
            <TABLEATTRIBUTE NAME ="Lookup source is static" VALUE ="NO"/>
            <TABLEATTRIBUTE NAME ="Pre-build lookup cache" VALUE ="Auto"/>
            <TABLEATTRIBUTE NAME ="Subsecond Precision" VALUE ="6"/>
        </TRANSFORMATION>
        <TRANSFORMATION DESCRIPTION ="To filter out the records which already exists in target" NAME ="FL_DEMAND" OBJECTVERSION ="1" REUSABLE ="NO" TYPE ="Filter" VERSIONNUMBER ="1">
            <TRANSFORMFIELD DATATYPE ="string" DEFAULTVALUE ="" DESCRIPTION ="" NAME ="LKP_LEGACY_SOURCE" PICTURETEXT ="" PORTTYPE ="INPUT/OUTPUT" PRECISION ="10" SCALE ="0"/>
            <TRANSFORMFIELD DATATYPE ="string" DEFAULTVALUE ="" DESCRIPTION ="" NAME ="LKP_FORECAST_TYPE" PICTURETEXT ="" PORTTYPE ="INPUT/OUTPUT" PRECISION ="15" SCALE ="0"/>
            <TRANSFORMFIELD DATATYPE ="string" DEFAULTVALUE ="" DESCRIPTION ="" NAME ="LKP_ITEM_CODE" PICTURETEXT ="" PORTTYPE ="INPUT/OUTPUT" PRECISION ="40" SCALE ="0"/>
            <TRANSFORMFIELD DATATYPE ="string" DEFAULTVALUE ="" DESCRIPTION ="" NAME ="LEGACY_SOURCE" PICTURETEXT ="" PORTTYPE ="INPUT/OUTPUT" PRECISION ="10" SCALE ="0"/>
            <TRANSFORMFIELD DATATYPE ="string" DEFAULTVALUE ="" DESCRIPTION ="" NAME ="FORECAST_TYPE" PICTURETEXT ="" PORTTYPE ="INPUT/OUTPUT" PRECISION ="15" SCALE ="0"/>
            <TRANSFORMFIELD DATATYPE ="string" DEFAULTVALUE ="" DESCRIPTION ="" NAME ="ITEM_CODE" PICTURETEXT ="" PORTTYPE ="INPUT/OUTPUT" PRECISION ="40" SCALE ="0"/>
            <TRANSFORMFIELD DATATYPE ="string" DEFAULTVALUE ="" DESCRIPTION ="" NAME ="DEMAND_TYPE" PICTURETEXT ="" PORTTYPE ="INPUT/OUTPUT" PRECISION ="10" SCALE ="0"/>
            <TRANSFORMFIELD DATATYPE ="string" DEFAULTVALUE ="" DESCRIPTION ="" NAME ="DEMAND_SUBTYPE" PICTURETEXT ="" PORTTYPE ="INPUT/OUTPUT" PRECISION ="10" SCALE ="0"/>
            <TRANSFORMFIELD DATATYPE ="string" DEFAULTVALUE ="" DESCRIPTION ="" NAME ="CUSTOMER_GROUP" PICTURETEXT ="" PORTTYPE ="INPUT/OUTPUT" PRECISION ="10" SCALE ="0"/>
            <TRANSFORMFIELD DATATYPE ="date/time" DEFAULTVALUE ="" DESCRIPTION ="" NAME ="CUSTOMER_SHIP_DATE" PICTURETEXT ="" PORTTYPE ="INPUT/OUTPUT" PRECISION ="29" SCALE ="9"/>
            <TRANSFORMFIELD DATATYPE ="decimal" DEFAULTVALUE ="" DESCRIPTION ="" NAME ="DEMAND_QUANTITY" PICTURETEXT ="" PORTTYPE ="INPUT/OUTPUT" PRECISION ="11" SCALE ="0"/>
            <TRANSFORMFIELD DATATYPE ="date/time" DEFAULTVALUE ="" DESCRIPTION ="" NAME ="LOAD_DATE" PICTURETEXT ="" PORTTYPE ="INPUT/OUTPUT" PRECISION ="29" SCALE ="9"/>
            <TRANSFORMFIELD DATATYPE ="string" DEFAULTVALUE ="" DESCRIPTION ="" NAME ="DATA_SOURCE" PICTURETEXT ="" PORTTYPE ="INPUT/OUTPUT" PRECISION ="60" SCALE ="0"/>
            <TABLEATTRIBUTE NAME ="Filter Condition" VALUE ="ISNULL (LKP_LEGACY_SOURCE) AND &#xD;&#xA; ISNULL (LKP_FORECAST_TYPE) AND&#xD;&#xA; ISNULL (LKP_ITEM_CODE)"/>
            <TABLEATTRIBUTE NAME ="Tracing Level" VALUE ="Normal"/>
        </TRANSFORMATION>
        <TRANSFORMATION DESCRIPTION ="This transformation fetches required records from Source Definition " NAME ="SQ_ITEM" OBJECTVERSION ="1" REUSABLE ="NO" TYPE ="Source Qualifier" VERSIONNUMBER ="1">
            <TRANSFORMFIELD DATATYPE ="string" DEFAULTVALUE ="" DESCRIPTION ="" NAME ="LEGACY_SOURCE" PICTURETEXT ="" PORTTYPE ="INPUT/OUTPUT" PRECISION ="10" SCALE ="0"/>
            <TRANSFORMFIELD DATATYPE ="string" DEFAULTVALUE ="" DESCRIPTION ="" NAME ="ITEM_CODE" PICTURETEXT ="" PORTTYPE ="INPUT/OUTPUT" PRECISION ="40" SCALE ="0"/>
            <TRANSFORMFIELD DATATYPE ="string" DEFAULTVALUE ="" DESCRIPTION ="" NAME ="MANUFACTURING_PRODUCT_FAMILY" PICTURETEXT ="" PORTTYPE ="INPUT/OUTPUT" PRECISION ="15" SCALE ="0"/>
            <TRANSFORMFIELD DATATYPE ="string" DEFAULTVALUE ="" DESCRIPTION ="" NAME ="APS_STYLE_CD" PICTURETEXT ="" PORTTYPE ="INPUT/OUTPUT" PRECISION ="10" SCALE ="0"/>
            <TRANSFORMFIELD DATATYPE ="string" DEFAULTVALUE ="" DESCRIPTION ="" NAME ="APS_COLOR_CD" PICTURETEXT ="" PORTTYPE ="INPUT/OUTPUT" PRECISION ="10" SCALE ="0"/>
            <TRANSFORMFIELD DATATYPE ="string" DEFAULTVALUE ="" DESCRIPTION ="" NAME ="APS_CORP_BUSINESS_UNIT" PICTURETEXT ="" PORTTYPE ="INPUT/OUTPUT" PRECISION ="3" SCALE ="0"/>
            <TRANSFORMFIELD DATATYPE ="string" DEFAULTVALUE ="" DESCRIPTION ="" NAME ="ATTRIBUTE_CODE" PICTURETEXT ="" PORTTYPE ="INPUT/OUTPUT" PRECISION ="6" SCALE ="0"/>
            <TRANSFORMFIELD DATATYPE ="string" DEFAULTVALUE ="" DESCRIPTION ="" NAME ="SIZE_CODE" PICTURETEXT ="" PORTTYPE ="INPUT/OUTPUT" PRECISION ="3" SCALE ="0"/>
            <TABLEATTRIBUTE NAME ="Sql Query" VALUE ="SELECT ITEM.LEGACY_SOURCE, ITEM.ITEM_CODE, ITEM.MANUFACTURING_PRODUCT_FAMILY, ITEM.APS_STYLE_CD, ITEM.APS_COLOR_CD, ITEM.APS_CORP_BUSINESS_UNIT, ITEM.ATTRIBUTE_CODE, ITEM.SIZE_CODE &#xD;&#xA;FROM&#xD;&#xA; DBO.ITEM WITH (NOLOCK)&#xD;&#xA;Where &#xD;&#xA;ITEM.ITEM_CLASSIFICATION = &apos;PLN&apos; and ITEM.ITEM_TYPE = &apos;FGD&apos; &#xD;&#xA;and RTRIM(ITEM.MANUFACTURING_PRODUCT_FAMILY) in (&apos;RPL&apos;,&apos;EVT&apos;,&apos;MTO&apos;,&apos;DCTIL&apos;)&#xD;&#xA;AND APS_COLOR_CD NOT LIKE &apos;%#%&apos;"/>
            <TABLEATTRIBUTE NAME ="User Defined Join" VALUE =""/>
            <TABLEATTRIBUTE NAME ="Source Filter" VALUE =""/>
            <TABLEATTRIBUTE NAME ="Number Of Sorted Ports" VALUE ="0"/>
            <TABLEATTRIBUTE NAME ="Tracing Level" VALUE ="Normal"/>
            <TABLEATTRIBUTE NAME ="Select Distinct" VALUE ="NO"/>
            <TABLEATTRIBUTE NAME ="Is Partitionable" VALUE ="NO"/>
            <TABLEATTRIBUTE NAME ="Pre SQL" VALUE =""/>
            <TABLEATTRIBUTE NAME ="Post SQL" VALUE =""/>
            <TABLEATTRIBUTE NAME ="Output is deterministic" VALUE ="NO"/>
            <TABLEATTRIBUTE NAME ="Output is repeatable" VALUE ="Never"/>
        </TRANSFORMATION>
        <TRANSFORMATION DESCRIPTION ="In this expression we hardcode the required target columns." NAME ="EXP_ITEM" OBJECTVERSION ="1" REUSABLE ="NO" TYPE ="Expression" VERSIONNUMBER ="1">
            <TRANSFORMFIELD DATATYPE ="string" DEFAULTVALUE ="" DESCRIPTION ="" NAME ="LKP_DEMAND_TYPE" PICTURETEXT ="" PORTTYPE ="INPUT" PRECISION ="10" SCALE ="0"/>
            <TRANSFORMFIELD DATATYPE ="string" DEFAULTVALUE ="" DESCRIPTION ="" NAME ="LKP_STYLE_CD" PICTURETEXT ="" PORTTYPE ="INPUT" PRECISION ="6" SCALE ="0"/>
            <TRANSFORMFIELD DATATYPE ="string" DEFAULTVALUE ="" DESCRIPTION ="" NAME ="I_MANUFACTURING_PRODUCT_FAMILY" PICTURETEXT ="" PORTTYPE ="INPUT" PRECISION ="15" SCALE ="0"/>
            <TRANSFORMFIELD DATATYPE ="string" DEFAULTVALUE ="" DESCRIPTION ="" EXPRESSION ="LEGACY_SOURCE" EXPRESSIONTYPE ="GENERAL" NAME ="LEGACY_SOURCE" PICTURETEXT ="" PORTTYPE ="INPUT/OUTPUT" PRECISION ="10" SCALE ="0"/>
            <TRANSFORMFIELD DATATYPE ="nstring" DEFAULTVALUE ="" DESCRIPTION ="" NAME ="I_DEMAND_DRIVER1" PICTURETEXT ="" PORTTYPE ="INPUT" PRECISION ="3" SCALE ="0"/>
            <TRANSFORMFIELD DATATYPE ="nstring" DEFAULTVALUE ="" DESCRIPTION ="" NAME ="I_DEMAND_DRIVER2" PICTURETEXT ="" PORTTYPE ="INPUT" PRECISION ="3" SCALE ="0"/>
            <TRANSFORMFIELD DATATYPE ="nstring" DEFAULTVALUE ="" DESCRIPTION ="" NAME ="I_DEMAND_DRIVER3" PICTURETEXT ="" PORTTYPE ="INPUT" PRECISION ="3" SCALE ="0"/>
            <TRANSFORMFIELD DATATYPE ="nstring" DEFAULTVALUE ="" DESCRIPTION ="" NAME ="I_DEMAND_DRIVER4" PICTURETEXT ="" PORTTYPE ="INPUT" PRECISION ="3" SCALE ="0"/>
            <TRANSFORMFIELD DATATYPE ="string" DEFAULTVALUE ="" DESCRIPTION ="" EXPRESSION ="ITEM_CODE" EXPRESSIONTYPE ="GENERAL" NAME ="ITEM_CODE" PICTURETEXT ="" PORTTYPE ="INPUT/OUTPUT" PRECISION ="40" SCALE ="0"/>
            <TRANSFORMFIELD DATATYPE ="string" DEFAULTVALUE ="" DESCRIPTION ="" EXPRESSION ="IIF(ISNULL(LKP_STYLE_CD) OR&#xD;&#xA; (NOT ISNULL(LKP_STYLE_CD) AND ISNULL(LTRIM(RTRIM(LKP_DEMAND_TYPE)))),&#xD;&#xA;&apos;RPL&apos;,&#xD;&#xA;IIF(LTRIM(RTRIM(LKP_DEMAND_TYPE))=&apos;EMS&apos;,&apos;EVT&apos;,RTRIM(SUBSTR(LKP_DEMAND_TYPE,1,3))))" EXPRESSIONTYPE ="GENERAL" NAME ="V_DPR_DATA" PICTURETEXT ="" PORTTYPE ="LOCAL VARIABLE" PRECISION ="10" SCALE ="0"/>
            <TRANSFORMFIELD DATATYPE ="string" DEFAULTVALUE ="" DESCRIPTION ="" EXPRESSION ="IIF(NOT ISNULL(I_DEMAND_DRIVER1),I_DEMAND_DRIVER1,&#xD;&#xA;IIF(NOT ISNULL(I_DEMAND_DRIVER2),I_DEMAND_DRIVER2,&#xD;&#xA;IIF(NOT ISNULL(I_DEMAND_DRIVER3),I_DEMAND_DRIVER3,&#xD;&#xA;IIF(NOT ISNULL(I_DEMAND_DRIVER4),I_DEMAND_DRIVER4,NULL))))" EXPRESSIONTYPE ="GENERAL" NAME ="V_SKU_DD_OVERRIDE" PICTURETEXT ="" PORTTYPE ="LOCAL VARIABLE" PRECISION ="3" SCALE ="0"/>
            <TRANSFORMFIELD DATATYPE ="string" DEFAULTVALUE ="" DESCRIPTION ="" EXPRESSION ="IIF(I_MANUFACTURING_PRODUCT_FAMILY = &apos;RPL&apos;,&apos;RPL&apos;,IIF( ISNULL(RTRIM(SUBSTR(I_MANUFACTURING_PRODUCT_FAMILY,1,3))) OR LOWER(RTRIM(I_MANUFACTURING_PRODUCT_FAMILY)) = &apos;unassigned&apos;, &apos;EVT&apos;, IIF(I_MANUFACTURING_PRODUCT_FAMILY = &apos;DCTIL&apos;,V_DPR_DATA, RTRIM(SUBSTR(I_MANUFACTURING_PRODUCT_FAMILY,1,3)))))&#xD;&#xA;&#xD;&#xA;" EXPRESSIONTYPE ="GENERAL" NAME ="V_DEMAND_TYPE" PICTURETEXT ="" PORTTYPE ="LOCAL VARIABLE" PRECISION ="10" SCALE ="0"/>
            <TRANSFORMFIELD DATATYPE ="string" DEFAULTVALUE ="ERROR(&apos;transformation error&apos;)" DESCRIPTION ="" EXPRESSION ="&apos;PROD_DEMAND&apos;" EXPRESSIONTYPE ="GENERAL" NAME ="FORECAST_TYPE" PICTURETEXT ="" PORTTYPE ="OUTPUT" PRECISION ="15" SCALE ="0"/>
            <TRANSFORMFIELD DATATYPE ="string" DEFAULTVALUE ="ERROR(&apos;transformation error&apos;)" DESCRIPTION ="" EXPRESSION ="&apos;*NONE&apos;" EXPRESSIONTYPE ="GENERAL" NAME ="DEMAND_SUBTYPE" PICTURETEXT ="" PORTTYPE ="OUTPUT" PRECISION ="10" SCALE ="0"/>
            <TRANSFORMFIELD DATATYPE ="string" DEFAULTVALUE ="ERROR(&apos;transformation error&apos;)" DESCRIPTION ="" EXPRESSION ="&apos;*NONE&apos;" EXPRESSIONTYPE ="GENERAL" NAME ="CUSTOMER_GROUP" PICTURETEXT ="" PORTTYPE ="OUTPUT" PRECISION ="10" SCALE ="0"/>
            <TRANSFORMFIELD DATATYPE ="date/time" DEFAULTVALUE ="ERROR(&apos;transformation error&apos;)" DESCRIPTION ="" EXPRESSION ="SYSDATE" EXPRESSIONTYPE ="GENERAL" NAME ="CUSTOMER_SHIP_DATE" PICTURETEXT ="" PORTTYPE ="OUTPUT" PRECISION ="29" SCALE ="9"/>
            <TRANSFORMFIELD DATATYPE ="decimal" DEFAULTVALUE ="ERROR(&apos;transformation error&apos;)" DESCRIPTION ="" EXPRESSION ="IIF(V_DEMAND_TYPE = &apos;EVT&apos;,0,1)" EXPRESSIONTYPE ="GENERAL" NAME ="DEMAND_QUANTITY" PICTURETEXT ="" PORTTYPE ="OUTPUT" PRECISION ="11" SCALE ="0"/>
            <TRANSFORMFIELD DATATYPE ="date/time" DEFAULTVALUE ="ERROR(&apos;transformation error&apos;)" DESCRIPTION ="" EXPRESSION ="SYSDATE" EXPRESSIONTYPE ="GENERAL" NAME ="LOAD_DATE" PICTURETEXT ="" PORTTYPE ="OUTPUT" PRECISION ="29" SCALE ="9"/>
            <TRANSFORMFIELD DATATYPE ="string" DEFAULTVALUE ="ERROR(&apos;transformation error&apos;)" DESCRIPTION ="" EXPRESSION ="&apos;ITEM - MFB&apos;" EXPRESSIONTYPE ="GENERAL" NAME ="DATA_SOURCE" PICTURETEXT ="" PORTTYPE ="OUTPUT" PRECISION ="60" SCALE ="0"/>
            <TRANSFORMFIELD DATATYPE ="string" DEFAULTVALUE ="ERROR(&apos;transformation error&apos;)" DESCRIPTION ="" EXPRESSION ="IIF(NOT ISNULL(V_SKU_DD_OVERRIDE),IIF(V_SKU_DD_OVERRIDE = &apos;EMS&apos;, &apos;EVT&apos;,V_SKU_DD_OVERRIDE),V_DEMAND_TYPE)" EXPRESSIONTYPE ="GENERAL" NAME ="O_DEMAND_TYPE" PICTURETEXT ="" PORTTYPE ="OUTPUT" PRECISION ="10" SCALE ="0"/>
            <TABLEATTRIBUTE NAME ="Tracing Level" VALUE ="Normal"/>
        </TRANSFORMATION>
        <TRANSFORMATION DESCRIPTION ="Expression to fetch the demand location to be compared with the lookup&apos;s demand location" NAME ="EXP_SRC_DEMAND_LOC" OBJECTVERSION ="1" REUSABLE ="NO" TYPE ="Expression" VERSIONNUMBER ="1">
            <TRANSFORMFIELD DATATYPE ="string" DEFAULTVALUE ="" DESCRIPTION ="" EXPRESSION ="LEGACY_SOURCE" EXPRESSIONTYPE ="GENERAL" NAME ="LEGACY_SOURCE" PICTURETEXT ="" PORTTYPE ="INPUT/OUTPUT" PRECISION ="10" SCALE ="0"/>
            <TRANSFORMFIELD DATATYPE ="string" DEFAULTVALUE ="" DESCRIPTION ="" EXPRESSION ="ITEM_CODE" EXPRESSIONTYPE ="GENERAL" NAME ="ITEM_CODE" PICTURETEXT ="" PORTTYPE ="INPUT/OUTPUT" PRECISION ="40" SCALE ="0"/>
            <TRANSFORMFIELD DATATYPE ="string" DEFAULTVALUE ="" DESCRIPTION ="" EXPRESSION ="MANUFACTURING_PRODUCT_FAMILY" EXPRESSIONTYPE ="GENERAL" NAME ="MANUFACTURING_PRODUCT_FAMILY" PICTURETEXT ="" PORTTYPE ="INPUT/OUTPUT" PRECISION ="15" SCALE ="0"/>
            <TRANSFORMFIELD DATATYPE ="string" DEFAULTVALUE ="ERROR(&apos;transformation error&apos;)" DESCRIPTION ="" EXPRESSION ="LTRIM(RTRIM(SUBSTR(ITEM_CODE,LENGTH(ITEM_CODE) - INSTR( reverse(ITEM_CODE),&apos;_&apos;) + 2, LENGTH(ITEM_CODE)))) " EXPRESSIONTYPE ="GENERAL" NAME ="SRC_DEMAND_LOC" PICTURETEXT ="" PORTTYPE ="OUTPUT" PRECISION ="10" SCALE ="0"/>
            <TRANSFORMFIELD DATATYPE ="string" DEFAULTVALUE ="" DESCRIPTION ="" EXPRESSION ="APS_STYLE_CD" EXPRESSIONTYPE ="GENERAL" NAME ="APS_STYLE_CD" PICTURETEXT ="" PORTTYPE ="INPUT/OUTPUT" PRECISION ="10" SCALE ="0"/>
            <TRANSFORMFIELD DATATYPE ="string" DEFAULTVALUE ="" DESCRIPTION ="" EXPRESSION ="APS_COLOR_CD" EXPRESSIONTYPE ="GENERAL" NAME ="APS_COLOR_CD" PICTURETEXT ="" PORTTYPE ="INPUT/OUTPUT" PRECISION ="10" SCALE ="0"/>
            <TRANSFORMFIELD DATATYPE ="string" DEFAULTVALUE ="" DESCRIPTION ="" EXPRESSION ="APS_CORP_BUSINESS_UNIT" EXPRESSIONTYPE ="GENERAL" NAME ="APS_CORP_BUSINESS_UNIT" PICTURETEXT ="" PORTTYPE ="INPUT/OUTPUT" PRECISION ="3" SCALE ="0"/>
            <TRANSFORMFIELD DATATYPE ="string" DEFAULTVALUE ="" DESCRIPTION ="" EXPRESSION ="ATTRIBUTE_CODE" EXPRESSIONTYPE ="GENERAL" NAME ="ATTRIBUTE_CODE" PICTURETEXT ="" PORTTYPE ="INPUT/OUTPUT" PRECISION ="6" SCALE ="0"/>
            <TRANSFORMFIELD DATATYPE ="string" DEFAULTVALUE ="" DESCRIPTION ="" EXPRESSION ="SIZE_CODE" EXPRESSIONTYPE ="GENERAL" NAME ="SIZE_CODE" PICTURETEXT ="" PORTTYPE ="INPUT/OUTPUT" PRECISION ="3" SCALE ="0"/>
            <TABLEATTRIBUTE NAME ="Tracing Level" VALUE ="Normal"/>
        </TRANSFORMATION>
        <TRANSFORMATION DESCRIPTION ="Lookup on DPR_DIRECT_SHIP table to check for the matching records based on corp_business_unit,color_cd,style_cd and demand_loc" NAME ="LKP_DPR_DIRECT_SHIP" OBJECTVERSION ="1" REUSABLE ="NO" TYPE ="Lookup Procedure" VERSIONNUMBER ="1">
            <TRANSFORMFIELD DATATYPE ="string" DEFAULTVALUE ="" DESCRIPTION ="" NAME ="CORP_BUSINESS_UNIT" PICTURETEXT ="" PORTTYPE ="LOOKUP" PRECISION ="3" SCALE ="0"/>
            <TRANSFORMFIELD DATATYPE ="string" DEFAULTVALUE ="" DESCRIPTION ="" NAME ="STYLE_CD" PICTURETEXT ="" PORTTYPE ="LOOKUP/OUTPUT" PRECISION ="6" SCALE ="0"/>
            <TRANSFORMFIELD DATATYPE ="string" DEFAULTVALUE ="" DESCRIPTION ="" NAME ="COLOR_CD" PICTURETEXT ="" PORTTYPE ="LOOKUP" PRECISION ="4" SCALE ="0"/>
            <TRANSFORMFIELD DATATYPE ="string" DEFAULTVALUE ="" DESCRIPTION ="" NAME ="DEMAND_LOC" PICTURETEXT ="" PORTTYPE ="LOOKUP" PRECISION ="3" SCALE ="0"/>
            <TRANSFORMFIELD DATATYPE ="string" DEFAULTVALUE ="" DESCRIPTION ="" NAME ="DEMAND_TYPE" PICTURETEXT ="" PORTTYPE ="LOOKUP/OUTPUT" PRECISION ="10" SCALE ="0"/>
            <TRANSFORMFIELD DATATYPE ="string" DEFAULTVALUE ="" DESCRIPTION ="" NAME ="APS_STYLE_CD" PICTURETEXT ="" PORTTYPE ="INPUT" PRECISION ="10" SCALE ="0"/>
            <TRANSFORMFIELD DATATYPE ="string" DEFAULTVALUE ="" DESCRIPTION ="" NAME ="APS_COLOR_CD" PICTURETEXT ="" PORTTYPE ="INPUT" PRECISION ="10" SCALE ="0"/>
            <TRANSFORMFIELD DATATYPE ="string" DEFAULTVALUE ="" DESCRIPTION ="" NAME ="APS_CORP_BUSINESS_UNIT" PICTURETEXT ="" PORTTYPE ="INPUT" PRECISION ="3" SCALE ="0"/>
            <TRANSFORMFIELD DATATYPE ="string" DEFAULTVALUE ="" DESCRIPTION ="" NAME ="SRC_DEMAND_LOC" PICTURETEXT ="" PORTTYPE ="INPUT" PRECISION ="10" SCALE ="0"/>
            <TABLEATTRIBUTE NAME ="Lookup Sql Override" VALUE ="SELECT &#xD;&#xA;DPR_DIRECT_SHIP.CORP_BUSINESS_UNIT as CORP_BUSINESS_UNIT, DPR_DIRECT_SHIP.STYLE_CD as STYLE_CD, DPR_DIRECT_SHIP.COLOR_CD as COLOR_CD, DPR_DIRECT_SHIP.DEMAND_LOC as DEMAND_LOC &#xD;&#xA;DPR_DIRECT_SHIP.DEMAND_TYPE as DEMAND_TYPE&#xD;&#xA;FROM&#xD;&#xA;(SELECT DPR_DIRECT_SHIP.DEMAND_TYPE as DEMAND_TYPE, DPR_DIRECT_SHIP.CORP_BUSINESS_UNIT as CORP_BUSINESS_UNIT, DPR_DIRECT_SHIP.STYLE_CD as STYLE_CD, DPR_DIRECT_SHIP.COLOR_CD as COLOR_CD, DPR_DIRECT_SHIP.DEMAND_LOC as DEMAND_LOC FROM da.DPR_DIRECT_SHIP DPR_DIRECT_SHIP)DPR_DIRECT_SHIP"/>
            <TABLEATTRIBUTE NAME ="Lookup table name" VALUE ="DPR_DIRECT_SHIP"/>
            <TABLEATTRIBUTE NAME ="Lookup Source Filter" VALUE =""/>
            <TABLEATTRIBUTE NAME ="Lookup caching enabled" VALUE ="YES"/>
            <TABLEATTRIBUTE NAME ="Lookup policy on multiple match" VALUE ="Use Any Value"/>
            <TABLEATTRIBUTE NAME ="Lookup condition" VALUE ="CORP_BUSINESS_UNIT = APS_CORP_BUSINESS_UNIT AND STYLE_CD = APS_STYLE_CD AND COLOR_CD = APS_COLOR_CD AND DEMAND_LOC = SRC_DEMAND_LOC"/>
            <TABLEATTRIBUTE NAME ="Connection Information" VALUE ="$Source"/>
            <TABLEATTRIBUTE NAME ="Source Type" VALUE ="Database"/>
            <TABLEATTRIBUTE NAME ="Recache if Stale" VALUE ="NO"/>
            <TABLEATTRIBUTE NAME ="Tracing Level" VALUE ="Normal"/>
            <TABLEATTRIBUTE NAME ="Lookup cache directory name" VALUE ="$PMCacheDir"/>
            <TABLEATTRIBUTE NAME ="Lookup cache initialize" VALUE ="NO"/>
            <TABLEATTRIBUTE NAME ="Lookup cache persistent" VALUE ="NO"/>
            <TABLEATTRIBUTE NAME ="Lookup Data Cache Size" VALUE ="Auto"/>
            <TABLEATTRIBUTE NAME ="Lookup Index Cache Size" VALUE ="Auto"/>
            <TABLEATTRIBUTE NAME ="Dynamic Lookup Cache" VALUE ="NO"/>
            <TABLEATTRIBUTE NAME ="Synchronize Dynamic Cache" VALUE ="NO"/>
            <TABLEATTRIBUTE NAME ="Output Old Value On Update" VALUE ="NO"/>
            <TABLEATTRIBUTE NAME ="Update Dynamic Cache Condition" VALUE ="TRUE"/>
            <TABLEATTRIBUTE NAME ="Cache File Name Prefix" VALUE =""/>
            <TABLEATTRIBUTE NAME ="Re-cache from lookup source" VALUE ="NO"/>
            <TABLEATTRIBUTE NAME ="Insert Else Update" VALUE ="NO"/>
            <TABLEATTRIBUTE NAME ="Update Else Insert" VALUE ="NO"/>
            <TABLEATTRIBUTE NAME ="Datetime Format" VALUE =""/>
            <TABLEATTRIBUTE NAME ="Thousand Separator" VALUE ="None"/>
            <TABLEATTRIBUTE NAME ="Decimal Separator" VALUE ="."/>
            <TABLEATTRIBUTE NAME ="Case Sensitive String Comparison" VALUE ="NO"/>
            <TABLEATTRIBUTE NAME ="Null ordering" VALUE ="Null Is Highest Value"/>
            <TABLEATTRIBUTE NAME ="Sorted Input" VALUE ="NO"/>
            <TABLEATTRIBUTE NAME ="Lookup source is static" VALUE ="NO"/>
            <TABLEATTRIBUTE NAME ="Pre-build lookup cache" VALUE ="Auto"/>
            <TABLEATTRIBUTE NAME ="Subsecond Precision" VALUE ="6"/>
        </TRANSFORMATION>
        <TRANSFORMATION DESCRIPTION ="Optional lookup to DPR_SKU_OVERRIDES where&#xD;&#xA;style_cd = alias_style&#xD;&#xA;color_cd = alias_color&#xD;&#xA;attribute_cd = alias_attribute&#xD;&#xA;size_cd = &quot;*&quot;&#xD;&#xA;location_cd = alias_location" NAME ="LKP_DPR_SKU_OVERRIDES_SIZE_CD" OBJECTVERSION ="1" REUSABLE ="NO" TYPE ="Lookup Procedure" VERSIONNUMBER ="1">
            <TRANSFORMFIELD DATATYPE ="nstring" DEFAULTVALUE ="" DESCRIPTION ="" NAME ="STYLE_CD" PICTURETEXT ="" PORTTYPE ="LOOKUP" PRECISION ="10" SCALE ="0"/>
            <TRANSFORMFIELD DATATYPE ="nstring" DEFAULTVALUE ="" DESCRIPTION ="" NAME ="COLOR_CD" PICTURETEXT ="" PORTTYPE ="LOOKUP" PRECISION ="10" SCALE ="0"/>
            <TRANSFORMFIELD DATATYPE ="nstring" DEFAULTVALUE ="" DESCRIPTION ="" NAME ="ATTRIBUTE_CD" PICTURETEXT ="" PORTTYPE ="LOOKUP" PRECISION ="10" SCALE ="0"/>
            <TRANSFORMFIELD DATATYPE ="nstring" DEFAULTVALUE ="" DESCRIPTION ="" NAME ="LOCATION_CD" PICTURETEXT ="" PORTTYPE ="LOOKUP" PRECISION ="10" SCALE ="0"/>
            <TRANSFORMFIELD DATATYPE ="nstring" DEFAULTVALUE ="" DESCRIPTION ="" NAME ="DEMAND_DRIVER" PICTURETEXT ="" PORTTYPE ="LOOKUP/OUTPUT" PRECISION ="3" SCALE ="0"/>
            <TRANSFORMFIELD DATATYPE ="string" DEFAULTVALUE ="" DESCRIPTION ="" NAME ="I_STYLE_CD" PICTURETEXT ="" PORTTYPE ="INPUT" PRECISION ="6" SCALE ="0"/>
            <TRANSFORMFIELD DATATYPE ="string" DEFAULTVALUE ="" DESCRIPTION ="" NAME ="I_COLOR_CD" PICTURETEXT ="" PORTTYPE ="INPUT" PRECISION ="4" SCALE ="0"/>
            <TRANSFORMFIELD DATATYPE ="string" DEFAULTVALUE ="" DESCRIPTION ="" NAME ="I_ATTRIBUTE_CODE" PICTURETEXT ="" PORTTYPE ="INPUT" PRECISION ="6" SCALE ="0"/>
            <TRANSFORMFIELD DATATYPE ="string" DEFAULTVALUE ="" DESCRIPTION ="" NAME ="I_DEMAND_LOC" PICTURETEXT ="" PORTTYPE ="INPUT" PRECISION ="3" SCALE ="0"/>
            <TABLEATTRIBUTE NAME ="Lookup Sql Override" VALUE ="SELECT DPR_SKU_OVERRIDES.DEMAND_DRIVER as DEMAND_DRIVER, DPR_SKU_OVERRIDES.STYLE_CD as STYLE_CD, DPR_SKU_OVERRIDES.COLOR_CD as COLOR_CD, DPR_SKU_OVERRIDES.ATTRIBUTE_CD as ATTRIBUTE_CD, DPR_SKU_OVERRIDES.LOCATION_CD as LOCATION_CD FROM DPR_SKU_OVERRIDES  DPR_SKU_OVERRIDES&#xD;&#xA;WHERE SIZE_CD=&apos;*&apos;"/>
            <TABLEATTRIBUTE NAME ="Lookup table name" VALUE ="DPR_SKU_OVERRIDES"/>
            <TABLEATTRIBUTE NAME ="Lookup Source Filter" VALUE =""/>
            <TABLEATTRIBUTE NAME ="Lookup caching enabled" VALUE ="YES"/>
            <TABLEATTRIBUTE NAME ="Lookup policy on multiple match" VALUE ="Use Any Value"/>
            <TABLEATTRIBUTE NAME ="Lookup condition" VALUE ="STYLE_CD = I_STYLE_CD AND COLOR_CD = I_COLOR_CD AND ATTRIBUTE_CD = I_ATTRIBUTE_CODE AND LOCATION_CD = I_DEMAND_LOC"/>
            <TABLEATTRIBUTE NAME ="Connection Information" VALUE ="$Source"/>
            <TABLEATTRIBUTE NAME ="Source Type" VALUE ="Database"/>
            <TABLEATTRIBUTE NAME ="Recache if Stale" VALUE ="NO"/>
            <TABLEATTRIBUTE NAME ="Tracing Level" VALUE ="Normal"/>
            <TABLEATTRIBUTE NAME ="Lookup cache directory name" VALUE ="$PMCacheDir"/>
            <TABLEATTRIBUTE NAME ="Lookup cache initialize" VALUE ="NO"/>
            <TABLEATTRIBUTE NAME ="Lookup cache persistent" VALUE ="NO"/>
            <TABLEATTRIBUTE NAME ="Lookup Data Cache Size" VALUE ="Auto"/>
            <TABLEATTRIBUTE NAME ="Lookup Index Cache Size" VALUE ="Auto"/>
            <TABLEATTRIBUTE NAME ="Dynamic Lookup Cache" VALUE ="NO"/>
            <TABLEATTRIBUTE NAME ="Synchronize Dynamic Cache" VALUE ="NO"/>
            <TABLEATTRIBUTE NAME ="Output Old Value On Update" VALUE ="NO"/>
            <TABLEATTRIBUTE NAME ="Update Dynamic Cache Condition" VALUE ="TRUE"/>
            <TABLEATTRIBUTE NAME ="Cache File Name Prefix" VALUE =""/>
            <TABLEATTRIBUTE NAME ="Re-cache from lookup source" VALUE ="NO"/>
            <TABLEATTRIBUTE NAME ="Insert Else Update" VALUE ="NO"/>
            <TABLEATTRIBUTE NAME ="Update Else Insert" VALUE ="NO"/>
            <TABLEATTRIBUTE NAME ="Datetime Format" VALUE =""/>
            <TABLEATTRIBUTE NAME ="Thousand Separator" VALUE ="None"/>
            <TABLEATTRIBUTE NAME ="Decimal Separator" VALUE ="."/>
            <TABLEATTRIBUTE NAME ="Case Sensitive String Comparison" VALUE ="NO"/>
            <TABLEATTRIBUTE NAME ="Null ordering" VALUE ="Null Is Highest Value"/>
            <TABLEATTRIBUTE NAME ="Sorted Input" VALUE ="NO"/>
            <TABLEATTRIBUTE NAME ="Lookup source is static" VALUE ="NO"/>
            <TABLEATTRIBUTE NAME ="Pre-build lookup cache" VALUE ="Auto"/>
            <TABLEATTRIBUTE NAME ="Subsecond Precision" VALUE ="6"/>
        </TRANSFORMATION>
        <TRANSFORMATION DESCRIPTION ="Lookup to get the required fields, with given where conditions as  LOCATION_CD and SIZE_CD is *" NAME ="LKP_DPR_SKU_ORDS_LOC_SZ_CD" OBJECTVERSION ="1" REUSABLE ="NO" TYPE ="Lookup Procedure" VERSIONNUMBER ="1">
            <TRANSFORMFIELD DATATYPE ="nstring" DEFAULTVALUE ="" DESCRIPTION ="" NAME ="STYLE_CD" PICTURETEXT ="" PORTTYPE ="LOOKUP" PRECISION ="10" SCALE ="0"/>
            <TRANSFORMFIELD DATATYPE ="nstring" DEFAULTVALUE ="" DESCRIPTION ="" NAME ="COLOR_CD" PICTURETEXT ="" PORTTYPE ="LOOKUP" PRECISION ="10" SCALE ="0"/>
            <TRANSFORMFIELD DATATYPE ="nstring" DEFAULTVALUE ="" DESCRIPTION ="" NAME ="ATTRIBUTE_CD" PICTURETEXT ="" PORTTYPE ="LOOKUP" PRECISION ="10" SCALE ="0"/>
            <TRANSFORMFIELD DATATYPE ="nstring" DEFAULTVALUE ="" DESCRIPTION ="" NAME ="DEMAND_DRIVER" PICTURETEXT ="" PORTTYPE ="LOOKUP/OUTPUT" PRECISION ="3" SCALE ="0"/>
            <TRANSFORMFIELD DATATYPE ="string" DEFAULTVALUE ="" DESCRIPTION ="" NAME ="I_ATTRIBUTE_CODE" PICTURETEXT ="" PORTTYPE ="INPUT" PRECISION ="6" SCALE ="0"/>
            <TRANSFORMFIELD DATATYPE ="string" DEFAULTVALUE ="" DESCRIPTION ="" NAME ="I_STYLE_CD" PICTURETEXT ="" PORTTYPE ="INPUT" PRECISION ="6" SCALE ="0"/>
            <TRANSFORMFIELD DATATYPE ="string" DEFAULTVALUE ="" DESCRIPTION ="" NAME ="I_COLOR_CD" PICTURETEXT ="" PORTTYPE ="INPUT" PRECISION ="4" SCALE ="0"/>
            <TABLEATTRIBUTE NAME ="Lookup Sql Override" VALUE ="SELECT DPR_SKU_OVERRIDES.DEMAND_DRIVER as DEMAND_DRIVER, DPR_SKU_OVERRIDES.STYLE_CD as STYLE_CD, DPR_SKU_OVERRIDES.COLOR_CD as COLOR_CD, DPR_SKU_OVERRIDES.ATTRIBUTE_CD as ATTRIBUTE_CD FROM DPR_SKU_OVERRIDES DPR_SKU_OVERRIDES WHERE LOCATION_CD=&apos;*&apos;&#xD;&#xA;AND SIZE_CD=&apos;*&apos;"/>
            <TABLEATTRIBUTE NAME ="Lookup table name" VALUE ="DPR_SKU_OVERRIDES"/>
            <TABLEATTRIBUTE NAME ="Lookup Source Filter" VALUE =""/>
            <TABLEATTRIBUTE NAME ="Lookup caching enabled" VALUE ="YES"/>
            <TABLEATTRIBUTE NAME ="Lookup policy on multiple match" VALUE ="Use Any Value"/>
            <TABLEATTRIBUTE NAME ="Lookup condition" VALUE ="STYLE_CD = I_STYLE_CD AND COLOR_CD = I_COLOR_CD AND ATTRIBUTE_CD = I_ATTRIBUTE_CODE"/>
            <TABLEATTRIBUTE NAME ="Connection Information" VALUE ="$Source"/>
            <TABLEATTRIBUTE NAME ="Source Type" VALUE ="Database"/>
            <TABLEATTRIBUTE NAME ="Recache if Stale" VALUE ="NO"/>
            <TABLEATTRIBUTE NAME ="Tracing Level" VALUE ="Normal"/>
            <TABLEATTRIBUTE NAME ="Lookup cache directory name" VALUE ="$PMCacheDir"/>
            <TABLEATTRIBUTE NAME ="Lookup cache initialize" VALUE ="NO"/>
            <TABLEATTRIBUTE NAME ="Lookup cache persistent" VALUE ="NO"/>
            <TABLEATTRIBUTE NAME ="Lookup Data Cache Size" VALUE ="Auto"/>
            <TABLEATTRIBUTE NAME ="Lookup Index Cache Size" VALUE ="Auto"/>
            <TABLEATTRIBUTE NAME ="Dynamic Lookup Cache" VALUE ="NO"/>
            <TABLEATTRIBUTE NAME ="Synchronize Dynamic Cache" VALUE ="NO"/>
            <TABLEATTRIBUTE NAME ="Output Old Value On Update" VALUE ="NO"/>
            <TABLEATTRIBUTE NAME ="Update Dynamic Cache Condition" VALUE ="TRUE"/>
            <TABLEATTRIBUTE NAME ="Cache File Name Prefix" VALUE =""/>
            <TABLEATTRIBUTE NAME ="Re-cache from lookup source" VALUE ="NO"/>
            <TABLEATTRIBUTE NAME ="Insert Else Update" VALUE ="NO"/>
            <TABLEATTRIBUTE NAME ="Update Else Insert" VALUE ="NO"/>
            <TABLEATTRIBUTE NAME ="Datetime Format" VALUE =""/>
            <TABLEATTRIBUTE NAME ="Thousand Separator" VALUE ="None"/>
            <TABLEATTRIBUTE NAME ="Decimal Separator" VALUE ="."/>
            <TABLEATTRIBUTE NAME ="Case Sensitive String Comparison" VALUE ="NO"/>
            <TABLEATTRIBUTE NAME ="Null ordering" VALUE ="Null Is Highest Value"/>
            <TABLEATTRIBUTE NAME ="Sorted Input" VALUE ="NO"/>
            <TABLEATTRIBUTE NAME ="Lookup source is static" VALUE ="NO"/>
            <TABLEATTRIBUTE NAME ="Pre-build lookup cache" VALUE ="Auto"/>
            <TABLEATTRIBUTE NAME ="Subsecond Precision" VALUE ="6"/>
        </TRANSFORMATION>
        <TRANSFORMATION DESCRIPTION ="Optional lookup to DPR_SKU_OVERRIDES where&#xD;&#xA;style_cd = alias_style&#xD;&#xA;color_cd = alias_color&#xD;&#xA;attribute_cd = alias_attribute&#xD;&#xA;size_cd = alias_size&#xD;&#xA;location_cd = &quot;*&quot;" NAME ="LKP_DPR_SKU_OVERRIDES_LOCATION_CD" OBJECTVERSION ="1" REUSABLE ="NO" TYPE ="Lookup Procedure" VERSIONNUMBER ="1">
            <TRANSFORMFIELD DATATYPE ="nstring" DEFAULTVALUE ="" DESCRIPTION ="" NAME ="STYLE_CD" PICTURETEXT ="" PORTTYPE ="LOOKUP" PRECISION ="10" SCALE ="0"/>
            <TRANSFORMFIELD DATATYPE ="nstring" DEFAULTVALUE ="" DESCRIPTION ="" NAME ="COLOR_CD" PICTURETEXT ="" PORTTYPE ="LOOKUP" PRECISION ="10" SCALE ="0"/>
            <TRANSFORMFIELD DATATYPE ="nstring" DEFAULTVALUE ="" DESCRIPTION ="" NAME ="ATTRIBUTE_CD" PICTURETEXT ="" PORTTYPE ="LOOKUP" PRECISION ="10" SCALE ="0"/>
            <TRANSFORMFIELD DATATYPE ="nstring" DEFAULTVALUE ="" DESCRIPTION ="" NAME ="SIZE_CD" PICTURETEXT ="" PORTTYPE ="LOOKUP" PRECISION ="10" SCALE ="0"/>
            <TRANSFORMFIELD DATATYPE ="nstring" DEFAULTVALUE ="" DESCRIPTION ="" NAME ="DEMAND_DRIVER" PICTURETEXT ="" PORTTYPE ="LOOKUP/OUTPUT" PRECISION ="3" SCALE ="0"/>
            <TRANSFORMFIELD DATATYPE ="string" DEFAULTVALUE ="" DESCRIPTION ="" NAME ="I_STYLE_CD" PICTURETEXT ="" PORTTYPE ="INPUT" PRECISION ="6" SCALE ="0"/>
            <TRANSFORMFIELD DATATYPE ="string" DEFAULTVALUE ="" DESCRIPTION ="" NAME ="I_COLOR_CD" PICTURETEXT ="" PORTTYPE ="INPUT" PRECISION ="4" SCALE ="0"/>
            <TRANSFORMFIELD DATATYPE ="string" DEFAULTVALUE ="" DESCRIPTION ="" NAME ="I_ATTRIBUTE_CODE" PICTURETEXT ="" PORTTYPE ="INPUT" PRECISION ="6" SCALE ="0"/>
            <TRANSFORMFIELD DATATYPE ="string" DEFAULTVALUE ="" DESCRIPTION ="" NAME ="I_SIZE_CODE" PICTURETEXT ="" PORTTYPE ="INPUT" PRECISION ="3" SCALE ="0"/>
            <TABLEATTRIBUTE NAME ="Lookup Sql Override" VALUE ="SELECT DPR_SKU_OVERRIDES.DEMAND_DRIVER as DEMAND_DRIVER, DPR_SKU_OVERRIDES.STYLE_CD as STYLE_CD, DPR_SKU_OVERRIDES.COLOR_CD as COLOR_CD, DPR_SKU_OVERRIDES.ATTRIBUTE_CD as ATTRIBUTE_CD, DPR_SKU_OVERRIDES.SIZE_CD as SIZE_CD FROM DPR_SKU_OVERRIDES  DPR_SKU_OVERRIDES&#xD;&#xA;WHERE LOCATION_CD =&apos;*&apos;"/>
            <TABLEATTRIBUTE NAME ="Lookup table name" VALUE ="DPR_SKU_OVERRIDES"/>
            <TABLEATTRIBUTE NAME ="Lookup Source Filter" VALUE =""/>
            <TABLEATTRIBUTE NAME ="Lookup caching enabled" VALUE ="YES"/>
            <TABLEATTRIBUTE NAME ="Lookup policy on multiple match" VALUE ="Use Any Value"/>
            <TABLEATTRIBUTE NAME ="Lookup condition" VALUE ="STYLE_CD = I_STYLE_CD AND COLOR_CD = I_COLOR_CD AND ATTRIBUTE_CD = I_ATTRIBUTE_CODE AND SIZE_CD = I_SIZE_CODE"/>
            <TABLEATTRIBUTE NAME ="Connection Information" VALUE ="$Source"/>
            <TABLEATTRIBUTE NAME ="Source Type" VALUE ="Database"/>
            <TABLEATTRIBUTE NAME ="Recache if Stale" VALUE ="NO"/>
            <TABLEATTRIBUTE NAME ="Tracing Level" VALUE ="Normal"/>
            <TABLEATTRIBUTE NAME ="Lookup cache directory name" VALUE ="$PMCacheDir"/>
            <TABLEATTRIBUTE NAME ="Lookup cache initialize" VALUE ="NO"/>
            <TABLEATTRIBUTE NAME ="Lookup cache persistent" VALUE ="NO"/>
            <TABLEATTRIBUTE NAME ="Lookup Data Cache Size" VALUE ="Auto"/>
            <TABLEATTRIBUTE NAME ="Lookup Index Cache Size" VALUE ="Auto"/>
            <TABLEATTRIBUTE NAME ="Dynamic Lookup Cache" VALUE ="NO"/>
            <TABLEATTRIBUTE NAME ="Synchronize Dynamic Cache" VALUE ="NO"/>
            <TABLEATTRIBUTE NAME ="Output Old Value On Update" VALUE ="NO"/>
            <TABLEATTRIBUTE NAME ="Update Dynamic Cache Condition" VALUE ="TRUE"/>
            <TABLEATTRIBUTE NAME ="Cache File Name Prefix" VALUE =""/>
            <TABLEATTRIBUTE NAME ="Re-cache from lookup source" VALUE ="NO"/>
            <TABLEATTRIBUTE NAME ="Insert Else Update" VALUE ="NO"/>
            <TABLEATTRIBUTE NAME ="Update Else Insert" VALUE ="NO"/>
            <TABLEATTRIBUTE NAME ="Datetime Format" VALUE =""/>
            <TABLEATTRIBUTE NAME ="Thousand Separator" VALUE ="None"/>
            <TABLEATTRIBUTE NAME ="Decimal Separator" VALUE ="."/>
            <TABLEATTRIBUTE NAME ="Case Sensitive String Comparison" VALUE ="NO"/>
            <TABLEATTRIBUTE NAME ="Null ordering" VALUE ="Null Is Highest Value"/>
            <TABLEATTRIBUTE NAME ="Sorted Input" VALUE ="NO"/>
            <TABLEATTRIBUTE NAME ="Lookup source is static" VALUE ="NO"/>
            <TABLEATTRIBUTE NAME ="Pre-build lookup cache" VALUE ="Auto"/>
            <TABLEATTRIBUTE NAME ="Subsecond Precision" VALUE ="6"/>
        </TRANSFORMATION>
        <TRANSFORMATION DESCRIPTION ="Optional lookup to DPR_SKU_OVERRIDES where&#xD;&#xA;style_cd = alias_style&#xD;&#xA;color_cd = alias_color&#xD;&#xA;attribute_cd = alias_attribute&#xD;&#xA;size_cd = alias_size&#xD;&#xA;location_cd = alias_location" NAME ="LKP_DPR_SKU_OVERRIDES" OBJECTVERSION ="1" REUSABLE ="NO" TYPE ="Lookup Procedure" VERSIONNUMBER ="1">
            <TRANSFORMFIELD DATATYPE ="nstring" DEFAULTVALUE ="" DESCRIPTION ="" NAME ="STYLE_CD" PICTURETEXT ="" PORTTYPE ="LOOKUP" PRECISION ="10" SCALE ="0"/>
            <TRANSFORMFIELD DATATYPE ="nstring" DEFAULTVALUE ="" DESCRIPTION ="" NAME ="COLOR_CD" PICTURETEXT ="" PORTTYPE ="LOOKUP" PRECISION ="10" SCALE ="0"/>
            <TRANSFORMFIELD DATATYPE ="nstring" DEFAULTVALUE ="" DESCRIPTION ="" NAME ="ATTRIBUTE_CD" PICTURETEXT ="" PORTTYPE ="LOOKUP" PRECISION ="10" SCALE ="0"/>
            <TRANSFORMFIELD DATATYPE ="nstring" DEFAULTVALUE ="" DESCRIPTION ="" NAME ="SIZE_CD" PICTURETEXT ="" PORTTYPE ="LOOKUP" PRECISION ="10" SCALE ="0"/>
            <TRANSFORMFIELD DATATYPE ="nstring" DEFAULTVALUE ="" DESCRIPTION ="" NAME ="LOCATION_CD" PICTURETEXT ="" PORTTYPE ="LOOKUP" PRECISION ="10" SCALE ="0"/>
            <TRANSFORMFIELD DATATYPE ="nstring" DEFAULTVALUE ="" DESCRIPTION ="" NAME ="DEMAND_DRIVER" PICTURETEXT ="" PORTTYPE ="LOOKUP/OUTPUT" PRECISION ="3" SCALE ="0"/>
            <TRANSFORMFIELD DATATYPE ="string" DEFAULTVALUE ="" DESCRIPTION ="" NAME ="I_STYLE_CD" PICTURETEXT ="" PORTTYPE ="INPUT" PRECISION ="6" SCALE ="0"/>
            <TRANSFORMFIELD DATATYPE ="string" DEFAULTVALUE ="" DESCRIPTION ="" NAME ="I_COLOR_CD" PICTURETEXT ="" PORTTYPE ="INPUT" PRECISION ="4" SCALE ="0"/>
            <TRANSFORMFIELD DATATYPE ="string" DEFAULTVALUE ="" DESCRIPTION ="" NAME ="I_ATTRIBUTE_CODE" PICTURETEXT ="" PORTTYPE ="INPUT" PRECISION ="6" SCALE ="0"/>
            <TRANSFORMFIELD DATATYPE ="string" DEFAULTVALUE ="" DESCRIPTION ="" NAME ="I_SIZE_CODE" PICTURETEXT ="" PORTTYPE ="INPUT" PRECISION ="3" SCALE ="0"/>
            <TRANSFORMFIELD DATATYPE ="string" DEFAULTVALUE ="" DESCRIPTION ="" NAME ="I_DEMAND_LOC" PICTURETEXT ="" PORTTYPE ="INPUT" PRECISION ="3" SCALE ="0"/>
            <TABLEATTRIBUTE NAME ="Lookup Sql Override" VALUE ="SELECT DPR_SKU_OVERRIDES.DEMAND_DRIVER as DEMAND_DRIVER, DPR_SKU_OVERRIDES.STYLE_CD as STYLE_CD, DPR_SKU_OVERRIDES.COLOR_CD as COLOR_CD, DPR_SKU_OVERRIDES.ATTRIBUTE_CD as ATTRIBUTE_CD, DPR_SKU_OVERRIDES.SIZE_CD as SIZE_CD, DPR_SKU_OVERRIDES.LOCATION_CD as LOCATION_CD FROM DPR_SKU_OVERRIDES DPR_SKU_OVERRIDES"/>
            <TABLEATTRIBUTE NAME ="Lookup table name" VALUE ="DPR_SKU_OVERRIDES"/>
            <TABLEATTRIBUTE NAME ="Lookup Source Filter" VALUE =""/>
            <TABLEATTRIBUTE NAME ="Lookup caching enabled" VALUE ="YES"/>
            <TABLEATTRIBUTE NAME ="Lookup policy on multiple match" VALUE ="Use Any Value"/>
            <TABLEATTRIBUTE NAME ="Lookup condition" VALUE ="STYLE_CD = I_STYLE_CD AND COLOR_CD = I_COLOR_CD AND ATTRIBUTE_CD = I_ATTRIBUTE_CODE AND SIZE_CD = I_SIZE_CODE AND LOCATION_CD = I_DEMAND_LOC"/>
            <TABLEATTRIBUTE NAME ="Connection Information" VALUE ="$Source"/>
            <TABLEATTRIBUTE NAME ="Source Type" VALUE ="Database"/>
            <TABLEATTRIBUTE NAME ="Recache if Stale" VALUE ="NO"/>
            <TABLEATTRIBUTE NAME ="Tracing Level" VALUE ="Normal"/>
            <TABLEATTRIBUTE NAME ="Lookup cache directory name" VALUE ="$PMCacheDir"/>
            <TABLEATTRIBUTE NAME ="Lookup cache initialize" VALUE ="NO"/>
            <TABLEATTRIBUTE NAME ="Lookup cache persistent" VALUE ="NO"/>
            <TABLEATTRIBUTE NAME ="Lookup Data Cache Size" VALUE ="Auto"/>
            <TABLEATTRIBUTE NAME ="Lookup Index Cache Size" VALUE ="Auto"/>
            <TABLEATTRIBUTE NAME ="Dynamic Lookup Cache" VALUE ="NO"/>
            <TABLEATTRIBUTE NAME ="Synchronize Dynamic Cache" VALUE ="NO"/>
            <TABLEATTRIBUTE NAME ="Output Old Value On Update" VALUE ="NO"/>
            <TABLEATTRIBUTE NAME ="Update Dynamic Cache Condition" VALUE ="TRUE"/>
            <TABLEATTRIBUTE NAME ="Cache File Name Prefix" VALUE =""/>
            <TABLEATTRIBUTE NAME ="Re-cache from lookup source" VALUE ="NO"/>
            <TABLEATTRIBUTE NAME ="Insert Else Update" VALUE ="NO"/>
            <TABLEATTRIBUTE NAME ="Update Else Insert" VALUE ="NO"/>
            <TABLEATTRIBUTE NAME ="Datetime Format" VALUE =""/>
            <TABLEATTRIBUTE NAME ="Thousand Separator" VALUE ="None"/>
            <TABLEATTRIBUTE NAME ="Decimal Separator" VALUE ="."/>
            <TABLEATTRIBUTE NAME ="Case Sensitive String Comparison" VALUE ="NO"/>
            <TABLEATTRIBUTE NAME ="Null ordering" VALUE ="Null Is Highest Value"/>
            <TABLEATTRIBUTE NAME ="Sorted Input" VALUE ="NO"/>
            <TABLEATTRIBUTE NAME ="Lookup source is static" VALUE ="NO"/>
            <TABLEATTRIBUTE NAME ="Pre-build lookup cache" VALUE ="Auto"/>
            <TABLEATTRIBUTE NAME ="Subsecond Precision" VALUE ="6"/>
        </TRANSFORMATION>
        <INSTANCE DESCRIPTION ="Target Definition" NAME ="DEMAND" TRANSFORMATION_NAME ="DEMAND" TRANSFORMATION_TYPE ="Target Definition" TYPE ="TARGET"/>
        <INSTANCE DBDNAME ="demand_prioritization_stage" DESCRIPTION ="Source Definition" NAME ="ITEM" TRANSFORMATION_NAME ="ITEM" TRANSFORMATION_TYPE ="Source Definition" TYPE ="SOURCE"/>
        <INSTANCE DESCRIPTION ="To check for the  records exits in target" NAME ="LKP_DEMAND" REUSABLE ="NO" TRANSFORMATION_NAME ="LKP_DEMAND" TRANSFORMATION_TYPE ="Lookup Procedure" TYPE ="TRANSFORMATION"/>
        <INSTANCE DESCRIPTION ="To filter out the records which already exists in target" NAME ="FL_DEMAND" REUSABLE ="NO" TRANSFORMATION_NAME ="FL_DEMAND" TRANSFORMATION_TYPE ="Filter" TYPE ="TRANSFORMATION"/>
        <INSTANCE DESCRIPTION ="This transformation fetches required records from Source Definition " NAME ="SQ_ITEM" REUSABLE ="NO" TRANSFORMATION_NAME ="SQ_ITEM" TRANSFORMATION_TYPE ="Source Qualifier" TYPE ="TRANSFORMATION">
            <ASSOCIATED_SOURCE_INSTANCE NAME ="ITEM"/>
        </INSTANCE>
        <INSTANCE DESCRIPTION ="In this expression we hardcode the required target columns." NAME ="EXP_ITEM" REUSABLE ="NO" TRANSFORMATION_NAME ="EXP_ITEM" TRANSFORMATION_TYPE ="Expression" TYPE ="TRANSFORMATION"/>
        <INSTANCE DESCRIPTION ="Expression to fetch the demand location to be compared with the lookup&apos;s demand location" NAME ="EXP_SRC_DEMAND_LOC" REUSABLE ="NO" TRANSFORMATION_NAME ="EXP_SRC_DEMAND_LOC" TRANSFORMATION_TYPE ="Expression" TYPE ="TRANSFORMATION"/>
        <INSTANCE DESCRIPTION ="Lookup on DPR_DIRECT_SHIP table to check for the matching records based on corp_business_unit,color_cd,style_cd and demand_loc" NAME ="LKP_DPR_DIRECT_SHIP" REUSABLE ="NO" TRANSFORMATION_NAME ="LKP_DPR_DIRECT_SHIP" TRANSFORMATION_TYPE ="Lookup Procedure" TYPE ="TRANSFORMATION"/>
        <INSTANCE DESCRIPTION ="Optional lookup to DPR_SKU_OVERRIDES where&#xD;&#xA;style_cd = alias_style&#xD;&#xA;color_cd = alias_color&#xD;&#xA;attribute_cd = alias_attribute&#xD;&#xA;size_cd = &quot;*&quot;&#xD;&#xA;location_cd = alias_location" NAME ="LKP_DPR_SKU_OVERRIDES_SIZE_CD" REUSABLE ="NO" TRANSFORMATION_NAME ="LKP_DPR_SKU_OVERRIDES_SIZE_CD" TRANSFORMATION_TYPE ="Lookup Procedure" TYPE ="TRANSFORMATION"/>
        <INSTANCE DESCRIPTION ="Lookup to get the required fields, with given where conditions as  LOCATION_CD and SIZE_CD is *" NAME ="LKP_DPR_SKU_ORDS_LOC_SZ_CD" REUSABLE ="NO" TRANSFORMATION_NAME ="LKP_DPR_SKU_ORDS_LOC_SZ_CD" TRANSFORMATION_TYPE ="Lookup Procedure" TYPE ="TRANSFORMATION"/>
        <INSTANCE DESCRIPTION ="Optional lookup to DPR_SKU_OVERRIDES where&#xD;&#xA;style_cd = alias_style&#xD;&#xA;color_cd = alias_color&#xD;&#xA;attribute_cd = alias_attribute&#xD;&#xA;size_cd = alias_size&#xD;&#xA;location_cd = &quot;*&quot;" NAME ="LKP_DPR_SKU_OVERRIDES_LOCATION_CD" REUSABLE ="NO" TRANSFORMATION_NAME ="LKP_DPR_SKU_OVERRIDES_LOCATION_CD" TRANSFORMATION_TYPE ="Lookup Procedure" TYPE ="TRANSFORMATION"/>
        <INSTANCE DESCRIPTION ="Optional lookup to DPR_SKU_OVERRIDES where&#xD;&#xA;style_cd = alias_style&#xD;&#xA;color_cd = alias_color&#xD;&#xA;attribute_cd = alias_attribute&#xD;&#xA;size_cd = alias_size&#xD;&#xA;location_cd = alias_location" NAME ="LKP_DPR_SKU_OVERRIDES" REUSABLE ="NO" TRANSFORMATION_NAME ="LKP_DPR_SKU_OVERRIDES" TRANSFORMATION_TYPE ="Lookup Procedure" TYPE ="TRANSFORMATION"/>
        <CONNECTOR FROMFIELD ="ITEM_CODE" FROMINSTANCE ="FL_DEMAND" FROMINSTANCETYPE ="Filter" TOFIELD ="ITEM_CODE" TOINSTANCE ="DEMAND" TOINSTANCETYPE ="Target Definition"/>
        <CONNECTOR FROMFIELD ="DEMAND_TYPE" FROMINSTANCE ="FL_DEMAND" FROMINSTANCETYPE ="Filter" TOFIELD ="DEMAND_TYPE" TOINSTANCE ="DEMAND" TOINSTANCETYPE ="Target Definition"/>
        <CONNECTOR FROMFIELD ="DEMAND_SUBTYPE" FROMINSTANCE ="FL_DEMAND" FROMINSTANCETYPE ="Filter" TOFIELD ="DEMAND_SUBTYPE" TOINSTANCE ="DEMAND" TOINSTANCETYPE ="Target Definition"/>
        <CONNECTOR FROMFIELD ="CUSTOMER_GROUP" FROMINSTANCE ="FL_DEMAND" FROMINSTANCETYPE ="Filter" TOFIELD ="CUSTOMER_GROUP" TOINSTANCE ="DEMAND" TOINSTANCETYPE ="Target Definition"/>
        <CONNECTOR FROMFIELD ="CUSTOMER_SHIP_DATE" FROMINSTANCE ="FL_DEMAND" FROMINSTANCETYPE ="Filter" TOFIELD ="CUSTOMER_SHIP_DATE" TOINSTANCE ="DEMAND" TOINSTANCETYPE ="Target Definition"/>
        <CONNECTOR FROMFIELD ="LOAD_DATE" FROMINSTANCE ="FL_DEMAND" FROMINSTANCETYPE ="Filter" TOFIELD ="LOAD_DATE" TOINSTANCE ="DEMAND" TOINSTANCETYPE ="Target Definition"/>
        <CONNECTOR FROMFIELD ="DATA_SOURCE" FROMINSTANCE ="FL_DEMAND" FROMINSTANCETYPE ="Filter" TOFIELD ="DATA_SOURCE" TOINSTANCE ="DEMAND" TOINSTANCETYPE ="Target Definition"/>
        <CONNECTOR FROMFIELD ="LEGACY_SOURCE" FROMINSTANCE ="FL_DEMAND" FROMINSTANCETYPE ="Filter" TOFIELD ="LEGACY_SOURCE" TOINSTANCE ="DEMAND" TOINSTANCETYPE ="Target Definition"/>
        <CONNECTOR FROMFIELD ="FORECAST_TYPE" FROMINSTANCE ="FL_DEMAND" FROMINSTANCETYPE ="Filter" TOFIELD ="FORECAST_TYPE" TOINSTANCE ="DEMAND" TOINSTANCETYPE ="Target Definition"/>
        <CONNECTOR FROMFIELD ="DEMAND_QUANTITY" FROMINSTANCE ="FL_DEMAND" FROMINSTANCETYPE ="Filter" TOFIELD ="DEMAND_QUANTITY" TOINSTANCE ="DEMAND" TOINSTANCETYPE ="Target Definition"/>
        <CONNECTOR FROMFIELD ="LEGACY_SOURCE" FROMINSTANCE ="ITEM" FROMINSTANCETYPE ="Source Definition" TOFIELD ="LEGACY_SOURCE" TOINSTANCE ="SQ_ITEM" TOINSTANCETYPE ="Source Qualifier"/>
        <CONNECTOR FROMFIELD ="ITEM_CODE" FROMINSTANCE ="ITEM" FROMINSTANCETYPE ="Source Definition" TOFIELD ="ITEM_CODE" TOINSTANCE ="SQ_ITEM" TOINSTANCETYPE ="Source Qualifier"/>
        <CONNECTOR FROMFIELD ="MANUFACTURING_PRODUCT_FAMILY" FROMINSTANCE ="ITEM" FROMINSTANCETYPE ="Source Definition" TOFIELD ="MANUFACTURING_PRODUCT_FAMILY" TOINSTANCE ="SQ_ITEM" TOINSTANCETYPE ="Source Qualifier"/>
        <CONNECTOR FROMFIELD ="APS_STYLE_CD" FROMINSTANCE ="ITEM" FROMINSTANCETYPE ="Source Definition" TOFIELD ="APS_STYLE_CD" TOINSTANCE ="SQ_ITEM" TOINSTANCETYPE ="Source Qualifier"/>
        <CONNECTOR FROMFIELD ="APS_COLOR_CD" FROMINSTANCE ="ITEM" FROMINSTANCETYPE ="Source Definition" TOFIELD ="APS_COLOR_CD" TOINSTANCE ="SQ_ITEM" TOINSTANCETYPE ="Source Qualifier"/>
        <CONNECTOR FROMFIELD ="APS_CORP_BUSINESS_UNIT" FROMINSTANCE ="ITEM" FROMINSTANCETYPE ="Source Definition" TOFIELD ="APS_CORP_BUSINESS_UNIT" TOINSTANCE ="SQ_ITEM" TOINSTANCETYPE ="Source Qualifier"/>
        <CONNECTOR FROMFIELD ="ATTRIBUTE_CODE" FROMINSTANCE ="ITEM" FROMINSTANCETYPE ="Source Definition" TOFIELD ="ATTRIBUTE_CODE" TOINSTANCE ="SQ_ITEM" TOINSTANCETYPE ="Source Qualifier"/>
        <CONNECTOR FROMFIELD ="SIZE_CODE" FROMINSTANCE ="ITEM" FROMINSTANCETYPE ="Source Definition" TOFIELD ="SIZE_CODE" TOINSTANCE ="SQ_ITEM" TOINSTANCETYPE ="Source Qualifier"/>
        <CONNECTOR FROMFIELD ="LEGACY_SOURCE" FROMINSTANCE ="LKP_DEMAND" FROMINSTANCETYPE ="Lookup Procedure" TOFIELD ="LKP_LEGACY_SOURCE" TOINSTANCE ="FL_DEMAND" TOINSTANCETYPE ="Filter"/>
        <CONNECTOR FROMFIELD ="FORECAST_TYPE" FROMINSTANCE ="LKP_DEMAND" FROMINSTANCETYPE ="Lookup Procedure" TOFIELD ="LKP_FORECAST_TYPE" TOINSTANCE ="FL_DEMAND" TOINSTANCETYPE ="Filter"/>
        <CONNECTOR FROMFIELD ="ITEM_CODE" FROMINSTANCE ="LKP_DEMAND" FROMINSTANCETYPE ="Lookup Procedure" TOFIELD ="LKP_ITEM_CODE" TOINSTANCE ="FL_DEMAND" TOINSTANCETYPE ="Filter"/>
        <CONNECTOR FROMFIELD ="FORECAST_TYPE" FROMINSTANCE ="EXP_ITEM" FROMINSTANCETYPE ="Expression" TOFIELD ="I_FORECAST_TYPE" TOINSTANCE ="LKP_DEMAND" TOINSTANCETYPE ="Lookup Procedure"/>
        <CONNECTOR FROMFIELD ="LEGACY_SOURCE" FROMINSTANCE ="EXP_ITEM" FROMINSTANCETYPE ="Expression" TOFIELD ="I_LEGACY_SOURCE" TOINSTANCE ="LKP_DEMAND" TOINSTANCETYPE ="Lookup Procedure"/>
        <CONNECTOR FROMFIELD ="ITEM_CODE" FROMINSTANCE ="EXP_ITEM" FROMINSTANCETYPE ="Expression" TOFIELD ="I_ITEM_CODE" TOINSTANCE ="LKP_DEMAND" TOINSTANCETYPE ="Lookup Procedure"/>
        <CONNECTOR FROMFIELD ="LEGACY_SOURCE" FROMINSTANCE ="EXP_ITEM" FROMINSTANCETYPE ="Expression" TOFIELD ="LEGACY_SOURCE" TOINSTANCE ="FL_DEMAND" TOINSTANCETYPE ="Filter"/>
        <CONNECTOR FROMFIELD ="ITEM_CODE" FROMINSTANCE ="EXP_ITEM" FROMINSTANCETYPE ="Expression" TOFIELD ="ITEM_CODE" TOINSTANCE ="FL_DEMAND" TOINSTANCETYPE ="Filter"/>
        <CONNECTOR FROMFIELD ="FORECAST_TYPE" FROMINSTANCE ="EXP_ITEM" FROMINSTANCETYPE ="Expression" TOFIELD ="FORECAST_TYPE" TOINSTANCE ="FL_DEMAND" TOINSTANCETYPE ="Filter"/>
        <CONNECTOR FROMFIELD ="DEMAND_SUBTYPE" FROMINSTANCE ="EXP_ITEM" FROMINSTANCETYPE ="Expression" TOFIELD ="DEMAND_SUBTYPE" TOINSTANCE ="FL_DEMAND" TOINSTANCETYPE ="Filter"/>
        <CONNECTOR FROMFIELD ="CUSTOMER_GROUP" FROMINSTANCE ="EXP_ITEM" FROMINSTANCETYPE ="Expression" TOFIELD ="CUSTOMER_GROUP" TOINSTANCE ="FL_DEMAND" TOINSTANCETYPE ="Filter"/>
        <CONNECTOR FROMFIELD ="CUSTOMER_SHIP_DATE" FROMINSTANCE ="EXP_ITEM" FROMINSTANCETYPE ="Expression" TOFIELD ="CUSTOMER_SHIP_DATE" TOINSTANCE ="FL_DEMAND" TOINSTANCETYPE ="Filter"/>
        <CONNECTOR FROMFIELD ="DEMAND_QUANTITY" FROMINSTANCE ="EXP_ITEM" FROMINSTANCETYPE ="Expression" TOFIELD ="DEMAND_QUANTITY" TOINSTANCE ="FL_DEMAND" TOINSTANCETYPE ="Filter"/>
        <CONNECTOR FROMFIELD ="LOAD_DATE" FROMINSTANCE ="EXP_ITEM" FROMINSTANCETYPE ="Expression" TOFIELD ="LOAD_DATE" TOINSTANCE ="FL_DEMAND" TOINSTANCETYPE ="Filter"/>
        <CONNECTOR FROMFIELD ="DATA_SOURCE" FROMINSTANCE ="EXP_ITEM" FROMINSTANCETYPE ="Expression" TOFIELD ="DATA_SOURCE" TOINSTANCE ="FL_DEMAND" TOINSTANCETYPE ="Filter"/>
        <CONNECTOR FROMFIELD ="O_DEMAND_TYPE" FROMINSTANCE ="EXP_ITEM" FROMINSTANCETYPE ="Expression" TOFIELD ="DEMAND_TYPE" TOINSTANCE ="FL_DEMAND" TOINSTANCETYPE ="Filter"/>
        <CONNECTOR FROMFIELD ="LEGACY_SOURCE" FROMINSTANCE ="SQ_ITEM" FROMINSTANCETYPE ="Source Qualifier" TOFIELD ="LEGACY_SOURCE" TOINSTANCE ="EXP_SRC_DEMAND_LOC" TOINSTANCETYPE ="Expression"/>
        <CONNECTOR FROMFIELD ="ITEM_CODE" FROMINSTANCE ="SQ_ITEM" FROMINSTANCETYPE ="Source Qualifier" TOFIELD ="ITEM_CODE" TOINSTANCE ="EXP_SRC_DEMAND_LOC" TOINSTANCETYPE ="Expression"/>
        <CONNECTOR FROMFIELD ="MANUFACTURING_PRODUCT_FAMILY" FROMINSTANCE ="SQ_ITEM" FROMINSTANCETYPE ="Source Qualifier" TOFIELD ="MANUFACTURING_PRODUCT_FAMILY" TOINSTANCE ="EXP_SRC_DEMAND_LOC" TOINSTANCETYPE ="Expression"/>
        <CONNECTOR FROMFIELD ="APS_STYLE_CD" FROMINSTANCE ="SQ_ITEM" FROMINSTANCETYPE ="Source Qualifier" TOFIELD ="APS_STYLE_CD" TOINSTANCE ="EXP_SRC_DEMAND_LOC" TOINSTANCETYPE ="Expression"/>
        <CONNECTOR FROMFIELD ="APS_COLOR_CD" FROMINSTANCE ="SQ_ITEM" FROMINSTANCETYPE ="Source Qualifier" TOFIELD ="APS_COLOR_CD" TOINSTANCE ="EXP_SRC_DEMAND_LOC" TOINSTANCETYPE ="Expression"/>
        <CONNECTOR FROMFIELD ="APS_CORP_BUSINESS_UNIT" FROMINSTANCE ="SQ_ITEM" FROMINSTANCETYPE ="Source Qualifier" TOFIELD ="APS_CORP_BUSINESS_UNIT" TOINSTANCE ="EXP_SRC_DEMAND_LOC" TOINSTANCETYPE ="Expression"/>
        <CONNECTOR FROMFIELD ="ATTRIBUTE_CODE" FROMINSTANCE ="SQ_ITEM" FROMINSTANCETYPE ="Source Qualifier" TOFIELD ="ATTRIBUTE_CODE" TOINSTANCE ="EXP_SRC_DEMAND_LOC" TOINSTANCETYPE ="Expression"/>
        <CONNECTOR FROMFIELD ="SIZE_CODE" FROMINSTANCE ="SQ_ITEM" FROMINSTANCETYPE ="Source Qualifier" TOFIELD ="SIZE_CODE" TOINSTANCE ="EXP_SRC_DEMAND_LOC" TOINSTANCETYPE ="Expression"/>
        <CONNECTOR FROMFIELD ="MANUFACTURING_PRODUCT_FAMILY" FROMINSTANCE ="EXP_SRC_DEMAND_LOC" FROMINSTANCETYPE ="Expression" TOFIELD ="I_MANUFACTURING_PRODUCT_FAMILY" TOINSTANCE ="EXP_ITEM" TOINSTANCETYPE ="Expression"/>
        <CONNECTOR FROMFIELD ="LEGACY_SOURCE" FROMINSTANCE ="EXP_SRC_DEMAND_LOC" FROMINSTANCETYPE ="Expression" TOFIELD ="LEGACY_SOURCE" TOINSTANCE ="EXP_ITEM" TOINSTANCETYPE ="Expression"/>
        <CONNECTOR FROMFIELD ="ITEM_CODE" FROMINSTANCE ="EXP_SRC_DEMAND_LOC" FROMINSTANCETYPE ="Expression" TOFIELD ="ITEM_CODE" TOINSTANCE ="EXP_ITEM" TOINSTANCETYPE ="Expression"/>
        <CONNECTOR FROMFIELD ="DEMAND_TYPE" FROMINSTANCE ="LKP_DPR_DIRECT_SHIP" FROMINSTANCETYPE ="Lookup Procedure" TOFIELD ="LKP_DEMAND_TYPE" TOINSTANCE ="EXP_ITEM" TOINSTANCETYPE ="Expression"/>
        <CONNECTOR FROMFIELD ="STYLE_CD" FROMINSTANCE ="LKP_DPR_DIRECT_SHIP" FROMINSTANCETYPE ="Lookup Procedure" TOFIELD ="LKP_STYLE_CD" TOINSTANCE ="EXP_ITEM" TOINSTANCETYPE ="Expression"/>
        <CONNECTOR FROMFIELD ="DEMAND_DRIVER" FROMINSTANCE ="LKP_DPR_SKU_OVERRIDES" FROMINSTANCETYPE ="Lookup Procedure" TOFIELD ="I_DEMAND_DRIVER1" TOINSTANCE ="EXP_ITEM" TOINSTANCETYPE ="Expression"/>
        <CONNECTOR FROMFIELD ="DEMAND_DRIVER" FROMINSTANCE ="LKP_DPR_SKU_OVERRIDES_SIZE_CD" FROMINSTANCETYPE ="Lookup Procedure" TOFIELD ="I_DEMAND_DRIVER2" TOINSTANCE ="EXP_ITEM" TOINSTANCETYPE ="Expression"/>
        <CONNECTOR FROMFIELD ="DEMAND_DRIVER" FROMINSTANCE ="LKP_DPR_SKU_OVERRIDES_LOCATION_CD" FROMINSTANCETYPE ="Lookup Procedure" TOFIELD ="I_DEMAND_DRIVER3" TOINSTANCE ="EXP_ITEM" TOINSTANCETYPE ="Expression"/>
        <CONNECTOR FROMFIELD ="DEMAND_DRIVER" FROMINSTANCE ="LKP_DPR_SKU_ORDS_LOC_SZ_CD" FROMINSTANCETYPE ="Lookup Procedure" TOFIELD ="I_DEMAND_DRIVER4" TOINSTANCE ="EXP_ITEM" TOINSTANCETYPE ="Expression"/>
        <CONNECTOR FROMFIELD ="APS_STYLE_CD" FROMINSTANCE ="EXP_SRC_DEMAND_LOC" FROMINSTANCETYPE ="Expression" TOFIELD ="APS_STYLE_CD" TOINSTANCE ="LKP_DPR_DIRECT_SHIP" TOINSTANCETYPE ="Lookup Procedure"/>
        <CONNECTOR FROMFIELD ="APS_COLOR_CD" FROMINSTANCE ="EXP_SRC_DEMAND_LOC" FROMINSTANCETYPE ="Expression" TOFIELD ="APS_COLOR_CD" TOINSTANCE ="LKP_DPR_DIRECT_SHIP" TOINSTANCETYPE ="Lookup Procedure"/>
        <CONNECTOR FROMFIELD ="APS_CORP_BUSINESS_UNIT" FROMINSTANCE ="EXP_SRC_DEMAND_LOC" FROMINSTANCETYPE ="Expression" TOFIELD ="APS_CORP_BUSINESS_UNIT" TOINSTANCE ="LKP_DPR_DIRECT_SHIP" TOINSTANCETYPE ="Lookup Procedure"/>
        <CONNECTOR FROMFIELD ="SRC_DEMAND_LOC" FROMINSTANCE ="EXP_SRC_DEMAND_LOC" FROMINSTANCETYPE ="Expression" TOFIELD ="SRC_DEMAND_LOC" TOINSTANCE ="LKP_DPR_DIRECT_SHIP" TOINSTANCETYPE ="Lookup Procedure"/>
        <CONNECTOR FROMFIELD ="APS_STYLE_CD" FROMINSTANCE ="EXP_SRC_DEMAND_LOC" FROMINSTANCETYPE ="Expression" TOFIELD ="I_STYLE_CD" TOINSTANCE ="LKP_DPR_SKU_OVERRIDES_LOCATION_CD" TOINSTANCETYPE ="Lookup Procedure"/>
        <CONNECTOR FROMFIELD ="APS_COLOR_CD" FROMINSTANCE ="EXP_SRC_DEMAND_LOC" FROMINSTANCETYPE ="Expression" TOFIELD ="I_COLOR_CD" TOINSTANCE ="LKP_DPR_SKU_OVERRIDES_LOCATION_CD" TOINSTANCETYPE ="Lookup Procedure"/>
        <CONNECTOR FROMFIELD ="ATTRIBUTE_CODE" FROMINSTANCE ="EXP_SRC_DEMAND_LOC" FROMINSTANCETYPE ="Expression" TOFIELD ="I_ATTRIBUTE_CODE" TOINSTANCE ="LKP_DPR_SKU_OVERRIDES_LOCATION_CD" TOINSTANCETYPE ="Lookup Procedure"/>
        <CONNECTOR FROMFIELD ="SIZE_CODE" FROMINSTANCE ="EXP_SRC_DEMAND_LOC" FROMINSTANCETYPE ="Expression" TOFIELD ="I_SIZE_CODE" TOINSTANCE ="LKP_DPR_SKU_OVERRIDES_LOCATION_CD" TOINSTANCETYPE ="Lookup Procedure"/>
        <CONNECTOR FROMFIELD ="APS_STYLE_CD" FROMINSTANCE ="EXP_SRC_DEMAND_LOC" FROMINSTANCETYPE ="Expression" TOFIELD ="I_STYLE_CD" TOINSTANCE ="LKP_DPR_SKU_OVERRIDES" TOINSTANCETYPE ="Lookup Procedure"/>
        <CONNECTOR FROMFIELD ="APS_COLOR_CD" FROMINSTANCE ="EXP_SRC_DEMAND_LOC" FROMINSTANCETYPE ="Expression" TOFIELD ="I_COLOR_CD" TOINSTANCE ="LKP_DPR_SKU_OVERRIDES" TOINSTANCETYPE ="Lookup Procedure"/>
        <CONNECTOR FROMFIELD ="ATTRIBUTE_CODE" FROMINSTANCE ="EXP_SRC_DEMAND_LOC" FROMINSTANCETYPE ="Expression" TOFIELD ="I_ATTRIBUTE_CODE" TOINSTANCE ="LKP_DPR_SKU_OVERRIDES" TOINSTANCETYPE ="Lookup Procedure"/>
        <CONNECTOR FROMFIELD ="SIZE_CODE" FROMINSTANCE ="EXP_SRC_DEMAND_LOC" FROMINSTANCETYPE ="Expression" TOFIELD ="I_SIZE_CODE" TOINSTANCE ="LKP_DPR_SKU_OVERRIDES" TOINSTANCETYPE ="Lookup Procedure"/>
        <CONNECTOR FROMFIELD ="SRC_DEMAND_LOC" FROMINSTANCE ="EXP_SRC_DEMAND_LOC" FROMINSTANCETYPE ="Expression" TOFIELD ="I_DEMAND_LOC" TOINSTANCE ="LKP_DPR_SKU_OVERRIDES" TOINSTANCETYPE ="Lookup Procedure"/>
        <CONNECTOR FROMFIELD ="APS_STYLE_CD" FROMINSTANCE ="EXP_SRC_DEMAND_LOC" FROMINSTANCETYPE ="Expression" TOFIELD ="I_STYLE_CD" TOINSTANCE ="LKP_DPR_SKU_ORDS_LOC_SZ_CD" TOINSTANCETYPE ="Lookup Procedure"/>
        <CONNECTOR FROMFIELD ="APS_COLOR_CD" FROMINSTANCE ="EXP_SRC_DEMAND_LOC" FROMINSTANCETYPE ="Expression" TOFIELD ="I_COLOR_CD" TOINSTANCE ="LKP_DPR_SKU_ORDS_LOC_SZ_CD" TOINSTANCETYPE ="Lookup Procedure"/>
        <CONNECTOR FROMFIELD ="ATTRIBUTE_CODE" FROMINSTANCE ="EXP_SRC_DEMAND_LOC" FROMINSTANCETYPE ="Expression" TOFIELD ="I_ATTRIBUTE_CODE" TOINSTANCE ="LKP_DPR_SKU_ORDS_LOC_SZ_CD" TOINSTANCETYPE ="Lookup Procedure"/>
        <CONNECTOR FROMFIELD ="APS_STYLE_CD" FROMINSTANCE ="EXP_SRC_DEMAND_LOC" FROMINSTANCETYPE ="Expression" TOFIELD ="I_STYLE_CD" TOINSTANCE ="LKP_DPR_SKU_OVERRIDES_SIZE_CD" TOINSTANCETYPE ="Lookup Procedure"/>
        <CONNECTOR FROMFIELD ="APS_COLOR_CD" FROMINSTANCE ="EXP_SRC_DEMAND_LOC" FROMINSTANCETYPE ="Expression" TOFIELD ="I_COLOR_CD" TOINSTANCE ="LKP_DPR_SKU_OVERRIDES_SIZE_CD" TOINSTANCETYPE ="Lookup Procedure"/>
        <CONNECTOR FROMFIELD ="ATTRIBUTE_CODE" FROMINSTANCE ="EXP_SRC_DEMAND_LOC" FROMINSTANCETYPE ="Expression" TOFIELD ="I_ATTRIBUTE_CODE" TOINSTANCE ="LKP_DPR_SKU_OVERRIDES_SIZE_CD" TOINSTANCETYPE ="Lookup Procedure"/>
        <CONNECTOR FROMFIELD ="SRC_DEMAND_LOC" FROMINSTANCE ="EXP_SRC_DEMAND_LOC" FROMINSTANCETYPE ="Expression" TOFIELD ="I_DEMAND_LOC" TOINSTANCE ="LKP_DPR_SKU_OVERRIDES_SIZE_CD" TOINSTANCETYPE ="Lookup Procedure"/>
        <TARGETLOADORDER ORDER ="1" TARGETINSTANCE ="DEMAND"/>
        <ERPINFO/>
        <METADATAEXTENSION DATATYPE ="STRING" DESCRIPTION ="Conversion Mapping Name with version " DOMAINNAME ="User Defined Metadata Domain" ISCLIENTEDITABLE ="YES" ISCLIENTVISIBLE ="YES" ISREUSABLE ="NO" ISSHAREREAD ="NO" ISSHAREWRITE ="NO" MAXLENGTH ="256" NAME ="CONV_MAP_NAME" VALUE ="Conversion Mapping:DEMAND_MDF_v_5.0" VENDORNAME ="INFORMATICA"/>
    </MAPPING>
    <CONFIG DESCRIPTION ="Default session configuration object" ISDEFAULT ="YES" NAME ="default_session_config" VERSIONNUMBER ="1">
        <ATTRIBUTE NAME ="Advanced" VALUE =""/>
        <ATTRIBUTE NAME ="Constraint based load ordering" VALUE ="NO"/>
        <ATTRIBUTE NAME ="Cache LOOKUP() function" VALUE ="YES"/>
        <ATTRIBUTE NAME ="Default buffer block size" VALUE ="Auto"/>
        <ATTRIBUTE NAME ="Line Sequential buffer length" VALUE ="1024"/>
        <ATTRIBUTE NAME ="Maximum Memory Allowed For Auto Memory Attributes" VALUE ="512MB"/>
        <ATTRIBUTE NAME ="Maximum Percentage of Total Memory Allowed For Auto Memory Attributes" VALUE ="5"/>
        <ATTRIBUTE NAME ="Additional Concurrent Pipelines for Lookup Cache Creation" VALUE ="Auto"/>
        <ATTRIBUTE NAME ="Custom Properties" VALUE =""/>
        <ATTRIBUTE NAME ="Pre-build lookup cache" VALUE ="Auto"/>
        <ATTRIBUTE NAME ="Optimization Level" VALUE ="Medium"/>
        <ATTRIBUTE NAME ="DateTime Format String" VALUE ="MM/DD/YYYY HH24:MI:SS.US"/>
        <ATTRIBUTE NAME ="Pre 85 Timestamp Compatibility" VALUE ="NO"/>
        <ATTRIBUTE NAME ="Log Options" VALUE ="0"/>
        <ATTRIBUTE NAME ="Save session log by" VALUE ="Session runs"/>
        <ATTRIBUTE NAME ="Save session log for these runs" VALUE ="9"/>
        <ATTRIBUTE NAME ="Session Log File Max Size" VALUE ="0"/>
        <ATTRIBUTE NAME ="Session Log File Max Time Period" VALUE ="0"/>
        <ATTRIBUTE NAME ="Maximum Partial Session Log Files" VALUE ="1"/>
        <ATTRIBUTE NAME ="Writer Commit Statistics Log Frequency" VALUE ="1"/>
        <ATTRIBUTE NAME ="Writer Commit Statistics Log Interval" VALUE ="0"/>
        <ATTRIBUTE NAME ="Error handling" VALUE =""/>
        <ATTRIBUTE NAME ="Stop on errors" VALUE ="1"/>
        <ATTRIBUTE NAME ="Override tracing" VALUE ="None"/>
        <ATTRIBUTE NAME ="On Stored Procedure error" VALUE ="Stop"/>
        <ATTRIBUTE NAME ="On Pre-session command task error" VALUE ="Stop"/>
        <ATTRIBUTE NAME ="On Pre-Post SQL error" VALUE ="Stop"/>
        <ATTRIBUTE NAME ="Enable Recovery" VALUE ="NO"/>
        <ATTRIBUTE NAME ="Error Log Type" VALUE ="None"/>
        <ATTRIBUTE NAME ="Error Log Table Name Prefix" VALUE =""/>
        <ATTRIBUTE NAME ="Error Log File Name" VALUE ="PMError.log"/>
        <ATTRIBUTE NAME ="Log Source Row Data" VALUE ="NO"/>
        <ATTRIBUTE NAME ="Data Column Delimiter" VALUE ="|"/>
        <ATTRIBUTE NAME ="Partitioning Options" VALUE =""/>
        <ATTRIBUTE NAME ="Dynamic Partitioning" VALUE ="Disabled"/>
        <ATTRIBUTE NAME ="Number of Partitions" VALUE ="1"/>
        <ATTRIBUTE NAME ="Multiplication Factor" VALUE ="Auto"/>
        <ATTRIBUTE NAME ="Session on Grid" VALUE =""/>
        <ATTRIBUTE NAME ="Is Enabled" VALUE ="NO"/>
    </CONFIG>
    <SESSION DESCRIPTION ="This session loads data into DEMAND table for MFB" ISVALID ="YES" MAPPINGNAME ="m_DEMAND_MDF" NAME ="s_m_DEMAND_MDF" REUSABLE ="YES" SORTORDER ="Binary" VERSIONNUMBER ="1">
        <SESSTRANSFORMATIONINST ISREPARTITIONPOINT ="YES" PARTITIONTYPE ="PASS THROUGH" PIPELINE ="1" SINSTANCENAME ="DEMAND" STAGE ="1" TRANSFORMATIONNAME ="DEMAND" TRANSFORMATIONTYPE ="Target Definition"/>
        <SESSTRANSFORMATIONINST ISREPARTITIONPOINT ="YES" PARTITIONTYPE ="PASS THROUGH" PIPELINE ="1" SINSTANCENAME ="SQ_ITEM" STAGE ="2" TRANSFORMATIONNAME ="SQ_ITEM" TRANSFORMATIONTYPE ="Source Qualifier"/>
        <SESSTRANSFORMATIONINST ISREPARTITIONPOINT ="NO" PIPELINE ="1" SINSTANCENAME ="EXP_ITEM" STAGE ="2" TRANSFORMATIONNAME ="EXP_ITEM" TRANSFORMATIONTYPE ="Expression">
            <PARTITION DESCRIPTION ="" NAME ="Partition #1"/>
        </SESSTRANSFORMATIONINST>
        <SESSTRANSFORMATIONINST ISREPARTITIONPOINT ="NO" PIPELINE ="0" SINSTANCENAME ="ITEM" STAGE ="0" TRANSFORMATIONNAME ="ITEM" TRANSFORMATIONTYPE ="Source Definition"/>
        <SESSTRANSFORMATIONINST ISREPARTITIONPOINT ="NO" PIPELINE ="1" SINSTANCENAME ="LKP_DEMAND" STAGE ="2" TRANSFORMATIONNAME ="LKP_DEMAND" TRANSFORMATIONTYPE ="Lookup Procedure">
            <PARTITION DESCRIPTION ="" NAME ="Partition #1"/>
            <ATTRIBUTE NAME ="Connection Information" VALUE ="Relational:Demand_Prioritization_Stage"/>
        </SESSTRANSFORMATIONINST>
        <SESSTRANSFORMATIONINST ISREPARTITIONPOINT ="NO" PIPELINE ="1" SINSTANCENAME ="FL_DEMAND" STAGE ="2" TRANSFORMATIONNAME ="FL_DEMAND" TRANSFORMATIONTYPE ="Filter">
            <PARTITION DESCRIPTION ="" NAME ="Partition #1"/>
        </SESSTRANSFORMATIONINST>
        <SESSTRANSFORMATIONINST ISREPARTITIONPOINT ="NO" PIPELINE ="1" SINSTANCENAME ="EXP_SRC_DEMAND_LOC" STAGE ="2" TRANSFORMATIONNAME ="EXP_SRC_DEMAND_LOC" TRANSFORMATIONTYPE ="Expression">
            <PARTITION DESCRIPTION ="" NAME ="Partition #1"/>
        </SESSTRANSFORMATIONINST>
        <SESSTRANSFORMATIONINST ISREPARTITIONPOINT ="NO" PIPELINE ="1" SINSTANCENAME ="LKP_DPR_DIRECT_SHIP" STAGE ="2" TRANSFORMATIONNAME ="LKP_DPR_DIRECT_SHIP" TRANSFORMATIONTYPE ="Lookup Procedure">
            <PARTITION DESCRIPTION ="" NAME ="Partition #1"/>
            <ATTRIBUTE NAME ="Connection Information" VALUE ="Relational:PROD1"/>
        </SESSTRANSFORMATIONINST>
        <SESSTRANSFORMATIONINST ISREPARTITIONPOINT ="NO" PIPELINE ="1" SINSTANCENAME ="LKP_DPR_SKU_OVERRIDES_LOCATION_CD" STAGE ="2" TRANSFORMATIONNAME ="LKP_DPR_SKU_OVERRIDES_LOCATION_CD" TRANSFORMATIONTYPE ="Lookup Procedure">
            <PARTITION DESCRIPTION ="" NAME ="Partition #1"/>
            <ATTRIBUTE NAME ="Connection Information" VALUE ="Relational:PROD4"/>
        </SESSTRANSFORMATIONINST>
        <SESSTRANSFORMATIONINST ISREPARTITIONPOINT ="NO" PIPELINE ="1" SINSTANCENAME ="LKP_DPR_SKU_OVERRIDES" STAGE ="2" TRANSFORMATIONNAME ="LKP_DPR_SKU_OVERRIDES" TRANSFORMATIONTYPE ="Lookup Procedure">
            <PARTITION DESCRIPTION ="" NAME ="Partition #1"/>
            <ATTRIBUTE NAME ="Connection Information" VALUE ="Relational:PROD4"/>
        </SESSTRANSFORMATIONINST>
        <SESSTRANSFORMATIONINST ISREPARTITIONPOINT ="NO" PIPELINE ="1" SINSTANCENAME ="LKP_DPR_SKU_ORDS_LOC_SZ_CD" STAGE ="2" TRANSFORMATIONNAME ="LKP_DPR_SKU_ORDS_LOC_SZ_CD" TRANSFORMATIONTYPE ="Lookup Procedure">
            <PARTITION DESCRIPTION ="" NAME ="Partition #1"/>
            <ATTRIBUTE NAME ="Connection Information" VALUE ="Relational:PROD4"/>
        </SESSTRANSFORMATIONINST>
        <SESSTRANSFORMATIONINST ISREPARTITIONPOINT ="NO" PIPELINE ="1" SINSTANCENAME ="LKP_DPR_SKU_OVERRIDES_SIZE_CD" STAGE ="2" TRANSFORMATIONNAME ="LKP_DPR_SKU_OVERRIDES_SIZE_CD" TRANSFORMATIONTYPE ="Lookup Procedure">
            <PARTITION DESCRIPTION ="" NAME ="Partition #1"/>
            <ATTRIBUTE NAME ="Connection Information" VALUE ="Relational:PROD4"/>
        </SESSTRANSFORMATIONINST>
        <CONFIGREFERENCE REFOBJECTNAME ="default_session_config" TYPE ="Session config">
            <ATTRIBUTE NAME ="Save session log for these runs" VALUE ="9"/>
            <ATTRIBUTE NAME ="Stop on errors" VALUE ="1"/>
        </CONFIGREFERENCE>
        <SESSIONEXTENSION NAME ="Relational Writer" SINSTANCENAME ="DEMAND" SUBTYPE ="Relational Writer" TRANSFORMATIONTYPE ="Target Definition" TYPE ="WRITER">
            <CONNECTIONREFERENCE CNXREFNAME ="DB Connection" CONNECTIONNAME ="Demand_Prioritization_Stage" CONNECTIONNUMBER ="1" CONNECTIONSUBTYPE ="Microsoft SQL Server" CONNECTIONTYPE ="Relational" VARIABLE =""/>
            <ATTRIBUTE NAME ="Target load type" VALUE ="Normal"/>
            <ATTRIBUTE NAME ="Insert" VALUE ="YES"/>
            <ATTRIBUTE NAME ="Update as Update" VALUE ="NO"/>
            <ATTRIBUTE NAME ="Update as Insert" VALUE ="NO"/>
            <ATTRIBUTE NAME ="Update else Insert" VALUE ="NO"/>
            <ATTRIBUTE NAME ="Delete" VALUE ="NO"/>
            <ATTRIBUTE NAME ="Truncate target table option" VALUE ="NO"/>
            <ATTRIBUTE NAME ="Reject file directory" VALUE ="$PMBadFileDir&#x5c;DPR_LITE&#x5c;BAD&#x5c;"/>
            <ATTRIBUTE NAME ="Reject filename" VALUE ="s_m_DEMAND_MDF.bad"/>
        </SESSIONEXTENSION>
        <SESSIONEXTENSION NAME ="Relational Reader" SINSTANCENAME ="SQ_ITEM" SUBTYPE ="Relational Reader" TRANSFORMATIONTYPE ="Source Qualifier" TYPE ="READER">
            <CONNECTIONREFERENCE CNXREFNAME ="DB Connection" CONNECTIONNAME ="Demand_Prioritization_Stage" CONNECTIONNUMBER ="1" CONNECTIONSUBTYPE ="Microsoft SQL Server" CONNECTIONTYPE ="Relational" VARIABLE =""/>
        </SESSIONEXTENSION>
        <SESSIONEXTENSION DSQINSTNAME ="SQ_ITEM" DSQINSTTYPE ="Source Qualifier" NAME ="Relational Reader" SINSTANCENAME ="ITEM" SUBTYPE ="Relational Reader" TRANSFORMATIONTYPE ="Source Definition" TYPE ="READER"/>
        <SESSIONEXTENSION NAME ="Relational Lookup" SINSTANCENAME ="LKP_DEMAND" SUBTYPE ="Relational Lookup" TRANSFORMATIONTYPE ="Lookup Procedure" TYPE ="LOOKUPEXTENSION">
            <CONNECTIONREFERENCE CNXREFNAME ="DB Connection" CONNECTIONNAME ="Demand_Prioritization_Stage" CONNECTIONNUMBER ="1" CONNECTIONSUBTYPE ="Microsoft SQL Server" CONNECTIONTYPE ="Relational" VARIABLE =""/>
        </SESSIONEXTENSION>
        <SESSIONEXTENSION NAME ="Relational Lookup" SINSTANCENAME ="LKP_DPR_DIRECT_SHIP" SUBTYPE ="Relational Lookup" TRANSFORMATIONTYPE ="Lookup Procedure" TYPE ="LOOKUPEXTENSION">
            <CONNECTIONREFERENCE CNXREFNAME ="DB Connection" CONNECTIONNAME ="PROD1" CONNECTIONNUMBER ="1" CONNECTIONSUBTYPE ="Oracle" CONNECTIONTYPE ="Relational" VARIABLE =""/>
        </SESSIONEXTENSION>
        <SESSIONEXTENSION NAME ="Relational Lookup" SINSTANCENAME ="LKP_DPR_SKU_OVERRIDES_LOCATION_CD" SUBTYPE ="Relational Lookup" TRANSFORMATIONTYPE ="Lookup Procedure" TYPE ="LOOKUPEXTENSION">
            <CONNECTIONREFERENCE CNXREFNAME ="DB Connection" CONNECTIONNAME ="PROD4" CONNECTIONNUMBER ="1" CONNECTIONSUBTYPE ="Oracle" CONNECTIONTYPE ="Relational" VARIABLE =""/>
        </SESSIONEXTENSION>
        <SESSIONEXTENSION NAME ="Relational Lookup" SINSTANCENAME ="LKP_DPR_SKU_OVERRIDES" SUBTYPE ="Relational Lookup" TRANSFORMATIONTYPE ="Lookup Procedure" TYPE ="LOOKUPEXTENSION">
            <CONNECTIONREFERENCE CNXREFNAME ="DB Connection" CONNECTIONNAME ="PROD4" CONNECTIONNUMBER ="1" CONNECTIONSUBTYPE ="Oracle" CONNECTIONTYPE ="Relational" VARIABLE =""/>
        </SESSIONEXTENSION>
        <SESSIONEXTENSION NAME ="Relational Lookup" SINSTANCENAME ="LKP_DPR_SKU_ORDS_LOC_SZ_CD" SUBTYPE ="Relational Lookup" TRANSFORMATIONTYPE ="Lookup Procedure" TYPE ="LOOKUPEXTENSION">
            <CONNECTIONREFERENCE CNXREFNAME ="DB Connection" CONNECTIONNAME ="PROD4" CONNECTIONNUMBER ="1" CONNECTIONSUBTYPE ="Oracle" CONNECTIONTYPE ="Relational" VARIABLE =""/>
        </SESSIONEXTENSION>
        <SESSIONEXTENSION NAME ="Relational Lookup" SINSTANCENAME ="LKP_DPR_SKU_OVERRIDES_SIZE_CD" SUBTYPE ="Relational Lookup" TRANSFORMATIONTYPE ="Lookup Procedure" TYPE ="LOOKUPEXTENSION">
            <CONNECTIONREFERENCE CNXREFNAME ="DB Connection" CONNECTIONNAME ="PROD4" CONNECTIONNUMBER ="1" CONNECTIONSUBTYPE ="Oracle" CONNECTIONTYPE ="Relational" VARIABLE =""/>
        </SESSIONEXTENSION>
        <ATTRIBUTE NAME ="General Options" VALUE =""/>
        <ATTRIBUTE NAME ="Write Backward Compatible Session Log File" VALUE ="YES"/>
        <ATTRIBUTE NAME ="Session Log File Name" VALUE ="s_m_DEMAND_MDF.log"/>
        <ATTRIBUTE NAME ="Session Log File directory" VALUE ="$PMSessionLogDir&#x5c;DPR_LITE&#x5c;LOG&#x5c;"/>
        <ATTRIBUTE NAME ="Parameter Filename" VALUE =""/>
        <ATTRIBUTE NAME ="Enable Test Load" VALUE ="NO"/>
        <ATTRIBUTE NAME ="$Source connection value" VALUE =""/>
        <ATTRIBUTE NAME ="$Target connection value" VALUE =""/>
        <ATTRIBUTE NAME ="Treat source rows as" VALUE ="Insert"/>
        <ATTRIBUTE NAME ="Commit Type" VALUE ="Target"/>
        <ATTRIBUTE NAME ="Commit Interval" VALUE ="10000"/>
        <ATTRIBUTE NAME ="Commit On End Of File" VALUE ="YES"/>
        <ATTRIBUTE NAME ="Rollback Transactions on Errors" VALUE ="NO"/>
        <ATTRIBUTE NAME ="Recovery Strategy" VALUE ="Restart task"/>
        <ATTRIBUTE NAME ="Java Classpath" VALUE =""/>
        <ATTRIBUTE NAME ="Performance" VALUE =""/>
        <ATTRIBUTE NAME ="DTM buffer size" VALUE ="Auto"/>
        <ATTRIBUTE NAME ="Collect performance data" VALUE ="NO"/>
        <ATTRIBUTE NAME ="Write performance data to repository" VALUE ="NO"/>
        <ATTRIBUTE NAME ="Incremental Aggregation" VALUE ="NO"/>
        <ATTRIBUTE NAME ="Enable high precision" VALUE ="NO"/>
        <ATTRIBUTE NAME ="Session retry on deadlock" VALUE ="NO"/>
        <ATTRIBUTE NAME ="Pushdown Optimization" VALUE ="None"/>
        <ATTRIBUTE NAME ="Allow Temporary View for Pushdown" VALUE ="NO"/>
        <ATTRIBUTE NAME ="Allow Temporary Sequence for Pushdown" VALUE ="NO"/>
        <ATTRIBUTE NAME ="Allow Pushdown for User Incompatible Connections" VALUE ="NO"/>
        <METADATAEXTENSION DATATYPE ="STRING" DESCRIPTION ="Conversion Mapping  Name with version " DOMAINNAME ="User Defined Metadata Domain" ISCLIENTEDITABLE ="YES" ISCLIENTVISIBLE ="YES" ISREUSABLE ="NO" ISSHAREREAD ="NO" ISSHAREWRITE ="NO" MAXLENGTH ="256" NAME ="CONV_MAP_NAME" VALUE ="Conversion Mapping:DEMAND_MDF_v_5.0" VENDORNAME ="INFORMATICA"/>
    </SESSION>
    <WORKFLOW DESCRIPTION ="This workflow loads data into DEMAND table for MFB" ISENABLED ="YES" ISRUNNABLESERVICE ="NO" ISSERVICE ="NO" ISVALID ="YES" NAME ="wf_s_m_DEMAND_MDF" REUSABLE_SCHEDULER ="NO" SCHEDULERNAME ="Scheduler" SERVERNAME ="Domain10_PRD_Int_Svc" SERVER_DOMAINNAME ="Domain10_PRD" SUSPEND_ON_ERROR ="NO" TASKS_MUST_RUN_ON_SERVER ="NO" VERSIONNUMBER ="1">
        <SCHEDULER DESCRIPTION ="" NAME ="Scheduler" REUSABLE ="NO" VERSIONNUMBER ="1">
            <SCHEDULEINFO SCHEDULETYPE ="ONDEMAND"/>
        </SCHEDULER>
        <TASK DESCRIPTION ="" NAME ="Start" REUSABLE ="NO" TYPE ="Start" VERSIONNUMBER ="1"/>
        <TASKINSTANCE DESCRIPTION ="This session loads data into DEMAND table for MFB" FAIL_PARENT_IF_INSTANCE_DID_NOT_RUN ="YES" FAIL_PARENT_IF_INSTANCE_FAILS ="YES" ISENABLED ="YES" NAME ="s_m_DEMAND_MDF" REUSABLE ="YES" TASKNAME ="s_m_DEMAND_MDF" TASKTYPE ="Session" TREAT_INPUTLINK_AS_AND ="NO">
            <CONFIGREFERENCE REFOBJECTNAME ="default_session_config" TYPE ="Session config">
                <ATTRIBUTE NAME ="Save session log for these runs" VALUE ="9"/>
                <ATTRIBUTE NAME ="Stop on errors" VALUE ="1"/>
            </CONFIGREFERENCE>
        </TASKINSTANCE>
        <TASKINSTANCE DESCRIPTION ="" ISENABLED ="YES" NAME ="Start" REUSABLE ="NO" TASKNAME ="Start" TASKTYPE ="Start"/>
        <WORKFLOWLINK CONDITION ="" FROMTASK ="Start" TOTASK ="s_m_DEMAND_MDF"/>
        <WORKFLOWVARIABLE DATATYPE ="date/time" DEFAULTVALUE ="" DESCRIPTION ="The time this task started" ISNULL ="NO" ISPERSISTENT ="NO" NAME ="$s_m_DEMAND_MDF.StartTime" USERDEFINED ="NO"/>
        <WORKFLOWVARIABLE DATATYPE ="date/time" DEFAULTVALUE ="" DESCRIPTION ="The time this task completed" ISNULL ="NO" ISPERSISTENT ="NO" NAME ="$s_m_DEMAND_MDF.EndTime" USERDEFINED ="NO"/>
        <WORKFLOWVARIABLE DATATYPE ="integer" DEFAULTVALUE ="" DESCRIPTION ="Status of this task&apos;s execution" ISNULL ="NO" ISPERSISTENT ="NO" NAME ="$s_m_DEMAND_MDF.Status" USERDEFINED ="NO"/>
        <WORKFLOWVARIABLE DATATYPE ="integer" DEFAULTVALUE ="" DESCRIPTION ="Status of the previous task that is not disabled" ISNULL ="NO" ISPERSISTENT ="NO" NAME ="$s_m_DEMAND_MDF.PrevTaskStatus" USERDEFINED ="NO"/>
        <WORKFLOWVARIABLE DATATYPE ="integer" DEFAULTVALUE ="" DESCRIPTION ="Error code for this task&apos;s execution" ISNULL ="NO" ISPERSISTENT ="NO" NAME ="$s_m_DEMAND_MDF.ErrorCode" USERDEFINED ="NO"/>
        <WORKFLOWVARIABLE DATATYPE ="string" DEFAULTVALUE ="" DESCRIPTION ="Error message for this task&apos;s execution" ISNULL ="NO" ISPERSISTENT ="NO" NAME ="$s_m_DEMAND_MDF.ErrorMsg" USERDEFINED ="NO"/>
        <WORKFLOWVARIABLE DATATYPE ="integer" DEFAULTVALUE ="" DESCRIPTION ="Rows successfully read" ISNULL ="NO" ISPERSISTENT ="NO" NAME ="$s_m_DEMAND_MDF.SrcSuccessRows" USERDEFINED ="NO"/>
        <WORKFLOWVARIABLE DATATYPE ="integer" DEFAULTVALUE ="" DESCRIPTION ="Rows failed to read" ISNULL ="NO" ISPERSISTENT ="NO" NAME ="$s_m_DEMAND_MDF.SrcFailedRows" USERDEFINED ="NO"/>
        <WORKFLOWVARIABLE DATATYPE ="integer" DEFAULTVALUE ="" DESCRIPTION ="Rows successfully loaded" ISNULL ="NO" ISPERSISTENT ="NO" NAME ="$s_m_DEMAND_MDF.TgtSuccessRows" USERDEFINED ="NO"/>
        <WORKFLOWVARIABLE DATATYPE ="integer" DEFAULTVALUE ="" DESCRIPTION ="Rows failed to load" ISNULL ="NO" ISPERSISTENT ="NO" NAME ="$s_m_DEMAND_MDF.TgtFailedRows" USERDEFINED ="NO"/>
        <WORKFLOWVARIABLE DATATYPE ="integer" DEFAULTVALUE ="" DESCRIPTION ="Total number of transformation errors" ISNULL ="NO" ISPERSISTENT ="NO" NAME ="$s_m_DEMAND_MDF.TotalTransErrors" USERDEFINED ="NO"/>
        <WORKFLOWVARIABLE DATATYPE ="integer" DEFAULTVALUE ="" DESCRIPTION ="First error code" ISNULL ="NO" ISPERSISTENT ="NO" NAME ="$s_m_DEMAND_MDF.FirstErrorCode" USERDEFINED ="NO"/>
        <WORKFLOWVARIABLE DATATYPE ="string" DEFAULTVALUE ="" DESCRIPTION ="First error message" ISNULL ="NO" ISPERSISTENT ="NO" NAME ="$s_m_DEMAND_MDF.FirstErrorMsg" USERDEFINED ="NO"/>
        <WORKFLOWVARIABLE DATATYPE ="date/time" DEFAULTVALUE ="" DESCRIPTION ="The time this task started" ISNULL ="NO" ISPERSISTENT ="NO" NAME ="$Start.StartTime" USERDEFINED ="NO"/>
        <WORKFLOWVARIABLE DATATYPE ="date/time" DEFAULTVALUE ="" DESCRIPTION ="The time this task completed" ISNULL ="NO" ISPERSISTENT ="NO" NAME ="$Start.EndTime" USERDEFINED ="NO"/>
        <WORKFLOWVARIABLE DATATYPE ="integer" DEFAULTVALUE ="" DESCRIPTION ="Status of this task&apos;s execution" ISNULL ="NO" ISPERSISTENT ="NO" NAME ="$Start.Status" USERDEFINED ="NO"/>
        <WORKFLOWVARIABLE DATATYPE ="integer" DEFAULTVALUE ="" DESCRIPTION ="Status of the previous task that is not disabled" ISNULL ="NO" ISPERSISTENT ="NO" NAME ="$Start.PrevTaskStatus" USERDEFINED ="NO"/>
        <WORKFLOWVARIABLE DATATYPE ="integer" DEFAULTVALUE ="" DESCRIPTION ="Error code for this task&apos;s execution" ISNULL ="NO" ISPERSISTENT ="NO" NAME ="$Start.ErrorCode" USERDEFINED ="NO"/>
        <WORKFLOWVARIABLE DATATYPE ="string" DEFAULTVALUE ="" DESCRIPTION ="Error message for this task&apos;s execution" ISNULL ="NO" ISPERSISTENT ="NO" NAME ="$Start.ErrorMsg" USERDEFINED ="NO"/>
        <ATTRIBUTE NAME ="Parameter Filename" VALUE =""/>
        <ATTRIBUTE NAME ="Write Backward Compatible Workflow Log File" VALUE ="YES"/>
        <ATTRIBUTE NAME ="Workflow Log File Name" VALUE ="wf_s_m_DEMAND_MDF.log"/>
        <ATTRIBUTE NAME ="Workflow Log File Directory" VALUE ="$PMWorkflowLogDir&#x5c;DPR_LITE&#x5c;LOG&#x5c;"/>
        <ATTRIBUTE NAME ="Save Workflow log by" VALUE ="By runs"/>
        <ATTRIBUTE NAME ="Save workflow log for these runs" VALUE ="9"/>
        <ATTRIBUTE NAME ="Service Name" VALUE =""/>
        <ATTRIBUTE NAME ="Service Timeout" VALUE ="0"/>
        <ATTRIBUTE NAME ="Is Service Visible" VALUE ="NO"/>
        <ATTRIBUTE NAME ="Is Service Protected" VALUE ="NO"/>
        <ATTRIBUTE NAME ="Fail task after wait time" VALUE ="0"/>
        <ATTRIBUTE NAME ="Enable HA recovery" VALUE ="NO"/>
        <ATTRIBUTE NAME ="Automatically recover terminated tasks" VALUE ="NO"/>
        <ATTRIBUTE NAME ="Service Level Name" VALUE ="Default"/>
        <ATTRIBUTE NAME ="Allow concurrent run with unique run instance name" VALUE ="NO"/>
        <ATTRIBUTE NAME ="Allow concurrent run with same run instance name" VALUE ="NO"/>
        <ATTRIBUTE NAME ="Maximum number of concurrent runs" VALUE ="0"/>
        <ATTRIBUTE NAME ="Assigned Web Services Hubs" VALUE =""/>
        <ATTRIBUTE NAME ="Maximum number of concurrent runs per Hub" VALUE ="1000"/>
        <ATTRIBUTE NAME ="Expected Service Time" VALUE ="1"/>
        <METADATAEXTENSION DATATYPE ="STRING" DESCRIPTION ="Conversion Mapping Name with version " DOMAINNAME ="User Defined Metadata Domain" ISCLIENTEDITABLE ="YES" ISCLIENTVISIBLE ="YES" ISREUSABLE ="NO" ISSHAREREAD ="NO" ISSHAREWRITE ="NO" MAXLENGTH ="256" NAME ="CONV_MAP_NAME" VALUE ="Conversion Mapping:DEMAND_MDF_v_1 1" VENDORNAME ="INFORMATICA"/>
        <METADATAEXTENSION DATATYPE ="STRING" DESCRIPTION ="" DOMAINNAME ="User Defined Metadata Domain" ISCLIENTEDITABLE ="YES" ISCLIENTVISIBLE ="YES" ISREUSABLE ="NO" ISSHAREREAD ="NO" ISSHAREWRITE ="NO" MAXLENGTH ="256" NAME ="Extension" VALUE ="CM - MarginLoss - stgMarginLossExpenseToStgFactSalesNew v1.0" VENDORNAME ="INFORMATICA"/>
    </WORKFLOW>
</FOLDER>
</REPOSITORY>
</POWERMART>