<?xml version="1.0" encoding="Windows-1252"?>
<!DOCTYPE POWERMART SYSTEM "powrmart.dtd">
<POWERMART CREATION_DATE="05/20/2024 09:06:49" REPOSITORY_VERSION="187.96">
<REPOSITORY NAME="Domain10_Rep_Svc_Prd" VERSION="187" CODEPAGE="MS1252" DATABASETYPE="Microsoft SQL Server">
<FOLDER NAME="DPR_LITE" GROUP="" OWNER="Administrator" SHARED="NOTSHARED" DESCRIPTION="" PERMISSIONS="rwx---r--" UUID="4b44b41c-7d44-4fc1-bc99-a181286d85c7">
    <SOURCE BUSINESSNAME ="" DATABASETYPE ="Oracle" DBDNAME ="oakdwhp1" DESCRIPTION ="" NAME ="SLM_GROSS_MARGIN" OBJECTVERSION ="1" OWNERNAME ="SLBA" VERSIONNUMBER ="1">
        <SOURCEFIELD BUSINESSNAME ="" DATATYPE ="varchar2" DESCRIPTION ="" FIELDNUMBER ="1" FIELDPROPERTY ="0" FIELDTYPE ="ELEMITEM" HIDDEN ="NO" KEYTYPE ="NOT A KEY" LENGTH ="0" LEVEL ="0" NAME ="SLBA_DIVISION_CODE" NULLABLE ="NOTNULL" OCCURS ="0" OFFSET ="0" PHYSICALLENGTH ="2" PHYSICALOFFSET ="0" PICTURETEXT ="" PRECISION ="2" SCALE ="0" USAGE_FLAGS =""/>
        <SOURCEFIELD BUSINESSNAME ="" DATATYPE ="number(p,s)" DESCRIPTION ="" FIELDNUMBER ="2" FIELDPROPERTY ="0" FIELDTYPE ="ELEMITEM" HIDDEN ="NO" KEYTYPE ="NOT A KEY" LENGTH ="6" LEVEL ="0" NAME ="FISCAL_YEAR" NULLABLE ="NOTNULL" OCCURS ="0" OFFSET ="0" PHYSICALLENGTH ="4" PHYSICALOFFSET ="2" PICTURETEXT ="" PRECISION ="4" SCALE ="0" USAGE_FLAGS =""/>
        <SOURCEFIELD BUSINESSNAME ="" DATATYPE ="number(p,s)" DESCRIPTION ="" FIELDNUMBER ="3" FIELDPROPERTY ="0" FIELDTYPE ="ELEMITEM" HIDDEN ="NO" KEYTYPE ="NOT A KEY" LENGTH ="4" LEVEL ="0" NAME ="FISCAL_PERIOD" NULLABLE ="NOTNULL" OCCURS ="0" OFFSET ="6" PHYSICALLENGTH ="2" PHYSICALOFFSET ="6" PICTURETEXT ="" PRECISION ="2" SCALE ="0" USAGE_FLAGS =""/>
        <SOURCEFIELD BUSINESSNAME ="" DATATYPE ="varchar2" DESCRIPTION ="" FIELDNUMBER ="4" FIELDPROPERTY ="0" FIELDTYPE ="ELEMITEM" HIDDEN ="NO" KEYTYPE ="NOT A KEY" LENGTH ="0" LEVEL ="0" NAME ="TRANSACTION_CATEGORY" NULLABLE ="NOTNULL" OCCURS ="0" OFFSET ="10" PHYSICALLENGTH ="10" PHYSICALOFFSET ="8" PICTURETEXT ="" PRECISION ="10" SCALE ="0" USAGE_FLAGS =""/>
        <SOURCEFIELD BUSINESSNAME ="" DATATYPE ="varchar2" DESCRIPTION ="" FIELDNUMBER ="5" FIELDPROPERTY ="0" FIELDTYPE ="ELEMITEM" HIDDEN ="NO" KEYTYPE ="NOT A KEY" LENGTH ="0" LEVEL ="0" NAME ="SALES_CATEGORY" NULLABLE ="NOTNULL" OCCURS ="0" OFFSET ="10" PHYSICALLENGTH ="25" PHYSICALOFFSET ="18" PICTURETEXT ="" PRECISION ="25" SCALE ="0" USAGE_FLAGS =""/>
        <SOURCEFIELD BUSINESSNAME ="" DATATYPE ="date" DESCRIPTION ="" FIELDNUMBER ="6" FIELDPROPERTY ="0" FIELDTYPE ="ELEMITEM" HIDDEN ="NO" KEYTYPE ="NOT A KEY" LENGTH ="19" LEVEL ="0" NAME ="INVOICE_DATE" NULLABLE ="NOTNULL" OCCURS ="0" OFFSET ="10" PHYSICALLENGTH ="19" PHYSICALOFFSET ="43" PICTURETEXT ="" PRECISION ="19" SCALE ="0" USAGE_FLAGS =""/>
        <SOURCEFIELD BUSINESSNAME ="" DATATYPE ="number(p,s)" DESCRIPTION ="" FIELDNUMBER ="7" FIELDPROPERTY ="0" FIELDTYPE ="ELEMITEM" HIDDEN ="NO" KEYTYPE ="NOT A KEY" LENGTH ="40" LEVEL ="0" NAME ="SHIP_TO_CUSTOMER_ID" NULLABLE ="NOTNULL" OCCURS ="0" OFFSET ="29" PHYSICALLENGTH ="38" PHYSICALOFFSET ="62" PICTURETEXT ="" PRECISION ="38" SCALE ="0" USAGE_FLAGS =""/>
        <SOURCEFIELD BUSINESSNAME ="" DATATYPE ="number(p,s)" DESCRIPTION ="" FIELDNUMBER ="8" FIELDPROPERTY ="0" FIELDTYPE ="ELEMITEM" HIDDEN ="NO" KEYTYPE ="NOT A KEY" LENGTH ="40" LEVEL ="0" NAME ="SHIP_FOR_CUSTOMER_ID" NULLABLE ="NOTNULL" OCCURS ="0" OFFSET ="69" PHYSICALLENGTH ="38" PHYSICALOFFSET ="100" PICTURETEXT ="" PRECISION ="38" SCALE ="0" USAGE_FLAGS =""/>
        <SOURCEFIELD BUSINESSNAME ="" DATATYPE ="varchar2" DESCRIPTION ="" FIELDNUMBER ="9" FIELDPROPERTY ="0" FIELDTYPE ="ELEMITEM" HIDDEN ="NO" KEYTYPE ="NOT A KEY" LENGTH ="0" LEVEL ="0" NAME ="ORDER_NUM" NULLABLE ="NOTNULL" OCCURS ="0" OFFSET ="109" PHYSICALLENGTH ="20" PHYSICALOFFSET ="138" PICTURETEXT ="" PRECISION ="20" SCALE ="0" USAGE_FLAGS =""/>
        <SOURCEFIELD BUSINESSNAME ="" DATATYPE ="varchar2" DESCRIPTION ="" FIELDNUMBER ="10" FIELDPROPERTY ="0" FIELDTYPE ="ELEMITEM" HIDDEN ="NO" KEYTYPE ="NOT A KEY" LENGTH ="0" LEVEL ="0" NAME ="ORDER_SUFFIX" NULLABLE ="NOTNULL" OCCURS ="0" OFFSET ="109" PHYSICALLENGTH ="2" PHYSICALOFFSET ="158" PICTURETEXT ="" PRECISION ="2" SCALE ="0" USAGE_FLAGS =""/>
        <SOURCEFIELD BUSINESSNAME ="" DATATYPE ="date" DESCRIPTION ="" FIELDNUMBER ="11" FIELDPROPERTY ="0" FIELDTYPE ="ELEMITEM" HIDDEN ="NO" KEYTYPE ="NOT A KEY" LENGTH ="19" LEVEL ="0" NAME ="ORDER_DATE" NULLABLE ="NOTNULL" OCCURS ="0" OFFSET ="109" PHYSICALLENGTH ="19" PHYSICALOFFSET ="160" PICTURETEXT ="" PRECISION ="19" SCALE ="0" USAGE_FLAGS =""/>
        <SOURCEFIELD BUSINESSNAME ="" DATATYPE ="number(p,s)" DESCRIPTION ="" FIELDNUMBER ="12" FIELDPROPERTY ="0" FIELDTYPE ="ELEMITEM" HIDDEN ="NO" KEYTYPE ="NOT A KEY" LENGTH ="8" LEVEL ="0" NAME ="TRANSACTION_SEQUENCE" NULLABLE ="NOTNULL" OCCURS ="0" OFFSET ="128" PHYSICALLENGTH ="6" PHYSICALOFFSET ="179" PICTURETEXT ="" PRECISION ="6" SCALE ="0" USAGE_FLAGS =""/>
        <SOURCEFIELD BUSINESSNAME ="" DATATYPE ="number(p,s)" DESCRIPTION ="" FIELDNUMBER ="13" FIELDPROPERTY ="0" FIELDTYPE ="ELEMITEM" HIDDEN ="NO" KEYTYPE ="NOT A KEY" LENGTH ="40" LEVEL ="0" NAME ="ITEM_ID" NULLABLE ="NOTNULL" OCCURS ="0" OFFSET ="136" PHYSICALLENGTH ="38" PHYSICALOFFSET ="185" PICTURETEXT ="" PRECISION ="38" SCALE ="0" USAGE_FLAGS =""/>
        <SOURCEFIELD BUSINESSNAME ="" DATATYPE ="number(p,s)" DESCRIPTION ="" FIELDNUMBER ="14" FIELDPROPERTY ="0" FIELDTYPE ="ELEMITEM" HIDDEN ="NO" KEYTYPE ="NOT A KEY" LENGTH ="40" LEVEL ="0" NAME ="LEVEL_1_ITEM_ID" NULLABLE ="NOTNULL" OCCURS ="0" OFFSET ="176" PHYSICALLENGTH ="38" PHYSICALOFFSET ="223" PICTURETEXT ="" PRECISION ="38" SCALE ="0" USAGE_FLAGS =""/>
        <SOURCEFIELD BUSINESSNAME ="" DATATYPE ="number(p,s)" DESCRIPTION ="" FIELDNUMBER ="15" FIELDPROPERTY ="0" FIELDTYPE ="ELEMITEM" HIDDEN ="NO" KEYTYPE ="NOT A KEY" LENGTH ="40" LEVEL ="0" NAME ="LEVEL_2_ITEM_ID" NULLABLE ="NOTNULL" OCCURS ="0" OFFSET ="216" PHYSICALLENGTH ="38" PHYSICALOFFSET ="261" PICTURETEXT ="" PRECISION ="38" SCALE ="0" USAGE_FLAGS =""/>
        <SOURCEFIELD BUSINESSNAME ="" DATATYPE ="date" DESCRIPTION ="" FIELDNUMBER ="16" FIELDPROPERTY ="0" FIELDTYPE ="ELEMITEM" HIDDEN ="NO" KEYTYPE ="NOT A KEY" LENGTH ="19" LEVEL ="0" NAME ="SHIP_DATE" NULLABLE ="NOTNULL" OCCURS ="0" OFFSET ="256" PHYSICALLENGTH ="19" PHYSICALOFFSET ="299" PICTURETEXT ="" PRECISION ="19" SCALE ="0" USAGE_FLAGS =""/>
        <SOURCEFIELD BUSINESSNAME ="" DATATYPE ="varchar2" DESCRIPTION ="" FIELDNUMBER ="17" FIELDPROPERTY ="0" FIELDTYPE ="ELEMITEM" HIDDEN ="NO" KEYTYPE ="NOT A KEY" LENGTH ="0" LEVEL ="0" NAME ="INVOICED_DIVISION_CODE" NULLABLE ="NOTNULL" OCCURS ="0" OFFSET ="275" PHYSICALLENGTH ="2" PHYSICALOFFSET ="318" PICTURETEXT ="" PRECISION ="2" SCALE ="0" USAGE_FLAGS =""/>
        <SOURCEFIELD BUSINESSNAME ="" DATATYPE ="number(p,s)" DESCRIPTION ="" FIELDNUMBER ="18" FIELDPROPERTY ="0" FIELDTYPE ="ELEMITEM" HIDDEN ="NO" KEYTYPE ="NOT A KEY" LENGTH ="20" LEVEL ="0" NAME ="ADJ_EXTENDED_COST_DOLLARS" NULLABLE ="NOTNULL" OCCURS ="0" OFFSET ="275" PHYSICALLENGTH ="18" PHYSICALOFFSET ="320" PICTURETEXT ="" PRECISION ="18" SCALE ="6" USAGE_FLAGS =""/>
        <SOURCEFIELD BUSINESSNAME ="" DATATYPE ="date" DESCRIPTION ="" FIELDNUMBER ="19" FIELDPROPERTY ="0" FIELDTYPE ="ELEMITEM" HIDDEN ="NO" KEYTYPE ="NOT A KEY" LENGTH ="19" LEVEL ="0" NAME ="AS_OF_DATE" NULLABLE ="NOTNULL" OCCURS ="0" OFFSET ="295" PHYSICALLENGTH ="19" PHYSICALOFFSET ="338" PICTURETEXT ="" PRECISION ="19" SCALE ="0" USAGE_FLAGS =""/>
        <SOURCEFIELD BUSINESSNAME ="" DATATYPE ="date" DESCRIPTION ="" FIELDNUMBER ="20" FIELDPROPERTY ="0" FIELDTYPE ="ELEMITEM" HIDDEN ="NO" KEYTYPE ="NOT A KEY" LENGTH ="19" LEVEL ="0" NAME ="CALCULATED_DELIVERY_DATE" NULLABLE ="NULL" OCCURS ="0" OFFSET ="314" PHYSICALLENGTH ="19" PHYSICALOFFSET ="357" PICTURETEXT ="" PRECISION ="19" SCALE ="0" USAGE_FLAGS =""/>
        <SOURCEFIELD BUSINESSNAME ="" DATATYPE ="varchar2" DESCRIPTION ="" FIELDNUMBER ="21" FIELDPROPERTY ="0" FIELDTYPE ="ELEMITEM" HIDDEN ="NO" KEYTYPE ="NOT A KEY" LENGTH ="0" LEVEL ="0" NAME ="CHARGE_ALLOWANCE_CODE" NULLABLE ="NULL" OCCURS ="0" OFFSET ="333" PHYSICALLENGTH ="4" PHYSICALOFFSET ="376" PICTURETEXT ="" PRECISION ="4" SCALE ="0" USAGE_FLAGS =""/>
        <SOURCEFIELD BUSINESSNAME ="" DATATYPE ="varchar2" DESCRIPTION ="" FIELDNUMBER ="22" FIELDPROPERTY ="0" FIELDTYPE ="ELEMITEM" HIDDEN ="NO" KEYTYPE ="NOT A KEY" LENGTH ="0" LEVEL ="0" NAME ="CHARGE_ALLOWANCE_PREFIX" NULLABLE ="NULL" OCCURS ="0" OFFSET ="333" PHYSICALLENGTH ="2" PHYSICALOFFSET ="380" PICTURETEXT ="" PRECISION ="2" SCALE ="0" USAGE_FLAGS =""/>
        <SOURCEFIELD BUSINESSNAME ="" DATATYPE ="varchar2" DESCRIPTION ="" FIELDNUMBER ="23" FIELDPROPERTY ="0" FIELDTYPE ="ELEMITEM" HIDDEN ="NO" KEYTYPE ="NOT A KEY" LENGTH ="0" LEVEL ="0" NAME ="CHARGE_ALLOWANCE_PREFIX_DESC" NULLABLE ="NULL" OCCURS ="0" OFFSET ="333" PHYSICALLENGTH ="40" PHYSICALOFFSET ="382" PICTURETEXT ="" PRECISION ="40" SCALE ="0" USAGE_FLAGS =""/>
        <SOURCEFIELD BUSINESSNAME ="" DATATYPE ="varchar2" DESCRIPTION ="" FIELDNUMBER ="24" FIELDPROPERTY ="0" FIELDTYPE ="ELEMITEM" HIDDEN ="NO" KEYTYPE ="NOT A KEY" LENGTH ="0" LEVEL ="0" NAME ="CORE_IND" NULLABLE ="NULL" OCCURS ="0" OFFSET ="333" PHYSICALLENGTH ="1" PHYSICALOFFSET ="422" PICTURETEXT ="" PRECISION ="1" SCALE ="0" USAGE_FLAGS =""/>
        <SOURCEFIELD BUSINESSNAME ="" DATATYPE ="number" DESCRIPTION ="" FIELDNUMBER ="25" FIELDPROPERTY ="0" FIELDTYPE ="ELEMITEM" HIDDEN ="NO" KEYTYPE ="NOT A KEY" LENGTH ="24" LEVEL ="0" NAME ="DAYS_EARLY_LATE" NULLABLE ="NOTNULL" OCCURS ="0" OFFSET ="333" PHYSICALLENGTH ="15" PHYSICALOFFSET ="423" PICTURETEXT ="" PRECISION ="15" SCALE ="0" USAGE_FLAGS =""/>
        <SOURCEFIELD BUSINESSNAME ="" DATATYPE ="number(p,s)" DESCRIPTION ="" FIELDNUMBER ="26" FIELDPROPERTY ="0" FIELDTYPE ="ELEMITEM" HIDDEN ="NO" KEYTYPE ="NOT A KEY" LENGTH ="40" LEVEL ="0" NAME ="DISTRIBUTION_CTR_FACILITY_ID" NULLABLE ="NOTNULL" OCCURS ="0" OFFSET ="357" PHYSICALLENGTH ="38" PHYSICALOFFSET ="438" PICTURETEXT ="" PRECISION ="38" SCALE ="0" USAGE_FLAGS =""/>
        <SOURCEFIELD BUSINESSNAME ="" DATATYPE ="varchar2" DESCRIPTION ="" FIELDNUMBER ="27" FIELDPROPERTY ="0" FIELDTYPE ="ELEMITEM" HIDDEN ="NO" KEYTYPE ="NOT A KEY" LENGTH ="0" LEVEL ="0" NAME ="DIVISION_GROUP" NULLABLE ="NOTNULL" OCCURS ="0" OFFSET ="397" PHYSICALLENGTH ="4" PHYSICALOFFSET ="476" PICTURETEXT ="" PRECISION ="4" SCALE ="0" USAGE_FLAGS =""/>
        <SOURCEFIELD BUSINESSNAME ="" DATATYPE ="number(p,s)" DESCRIPTION ="" FIELDNUMBER ="28" FIELDPROPERTY ="0" FIELDTYPE ="ELEMITEM" HIDDEN ="NO" KEYTYPE ="NOT A KEY" LENGTH ="20" LEVEL ="0" NAME ="DOLLARS" NULLABLE ="NOTNULL" OCCURS ="0" OFFSET ="397" PHYSICALLENGTH ="18" PHYSICALOFFSET ="480" PICTURETEXT ="" PRECISION ="18" SCALE ="6" USAGE_FLAGS =""/>
        <SOURCEFIELD BUSINESSNAME ="" DATATYPE ="number(p,s)" DESCRIPTION ="" FIELDNUMBER ="29" FIELDPROPERTY ="0" FIELDTYPE ="ELEMITEM" HIDDEN ="NO" KEYTYPE ="NOT A KEY" LENGTH ="17" LEVEL ="0" NAME ="DOZENS" NULLABLE ="NOTNULL" OCCURS ="0" OFFSET ="417" PHYSICALLENGTH ="15" PHYSICALOFFSET ="498" PICTURETEXT ="" PRECISION ="15" SCALE ="7" USAGE_FLAGS =""/>
        <SOURCEFIELD BUSINESSNAME ="" DATATYPE ="varchar2" DESCRIPTION ="" FIELDNUMBER ="30" FIELDPROPERTY ="0" FIELDTYPE ="ELEMITEM" HIDDEN ="NO" KEYTYPE ="NOT A KEY" LENGTH ="0" LEVEL ="0" NAME ="SOURCE_EVENT_CODE" NULLABLE ="NULL" OCCURS ="0" OFFSET ="434" PHYSICALLENGTH ="10" PHYSICALOFFSET ="513" PICTURETEXT ="" PRECISION ="10" SCALE ="0" USAGE_FLAGS =""/>
        <SOURCEFIELD BUSINESSNAME ="" DATATYPE ="number(p,s)" DESCRIPTION ="" FIELDNUMBER ="31" FIELDPROPERTY ="0" FIELDTYPE ="ELEMITEM" HIDDEN ="NO" KEYTYPE ="NOT A KEY" LENGTH ="20" LEVEL ="0" NAME ="EXTENDED_COST_DOLLARS" NULLABLE ="NOTNULL" OCCURS ="0" OFFSET ="434" PHYSICALLENGTH ="18" PHYSICALOFFSET ="523" PICTURETEXT ="" PRECISION ="18" SCALE ="6" USAGE_FLAGS =""/>
        <SOURCEFIELD BUSINESSNAME ="" DATATYPE ="varchar2" DESCRIPTION ="" FIELDNUMBER ="32" FIELDPROPERTY ="0" FIELDTYPE ="ELEMITEM" HIDDEN ="NO" KEYTYPE ="NOT A KEY" LENGTH ="0" LEVEL ="0" NAME ="FINADJ_MEASURE_NAME" NULLABLE ="NULL" OCCURS ="0" OFFSET ="454" PHYSICALLENGTH ="100" PHYSICALOFFSET ="541" PICTURETEXT ="" PRECISION ="100" SCALE ="0" USAGE_FLAGS =""/>
        <SOURCEFIELD BUSINESSNAME ="" DATATYPE ="varchar2" DESCRIPTION ="" FIELDNUMBER ="33" FIELDPROPERTY ="0" FIELDTYPE ="ELEMITEM" HIDDEN ="NO" KEYTYPE ="NOT A KEY" LENGTH ="0" LEVEL ="0" NAME ="FINADJ_MEASURE_TYPE" NULLABLE ="NULL" OCCURS ="0" OFFSET ="454" PHYSICALLENGTH ="15" PHYSICALOFFSET ="641" PICTURETEXT ="" PRECISION ="15" SCALE ="0" USAGE_FLAGS =""/>
        <SOURCEFIELD BUSINESSNAME ="" DATATYPE ="number(p,s)" DESCRIPTION ="" FIELDNUMBER ="34" FIELDPROPERTY ="0" FIELDTYPE ="ELEMITEM" HIDDEN ="NO" KEYTYPE ="NOT A KEY" LENGTH ="4" LEVEL ="0" NAME ="FISCAL_WEEK" NULLABLE ="NOTNULL" OCCURS ="0" OFFSET ="454" PHYSICALLENGTH ="2" PHYSICALOFFSET ="656" PICTURETEXT ="" PRECISION ="2" SCALE ="0" USAGE_FLAGS =""/>
        <SOURCEFIELD BUSINESSNAME ="" DATATYPE ="number(p,s)" DESCRIPTION ="" FIELDNUMBER ="35" FIELDPROPERTY ="0" FIELDTYPE ="ELEMITEM" HIDDEN ="NO" KEYTYPE ="NOT A KEY" LENGTH ="12" LEVEL ="0" NAME ="GARMENTS" NULLABLE ="NOTNULL" OCCURS ="0" OFFSET ="458" PHYSICALLENGTH ="10" PHYSICALOFFSET ="658" PICTURETEXT ="" PRECISION ="10" SCALE ="0" USAGE_FLAGS =""/>
        <SOURCEFIELD BUSINESSNAME ="" DATATYPE ="varchar2" DESCRIPTION ="" FIELDNUMBER ="36" FIELDPROPERTY ="0" FIELDTYPE ="ELEMITEM" HIDDEN ="NO" KEYTYPE ="NOT A KEY" LENGTH ="0" LEVEL ="0" NAME ="GL_ACCT_NUM_1" NULLABLE ="NULL" OCCURS ="0" OFFSET ="470" PHYSICALLENGTH ="30" PHYSICALOFFSET ="668" PICTURETEXT ="" PRECISION ="30" SCALE ="0" USAGE_FLAGS =""/>
        <SOURCEFIELD BUSINESSNAME ="" DATATYPE ="varchar2" DESCRIPTION ="" FIELDNUMBER ="37" FIELDPROPERTY ="0" FIELDTYPE ="ELEMITEM" HIDDEN ="NO" KEYTYPE ="NOT A KEY" LENGTH ="0" LEVEL ="0" NAME ="GL_ACCT_NUM_2" NULLABLE ="NULL" OCCURS ="0" OFFSET ="470" PHYSICALLENGTH ="30" PHYSICALOFFSET ="698" PICTURETEXT ="" PRECISION ="30" SCALE ="0" USAGE_FLAGS =""/>
        <SOURCEFIELD BUSINESSNAME ="" DATATYPE ="varchar2" DESCRIPTION ="" FIELDNUMBER ="38" FIELDPROPERTY ="0" FIELDTYPE ="ELEMITEM" HIDDEN ="NO" KEYTYPE ="NOT A KEY" LENGTH ="0" LEVEL ="0" NAME ="GROSS_MARGIN_IND" NULLABLE ="NOTNULL" OCCURS ="0" OFFSET ="470" PHYSICALLENGTH ="1" PHYSICALOFFSET ="728" PICTURETEXT ="" PRECISION ="1" SCALE ="0" USAGE_FLAGS =""/>
        <SOURCEFIELD BUSINESSNAME ="" DATATYPE ="number(p,s)" DESCRIPTION ="" FIELDNUMBER ="39" FIELDPROPERTY ="0" FIELDTYPE ="ELEMITEM" HIDDEN ="NO" KEYTYPE ="NOT A KEY" LENGTH ="20" LEVEL ="0" NAME ="GROSS_PROFIT_DOLLARS" NULLABLE ="NOTNULL" OCCURS ="0" OFFSET ="470" PHYSICALLENGTH ="18" PHYSICALOFFSET ="729" PICTURETEXT ="" PRECISION ="18" SCALE ="6" USAGE_FLAGS =""/>
        <SOURCEFIELD BUSINESSNAME ="" DATATYPE ="varchar2" DESCRIPTION ="" FIELDNUMBER ="40" FIELDPROPERTY ="0" FIELDTYPE ="ELEMITEM" HIDDEN ="NO" KEYTYPE ="NOT A KEY" LENGTH ="0" LEVEL ="0" NAME ="INVOICE_NUM" NULLABLE ="NULL" OCCURS ="0" OFFSET ="490" PHYSICALLENGTH ="11" PHYSICALOFFSET ="747" PICTURETEXT ="" PRECISION ="11" SCALE ="0" USAGE_FLAGS =""/>
        <SOURCEFIELD BUSINESSNAME ="" DATATYPE ="varchar2" DESCRIPTION ="" FIELDNUMBER ="41" FIELDPROPERTY ="0" FIELDTYPE ="ELEMITEM" HIDDEN ="NO" KEYTYPE ="NOT A KEY" LENGTH ="0" LEVEL ="0" NAME ="INVOICED_QUALITY_CODE" NULLABLE ="NULL" OCCURS ="0" OFFSET ="490" PHYSICALLENGTH ="1" PHYSICALOFFSET ="758" PICTURETEXT ="" PRECISION ="1" SCALE ="0" USAGE_FLAGS =""/>
        <SOURCEFIELD BUSINESSNAME ="" DATATYPE ="varchar2" DESCRIPTION ="" FIELDNUMBER ="42" FIELDPROPERTY ="0" FIELDTYPE ="ELEMITEM" HIDDEN ="NO" KEYTYPE ="NOT A KEY" LENGTH ="0" LEVEL ="0" NAME ="LATE_IND" NULLABLE ="NOTNULL" OCCURS ="0" OFFSET ="490" PHYSICALLENGTH ="1" PHYSICALOFFSET ="759" PICTURETEXT ="" PRECISION ="1" SCALE ="0" USAGE_FLAGS =""/>
        <SOURCEFIELD BUSINESSNAME ="" DATATYPE ="varchar2" DESCRIPTION ="" FIELDNUMBER ="43" FIELDPROPERTY ="0" FIELDTYPE ="ELEMITEM" HIDDEN ="NO" KEYTYPE ="NOT A KEY" LENGTH ="0" LEVEL ="0" NAME ="LEVEL_1_DIVISION_CODE" NULLABLE ="NOTNULL" OCCURS ="0" OFFSET ="490" PHYSICALLENGTH ="2" PHYSICALOFFSET ="760" PICTURETEXT ="" PRECISION ="2" SCALE ="0" USAGE_FLAGS =""/>
        <SOURCEFIELD BUSINESSNAME ="" DATATYPE ="varchar2" DESCRIPTION ="" FIELDNUMBER ="44" FIELDPROPERTY ="0" FIELDTYPE ="ELEMITEM" HIDDEN ="NO" KEYTYPE ="NOT A KEY" LENGTH ="0" LEVEL ="0" NAME ="LEVEL_2_DIVISION_CODE" NULLABLE ="NOTNULL" OCCURS ="0" OFFSET ="490" PHYSICALLENGTH ="2" PHYSICALOFFSET ="762" PICTURETEXT ="" PRECISION ="2" SCALE ="0" USAGE_FLAGS =""/>
        <SOURCEFIELD BUSINESSNAME ="" DATATYPE ="varchar2" DESCRIPTION ="" FIELDNUMBER ="45" FIELDPROPERTY ="0" FIELDTYPE ="ELEMITEM" HIDDEN ="NO" KEYTYPE ="NOT A KEY" LENGTH ="0" LEVEL ="0" NAME ="PO_NUM" NULLABLE ="NULL" OCCURS ="0" OFFSET ="490" PHYSICALLENGTH ="22" PHYSICALOFFSET ="764" PICTURETEXT ="" PRECISION ="22" SCALE ="0" USAGE_FLAGS =""/>
        <SOURCEFIELD BUSINESSNAME ="" DATATYPE ="date" DESCRIPTION ="" FIELDNUMBER ="46" FIELDPROPERTY ="0" FIELDTYPE ="ELEMITEM" HIDDEN ="NO" KEYTYPE ="NOT A KEY" LENGTH ="19" LEVEL ="0" NAME ="REQUESTED_SHIP_DATE" NULLABLE ="NOTNULL" OCCURS ="0" OFFSET ="490" PHYSICALLENGTH ="19" PHYSICALOFFSET ="786" PICTURETEXT ="" PRECISION ="19" SCALE ="0" USAGE_FLAGS =""/>
        <SOURCEFIELD BUSINESSNAME ="" DATATYPE ="varchar2" DESCRIPTION ="" FIELDNUMBER ="47" FIELDPROPERTY ="0" FIELDTYPE ="ELEMITEM" HIDDEN ="NO" KEYTYPE ="NOT A KEY" LENGTH ="0" LEVEL ="0" NAME ="SOURCE_ACCOUNT_NUM" NULLABLE ="NOTNULL" OCCURS ="0" OFFSET ="509" PHYSICALLENGTH ="10" PHYSICALOFFSET ="805" PICTURETEXT ="" PRECISION ="10" SCALE ="0" USAGE_FLAGS =""/>
        <SOURCEFIELD BUSINESSNAME ="" DATATYPE ="varchar2" DESCRIPTION ="" FIELDNUMBER ="48" FIELDPROPERTY ="0" FIELDTYPE ="ELEMITEM" HIDDEN ="NO" KEYTYPE ="NOT A KEY" LENGTH ="0" LEVEL ="0" NAME ="SOURCE_ORDER_TYPE" NULLABLE ="NULL" OCCURS ="0" OFFSET ="509" PHYSICALLENGTH ="2" PHYSICALOFFSET ="815" PICTURETEXT ="" PRECISION ="2" SCALE ="0" USAGE_FLAGS =""/>
        <SOURCEFIELD BUSINESSNAME ="" DATATYPE ="varchar2" DESCRIPTION ="" FIELDNUMBER ="49" FIELDPROPERTY ="0" FIELDTYPE ="ELEMITEM" HIDDEN ="NO" KEYTYPE ="NOT A KEY" LENGTH ="0" LEVEL ="0" NAME ="SOURCE_PO_TYPE" NULLABLE ="NULL" OCCURS ="0" OFFSET ="509" PHYSICALLENGTH ="2" PHYSICALOFFSET ="817" PICTURETEXT ="" PRECISION ="2" SCALE ="0" USAGE_FLAGS =""/>
        <SOURCEFIELD BUSINESSNAME ="" DATATYPE ="varchar2" DESCRIPTION ="" FIELDNUMBER ="50" FIELDPROPERTY ="0" FIELDTYPE ="ELEMITEM" HIDDEN ="NO" KEYTYPE ="NOT A KEY" LENGTH ="0" LEVEL ="0" NAME ="SOURCE_RETURN_CODE" NULLABLE ="NULL" OCCURS ="0" OFFSET ="509" PHYSICALLENGTH ="6" PHYSICALOFFSET ="819" PICTURETEXT ="" PRECISION ="6" SCALE ="0" USAGE_FLAGS =""/>
        <SOURCEFIELD BUSINESSNAME ="" DATATYPE ="number(p,s)" DESCRIPTION ="" FIELDNUMBER ="51" FIELDPROPERTY ="0" FIELDTYPE ="ELEMITEM" HIDDEN ="NO" KEYTYPE ="NOT A KEY" LENGTH ="12" LEVEL ="0" NAME ="UNITS" NULLABLE ="NOTNULL" OCCURS ="0" OFFSET ="509" PHYSICALLENGTH ="10" PHYSICALOFFSET ="825" PICTURETEXT ="" PRECISION ="10" SCALE ="0" USAGE_FLAGS =""/>
        <SOURCEFIELD BUSINESSNAME ="" DATATYPE ="date" DESCRIPTION ="" FIELDNUMBER ="52" FIELDPROPERTY ="0" FIELDTYPE ="ELEMITEM" HIDDEN ="NO" KEYTYPE ="NOT A KEY" LENGTH ="19" LEVEL ="0" NAME ="UPDATE_TIMESTAMP" NULLABLE ="NOTNULL" OCCURS ="0" OFFSET ="521" PHYSICALLENGTH ="19" PHYSICALOFFSET ="835" PICTURETEXT ="" PRECISION ="19" SCALE ="0" USAGE_FLAGS =""/>
        <SOURCEFIELD BUSINESSNAME ="" DATATYPE ="varchar2" DESCRIPTION ="" FIELDNUMBER ="53" FIELDPROPERTY ="0" FIELDTYPE ="ELEMITEM" HIDDEN ="NO" KEYTYPE ="NOT A KEY" LENGTH ="0" LEVEL ="0" NAME ="UPDATE_USERID" NULLABLE ="NOTNULL" OCCURS ="0" OFFSET ="540" PHYSICALLENGTH ="50" PHYSICALOFFSET ="854" PICTURETEXT ="" PRECISION ="50" SCALE ="0" USAGE_FLAGS =""/>
        <SOURCEFIELD BUSINESSNAME ="" DATATYPE ="date" DESCRIPTION ="" FIELDNUMBER ="54" FIELDPROPERTY ="0" FIELDTYPE ="ELEMITEM" HIDDEN ="NO" KEYTYPE ="NOT A KEY" LENGTH ="19" LEVEL ="0" NAME ="CALL_IN_DATE" NULLABLE ="NULL" OCCURS ="0" OFFSET ="540" PHYSICALLENGTH ="19" PHYSICALOFFSET ="904" PICTURETEXT ="" PRECISION ="19" SCALE ="0" USAGE_FLAGS =""/>
        <SOURCEFIELD BUSINESSNAME ="" DATATYPE ="number(p,s)" DESCRIPTION ="" FIELDNUMBER ="55" FIELDPROPERTY ="0" FIELDTYPE ="ELEMITEM" HIDDEN ="NO" KEYTYPE ="NOT A KEY" LENGTH ="12" LEVEL ="0" NAME ="RELEASED_GARMENTS" NULLABLE ="NOTNULL" OCCURS ="0" OFFSET ="559" PHYSICALLENGTH ="10" PHYSICALOFFSET ="923" PICTURETEXT ="" PRECISION ="10" SCALE ="0" USAGE_FLAGS =""/>
        <SOURCEFIELD BUSINESSNAME ="" DATATYPE ="number(p,s)" DESCRIPTION ="" FIELDNUMBER ="56" FIELDPROPERTY ="0" FIELDTYPE ="ELEMITEM" HIDDEN ="NO" KEYTYPE ="NOT A KEY" LENGTH ="12" LEVEL ="0" NAME ="RELEASED_UNITS" NULLABLE ="NULL" OCCURS ="0" OFFSET ="571" PHYSICALLENGTH ="10" PHYSICALOFFSET ="933" PICTURETEXT ="" PRECISION ="10" SCALE ="0" USAGE_FLAGS =""/>
        <SOURCEFIELD BUSINESSNAME ="" DATATYPE ="number" DESCRIPTION ="" FIELDNUMBER ="57" FIELDPROPERTY ="0" FIELDTYPE ="ELEMITEM" HIDDEN ="NO" KEYTYPE ="NOT A KEY" LENGTH ="24" LEVEL ="0" NAME ="DEMAND_GARMENTS" NULLABLE ="NULL" OCCURS ="0" OFFSET ="583" PHYSICALLENGTH ="15" PHYSICALOFFSET ="943" PICTURETEXT ="" PRECISION ="15" SCALE ="0" USAGE_FLAGS =""/>
        <SOURCEFIELD BUSINESSNAME ="" DATATYPE ="varchar2" DESCRIPTION ="" FIELDNUMBER ="58" FIELDPROPERTY ="0" FIELDTYPE ="ELEMITEM" HIDDEN ="NO" KEYTYPE ="NOT A KEY" LENGTH ="0" LEVEL ="0" NAME ="BACK_ORDER_IND" NULLABLE ="NULL" OCCURS ="0" OFFSET ="607" PHYSICALLENGTH ="1" PHYSICALOFFSET ="958" PICTURETEXT ="" PRECISION ="1" SCALE ="0" USAGE_FLAGS =""/>
        <SOURCEFIELD BUSINESSNAME ="" DATATYPE ="date" DESCRIPTION ="" FIELDNUMBER ="59" FIELDPROPERTY ="0" FIELDTYPE ="ELEMITEM" HIDDEN ="NO" KEYTYPE ="NOT A KEY" LENGTH ="19" LEVEL ="0" NAME ="CANCEL_BY_DATE" NULLABLE ="NULL" OCCURS ="0" OFFSET ="607" PHYSICALLENGTH ="19" PHYSICALOFFSET ="959" PICTURETEXT ="" PRECISION ="19" SCALE ="0" USAGE_FLAGS =""/>
        <SOURCEFIELD BUSINESSNAME ="" DATATYPE ="date" DESCRIPTION ="" FIELDNUMBER ="60" FIELDPROPERTY ="0" FIELDTYPE ="ELEMITEM" HIDDEN ="NO" KEYTYPE ="NOT A KEY" LENGTH ="19" LEVEL ="0" NAME ="GOOD_SERVICE_DATE" NULLABLE ="NULL" OCCURS ="0" OFFSET ="626" PHYSICALLENGTH ="19" PHYSICALOFFSET ="978" PICTURETEXT ="" PRECISION ="19" SCALE ="0" USAGE_FLAGS =""/>
        <SOURCEFIELD BUSINESSNAME ="" DATATYPE ="number(p,s)" DESCRIPTION ="" FIELDNUMBER ="61" FIELDPROPERTY ="0" FIELDTYPE ="ELEMITEM" HIDDEN ="NO" KEYTYPE ="NOT A KEY" LENGTH ="20" LEVEL ="0" NAME ="ORIGINAL_ORDER_DOLLARS" NULLABLE ="NULL" OCCURS ="0" OFFSET ="645" PHYSICALLENGTH ="18" PHYSICALOFFSET ="997" PICTURETEXT ="" PRECISION ="18" SCALE ="6" USAGE_FLAGS =""/>
        <SOURCEFIELD BUSINESSNAME ="" DATATYPE ="number(p,s)" DESCRIPTION ="" FIELDNUMBER ="62" FIELDPROPERTY ="0" FIELDTYPE ="ELEMITEM" HIDDEN ="NO" KEYTYPE ="NOT A KEY" LENGTH ="12" LEVEL ="0" NAME ="ORIGINAL_ORDER_GARMENTS" NULLABLE ="NULL" OCCURS ="0" OFFSET ="665" PHYSICALLENGTH ="10" PHYSICALOFFSET ="1015" PICTURETEXT ="" PRECISION ="10" SCALE ="0" USAGE_FLAGS =""/>
    </SOURCE>
    <TARGET BUSINESSNAME ="" CONSTRAINT ="" DATABASETYPE ="Microsoft SQL Server" DESCRIPTION ="" NAME ="HISTORICAL_SHIPMENTS_SUMMARY" OBJECTVERSION ="1" TABLEOPTIONS ="" VERSIONNUMBER ="1">
        <TARGETFIELD BUSINESSNAME ="" DATATYPE ="varchar" DESCRIPTION ="" FIELDNUMBER ="1" KEYTYPE ="PRIMARY KEY" NAME ="LEGACY_SOURCE" NULLABLE ="NOTNULL" PICTURETEXT ="" PRECISION ="10" SCALE ="0"/>
        <TARGETFIELD BUSINESSNAME ="" DATATYPE ="varchar" DESCRIPTION ="" FIELDNUMBER ="2" KEYTYPE ="PRIMARY KEY" NAME ="ITEM_CODE" NULLABLE ="NOTNULL" PICTURETEXT ="" PRECISION ="40" SCALE ="0"/>
        <TARGETFIELD BUSINESSNAME ="" DATATYPE ="datetime" DESCRIPTION ="" FIELDNUMBER ="3" KEYTYPE ="PRIMARY KEY" NAME ="HIST_MONTH_BEGIN_DATE" NULLABLE ="NOTNULL" PICTURETEXT ="" PRECISION ="23" SCALE ="3"/>
        <TARGETFIELD BUSINESSNAME ="" DATATYPE ="numeric" DESCRIPTION ="" FIELDNUMBER ="4" KEYTYPE ="PRIMARY KEY" NAME ="HIST_FISCAL_PERIOD" NULLABLE ="NOTNULL" PICTURETEXT ="" PRECISION ="6" SCALE ="0"/>
        <TARGETFIELD BUSINESSNAME ="" DATATYPE ="numeric" DESCRIPTION ="" FIELDNUMBER ="5" KEYTYPE ="PRIMARY KEY" NAME ="FUTURE_FISCAL_PERIOD" NULLABLE ="NOTNULL" PICTURETEXT ="" PRECISION ="6" SCALE ="0"/>
        <TARGETFIELD BUSINESSNAME ="" DATATYPE ="numeric" DESCRIPTION ="" FIELDNUMBER ="6" KEYTYPE ="NOT A KEY" NAME ="QUANTITY_SHIPPED" NULLABLE ="NOTNULL" PICTURETEXT ="" PRECISION ="13" SCALE ="0"/>
        <TARGETFIELD BUSINESSNAME ="" DATATYPE ="datetime" DESCRIPTION ="" FIELDNUMBER ="7" KEYTYPE ="NOT A KEY" NAME ="LOAD_DATE" NULLABLE ="NOTNULL" PICTURETEXT ="" PRECISION ="23" SCALE ="3"/>
        <TARGETFIELD BUSINESSNAME ="" DATATYPE ="varchar" DESCRIPTION ="" FIELDNUMBER ="8" KEYTYPE ="NOT A KEY" NAME ="DATA_SOURCE" NULLABLE ="NOTNULL" PICTURETEXT ="" PRECISION ="60" SCALE ="0"/>
    </TARGET>
    <MAPPING DESCRIPTION ="Loads data into HISTORICAL_SHIPMENTS_SUMMARY&#xD;&#xA;where slba_division_code=&apos;UW&apos; and sales_category=&apos;shipments&apos; and&#xD;&#xA;invoiced_quality_code=&apos;1&apos;" ISVALID ="YES" NAME ="m_UW_HIST_SHIP_CANCELS" OBJECTVERSION ="1" VERSIONNUMBER ="1">
        <TRANSFORMATION DESCRIPTION ="Lookup on FISCAL_MONTH_CALENDAR to retrieve MONTH_BEGIN_DATE based on FISCAL_YEAR_PERIOD." NAME ="LKP_FISCAL_MNTH_CAL_MNTH" OBJECTVERSION ="1" REUSABLE ="NO" TYPE ="Lookup Procedure" VERSIONNUMBER ="1">
            <TRANSFORMFIELD DATATYPE ="date/time" DEFAULTVALUE ="" DESCRIPTION ="" NAME ="MONTH_BEGIN_DATE" PICTURETEXT ="" PORTTYPE ="LOOKUP/RETURN/OUTPUT" PRECISION ="29" SCALE ="9"/>
            <TRANSFORMFIELD DATATYPE ="integer" DEFAULTVALUE ="" DESCRIPTION ="" NAME ="FISCAL_YEAR_PERIOD" PICTURETEXT ="" PORTTYPE ="LOOKUP" PRECISION ="10" SCALE ="0"/>
            <TRANSFORMFIELD DATATYPE ="integer" DEFAULTVALUE ="" DESCRIPTION ="" NAME ="I_FISCAL_YEAR_PERIOD" PICTURETEXT ="" PORTTYPE ="INPUT" PRECISION ="10" SCALE ="0"/>
            <TABLEATTRIBUTE NAME ="Lookup Sql Override" VALUE =""/>
            <TABLEATTRIBUTE NAME ="Lookup table name" VALUE ="FISCAL_MONTH_CALENDAR"/>
            <TABLEATTRIBUTE NAME ="Lookup Source Filter" VALUE =""/>
            <TABLEATTRIBUTE NAME ="Lookup caching enabled" VALUE ="YES"/>
            <TABLEATTRIBUTE NAME ="Lookup policy on multiple match" VALUE ="Use Any Value"/>
            <TABLEATTRIBUTE NAME ="Lookup condition" VALUE ="FISCAL_YEAR_PERIOD = I_FISCAL_YEAR_PERIOD"/>
            <TABLEATTRIBUTE NAME ="Connection Information" VALUE ="$Source"/>
            <TABLEATTRIBUTE NAME ="Source Type" VALUE ="Database"/>
            <TABLEATTRIBUTE NAME ="Recache if Stale" VALUE ="NO"/>
            <TABLEATTRIBUTE NAME ="Tracing Level" VALUE ="Normal"/>
            <TABLEATTRIBUTE NAME ="Lookup cache directory name" VALUE ="$PMCacheDir"/>
            <TABLEATTRIBUTE NAME ="Lookup cache initialize" VALUE ="NO"/>
            <TABLEATTRIBUTE NAME ="Lookup cache persistent" VALUE ="NO"/>
            <TABLEATTRIBUTE NAME ="Lookup Data Cache Size" VALUE ="Auto"/>
            <TABLEATTRIBUTE NAME ="Lookup Index Cache Size" VALUE ="Auto"/>
            <TABLEATTRIBUTE NAME ="Dynamic Lookup Cache" VALUE ="NO"/>
            <TABLEATTRIBUTE NAME ="Synchronize Dynamic Cache" VALUE ="NO"/>
            <TABLEATTRIBUTE NAME ="Output Old Value On Update" VALUE ="NO"/>
            <TABLEATTRIBUTE NAME ="Update Dynamic Cache Condition" VALUE ="TRUE"/>
            <TABLEATTRIBUTE NAME ="Cache File Name Prefix" VALUE =""/>
            <TABLEATTRIBUTE NAME ="Re-cache from lookup source" VALUE ="NO"/>
            <TABLEATTRIBUTE NAME ="Insert Else Update" VALUE ="NO"/>
            <TABLEATTRIBUTE NAME ="Update Else Insert" VALUE ="NO"/>
            <TABLEATTRIBUTE NAME ="Datetime Format" VALUE =""/>
            <TABLEATTRIBUTE NAME ="Thousand Separator" VALUE ="None"/>
            <TABLEATTRIBUTE NAME ="Decimal Separator" VALUE ="."/>
            <TABLEATTRIBUTE NAME ="Case Sensitive String Comparison" VALUE ="NO"/>
            <TABLEATTRIBUTE NAME ="Null ordering" VALUE ="Null Is Highest Value"/>
            <TABLEATTRIBUTE NAME ="Sorted Input" VALUE ="NO"/>
            <TABLEATTRIBUTE NAME ="Lookup source is static" VALUE ="NO"/>
            <TABLEATTRIBUTE NAME ="Pre-build lookup cache" VALUE ="Auto"/>
            <TABLEATTRIBUTE NAME ="Subsecond Precision" VALUE ="6"/>
        </TRANSFORMATION>
        <TRANSFORMATION DESCRIPTION ="This transformation does the arithmetic and logical calculations." NAME ="EXP_UW_HIST_SHIP_SUMMARY" OBJECTVERSION ="1" REUSABLE ="NO" TYPE ="Expression" VERSIONNUMBER ="1">
            <TRANSFORMFIELD DATATYPE ="decimal" DEFAULTVALUE ="" DESCRIPTION ="" NAME ="I_GARM_PER_PKG_QTY" PICTURETEXT ="" PORTTYPE ="INPUT" PRECISION ="38" SCALE ="0"/>
            <TRANSFORMFIELD DATATYPE ="string" DEFAULTVALUE ="" DESCRIPTION ="" NAME ="I_SKU" PICTURETEXT ="" PORTTYPE ="INPUT" PRECISION ="10" SCALE ="0"/>
            <TRANSFORMFIELD DATATYPE ="string" DEFAULTVALUE ="" DESCRIPTION ="" NAME ="I_SIZE_DESC" PICTURETEXT ="" PORTTYPE ="INPUT" PRECISION ="30" SCALE ="0"/>
            <TRANSFORMFIELD DATATYPE ="string" DEFAULTVALUE ="" DESCRIPTION ="" NAME ="I_STYLE_NUM" PICTURETEXT ="" PORTTYPE ="INPUT" PRECISION ="9" SCALE ="0"/>
            <TRANSFORMFIELD DATATYPE ="decimal" DEFAULTVALUE ="" DESCRIPTION ="" NAME ="I_FISCAL_YEAR" PICTURETEXT ="" PORTTYPE ="INPUT" PRECISION ="4" SCALE ="0"/>
            <TRANSFORMFIELD DATATYPE ="decimal" DEFAULTVALUE ="" DESCRIPTION ="" NAME ="I_FISCAL_PERIOD" PICTURETEXT ="" PORTTYPE ="INPUT" PRECISION ="2" SCALE ="0"/>
            <TRANSFORMFIELD DATATYPE ="double" DEFAULTVALUE ="" DESCRIPTION ="" NAME ="I_DEMAND_GARMENTS" PICTURETEXT ="" PORTTYPE ="INPUT" PRECISION ="15" SCALE ="0"/>
            <TRANSFORMFIELD DATATYPE ="decimal" DEFAULTVALUE ="" DESCRIPTION ="" EXPRESSION =" ( I_FISCAL_YEAR * 100 )  + I_FISCAL_PERIOD" EXPRESSIONTYPE ="GENERAL" NAME ="V_FISCAL_YEAR_PRD_SRC" PICTURETEXT ="" PORTTYPE ="LOCAL VARIABLE" PRECISION ="6" SCALE ="0"/>
            <TRANSFORMFIELD DATATYPE ="decimal" DEFAULTVALUE ="" DESCRIPTION ="" EXPRESSION =":LKP.LKP_FIS_YEAR_PRD(25)" EXPRESSIONTYPE ="GENERAL" NAME ="V_FISCAL_YEAR_PRD_BEGIN" PICTURETEXT ="" PORTTYPE ="LOCAL VARIABLE" PRECISION ="6" SCALE ="0"/>
            <TRANSFORMFIELD DATATYPE ="decimal" DEFAULTVALUE ="" DESCRIPTION ="" EXPRESSION =":LKP.LKP_FIS_YEAR_PRD(2)" EXPRESSIONTYPE ="GENERAL" NAME ="V_FISCAL_YEAR_PRD_END" PICTURETEXT ="" PORTTYPE ="LOCAL VARIABLE" PRECISION ="6" SCALE ="0"/>
            <TRANSFORMFIELD DATATYPE ="string" DEFAULTVALUE ="" DESCRIPTION ="" EXPRESSION ="&apos;UNW&apos;" EXPRESSIONTYPE ="GENERAL" NAME ="V_LEGACY_SOURCE" PICTURETEXT ="" PORTTYPE ="LOCAL VARIABLE" PRECISION ="10" SCALE ="0"/>
            <TRANSFORMFIELD DATATYPE ="string" DEFAULTVALUE ="" DESCRIPTION ="" EXPRESSION ="V_LEGACY_SOURCE" EXPRESSIONTYPE ="GENERAL" NAME ="LEGACY_SOURCE" PICTURETEXT ="" PORTTYPE ="OUTPUT" PRECISION ="10" SCALE ="0"/>
            <TRANSFORMFIELD DATATYPE ="string" DEFAULTVALUE ="" DESCRIPTION ="" EXPRESSION ="LTRIM(RTRIM(I_STYLE_NUM)) || &apos;_&apos; || LTRIM(RTRIM(I_SIZE_DESC)) || &apos;_&apos; || LTRIM(RTRIM(I_GARM_PER_PKG_QTY)) || &apos;_&apos; || SUBSTR(LTRIM(RTRIM(I_SKU)),7,4)" EXPRESSIONTYPE ="GENERAL" NAME ="V_ITEM_CODE" PICTURETEXT ="" PORTTYPE ="LOCAL VARIABLE" PRECISION ="40" SCALE ="0"/>
            <TRANSFORMFIELD DATATYPE ="string" DEFAULTVALUE ="" DESCRIPTION ="" EXPRESSION ="V_ITEM_CODE" EXPRESSIONTYPE ="GENERAL" NAME ="ITEM_CODE" PICTURETEXT ="" PORTTYPE ="OUTPUT" PRECISION ="40" SCALE ="0"/>
            <TRANSFORMFIELD DATATYPE ="date/time" DEFAULTVALUE ="" DESCRIPTION ="" EXPRESSION =":LKP.LKP_FISCAL_MNTH_CAL_MNTH(V_FISCAL_YEAR_PRD_SRC)" EXPRESSIONTYPE ="GENERAL" NAME ="V_HIST_MONTH_BEGIN_DATE" PICTURETEXT ="" PORTTYPE ="LOCAL VARIABLE" PRECISION ="29" SCALE ="9"/>
            <TRANSFORMFIELD DATATYPE ="date/time" DEFAULTVALUE ="ERROR(&apos;transformation error&apos;)" DESCRIPTION ="" EXPRESSION ="V_HIST_MONTH_BEGIN_DATE" EXPRESSIONTYPE ="GENERAL" NAME ="HIST_MONTH_BEGIN_DATE" PICTURETEXT ="" PORTTYPE ="OUTPUT" PRECISION ="29" SCALE ="9"/>
            <TRANSFORMFIELD DATATYPE ="decimal" DEFAULTVALUE ="" DESCRIPTION ="" EXPRESSION ="V_FISCAL_YEAR_PRD_SRC" EXPRESSIONTYPE ="GENERAL" NAME ="HIST_FISCAL_PERIOD" PICTURETEXT ="" PORTTYPE ="OUTPUT" PRECISION ="6" SCALE ="0"/>
            <TRANSFORMFIELD DATATYPE ="decimal" DEFAULTVALUE ="ERROR(&apos;transformation error&apos;)" DESCRIPTION ="" EXPRESSION ="V_FISCAL_YEAR_PRD_SRC + 100" EXPRESSIONTYPE ="GENERAL" NAME ="FUTURE_FISCAL_PERIOD" PICTURETEXT ="" PORTTYPE ="OUTPUT" PRECISION ="6" SCALE ="0"/>
            <TRANSFORMFIELD DATATYPE ="decimal" DEFAULTVALUE ="" DESCRIPTION ="" EXPRESSION ="I_DEMAND_GARMENTS * 0.25" EXPRESSIONTYPE ="GENERAL" NAME ="UNITS" PICTURETEXT ="" PORTTYPE ="OUTPUT" PRECISION ="38" SCALE ="0"/>
            <TRANSFORMFIELD DATATYPE ="date/time" DEFAULTVALUE ="" DESCRIPTION ="" EXPRESSION ="SYSDATE" EXPRESSIONTYPE ="GENERAL" NAME ="LOAD_DATE" PICTURETEXT ="" PORTTYPE ="OUTPUT" PRECISION ="29" SCALE ="9"/>
            <TRANSFORMFIELD DATATYPE ="string" DEFAULTVALUE ="" DESCRIPTION ="" EXPRESSION ="&apos;UNDERWEAR OAKDWHP1/SLM_GROSS_MARGIN/SHIPMENTS&apos;" EXPRESSIONTYPE ="GENERAL" NAME ="V_DATASOURCE" PICTURETEXT ="" PORTTYPE ="LOCAL VARIABLE" PRECISION ="60" SCALE ="0"/>
            <TRANSFORMFIELD DATATYPE ="string" DEFAULTVALUE ="" DESCRIPTION ="" EXPRESSION ="V_DATASOURCE" EXPRESSIONTYPE ="GENERAL" NAME ="DATASOURCE" PICTURETEXT ="" PORTTYPE ="OUTPUT" PRECISION ="60" SCALE ="0"/>
            <TRANSFORMFIELD DATATYPE ="decimal" DEFAULTVALUE ="" DESCRIPTION ="" EXPRESSION ="IIF(V_FISCAL_YEAR_PRD_SRC&gt;=V_FISCAL_YEAR_PRD_BEGIN AND V_FISCAL_YEAR_PRD_SRC &lt;= V_FISCAL_YEAR_PRD_END, 1, 0 ) " EXPRESSIONTYPE ="GENERAL" NAME ="FLAG" PICTURETEXT ="" PORTTYPE ="OUTPUT" PRECISION ="10" SCALE ="0"/>
            <TRANSFORMFIELD DATATYPE ="decimal" DEFAULTVALUE ="" DESCRIPTION ="" EXPRESSION ="IIF(ISNULL(:LKP.LKP_HIST_SHIP_SUMMARY(V_LEGACY_SOURCE,V_ITEM_CODE,V_HIST_MONTH_BEGIN_DATE)), 0,&#xD;&#xA;:LKP.LKP_HIST_SHIP_SUMMARY(V_LEGACY_SOURCE,V_ITEM_CODE,V_HIST_MONTH_BEGIN_DATE))" EXPRESSIONTYPE ="GENERAL" NAME ="QTY_SHIPPD" PICTURETEXT ="" PORTTYPE ="OUTPUT" PRECISION ="38" SCALE ="0"/>
            <TABLEATTRIBUTE NAME ="Tracing Level" VALUE ="Normal"/>
        </TRANSFORMATION>
        <TRANSFORMATION DESCRIPTION ="This transformation reads records from the source tables: &#xD;&#xA;1.SLM_GROSS_MARGIN&#xD;&#xA;2.BI_ITEM" NAME ="SQ_SLM_GROSS_MARGIN" OBJECTVERSION ="1" REUSABLE ="NO" TYPE ="Source Qualifier" VERSIONNUMBER ="1">
            <TRANSFORMFIELD DATATYPE ="decimal" DEFAULTVALUE ="" DESCRIPTION ="" NAME ="GARM_PER_PKG_QTY" PICTURETEXT ="" PORTTYPE ="INPUT/OUTPUT" PRECISION ="38" SCALE ="0"/>
            <TRANSFORMFIELD DATATYPE ="string" DEFAULTVALUE ="" DESCRIPTION ="" NAME ="SKU" PICTURETEXT ="" PORTTYPE ="INPUT/OUTPUT" PRECISION ="10" SCALE ="0"/>
            <TRANSFORMFIELD DATATYPE ="string" DEFAULTVALUE ="" DESCRIPTION ="" NAME ="SIZE_DESC" PICTURETEXT ="" PORTTYPE ="INPUT/OUTPUT" PRECISION ="30" SCALE ="0"/>
            <TRANSFORMFIELD DATATYPE ="string" DEFAULTVALUE ="" DESCRIPTION ="" NAME ="STYLE_NUM" PICTURETEXT ="" PORTTYPE ="INPUT/OUTPUT" PRECISION ="9" SCALE ="0"/>
            <TRANSFORMFIELD DATATYPE ="decimal" DEFAULTVALUE ="" DESCRIPTION ="" NAME ="FISCAL_YEAR" PICTURETEXT ="" PORTTYPE ="INPUT/OUTPUT" PRECISION ="4" SCALE ="0"/>
            <TRANSFORMFIELD DATATYPE ="decimal" DEFAULTVALUE ="" DESCRIPTION ="" NAME ="FISCAL_PERIOD" PICTURETEXT ="" PORTTYPE ="INPUT/OUTPUT" PRECISION ="2" SCALE ="0"/>
            <TRANSFORMFIELD DATATYPE ="double" DEFAULTVALUE ="" DESCRIPTION ="" NAME ="DEMAND_GARMENTS" PICTURETEXT ="" PORTTYPE ="INPUT/OUTPUT" PRECISION ="15" SCALE ="0"/>
            <TABLEATTRIBUTE NAME ="Sql Query" VALUE ="SELECT &#xD;&#xA;BI_ITEM.GARM_PER_PKG_QTY, &#xD;&#xA;BI_ITEM.SKU,&#xD;&#xA; BI_ITEM.SIZE_DESC, &#xD;&#xA;BI_ITEM.STYLE_NUM,&#xD;&#xA;SLM_GROSS_MARGIN.FISCAL_YEAR,&#xD;&#xA;SLM_GROSS_MARGIN.FISCAL_PERIOD,&#xD;&#xA;SLM_GROSS_MARGIN.DEMAND_GARMENTS&#xD;&#xA;FROM&#xD;&#xA; SLM_GROSS_MARGIN, BI_ITEM&#xD;&#xA;where&#xD;&#xA;BI_ITEM.ITEM_ID=SLM_GROSS_MARGIN.ITEM_ID&#xD;&#xA;and&#xD;&#xA;SLM_GROSS_MARGIN.SLBA_DIVISION_CODE=&apos;UW&apos;&#xD;&#xA;and&#xD;&#xA;SLM_GROSS_MARGIN.SALES_CATEGORY=&apos;cancels&apos;&#xD;&#xA;and&#xD;&#xA;SLM_GROSS_MARGIN.TRANSACTION_CATEGORY=&apos;sales&apos;"/>
            <TABLEATTRIBUTE NAME ="User Defined Join" VALUE =""/>
            <TABLEATTRIBUTE NAME ="Source Filter" VALUE =""/>
            <TABLEATTRIBUTE NAME ="Number Of Sorted Ports" VALUE ="0"/>
            <TABLEATTRIBUTE NAME ="Tracing Level" VALUE ="Normal"/>
            <TABLEATTRIBUTE NAME ="Select Distinct" VALUE ="NO"/>
            <TABLEATTRIBUTE NAME ="Is Partitionable" VALUE ="NO"/>
            <TABLEATTRIBUTE NAME ="Pre SQL" VALUE =""/>
            <TABLEATTRIBUTE NAME ="Post SQL" VALUE =""/>
            <TABLEATTRIBUTE NAME ="Output is deterministic" VALUE ="NO"/>
            <TABLEATTRIBUTE NAME ="Output is repeatable" VALUE ="Never"/>
        </TRANSFORMATION>
        <TRANSFORMATION DESCRIPTION ="This lookup checks for an existing record and sends the quantity_shipped value." NAME ="LKP_HIST_SHIP_SUMMARY" OBJECTVERSION ="1" REUSABLE ="NO" TYPE ="Lookup Procedure" VERSIONNUMBER ="1">
            <TRANSFORMFIELD DATATYPE ="decimal" DEFAULTVALUE ="" DESCRIPTION ="" NAME ="QUANTITY_SHIPPED" PICTURETEXT ="" PORTTYPE ="LOOKUP/RETURN/OUTPUT" PRECISION ="13" SCALE ="0"/>
            <TRANSFORMFIELD DATATYPE ="string" DEFAULTVALUE ="" DESCRIPTION ="" NAME ="LEGACY_SOURCE" PICTURETEXT ="" PORTTYPE ="LOOKUP" PRECISION ="10" SCALE ="0"/>
            <TRANSFORMFIELD DATATYPE ="string" DEFAULTVALUE ="" DESCRIPTION ="" NAME ="ITEM_CODE" PICTURETEXT ="" PORTTYPE ="LOOKUP" PRECISION ="40" SCALE ="0"/>
            <TRANSFORMFIELD DATATYPE ="date/time" DEFAULTVALUE ="" DESCRIPTION ="" NAME ="HIST_MONTH_BEGIN_DATE" PICTURETEXT ="" PORTTYPE ="LOOKUP" PRECISION ="29" SCALE ="9"/>
            <TRANSFORMFIELD DATATYPE ="string" DEFAULTVALUE ="" DESCRIPTION ="" NAME ="I_LEGACY_SOURCE" PICTURETEXT ="" PORTTYPE ="INPUT" PRECISION ="10" SCALE ="0"/>
            <TRANSFORMFIELD DATATYPE ="string" DEFAULTVALUE ="" DESCRIPTION ="" NAME ="I_ITEM_CODE" PICTURETEXT ="" PORTTYPE ="INPUT" PRECISION ="40" SCALE ="0"/>
            <TRANSFORMFIELD DATATYPE ="date/time" DEFAULTVALUE ="" DESCRIPTION ="" NAME ="I_HIST_MONTH_BEGIN_DATE" PICTURETEXT ="" PORTTYPE ="INPUT" PRECISION ="29" SCALE ="9"/>
            <TABLEATTRIBUTE NAME ="Lookup Sql Override" VALUE =""/>
            <TABLEATTRIBUTE NAME ="Lookup table name" VALUE ="HISTORICAL_SHIPMENTS_SUMMARY"/>
            <TABLEATTRIBUTE NAME ="Lookup Source Filter" VALUE =""/>
            <TABLEATTRIBUTE NAME ="Lookup caching enabled" VALUE ="YES"/>
            <TABLEATTRIBUTE NAME ="Lookup policy on multiple match" VALUE ="Use Any Value"/>
            <TABLEATTRIBUTE NAME ="Lookup condition" VALUE ="LEGACY_SOURCE = I_LEGACY_SOURCE AND ITEM_CODE = I_ITEM_CODE AND HIST_MONTH_BEGIN_DATE = I_HIST_MONTH_BEGIN_DATE"/>
            <TABLEATTRIBUTE NAME ="Connection Information" VALUE ="$Source"/>
            <TABLEATTRIBUTE NAME ="Source Type" VALUE ="Database"/>
            <TABLEATTRIBUTE NAME ="Recache if Stale" VALUE ="NO"/>
            <TABLEATTRIBUTE NAME ="Tracing Level" VALUE ="Normal"/>
            <TABLEATTRIBUTE NAME ="Lookup cache directory name" VALUE ="$PMCacheDir"/>
            <TABLEATTRIBUTE NAME ="Lookup cache initialize" VALUE ="NO"/>
            <TABLEATTRIBUTE NAME ="Lookup cache persistent" VALUE ="NO"/>
            <TABLEATTRIBUTE NAME ="Lookup Data Cache Size" VALUE ="Auto"/>
            <TABLEATTRIBUTE NAME ="Lookup Index Cache Size" VALUE ="Auto"/>
            <TABLEATTRIBUTE NAME ="Dynamic Lookup Cache" VALUE ="NO"/>
            <TABLEATTRIBUTE NAME ="Synchronize Dynamic Cache" VALUE ="NO"/>
            <TABLEATTRIBUTE NAME ="Output Old Value On Update" VALUE ="NO"/>
            <TABLEATTRIBUTE NAME ="Update Dynamic Cache Condition" VALUE ="TRUE"/>
            <TABLEATTRIBUTE NAME ="Cache File Name Prefix" VALUE =""/>
            <TABLEATTRIBUTE NAME ="Re-cache from lookup source" VALUE ="NO"/>
            <TABLEATTRIBUTE NAME ="Insert Else Update" VALUE ="NO"/>
            <TABLEATTRIBUTE NAME ="Update Else Insert" VALUE ="NO"/>
            <TABLEATTRIBUTE NAME ="Datetime Format" VALUE =""/>
            <TABLEATTRIBUTE NAME ="Thousand Separator" VALUE ="None"/>
            <TABLEATTRIBUTE NAME ="Decimal Separator" VALUE ="."/>
            <TABLEATTRIBUTE NAME ="Case Sensitive String Comparison" VALUE ="NO"/>
            <TABLEATTRIBUTE NAME ="Null ordering" VALUE ="Null Is Highest Value"/>
            <TABLEATTRIBUTE NAME ="Sorted Input" VALUE ="NO"/>
            <TABLEATTRIBUTE NAME ="Lookup source is static" VALUE ="NO"/>
            <TABLEATTRIBUTE NAME ="Pre-build lookup cache" VALUE ="Auto"/>
            <TABLEATTRIBUTE NAME ="Subsecond Precision" VALUE ="6"/>
        </TRANSFORMATION>
        <TRANSFORMATION DESCRIPTION ="This transformation performs the aggregate functions." NAME ="AGG_UW_HIST_SHIP_SUMMARY" OBJECTVERSION ="1" REUSABLE ="NO" TYPE ="Aggregator" VERSIONNUMBER ="1">
            <TRANSFORMFIELD DATATYPE ="string" DEFAULTVALUE ="" DESCRIPTION ="" EXPRESSION ="LEGACY_SOURCE" EXPRESSIONTYPE ="GROUPBY" NAME ="LEGACY_SOURCE" PICTURETEXT ="" PORTTYPE ="INPUT/OUTPUT" PRECISION ="10" SCALE ="0"/>
            <TRANSFORMFIELD DATATYPE ="string" DEFAULTVALUE ="" DESCRIPTION ="" EXPRESSION ="ITEM_CODE" EXPRESSIONTYPE ="GROUPBY" NAME ="ITEM_CODE" PICTURETEXT ="" PORTTYPE ="INPUT/OUTPUT" PRECISION ="40" SCALE ="0"/>
            <TRANSFORMFIELD DATATYPE ="date/time" DEFAULTVALUE ="" DESCRIPTION ="" EXPRESSION ="HIST_MONTH_BEGIN_DATE" EXPRESSIONTYPE ="GROUPBY" NAME ="HIST_MONTH_BEGIN_DATE" PICTURETEXT ="" PORTTYPE ="INPUT/OUTPUT" PRECISION ="29" SCALE ="9"/>
            <TRANSFORMFIELD DATATYPE ="decimal" DEFAULTVALUE ="" DESCRIPTION ="" EXPRESSION ="HIST_FISCAL_PERIOD" EXPRESSIONTYPE ="GROUPBY" NAME ="HIST_FISCAL_PERIOD" PICTURETEXT ="" PORTTYPE ="INPUT/OUTPUT" PRECISION ="6" SCALE ="0"/>
            <TRANSFORMFIELD DATATYPE ="decimal" DEFAULTVALUE ="" DESCRIPTION ="" EXPRESSION ="FUTURE_FISCAL_PERIOD" EXPRESSIONTYPE ="GROUPBY" NAME ="FUTURE_FISCAL_PERIOD" PICTURETEXT ="" PORTTYPE ="INPUT/OUTPUT" PRECISION ="6" SCALE ="0"/>
            <TRANSFORMFIELD DATATYPE ="decimal" DEFAULTVALUE ="" DESCRIPTION ="" NAME ="UNITS" PICTURETEXT ="" PORTTYPE ="INPUT" PRECISION ="38" SCALE ="0"/>
            <TRANSFORMFIELD DATATYPE ="decimal" DEFAULTVALUE ="" DESCRIPTION ="" NAME ="QTY_SHIPPD" PICTURETEXT ="" PORTTYPE ="INPUT" PRECISION ="38" SCALE ="0"/>
            <TRANSFORMFIELD DATATYPE ="decimal" DEFAULTVALUE ="ERROR(&apos;transformation error&apos;)" DESCRIPTION ="" EXPRESSION ="MAX(QTY_SHIPPD) + SUM(UNITS)" EXPRESSIONTYPE ="GENERAL" NAME ="QUANTITY_SHIPPED" PICTURETEXT ="" PORTTYPE ="OUTPUT" PRECISION ="38" SCALE ="0"/>
            <TRANSFORMFIELD DATATYPE ="date/time" DEFAULTVALUE ="" DESCRIPTION ="" EXPRESSION ="LOAD_DATE" EXPRESSIONTYPE ="GENERAL" NAME ="LOAD_DATE" PICTURETEXT ="" PORTTYPE ="INPUT/OUTPUT" PRECISION ="29" SCALE ="9"/>
            <TRANSFORMFIELD DATATYPE ="string" DEFAULTVALUE ="" DESCRIPTION ="" EXPRESSION ="DATASOURCE" EXPRESSIONTYPE ="GENERAL" NAME ="DATASOURCE" PICTURETEXT ="" PORTTYPE ="INPUT/OUTPUT" PRECISION ="60" SCALE ="0"/>
            <TABLEATTRIBUTE NAME ="Cache Directory" VALUE ="$PMCacheDir"/>
            <TABLEATTRIBUTE NAME ="Tracing Level" VALUE ="Normal"/>
            <TABLEATTRIBUTE NAME ="Sorted Input" VALUE ="NO"/>
            <TABLEATTRIBUTE NAME ="Aggregator Data Cache Size" VALUE ="Auto"/>
            <TABLEATTRIBUTE NAME ="Aggregator Index Cache Size" VALUE ="Auto"/>
            <TABLEATTRIBUTE NAME ="Transformation Scope" VALUE ="All Input"/>
        </TRANSFORMATION>
        <TRANSFORMATION DESCRIPTION ="Inserts new records or updates the existing records." NAME ="UPD_HIST_SHIP_SUMMARY" OBJECTVERSION ="1" REUSABLE ="NO" TYPE ="Update Strategy" VERSIONNUMBER ="1">
            <TRANSFORMFIELD DATATYPE ="string" DEFAULTVALUE ="" DESCRIPTION ="" NAME ="LEGACY_SOURCE" PICTURETEXT ="" PORTTYPE ="INPUT/OUTPUT" PRECISION ="10" SCALE ="0"/>
            <TRANSFORMFIELD DATATYPE ="string" DEFAULTVALUE ="" DESCRIPTION ="" NAME ="ITEM_CODE" PICTURETEXT ="" PORTTYPE ="INPUT/OUTPUT" PRECISION ="40" SCALE ="0"/>
            <TRANSFORMFIELD DATATYPE ="date/time" DEFAULTVALUE ="" DESCRIPTION ="" NAME ="HIST_MONTH_BEGIN_DATE" PICTURETEXT ="" PORTTYPE ="INPUT/OUTPUT" PRECISION ="29" SCALE ="9"/>
            <TRANSFORMFIELD DATATYPE ="decimal" DEFAULTVALUE ="" DESCRIPTION ="" NAME ="HIST_FISCAL_PERIOD" PICTURETEXT ="" PORTTYPE ="INPUT/OUTPUT" PRECISION ="6" SCALE ="0"/>
            <TRANSFORMFIELD DATATYPE ="decimal" DEFAULTVALUE ="" DESCRIPTION ="" NAME ="FUTURE_FISCAL_PERIOD" PICTURETEXT ="" PORTTYPE ="INPUT/OUTPUT" PRECISION ="6" SCALE ="0"/>
            <TRANSFORMFIELD DATATYPE ="decimal" DEFAULTVALUE ="" DESCRIPTION ="" NAME ="O_QUANTITY_SHIPPED" PICTURETEXT ="" PORTTYPE ="INPUT/OUTPUT" PRECISION ="13" SCALE ="0"/>
            <TRANSFORMFIELD DATATYPE ="date/time" DEFAULTVALUE ="" DESCRIPTION ="" NAME ="LOAD_DATE" PICTURETEXT ="" PORTTYPE ="INPUT/OUTPUT" PRECISION ="29" SCALE ="9"/>
            <TRANSFORMFIELD DATATYPE ="string" DEFAULTVALUE ="" DESCRIPTION ="" NAME ="DATASOURCE" PICTURETEXT ="" PORTTYPE ="INPUT/OUTPUT" PRECISION ="60" SCALE ="0"/>
            <TABLEATTRIBUTE NAME ="Update Strategy Expression" VALUE ="DD_UPDATE"/>
            <TABLEATTRIBUTE NAME ="Forward Rejected Rows" VALUE ="YES"/>
            <TABLEATTRIBUTE NAME ="Tracing Level" VALUE ="Normal"/>
        </TRANSFORMATION>
        <TRANSFORMATION DESCRIPTION ="This transformation removes all the records where in the fiscal_year_period doesn&apos;t fall within the given range." NAME ="FL_UW_HIST_SHIP_SUMMARY" OBJECTVERSION ="1" REUSABLE ="NO" TYPE ="Filter" VERSIONNUMBER ="1">
            <TRANSFORMFIELD DATATYPE ="string" DEFAULTVALUE ="" DESCRIPTION ="" NAME ="LEGACY_SOURCE" PICTURETEXT ="" PORTTYPE ="INPUT/OUTPUT" PRECISION ="10" SCALE ="0"/>
            <TRANSFORMFIELD DATATYPE ="string" DEFAULTVALUE ="" DESCRIPTION ="" NAME ="ITEM_CODE" PICTURETEXT ="" PORTTYPE ="INPUT/OUTPUT" PRECISION ="40" SCALE ="0"/>
            <TRANSFORMFIELD DATATYPE ="date/time" DEFAULTVALUE ="" DESCRIPTION ="" NAME ="HIST_MONTH_BEGIN_DATE" PICTURETEXT ="" PORTTYPE ="INPUT/OUTPUT" PRECISION ="29" SCALE ="9"/>
            <TRANSFORMFIELD DATATYPE ="decimal" DEFAULTVALUE ="" DESCRIPTION ="" NAME ="HIST_FISCAL_PERIOD" PICTURETEXT ="" PORTTYPE ="INPUT/OUTPUT" PRECISION ="6" SCALE ="0"/>
            <TRANSFORMFIELD DATATYPE ="decimal" DEFAULTVALUE ="" DESCRIPTION ="" NAME ="FUTURE_FISCAL_PERIOD" PICTURETEXT ="" PORTTYPE ="INPUT/OUTPUT" PRECISION ="6" SCALE ="0"/>
            <TRANSFORMFIELD DATATYPE ="decimal" DEFAULTVALUE ="" DESCRIPTION ="" NAME ="UNITS" PICTURETEXT ="" PORTTYPE ="INPUT/OUTPUT" PRECISION ="3" SCALE ="0"/>
            <TRANSFORMFIELD DATATYPE ="date/time" DEFAULTVALUE ="" DESCRIPTION ="" NAME ="LOAD_DATE" PICTURETEXT ="" PORTTYPE ="INPUT/OUTPUT" PRECISION ="29" SCALE ="9"/>
            <TRANSFORMFIELD DATATYPE ="string" DEFAULTVALUE ="" DESCRIPTION ="" NAME ="DATASOURCE" PICTURETEXT ="" PORTTYPE ="INPUT/OUTPUT" PRECISION ="60" SCALE ="0"/>
            <TRANSFORMFIELD DATATYPE ="decimal" DEFAULTVALUE ="" DESCRIPTION ="" NAME ="FLAG" PICTURETEXT ="" PORTTYPE ="INPUT/OUTPUT" PRECISION ="10" SCALE ="0"/>
            <TRANSFORMFIELD DATATYPE ="decimal" DEFAULTVALUE ="" DESCRIPTION ="" NAME ="QTY_SHIPPD" PICTURETEXT ="" PORTTYPE ="INPUT/OUTPUT" PRECISION ="13" SCALE ="0"/>
            <TABLEATTRIBUTE NAME ="Filter Condition" VALUE ="FLAG = 1"/>
            <TABLEATTRIBUTE NAME ="Tracing Level" VALUE ="Normal"/>
        </TRANSFORMATION>
        <TRANSFORMATION DESCRIPTION ="Removes records where quantity_shipped&lt;=0" NAME ="FL_UW_HIST_SHIP_SUM" OBJECTVERSION ="1" REUSABLE ="NO" TYPE ="Filter" VERSIONNUMBER ="1">
            <TRANSFORMFIELD DATATYPE ="string" DEFAULTVALUE ="" DESCRIPTION ="" NAME ="LEGACY_SOURCE" PICTURETEXT ="" PORTTYPE ="INPUT/OUTPUT" PRECISION ="10" SCALE ="0"/>
            <TRANSFORMFIELD DATATYPE ="string" DEFAULTVALUE ="" DESCRIPTION ="" NAME ="ITEM_CODE" PICTURETEXT ="" PORTTYPE ="INPUT/OUTPUT" PRECISION ="40" SCALE ="0"/>
            <TRANSFORMFIELD DATATYPE ="date/time" DEFAULTVALUE ="" DESCRIPTION ="" NAME ="HIST_MONTH_BEGIN_DATE" PICTURETEXT ="" PORTTYPE ="INPUT/OUTPUT" PRECISION ="29" SCALE ="9"/>
            <TRANSFORMFIELD DATATYPE ="decimal" DEFAULTVALUE ="" DESCRIPTION ="" NAME ="HIST_FISCAL_PERIOD" PICTURETEXT ="" PORTTYPE ="INPUT/OUTPUT" PRECISION ="6" SCALE ="0"/>
            <TRANSFORMFIELD DATATYPE ="decimal" DEFAULTVALUE ="" DESCRIPTION ="" NAME ="FUTURE_FISCAL_PERIOD" PICTURETEXT ="" PORTTYPE ="INPUT/OUTPUT" PRECISION ="6" SCALE ="0"/>
            <TRANSFORMFIELD DATATYPE ="decimal" DEFAULTVALUE ="" DESCRIPTION ="" NAME ="QUANTITY_SHIPPED" PICTURETEXT ="" PORTTYPE ="INPUT/OUTPUT" PRECISION ="38" SCALE ="0"/>
            <TRANSFORMFIELD DATATYPE ="date/time" DEFAULTVALUE ="" DESCRIPTION ="" NAME ="LOAD_DATE" PICTURETEXT ="" PORTTYPE ="INPUT/OUTPUT" PRECISION ="29" SCALE ="9"/>
            <TRANSFORMFIELD DATATYPE ="string" DEFAULTVALUE ="" DESCRIPTION ="" NAME ="DATASOURCE" PICTURETEXT ="" PORTTYPE ="INPUT/OUTPUT" PRECISION ="60" SCALE ="0"/>
            <TABLEATTRIBUTE NAME ="Filter Condition" VALUE ="QUANTITY_SHIPPED   &gt;= 1"/>
            <TABLEATTRIBUTE NAME ="Tracing Level" VALUE ="Normal"/>
        </TRANSFORMATION>
        <TRANSFORMATION DESCRIPTION ="This transformation ranks the fiscal_year_period from the current fiscal month to the number provided as input and then returns the fiscal_year_period with the highest rank." NAME ="LKP_FIS_YEAR_PRD" OBJECTVERSION ="1" REUSABLE ="NO" TYPE ="Lookup Procedure" VERSIONNUMBER ="1">
            <TRANSFORMFIELD DATATYPE ="integer" DEFAULTVALUE ="" DESCRIPTION ="" NAME ="FISCAL_YEAR_PERIOD" PICTURETEXT ="" PORTTYPE ="LOOKUP/RETURN/OUTPUT" PRECISION ="10" SCALE ="0"/>
            <TRANSFORMFIELD DATATYPE ="integer" DEFAULTVALUE ="" DESCRIPTION ="" NAME ="RNK" PICTURETEXT ="" PORTTYPE ="LOOKUP" PRECISION ="10" SCALE ="0"/>
            <TRANSFORMFIELD DATATYPE ="integer" DEFAULTVALUE ="" DESCRIPTION ="" NAME ="I_RNK" PICTURETEXT ="" PORTTYPE ="INPUT" PRECISION ="10" SCALE ="0"/>
            <TABLEATTRIBUTE NAME ="Lookup Sql Override" VALUE ="SELECT&#xD;&#xA;FISCAL_YEAR_PERIOD AS FISCAL_YEAR_PERIOD,&#xD;&#xA;RNK AS  RNK FROM ( SELECT  FMC.FISCAL_YEAR_PERIOD as FISCAL_YEAR_PERIOD ,&#xD;&#xA;RANK () OVER ( ORDER BY FMC.FISCAL_YEAR_PERIOD DESC) AS RNK  &#xD;&#xA;FROM FISCAL_MONTH_CALENDAR AS FMC WHERE FMC.FISCAL_YEAR_PERIOD &lt;= ( SELECT F.FISCAL_YEAR_PERIOD&#xD;&#xA;FROM FISCAL_MONTH_CALENDAR AS F WHERE GETDATE() BETWEEN F.MONTH_BEGIN_DATE AND F.MONTH_END_DATE) ) AS TBL &#xD;&#xA;--"/>
            <TABLEATTRIBUTE NAME ="Lookup table name" VALUE ="FISCAL_MONTH_CALENDAR"/>
            <TABLEATTRIBUTE NAME ="Lookup Source Filter" VALUE =""/>
            <TABLEATTRIBUTE NAME ="Lookup caching enabled" VALUE ="YES"/>
            <TABLEATTRIBUTE NAME ="Lookup policy on multiple match" VALUE ="Use Any Value"/>
            <TABLEATTRIBUTE NAME ="Lookup condition" VALUE ="RNK = I_RNK"/>
            <TABLEATTRIBUTE NAME ="Connection Information" VALUE ="$Source"/>
            <TABLEATTRIBUTE NAME ="Source Type" VALUE ="Database"/>
            <TABLEATTRIBUTE NAME ="Recache if Stale" VALUE ="NO"/>
            <TABLEATTRIBUTE NAME ="Tracing Level" VALUE ="Normal"/>
            <TABLEATTRIBUTE NAME ="Lookup cache directory name" VALUE ="$PMCacheDir"/>
            <TABLEATTRIBUTE NAME ="Lookup cache initialize" VALUE ="NO"/>
            <TABLEATTRIBUTE NAME ="Lookup cache persistent" VALUE ="NO"/>
            <TABLEATTRIBUTE NAME ="Lookup Data Cache Size" VALUE ="Auto"/>
            <TABLEATTRIBUTE NAME ="Lookup Index Cache Size" VALUE ="Auto"/>
            <TABLEATTRIBUTE NAME ="Dynamic Lookup Cache" VALUE ="NO"/>
            <TABLEATTRIBUTE NAME ="Synchronize Dynamic Cache" VALUE ="NO"/>
            <TABLEATTRIBUTE NAME ="Output Old Value On Update" VALUE ="NO"/>
            <TABLEATTRIBUTE NAME ="Update Dynamic Cache Condition" VALUE ="TRUE"/>
            <TABLEATTRIBUTE NAME ="Cache File Name Prefix" VALUE =""/>
            <TABLEATTRIBUTE NAME ="Re-cache from lookup source" VALUE ="NO"/>
            <TABLEATTRIBUTE NAME ="Insert Else Update" VALUE ="NO"/>
            <TABLEATTRIBUTE NAME ="Update Else Insert" VALUE ="NO"/>
            <TABLEATTRIBUTE NAME ="Datetime Format" VALUE =""/>
            <TABLEATTRIBUTE NAME ="Thousand Separator" VALUE ="None"/>
            <TABLEATTRIBUTE NAME ="Decimal Separator" VALUE ="."/>
            <TABLEATTRIBUTE NAME ="Case Sensitive String Comparison" VALUE ="NO"/>
            <TABLEATTRIBUTE NAME ="Null ordering" VALUE ="Null Is Highest Value"/>
            <TABLEATTRIBUTE NAME ="Sorted Input" VALUE ="NO"/>
            <TABLEATTRIBUTE NAME ="Lookup source is static" VALUE ="NO"/>
            <TABLEATTRIBUTE NAME ="Pre-build lookup cache" VALUE ="Auto"/>
            <TABLEATTRIBUTE NAME ="Subsecond Precision" VALUE ="6"/>
        </TRANSFORMATION>
        <INSTANCE DESCRIPTION ="Target table" NAME ="HISTORICAL_SHIPMENTS_SUMMARY" TRANSFORMATION_NAME ="HISTORICAL_SHIPMENTS_SUMMARY" TRANSFORMATION_TYPE ="Target Definition" TYPE ="TARGET"/>
        <INSTANCE DBDNAME ="oakdwhp1" DESCRIPTION ="" NAME ="SLM_GROSS_MARGIN" TRANSFORMATION_NAME ="SLM_GROSS_MARGIN" TRANSFORMATION_TYPE ="Source Definition" TYPE ="SOURCE"/>
        <INSTANCE DESCRIPTION ="Lookup on FISCAL_MONTH_CALENDAR to retrieve MONTH_BEGIN_DATE based on FISCAL_YEAR_PERIOD." NAME ="LKP_FISCAL_MNTH_CAL_MNTH" REUSABLE ="NO" TRANSFORMATION_NAME ="LKP_FISCAL_MNTH_CAL_MNTH" TRANSFORMATION_TYPE ="Lookup Procedure" TYPE ="TRANSFORMATION"/>
        <INSTANCE DESCRIPTION ="This transformation does the arithmetic and logical calculations." NAME ="EXP_UW_HIST_SHIP_SUMMARY" REUSABLE ="NO" TRANSFORMATION_NAME ="EXP_UW_HIST_SHIP_SUMMARY" TRANSFORMATION_TYPE ="Expression" TYPE ="TRANSFORMATION"/>
        <INSTANCE DESCRIPTION ="This transformation reads records from the source tables: &#xD;&#xA;1.SLM_GROSS_MARGIN&#xD;&#xA;2.BI_ITEM" NAME ="SQ_SLM_GROSS_MARGIN" REUSABLE ="NO" TRANSFORMATION_NAME ="SQ_SLM_GROSS_MARGIN" TRANSFORMATION_TYPE ="Source Qualifier" TYPE ="TRANSFORMATION">
            <ASSOCIATED_SOURCE_INSTANCE NAME ="SLM_GROSS_MARGIN"/>
        </INSTANCE>
        <INSTANCE DESCRIPTION ="This lookup checks for an existing record and sends the quantity_shipped value." NAME ="LKP_HIST_SHIP_SUMMARY" REUSABLE ="NO" TRANSFORMATION_NAME ="LKP_HIST_SHIP_SUMMARY" TRANSFORMATION_TYPE ="Lookup Procedure" TYPE ="TRANSFORMATION"/>
        <INSTANCE DESCRIPTION ="This transformation performs the aggregate functions." NAME ="AGG_UW_HIST_SHIP_SUMMARY" REUSABLE ="NO" TRANSFORMATION_NAME ="AGG_UW_HIST_SHIP_SUMMARY" TRANSFORMATION_TYPE ="Aggregator" TYPE ="TRANSFORMATION"/>
        <INSTANCE DESCRIPTION ="Inserts new records or updates the existing records." NAME ="UPD_HIST_SHIP_SUMMARY" REUSABLE ="NO" TRANSFORMATION_NAME ="UPD_HIST_SHIP_SUMMARY" TRANSFORMATION_TYPE ="Update Strategy" TYPE ="TRANSFORMATION"/>
        <INSTANCE DESCRIPTION ="This transformation removes all the records where in the fiscal_year_period doesn&apos;t fall within the given range." NAME ="FL_UW_HIST_SHIP_SUMMARY" REUSABLE ="NO" TRANSFORMATION_NAME ="FL_UW_HIST_SHIP_SUMMARY" TRANSFORMATION_TYPE ="Filter" TYPE ="TRANSFORMATION"/>
        <INSTANCE DESCRIPTION ="Removes records where quantity_shipped&lt;=0" NAME ="FL_UW_HIST_SHIP_SUM" REUSABLE ="NO" TRANSFORMATION_NAME ="FL_UW_HIST_SHIP_SUM" TRANSFORMATION_TYPE ="Filter" TYPE ="TRANSFORMATION"/>
        <INSTANCE DESCRIPTION ="This transformation ranks the fiscal_year_period from the current fiscal month to the number provided as input and then returns the fiscal_year_period with the highest rank." NAME ="LKP_FIS_YEAR_PRD" REUSABLE ="NO" TRANSFORMATION_NAME ="LKP_FIS_YEAR_PRD" TRANSFORMATION_TYPE ="Lookup Procedure" TYPE ="TRANSFORMATION"/>
        <CONNECTOR FROMFIELD ="LEGACY_SOURCE" FROMINSTANCE ="UPD_HIST_SHIP_SUMMARY" FROMINSTANCETYPE ="Update Strategy" TOFIELD ="LEGACY_SOURCE" TOINSTANCE ="HISTORICAL_SHIPMENTS_SUMMARY" TOINSTANCETYPE ="Target Definition"/>
        <CONNECTOR FROMFIELD ="ITEM_CODE" FROMINSTANCE ="UPD_HIST_SHIP_SUMMARY" FROMINSTANCETYPE ="Update Strategy" TOFIELD ="ITEM_CODE" TOINSTANCE ="HISTORICAL_SHIPMENTS_SUMMARY" TOINSTANCETYPE ="Target Definition"/>
        <CONNECTOR FROMFIELD ="HIST_MONTH_BEGIN_DATE" FROMINSTANCE ="UPD_HIST_SHIP_SUMMARY" FROMINSTANCETYPE ="Update Strategy" TOFIELD ="HIST_MONTH_BEGIN_DATE" TOINSTANCE ="HISTORICAL_SHIPMENTS_SUMMARY" TOINSTANCETYPE ="Target Definition"/>
        <CONNECTOR FROMFIELD ="HIST_FISCAL_PERIOD" FROMINSTANCE ="UPD_HIST_SHIP_SUMMARY" FROMINSTANCETYPE ="Update Strategy" TOFIELD ="HIST_FISCAL_PERIOD" TOINSTANCE ="HISTORICAL_SHIPMENTS_SUMMARY" TOINSTANCETYPE ="Target Definition"/>
        <CONNECTOR FROMFIELD ="FUTURE_FISCAL_PERIOD" FROMINSTANCE ="UPD_HIST_SHIP_SUMMARY" FROMINSTANCETYPE ="Update Strategy" TOFIELD ="FUTURE_FISCAL_PERIOD" TOINSTANCE ="HISTORICAL_SHIPMENTS_SUMMARY" TOINSTANCETYPE ="Target Definition"/>
        <CONNECTOR FROMFIELD ="O_QUANTITY_SHIPPED" FROMINSTANCE ="UPD_HIST_SHIP_SUMMARY" FROMINSTANCETYPE ="Update Strategy" TOFIELD ="QUANTITY_SHIPPED" TOINSTANCE ="HISTORICAL_SHIPMENTS_SUMMARY" TOINSTANCETYPE ="Target Definition"/>
        <CONNECTOR FROMFIELD ="LOAD_DATE" FROMINSTANCE ="UPD_HIST_SHIP_SUMMARY" FROMINSTANCETYPE ="Update Strategy" TOFIELD ="LOAD_DATE" TOINSTANCE ="HISTORICAL_SHIPMENTS_SUMMARY" TOINSTANCETYPE ="Target Definition"/>
        <CONNECTOR FROMFIELD ="DATASOURCE" FROMINSTANCE ="UPD_HIST_SHIP_SUMMARY" FROMINSTANCETYPE ="Update Strategy" TOFIELD ="DATA_SOURCE" TOINSTANCE ="HISTORICAL_SHIPMENTS_SUMMARY" TOINSTANCETYPE ="Target Definition"/>
        <CONNECTOR FROMFIELD ="DISTRIBUTION_CTR_FACILITY_ID" FROMINSTANCE ="SLM_GROSS_MARGIN" FROMINSTANCETYPE ="Source Definition" TOFIELD ="GARM_PER_PKG_QTY" TOINSTANCE ="SQ_SLM_GROSS_MARGIN" TOINSTANCETYPE ="Source Qualifier"/>
        <CONNECTOR FROMFIELD ="CORE_IND" FROMINSTANCE ="SLM_GROSS_MARGIN" FROMINSTANCETYPE ="Source Definition" TOFIELD ="SKU" TOINSTANCE ="SQ_SLM_GROSS_MARGIN" TOINSTANCETYPE ="Source Qualifier"/>
        <CONNECTOR FROMFIELD ="CORE_IND" FROMINSTANCE ="SLM_GROSS_MARGIN" FROMINSTANCETYPE ="Source Definition" TOFIELD ="SIZE_DESC" TOINSTANCE ="SQ_SLM_GROSS_MARGIN" TOINSTANCETYPE ="Source Qualifier"/>
        <CONNECTOR FROMFIELD ="CORE_IND" FROMINSTANCE ="SLM_GROSS_MARGIN" FROMINSTANCETYPE ="Source Definition" TOFIELD ="STYLE_NUM" TOINSTANCE ="SQ_SLM_GROSS_MARGIN" TOINSTANCETYPE ="Source Qualifier"/>
        <CONNECTOR FROMFIELD ="FISCAL_YEAR" FROMINSTANCE ="SLM_GROSS_MARGIN" FROMINSTANCETYPE ="Source Definition" TOFIELD ="FISCAL_YEAR" TOINSTANCE ="SQ_SLM_GROSS_MARGIN" TOINSTANCETYPE ="Source Qualifier"/>
        <CONNECTOR FROMFIELD ="FISCAL_PERIOD" FROMINSTANCE ="SLM_GROSS_MARGIN" FROMINSTANCETYPE ="Source Definition" TOFIELD ="FISCAL_PERIOD" TOINSTANCE ="SQ_SLM_GROSS_MARGIN" TOINSTANCETYPE ="Source Qualifier"/>
        <CONNECTOR FROMFIELD ="DEMAND_GARMENTS" FROMINSTANCE ="SLM_GROSS_MARGIN" FROMINSTANCETYPE ="Source Definition" TOFIELD ="DEMAND_GARMENTS" TOINSTANCE ="SQ_SLM_GROSS_MARGIN" TOINSTANCETYPE ="Source Qualifier"/>
        <CONNECTOR FROMFIELD ="GARM_PER_PKG_QTY" FROMINSTANCE ="SQ_SLM_GROSS_MARGIN" FROMINSTANCETYPE ="Source Qualifier" TOFIELD ="I_GARM_PER_PKG_QTY" TOINSTANCE ="EXP_UW_HIST_SHIP_SUMMARY" TOINSTANCETYPE ="Expression"/>
        <CONNECTOR FROMFIELD ="SKU" FROMINSTANCE ="SQ_SLM_GROSS_MARGIN" FROMINSTANCETYPE ="Source Qualifier" TOFIELD ="I_SKU" TOINSTANCE ="EXP_UW_HIST_SHIP_SUMMARY" TOINSTANCETYPE ="Expression"/>
        <CONNECTOR FROMFIELD ="SIZE_DESC" FROMINSTANCE ="SQ_SLM_GROSS_MARGIN" FROMINSTANCETYPE ="Source Qualifier" TOFIELD ="I_SIZE_DESC" TOINSTANCE ="EXP_UW_HIST_SHIP_SUMMARY" TOINSTANCETYPE ="Expression"/>
        <CONNECTOR FROMFIELD ="STYLE_NUM" FROMINSTANCE ="SQ_SLM_GROSS_MARGIN" FROMINSTANCETYPE ="Source Qualifier" TOFIELD ="I_STYLE_NUM" TOINSTANCE ="EXP_UW_HIST_SHIP_SUMMARY" TOINSTANCETYPE ="Expression"/>
        <CONNECTOR FROMFIELD ="FISCAL_YEAR" FROMINSTANCE ="SQ_SLM_GROSS_MARGIN" FROMINSTANCETYPE ="Source Qualifier" TOFIELD ="I_FISCAL_YEAR" TOINSTANCE ="EXP_UW_HIST_SHIP_SUMMARY" TOINSTANCETYPE ="Expression"/>
        <CONNECTOR FROMFIELD ="FISCAL_PERIOD" FROMINSTANCE ="SQ_SLM_GROSS_MARGIN" FROMINSTANCETYPE ="Source Qualifier" TOFIELD ="I_FISCAL_PERIOD" TOINSTANCE ="EXP_UW_HIST_SHIP_SUMMARY" TOINSTANCETYPE ="Expression"/>
        <CONNECTOR FROMFIELD ="DEMAND_GARMENTS" FROMINSTANCE ="SQ_SLM_GROSS_MARGIN" FROMINSTANCETYPE ="Source Qualifier" TOFIELD ="I_DEMAND_GARMENTS" TOINSTANCE ="EXP_UW_HIST_SHIP_SUMMARY" TOINSTANCETYPE ="Expression"/>
        <CONNECTOR FROMFIELD ="LEGACY_SOURCE" FROMINSTANCE ="EXP_UW_HIST_SHIP_SUMMARY" FROMINSTANCETYPE ="Expression" TOFIELD ="LEGACY_SOURCE" TOINSTANCE ="FL_UW_HIST_SHIP_SUMMARY" TOINSTANCETYPE ="Filter"/>
        <CONNECTOR FROMFIELD ="ITEM_CODE" FROMINSTANCE ="EXP_UW_HIST_SHIP_SUMMARY" FROMINSTANCETYPE ="Expression" TOFIELD ="ITEM_CODE" TOINSTANCE ="FL_UW_HIST_SHIP_SUMMARY" TOINSTANCETYPE ="Filter"/>
        <CONNECTOR FROMFIELD ="HIST_FISCAL_PERIOD" FROMINSTANCE ="EXP_UW_HIST_SHIP_SUMMARY" FROMINSTANCETYPE ="Expression" TOFIELD ="HIST_FISCAL_PERIOD" TOINSTANCE ="FL_UW_HIST_SHIP_SUMMARY" TOINSTANCETYPE ="Filter"/>
        <CONNECTOR FROMFIELD ="FUTURE_FISCAL_PERIOD" FROMINSTANCE ="EXP_UW_HIST_SHIP_SUMMARY" FROMINSTANCETYPE ="Expression" TOFIELD ="FUTURE_FISCAL_PERIOD" TOINSTANCE ="FL_UW_HIST_SHIP_SUMMARY" TOINSTANCETYPE ="Filter"/>
        <CONNECTOR FROMFIELD ="LOAD_DATE" FROMINSTANCE ="EXP_UW_HIST_SHIP_SUMMARY" FROMINSTANCETYPE ="Expression" TOFIELD ="LOAD_DATE" TOINSTANCE ="FL_UW_HIST_SHIP_SUMMARY" TOINSTANCETYPE ="Filter"/>
        <CONNECTOR FROMFIELD ="DATASOURCE" FROMINSTANCE ="EXP_UW_HIST_SHIP_SUMMARY" FROMINSTANCETYPE ="Expression" TOFIELD ="DATASOURCE" TOINSTANCE ="FL_UW_HIST_SHIP_SUMMARY" TOINSTANCETYPE ="Filter"/>
        <CONNECTOR FROMFIELD ="FLAG" FROMINSTANCE ="EXP_UW_HIST_SHIP_SUMMARY" FROMINSTANCETYPE ="Expression" TOFIELD ="FLAG" TOINSTANCE ="FL_UW_HIST_SHIP_SUMMARY" TOINSTANCETYPE ="Filter"/>
        <CONNECTOR FROMFIELD ="QTY_SHIPPD" FROMINSTANCE ="EXP_UW_HIST_SHIP_SUMMARY" FROMINSTANCETYPE ="Expression" TOFIELD ="QTY_SHIPPD" TOINSTANCE ="FL_UW_HIST_SHIP_SUMMARY" TOINSTANCETYPE ="Filter"/>
        <CONNECTOR FROMFIELD ="UNITS" FROMINSTANCE ="EXP_UW_HIST_SHIP_SUMMARY" FROMINSTANCETYPE ="Expression" TOFIELD ="UNITS" TOINSTANCE ="FL_UW_HIST_SHIP_SUMMARY" TOINSTANCETYPE ="Filter"/>
        <CONNECTOR FROMFIELD ="HIST_MONTH_BEGIN_DATE" FROMINSTANCE ="EXP_UW_HIST_SHIP_SUMMARY" FROMINSTANCETYPE ="Expression" TOFIELD ="HIST_MONTH_BEGIN_DATE" TOINSTANCE ="FL_UW_HIST_SHIP_SUMMARY" TOINSTANCETYPE ="Filter"/>
        <CONNECTOR FROMFIELD ="LEGACY_SOURCE" FROMINSTANCE ="FL_UW_HIST_SHIP_SUMMARY" FROMINSTANCETYPE ="Filter" TOFIELD ="LEGACY_SOURCE" TOINSTANCE ="AGG_UW_HIST_SHIP_SUMMARY" TOINSTANCETYPE ="Aggregator"/>
        <CONNECTOR FROMFIELD ="ITEM_CODE" FROMINSTANCE ="FL_UW_HIST_SHIP_SUMMARY" FROMINSTANCETYPE ="Filter" TOFIELD ="ITEM_CODE" TOINSTANCE ="AGG_UW_HIST_SHIP_SUMMARY" TOINSTANCETYPE ="Aggregator"/>
        <CONNECTOR FROMFIELD ="HIST_MONTH_BEGIN_DATE" FROMINSTANCE ="FL_UW_HIST_SHIP_SUMMARY" FROMINSTANCETYPE ="Filter" TOFIELD ="HIST_MONTH_BEGIN_DATE" TOINSTANCE ="AGG_UW_HIST_SHIP_SUMMARY" TOINSTANCETYPE ="Aggregator"/>
        <CONNECTOR FROMFIELD ="HIST_FISCAL_PERIOD" FROMINSTANCE ="FL_UW_HIST_SHIP_SUMMARY" FROMINSTANCETYPE ="Filter" TOFIELD ="HIST_FISCAL_PERIOD" TOINSTANCE ="AGG_UW_HIST_SHIP_SUMMARY" TOINSTANCETYPE ="Aggregator"/>
        <CONNECTOR FROMFIELD ="FUTURE_FISCAL_PERIOD" FROMINSTANCE ="FL_UW_HIST_SHIP_SUMMARY" FROMINSTANCETYPE ="Filter" TOFIELD ="FUTURE_FISCAL_PERIOD" TOINSTANCE ="AGG_UW_HIST_SHIP_SUMMARY" TOINSTANCETYPE ="Aggregator"/>
        <CONNECTOR FROMFIELD ="LOAD_DATE" FROMINSTANCE ="FL_UW_HIST_SHIP_SUMMARY" FROMINSTANCETYPE ="Filter" TOFIELD ="LOAD_DATE" TOINSTANCE ="AGG_UW_HIST_SHIP_SUMMARY" TOINSTANCETYPE ="Aggregator"/>
        <CONNECTOR FROMFIELD ="DATASOURCE" FROMINSTANCE ="FL_UW_HIST_SHIP_SUMMARY" FROMINSTANCETYPE ="Filter" TOFIELD ="DATASOURCE" TOINSTANCE ="AGG_UW_HIST_SHIP_SUMMARY" TOINSTANCETYPE ="Aggregator"/>
        <CONNECTOR FROMFIELD ="UNITS" FROMINSTANCE ="FL_UW_HIST_SHIP_SUMMARY" FROMINSTANCETYPE ="Filter" TOFIELD ="UNITS" TOINSTANCE ="AGG_UW_HIST_SHIP_SUMMARY" TOINSTANCETYPE ="Aggregator"/>
        <CONNECTOR FROMFIELD ="QTY_SHIPPD" FROMINSTANCE ="FL_UW_HIST_SHIP_SUMMARY" FROMINSTANCETYPE ="Filter" TOFIELD ="QTY_SHIPPD" TOINSTANCE ="AGG_UW_HIST_SHIP_SUMMARY" TOINSTANCETYPE ="Aggregator"/>
        <CONNECTOR FROMFIELD ="LEGACY_SOURCE" FROMINSTANCE ="AGG_UW_HIST_SHIP_SUMMARY" FROMINSTANCETYPE ="Aggregator" TOFIELD ="LEGACY_SOURCE" TOINSTANCE ="FL_UW_HIST_SHIP_SUM" TOINSTANCETYPE ="Filter"/>
        <CONNECTOR FROMFIELD ="ITEM_CODE" FROMINSTANCE ="AGG_UW_HIST_SHIP_SUMMARY" FROMINSTANCETYPE ="Aggregator" TOFIELD ="ITEM_CODE" TOINSTANCE ="FL_UW_HIST_SHIP_SUM" TOINSTANCETYPE ="Filter"/>
        <CONNECTOR FROMFIELD ="HIST_MONTH_BEGIN_DATE" FROMINSTANCE ="AGG_UW_HIST_SHIP_SUMMARY" FROMINSTANCETYPE ="Aggregator" TOFIELD ="HIST_MONTH_BEGIN_DATE" TOINSTANCE ="FL_UW_HIST_SHIP_SUM" TOINSTANCETYPE ="Filter"/>
        <CONNECTOR FROMFIELD ="HIST_FISCAL_PERIOD" FROMINSTANCE ="AGG_UW_HIST_SHIP_SUMMARY" FROMINSTANCETYPE ="Aggregator" TOFIELD ="HIST_FISCAL_PERIOD" TOINSTANCE ="FL_UW_HIST_SHIP_SUM" TOINSTANCETYPE ="Filter"/>
        <CONNECTOR FROMFIELD ="FUTURE_FISCAL_PERIOD" FROMINSTANCE ="AGG_UW_HIST_SHIP_SUMMARY" FROMINSTANCETYPE ="Aggregator" TOFIELD ="FUTURE_FISCAL_PERIOD" TOINSTANCE ="FL_UW_HIST_SHIP_SUM" TOINSTANCETYPE ="Filter"/>
        <CONNECTOR FROMFIELD ="QUANTITY_SHIPPED" FROMINSTANCE ="AGG_UW_HIST_SHIP_SUMMARY" FROMINSTANCETYPE ="Aggregator" TOFIELD ="QUANTITY_SHIPPED" TOINSTANCE ="FL_UW_HIST_SHIP_SUM" TOINSTANCETYPE ="Filter"/>
        <CONNECTOR FROMFIELD ="LOAD_DATE" FROMINSTANCE ="AGG_UW_HIST_SHIP_SUMMARY" FROMINSTANCETYPE ="Aggregator" TOFIELD ="LOAD_DATE" TOINSTANCE ="FL_UW_HIST_SHIP_SUM" TOINSTANCETYPE ="Filter"/>
        <CONNECTOR FROMFIELD ="DATASOURCE" FROMINSTANCE ="AGG_UW_HIST_SHIP_SUMMARY" FROMINSTANCETYPE ="Aggregator" TOFIELD ="DATASOURCE" TOINSTANCE ="FL_UW_HIST_SHIP_SUM" TOINSTANCETYPE ="Filter"/>
        <CONNECTOR FROMFIELD ="LEGACY_SOURCE" FROMINSTANCE ="FL_UW_HIST_SHIP_SUM" FROMINSTANCETYPE ="Filter" TOFIELD ="LEGACY_SOURCE" TOINSTANCE ="UPD_HIST_SHIP_SUMMARY" TOINSTANCETYPE ="Update Strategy"/>
        <CONNECTOR FROMFIELD ="ITEM_CODE" FROMINSTANCE ="FL_UW_HIST_SHIP_SUM" FROMINSTANCETYPE ="Filter" TOFIELD ="ITEM_CODE" TOINSTANCE ="UPD_HIST_SHIP_SUMMARY" TOINSTANCETYPE ="Update Strategy"/>
        <CONNECTOR FROMFIELD ="HIST_MONTH_BEGIN_DATE" FROMINSTANCE ="FL_UW_HIST_SHIP_SUM" FROMINSTANCETYPE ="Filter" TOFIELD ="HIST_MONTH_BEGIN_DATE" TOINSTANCE ="UPD_HIST_SHIP_SUMMARY" TOINSTANCETYPE ="Update Strategy"/>
        <CONNECTOR FROMFIELD ="HIST_FISCAL_PERIOD" FROMINSTANCE ="FL_UW_HIST_SHIP_SUM" FROMINSTANCETYPE ="Filter" TOFIELD ="HIST_FISCAL_PERIOD" TOINSTANCE ="UPD_HIST_SHIP_SUMMARY" TOINSTANCETYPE ="Update Strategy"/>
        <CONNECTOR FROMFIELD ="FUTURE_FISCAL_PERIOD" FROMINSTANCE ="FL_UW_HIST_SHIP_SUM" FROMINSTANCETYPE ="Filter" TOFIELD ="FUTURE_FISCAL_PERIOD" TOINSTANCE ="UPD_HIST_SHIP_SUMMARY" TOINSTANCETYPE ="Update Strategy"/>
        <CONNECTOR FROMFIELD ="QUANTITY_SHIPPED" FROMINSTANCE ="FL_UW_HIST_SHIP_SUM" FROMINSTANCETYPE ="Filter" TOFIELD ="O_QUANTITY_SHIPPED" TOINSTANCE ="UPD_HIST_SHIP_SUMMARY" TOINSTANCETYPE ="Update Strategy"/>
        <CONNECTOR FROMFIELD ="LOAD_DATE" FROMINSTANCE ="FL_UW_HIST_SHIP_SUM" FROMINSTANCETYPE ="Filter" TOFIELD ="LOAD_DATE" TOINSTANCE ="UPD_HIST_SHIP_SUMMARY" TOINSTANCETYPE ="Update Strategy"/>
        <CONNECTOR FROMFIELD ="DATASOURCE" FROMINSTANCE ="FL_UW_HIST_SHIP_SUM" FROMINSTANCETYPE ="Filter" TOFIELD ="DATASOURCE" TOINSTANCE ="UPD_HIST_SHIP_SUMMARY" TOINSTANCETYPE ="Update Strategy"/>
        <TARGETLOADORDER ORDER ="1" TARGETINSTANCE ="HISTORICAL_SHIPMENTS_SUMMARY"/>
        <ERPINFO/>
        <METADATAEXTENSION DATATYPE ="STRING" DESCRIPTION ="Conversion Mapping Name with version " DOMAINNAME ="User Defined Metadata Domain" ISCLIENTEDITABLE ="YES" ISCLIENTVISIBLE ="YES" ISREUSABLE ="NO" ISSHAREREAD ="NO" ISSHAREWRITE ="NO" MAXLENGTH ="256" NAME ="CONV_MAP_NAME" VALUE ="" VENDORNAME ="INFORMATICA"/>
    </MAPPING>
    <CONFIG DESCRIPTION ="Default session configuration object" ISDEFAULT ="YES" NAME ="default_session_config" VERSIONNUMBER ="1">
        <ATTRIBUTE NAME ="Advanced" VALUE =""/>
        <ATTRIBUTE NAME ="Constraint based load ordering" VALUE ="NO"/>
        <ATTRIBUTE NAME ="Cache LOOKUP() function" VALUE ="YES"/>
        <ATTRIBUTE NAME ="Default buffer block size" VALUE ="Auto"/>
        <ATTRIBUTE NAME ="Line Sequential buffer length" VALUE ="1024"/>
        <ATTRIBUTE NAME ="Maximum Memory Allowed For Auto Memory Attributes" VALUE ="512MB"/>
        <ATTRIBUTE NAME ="Maximum Percentage of Total Memory Allowed For Auto Memory Attributes" VALUE ="5"/>
        <ATTRIBUTE NAME ="Additional Concurrent Pipelines for Lookup Cache Creation" VALUE ="Auto"/>
        <ATTRIBUTE NAME ="Custom Properties" VALUE =""/>
        <ATTRIBUTE NAME ="Pre-build lookup cache" VALUE ="Auto"/>
        <ATTRIBUTE NAME ="Optimization Level" VALUE ="Medium"/>
        <ATTRIBUTE NAME ="DateTime Format String" VALUE ="MM/DD/YYYY HH24:MI:SS.US"/>
        <ATTRIBUTE NAME ="Pre 85 Timestamp Compatibility" VALUE ="NO"/>
        <ATTRIBUTE NAME ="Log Options" VALUE ="0"/>
        <ATTRIBUTE NAME ="Save session log by" VALUE ="Session runs"/>
        <ATTRIBUTE NAME ="Save session log for these runs" VALUE ="9"/>
        <ATTRIBUTE NAME ="Session Log File Max Size" VALUE ="0"/>
        <ATTRIBUTE NAME ="Session Log File Max Time Period" VALUE ="0"/>
        <ATTRIBUTE NAME ="Maximum Partial Session Log Files" VALUE ="1"/>
        <ATTRIBUTE NAME ="Writer Commit Statistics Log Frequency" VALUE ="1"/>
        <ATTRIBUTE NAME ="Writer Commit Statistics Log Interval" VALUE ="0"/>
        <ATTRIBUTE NAME ="Error handling" VALUE =""/>
        <ATTRIBUTE NAME ="Stop on errors" VALUE ="1"/>
        <ATTRIBUTE NAME ="Override tracing" VALUE ="None"/>
        <ATTRIBUTE NAME ="On Stored Procedure error" VALUE ="Stop"/>
        <ATTRIBUTE NAME ="On Pre-session command task error" VALUE ="Stop"/>
        <ATTRIBUTE NAME ="On Pre-Post SQL error" VALUE ="Stop"/>
        <ATTRIBUTE NAME ="Enable Recovery" VALUE ="NO"/>
        <ATTRIBUTE NAME ="Error Log Type" VALUE ="None"/>
        <ATTRIBUTE NAME ="Error Log Table Name Prefix" VALUE =""/>
        <ATTRIBUTE NAME ="Error Log File Name" VALUE ="PMError.log"/>
        <ATTRIBUTE NAME ="Log Source Row Data" VALUE ="NO"/>
        <ATTRIBUTE NAME ="Data Column Delimiter" VALUE ="|"/>
        <ATTRIBUTE NAME ="Partitioning Options" VALUE =""/>
        <ATTRIBUTE NAME ="Dynamic Partitioning" VALUE ="Disabled"/>
        <ATTRIBUTE NAME ="Number of Partitions" VALUE ="1"/>
        <ATTRIBUTE NAME ="Multiplication Factor" VALUE ="Auto"/>
        <ATTRIBUTE NAME ="Session on Grid" VALUE =""/>
        <ATTRIBUTE NAME ="Is Enabled" VALUE ="NO"/>
    </CONFIG>
    <SESSION DESCRIPTION ="Loads data into the target table:HISTORICAL_SHIPMENTS_SUMMARY" ISVALID ="YES" MAPPINGNAME ="m_UW_HIST_SHIP_CANCELS" NAME ="s_m_UW_HIST_SHIP_CANCELS" REUSABLE ="YES" SORTORDER ="Binary" VERSIONNUMBER ="1">
        <SESSTRANSFORMATIONINST ISREPARTITIONPOINT ="YES" PARTITIONTYPE ="PASS THROUGH" PIPELINE ="1" SINSTANCENAME ="HISTORICAL_SHIPMENTS_SUMMARY" STAGE ="1" TRANSFORMATIONNAME ="HISTORICAL_SHIPMENTS_SUMMARY" TRANSFORMATIONTYPE ="Target Definition"/>
        <SESSTRANSFORMATIONINST ISREPARTITIONPOINT ="YES" PARTITIONTYPE ="PASS THROUGH" PIPELINE ="1" SINSTANCENAME ="SQ_SLM_GROSS_MARGIN" STAGE ="2" TRANSFORMATIONNAME ="SQ_SLM_GROSS_MARGIN" TRANSFORMATIONTYPE ="Source Qualifier"/>
        <SESSTRANSFORMATIONINST ISREPARTITIONPOINT ="NO" PIPELINE ="1" SINSTANCENAME ="EXP_UW_HIST_SHIP_SUMMARY" STAGE ="2" TRANSFORMATIONNAME ="EXP_UW_HIST_SHIP_SUMMARY" TRANSFORMATIONTYPE ="Expression">
            <PARTITION DESCRIPTION ="" NAME ="Partition #1"/>
        </SESSTRANSFORMATIONINST>
        <SESSTRANSFORMATIONINST ISREPARTITIONPOINT ="NO" PIPELINE ="0" SINSTANCENAME ="LKP_FISCAL_MNTH_CAL_MNTH" STAGE ="0" TRANSFORMATIONNAME ="LKP_FISCAL_MNTH_CAL_MNTH" TRANSFORMATIONTYPE ="Lookup Procedure">
            <ATTRIBUTE NAME ="Connection Information" VALUE ="Relational:Demand_Prioritization"/>
        </SESSTRANSFORMATIONINST>
        <SESSTRANSFORMATIONINST ISREPARTITIONPOINT ="NO" PIPELINE ="1" SINSTANCENAME ="FL_UW_HIST_SHIP_SUMMARY" STAGE ="2" TRANSFORMATIONNAME ="FL_UW_HIST_SHIP_SUMMARY" TRANSFORMATIONTYPE ="Filter">
            <PARTITION DESCRIPTION ="" NAME ="Partition #1"/>
        </SESSTRANSFORMATIONINST>
        <SESSTRANSFORMATIONINST ISREPARTITIONPOINT ="YES" PARTITIONTYPE ="HASH AUTO KEYS" PIPELINE ="1" SINSTANCENAME ="AGG_UW_HIST_SHIP_SUMMARY" STAGE ="3" TRANSFORMATIONNAME ="AGG_UW_HIST_SHIP_SUMMARY" TRANSFORMATIONTYPE ="Aggregator">
            <PARTITION DESCRIPTION ="" NAME ="Partition #1"/>
        </SESSTRANSFORMATIONINST>
        <SESSTRANSFORMATIONINST ISREPARTITIONPOINT ="NO" PIPELINE ="0" SINSTANCENAME ="LKP_FIS_YEAR_PRD" STAGE ="0" TRANSFORMATIONNAME ="LKP_FIS_YEAR_PRD" TRANSFORMATIONTYPE ="Lookup Procedure">
            <ATTRIBUTE NAME ="Connection Information" VALUE ="Relational:Demand_Prioritization"/>
        </SESSTRANSFORMATIONINST>
        <SESSTRANSFORMATIONINST ISREPARTITIONPOINT ="NO" PIPELINE ="0" SINSTANCENAME ="LKP_HIST_SHIP_SUMMARY" STAGE ="0" TRANSFORMATIONNAME ="LKP_HIST_SHIP_SUMMARY" TRANSFORMATIONTYPE ="Lookup Procedure">
            <ATTRIBUTE NAME ="Connection Information" VALUE ="Relational:Demand_Prioritization_Stage"/>
        </SESSTRANSFORMATIONINST>
        <SESSTRANSFORMATIONINST ISREPARTITIONPOINT ="NO" PIPELINE ="1" SINSTANCENAME ="UPD_HIST_SHIP_SUMMARY" STAGE ="3" TRANSFORMATIONNAME ="UPD_HIST_SHIP_SUMMARY" TRANSFORMATIONTYPE ="Update Strategy">
            <PARTITION DESCRIPTION ="" NAME ="Partition #1"/>
        </SESSTRANSFORMATIONINST>
        <SESSTRANSFORMATIONINST ISREPARTITIONPOINT ="NO" PIPELINE ="0" SINSTANCENAME ="SLM_GROSS_MARGIN" STAGE ="0" TRANSFORMATIONNAME ="SLM_GROSS_MARGIN" TRANSFORMATIONTYPE ="Source Definition"/>
        <SESSTRANSFORMATIONINST ISREPARTITIONPOINT ="NO" PIPELINE ="1" SINSTANCENAME ="FL_UW_HIST_SHIP_SUM" STAGE ="3" TRANSFORMATIONNAME ="FL_UW_HIST_SHIP_SUM" TRANSFORMATIONTYPE ="Filter">
            <PARTITION DESCRIPTION ="" NAME ="Partition #1"/>
        </SESSTRANSFORMATIONINST>
        <CONFIGREFERENCE REFOBJECTNAME ="default_session_config" TYPE ="Session config">
            <ATTRIBUTE NAME ="Save session log for these runs" VALUE ="9"/>
            <ATTRIBUTE NAME ="Stop on errors" VALUE ="1"/>
        </CONFIGREFERENCE>
        <SESSIONEXTENSION NAME ="Relational Writer" SINSTANCENAME ="HISTORICAL_SHIPMENTS_SUMMARY" SUBTYPE ="Relational Writer" TRANSFORMATIONTYPE ="Target Definition" TYPE ="WRITER">
            <CONNECTIONREFERENCE CNXREFNAME ="DB Connection" CONNECTIONNAME ="Demand_Prioritization_Stage" CONNECTIONNUMBER ="1" CONNECTIONSUBTYPE ="Microsoft SQL Server" CONNECTIONTYPE ="Relational" VARIABLE =""/>
            <ATTRIBUTE NAME ="Target load type" VALUE ="Normal"/>
            <ATTRIBUTE NAME ="Insert" VALUE ="YES"/>
            <ATTRIBUTE NAME ="Update as Update" VALUE ="NO"/>
            <ATTRIBUTE NAME ="Update as Insert" VALUE ="NO"/>
            <ATTRIBUTE NAME ="Update else Insert" VALUE ="YES"/>
            <ATTRIBUTE NAME ="Delete" VALUE ="NO"/>
            <ATTRIBUTE NAME ="Truncate target table option" VALUE ="NO"/>
            <ATTRIBUTE NAME ="Reject file directory" VALUE ="$PMBadFileDir&#x5c;DPR_LITE&#x5c;BAD&#x5c;"/>
            <ATTRIBUTE NAME ="Reject filename" VALUE ="s_m_UW_SHIP_CANCELS_shipmnt.bad"/>
        </SESSIONEXTENSION>
        <SESSIONEXTENSION NAME ="Relational Reader" SINSTANCENAME ="SQ_SLM_GROSS_MARGIN" SUBTYPE ="Relational Reader" TRANSFORMATIONTYPE ="Source Qualifier" TYPE ="READER">
            <CONNECTIONREFERENCE CNXREFNAME ="DB Connection" CONNECTIONNAME ="SLBADW" CONNECTIONNUMBER ="1" CONNECTIONSUBTYPE ="Oracle" CONNECTIONTYPE ="Relational" VARIABLE =""/>
        </SESSIONEXTENSION>
        <SESSIONEXTENSION NAME ="Relational Lookup" SINSTANCENAME ="LKP_FISCAL_MNTH_CAL_MNTH" SUBTYPE ="Relational Lookup" TRANSFORMATIONTYPE ="Lookup Procedure" TYPE ="LOOKUPEXTENSION">
            <CONNECTIONREFERENCE CNXREFNAME ="DB Connection" CONNECTIONNAME ="Demand_Prioritization" CONNECTIONNUMBER ="1" CONNECTIONSUBTYPE ="Microsoft SQL Server" CONNECTIONTYPE ="Relational" VARIABLE =""/>
        </SESSIONEXTENSION>
        <SESSIONEXTENSION NAME ="Relational Lookup" SINSTANCENAME ="LKP_FIS_YEAR_PRD" SUBTYPE ="Relational Lookup" TRANSFORMATIONTYPE ="Lookup Procedure" TYPE ="LOOKUPEXTENSION">
            <CONNECTIONREFERENCE CNXREFNAME ="DB Connection" CONNECTIONNAME ="Demand_Prioritization" CONNECTIONNUMBER ="1" CONNECTIONSUBTYPE ="Microsoft SQL Server" CONNECTIONTYPE ="Relational" VARIABLE =""/>
        </SESSIONEXTENSION>
        <SESSIONEXTENSION NAME ="Relational Lookup" SINSTANCENAME ="LKP_HIST_SHIP_SUMMARY" SUBTYPE ="Relational Lookup" TRANSFORMATIONTYPE ="Lookup Procedure" TYPE ="LOOKUPEXTENSION">
            <CONNECTIONREFERENCE CNXREFNAME ="DB Connection" CONNECTIONNAME ="Demand_Prioritization_Stage" CONNECTIONNUMBER ="1" CONNECTIONSUBTYPE ="Microsoft SQL Server" CONNECTIONTYPE ="Relational" VARIABLE =""/>
        </SESSIONEXTENSION>
        <SESSIONEXTENSION DSQINSTNAME ="SQ_SLM_GROSS_MARGIN" DSQINSTTYPE ="Source Qualifier" NAME ="Relational Reader" SINSTANCENAME ="SLM_GROSS_MARGIN" SUBTYPE ="Relational Reader" TRANSFORMATIONTYPE ="Source Definition" TYPE ="READER"/>
        <ATTRIBUTE NAME ="General Options" VALUE =""/>
        <ATTRIBUTE NAME ="Write Backward Compatible Session Log File" VALUE ="YES"/>
        <ATTRIBUTE NAME ="Session Log File Name" VALUE ="s_m_UW_HIST_SHIP_CANCELS.log"/>
        <ATTRIBUTE NAME ="Session Log File directory" VALUE ="$PMSessionLogDir&#x5c;DPR_LITE&#x5c;LOG&#x5c;"/>
        <ATTRIBUTE NAME ="Parameter Filename" VALUE =""/>
        <ATTRIBUTE NAME ="Enable Test Load" VALUE ="NO"/>
        <ATTRIBUTE NAME ="$Source connection value" VALUE ="Relational:SLBADW"/>
        <ATTRIBUTE NAME ="$Target connection value" VALUE ="Relational:Demand_Prioritization_Stage"/>
        <ATTRIBUTE NAME ="Treat source rows as" VALUE ="Data driven"/>
        <ATTRIBUTE NAME ="Commit Type" VALUE ="Target"/>
        <ATTRIBUTE NAME ="Commit Interval" VALUE ="2000000"/>
        <ATTRIBUTE NAME ="Commit On End Of File" VALUE ="YES"/>
        <ATTRIBUTE NAME ="Rollback Transactions on Errors" VALUE ="NO"/>
        <ATTRIBUTE NAME ="Recovery Strategy" VALUE ="Restart task"/>
        <ATTRIBUTE NAME ="Java Classpath" VALUE =""/>
        <ATTRIBUTE NAME ="Performance" VALUE =""/>
        <ATTRIBUTE NAME ="DTM buffer size" VALUE ="Auto"/>
        <ATTRIBUTE NAME ="Collect performance data" VALUE ="NO"/>
        <ATTRIBUTE NAME ="Write performance data to repository" VALUE ="NO"/>
        <ATTRIBUTE NAME ="Incremental Aggregation" VALUE ="NO"/>
        <ATTRIBUTE NAME ="Enable high precision" VALUE ="NO"/>
        <ATTRIBUTE NAME ="Session retry on deadlock" VALUE ="NO"/>
        <ATTRIBUTE NAME ="Pushdown Optimization" VALUE ="None"/>
        <ATTRIBUTE NAME ="Allow Temporary View for Pushdown" VALUE ="NO"/>
        <ATTRIBUTE NAME ="Allow Temporary Sequence for Pushdown" VALUE ="NO"/>
        <ATTRIBUTE NAME ="Allow Pushdown for User Incompatible Connections" VALUE ="NO"/>
        <METADATAEXTENSION DATATYPE ="STRING" DESCRIPTION ="Conversion Mapping  Name with version " DOMAINNAME ="User Defined Metadata Domain" ISCLIENTEDITABLE ="YES" ISCLIENTVISIBLE ="YES" ISREUSABLE ="NO" ISSHAREREAD ="NO" ISSHAREWRITE ="NO" MAXLENGTH ="256" NAME ="CONV_MAP_NAME" VALUE ="" VENDORNAME ="INFORMATICA"/>
    </SESSION>
    <WORKFLOW DESCRIPTION ="Loads data into the target table:HISTORICAL_SHIPMENTS_SUMMARY" ISENABLED ="YES" ISRUNNABLESERVICE ="NO" ISSERVICE ="NO" ISVALID ="YES" NAME ="wf_s_m_UW_HIST_SHIP_CANCELS" REUSABLE_SCHEDULER ="NO" SCHEDULERNAME ="Scheduler" SERVERNAME ="Domain10_PRD_Int_Svc" SERVER_DOMAINNAME ="Domain10_PRD" SUSPEND_ON_ERROR ="NO" TASKS_MUST_RUN_ON_SERVER ="NO" VERSIONNUMBER ="1">
        <SCHEDULER DESCRIPTION ="" NAME ="Scheduler" REUSABLE ="NO" VERSIONNUMBER ="1">
            <SCHEDULEINFO SCHEDULETYPE ="ONDEMAND"/>
        </SCHEDULER>
        <TASK DESCRIPTION ="" NAME ="Start" REUSABLE ="NO" TYPE ="Start" VERSIONNUMBER ="1"/>
        <TASKINSTANCE DESCRIPTION ="" ISENABLED ="YES" NAME ="Start" REUSABLE ="NO" TASKNAME ="Start" TASKTYPE ="Start"/>
        <TASKINSTANCE DESCRIPTION ="" FAIL_PARENT_IF_INSTANCE_DID_NOT_RUN ="YES" FAIL_PARENT_IF_INSTANCE_FAILS ="YES" ISENABLED ="YES" NAME ="s_m_UW_HIST_SHIP_CANCELS" REUSABLE ="YES" TASKNAME ="s_m_UW_HIST_SHIP_CANCELS" TASKTYPE ="Session" TREAT_INPUTLINK_AS_AND ="NO">
            <ATTRIBUTE NAME ="Session Log File Name" VALUE ="s_m_UW_HIST_SHIP_CANCELS_PRD.log"/>
        </TASKINSTANCE>
        <WORKFLOWLINK CONDITION ="" FROMTASK ="Start" TOTASK ="s_m_UW_HIST_SHIP_CANCELS"/>
        <WORKFLOWVARIABLE DATATYPE ="date/time" DEFAULTVALUE ="" DESCRIPTION ="The time this task started" ISNULL ="NO" ISPERSISTENT ="NO" NAME ="$Start.StartTime" USERDEFINED ="NO"/>
        <WORKFLOWVARIABLE DATATYPE ="date/time" DEFAULTVALUE ="" DESCRIPTION ="The time this task completed" ISNULL ="NO" ISPERSISTENT ="NO" NAME ="$Start.EndTime" USERDEFINED ="NO"/>
        <WORKFLOWVARIABLE DATATYPE ="integer" DEFAULTVALUE ="" DESCRIPTION ="Status of this task&apos;s execution" ISNULL ="NO" ISPERSISTENT ="NO" NAME ="$Start.Status" USERDEFINED ="NO"/>
        <WORKFLOWVARIABLE DATATYPE ="integer" DEFAULTVALUE ="" DESCRIPTION ="Status of the previous task that is not disabled" ISNULL ="NO" ISPERSISTENT ="NO" NAME ="$Start.PrevTaskStatus" USERDEFINED ="NO"/>
        <WORKFLOWVARIABLE DATATYPE ="integer" DEFAULTVALUE ="" DESCRIPTION ="Error code for this task&apos;s execution" ISNULL ="NO" ISPERSISTENT ="NO" NAME ="$Start.ErrorCode" USERDEFINED ="NO"/>
        <WORKFLOWVARIABLE DATATYPE ="string" DEFAULTVALUE ="" DESCRIPTION ="Error message for this task&apos;s execution" ISNULL ="NO" ISPERSISTENT ="NO" NAME ="$Start.ErrorMsg" USERDEFINED ="NO"/>
        <WORKFLOWVARIABLE DATATYPE ="date/time" DEFAULTVALUE ="" DESCRIPTION ="The time this task started" ISNULL ="NO" ISPERSISTENT ="NO" NAME ="$s_m_UW_HIST_SHIP_CANCELS.StartTime" USERDEFINED ="NO"/>
        <WORKFLOWVARIABLE DATATYPE ="date/time" DEFAULTVALUE ="" DESCRIPTION ="The time this task completed" ISNULL ="NO" ISPERSISTENT ="NO" NAME ="$s_m_UW_HIST_SHIP_CANCELS.EndTime" USERDEFINED ="NO"/>
        <WORKFLOWVARIABLE DATATYPE ="integer" DEFAULTVALUE ="" DESCRIPTION ="Status of this task&apos;s execution" ISNULL ="NO" ISPERSISTENT ="NO" NAME ="$s_m_UW_HIST_SHIP_CANCELS.Status" USERDEFINED ="NO"/>
        <WORKFLOWVARIABLE DATATYPE ="integer" DEFAULTVALUE ="" DESCRIPTION ="Status of the previous task that is not disabled" ISNULL ="NO" ISPERSISTENT ="NO" NAME ="$s_m_UW_HIST_SHIP_CANCELS.PrevTaskStatus" USERDEFINED ="NO"/>
        <WORKFLOWVARIABLE DATATYPE ="integer" DEFAULTVALUE ="" DESCRIPTION ="Error code for this task&apos;s execution" ISNULL ="NO" ISPERSISTENT ="NO" NAME ="$s_m_UW_HIST_SHIP_CANCELS.ErrorCode" USERDEFINED ="NO"/>
        <WORKFLOWVARIABLE DATATYPE ="string" DEFAULTVALUE ="" DESCRIPTION ="Error message for this task&apos;s execution" ISNULL ="NO" ISPERSISTENT ="NO" NAME ="$s_m_UW_HIST_SHIP_CANCELS.ErrorMsg" USERDEFINED ="NO"/>
        <WORKFLOWVARIABLE DATATYPE ="integer" DEFAULTVALUE ="" DESCRIPTION ="Rows successfully read" ISNULL ="NO" ISPERSISTENT ="NO" NAME ="$s_m_UW_HIST_SHIP_CANCELS.SrcSuccessRows" USERDEFINED ="NO"/>
        <WORKFLOWVARIABLE DATATYPE ="integer" DEFAULTVALUE ="" DESCRIPTION ="Rows failed to read" ISNULL ="NO" ISPERSISTENT ="NO" NAME ="$s_m_UW_HIST_SHIP_CANCELS.SrcFailedRows" USERDEFINED ="NO"/>
        <WORKFLOWVARIABLE DATATYPE ="integer" DEFAULTVALUE ="" DESCRIPTION ="Rows successfully loaded" ISNULL ="NO" ISPERSISTENT ="NO" NAME ="$s_m_UW_HIST_SHIP_CANCELS.TgtSuccessRows" USERDEFINED ="NO"/>
        <WORKFLOWVARIABLE DATATYPE ="integer" DEFAULTVALUE ="" DESCRIPTION ="Rows failed to load" ISNULL ="NO" ISPERSISTENT ="NO" NAME ="$s_m_UW_HIST_SHIP_CANCELS.TgtFailedRows" USERDEFINED ="NO"/>
        <WORKFLOWVARIABLE DATATYPE ="integer" DEFAULTVALUE ="" DESCRIPTION ="Total number of transformation errors" ISNULL ="NO" ISPERSISTENT ="NO" NAME ="$s_m_UW_HIST_SHIP_CANCELS.TotalTransErrors" USERDEFINED ="NO"/>
        <WORKFLOWVARIABLE DATATYPE ="integer" DEFAULTVALUE ="" DESCRIPTION ="First error code" ISNULL ="NO" ISPERSISTENT ="NO" NAME ="$s_m_UW_HIST_SHIP_CANCELS.FirstErrorCode" USERDEFINED ="NO"/>
        <WORKFLOWVARIABLE DATATYPE ="string" DEFAULTVALUE ="" DESCRIPTION ="First error message" ISNULL ="NO" ISPERSISTENT ="NO" NAME ="$s_m_UW_HIST_SHIP_CANCELS.FirstErrorMsg" USERDEFINED ="NO"/>
        <ATTRIBUTE NAME ="Parameter Filename" VALUE =""/>
        <ATTRIBUTE NAME ="Write Backward Compatible Workflow Log File" VALUE ="YES"/>
        <ATTRIBUTE NAME ="Workflow Log File Name" VALUE ="wf_s_m_UW_HIST_SHIP_CANCELS.log"/>
        <ATTRIBUTE NAME ="Workflow Log File Directory" VALUE ="$PMWorkflowLogDir&#x5c;DPR_LITE&#x5c;LOG&#x5c;"/>
        <ATTRIBUTE NAME ="Save Workflow log by" VALUE ="By runs"/>
        <ATTRIBUTE NAME ="Save workflow log for these runs" VALUE ="9"/>
        <ATTRIBUTE NAME ="Service Name" VALUE =""/>
        <ATTRIBUTE NAME ="Service Timeout" VALUE ="0"/>
        <ATTRIBUTE NAME ="Is Service Visible" VALUE ="NO"/>
        <ATTRIBUTE NAME ="Is Service Protected" VALUE ="NO"/>
        <ATTRIBUTE NAME ="Fail task after wait time" VALUE ="0"/>
        <ATTRIBUTE NAME ="Enable HA recovery" VALUE ="NO"/>
        <ATTRIBUTE NAME ="Automatically recover terminated tasks" VALUE ="NO"/>
        <ATTRIBUTE NAME ="Service Level Name" VALUE ="Default"/>
        <ATTRIBUTE NAME ="Allow concurrent run with unique run instance name" VALUE ="NO"/>
        <ATTRIBUTE NAME ="Allow concurrent run with same run instance name" VALUE ="NO"/>
        <ATTRIBUTE NAME ="Maximum number of concurrent runs" VALUE ="0"/>
        <ATTRIBUTE NAME ="Assigned Web Services Hubs" VALUE =""/>
        <ATTRIBUTE NAME ="Maximum number of concurrent runs per Hub" VALUE ="1000"/>
        <ATTRIBUTE NAME ="Expected Service Time" VALUE ="1"/>
        <METADATAEXTENSION DATATYPE ="STRING" DESCRIPTION ="Conversion Mapping Name with version " DOMAINNAME ="User Defined Metadata Domain" ISCLIENTEDITABLE ="YES" ISCLIENTVISIBLE ="YES" ISREUSABLE ="NO" ISSHAREREAD ="NO" ISSHAREWRITE ="NO" MAXLENGTH ="256" NAME ="CONV_MAP_NAME" VALUE ="" VENDORNAME ="INFORMATICA"/>
        <METADATAEXTENSION DATATYPE ="STRING" DESCRIPTION ="" DOMAINNAME ="User Defined Metadata Domain" ISCLIENTEDITABLE ="YES" ISCLIENTVISIBLE ="YES" ISREUSABLE ="NO" ISSHAREREAD ="NO" ISSHAREWRITE ="NO" MAXLENGTH ="256" NAME ="Extension" VALUE ="CM - MarginLoss - stgMarginLossExpenseToStgFactSalesNew v1.0" VENDORNAME ="INFORMATICA"/>
    </WORKFLOW>
</FOLDER>
</REPOSITORY>
</POWERMART>