<?xml version="1.0" encoding="Windows-1252"?>
<!DOCTYPE POWERMART SYSTEM "powrmart.dtd">
<POWERMART CREATION_DATE="05/20/2024 08:45:39" REPOSITORY_VERSION="187.96">
<REPOSITORY NAME="Domain10_Rep_Svc_Prd" VERSION="187" CODEPAGE="MS1252" DATABASETYPE="Microsoft SQL Server">
<FOLDER NAME="DPR_LITE" GROUP="" OWNER="Administrator" SHARED="NOTSHARED" DESCRIPTION="" PERMISSIONS="rwx---r--" UUID="4b44b41c-7d44-4fc1-bc99-a181286d85c7">
    <SOURCE BUSINESSNAME ="" DATABASETYPE ="Microsoft SQL Server" DBDNAME ="demand_prioritization_stage" DESCRIPTION ="" NAME ="ITEM" OBJECTVERSION ="1" OWNERNAME ="dbo" VERSIONNUMBER ="1">
        <SOURCEFIELD BUSINESSNAME ="" DATATYPE ="varchar" DESCRIPTION ="" FIELDNUMBER ="1" FIELDPROPERTY ="0" FIELDTYPE ="ELEMITEM" HIDDEN ="NO" KEYTYPE ="NOT A KEY" LENGTH ="0" LEVEL ="0" NAME ="LEGACY_SOURCE" NULLABLE ="NOTNULL" OCCURS ="0" OFFSET ="0" PHYSICALLENGTH ="10" PHYSICALOFFSET ="0" PICTURETEXT ="" PRECISION ="10" SCALE ="0" USAGE_FLAGS =""/>
        <SOURCEFIELD BUSINESSNAME ="" DATATYPE ="varchar" DESCRIPTION ="" FIELDNUMBER ="2" FIELDPROPERTY ="0" FIELDTYPE ="ELEMITEM" HIDDEN ="NO" KEYTYPE ="NOT A KEY" LENGTH ="0" LEVEL ="0" NAME ="ITEM_CODE" NULLABLE ="NOTNULL" OCCURS ="0" OFFSET ="0" PHYSICALLENGTH ="40" PHYSICALOFFSET ="10" PICTURETEXT ="" PRECISION ="40" SCALE ="0" USAGE_FLAGS =""/>
        <SOURCEFIELD BUSINESSNAME ="" DATATYPE ="varchar" DESCRIPTION ="" FIELDNUMBER ="3" FIELDPROPERTY ="0" FIELDTYPE ="ELEMITEM" HIDDEN ="NO" KEYTYPE ="NOT A KEY" LENGTH ="0" LEVEL ="0" NAME ="ITEM_DESCRIPTION" NULLABLE ="NOTNULL" OCCURS ="0" OFFSET ="0" PHYSICALLENGTH ="60" PHYSICALOFFSET ="50" PICTURETEXT ="" PRECISION ="60" SCALE ="0" USAGE_FLAGS =""/>
        <SOURCEFIELD BUSINESSNAME ="" DATATYPE ="varchar" DESCRIPTION ="" FIELDNUMBER ="4" FIELDPROPERTY ="0" FIELDTYPE ="ELEMITEM" HIDDEN ="NO" KEYTYPE ="NOT A KEY" LENGTH ="0" LEVEL ="0" NAME ="STYLE" NULLABLE ="NOTNULL" OCCURS ="0" OFFSET ="0" PHYSICALLENGTH ="10" PHYSICALOFFSET ="110" PICTURETEXT ="" PRECISION ="10" SCALE ="0" USAGE_FLAGS =""/>
        <SOURCEFIELD BUSINESSNAME ="" DATATYPE ="varchar" DESCRIPTION ="" FIELDNUMBER ="5" FIELDPROPERTY ="0" FIELDTYPE ="ELEMITEM" HIDDEN ="NO" KEYTYPE ="NOT A KEY" LENGTH ="0" LEVEL ="0" NAME ="COLOR" NULLABLE ="NOTNULL" OCCURS ="0" OFFSET ="0" PHYSICALLENGTH ="5" PHYSICALOFFSET ="120" PICTURETEXT ="" PRECISION ="5" SCALE ="0" USAGE_FLAGS =""/>
        <SOURCEFIELD BUSINESSNAME ="" DATATYPE ="varchar" DESCRIPTION ="" FIELDNUMBER ="6" FIELDPROPERTY ="0" FIELDTYPE ="ELEMITEM" HIDDEN ="NO" KEYTYPE ="NOT A KEY" LENGTH ="0" LEVEL ="0" NAME ="ITEM_CLASSIFICATION" NULLABLE ="NOTNULL" OCCURS ="0" OFFSET ="0" PHYSICALLENGTH ="3" PHYSICALOFFSET ="125" PICTURETEXT ="" PRECISION ="3" SCALE ="0" USAGE_FLAGS =""/>
        <SOURCEFIELD BUSINESSNAME ="" DATATYPE ="varchar" DESCRIPTION ="" FIELDNUMBER ="7" FIELDPROPERTY ="0" FIELDTYPE ="ELEMITEM" HIDDEN ="NO" KEYTYPE ="NOT A KEY" LENGTH ="0" LEVEL ="0" NAME ="ITEM_TYPE" NULLABLE ="NOTNULL" OCCURS ="0" OFFSET ="0" PHYSICALLENGTH ="3" PHYSICALOFFSET ="128" PICTURETEXT ="" PRECISION ="3" SCALE ="0" USAGE_FLAGS =""/>
        <SOURCEFIELD BUSINESSNAME ="" DATATYPE ="numeric" DESCRIPTION ="" FIELDNUMBER ="8" FIELDPROPERTY ="0" FIELDTYPE ="ELEMITEM" HIDDEN ="NO" KEYTYPE ="NOT A KEY" LENGTH ="5" LEVEL ="0" NAME ="CUMULATIVE_LEADTIME" NULLABLE ="NOTNULL" OCCURS ="0" OFFSET ="0" PHYSICALLENGTH ="3" PHYSICALOFFSET ="131" PICTURETEXT ="" PRECISION ="3" SCALE ="0" USAGE_FLAGS =""/>
        <SOURCEFIELD BUSINESSNAME ="" DATATYPE ="varchar" DESCRIPTION ="" FIELDNUMBER ="9" FIELDPROPERTY ="0" FIELDTYPE ="ELEMITEM" HIDDEN ="NO" KEYTYPE ="NOT A KEY" LENGTH ="0" LEVEL ="0" NAME ="BUSINESS_GROUPING" NULLABLE ="NOTNULL" OCCURS ="0" OFFSET ="5" PHYSICALLENGTH ="15" PHYSICALOFFSET ="134" PICTURETEXT ="" PRECISION ="15" SCALE ="0" USAGE_FLAGS =""/>
        <SOURCEFIELD BUSINESSNAME ="" DATATYPE ="varchar" DESCRIPTION ="" FIELDNUMBER ="10" FIELDPROPERTY ="0" FIELDTYPE ="ELEMITEM" HIDDEN ="NO" KEYTYPE ="NOT A KEY" LENGTH ="0" LEVEL ="0" NAME ="BUSINESS_GROUPING_DESCRIPTION" NULLABLE ="NOTNULL" OCCURS ="0" OFFSET ="5" PHYSICALLENGTH ="80" PHYSICALOFFSET ="149" PICTURETEXT ="" PRECISION ="80" SCALE ="0" USAGE_FLAGS =""/>
        <SOURCEFIELD BUSINESSNAME ="" DATATYPE ="varchar" DESCRIPTION ="" FIELDNUMBER ="11" FIELDPROPERTY ="0" FIELDTYPE ="ELEMITEM" HIDDEN ="NO" KEYTYPE ="NOT A KEY" LENGTH ="0" LEVEL ="0" NAME ="UNIT_OF_MEASURE" NULLABLE ="NOTNULL" OCCURS ="0" OFFSET ="5" PHYSICALLENGTH ="10" PHYSICALOFFSET ="229" PICTURETEXT ="" PRECISION ="10" SCALE ="0" USAGE_FLAGS =""/>
        <SOURCEFIELD BUSINESSNAME ="" DATATYPE ="numeric" DESCRIPTION ="" FIELDNUMBER ="12" FIELDPROPERTY ="0" FIELDTYPE ="ELEMITEM" HIDDEN ="NO" KEYTYPE ="NOT A KEY" LENGTH ="13" LEVEL ="0" NAME ="UNIT_COST" NULLABLE ="NOTNULL" OCCURS ="0" OFFSET ="5" PHYSICALLENGTH ="11" PHYSICALOFFSET ="239" PICTURETEXT ="" PRECISION ="11" SCALE ="6" USAGE_FLAGS =""/>
        <SOURCEFIELD BUSINESSNAME ="" DATATYPE ="numeric" DESCRIPTION ="" FIELDNUMBER ="13" FIELDPROPERTY ="0" FIELDTYPE ="ELEMITEM" HIDDEN ="NO" KEYTYPE ="NOT A KEY" LENGTH ="5" LEVEL ="0" NAME ="RECEIPT_PERIOD" NULLABLE ="NULL" OCCURS ="0" OFFSET ="18" PHYSICALLENGTH ="3" PHYSICALOFFSET ="250" PICTURETEXT ="" PRECISION ="3" SCALE ="0" USAGE_FLAGS =""/>
        <SOURCEFIELD BUSINESSNAME ="" DATATYPE ="numeric" DESCRIPTION ="" FIELDNUMBER ="14" FIELDPROPERTY ="0" FIELDTYPE ="ELEMITEM" HIDDEN ="NO" KEYTYPE ="NOT A KEY" LENGTH ="9" LEVEL ="0" NAME ="MINIMUM_ORDER_QUANTITY" NULLABLE ="NOTNULL" OCCURS ="0" OFFSET ="23" PHYSICALLENGTH ="7" PHYSICALOFFSET ="253" PICTURETEXT ="" PRECISION ="7" SCALE ="0" USAGE_FLAGS =""/>
        <SOURCEFIELD BUSINESSNAME ="" DATATYPE ="numeric" DESCRIPTION ="" FIELDNUMBER ="15" FIELDPROPERTY ="0" FIELDTYPE ="ELEMITEM" HIDDEN ="NO" KEYTYPE ="NOT A KEY" LENGTH ="9" LEVEL ="0" NAME ="ORDER_MULTIPLE_QUANTITY" NULLABLE ="NOTNULL" OCCURS ="0" OFFSET ="32" PHYSICALLENGTH ="7" PHYSICALOFFSET ="260" PICTURETEXT ="" PRECISION ="7" SCALE ="0" USAGE_FLAGS =""/>
        <SOURCEFIELD BUSINESSNAME ="" DATATYPE ="varchar" DESCRIPTION ="" FIELDNUMBER ="16" FIELDPROPERTY ="0" FIELDTYPE ="ELEMITEM" HIDDEN ="NO" KEYTYPE ="NOT A KEY" LENGTH ="0" LEVEL ="0" NAME ="PLANNER_CODE" NULLABLE ="NOTNULL" OCCURS ="0" OFFSET ="41" PHYSICALLENGTH ="15" PHYSICALOFFSET ="267" PICTURETEXT ="" PRECISION ="15" SCALE ="0" USAGE_FLAGS =""/>
        <SOURCEFIELD BUSINESSNAME ="" DATATYPE ="varchar" DESCRIPTION ="" FIELDNUMBER ="17" FIELDPROPERTY ="0" FIELDTYPE ="ELEMITEM" HIDDEN ="NO" KEYTYPE ="NOT A KEY" LENGTH ="0" LEVEL ="0" NAME ="BRAND_CODE" NULLABLE ="NOTNULL" OCCURS ="0" OFFSET ="41" PHYSICALLENGTH ="15" PHYSICALOFFSET ="282" PICTURETEXT ="" PRECISION ="15" SCALE ="0" USAGE_FLAGS =""/>
        <SOURCEFIELD BUSINESSNAME ="" DATATYPE ="varchar" DESCRIPTION ="" FIELDNUMBER ="18" FIELDPROPERTY ="0" FIELDTYPE ="ELEMITEM" HIDDEN ="NO" KEYTYPE ="NOT A KEY" LENGTH ="0" LEVEL ="0" NAME ="BRAND_DESCRIPTION" NULLABLE ="NOTNULL" OCCURS ="0" OFFSET ="41" PHYSICALLENGTH ="60" PHYSICALOFFSET ="297" PICTURETEXT ="" PRECISION ="60" SCALE ="0" USAGE_FLAGS =""/>
        <SOURCEFIELD BUSINESSNAME ="" DATATYPE ="varchar" DESCRIPTION ="" FIELDNUMBER ="19" FIELDPROPERTY ="0" FIELDTYPE ="ELEMITEM" HIDDEN ="NO" KEYTYPE ="NOT A KEY" LENGTH ="0" LEVEL ="0" NAME ="MANUFACTURING_PRODUCT_FAMILY" NULLABLE ="NOTNULL" OCCURS ="0" OFFSET ="41" PHYSICALLENGTH ="15" PHYSICALOFFSET ="357" PICTURETEXT ="" PRECISION ="15" SCALE ="0" USAGE_FLAGS =""/>
        <SOURCEFIELD BUSINESSNAME ="" DATATYPE ="varchar" DESCRIPTION ="" FIELDNUMBER ="20" FIELDPROPERTY ="0" FIELDTYPE ="ELEMITEM" HIDDEN ="NO" KEYTYPE ="NOT A KEY" LENGTH ="0" LEVEL ="0" NAME ="ABC_CODE" NULLABLE ="NOTNULL" OCCURS ="0" OFFSET ="41" PHYSICALLENGTH ="3" PHYSICALOFFSET ="372" PICTURETEXT ="" PRECISION ="3" SCALE ="0" USAGE_FLAGS =""/>
        <SOURCEFIELD BUSINESSNAME ="" DATATYPE ="numeric" DESCRIPTION ="" FIELDNUMBER ="21" FIELDPROPERTY ="0" FIELDTYPE ="ELEMITEM" HIDDEN ="NO" KEYTYPE ="NOT A KEY" LENGTH ="9" LEVEL ="0" NAME ="SERVICE_LEVEL" NULLABLE ="NULL" OCCURS ="0" OFFSET ="41" PHYSICALLENGTH ="7" PHYSICALOFFSET ="375" PICTURETEXT ="" PRECISION ="7" SCALE ="0" USAGE_FLAGS =""/>
        <SOURCEFIELD BUSINESSNAME ="" DATATYPE ="datetime" DESCRIPTION ="" FIELDNUMBER ="22" FIELDPROPERTY ="0" FIELDTYPE ="ELEMITEM" HIDDEN ="NO" KEYTYPE ="NOT A KEY" LENGTH ="19" LEVEL ="0" NAME ="LOAD_DATE" NULLABLE ="NOTNULL" OCCURS ="0" OFFSET ="50" PHYSICALLENGTH ="23" PHYSICALOFFSET ="382" PICTURETEXT ="" PRECISION ="23" SCALE ="3" USAGE_FLAGS =""/>
        <SOURCEFIELD BUSINESSNAME ="" DATATYPE ="varchar" DESCRIPTION ="" FIELDNUMBER ="23" FIELDPROPERTY ="0" FIELDTYPE ="ELEMITEM" HIDDEN ="NO" KEYTYPE ="NOT A KEY" LENGTH ="0" LEVEL ="0" NAME ="DATA_SOURCE" NULLABLE ="NOTNULL" OCCURS ="0" OFFSET ="69" PHYSICALLENGTH ="60" PHYSICALOFFSET ="405" PICTURETEXT ="" PRECISION ="60" SCALE ="0" USAGE_FLAGS =""/>
        <SOURCEFIELD BUSINESSNAME ="" DATATYPE ="varchar" DESCRIPTION ="" FIELDNUMBER ="24" FIELDPROPERTY ="0" FIELDTYPE ="ELEMITEM" HIDDEN ="NO" KEYTYPE ="NOT A KEY" LENGTH ="0" LEVEL ="0" NAME ="STYLE_GROUP" NULLABLE ="NULL" OCCURS ="0" OFFSET ="69" PHYSICALLENGTH ="255" PHYSICALOFFSET ="465" PICTURETEXT ="" PRECISION ="255" SCALE ="0" USAGE_FLAGS =""/>
        <SOURCEFIELD BUSINESSNAME ="" DATATYPE ="varchar" DESCRIPTION ="" FIELDNUMBER ="25" FIELDPROPERTY ="0" FIELDTYPE ="ELEMITEM" HIDDEN ="NO" KEYTYPE ="NOT A KEY" LENGTH ="0" LEVEL ="0" NAME ="PRODUCT_GROUP" NULLABLE ="NULL" OCCURS ="0" OFFSET ="69" PHYSICALLENGTH ="255" PHYSICALOFFSET ="720" PICTURETEXT ="" PRECISION ="255" SCALE ="0" USAGE_FLAGS =""/>
        <SOURCEFIELD BUSINESSNAME ="" DATATYPE ="varchar" DESCRIPTION ="" FIELDNUMBER ="26" FIELDPROPERTY ="0" FIELDTYPE ="ELEMITEM" HIDDEN ="NO" KEYTYPE ="NOT A KEY" LENGTH ="0" LEVEL ="0" NAME ="CAPACITY_GROUP" NULLABLE ="NULL" OCCURS ="0" OFFSET ="69" PHYSICALLENGTH ="255" PHYSICALOFFSET ="975" PICTURETEXT ="" PRECISION ="255" SCALE ="0" USAGE_FLAGS =""/>
        <SOURCEFIELD BUSINESSNAME ="" DATATYPE ="varchar" DESCRIPTION ="" FIELDNUMBER ="27" FIELDPROPERTY ="0" FIELDTYPE ="ELEMITEM" HIDDEN ="NO" KEYTYPE ="NOT A KEY" LENGTH ="0" LEVEL ="0" NAME ="ATTRIBUTE_CODE" NULLABLE ="NULL" OCCURS ="0" OFFSET ="69" PHYSICALLENGTH ="6" PHYSICALOFFSET ="1230" PICTURETEXT ="" PRECISION ="6" SCALE ="0" USAGE_FLAGS =""/>
        <SOURCEFIELD BUSINESSNAME ="" DATATYPE ="varchar" DESCRIPTION ="" FIELDNUMBER ="28" FIELDPROPERTY ="0" FIELDTYPE ="ELEMITEM" HIDDEN ="NO" KEYTYPE ="NOT A KEY" LENGTH ="0" LEVEL ="0" NAME ="SIZE_CODE" NULLABLE ="NULL" OCCURS ="0" OFFSET ="69" PHYSICALLENGTH ="3" PHYSICALOFFSET ="1236" PICTURETEXT ="" PRECISION ="3" SCALE ="0" USAGE_FLAGS =""/>
        <SOURCEFIELD BUSINESSNAME ="" DATATYPE ="varchar" DESCRIPTION ="" FIELDNUMBER ="29" FIELDPROPERTY ="0" FIELDTYPE ="ELEMITEM" HIDDEN ="NO" KEYTYPE ="NOT A KEY" LENGTH ="0" LEVEL ="0" NAME ="SIZE_DESC" NULLABLE ="NULL" OCCURS ="0" OFFSET ="69" PHYSICALLENGTH ="10" PHYSICALOFFSET ="1239" PICTURETEXT ="" PRECISION ="10" SCALE ="0" USAGE_FLAGS =""/>
        <SOURCEFIELD BUSINESSNAME ="" DATATYPE ="varchar" DESCRIPTION ="" FIELDNUMBER ="30" FIELDPROPERTY ="0" FIELDTYPE ="ELEMITEM" HIDDEN ="NO" KEYTYPE ="NOT A KEY" LENGTH ="0" LEVEL ="0" NAME ="PACK_CODE" NULLABLE ="NULL" OCCURS ="0" OFFSET ="69" PHYSICALLENGTH ="1" PHYSICALOFFSET ="1249" PICTURETEXT ="" PRECISION ="1" SCALE ="0" USAGE_FLAGS =""/>
        <SOURCEFIELD BUSINESSNAME ="" DATATYPE ="numeric" DESCRIPTION ="" FIELDNUMBER ="31" FIELDPROPERTY ="0" FIELDTYPE ="ELEMITEM" HIDDEN ="NO" KEYTYPE ="NOT A KEY" LENGTH ="5" LEVEL ="0" NAME ="PACK_QTY" NULLABLE ="NULL" OCCURS ="0" OFFSET ="69" PHYSICALLENGTH ="3" PHYSICALOFFSET ="1250" PICTURETEXT ="" PRECISION ="3" SCALE ="0" USAGE_FLAGS =""/>
        <SOURCEFIELD BUSINESSNAME ="" DATATYPE ="varchar" DESCRIPTION ="" FIELDNUMBER ="32" FIELDPROPERTY ="0" FIELDTYPE ="ELEMITEM" HIDDEN ="NO" KEYTYPE ="NOT A KEY" LENGTH ="0" LEVEL ="0" NAME ="APS_STYLE_CD" NULLABLE ="NULL" OCCURS ="0" OFFSET ="74" PHYSICALLENGTH ="10" PHYSICALOFFSET ="1253" PICTURETEXT ="" PRECISION ="10" SCALE ="0" USAGE_FLAGS =""/>
        <SOURCEFIELD BUSINESSNAME ="" DATATYPE ="varchar" DESCRIPTION ="" FIELDNUMBER ="33" FIELDPROPERTY ="0" FIELDTYPE ="ELEMITEM" HIDDEN ="NO" KEYTYPE ="NOT A KEY" LENGTH ="0" LEVEL ="0" NAME ="APS_COLOR_CD" NULLABLE ="NULL" OCCURS ="0" OFFSET ="74" PHYSICALLENGTH ="10" PHYSICALOFFSET ="1263" PICTURETEXT ="" PRECISION ="10" SCALE ="0" USAGE_FLAGS =""/>
        <SOURCEFIELD BUSINESSNAME ="" DATATYPE ="varchar" DESCRIPTION ="" FIELDNUMBER ="34" FIELDPROPERTY ="0" FIELDTYPE ="ELEMITEM" HIDDEN ="NO" KEYTYPE ="NOT A KEY" LENGTH ="0" LEVEL ="0" NAME ="DIVISION_GROUP" NULLABLE ="NULL" OCCURS ="0" OFFSET ="74" PHYSICALLENGTH ="255" PHYSICALOFFSET ="1273" PICTURETEXT ="" PRECISION ="255" SCALE ="0" USAGE_FLAGS =""/>
        <SOURCEFIELD BUSINESSNAME ="" DATATYPE ="varchar" DESCRIPTION ="" FIELDNUMBER ="35" FIELDPROPERTY ="0" FIELDTYPE ="ELEMITEM" HIDDEN ="NO" KEYTYPE ="NOT A KEY" LENGTH ="0" LEVEL ="0" NAME ="APS_CORP_BUSINESS_UNIT" NULLABLE ="NULL" OCCURS ="0" OFFSET ="74" PHYSICALLENGTH ="3" PHYSICALOFFSET ="1528" PICTURETEXT ="" PRECISION ="3" SCALE ="0" USAGE_FLAGS =""/>
        <SOURCEFIELD BUSINESSNAME ="" DATATYPE ="varchar" DESCRIPTION ="" FIELDNUMBER ="36" FIELDPROPERTY ="0" FIELDTYPE ="ELEMITEM" HIDDEN ="NO" KEYTYPE ="NOT A KEY" LENGTH ="0" LEVEL ="0" NAME ="SBU_DESC" NULLABLE ="NULL" OCCURS ="0" OFFSET ="74" PHYSICALLENGTH ="255" PHYSICALOFFSET ="1531" PICTURETEXT ="" PRECISION ="255" SCALE ="0" USAGE_FLAGS =""/>
        <SOURCEFIELD BUSINESSNAME ="" DATATYPE ="varchar" DESCRIPTION ="" FIELDNUMBER ="37" FIELDPROPERTY ="0" FIELDTYPE ="ELEMITEM" HIDDEN ="NO" KEYTYPE ="NOT A KEY" LENGTH ="0" LEVEL ="0" NAME ="CATEGORY_DESC" NULLABLE ="NULL" OCCURS ="0" OFFSET ="74" PHYSICALLENGTH ="255" PHYSICALOFFSET ="1786" PICTURETEXT ="" PRECISION ="255" SCALE ="0" USAGE_FLAGS =""/>
        <SOURCEFIELD BUSINESSNAME ="" DATATYPE ="varchar" DESCRIPTION ="" FIELDNUMBER ="38" FIELDPROPERTY ="0" FIELDTYPE ="ELEMITEM" HIDDEN ="NO" KEYTYPE ="NOT A KEY" LENGTH ="0" LEVEL ="0" NAME ="SUBCATEGORY_DESC" NULLABLE ="NULL" OCCURS ="0" OFFSET ="74" PHYSICALLENGTH ="255" PHYSICALOFFSET ="2041" PICTURETEXT ="" PRECISION ="255" SCALE ="0" USAGE_FLAGS =""/>
        <SOURCEFIELD BUSINESSNAME ="" DATATYPE ="varchar" DESCRIPTION ="" FIELDNUMBER ="39" FIELDPROPERTY ="0" FIELDTYPE ="ELEMITEM" HIDDEN ="NO" KEYTYPE ="NOT A KEY" LENGTH ="0" LEVEL ="0" NAME ="GENDER_CATEGORY_DESC" NULLABLE ="NULL" OCCURS ="0" OFFSET ="74" PHYSICALLENGTH ="255" PHYSICALOFFSET ="2296" PICTURETEXT ="" PRECISION ="255" SCALE ="0" USAGE_FLAGS =""/>
        <SOURCEFIELD BUSINESSNAME ="" DATATYPE ="varchar" DESCRIPTION ="" FIELDNUMBER ="40" FIELDPROPERTY ="0" FIELDTYPE ="ELEMITEM" HIDDEN ="NO" KEYTYPE ="NOT A KEY" LENGTH ="0" LEVEL ="0" NAME ="SILHOUETTE" NULLABLE ="NULL" OCCURS ="0" OFFSET ="74" PHYSICALLENGTH ="255" PHYSICALOFFSET ="2551" PICTURETEXT ="" PRECISION ="255" SCALE ="0" USAGE_FLAGS =""/>
        <SOURCEFIELD BUSINESSNAME ="" DATATYPE ="varchar" DESCRIPTION ="" FIELDNUMBER ="41" FIELDPROPERTY ="0" FIELDTYPE ="ELEMITEM" HIDDEN ="NO" KEYTYPE ="NOT A KEY" LENGTH ="0" LEVEL ="0" NAME ="FABRICATION" NULLABLE ="NULL" OCCURS ="0" OFFSET ="74" PHYSICALLENGTH ="255" PHYSICALOFFSET ="2806" PICTURETEXT ="" PRECISION ="255" SCALE ="0" USAGE_FLAGS =""/>
        <SOURCEFIELD BUSINESSNAME ="" DATATYPE ="varchar" DESCRIPTION ="" FIELDNUMBER ="42" FIELDPROPERTY ="0" FIELDTYPE ="ELEMITEM" HIDDEN ="NO" KEYTYPE ="NOT A KEY" LENGTH ="0" LEVEL ="0" NAME ="GENDER_DESC" NULLABLE ="NULL" OCCURS ="0" OFFSET ="74" PHYSICALLENGTH ="255" PHYSICALOFFSET ="3061" PICTURETEXT ="" PRECISION ="255" SCALE ="0" USAGE_FLAGS =""/>
        <SOURCEFIELD BUSINESSNAME ="" DATATYPE ="varchar" DESCRIPTION ="" FIELDNUMBER ="43" FIELDPROPERTY ="0" FIELDTYPE ="ELEMITEM" HIDDEN ="NO" KEYTYPE ="NOT A KEY" LENGTH ="0" LEVEL ="0" NAME ="BUSINESS_SEG_DESC" NULLABLE ="NULL" OCCURS ="0" OFFSET ="74" PHYSICALLENGTH ="255" PHYSICALOFFSET ="3316" PICTURETEXT ="" PRECISION ="255" SCALE ="0" USAGE_FLAGS =""/>
        <SOURCEFIELD BUSINESSNAME ="" DATATYPE ="varchar" DESCRIPTION ="" FIELDNUMBER ="44" FIELDPROPERTY ="0" FIELDTYPE ="ELEMITEM" HIDDEN ="NO" KEYTYPE ="NOT A KEY" LENGTH ="0" LEVEL ="0" NAME ="COLOR_DESC" NULLABLE ="NULL" OCCURS ="0" OFFSET ="74" PHYSICALLENGTH ="255" PHYSICALOFFSET ="3571" PICTURETEXT ="" PRECISION ="255" SCALE ="0" USAGE_FLAGS =""/>
        <SOURCEFIELD BUSINESSNAME ="" DATATYPE ="numeric" DESCRIPTION ="" FIELDNUMBER ="45" FIELDPROPERTY ="0" FIELDTYPE ="ELEMITEM" HIDDEN ="NO" KEYTYPE ="NOT A KEY" LENGTH ="14" LEVEL ="0" NAME ="WHOLESALE_PRICE" NULLABLE ="NOTNULL" OCCURS ="0" OFFSET ="74" PHYSICALLENGTH ="12" PHYSICALOFFSET ="3826" PICTURETEXT ="" PRECISION ="12" SCALE ="2" USAGE_FLAGS =""/>
    </SOURCE>
    <TARGET BUSINESSNAME ="" CONSTRAINT ="" DATABASETYPE ="Flat File" DESCRIPTION ="Dummy target for HBI_DMD_EVENTS_CACHE" NAME ="CACHE_SIWSP" OBJECTVERSION ="1" TABLEOPTIONS ="" VERSIONNUMBER ="1">
        <FLATFILE CODEPAGE ="MS1252" CONSECDELIMITERSASONE ="NO" DELIMITED ="YES" DELIMITERS ="," ESCAPE_CHARACTER ="" KEEPESCAPECHAR ="NO" LINESEQUENTIAL ="NO" MULTIDELIMITERSASAND ="NO" NULLCHARTYPE ="ASCII" NULL_CHARACTER ="*" PADBYTES ="1" QUOTE_CHARACTER ="NONE" REPEATABLE ="NO" ROWDELIMITER ="0" SKIPROWS ="0" STRIPTRAILINGBLANKS ="NO"/>
        <TARGETFIELD BUSINESSNAME ="" DATATYPE ="string" DESCRIPTION ="" FIELDNUMBER ="1" KEYTYPE ="NOT A KEY" NAME ="DUMMY" NULLABLE ="NULL" PICTURETEXT ="" PRECISION ="15" SCALE ="0"/>
        <TABLEATTRIBUTE NAME ="Datetime Format" VALUE ="A  19 mm/dd/yyyy hh24:mi:ss"/>
        <TABLEATTRIBUTE NAME ="Thousand Separator" VALUE ="None"/>
        <TABLEATTRIBUTE NAME ="Decimal Separator" VALUE ="."/>
        <TABLEATTRIBUTE NAME ="Line Endings" VALUE ="System default"/>
        <METADATAEXTENSION COMPONENTVERSION ="1000000" DATATYPE ="STRING" DESCRIPTION ="" DOMAINNAME ="User Defined Metadata Domain" ISCLIENTEDITABLE ="YES" ISCLIENTVISIBLE ="YES" ISREUSABLE ="NO" ISSHAREREAD ="NO" ISSHAREWRITE ="NO" MAXLENGTH ="256" NAME ="Extension" VALUE ="Performance fix HBI_DEMAND - EVENTS - V3.0" VENDORNAME ="INFORMATICA"/>
    </TARGET>
    <MAPPING DESCRIPTION ="Mapping to create persistent cache ALIAS_MAKE_BUY_CD_CACHE to use in m_HBI_DMD_EVENTS Lookup ALIAS_MAKE_BUY_CD" ISVALID ="YES" NAME ="m_ALIAS_MAKE_BUY_CD_CACHE" OBJECTVERSION ="1" VERSIONNUMBER ="1">
        <TRANSFORMATION DESCRIPTION ="Expression to passthrough required fields" NAME ="EXP_PASSTHROUGH" OBJECTVERSION ="1" REUSABLE ="NO" TYPE ="Expression" VERSIONNUMBER ="1">
            <TRANSFORMFIELD DATATYPE ="string" DEFAULTVALUE ="" DESCRIPTION ="" NAME ="MAKE_OR_BUY_CD" PICTURETEXT ="" PORTTYPE ="INPUT" PRECISION ="1" SCALE ="0"/>
            <TRANSFORMFIELD DATATYPE ="string" DEFAULTVALUE ="ERROR(&apos;transformation error&apos;)" DESCRIPTION ="" EXPRESSION ="&apos;CACHE_AMBCD&apos;" EXPRESSIONTYPE ="GENERAL" NAME ="CACHE_NAME" PICTURETEXT ="" PORTTYPE ="OUTPUT" PRECISION ="15" SCALE ="0"/>
            <TABLEATTRIBUTE NAME ="Tracing Level" VALUE ="Normal"/>
        </TRANSFORMATION>
        <TRANSFORMATION DESCRIPTION ="Lookup to get required fields" NAME ="LKP_ALIAS_MAKE_BUY_CD" OBJECTVERSION ="1" REUSABLE ="NO" TYPE ="Lookup Procedure" VERSIONNUMBER ="1">
            <TRANSFORMFIELD DATATYPE ="string" DEFAULTVALUE ="" DESCRIPTION ="" NAME ="STYLE_CD" PICTURETEXT ="" PORTTYPE ="LOOKUP" PRECISION ="6" SCALE ="0"/>
            <TRANSFORMFIELD DATATYPE ="string" DEFAULTVALUE ="" DESCRIPTION ="" NAME ="COLOR_CD" PICTURETEXT ="" PORTTYPE ="LOOKUP" PRECISION ="4" SCALE ="0"/>
            <TRANSFORMFIELD DATATYPE ="string" DEFAULTVALUE ="" DESCRIPTION ="" NAME ="ATTRIBUTE_CD" PICTURETEXT ="" PORTTYPE ="LOOKUP" PRECISION ="6" SCALE ="0"/>
            <TRANSFORMFIELD DATATYPE ="string" DEFAULTVALUE ="" DESCRIPTION ="" NAME ="SIZE_CD" PICTURETEXT ="" PORTTYPE ="LOOKUP" PRECISION ="3" SCALE ="0"/>
            <TRANSFORMFIELD DATATYPE ="string" DEFAULTVALUE ="" DESCRIPTION ="" NAME ="MAKE_OR_BUY_CD" PICTURETEXT ="" PORTTYPE ="LOOKUP/RETURN/OUTPUT" PRECISION ="1" SCALE ="0"/>
            <TRANSFORMFIELD DATATYPE ="string" DEFAULTVALUE ="" DESCRIPTION ="" NAME ="I_ALIAS_STYLE_CD" PICTURETEXT ="" PORTTYPE ="INPUT" PRECISION ="6" SCALE ="0"/>
            <TRANSFORMFIELD DATATYPE ="string" DEFAULTVALUE ="" DESCRIPTION ="" NAME ="I_ALIAS_COLOR_CD" PICTURETEXT ="" PORTTYPE ="INPUT" PRECISION ="4" SCALE ="0"/>
            <TRANSFORMFIELD DATATYPE ="string" DEFAULTVALUE ="" DESCRIPTION ="" NAME ="I_ALIAS_ATTRIBUTE_CD" PICTURETEXT ="" PORTTYPE ="INPUT" PRECISION ="6" SCALE ="0"/>
            <TRANSFORMFIELD DATATYPE ="string" DEFAULTVALUE ="" DESCRIPTION ="" NAME ="I_ALIAS_SIZE_CD" PICTURETEXT ="" PORTTYPE ="INPUT" PRECISION ="3" SCALE ="0"/>
            <TABLEATTRIBUTE NAME ="Lookup Sql Override" VALUE ="SELECT MFG_PATH.MAKE_OR_BUY_CD as MAKE_OR_BUY_CD, MFG_PATH.STYLE_CD as STYLE_CD, MFG_PATH.COLOR_CD as COLOR_CD, MFG_PATH.ATTRIBUTE_CD as ATTRIBUTE_CD, MFG_PATH.SIZE_CD as SIZE_CD &#xD;&#xA;FROM MFG_PATH  MFG_PATH  where CORP_STD_PATH_IND=&apos;Y&apos;&#xD;&#xA;ORDER BY MAKE_OR_BUY_CD , STYLE_CD,COLOR_CD,ATTRIBUTE_CD,SIZE_CD,&#xD;&#xA;EFFECT_BEGIN_DATE DESC --"/>
            <TABLEATTRIBUTE NAME ="Lookup table name" VALUE ="MFG_PATH"/>
            <TABLEATTRIBUTE NAME ="Lookup Source Filter" VALUE =""/>
            <TABLEATTRIBUTE NAME ="Lookup caching enabled" VALUE ="YES"/>
            <TABLEATTRIBUTE NAME ="Lookup policy on multiple match" VALUE ="Use First Value"/>
            <TABLEATTRIBUTE NAME ="Lookup condition" VALUE ="STYLE_CD = I_ALIAS_STYLE_CD AND COLOR_CD = I_ALIAS_COLOR_CD AND ATTRIBUTE_CD = I_ALIAS_ATTRIBUTE_CD AND SIZE_CD = I_ALIAS_SIZE_CD"/>
            <TABLEATTRIBUTE NAME ="Connection Information" VALUE ="PROD1"/>
            <TABLEATTRIBUTE NAME ="Source Type" VALUE ="Database"/>
            <TABLEATTRIBUTE NAME ="Recache if Stale" VALUE ="NO"/>
            <TABLEATTRIBUTE NAME ="Tracing Level" VALUE ="Normal"/>
            <TABLEATTRIBUTE NAME ="Lookup cache directory name" VALUE ="$PMRootDir&#x5c;PerCache"/>
            <TABLEATTRIBUTE NAME ="Lookup cache initialize" VALUE ="NO"/>
            <TABLEATTRIBUTE NAME ="Lookup cache persistent" VALUE ="YES"/>
            <TABLEATTRIBUTE NAME ="Lookup Data Cache Size" VALUE ="Auto"/>
            <TABLEATTRIBUTE NAME ="Lookup Index Cache Size" VALUE ="Auto"/>
            <TABLEATTRIBUTE NAME ="Dynamic Lookup Cache" VALUE ="NO"/>
            <TABLEATTRIBUTE NAME ="Synchronize Dynamic Cache" VALUE ="NO"/>
            <TABLEATTRIBUTE NAME ="Output Old Value On Update" VALUE ="NO"/>
            <TABLEATTRIBUTE NAME ="Update Dynamic Cache Condition" VALUE ="TRUE"/>
            <TABLEATTRIBUTE NAME ="Cache File Name Prefix" VALUE ="ALIAS_MAKE_BUY_CD_CACHE"/>
            <TABLEATTRIBUTE NAME ="Re-cache from lookup source" VALUE ="YES"/>
            <TABLEATTRIBUTE NAME ="Insert Else Update" VALUE ="NO"/>
            <TABLEATTRIBUTE NAME ="Update Else Insert" VALUE ="NO"/>
            <TABLEATTRIBUTE NAME ="Datetime Format" VALUE =""/>
            <TABLEATTRIBUTE NAME ="Thousand Separator" VALUE ="None"/>
            <TABLEATTRIBUTE NAME ="Decimal Separator" VALUE ="."/>
            <TABLEATTRIBUTE NAME ="Case Sensitive String Comparison" VALUE ="NO"/>
            <TABLEATTRIBUTE NAME ="Null ordering" VALUE ="Null Is Highest Value"/>
            <TABLEATTRIBUTE NAME ="Sorted Input" VALUE ="NO"/>
            <TABLEATTRIBUTE NAME ="Lookup source is static" VALUE ="NO"/>
            <TABLEATTRIBUTE NAME ="Pre-build lookup cache" VALUE ="Auto"/>
            <TABLEATTRIBUTE NAME ="Subsecond Precision" VALUE ="6"/>
        </TRANSFORMATION>
        <TRANSFORMATION DESCRIPTION ="Source Qualifier for ITEM table" NAME ="SQ_ITEM" OBJECTVERSION ="1" REUSABLE ="NO" TYPE ="Source Qualifier" VERSIONNUMBER ="1">
            <TRANSFORMFIELD DATATYPE ="string" DEFAULTVALUE ="" DESCRIPTION ="" NAME ="STYLE" PICTURETEXT ="" PORTTYPE ="INPUT/OUTPUT" PRECISION ="10" SCALE ="0"/>
            <TRANSFORMFIELD DATATYPE ="string" DEFAULTVALUE ="" DESCRIPTION ="" NAME ="COLOR" PICTURETEXT ="" PORTTYPE ="INPUT/OUTPUT" PRECISION ="5" SCALE ="0"/>
            <TRANSFORMFIELD DATATYPE ="string" DEFAULTVALUE ="" DESCRIPTION ="" NAME ="ATTRIBUTE_CODE" PICTURETEXT ="" PORTTYPE ="INPUT/OUTPUT" PRECISION ="6" SCALE ="0"/>
            <TRANSFORMFIELD DATATYPE ="string" DEFAULTVALUE ="" DESCRIPTION ="" NAME ="SIZE_CODE" PICTURETEXT ="" PORTTYPE ="INPUT/OUTPUT" PRECISION ="3" SCALE ="0"/>
            <TABLEATTRIBUTE NAME ="Sql Query" VALUE ="SELECT 1,1,1,1,1,1"/>
            <TABLEATTRIBUTE NAME ="User Defined Join" VALUE =""/>
            <TABLEATTRIBUTE NAME ="Source Filter" VALUE =""/>
            <TABLEATTRIBUTE NAME ="Number Of Sorted Ports" VALUE ="0"/>
            <TABLEATTRIBUTE NAME ="Tracing Level" VALUE ="Normal"/>
            <TABLEATTRIBUTE NAME ="Select Distinct" VALUE ="NO"/>
            <TABLEATTRIBUTE NAME ="Is Partitionable" VALUE ="NO"/>
            <TABLEATTRIBUTE NAME ="Pre SQL" VALUE =""/>
            <TABLEATTRIBUTE NAME ="Post SQL" VALUE =""/>
            <TABLEATTRIBUTE NAME ="Output is deterministic" VALUE ="NO"/>
            <TABLEATTRIBUTE NAME ="Output is repeatable" VALUE ="Never"/>
        </TRANSFORMATION>
        <INSTANCE DESCRIPTION ="Target Table loading CACHE_NAME" NAME ="CACHE_AMBCD" TRANSFORMATION_NAME ="CACHE_SIWSP" TRANSFORMATION_TYPE ="Target Definition" TYPE ="TARGET"/>
        <INSTANCE DBDNAME ="demand_prioritization_stage" DESCRIPTION ="Source Table ITEM" NAME ="ITEM" TRANSFORMATION_NAME ="ITEM" TRANSFORMATION_TYPE ="Source Definition" TYPE ="SOURCE"/>
        <INSTANCE DESCRIPTION ="Expression to passthrough required fields" NAME ="EXP_PASSTHROUGH" REUSABLE ="NO" TRANSFORMATION_NAME ="EXP_PASSTHROUGH" TRANSFORMATION_TYPE ="Expression" TYPE ="TRANSFORMATION"/>
        <INSTANCE DESCRIPTION ="Lookup to get required fields" NAME ="LKP_ALIAS_MAKE_BUY_CD" REUSABLE ="NO" TRANSFORMATION_NAME ="LKP_ALIAS_MAKE_BUY_CD" TRANSFORMATION_TYPE ="Lookup Procedure" TYPE ="TRANSFORMATION"/>
        <INSTANCE DESCRIPTION ="Source Qualifier for ITEM table" NAME ="SQ_ITEM" REUSABLE ="NO" TRANSFORMATION_NAME ="SQ_ITEM" TRANSFORMATION_TYPE ="Source Qualifier" TYPE ="TRANSFORMATION">
            <ASSOCIATED_SOURCE_INSTANCE NAME ="ITEM"/>
        </INSTANCE>
        <CONNECTOR FROMFIELD ="CACHE_NAME" FROMINSTANCE ="EXP_PASSTHROUGH" FROMINSTANCETYPE ="Expression" TOFIELD ="DUMMY" TOINSTANCE ="CACHE_AMBCD" TOINSTANCETYPE ="Target Definition"/>
        <CONNECTOR FROMFIELD ="STYLE" FROMINSTANCE ="ITEM" FROMINSTANCETYPE ="Source Definition" TOFIELD ="STYLE" TOINSTANCE ="SQ_ITEM" TOINSTANCETYPE ="Source Qualifier"/>
        <CONNECTOR FROMFIELD ="COLOR" FROMINSTANCE ="ITEM" FROMINSTANCETYPE ="Source Definition" TOFIELD ="COLOR" TOINSTANCE ="SQ_ITEM" TOINSTANCETYPE ="Source Qualifier"/>
        <CONNECTOR FROMFIELD ="ATTRIBUTE_CODE" FROMINSTANCE ="ITEM" FROMINSTANCETYPE ="Source Definition" TOFIELD ="ATTRIBUTE_CODE" TOINSTANCE ="SQ_ITEM" TOINSTANCETYPE ="Source Qualifier"/>
        <CONNECTOR FROMFIELD ="SIZE_CODE" FROMINSTANCE ="ITEM" FROMINSTANCETYPE ="Source Definition" TOFIELD ="SIZE_CODE" TOINSTANCE ="SQ_ITEM" TOINSTANCETYPE ="Source Qualifier"/>
        <CONNECTOR FROMFIELD ="MAKE_OR_BUY_CD" FROMINSTANCE ="LKP_ALIAS_MAKE_BUY_CD" FROMINSTANCETYPE ="Lookup Procedure" TOFIELD ="MAKE_OR_BUY_CD" TOINSTANCE ="EXP_PASSTHROUGH" TOINSTANCETYPE ="Expression"/>
        <CONNECTOR FROMFIELD ="STYLE" FROMINSTANCE ="SQ_ITEM" FROMINSTANCETYPE ="Source Qualifier" TOFIELD ="I_ALIAS_STYLE_CD" TOINSTANCE ="LKP_ALIAS_MAKE_BUY_CD" TOINSTANCETYPE ="Lookup Procedure"/>
        <CONNECTOR FROMFIELD ="COLOR" FROMINSTANCE ="SQ_ITEM" FROMINSTANCETYPE ="Source Qualifier" TOFIELD ="I_ALIAS_COLOR_CD" TOINSTANCE ="LKP_ALIAS_MAKE_BUY_CD" TOINSTANCETYPE ="Lookup Procedure"/>
        <CONNECTOR FROMFIELD ="ATTRIBUTE_CODE" FROMINSTANCE ="SQ_ITEM" FROMINSTANCETYPE ="Source Qualifier" TOFIELD ="I_ALIAS_ATTRIBUTE_CD" TOINSTANCE ="LKP_ALIAS_MAKE_BUY_CD" TOINSTANCETYPE ="Lookup Procedure"/>
        <CONNECTOR FROMFIELD ="SIZE_CODE" FROMINSTANCE ="SQ_ITEM" FROMINSTANCETYPE ="Source Qualifier" TOFIELD ="I_ALIAS_SIZE_CD" TOINSTANCE ="LKP_ALIAS_MAKE_BUY_CD" TOINSTANCETYPE ="Lookup Procedure"/>
        <TARGETLOADORDER ORDER ="1" TARGETINSTANCE ="CACHE_AMBCD"/>
        <ERPINFO/>
        <METADATAEXTENSION COMPONENTVERSION ="1000000" DATATYPE ="STRING" DESCRIPTION ="" DOMAINNAME ="User Defined Metadata Domain" ISCLIENTEDITABLE ="YES" ISCLIENTVISIBLE ="YES" ISREUSABLE ="NO" ISSHAREREAD ="NO" ISSHAREWRITE ="NO" MAXLENGTH ="256" NAME ="Extension" VALUE ="Performance fix HBI_DEMAND - EVENTS - V3.0" VENDORNAME ="INFORMATICA"/>
    </MAPPING>
    <CONFIG DESCRIPTION ="Default session configuration object" ISDEFAULT ="YES" NAME ="default_session_config" VERSIONNUMBER ="1">
        <ATTRIBUTE NAME ="Advanced" VALUE =""/>
        <ATTRIBUTE NAME ="Constraint based load ordering" VALUE ="NO"/>
        <ATTRIBUTE NAME ="Cache LOOKUP() function" VALUE ="YES"/>
        <ATTRIBUTE NAME ="Default buffer block size" VALUE ="Auto"/>
        <ATTRIBUTE NAME ="Line Sequential buffer length" VALUE ="1024"/>
        <ATTRIBUTE NAME ="Maximum Memory Allowed For Auto Memory Attributes" VALUE ="512MB"/>
        <ATTRIBUTE NAME ="Maximum Percentage of Total Memory Allowed For Auto Memory Attributes" VALUE ="5"/>
        <ATTRIBUTE NAME ="Additional Concurrent Pipelines for Lookup Cache Creation" VALUE ="Auto"/>
        <ATTRIBUTE NAME ="Custom Properties" VALUE =""/>
        <ATTRIBUTE NAME ="Pre-build lookup cache" VALUE ="Auto"/>
        <ATTRIBUTE NAME ="Optimization Level" VALUE ="Medium"/>
        <ATTRIBUTE NAME ="DateTime Format String" VALUE ="MM/DD/YYYY HH24:MI:SS.US"/>
        <ATTRIBUTE NAME ="Pre 85 Timestamp Compatibility" VALUE ="NO"/>
        <ATTRIBUTE NAME ="Log Options" VALUE ="0"/>
        <ATTRIBUTE NAME ="Save session log by" VALUE ="Session runs"/>
        <ATTRIBUTE NAME ="Save session log for these runs" VALUE ="9"/>
        <ATTRIBUTE NAME ="Session Log File Max Size" VALUE ="0"/>
        <ATTRIBUTE NAME ="Session Log File Max Time Period" VALUE ="0"/>
        <ATTRIBUTE NAME ="Maximum Partial Session Log Files" VALUE ="1"/>
        <ATTRIBUTE NAME ="Writer Commit Statistics Log Frequency" VALUE ="1"/>
        <ATTRIBUTE NAME ="Writer Commit Statistics Log Interval" VALUE ="0"/>
        <ATTRIBUTE NAME ="Error handling" VALUE =""/>
        <ATTRIBUTE NAME ="Stop on errors" VALUE ="1"/>
        <ATTRIBUTE NAME ="Override tracing" VALUE ="None"/>
        <ATTRIBUTE NAME ="On Stored Procedure error" VALUE ="Stop"/>
        <ATTRIBUTE NAME ="On Pre-session command task error" VALUE ="Stop"/>
        <ATTRIBUTE NAME ="On Pre-Post SQL error" VALUE ="Stop"/>
        <ATTRIBUTE NAME ="Enable Recovery" VALUE ="NO"/>
        <ATTRIBUTE NAME ="Error Log Type" VALUE ="None"/>
        <ATTRIBUTE NAME ="Error Log Table Name Prefix" VALUE =""/>
        <ATTRIBUTE NAME ="Error Log File Name" VALUE ="PMError.log"/>
        <ATTRIBUTE NAME ="Log Source Row Data" VALUE ="NO"/>
        <ATTRIBUTE NAME ="Data Column Delimiter" VALUE ="|"/>
        <ATTRIBUTE NAME ="Partitioning Options" VALUE =""/>
        <ATTRIBUTE NAME ="Dynamic Partitioning" VALUE ="Disabled"/>
        <ATTRIBUTE NAME ="Number of Partitions" VALUE ="1"/>
        <ATTRIBUTE NAME ="Multiplication Factor" VALUE ="Auto"/>
        <ATTRIBUTE NAME ="Session on Grid" VALUE =""/>
        <ATTRIBUTE NAME ="Is Enabled" VALUE ="NO"/>
    </CONFIG>
    <SESSION DESCRIPTION ="Session holding m_ALIAS_MAKE_BUY_CD_CACHE to create persistennt cache ALIAS_MAKE_BUY_CD_CACHE" ISVALID ="YES" MAPPINGNAME ="m_ALIAS_MAKE_BUY_CD_CACHE" NAME ="s_m_ALIAS_MAKE_BUY_CD_CACHE" REUSABLE ="YES" SORTORDER ="Binary" VERSIONNUMBER ="1">
        <SESSTRANSFORMATIONINST ISREPARTITIONPOINT ="YES" PARTITIONTYPE ="PASS THROUGH" PIPELINE ="1" SINSTANCENAME ="CACHE_AMBCD" STAGE ="1" TRANSFORMATIONNAME ="CACHE_AMBCD" TRANSFORMATIONTYPE ="Target Definition">
            <FLATFILE CODEPAGE ="MS1252" CONSECDELIMITERSASONE ="NO" DELIMITED ="YES" DELIMITERS ="," ESCAPE_CHARACTER ="" KEEPESCAPECHAR ="NO" LINESEQUENTIAL ="NO" MULTIDELIMITERSASAND ="NO" NULLCHARTYPE ="ASCII" NULL_CHARACTER ="*" PADBYTES ="1" QUOTE_CHARACTER ="NONE" REPEATABLE ="NO" ROWDELIMITER ="0" SKIPROWS ="0" STRIPTRAILINGBLANKS ="NO"/>
        </SESSTRANSFORMATIONINST>
        <SESSTRANSFORMATIONINST ISREPARTITIONPOINT ="NO" PIPELINE ="0" SINSTANCENAME ="ITEM" STAGE ="0" TRANSFORMATIONNAME ="ITEM" TRANSFORMATIONTYPE ="Source Definition"/>
        <SESSTRANSFORMATIONINST ISREPARTITIONPOINT ="NO" PIPELINE ="1" SINSTANCENAME ="EXP_PASSTHROUGH" STAGE ="2" TRANSFORMATIONNAME ="EXP_PASSTHROUGH" TRANSFORMATIONTYPE ="Expression">
            <PARTITION DESCRIPTION ="" NAME ="Partition #1"/>
        </SESSTRANSFORMATIONINST>
        <SESSTRANSFORMATIONINST ISREPARTITIONPOINT ="YES" PARTITIONTYPE ="PASS THROUGH" PIPELINE ="1" SINSTANCENAME ="SQ_ITEM" STAGE ="2" TRANSFORMATIONNAME ="SQ_ITEM" TRANSFORMATIONTYPE ="Source Qualifier"/>
        <SESSTRANSFORMATIONINST ISREPARTITIONPOINT ="NO" PIPELINE ="1" SINSTANCENAME ="LKP_ALIAS_MAKE_BUY_CD" STAGE ="2" TRANSFORMATIONNAME ="LKP_ALIAS_MAKE_BUY_CD" TRANSFORMATIONTYPE ="Lookup Procedure">
            <PARTITION DESCRIPTION ="" NAME ="Partition #1"/>
            <ATTRIBUTE NAME ="Connection Information" VALUE ="Relational:PROD1"/>
        </SESSTRANSFORMATIONINST>
        <CONFIGREFERENCE REFOBJECTNAME ="default_session_config" TYPE ="Session config"/>
        <SESSIONEXTENSION NAME ="File Writer" SINSTANCENAME ="CACHE_AMBCD" SUBTYPE ="File Writer" TRANSFORMATIONTYPE ="Target Definition" TYPE ="WRITER">
            <CONNECTIONREFERENCE CNXREFNAME ="Connection" CONNECTIONNAME ="" CONNECTIONNUMBER ="1" CONNECTIONSUBTYPE ="" CONNECTIONTYPE ="" VARIABLE =""/>
            <ATTRIBUTE NAME ="Merge Type" VALUE ="No Merge"/>
            <ATTRIBUTE NAME ="Merge File Directory" VALUE ="$PMTargetFileDir&#x5c;"/>
            <ATTRIBUTE NAME ="Merge File Name" VALUE ="cache_ambcd.out"/>
            <ATTRIBUTE NAME ="Append if Exists" VALUE ="NO"/>
            <ATTRIBUTE NAME ="Create Target Directory" VALUE ="NO"/>
            <ATTRIBUTE NAME ="Header Options" VALUE ="No Header"/>
            <ATTRIBUTE NAME ="Header Command" VALUE =""/>
            <ATTRIBUTE NAME ="Footer Command" VALUE =""/>
            <ATTRIBUTE NAME ="Output Type" VALUE ="File"/>
            <ATTRIBUTE NAME ="Merge Command" VALUE =""/>
            <ATTRIBUTE NAME ="Output file directory" VALUE ="$PMTargetFileDir&#x5c;DPR_LITE&#x5c;TGT&#x5c;"/>
            <ATTRIBUTE NAME ="Output filename" VALUE ="cache_ambcd1.out"/>
            <ATTRIBUTE NAME ="Reject file directory" VALUE ="$PMBadFileDir&#x5c;DPR_LITE&#x5c;BAD&#x5c;"/>
            <ATTRIBUTE NAME ="Reject filename" VALUE ="s_m_ALIAS_MAKE_BUY_CD_CACHE.bad"/>
            <ATTRIBUTE NAME ="Command" VALUE =""/>
            <ATTRIBUTE NAME ="Codepage Parameter" VALUE =""/>
        </SESSIONEXTENSION>
        <SESSIONEXTENSION DSQINSTNAME ="SQ_ITEM" DSQINSTTYPE ="Source Qualifier" NAME ="Relational Reader" SINSTANCENAME ="ITEM" SUBTYPE ="Relational Reader" TRANSFORMATIONTYPE ="Source Definition" TYPE ="READER"/>
        <SESSIONEXTENSION NAME ="Relational Reader" SINSTANCENAME ="SQ_ITEM" SUBTYPE ="Relational Reader" TRANSFORMATIONTYPE ="Source Qualifier" TYPE ="READER">
            <CONNECTIONREFERENCE CNXREFNAME ="DB Connection" CONNECTIONNAME ="Demand_Prioritization_Stage" CONNECTIONNUMBER ="1" CONNECTIONSUBTYPE ="Microsoft SQL Server" CONNECTIONTYPE ="Relational" VARIABLE =""/>
        </SESSIONEXTENSION>
        <SESSIONEXTENSION NAME ="Relational Lookup" SINSTANCENAME ="LKP_ALIAS_MAKE_BUY_CD" SUBTYPE ="Relational Lookup" TRANSFORMATIONTYPE ="Lookup Procedure" TYPE ="LOOKUPEXTENSION">
            <CONNECTIONREFERENCE CNXREFNAME ="DB Connection" CONNECTIONNAME ="PROD1" CONNECTIONNUMBER ="1" CONNECTIONSUBTYPE ="Oracle" CONNECTIONTYPE ="Relational" VARIABLE =""/>
        </SESSIONEXTENSION>
        <ATTRIBUTE NAME ="General Options" VALUE =""/>
        <ATTRIBUTE NAME ="Write Backward Compatible Session Log File" VALUE ="YES"/>
        <ATTRIBUTE NAME ="Session Log File Name" VALUE ="s_m_ALIAS_MAKE_BUY_CD_CACHE.log"/>
        <ATTRIBUTE NAME ="Session Log File directory" VALUE ="$PMSessionLogDir&#x5c;DPR_LITE&#x5c;LOG&#x5c;"/>
        <ATTRIBUTE NAME ="Parameter Filename" VALUE =""/>
        <ATTRIBUTE NAME ="Enable Test Load" VALUE ="NO"/>
        <ATTRIBUTE NAME ="$Source connection value" VALUE =""/>
        <ATTRIBUTE NAME ="$Target connection value" VALUE =""/>
        <ATTRIBUTE NAME ="Treat source rows as" VALUE ="Insert"/>
        <ATTRIBUTE NAME ="Commit Type" VALUE ="Target"/>
        <ATTRIBUTE NAME ="Commit Interval" VALUE ="10000"/>
        <ATTRIBUTE NAME ="Commit On End Of File" VALUE ="YES"/>
        <ATTRIBUTE NAME ="Rollback Transactions on Errors" VALUE ="NO"/>
        <ATTRIBUTE NAME ="Recovery Strategy" VALUE ="Restart task"/>
        <ATTRIBUTE NAME ="Java Classpath" VALUE =""/>
        <ATTRIBUTE NAME ="Performance" VALUE =""/>
        <ATTRIBUTE NAME ="DTM buffer size" VALUE ="Auto"/>
        <ATTRIBUTE NAME ="Collect performance data" VALUE ="NO"/>
        <ATTRIBUTE NAME ="Write performance data to repository" VALUE ="NO"/>
        <ATTRIBUTE NAME ="Incremental Aggregation" VALUE ="NO"/>
        <ATTRIBUTE NAME ="Enable high precision" VALUE ="NO"/>
        <ATTRIBUTE NAME ="Session retry on deadlock" VALUE ="NO"/>
        <ATTRIBUTE NAME ="Pushdown Optimization" VALUE ="None"/>
        <ATTRIBUTE NAME ="Allow Temporary View for Pushdown" VALUE ="NO"/>
        <ATTRIBUTE NAME ="Allow Temporary Sequence for Pushdown" VALUE ="NO"/>
        <ATTRIBUTE NAME ="Allow Pushdown for User Incompatible Connections" VALUE ="NO"/>
        <METADATAEXTENSION COMPONENTVERSION ="1000000" DATATYPE ="STRING" DESCRIPTION ="" DOMAINNAME ="User Defined Metadata Domain" ISCLIENTEDITABLE ="YES" ISCLIENTVISIBLE ="YES" ISREUSABLE ="NO" ISSHAREREAD ="NO" ISSHAREWRITE ="NO" MAXLENGTH ="256" NAME ="Extension" VALUE ="Performance fix HBI_DEMAND - EVENTS - V3.0" VENDORNAME ="INFORMATICA"/>
    </SESSION>
    <MAPPING DESCRIPTION ="Mapping to create persistent cache MAKE_BUY_CD_CACHE to use in m_HBI_DMD_EVENTS Lookup MAKE_BUY_CD" ISVALID ="YES" NAME ="m_MAKE_BUY_CD_CACHE" OBJECTVERSION ="1" VERSIONNUMBER ="1">
        <TRANSFORMATION DESCRIPTION ="Lookup to get required fields" NAME ="LKP_MAKE_BUY_CD" OBJECTVERSION ="1" REUSABLE ="NO" TYPE ="Lookup Procedure" VERSIONNUMBER ="1">
            <TRANSFORMFIELD DATATYPE ="string" DEFAULTVALUE ="" DESCRIPTION ="" NAME ="STYLE_CD" PICTURETEXT ="" PORTTYPE ="LOOKUP" PRECISION ="6" SCALE ="0"/>
            <TRANSFORMFIELD DATATYPE ="string" DEFAULTVALUE ="" DESCRIPTION ="" NAME ="COLOR_CD" PICTURETEXT ="" PORTTYPE ="LOOKUP" PRECISION ="4" SCALE ="0"/>
            <TRANSFORMFIELD DATATYPE ="string" DEFAULTVALUE ="" DESCRIPTION ="" NAME ="ATTRIBUTE_CD" PICTURETEXT ="" PORTTYPE ="LOOKUP" PRECISION ="6" SCALE ="0"/>
            <TRANSFORMFIELD DATATYPE ="string" DEFAULTVALUE ="" DESCRIPTION ="" NAME ="SIZE_CD" PICTURETEXT ="" PORTTYPE ="LOOKUP" PRECISION ="3" SCALE ="0"/>
            <TRANSFORMFIELD DATATYPE ="string" DEFAULTVALUE ="" DESCRIPTION ="" NAME ="MFG_PATH_ID" PICTURETEXT ="" PORTTYPE ="LOOKUP" PRECISION ="3" SCALE ="0"/>
            <TRANSFORMFIELD DATATYPE ="decimal" DEFAULTVALUE ="" DESCRIPTION ="" NAME ="REVISION_NO" PICTURETEXT ="" PORTTYPE ="LOOKUP" PRECISION ="3" SCALE ="0"/>
            <TRANSFORMFIELD DATATYPE ="string" DEFAULTVALUE ="" DESCRIPTION ="" NAME ="MAKE_OR_BUY_CD" PICTURETEXT ="" PORTTYPE ="LOOKUP/RETURN/OUTPUT" PRECISION ="1" SCALE ="0"/>
            <TRANSFORMFIELD DATATYPE ="string" DEFAULTVALUE ="" DESCRIPTION ="" NAME ="I_STYLE_CD" PICTURETEXT ="" PORTTYPE ="INPUT" PRECISION ="6" SCALE ="0"/>
            <TRANSFORMFIELD DATATYPE ="string" DEFAULTVALUE ="" DESCRIPTION ="" NAME ="I_COLOR_CD" PICTURETEXT ="" PORTTYPE ="INPUT" PRECISION ="4" SCALE ="0"/>
            <TRANSFORMFIELD DATATYPE ="string" DEFAULTVALUE ="" DESCRIPTION ="" NAME ="I_ATTRIBUTE_CD" PICTURETEXT ="" PORTTYPE ="INPUT" PRECISION ="6" SCALE ="0"/>
            <TRANSFORMFIELD DATATYPE ="string" DEFAULTVALUE ="" DESCRIPTION ="" NAME ="I_SIZE_CD" PICTURETEXT ="" PORTTYPE ="INPUT" PRECISION ="3" SCALE ="0"/>
            <TRANSFORMFIELD DATATYPE ="string" DEFAULTVALUE ="" DESCRIPTION ="" NAME ="I_APS_DEM_LOC_CD" PICTURETEXT ="" PORTTYPE ="INPUT" PRECISION ="255" SCALE ="0"/>
            <TRANSFORMFIELD DATATYPE ="decimal" DEFAULTVALUE ="" DESCRIPTION ="" NAME ="I_MFG_REVISION_NO" PICTURETEXT ="" PORTTYPE ="INPUT" PRECISION ="3" SCALE ="0"/>
            <TABLEATTRIBUTE NAME ="Lookup Sql Override" VALUE ="SELECT MFG_PATH.MAKE_OR_BUY_CD as MAKE_OR_BUY_CD, MFG_PATH.STYLE_CD as STYLE_CD, MFG_PATH.COLOR_CD as COLOR_CD, MFG_PATH.ATTRIBUTE_CD as ATTRIBUTE_CD, MFG_PATH.SIZE_CD as SIZE_CD, MFG_PATH.MFG_PATH_ID as MFG_PATH_ID, MFG_PATH.REVISION_NO as REVISION_NO FROM MFG_PATH MFG_PATH  ORDER BY MAKE_OR_BUY_CD , STYLE_CD,COLOR_CD,ATTRIBUTE_CD,SIZE_CD,MFG_PATH_ID, REVISION_NO  ,EFFECT_BEGIN_DATE DESC --"/>
            <TABLEATTRIBUTE NAME ="Lookup table name" VALUE ="MFG_PATH"/>
            <TABLEATTRIBUTE NAME ="Lookup Source Filter" VALUE =""/>
            <TABLEATTRIBUTE NAME ="Lookup caching enabled" VALUE ="YES"/>
            <TABLEATTRIBUTE NAME ="Lookup policy on multiple match" VALUE ="Use First Value"/>
            <TABLEATTRIBUTE NAME ="Lookup condition" VALUE ="STYLE_CD = I_STYLE_CD AND COLOR_CD = I_COLOR_CD AND ATTRIBUTE_CD = I_ATTRIBUTE_CD AND SIZE_CD = I_SIZE_CD AND MFG_PATH_ID = I_APS_DEM_LOC_CD AND REVISION_NO = I_MFG_REVISION_NO"/>
            <TABLEATTRIBUTE NAME ="Connection Information" VALUE ="PROD1"/>
            <TABLEATTRIBUTE NAME ="Source Type" VALUE ="Database"/>
            <TABLEATTRIBUTE NAME ="Recache if Stale" VALUE ="NO"/>
            <TABLEATTRIBUTE NAME ="Tracing Level" VALUE ="Normal"/>
            <TABLEATTRIBUTE NAME ="Lookup cache directory name" VALUE ="$PMRootDir&#x5c;PerCache"/>
            <TABLEATTRIBUTE NAME ="Lookup cache initialize" VALUE ="NO"/>
            <TABLEATTRIBUTE NAME ="Lookup cache persistent" VALUE ="YES"/>
            <TABLEATTRIBUTE NAME ="Lookup Data Cache Size" VALUE ="Auto"/>
            <TABLEATTRIBUTE NAME ="Lookup Index Cache Size" VALUE ="Auto"/>
            <TABLEATTRIBUTE NAME ="Dynamic Lookup Cache" VALUE ="NO"/>
            <TABLEATTRIBUTE NAME ="Synchronize Dynamic Cache" VALUE ="NO"/>
            <TABLEATTRIBUTE NAME ="Output Old Value On Update" VALUE ="NO"/>
            <TABLEATTRIBUTE NAME ="Update Dynamic Cache Condition" VALUE ="TRUE"/>
            <TABLEATTRIBUTE NAME ="Cache File Name Prefix" VALUE ="MAKE_BUY_CD_CACHE"/>
            <TABLEATTRIBUTE NAME ="Re-cache from lookup source" VALUE ="YES"/>
            <TABLEATTRIBUTE NAME ="Insert Else Update" VALUE ="NO"/>
            <TABLEATTRIBUTE NAME ="Update Else Insert" VALUE ="NO"/>
            <TABLEATTRIBUTE NAME ="Datetime Format" VALUE =""/>
            <TABLEATTRIBUTE NAME ="Thousand Separator" VALUE ="None"/>
            <TABLEATTRIBUTE NAME ="Decimal Separator" VALUE ="."/>
            <TABLEATTRIBUTE NAME ="Case Sensitive String Comparison" VALUE ="NO"/>
            <TABLEATTRIBUTE NAME ="Null ordering" VALUE ="Null Is Highest Value"/>
            <TABLEATTRIBUTE NAME ="Sorted Input" VALUE ="NO"/>
            <TABLEATTRIBUTE NAME ="Lookup source is static" VALUE ="NO"/>
            <TABLEATTRIBUTE NAME ="Pre-build lookup cache" VALUE ="Auto"/>
            <TABLEATTRIBUTE NAME ="Subsecond Precision" VALUE ="6"/>
        </TRANSFORMATION>
        <TRANSFORMATION DESCRIPTION ="Expression to passthrough required fields" NAME ="EXP_PASSTHROUGH" OBJECTVERSION ="1" REUSABLE ="NO" TYPE ="Expression" VERSIONNUMBER ="1">
            <TRANSFORMFIELD DATATYPE ="string" DEFAULTVALUE ="" DESCRIPTION ="" NAME ="MAKE_OR_BUY_CD" PICTURETEXT ="" PORTTYPE ="INPUT" PRECISION ="1" SCALE ="0"/>
            <TRANSFORMFIELD DATATYPE ="string" DEFAULTVALUE ="ERROR(&apos;transformation error&apos;)" DESCRIPTION ="" EXPRESSION ="&apos;CACHE_MBCD&apos;" EXPRESSIONTYPE ="GENERAL" NAME ="CACHE_NAME" PICTURETEXT ="" PORTTYPE ="OUTPUT" PRECISION ="15" SCALE ="0"/>
            <TABLEATTRIBUTE NAME ="Tracing Level" VALUE ="Normal"/>
        </TRANSFORMATION>
        <TRANSFORMATION DESCRIPTION ="Source Qualifier for ITEM table" NAME ="SQ_ITEM" OBJECTVERSION ="1" REUSABLE ="NO" TYPE ="Source Qualifier" VERSIONNUMBER ="1">
            <TRANSFORMFIELD DATATYPE ="string" DEFAULTVALUE ="" DESCRIPTION ="" NAME ="STYLE" PICTURETEXT ="" PORTTYPE ="INPUT/OUTPUT" PRECISION ="10" SCALE ="0"/>
            <TRANSFORMFIELD DATATYPE ="string" DEFAULTVALUE ="" DESCRIPTION ="" NAME ="COLOR" PICTURETEXT ="" PORTTYPE ="INPUT/OUTPUT" PRECISION ="5" SCALE ="0"/>
            <TRANSFORMFIELD DATATYPE ="string" DEFAULTVALUE ="" DESCRIPTION ="" NAME ="ATTRIBUTE_CODE" PICTURETEXT ="" PORTTYPE ="INPUT/OUTPUT" PRECISION ="6" SCALE ="0"/>
            <TRANSFORMFIELD DATATYPE ="string" DEFAULTVALUE ="" DESCRIPTION ="" NAME ="SIZE_CODE" PICTURETEXT ="" PORTTYPE ="INPUT/OUTPUT" PRECISION ="3" SCALE ="0"/>
            <TRANSFORMFIELD DATATYPE ="decimal" DEFAULTVALUE ="" DESCRIPTION ="" NAME ="PACK_QTY" PICTURETEXT ="" PORTTYPE ="INPUT/OUTPUT" PRECISION ="3" SCALE ="0"/>
            <TRANSFORMFIELD DATATYPE ="string" DEFAULTVALUE ="" DESCRIPTION ="" NAME ="DIVISION_GROUP" PICTURETEXT ="" PORTTYPE ="INPUT/OUTPUT" PRECISION ="255" SCALE ="0"/>
            <TABLEATTRIBUTE NAME ="Sql Query" VALUE ="SELECT 1,1,1,1,1,1"/>
            <TABLEATTRIBUTE NAME ="User Defined Join" VALUE =""/>
            <TABLEATTRIBUTE NAME ="Source Filter" VALUE =""/>
            <TABLEATTRIBUTE NAME ="Number Of Sorted Ports" VALUE ="0"/>
            <TABLEATTRIBUTE NAME ="Tracing Level" VALUE ="Normal"/>
            <TABLEATTRIBUTE NAME ="Select Distinct" VALUE ="NO"/>
            <TABLEATTRIBUTE NAME ="Is Partitionable" VALUE ="NO"/>
            <TABLEATTRIBUTE NAME ="Pre SQL" VALUE =""/>
            <TABLEATTRIBUTE NAME ="Post SQL" VALUE =""/>
            <TABLEATTRIBUTE NAME ="Output is deterministic" VALUE ="NO"/>
            <TABLEATTRIBUTE NAME ="Output is repeatable" VALUE ="Never"/>
        </TRANSFORMATION>
        <INSTANCE DESCRIPTION ="Target Table loading CACHE_NAME" NAME ="CACHE_MBCD" TRANSFORMATION_NAME ="CACHE_SIWSP" TRANSFORMATION_TYPE ="Target Definition" TYPE ="TARGET"/>
        <INSTANCE DBDNAME ="demand_prioritization_stage" DESCRIPTION ="Source Table ITEM" NAME ="ITEM" TRANSFORMATION_NAME ="ITEM" TRANSFORMATION_TYPE ="Source Definition" TYPE ="SOURCE"/>
        <INSTANCE DESCRIPTION ="Lookup to get required fields" NAME ="LKP_MAKE_BUY_CD" REUSABLE ="NO" TRANSFORMATION_NAME ="LKP_MAKE_BUY_CD" TRANSFORMATION_TYPE ="Lookup Procedure" TYPE ="TRANSFORMATION"/>
        <INSTANCE DESCRIPTION ="Expression to passthrough required fields" NAME ="EXP_PASSTHROUGH" REUSABLE ="NO" TRANSFORMATION_NAME ="EXP_PASSTHROUGH" TRANSFORMATION_TYPE ="Expression" TYPE ="TRANSFORMATION"/>
        <INSTANCE DESCRIPTION ="Source Qualifier for ITEM table" NAME ="SQ_ITEM" REUSABLE ="NO" TRANSFORMATION_NAME ="SQ_ITEM" TRANSFORMATION_TYPE ="Source Qualifier" TYPE ="TRANSFORMATION">
            <ASSOCIATED_SOURCE_INSTANCE NAME ="ITEM"/>
        </INSTANCE>
        <CONNECTOR FROMFIELD ="CACHE_NAME" FROMINSTANCE ="EXP_PASSTHROUGH" FROMINSTANCETYPE ="Expression" TOFIELD ="DUMMY" TOINSTANCE ="CACHE_MBCD" TOINSTANCETYPE ="Target Definition"/>
        <CONNECTOR FROMFIELD ="STYLE" FROMINSTANCE ="ITEM" FROMINSTANCETYPE ="Source Definition" TOFIELD ="STYLE" TOINSTANCE ="SQ_ITEM" TOINSTANCETYPE ="Source Qualifier"/>
        <CONNECTOR FROMFIELD ="COLOR" FROMINSTANCE ="ITEM" FROMINSTANCETYPE ="Source Definition" TOFIELD ="COLOR" TOINSTANCE ="SQ_ITEM" TOINSTANCETYPE ="Source Qualifier"/>
        <CONNECTOR FROMFIELD ="ATTRIBUTE_CODE" FROMINSTANCE ="ITEM" FROMINSTANCETYPE ="Source Definition" TOFIELD ="ATTRIBUTE_CODE" TOINSTANCE ="SQ_ITEM" TOINSTANCETYPE ="Source Qualifier"/>
        <CONNECTOR FROMFIELD ="SIZE_CODE" FROMINSTANCE ="ITEM" FROMINSTANCETYPE ="Source Definition" TOFIELD ="SIZE_CODE" TOINSTANCE ="SQ_ITEM" TOINSTANCETYPE ="Source Qualifier"/>
        <CONNECTOR FROMFIELD ="PACK_QTY" FROMINSTANCE ="ITEM" FROMINSTANCETYPE ="Source Definition" TOFIELD ="PACK_QTY" TOINSTANCE ="SQ_ITEM" TOINSTANCETYPE ="Source Qualifier"/>
        <CONNECTOR FROMFIELD ="DIVISION_GROUP" FROMINSTANCE ="ITEM" FROMINSTANCETYPE ="Source Definition" TOFIELD ="DIVISION_GROUP" TOINSTANCE ="SQ_ITEM" TOINSTANCETYPE ="Source Qualifier"/>
        <CONNECTOR FROMFIELD ="MAKE_OR_BUY_CD" FROMINSTANCE ="LKP_MAKE_BUY_CD" FROMINSTANCETYPE ="Lookup Procedure" TOFIELD ="MAKE_OR_BUY_CD" TOINSTANCE ="EXP_PASSTHROUGH" TOINSTANCETYPE ="Expression"/>
        <CONNECTOR FROMFIELD ="STYLE" FROMINSTANCE ="SQ_ITEM" FROMINSTANCETYPE ="Source Qualifier" TOFIELD ="I_STYLE_CD" TOINSTANCE ="LKP_MAKE_BUY_CD" TOINSTANCETYPE ="Lookup Procedure"/>
        <CONNECTOR FROMFIELD ="COLOR" FROMINSTANCE ="SQ_ITEM" FROMINSTANCETYPE ="Source Qualifier" TOFIELD ="I_COLOR_CD" TOINSTANCE ="LKP_MAKE_BUY_CD" TOINSTANCETYPE ="Lookup Procedure"/>
        <CONNECTOR FROMFIELD ="ATTRIBUTE_CODE" FROMINSTANCE ="SQ_ITEM" FROMINSTANCETYPE ="Source Qualifier" TOFIELD ="I_ATTRIBUTE_CD" TOINSTANCE ="LKP_MAKE_BUY_CD" TOINSTANCETYPE ="Lookup Procedure"/>
        <CONNECTOR FROMFIELD ="SIZE_CODE" FROMINSTANCE ="SQ_ITEM" FROMINSTANCETYPE ="Source Qualifier" TOFIELD ="I_SIZE_CD" TOINSTANCE ="LKP_MAKE_BUY_CD" TOINSTANCETYPE ="Lookup Procedure"/>
        <CONNECTOR FROMFIELD ="DIVISION_GROUP" FROMINSTANCE ="SQ_ITEM" FROMINSTANCETYPE ="Source Qualifier" TOFIELD ="I_APS_DEM_LOC_CD" TOINSTANCE ="LKP_MAKE_BUY_CD" TOINSTANCETYPE ="Lookup Procedure"/>
        <CONNECTOR FROMFIELD ="PACK_QTY" FROMINSTANCE ="SQ_ITEM" FROMINSTANCETYPE ="Source Qualifier" TOFIELD ="I_MFG_REVISION_NO" TOINSTANCE ="LKP_MAKE_BUY_CD" TOINSTANCETYPE ="Lookup Procedure"/>
        <TARGETLOADORDER ORDER ="1" TARGETINSTANCE ="CACHE_MBCD"/>
        <ERPINFO/>
        <METADATAEXTENSION COMPONENTVERSION ="1000000" DATATYPE ="STRING" DESCRIPTION ="" DOMAINNAME ="User Defined Metadata Domain" ISCLIENTEDITABLE ="YES" ISCLIENTVISIBLE ="YES" ISREUSABLE ="NO" ISSHAREREAD ="NO" ISSHAREWRITE ="NO" MAXLENGTH ="256" NAME ="Extension" VALUE ="Performance fix HBI_DEMAND - EVENTS - V3.0" VENDORNAME ="INFORMATICA"/>
    </MAPPING>
    <SESSION DESCRIPTION ="Session holding m_MAKE_BUY_CD_CACHE to create persistennt cache MAKE_BUY_CD_CACHE" ISVALID ="YES" MAPPINGNAME ="m_MAKE_BUY_CD_CACHE" NAME ="s_m_MAKE_BUY_CD_CACHE" REUSABLE ="YES" SORTORDER ="Binary" VERSIONNUMBER ="1">
        <SESSTRANSFORMATIONINST ISREPARTITIONPOINT ="YES" PARTITIONTYPE ="PASS THROUGH" PIPELINE ="1" SINSTANCENAME ="CACHE_MBCD" STAGE ="1" TRANSFORMATIONNAME ="CACHE_MBCD" TRANSFORMATIONTYPE ="Target Definition">
            <FLATFILE CODEPAGE ="MS1252" CONSECDELIMITERSASONE ="NO" DELIMITED ="YES" DELIMITERS ="," ESCAPE_CHARACTER ="" KEEPESCAPECHAR ="NO" LINESEQUENTIAL ="NO" MULTIDELIMITERSASAND ="NO" NULLCHARTYPE ="ASCII" NULL_CHARACTER ="*" PADBYTES ="1" QUOTE_CHARACTER ="NONE" REPEATABLE ="NO" ROWDELIMITER ="0" SKIPROWS ="0" STRIPTRAILINGBLANKS ="NO"/>
        </SESSTRANSFORMATIONINST>
        <SESSTRANSFORMATIONINST ISREPARTITIONPOINT ="NO" PIPELINE ="1" SINSTANCENAME ="LKP_MAKE_BUY_CD" STAGE ="2" TRANSFORMATIONNAME ="LKP_MAKE_BUY_CD" TRANSFORMATIONTYPE ="Lookup Procedure">
            <PARTITION DESCRIPTION ="" NAME ="Partition #1"/>
            <ATTRIBUTE NAME ="Connection Information" VALUE ="Relational:PROD1"/>
        </SESSTRANSFORMATIONINST>
        <SESSTRANSFORMATIONINST ISREPARTITIONPOINT ="NO" PIPELINE ="0" SINSTANCENAME ="ITEM" STAGE ="0" TRANSFORMATIONNAME ="ITEM" TRANSFORMATIONTYPE ="Source Definition"/>
        <SESSTRANSFORMATIONINST ISREPARTITIONPOINT ="YES" PARTITIONTYPE ="PASS THROUGH" PIPELINE ="1" SINSTANCENAME ="SQ_ITEM" STAGE ="2" TRANSFORMATIONNAME ="SQ_ITEM" TRANSFORMATIONTYPE ="Source Qualifier"/>
        <SESSTRANSFORMATIONINST ISREPARTITIONPOINT ="NO" PIPELINE ="1" SINSTANCENAME ="EXP_PASSTHROUGH" STAGE ="2" TRANSFORMATIONNAME ="EXP_PASSTHROUGH" TRANSFORMATIONTYPE ="Expression">
            <PARTITION DESCRIPTION ="" NAME ="Partition #1"/>
        </SESSTRANSFORMATIONINST>
        <CONFIGREFERENCE REFOBJECTNAME ="default_session_config" TYPE ="Session config"/>
        <SESSIONEXTENSION NAME ="File Writer" SINSTANCENAME ="CACHE_MBCD" SUBTYPE ="File Writer" TRANSFORMATIONTYPE ="Target Definition" TYPE ="WRITER">
            <CONNECTIONREFERENCE CNXREFNAME ="Connection" CONNECTIONNAME ="" CONNECTIONNUMBER ="1" CONNECTIONSUBTYPE ="" CONNECTIONTYPE ="" VARIABLE =""/>
            <ATTRIBUTE NAME ="Merge Type" VALUE ="No Merge"/>
            <ATTRIBUTE NAME ="Merge File Directory" VALUE ="$PMTargetFileDir&#x5c;"/>
            <ATTRIBUTE NAME ="Merge File Name" VALUE ="cache_mbcd.out"/>
            <ATTRIBUTE NAME ="Append if Exists" VALUE ="NO"/>
            <ATTRIBUTE NAME ="Create Target Directory" VALUE ="NO"/>
            <ATTRIBUTE NAME ="Header Options" VALUE ="No Header"/>
            <ATTRIBUTE NAME ="Header Command" VALUE =""/>
            <ATTRIBUTE NAME ="Footer Command" VALUE =""/>
            <ATTRIBUTE NAME ="Output Type" VALUE ="File"/>
            <ATTRIBUTE NAME ="Merge Command" VALUE =""/>
            <ATTRIBUTE NAME ="Output file directory" VALUE ="$PMTargetFileDir&#x5c;DPR_LITE&#x5c;TGT&#x5c;"/>
            <ATTRIBUTE NAME ="Output filename" VALUE ="cache_mbcd1.out"/>
            <ATTRIBUTE NAME ="Reject file directory" VALUE ="$PMBadFileDir&#x5c;DPR_LITE&#x5c;BAD&#x5c;"/>
            <ATTRIBUTE NAME ="Reject filename" VALUE ="s_m_MAKE_BUY_CD_CACHE.bad"/>
            <ATTRIBUTE NAME ="Command" VALUE =""/>
            <ATTRIBUTE NAME ="Codepage Parameter" VALUE =""/>
        </SESSIONEXTENSION>
        <SESSIONEXTENSION NAME ="Relational Lookup" SINSTANCENAME ="LKP_MAKE_BUY_CD" SUBTYPE ="Relational Lookup" TRANSFORMATIONTYPE ="Lookup Procedure" TYPE ="LOOKUPEXTENSION">
            <CONNECTIONREFERENCE CNXREFNAME ="DB Connection" CONNECTIONNAME ="PROD1" CONNECTIONNUMBER ="1" CONNECTIONSUBTYPE ="Oracle" CONNECTIONTYPE ="Relational" VARIABLE =""/>
        </SESSIONEXTENSION>
        <SESSIONEXTENSION DSQINSTNAME ="SQ_ITEM" DSQINSTTYPE ="Source Qualifier" NAME ="Relational Reader" SINSTANCENAME ="ITEM" SUBTYPE ="Relational Reader" TRANSFORMATIONTYPE ="Source Definition" TYPE ="READER"/>
        <SESSIONEXTENSION NAME ="Relational Reader" SINSTANCENAME ="SQ_ITEM" SUBTYPE ="Relational Reader" TRANSFORMATIONTYPE ="Source Qualifier" TYPE ="READER">
            <CONNECTIONREFERENCE CNXREFNAME ="DB Connection" CONNECTIONNAME ="Demand_Prioritization_Stage" CONNECTIONNUMBER ="1" CONNECTIONSUBTYPE ="Microsoft SQL Server" CONNECTIONTYPE ="Relational" VARIABLE =""/>
        </SESSIONEXTENSION>
        <ATTRIBUTE NAME ="General Options" VALUE =""/>
        <ATTRIBUTE NAME ="Write Backward Compatible Session Log File" VALUE ="YES"/>
        <ATTRIBUTE NAME ="Session Log File Name" VALUE ="s_m_MAKE_BUY_CD_CACHE.log"/>
        <ATTRIBUTE NAME ="Session Log File directory" VALUE ="$PMSessionLogDir&#x5c;DPR_LITE&#x5c;LOG&#x5c;"/>
        <ATTRIBUTE NAME ="Parameter Filename" VALUE =""/>
        <ATTRIBUTE NAME ="Enable Test Load" VALUE ="NO"/>
        <ATTRIBUTE NAME ="$Source connection value" VALUE =""/>
        <ATTRIBUTE NAME ="$Target connection value" VALUE =""/>
        <ATTRIBUTE NAME ="Treat source rows as" VALUE ="Insert"/>
        <ATTRIBUTE NAME ="Commit Type" VALUE ="Target"/>
        <ATTRIBUTE NAME ="Commit Interval" VALUE ="10000"/>
        <ATTRIBUTE NAME ="Commit On End Of File" VALUE ="YES"/>
        <ATTRIBUTE NAME ="Rollback Transactions on Errors" VALUE ="NO"/>
        <ATTRIBUTE NAME ="Recovery Strategy" VALUE ="Restart task"/>
        <ATTRIBUTE NAME ="Java Classpath" VALUE =""/>
        <ATTRIBUTE NAME ="Performance" VALUE =""/>
        <ATTRIBUTE NAME ="DTM buffer size" VALUE ="Auto"/>
        <ATTRIBUTE NAME ="Collect performance data" VALUE ="NO"/>
        <ATTRIBUTE NAME ="Write performance data to repository" VALUE ="NO"/>
        <ATTRIBUTE NAME ="Incremental Aggregation" VALUE ="NO"/>
        <ATTRIBUTE NAME ="Enable high precision" VALUE ="NO"/>
        <ATTRIBUTE NAME ="Session retry on deadlock" VALUE ="NO"/>
        <ATTRIBUTE NAME ="Pushdown Optimization" VALUE ="None"/>
        <ATTRIBUTE NAME ="Allow Temporary View for Pushdown" VALUE ="NO"/>
        <ATTRIBUTE NAME ="Allow Temporary Sequence for Pushdown" VALUE ="NO"/>
        <ATTRIBUTE NAME ="Allow Pushdown for User Incompatible Connections" VALUE ="NO"/>
        <METADATAEXTENSION COMPONENTVERSION ="1000000" DATATYPE ="STRING" DESCRIPTION ="" DOMAINNAME ="User Defined Metadata Domain" ISCLIENTEDITABLE ="YES" ISCLIENTVISIBLE ="YES" ISREUSABLE ="NO" ISSHAREREAD ="NO" ISSHAREWRITE ="NO" MAXLENGTH ="256" NAME ="Extension" VALUE ="Performance fix HBI_DEMAND - EVENTS - V3.0" VENDORNAME ="INFORMATICA"/>
    </SESSION>
    <MAPPING DESCRIPTION ="Mapping to create persistent cache SLBA_ITEM_WSP_CACHE to use in m_HBI_DMD_EVENTS Lookup SLBA_ITEM_WHOLESALE_PRICE" ISVALID ="YES" NAME ="m_SLBA_ITEM_WHOLESALE_PRICE_CACHE" OBJECTVERSION ="1" VERSIONNUMBER ="1">
        <TRANSFORMATION DESCRIPTION ="Expression to passthrough required fields" NAME ="EXP_PASSTHROUGH" OBJECTVERSION ="1" REUSABLE ="NO" TYPE ="Expression" VERSIONNUMBER ="1">
            <TRANSFORMFIELD DATATYPE ="decimal" DEFAULTVALUE ="" DESCRIPTION ="" NAME ="ITEM_ID" PICTURETEXT ="" PORTTYPE ="INPUT" PRECISION ="38" SCALE ="0"/>
            <TRANSFORMFIELD DATATYPE ="string" DEFAULTVALUE ="" DESCRIPTION ="" NAME ="I_ALIAS_FCST_SKU_KEY" PICTURETEXT ="" PORTTYPE ="INPUT" PRECISION ="80" SCALE ="0"/>
            <TRANSFORMFIELD DATATYPE ="decimal" DEFAULTVALUE ="" DESCRIPTION ="" NAME ="I_ALIAS_BUS_SEG_HIER_ID" PICTURETEXT ="" PORTTYPE ="INPUT" PRECISION ="38" SCALE ="0"/>
            <TRANSFORMFIELD DATATYPE ="string" DEFAULTVALUE ="" DESCRIPTION ="" NAME ="I_ALIAS_STYLE_GROUP" PICTURETEXT ="" PORTTYPE ="INPUT" PRECISION ="40" SCALE ="0"/>
            <TRANSFORMFIELD DATATYPE ="string" DEFAULTVALUE ="" DESCRIPTION ="" NAME ="I_ALIAS_CAPACITY_GROUP" PICTURETEXT ="" PORTTYPE ="INPUT" PRECISION ="40" SCALE ="0"/>
            <TRANSFORMFIELD DATATYPE ="string" DEFAULTVALUE ="" DESCRIPTION ="" NAME ="I_MAX_ITEM_ID" PICTURETEXT ="" PORTTYPE ="INPUT" PRECISION ="10" SCALE ="0"/>
            <TRANSFORMFIELD DATATYPE ="string" DEFAULTVALUE ="ERROR(&apos;transformation error&apos;)" DESCRIPTION ="" EXPRESSION ="&apos;CACHE_SIWSP&apos;" EXPRESSIONTYPE ="GENERAL" NAME ="CACHE_NAME" PICTURETEXT ="" PORTTYPE ="OUTPUT" PRECISION ="10" SCALE ="0"/>
            <TABLEATTRIBUTE NAME ="Tracing Level" VALUE ="Normal"/>
        </TRANSFORMATION>
        <TRANSFORMATION DESCRIPTION ="Source Qualifier for ITEM table" NAME ="SQ_ITEM" OBJECTVERSION ="1" REUSABLE ="NO" TYPE ="Source Qualifier" VERSIONNUMBER ="1">
            <TRANSFORMFIELD DATATYPE ="string" DEFAULTVALUE ="" DESCRIPTION ="" NAME ="ATTRIBUTE_CODE" PICTURETEXT ="" PORTTYPE ="INPUT/OUTPUT" PRECISION ="6" SCALE ="0"/>
            <TRANSFORMFIELD DATATYPE ="string" DEFAULTVALUE ="" DESCRIPTION ="" NAME ="SIZE_CODE" PICTURETEXT ="" PORTTYPE ="INPUT/OUTPUT" PRECISION ="3" SCALE ="0"/>
            <TRANSFORMFIELD DATATYPE ="string" DEFAULTVALUE ="" DESCRIPTION ="" NAME ="APS_STYLE_CD" PICTURETEXT ="" PORTTYPE ="INPUT/OUTPUT" PRECISION ="10" SCALE ="0"/>
            <TRANSFORMFIELD DATATYPE ="string" DEFAULTVALUE ="" DESCRIPTION ="" NAME ="APS_COLOR_CD" PICTURETEXT ="" PORTTYPE ="INPUT/OUTPUT" PRECISION ="10" SCALE ="0"/>
            <TABLEATTRIBUTE NAME ="Sql Query" VALUE ="SELECT &#xD;&#xA;1,1,1,1"/>
            <TABLEATTRIBUTE NAME ="User Defined Join" VALUE =""/>
            <TABLEATTRIBUTE NAME ="Source Filter" VALUE =""/>
            <TABLEATTRIBUTE NAME ="Number Of Sorted Ports" VALUE ="0"/>
            <TABLEATTRIBUTE NAME ="Tracing Level" VALUE ="Normal"/>
            <TABLEATTRIBUTE NAME ="Select Distinct" VALUE ="NO"/>
            <TABLEATTRIBUTE NAME ="Is Partitionable" VALUE ="NO"/>
            <TABLEATTRIBUTE NAME ="Pre SQL" VALUE =""/>
            <TABLEATTRIBUTE NAME ="Post SQL" VALUE =""/>
            <TABLEATTRIBUTE NAME ="Output is deterministic" VALUE ="NO"/>
            <TABLEATTRIBUTE NAME ="Output is repeatable" VALUE ="Never"/>
        </TRANSFORMATION>
        <TRANSFORMATION DESCRIPTION ="Lookup to get required fields" NAME ="LKP_SLBA_ITEM_WHOLESALE_PRICE" OBJECTVERSION ="1" REUSABLE ="NO" TYPE ="Lookup Procedure" VERSIONNUMBER ="1">
            <TRANSFORMFIELD DATATYPE ="string" DEFAULTVALUE ="" DESCRIPTION ="" NAME ="STYLE_NUM" PICTURETEXT ="" PORTTYPE ="LOOKUP" PRECISION ="9" SCALE ="0"/>
            <TRANSFORMFIELD DATATYPE ="string" DEFAULTVALUE ="" DESCRIPTION ="" NAME ="COLOR_CODE" PICTURETEXT ="" PORTTYPE ="LOOKUP" PRECISION ="5" SCALE ="0"/>
            <TRANSFORMFIELD DATATYPE ="string" DEFAULTVALUE ="" DESCRIPTION ="" NAME ="ATTRIBUTION_CODE" PICTURETEXT ="" PORTTYPE ="LOOKUP" PRECISION ="10" SCALE ="0"/>
            <TRANSFORMFIELD DATATYPE ="string" DEFAULTVALUE ="" DESCRIPTION ="" NAME ="SIZE_NUM" PICTURETEXT ="" PORTTYPE ="LOOKUP" PRECISION ="3" SCALE ="0"/>
            <TRANSFORMFIELD DATATYPE ="string" DEFAULTVALUE ="" DESCRIPTION ="" NAME ="ALIAS_FCST_SKU_KEY" PICTURETEXT ="" PORTTYPE ="LOOKUP/OUTPUT" PRECISION ="80" SCALE ="0"/>
            <TRANSFORMFIELD DATATYPE ="decimal" DEFAULTVALUE ="" DESCRIPTION ="" NAME ="ALIAS_BUS_SEG_HIER_ID" PICTURETEXT ="" PORTTYPE ="LOOKUP/OUTPUT" PRECISION ="38" SCALE ="0"/>
            <TRANSFORMFIELD DATATYPE ="string" DEFAULTVALUE ="" DESCRIPTION ="" NAME ="ALIAS_STYLE_GROUP" PICTURETEXT ="" PORTTYPE ="LOOKUP/OUTPUT" PRECISION ="40" SCALE ="0"/>
            <TRANSFORMFIELD DATATYPE ="string" DEFAULTVALUE ="" DESCRIPTION ="" NAME ="ALIAS_CAPACITY_GROUP" PICTURETEXT ="" PORTTYPE ="LOOKUP/OUTPUT" PRECISION ="40" SCALE ="0"/>
            <TRANSFORMFIELD DATATYPE ="decimal" DEFAULTVALUE ="" DESCRIPTION ="" NAME ="ITEM_ID" PICTURETEXT ="" PORTTYPE ="LOOKUP/OUTPUT" PRECISION ="38" SCALE ="0"/>
            <TRANSFORMFIELD DATATYPE ="string" DEFAULTVALUE ="" DESCRIPTION ="" NAME ="MAX_ITEM_ID" PICTURETEXT ="" PORTTYPE ="LOOKUP/OUTPUT" PRECISION ="10" SCALE ="0"/>
            <TRANSFORMFIELD DATATYPE ="string" DEFAULTVALUE ="" DESCRIPTION ="" NAME ="I_ALIAS_ATTRIBUTION_CODE" PICTURETEXT ="" PORTTYPE ="INPUT" PRECISION ="10" SCALE ="0"/>
            <TRANSFORMFIELD DATATYPE ="string" DEFAULTVALUE ="" DESCRIPTION ="" NAME ="I_ALIAS_COLOR_CODE" PICTURETEXT ="" PORTTYPE ="INPUT" PRECISION ="10" SCALE ="0"/>
            <TRANSFORMFIELD DATATYPE ="string" DEFAULTVALUE ="" DESCRIPTION ="" NAME ="I_ALIAS_SIZE_NUM" PICTURETEXT ="" PORTTYPE ="INPUT" PRECISION ="10" SCALE ="0"/>
            <TRANSFORMFIELD DATATYPE ="string" DEFAULTVALUE ="" DESCRIPTION ="" NAME ="I_ALIAS_STYLE_NUM" PICTURETEXT ="" PORTTYPE ="INPUT" PRECISION ="10" SCALE ="0"/>
            <TABLEATTRIBUTE NAME ="Lookup Sql Override" VALUE ="select d.Style_num as style_num, d.color_code as color_code ,&#xD;&#xA;d.attribution_code as attribution_code ,&#xD;&#xA;d.size_num as size_num,&#xD;&#xA;d.fcst_sku_key as alias_fcst_sku_key,&#xD;&#xA;d.business_seg_hierarchy_id  as ALIAS_BUS_SEG_HIER_ID,&#xD;&#xA;d.style_group as alias_style_group,&#xD;&#xA;d.capacity_group as alias_capacity_group,d.item_id  as item_id, &#xD;&#xA;max(d.item_id) over (partition by style_num, color_code, attribution_code, size_num ) as max_item_id&#xD;&#xA;from&#xD;&#xA;(&#xD;&#xA;select si.style_num as style_num ,si.color_code as color_code,si.attribution_code as attribution_code,&#xD;&#xA;si.size_num as size_num,&#xD;&#xA;fis.fcst_sku_key as fcst_sku_key ,bsh.business_seg_hierarchy_id as business_seg_hierarchy_id ,sm.style_group as style_group ,si.capacity_group as capacity_group,&#xD;&#xA;si.item_id as item_id,max(fis.item_id) over (partition by si.style_num, si.color_code, si.attribution_code, si.size_num ) max_item_id&#xD;&#xA;from slba_item si&#xD;&#xA;inner join style_master_1 sm &#xD;&#xA;on sm.style_num = si.style_num and&#xD;&#xA;sm.division_group = si.division_group&#xD;&#xA;and sm.company_code = nvl(si.company_code,&apos;--&apos;)&#xD;&#xA;inner join fcst_business_seg_hierarchy bsh &#xD;&#xA;on sm.sbu_desc = bsh.STRATEGIC_BUSINESS_UNIT_DESC&#xD;&#xA; left outer join fcst_item_sku fis &#xD;&#xA; on si.item_id = fis.item_id&#xD;&#xA; and bsh.business_seg_hierarchy_id = fis.business_seg_hierarchy_id&#xD;&#xA;) d&#xD;&#xA;where d.item_id = d.max_item_id"/>
            <TABLEATTRIBUTE NAME ="Lookup table name" VALUE ="SLBA_ITEM"/>
            <TABLEATTRIBUTE NAME ="Lookup Source Filter" VALUE =""/>
            <TABLEATTRIBUTE NAME ="Lookup caching enabled" VALUE ="YES"/>
            <TABLEATTRIBUTE NAME ="Lookup policy on multiple match" VALUE ="Use Any Value"/>
            <TABLEATTRIBUTE NAME ="Lookup condition" VALUE ="STYLE_NUM = I_ALIAS_STYLE_NUM AND COLOR_CODE = I_ALIAS_COLOR_CODE AND ATTRIBUTION_CODE = I_ALIAS_ATTRIBUTION_CODE AND SIZE_NUM = I_ALIAS_SIZE_NUM"/>
            <TABLEATTRIBUTE NAME ="Connection Information" VALUE ="$Source"/>
            <TABLEATTRIBUTE NAME ="Source Type" VALUE ="Database"/>
            <TABLEATTRIBUTE NAME ="Recache if Stale" VALUE ="NO"/>
            <TABLEATTRIBUTE NAME ="Tracing Level" VALUE ="Normal"/>
            <TABLEATTRIBUTE NAME ="Lookup cache directory name" VALUE ="$PMRootDir&#x5c;PerCache"/>
            <TABLEATTRIBUTE NAME ="Lookup cache initialize" VALUE ="NO"/>
            <TABLEATTRIBUTE NAME ="Lookup cache persistent" VALUE ="YES"/>
            <TABLEATTRIBUTE NAME ="Lookup Data Cache Size" VALUE ="Auto"/>
            <TABLEATTRIBUTE NAME ="Lookup Index Cache Size" VALUE ="Auto"/>
            <TABLEATTRIBUTE NAME ="Dynamic Lookup Cache" VALUE ="NO"/>
            <TABLEATTRIBUTE NAME ="Synchronize Dynamic Cache" VALUE ="NO"/>
            <TABLEATTRIBUTE NAME ="Output Old Value On Update" VALUE ="NO"/>
            <TABLEATTRIBUTE NAME ="Update Dynamic Cache Condition" VALUE ="TRUE"/>
            <TABLEATTRIBUTE NAME ="Cache File Name Prefix" VALUE ="SLBA_ITEM_WSP_CACHE"/>
            <TABLEATTRIBUTE NAME ="Re-cache from lookup source" VALUE ="YES"/>
            <TABLEATTRIBUTE NAME ="Insert Else Update" VALUE ="NO"/>
            <TABLEATTRIBUTE NAME ="Update Else Insert" VALUE ="NO"/>
            <TABLEATTRIBUTE NAME ="Datetime Format" VALUE =""/>
            <TABLEATTRIBUTE NAME ="Thousand Separator" VALUE ="None"/>
            <TABLEATTRIBUTE NAME ="Decimal Separator" VALUE ="."/>
            <TABLEATTRIBUTE NAME ="Case Sensitive String Comparison" VALUE ="NO"/>
            <TABLEATTRIBUTE NAME ="Null ordering" VALUE ="Null Is Highest Value"/>
            <TABLEATTRIBUTE NAME ="Sorted Input" VALUE ="NO"/>
            <TABLEATTRIBUTE NAME ="Lookup source is static" VALUE ="NO"/>
            <TABLEATTRIBUTE NAME ="Pre-build lookup cache" VALUE ="Auto"/>
            <TABLEATTRIBUTE NAME ="Subsecond Precision" VALUE ="6"/>
        </TRANSFORMATION>
        <INSTANCE DESCRIPTION ="Target Table loading CACHE_NAME" NAME ="CACHE_SIWSP" TRANSFORMATION_NAME ="CACHE_SIWSP" TRANSFORMATION_TYPE ="Target Definition" TYPE ="TARGET"/>
        <INSTANCE DBDNAME ="demand_prioritization_stage" DESCRIPTION ="Source Table ITEM" NAME ="ITEM" TRANSFORMATION_NAME ="ITEM" TRANSFORMATION_TYPE ="Source Definition" TYPE ="SOURCE"/>
        <INSTANCE DESCRIPTION ="Expression to passthrough required fields" NAME ="EXP_PASSTHROUGH" REUSABLE ="NO" TRANSFORMATION_NAME ="EXP_PASSTHROUGH" TRANSFORMATION_TYPE ="Expression" TYPE ="TRANSFORMATION"/>
        <INSTANCE DESCRIPTION ="Source Qualifier for ITEM table" NAME ="SQ_ITEM" REUSABLE ="NO" TRANSFORMATION_NAME ="SQ_ITEM" TRANSFORMATION_TYPE ="Source Qualifier" TYPE ="TRANSFORMATION">
            <ASSOCIATED_SOURCE_INSTANCE NAME ="ITEM"/>
        </INSTANCE>
        <INSTANCE DESCRIPTION ="Lookup to get required fields" NAME ="LKP_SLBA_ITEM_WHOLESALE_PRICE" REUSABLE ="NO" TRANSFORMATION_NAME ="LKP_SLBA_ITEM_WHOLESALE_PRICE" TRANSFORMATION_TYPE ="Lookup Procedure" TYPE ="TRANSFORMATION"/>
        <CONNECTOR FROMFIELD ="CACHE_NAME" FROMINSTANCE ="EXP_PASSTHROUGH" FROMINSTANCETYPE ="Expression" TOFIELD ="DUMMY" TOINSTANCE ="CACHE_SIWSP" TOINSTANCETYPE ="Target Definition"/>
        <CONNECTOR FROMFIELD ="APS_COLOR_CD" FROMINSTANCE ="ITEM" FROMINSTANCETYPE ="Source Definition" TOFIELD ="APS_COLOR_CD" TOINSTANCE ="SQ_ITEM" TOINSTANCETYPE ="Source Qualifier"/>
        <CONNECTOR FROMFIELD ="APS_STYLE_CD" FROMINSTANCE ="ITEM" FROMINSTANCETYPE ="Source Definition" TOFIELD ="APS_STYLE_CD" TOINSTANCE ="SQ_ITEM" TOINSTANCETYPE ="Source Qualifier"/>
        <CONNECTOR FROMFIELD ="SIZE_CODE" FROMINSTANCE ="ITEM" FROMINSTANCETYPE ="Source Definition" TOFIELD ="SIZE_CODE" TOINSTANCE ="SQ_ITEM" TOINSTANCETYPE ="Source Qualifier"/>
        <CONNECTOR FROMFIELD ="ATTRIBUTE_CODE" FROMINSTANCE ="ITEM" FROMINSTANCETYPE ="Source Definition" TOFIELD ="ATTRIBUTE_CODE" TOINSTANCE ="SQ_ITEM" TOINSTANCETYPE ="Source Qualifier"/>
        <CONNECTOR FROMFIELD ="MAX_ITEM_ID" FROMINSTANCE ="LKP_SLBA_ITEM_WHOLESALE_PRICE" FROMINSTANCETYPE ="Lookup Procedure" TOFIELD ="I_MAX_ITEM_ID" TOINSTANCE ="EXP_PASSTHROUGH" TOINSTANCETYPE ="Expression"/>
        <CONNECTOR FROMFIELD ="ALIAS_CAPACITY_GROUP" FROMINSTANCE ="LKP_SLBA_ITEM_WHOLESALE_PRICE" FROMINSTANCETYPE ="Lookup Procedure" TOFIELD ="I_ALIAS_CAPACITY_GROUP" TOINSTANCE ="EXP_PASSTHROUGH" TOINSTANCETYPE ="Expression"/>
        <CONNECTOR FROMFIELD ="ALIAS_STYLE_GROUP" FROMINSTANCE ="LKP_SLBA_ITEM_WHOLESALE_PRICE" FROMINSTANCETYPE ="Lookup Procedure" TOFIELD ="I_ALIAS_STYLE_GROUP" TOINSTANCE ="EXP_PASSTHROUGH" TOINSTANCETYPE ="Expression"/>
        <CONNECTOR FROMFIELD ="ALIAS_BUS_SEG_HIER_ID" FROMINSTANCE ="LKP_SLBA_ITEM_WHOLESALE_PRICE" FROMINSTANCETYPE ="Lookup Procedure" TOFIELD ="I_ALIAS_BUS_SEG_HIER_ID" TOINSTANCE ="EXP_PASSTHROUGH" TOINSTANCETYPE ="Expression"/>
        <CONNECTOR FROMFIELD ="ALIAS_FCST_SKU_KEY" FROMINSTANCE ="LKP_SLBA_ITEM_WHOLESALE_PRICE" FROMINSTANCETYPE ="Lookup Procedure" TOFIELD ="I_ALIAS_FCST_SKU_KEY" TOINSTANCE ="EXP_PASSTHROUGH" TOINSTANCETYPE ="Expression"/>
        <CONNECTOR FROMFIELD ="ITEM_ID" FROMINSTANCE ="LKP_SLBA_ITEM_WHOLESALE_PRICE" FROMINSTANCETYPE ="Lookup Procedure" TOFIELD ="ITEM_ID" TOINSTANCE ="EXP_PASSTHROUGH" TOINSTANCETYPE ="Expression"/>
        <CONNECTOR FROMFIELD ="APS_STYLE_CD" FROMINSTANCE ="SQ_ITEM" FROMINSTANCETYPE ="Source Qualifier" TOFIELD ="I_ALIAS_STYLE_NUM" TOINSTANCE ="LKP_SLBA_ITEM_WHOLESALE_PRICE" TOINSTANCETYPE ="Lookup Procedure"/>
        <CONNECTOR FROMFIELD ="SIZE_CODE" FROMINSTANCE ="SQ_ITEM" FROMINSTANCETYPE ="Source Qualifier" TOFIELD ="I_ALIAS_SIZE_NUM" TOINSTANCE ="LKP_SLBA_ITEM_WHOLESALE_PRICE" TOINSTANCETYPE ="Lookup Procedure"/>
        <CONNECTOR FROMFIELD ="APS_COLOR_CD" FROMINSTANCE ="SQ_ITEM" FROMINSTANCETYPE ="Source Qualifier" TOFIELD ="I_ALIAS_COLOR_CODE" TOINSTANCE ="LKP_SLBA_ITEM_WHOLESALE_PRICE" TOINSTANCETYPE ="Lookup Procedure"/>
        <CONNECTOR FROMFIELD ="ATTRIBUTE_CODE" FROMINSTANCE ="SQ_ITEM" FROMINSTANCETYPE ="Source Qualifier" TOFIELD ="I_ALIAS_ATTRIBUTION_CODE" TOINSTANCE ="LKP_SLBA_ITEM_WHOLESALE_PRICE" TOINSTANCETYPE ="Lookup Procedure"/>
        <TARGETLOADORDER ORDER ="1" TARGETINSTANCE ="CACHE_SIWSP"/>
        <ERPINFO/>
        <METADATAEXTENSION COMPONENTVERSION ="1000000" DATATYPE ="STRING" DESCRIPTION ="" DOMAINNAME ="User Defined Metadata Domain" ISCLIENTEDITABLE ="YES" ISCLIENTVISIBLE ="YES" ISREUSABLE ="NO" ISSHAREREAD ="NO" ISSHAREWRITE ="NO" MAXLENGTH ="256" NAME ="Extension" VALUE ="Performance fix HBI_DEMAND - EVENTS - V3.0" VENDORNAME ="INFORMATICA"/>
    </MAPPING>
    <SESSION DESCRIPTION ="This session holds m_SLBA_ITEM_WHOLESALE_PRICE_CACHE to create persistent cache for SLBA_ITEM Lookup" ISVALID ="YES" MAPPINGNAME ="m_SLBA_ITEM_WHOLESALE_PRICE_CACHE" NAME ="s_m_SLBA_ITEM_WHOLESALE_PRICE_CACHE" REUSABLE ="YES" SORTORDER ="Binary" VERSIONNUMBER ="1">
        <SESSTRANSFORMATIONINST ISREPARTITIONPOINT ="YES" PARTITIONTYPE ="PASS THROUGH" PIPELINE ="1" SINSTANCENAME ="CACHE_SIWSP" STAGE ="1" TRANSFORMATIONNAME ="CACHE_SIWSP" TRANSFORMATIONTYPE ="Target Definition">
            <FLATFILE CODEPAGE ="MS1252" CONSECDELIMITERSASONE ="NO" DELIMITED ="YES" DELIMITERS ="," ESCAPE_CHARACTER ="" KEEPESCAPECHAR ="NO" LINESEQUENTIAL ="NO" MULTIDELIMITERSASAND ="NO" NULLCHARTYPE ="ASCII" NULL_CHARACTER ="*" PADBYTES ="1" QUOTE_CHARACTER ="NONE" REPEATABLE ="NO" ROWDELIMITER ="0" SKIPROWS ="0" STRIPTRAILINGBLANKS ="NO"/>
        </SESSTRANSFORMATIONINST>
        <SESSTRANSFORMATIONINST ISREPARTITIONPOINT ="NO" PIPELINE ="0" SINSTANCENAME ="ITEM" STAGE ="0" TRANSFORMATIONNAME ="ITEM" TRANSFORMATIONTYPE ="Source Definition"/>
        <SESSTRANSFORMATIONINST ISREPARTITIONPOINT ="YES" PARTITIONTYPE ="PASS THROUGH" PIPELINE ="1" SINSTANCENAME ="SQ_ITEM" STAGE ="2" TRANSFORMATIONNAME ="SQ_ITEM" TRANSFORMATIONTYPE ="Source Qualifier"/>
        <SESSTRANSFORMATIONINST ISREPARTITIONPOINT ="NO" PIPELINE ="1" SINSTANCENAME ="EXP_PASSTHROUGH" STAGE ="2" TRANSFORMATIONNAME ="EXP_PASSTHROUGH" TRANSFORMATIONTYPE ="Expression">
            <PARTITION DESCRIPTION ="" NAME ="Partition #1"/>
        </SESSTRANSFORMATIONINST>
        <SESSTRANSFORMATIONINST ISREPARTITIONPOINT ="NO" PIPELINE ="1" SINSTANCENAME ="LKP_SLBA_ITEM_WHOLESALE_PRICE" STAGE ="2" TRANSFORMATIONNAME ="LKP_SLBA_ITEM_WHOLESALE_PRICE" TRANSFORMATIONTYPE ="Lookup Procedure">
            <PARTITION DESCRIPTION ="" NAME ="Partition #1"/>
            <ATTRIBUTE NAME ="Connection Information" VALUE ="SLBADW_PRD"/>
        </SESSTRANSFORMATIONINST>
        <CONFIGREFERENCE REFOBJECTNAME ="default_session_config" TYPE ="Session config"/>
        <SESSIONEXTENSION NAME ="File Writer" SINSTANCENAME ="CACHE_SIWSP" SUBTYPE ="File Writer" TRANSFORMATIONTYPE ="Target Definition" TYPE ="WRITER">
            <CONNECTIONREFERENCE CNXREFNAME ="Connection" CONNECTIONNAME ="" CONNECTIONNUMBER ="1" CONNECTIONSUBTYPE ="" CONNECTIONTYPE ="" VARIABLE =""/>
            <ATTRIBUTE NAME ="Merge Type" VALUE ="No Merge"/>
            <ATTRIBUTE NAME ="Merge File Directory" VALUE ="$PMTargetFileDir&#x5c;"/>
            <ATTRIBUTE NAME ="Merge File Name" VALUE ="cache_siwsp.out"/>
            <ATTRIBUTE NAME ="Append if Exists" VALUE ="NO"/>
            <ATTRIBUTE NAME ="Create Target Directory" VALUE ="NO"/>
            <ATTRIBUTE NAME ="Header Options" VALUE ="No Header"/>
            <ATTRIBUTE NAME ="Header Command" VALUE =""/>
            <ATTRIBUTE NAME ="Footer Command" VALUE =""/>
            <ATTRIBUTE NAME ="Output Type" VALUE ="File"/>
            <ATTRIBUTE NAME ="Merge Command" VALUE =""/>
            <ATTRIBUTE NAME ="Output file directory" VALUE ="$PMTargetFileDir&#x5c;DPR_LITE&#x5c;TGT&#x5c;"/>
            <ATTRIBUTE NAME ="Output filename" VALUE ="cache_siwsp1.out"/>
            <ATTRIBUTE NAME ="Reject file directory" VALUE ="$PMBadFileDir&#x5c;DPR_LITE&#x5c;BAD&#x5c;"/>
            <ATTRIBUTE NAME ="Reject filename" VALUE ="s_m_SLBA_ITEM_WHOLESALE_PRICE_CACHE.bad"/>
            <ATTRIBUTE NAME ="Command" VALUE =""/>
            <ATTRIBUTE NAME ="Codepage Parameter" VALUE =""/>
        </SESSIONEXTENSION>
        <SESSIONEXTENSION DSQINSTNAME ="SQ_ITEM" DSQINSTTYPE ="Source Qualifier" NAME ="Relational Reader" SINSTANCENAME ="ITEM" SUBTYPE ="Relational Reader" TRANSFORMATIONTYPE ="Source Definition" TYPE ="READER"/>
        <SESSIONEXTENSION NAME ="Relational Reader" SINSTANCENAME ="SQ_ITEM" SUBTYPE ="Relational Reader" TRANSFORMATIONTYPE ="Source Qualifier" TYPE ="READER">
            <CONNECTIONREFERENCE CNXREFNAME ="DB Connection" CONNECTIONNAME ="Demand_Prioritization_Stage" CONNECTIONNUMBER ="1" CONNECTIONSUBTYPE ="Microsoft SQL Server" CONNECTIONTYPE ="Relational" VARIABLE =""/>
        </SESSIONEXTENSION>
        <SESSIONEXTENSION NAME ="Relational Lookup" SINSTANCENAME ="LKP_SLBA_ITEM_WHOLESALE_PRICE" SUBTYPE ="Relational Lookup" TRANSFORMATIONTYPE ="Lookup Procedure" TYPE ="LOOKUPEXTENSION">
            <CONNECTIONREFERENCE CNXREFNAME ="DB Connection" CONNECTIONNAME ="SLBADW_PRD" CONNECTIONNUMBER ="1" CONNECTIONSUBTYPE ="Oracle" CONNECTIONTYPE ="Relational" VARIABLE =""/>
        </SESSIONEXTENSION>
        <ATTRIBUTE NAME ="General Options" VALUE =""/>
        <ATTRIBUTE NAME ="Write Backward Compatible Session Log File" VALUE ="YES"/>
        <ATTRIBUTE NAME ="Session Log File Name" VALUE ="s_m_SLBA_ITEM_WHOLESALE_PRICE_CACHE.log"/>
        <ATTRIBUTE NAME ="Session Log File directory" VALUE ="$PMSessionLogDir&#x5c;DPR_LITE&#x5c;LOG&#x5c;"/>
        <ATTRIBUTE NAME ="Parameter Filename" VALUE =""/>
        <ATTRIBUTE NAME ="Enable Test Load" VALUE ="NO"/>
        <ATTRIBUTE NAME ="$Source connection value" VALUE =""/>
        <ATTRIBUTE NAME ="$Target connection value" VALUE =""/>
        <ATTRIBUTE NAME ="Treat source rows as" VALUE ="Insert"/>
        <ATTRIBUTE NAME ="Commit Type" VALUE ="Target"/>
        <ATTRIBUTE NAME ="Commit Interval" VALUE ="10000"/>
        <ATTRIBUTE NAME ="Commit On End Of File" VALUE ="YES"/>
        <ATTRIBUTE NAME ="Rollback Transactions on Errors" VALUE ="NO"/>
        <ATTRIBUTE NAME ="Recovery Strategy" VALUE ="Restart task"/>
        <ATTRIBUTE NAME ="Java Classpath" VALUE =""/>
        <ATTRIBUTE NAME ="Performance" VALUE =""/>
        <ATTRIBUTE NAME ="DTM buffer size" VALUE ="Auto"/>
        <ATTRIBUTE NAME ="Collect performance data" VALUE ="NO"/>
        <ATTRIBUTE NAME ="Write performance data to repository" VALUE ="NO"/>
        <ATTRIBUTE NAME ="Incremental Aggregation" VALUE ="NO"/>
        <ATTRIBUTE NAME ="Enable high precision" VALUE ="NO"/>
        <ATTRIBUTE NAME ="Session retry on deadlock" VALUE ="NO"/>
        <ATTRIBUTE NAME ="Pushdown Optimization" VALUE ="None"/>
        <ATTRIBUTE NAME ="Allow Temporary View for Pushdown" VALUE ="NO"/>
        <ATTRIBUTE NAME ="Allow Temporary Sequence for Pushdown" VALUE ="NO"/>
        <ATTRIBUTE NAME ="Allow Pushdown for User Incompatible Connections" VALUE ="NO"/>
        <METADATAEXTENSION COMPONENTVERSION ="1000000" DATATYPE ="STRING" DESCRIPTION ="" DOMAINNAME ="User Defined Metadata Domain" ISCLIENTEDITABLE ="YES" ISCLIENTVISIBLE ="YES" ISREUSABLE ="NO" ISSHAREREAD ="NO" ISSHAREWRITE ="NO" MAXLENGTH ="256" NAME ="Extension" VALUE ="Performance fix HBI_DEMAND - EVENTS - V3.0" VENDORNAME ="INFORMATICA"/>
    </SESSION>
    <WORKFLOW DESCRIPTION ="This workflow invokes sessions to create persistent cache for usga ein mapping m_HBI_DEMAND_EVENTS" ISENABLED ="YES" ISRUNNABLESERVICE ="NO" ISSERVICE ="NO" ISVALID ="YES" NAME ="wf_s_m_HBI_DMD_EVENTS_CACHE" REUSABLE_SCHEDULER ="NO" SCHEDULERNAME ="Scheduler" SERVERNAME ="Domain10_PRD_Int_Svc" SERVER_DOMAINNAME ="Domain10_PRD" SUSPEND_ON_ERROR ="NO" TASKS_MUST_RUN_ON_SERVER ="NO" VERSIONNUMBER ="1">
        <SCHEDULER DESCRIPTION ="" NAME ="Scheduler" REUSABLE ="NO" VERSIONNUMBER ="1">
            <SCHEDULEINFO SCHEDULETYPE ="ONDEMAND"/>
        </SCHEDULER>
        <TASK DESCRIPTION ="" NAME ="Start" REUSABLE ="NO" TYPE ="Start" VERSIONNUMBER ="1"/>
        <TASKINSTANCE DESCRIPTION ="Session holding m_ALIAS_MAKE_BUY_CD_CACHE to create persistennt cache ALIAS_MAKE_BUY_CD_CACHE" FAIL_PARENT_IF_INSTANCE_DID_NOT_RUN ="YES" FAIL_PARENT_IF_INSTANCE_FAILS ="YES" ISENABLED ="YES" NAME ="s_m_ALIAS_MAKE_BUY_CD_CACHE" REUSABLE ="YES" TASKNAME ="s_m_ALIAS_MAKE_BUY_CD_CACHE" TASKTYPE ="Session" TREAT_INPUTLINK_AS_AND ="NO"/>
        <TASKINSTANCE DESCRIPTION ="This session holds m_SLBA_ITEM_WHOLESALE_PRICE_CACHE to create persistent cache for SLBA_ITEM Lookup" FAIL_PARENT_IF_INSTANCE_DID_NOT_RUN ="YES" FAIL_PARENT_IF_INSTANCE_FAILS ="YES" ISENABLED ="YES" NAME ="s_m_SLBA_ITEM_WHOLESALE_PRICE_CACHE" REUSABLE ="YES" TASKNAME ="s_m_SLBA_ITEM_WHOLESALE_PRICE_CACHE" TASKTYPE ="Session" TREAT_INPUTLINK_AS_AND ="NO"/>
        <TASKINSTANCE DESCRIPTION ="" ISENABLED ="YES" NAME ="Start" REUSABLE ="NO" TASKNAME ="Start" TASKTYPE ="Start"/>
        <TASKINSTANCE DESCRIPTION ="Session holding m_MAKE_BUY_CD_CACHE to create persistennt cache MAKE_BUY_CD_CACHE" FAIL_PARENT_IF_INSTANCE_DID_NOT_RUN ="YES" FAIL_PARENT_IF_INSTANCE_FAILS ="YES" ISENABLED ="YES" NAME ="s_m_MAKE_BUY_CD_CACHE" REUSABLE ="YES" TASKNAME ="s_m_MAKE_BUY_CD_CACHE" TASKTYPE ="Session" TREAT_INPUTLINK_AS_AND ="NO"/>
        <WORKFLOWLINK CONDITION ="" FROMTASK ="Start" TOTASK ="s_m_ALIAS_MAKE_BUY_CD_CACHE"/>
        <WORKFLOWLINK CONDITION ="" FROMTASK ="Start" TOTASK ="s_m_SLBA_ITEM_WHOLESALE_PRICE_CACHE"/>
        <WORKFLOWLINK CONDITION ="" FROMTASK ="Start" TOTASK ="s_m_MAKE_BUY_CD_CACHE"/>
        <WORKFLOWVARIABLE DATATYPE ="date/time" DEFAULTVALUE ="" DESCRIPTION ="The time this task started" ISNULL ="NO" ISPERSISTENT ="NO" NAME ="$s_m_ALIAS_MAKE_BUY_CD_CACHE.StartTime" USERDEFINED ="NO"/>
        <WORKFLOWVARIABLE DATATYPE ="date/time" DEFAULTVALUE ="" DESCRIPTION ="The time this task completed" ISNULL ="NO" ISPERSISTENT ="NO" NAME ="$s_m_ALIAS_MAKE_BUY_CD_CACHE.EndTime" USERDEFINED ="NO"/>
        <WORKFLOWVARIABLE DATATYPE ="integer" DEFAULTVALUE ="" DESCRIPTION ="Status of this task&apos;s execution" ISNULL ="NO" ISPERSISTENT ="NO" NAME ="$s_m_ALIAS_MAKE_BUY_CD_CACHE.Status" USERDEFINED ="NO"/>
        <WORKFLOWVARIABLE DATATYPE ="integer" DEFAULTVALUE ="" DESCRIPTION ="Status of the previous task that is not disabled" ISNULL ="NO" ISPERSISTENT ="NO" NAME ="$s_m_ALIAS_MAKE_BUY_CD_CACHE.PrevTaskStatus" USERDEFINED ="NO"/>
        <WORKFLOWVARIABLE DATATYPE ="integer" DEFAULTVALUE ="" DESCRIPTION ="Error code for this task&apos;s execution" ISNULL ="NO" ISPERSISTENT ="NO" NAME ="$s_m_ALIAS_MAKE_BUY_CD_CACHE.ErrorCode" USERDEFINED ="NO"/>
        <WORKFLOWVARIABLE DATATYPE ="string" DEFAULTVALUE ="" DESCRIPTION ="Error message for this task&apos;s execution" ISNULL ="NO" ISPERSISTENT ="NO" NAME ="$s_m_ALIAS_MAKE_BUY_CD_CACHE.ErrorMsg" USERDEFINED ="NO"/>
        <WORKFLOWVARIABLE DATATYPE ="integer" DEFAULTVALUE ="" DESCRIPTION ="Rows successfully read" ISNULL ="NO" ISPERSISTENT ="NO" NAME ="$s_m_ALIAS_MAKE_BUY_CD_CACHE.SrcSuccessRows" USERDEFINED ="NO"/>
        <WORKFLOWVARIABLE DATATYPE ="integer" DEFAULTVALUE ="" DESCRIPTION ="Rows failed to read" ISNULL ="NO" ISPERSISTENT ="NO" NAME ="$s_m_ALIAS_MAKE_BUY_CD_CACHE.SrcFailedRows" USERDEFINED ="NO"/>
        <WORKFLOWVARIABLE DATATYPE ="integer" DEFAULTVALUE ="" DESCRIPTION ="Rows successfully loaded" ISNULL ="NO" ISPERSISTENT ="NO" NAME ="$s_m_ALIAS_MAKE_BUY_CD_CACHE.TgtSuccessRows" USERDEFINED ="NO"/>
        <WORKFLOWVARIABLE DATATYPE ="integer" DEFAULTVALUE ="" DESCRIPTION ="Rows failed to load" ISNULL ="NO" ISPERSISTENT ="NO" NAME ="$s_m_ALIAS_MAKE_BUY_CD_CACHE.TgtFailedRows" USERDEFINED ="NO"/>
        <WORKFLOWVARIABLE DATATYPE ="integer" DEFAULTVALUE ="" DESCRIPTION ="Total number of transformation errors" ISNULL ="NO" ISPERSISTENT ="NO" NAME ="$s_m_ALIAS_MAKE_BUY_CD_CACHE.TotalTransErrors" USERDEFINED ="NO"/>
        <WORKFLOWVARIABLE DATATYPE ="integer" DEFAULTVALUE ="" DESCRIPTION ="First error code" ISNULL ="NO" ISPERSISTENT ="NO" NAME ="$s_m_ALIAS_MAKE_BUY_CD_CACHE.FirstErrorCode" USERDEFINED ="NO"/>
        <WORKFLOWVARIABLE DATATYPE ="string" DEFAULTVALUE ="" DESCRIPTION ="First error message" ISNULL ="NO" ISPERSISTENT ="NO" NAME ="$s_m_ALIAS_MAKE_BUY_CD_CACHE.FirstErrorMsg" USERDEFINED ="NO"/>
        <WORKFLOWVARIABLE DATATYPE ="date/time" DEFAULTVALUE ="" DESCRIPTION ="The time this task started" ISNULL ="NO" ISPERSISTENT ="NO" NAME ="$s_m_SLBA_ITEM_WHOLESALE_PRICE_CACHE.StartTime" USERDEFINED ="NO"/>
        <WORKFLOWVARIABLE DATATYPE ="date/time" DEFAULTVALUE ="" DESCRIPTION ="The time this task completed" ISNULL ="NO" ISPERSISTENT ="NO" NAME ="$s_m_SLBA_ITEM_WHOLESALE_PRICE_CACHE.EndTime" USERDEFINED ="NO"/>
        <WORKFLOWVARIABLE DATATYPE ="integer" DEFAULTVALUE ="" DESCRIPTION ="Status of this task&apos;s execution" ISNULL ="NO" ISPERSISTENT ="NO" NAME ="$s_m_SLBA_ITEM_WHOLESALE_PRICE_CACHE.Status" USERDEFINED ="NO"/>
        <WORKFLOWVARIABLE DATATYPE ="integer" DEFAULTVALUE ="" DESCRIPTION ="Status of the previous task that is not disabled" ISNULL ="NO" ISPERSISTENT ="NO" NAME ="$s_m_SLBA_ITEM_WHOLESALE_PRICE_CACHE.PrevTaskStatus" USERDEFINED ="NO"/>
        <WORKFLOWVARIABLE DATATYPE ="integer" DEFAULTVALUE ="" DESCRIPTION ="Error code for this task&apos;s execution" ISNULL ="NO" ISPERSISTENT ="NO" NAME ="$s_m_SLBA_ITEM_WHOLESALE_PRICE_CACHE.ErrorCode" USERDEFINED ="NO"/>
        <WORKFLOWVARIABLE DATATYPE ="string" DEFAULTVALUE ="" DESCRIPTION ="Error message for this task&apos;s execution" ISNULL ="NO" ISPERSISTENT ="NO" NAME ="$s_m_SLBA_ITEM_WHOLESALE_PRICE_CACHE.ErrorMsg" USERDEFINED ="NO"/>
        <WORKFLOWVARIABLE DATATYPE ="integer" DEFAULTVALUE ="" DESCRIPTION ="Rows successfully read" ISNULL ="NO" ISPERSISTENT ="NO" NAME ="$s_m_SLBA_ITEM_WHOLESALE_PRICE_CACHE.SrcSuccessRows" USERDEFINED ="NO"/>
        <WORKFLOWVARIABLE DATATYPE ="integer" DEFAULTVALUE ="" DESCRIPTION ="Rows failed to read" ISNULL ="NO" ISPERSISTENT ="NO" NAME ="$s_m_SLBA_ITEM_WHOLESALE_PRICE_CACHE.SrcFailedRows" USERDEFINED ="NO"/>
        <WORKFLOWVARIABLE DATATYPE ="integer" DEFAULTVALUE ="" DESCRIPTION ="Rows successfully loaded" ISNULL ="NO" ISPERSISTENT ="NO" NAME ="$s_m_SLBA_ITEM_WHOLESALE_PRICE_CACHE.TgtSuccessRows" USERDEFINED ="NO"/>
        <WORKFLOWVARIABLE DATATYPE ="integer" DEFAULTVALUE ="" DESCRIPTION ="Rows failed to load" ISNULL ="NO" ISPERSISTENT ="NO" NAME ="$s_m_SLBA_ITEM_WHOLESALE_PRICE_CACHE.TgtFailedRows" USERDEFINED ="NO"/>
        <WORKFLOWVARIABLE DATATYPE ="integer" DEFAULTVALUE ="" DESCRIPTION ="Total number of transformation errors" ISNULL ="NO" ISPERSISTENT ="NO" NAME ="$s_m_SLBA_ITEM_WHOLESALE_PRICE_CACHE.TotalTransErrors" USERDEFINED ="NO"/>
        <WORKFLOWVARIABLE DATATYPE ="integer" DEFAULTVALUE ="" DESCRIPTION ="First error code" ISNULL ="NO" ISPERSISTENT ="NO" NAME ="$s_m_SLBA_ITEM_WHOLESALE_PRICE_CACHE.FirstErrorCode" USERDEFINED ="NO"/>
        <WORKFLOWVARIABLE DATATYPE ="string" DEFAULTVALUE ="" DESCRIPTION ="First error message" ISNULL ="NO" ISPERSISTENT ="NO" NAME ="$s_m_SLBA_ITEM_WHOLESALE_PRICE_CACHE.FirstErrorMsg" USERDEFINED ="NO"/>
        <WORKFLOWVARIABLE DATATYPE ="date/time" DEFAULTVALUE ="" DESCRIPTION ="The time this task started" ISNULL ="NO" ISPERSISTENT ="NO" NAME ="$Start.StartTime" USERDEFINED ="NO"/>
        <WORKFLOWVARIABLE DATATYPE ="date/time" DEFAULTVALUE ="" DESCRIPTION ="The time this task completed" ISNULL ="NO" ISPERSISTENT ="NO" NAME ="$Start.EndTime" USERDEFINED ="NO"/>
        <WORKFLOWVARIABLE DATATYPE ="integer" DEFAULTVALUE ="" DESCRIPTION ="Status of this task&apos;s execution" ISNULL ="NO" ISPERSISTENT ="NO" NAME ="$Start.Status" USERDEFINED ="NO"/>
        <WORKFLOWVARIABLE DATATYPE ="integer" DEFAULTVALUE ="" DESCRIPTION ="Status of the previous task that is not disabled" ISNULL ="NO" ISPERSISTENT ="NO" NAME ="$Start.PrevTaskStatus" USERDEFINED ="NO"/>
        <WORKFLOWVARIABLE DATATYPE ="integer" DEFAULTVALUE ="" DESCRIPTION ="Error code for this task&apos;s execution" ISNULL ="NO" ISPERSISTENT ="NO" NAME ="$Start.ErrorCode" USERDEFINED ="NO"/>
        <WORKFLOWVARIABLE DATATYPE ="string" DEFAULTVALUE ="" DESCRIPTION ="Error message for this task&apos;s execution" ISNULL ="NO" ISPERSISTENT ="NO" NAME ="$Start.ErrorMsg" USERDEFINED ="NO"/>
        <WORKFLOWVARIABLE DATATYPE ="date/time" DEFAULTVALUE ="" DESCRIPTION ="The time this task started" ISNULL ="NO" ISPERSISTENT ="NO" NAME ="$s_m_MAKE_BUY_CD_CACHE.StartTime" USERDEFINED ="NO"/>
        <WORKFLOWVARIABLE DATATYPE ="date/time" DEFAULTVALUE ="" DESCRIPTION ="The time this task completed" ISNULL ="NO" ISPERSISTENT ="NO" NAME ="$s_m_MAKE_BUY_CD_CACHE.EndTime" USERDEFINED ="NO"/>
        <WORKFLOWVARIABLE DATATYPE ="integer" DEFAULTVALUE ="" DESCRIPTION ="Status of this task&apos;s execution" ISNULL ="NO" ISPERSISTENT ="NO" NAME ="$s_m_MAKE_BUY_CD_CACHE.Status" USERDEFINED ="NO"/>
        <WORKFLOWVARIABLE DATATYPE ="integer" DEFAULTVALUE ="" DESCRIPTION ="Status of the previous task that is not disabled" ISNULL ="NO" ISPERSISTENT ="NO" NAME ="$s_m_MAKE_BUY_CD_CACHE.PrevTaskStatus" USERDEFINED ="NO"/>
        <WORKFLOWVARIABLE DATATYPE ="integer" DEFAULTVALUE ="" DESCRIPTION ="Error code for this task&apos;s execution" ISNULL ="NO" ISPERSISTENT ="NO" NAME ="$s_m_MAKE_BUY_CD_CACHE.ErrorCode" USERDEFINED ="NO"/>
        <WORKFLOWVARIABLE DATATYPE ="string" DEFAULTVALUE ="" DESCRIPTION ="Error message for this task&apos;s execution" ISNULL ="NO" ISPERSISTENT ="NO" NAME ="$s_m_MAKE_BUY_CD_CACHE.ErrorMsg" USERDEFINED ="NO"/>
        <WORKFLOWVARIABLE DATATYPE ="integer" DEFAULTVALUE ="" DESCRIPTION ="Rows successfully read" ISNULL ="NO" ISPERSISTENT ="NO" NAME ="$s_m_MAKE_BUY_CD_CACHE.SrcSuccessRows" USERDEFINED ="NO"/>
        <WORKFLOWVARIABLE DATATYPE ="integer" DEFAULTVALUE ="" DESCRIPTION ="Rows failed to read" ISNULL ="NO" ISPERSISTENT ="NO" NAME ="$s_m_MAKE_BUY_CD_CACHE.SrcFailedRows" USERDEFINED ="NO"/>
        <WORKFLOWVARIABLE DATATYPE ="integer" DEFAULTVALUE ="" DESCRIPTION ="Rows successfully loaded" ISNULL ="NO" ISPERSISTENT ="NO" NAME ="$s_m_MAKE_BUY_CD_CACHE.TgtSuccessRows" USERDEFINED ="NO"/>
        <WORKFLOWVARIABLE DATATYPE ="integer" DEFAULTVALUE ="" DESCRIPTION ="Rows failed to load" ISNULL ="NO" ISPERSISTENT ="NO" NAME ="$s_m_MAKE_BUY_CD_CACHE.TgtFailedRows" USERDEFINED ="NO"/>
        <WORKFLOWVARIABLE DATATYPE ="integer" DEFAULTVALUE ="" DESCRIPTION ="Total number of transformation errors" ISNULL ="NO" ISPERSISTENT ="NO" NAME ="$s_m_MAKE_BUY_CD_CACHE.TotalTransErrors" USERDEFINED ="NO"/>
        <WORKFLOWVARIABLE DATATYPE ="integer" DEFAULTVALUE ="" DESCRIPTION ="First error code" ISNULL ="NO" ISPERSISTENT ="NO" NAME ="$s_m_MAKE_BUY_CD_CACHE.FirstErrorCode" USERDEFINED ="NO"/>
        <WORKFLOWVARIABLE DATATYPE ="string" DEFAULTVALUE ="" DESCRIPTION ="First error message" ISNULL ="NO" ISPERSISTENT ="NO" NAME ="$s_m_MAKE_BUY_CD_CACHE.FirstErrorMsg" USERDEFINED ="NO"/>
        <ATTRIBUTE NAME ="Parameter Filename" VALUE =""/>
        <ATTRIBUTE NAME ="Write Backward Compatible Workflow Log File" VALUE ="YES"/>
        <ATTRIBUTE NAME ="Workflow Log File Name" VALUE ="wf_s_m_SLBA_ITEM_WHOLESALE_PRICE_CACHE.log"/>
        <ATTRIBUTE NAME ="Workflow Log File Directory" VALUE ="$PMWorkflowLogDir&#x5c;DPR_LITE&#x5c;LOG&#x5c;"/>
        <ATTRIBUTE NAME ="Save Workflow log by" VALUE ="By runs"/>
        <ATTRIBUTE NAME ="Save workflow log for these runs" VALUE ="9"/>
        <ATTRIBUTE NAME ="Service Name" VALUE =""/>
        <ATTRIBUTE NAME ="Service Timeout" VALUE ="0"/>
        <ATTRIBUTE NAME ="Is Service Visible" VALUE ="NO"/>
        <ATTRIBUTE NAME ="Is Service Protected" VALUE ="NO"/>
        <ATTRIBUTE NAME ="Fail task after wait time" VALUE ="0"/>
        <ATTRIBUTE NAME ="Enable HA recovery" VALUE ="NO"/>
        <ATTRIBUTE NAME ="Automatically recover terminated tasks" VALUE ="NO"/>
        <ATTRIBUTE NAME ="Service Level Name" VALUE ="Default"/>
        <ATTRIBUTE NAME ="Allow concurrent run with unique run instance name" VALUE ="NO"/>
        <ATTRIBUTE NAME ="Allow concurrent run with same run instance name" VALUE ="NO"/>
        <ATTRIBUTE NAME ="Maximum number of concurrent runs" VALUE ="0"/>
        <ATTRIBUTE NAME ="Assigned Web Services Hubs" VALUE =""/>
        <ATTRIBUTE NAME ="Maximum number of concurrent runs per Hub" VALUE ="1000"/>
        <ATTRIBUTE NAME ="Expected Service Time" VALUE ="1"/>
        <METADATAEXTENSION COMPONENTVERSION ="1000000" DATATYPE ="STRING" DESCRIPTION ="" DOMAINNAME ="User Defined Metadata Domain" ISCLIENTEDITABLE ="YES" ISCLIENTVISIBLE ="YES" ISREUSABLE ="NO" ISSHAREREAD ="NO" ISSHAREWRITE ="NO" MAXLENGTH ="256" NAME ="Extension" VALUE ="Performance fix HBI_DEMAND - EVENTS - V3.0" VENDORNAME ="INFORMATICA"/>
    </WORKFLOW>
</FOLDER>
</REPOSITORY>
</POWERMART>