<?xml version="1.0" encoding="Windows-1252"?>
<!DOCTYPE POWERMART SYSTEM "powrmart.dtd">
<POWERMART CREATION_DATE="05/20/2024 09:07:20" REPOSITORY_VERSION="187.96">
<REPOSITORY NAME="Domain10_Rep_Svc_Prd" VERSION="187" CODEPAGE="MS1252" DATABASETYPE="Microsoft SQL Server">
<FOLDER NAME="DPR_LITE" GROUP="" OWNER="Administrator" SHARED="NOTSHARED" DESCRIPTION="" PERMISSIONS="rwx---r--" UUID="4b44b41c-7d44-4fc1-bc99-a181286d85c7">
    <SOURCE BUSINESSNAME ="" DATABASETYPE ="Oracle" DBDNAME ="slbadw" DESCRIPTION ="" NAME ="DPR_SKU_ITEM" OBJECTVERSION ="1" OWNERNAME ="DPR" VERSIONNUMBER ="1">
        <SOURCEFIELD BUSINESSNAME ="" DATATYPE ="varchar2" DESCRIPTION ="" FIELDNUMBER ="1" FIELDPROPERTY ="0" FIELDTYPE ="ELEMITEM" HIDDEN ="NO" KEYTYPE ="NOT A KEY" LENGTH ="0" LEVEL ="0" NAME ="MAX_DIVISION_GROUP" NULLABLE ="NULL" OCCURS ="0" OFFSET ="0" PHYSICALLENGTH ="4" PHYSICALOFFSET ="0" PICTURETEXT ="" PRECISION ="4" SCALE ="0" USAGE_FLAGS =""/>
        <SOURCEFIELD BUSINESSNAME ="" DATATYPE ="varchar2" DESCRIPTION ="" FIELDNUMBER ="2" FIELDPROPERTY ="0" FIELDTYPE ="ELEMITEM" HIDDEN ="NO" KEYTYPE ="NOT A KEY" LENGTH ="0" LEVEL ="0" NAME ="SKU" NULLABLE ="NULL" OCCURS ="0" OFFSET ="0" PHYSICALLENGTH ="10" PHYSICALOFFSET ="4" PICTURETEXT ="" PRECISION ="10" SCALE ="0" USAGE_FLAGS =""/>
        <SOURCEFIELD BUSINESSNAME ="" DATATYPE ="varchar2" DESCRIPTION ="" FIELDNUMBER ="3" FIELDPROPERTY ="0" FIELDTYPE ="ELEMITEM" HIDDEN ="NO" KEYTYPE ="NOT A KEY" LENGTH ="0" LEVEL ="0" NAME ="SIZE_DESC" NULLABLE ="NULL" OCCURS ="0" OFFSET ="0" PHYSICALLENGTH ="30" PHYSICALOFFSET ="14" PICTURETEXT ="" PRECISION ="30" SCALE ="0" USAGE_FLAGS =""/>
        <SOURCEFIELD BUSINESSNAME ="" DATATYPE ="number" DESCRIPTION ="" FIELDNUMBER ="4" FIELDPROPERTY ="0" FIELDTYPE ="ELEMITEM" HIDDEN ="NO" KEYTYPE ="NOT A KEY" LENGTH ="24" LEVEL ="0" NAME ="GARM_PER_PKG_QTY" NULLABLE ="NULL" OCCURS ="0" OFFSET ="0" PHYSICALLENGTH ="15" PHYSICALOFFSET ="44" PICTURETEXT ="" PRECISION ="15" SCALE ="0" USAGE_FLAGS =""/>
        <SOURCEFIELD BUSINESSNAME ="" DATATYPE ="number" DESCRIPTION ="" FIELDNUMBER ="5" FIELDPROPERTY ="0" FIELDTYPE ="ELEMITEM" HIDDEN ="NO" KEYTYPE ="NOT A KEY" LENGTH ="24" LEVEL ="0" NAME ="WEIGHTED_COST" NULLABLE ="NULL" OCCURS ="0" OFFSET ="24" PHYSICALLENGTH ="15" PHYSICALOFFSET ="59" PICTURETEXT ="" PRECISION ="15" SCALE ="0" USAGE_FLAGS =""/>
        <SOURCEFIELD BUSINESSNAME ="" DATATYPE ="varchar2" DESCRIPTION ="" FIELDNUMBER ="6" FIELDPROPERTY ="0" FIELDTYPE ="ELEMITEM" HIDDEN ="NO" KEYTYPE ="NOT A KEY" LENGTH ="0" LEVEL ="0" NAME ="BRAND_CODE" NULLABLE ="NULL" OCCURS ="0" OFFSET ="48" PHYSICALLENGTH ="2" PHYSICALOFFSET ="74" PICTURETEXT ="" PRECISION ="2" SCALE ="0" USAGE_FLAGS =""/>
        <SOURCEFIELD BUSINESSNAME ="" DATATYPE ="varchar2" DESCRIPTION ="" FIELDNUMBER ="7" FIELDPROPERTY ="0" FIELDTYPE ="ELEMITEM" HIDDEN ="NO" KEYTYPE ="NOT A KEY" LENGTH ="0" LEVEL ="0" NAME ="BRAND_NAME" NULLABLE ="NULL" OCCURS ="0" OFFSET ="48" PHYSICALLENGTH ="40" PHYSICALOFFSET ="76" PICTURETEXT ="" PRECISION ="40" SCALE ="0" USAGE_FLAGS =""/>
        <SOURCEFIELD BUSINESSNAME ="" DATATYPE ="varchar2" DESCRIPTION ="" FIELDNUMBER ="8" FIELDPROPERTY ="0" FIELDTYPE ="ELEMITEM" HIDDEN ="NO" KEYTYPE ="NOT A KEY" LENGTH ="0" LEVEL ="0" NAME ="GENDER_CATEGORY_DES" NULLABLE ="NULL" OCCURS ="0" OFFSET ="48" PHYSICALLENGTH ="64" PHYSICALOFFSET ="116" PICTURETEXT ="" PRECISION ="64" SCALE ="0" USAGE_FLAGS =""/>
        <SOURCEFIELD BUSINESSNAME ="" DATATYPE ="varchar2" DESCRIPTION ="" FIELDNUMBER ="9" FIELDPROPERTY ="0" FIELDTYPE ="ELEMITEM" HIDDEN ="NO" KEYTYPE ="NOT A KEY" LENGTH ="0" LEVEL ="0" NAME ="SUBBRAND_DESC" NULLABLE ="NULL" OCCURS ="0" OFFSET ="48" PHYSICALLENGTH ="50" PHYSICALOFFSET ="180" PICTURETEXT ="" PRECISION ="50" SCALE ="0" USAGE_FLAGS =""/>
        <SOURCEFIELD BUSINESSNAME ="" DATATYPE ="varchar2" DESCRIPTION ="" FIELDNUMBER ="10" FIELDPROPERTY ="0" FIELDTYPE ="ELEMITEM" HIDDEN ="NO" KEYTYPE ="NOT A KEY" LENGTH ="0" LEVEL ="0" NAME ="CATEGORY_DESC" NULLABLE ="NULL" OCCURS ="0" OFFSET ="48" PHYSICALLENGTH ="30" PHYSICALOFFSET ="230" PICTURETEXT ="" PRECISION ="30" SCALE ="0" USAGE_FLAGS =""/>
        <SOURCEFIELD BUSINESSNAME ="" DATATYPE ="varchar2" DESCRIPTION ="" FIELDNUMBER ="11" FIELDPROPERTY ="0" FIELDTYPE ="ELEMITEM" HIDDEN ="NO" KEYTYPE ="NOT A KEY" LENGTH ="0" LEVEL ="0" NAME ="GARMENT_TYPE" NULLABLE ="NULL" OCCURS ="0" OFFSET ="48" PHYSICALLENGTH ="25" PHYSICALOFFSET ="260" PICTURETEXT ="" PRECISION ="25" SCALE ="0" USAGE_FLAGS =""/>
        <SOURCEFIELD BUSINESSNAME ="" DATATYPE ="varchar2" DESCRIPTION ="" FIELDNUMBER ="12" FIELDPROPERTY ="0" FIELDTYPE ="ELEMITEM" HIDDEN ="NO" KEYTYPE ="NOT A KEY" LENGTH ="0" LEVEL ="0" NAME ="SILHOUETTE" NULLABLE ="NULL" OCCURS ="0" OFFSET ="48" PHYSICALLENGTH ="30" PHYSICALOFFSET ="285" PICTURETEXT ="" PRECISION ="30" SCALE ="0" USAGE_FLAGS =""/>
        <SOURCEFIELD BUSINESSNAME ="" DATATYPE ="varchar2" DESCRIPTION ="" FIELDNUMBER ="13" FIELDPROPERTY ="0" FIELDTYPE ="ELEMITEM" HIDDEN ="NO" KEYTYPE ="NOT A KEY" LENGTH ="0" LEVEL ="0" NAME ="SUBCATEGORY_DESC" NULLABLE ="NULL" OCCURS ="0" OFFSET ="48" PHYSICALLENGTH ="30" PHYSICALOFFSET ="315" PICTURETEXT ="" PRECISION ="30" SCALE ="0" USAGE_FLAGS =""/>
    </SOURCE>
    <SOURCE BUSINESSNAME ="" DATABASETYPE ="DB2" DBDNAME ="AS400" DESCRIPTION ="Sourcing PO&apos;s FTP from OneSource to UNW Planning." NAME ="OPP186" OBJECTVERSION ="1" OWNERNAME ="UOPLIB" VERSIONNUMBER ="1">
        <SOURCEFIELD BUSINESSNAME ="" DATATYPE ="char" DESCRIPTION ="Int/Ext Prod" FIELDNUMBER ="1" FIELDPROPERTY ="0" FIELDTYPE ="ELEMITEM" HIDDEN ="NO" KEYTYPE ="NOT A KEY" LENGTH ="0" LEVEL ="0" NAME ="OPINEX" NULLABLE ="NOTNULL" OCCURS ="0" OFFSET ="0" PHYSICALLENGTH ="1" PHYSICALOFFSET ="0" PICTURETEXT ="" PRECISION ="1" SCALE ="0" USAGE_FLAGS =""/>
        <SOURCEFIELD BUSINESSNAME ="" DATATYPE ="char" DESCRIPTION ="PO #" FIELDNUMBER ="2" FIELDPROPERTY ="0" FIELDTYPE ="ELEMITEM" HIDDEN ="NO" KEYTYPE ="NOT A KEY" LENGTH ="0" LEVEL ="0" NAME ="OPPO#" NULLABLE ="NOTNULL" OCCURS ="0" OFFSET ="0" PHYSICALLENGTH ="9" PHYSICALOFFSET ="1" PICTURETEXT ="" PRECISION ="9" SCALE ="0" USAGE_FLAGS =""/>
        <SOURCEFIELD BUSINESSNAME ="" DATATYPE ="char" DESCRIPTION ="PO Ln" FIELDNUMBER ="3" FIELDPROPERTY ="0" FIELDTYPE ="ELEMITEM" HIDDEN ="NO" KEYTYPE ="NOT A KEY" LENGTH ="0" LEVEL ="0" NAME ="OPPOLN" NULLABLE ="NOTNULL" OCCURS ="0" OFFSET ="0" PHYSICALLENGTH ="3" PHYSICALOFFSET ="10" PICTURETEXT ="" PRECISION ="3" SCALE ="0" USAGE_FLAGS =""/>
        <SOURCEFIELD BUSINESSNAME ="" DATATYPE ="char" DESCRIPTION ="3090 Style" FIELDNUMBER ="4" FIELDPROPERTY ="0" FIELDTYPE ="ELEMITEM" HIDDEN ="NO" KEYTYPE ="NOT A KEY" LENGTH ="0" LEVEL ="0" NAME ="OP3STY" NULLABLE ="NOTNULL" OCCURS ="0" OFFSET ="0" PHYSICALLENGTH ="4" PHYSICALOFFSET ="13" PICTURETEXT ="" PRECISION ="4" SCALE ="0" USAGE_FLAGS =""/>
        <SOURCEFIELD BUSINESSNAME ="" DATATYPE ="char" DESCRIPTION ="3090 Color" FIELDNUMBER ="5" FIELDPROPERTY ="0" FIELDTYPE ="ELEMITEM" HIDDEN ="NO" KEYTYPE ="NOT A KEY" LENGTH ="0" LEVEL ="0" NAME ="OP3CLR" NULLABLE ="NOTNULL" OCCURS ="0" OFFSET ="0" PHYSICALLENGTH ="2" PHYSICALOFFSET ="17" PICTURETEXT ="" PRECISION ="2" SCALE ="0" USAGE_FLAGS =""/>
        <SOURCEFIELD BUSINESSNAME ="" DATATYPE ="char" DESCRIPTION ="X-Size" FIELDNUMBER ="6" FIELDPROPERTY ="0" FIELDTYPE ="ELEMITEM" HIDDEN ="NO" KEYTYPE ="NOT A KEY" LENGTH ="0" LEVEL ="0" NAME ="OPXSIZ" NULLABLE ="NOTNULL" OCCURS ="0" OFFSET ="0" PHYSICALLENGTH ="1" PHYSICALOFFSET ="19" PICTURETEXT ="" PRECISION ="1" SCALE ="0" USAGE_FLAGS =""/>
        <SOURCEFIELD BUSINESSNAME ="" DATATYPE ="char" DESCRIPTION ="Pack" FIELDNUMBER ="7" FIELDPROPERTY ="0" FIELDTYPE ="ELEMITEM" HIDDEN ="NO" KEYTYPE ="NOT A KEY" LENGTH ="0" LEVEL ="0" NAME ="OPPACK" NULLABLE ="NOTNULL" OCCURS ="0" OFFSET ="0" PHYSICALLENGTH ="1" PHYSICALOFFSET ="20" PICTURETEXT ="" PRECISION ="1" SCALE ="0" USAGE_FLAGS =""/>
        <SOURCEFIELD BUSINESSNAME ="" DATATYPE ="char" DESCRIPTION ="Sz Ln" FIELDNUMBER ="8" FIELDPROPERTY ="0" FIELDTYPE ="ELEMITEM" HIDDEN ="NO" KEYTYPE ="NOT A KEY" LENGTH ="0" LEVEL ="0" NAME ="OPSZLN" NULLABLE ="NOTNULL" OCCURS ="0" OFFSET ="0" PHYSICALLENGTH ="1" PHYSICALOFFSET ="21" PICTURETEXT ="" PRECISION ="1" SCALE ="0" USAGE_FLAGS =""/>
        <SOURCEFIELD BUSINESSNAME ="" DATATYPE ="char" DESCRIPTION ="3090 Sz Pos" FIELDNUMBER ="9" FIELDPROPERTY ="0" FIELDTYPE ="ELEMITEM" HIDDEN ="NO" KEYTYPE ="NOT A KEY" LENGTH ="0" LEVEL ="0" NAME ="OP3SZP" NULLABLE ="NOTNULL" OCCURS ="0" OFFSET ="0" PHYSICALLENGTH ="1" PHYSICALOFFSET ="22" PICTURETEXT ="" PRECISION ="1" SCALE ="0" USAGE_FLAGS =""/>
        <SOURCEFIELD BUSINESSNAME ="" DATATYPE ="char" DESCRIPTION ="Size Desc" FIELDNUMBER ="10" FIELDPROPERTY ="0" FIELDTYPE ="ELEMITEM" HIDDEN ="NO" KEYTYPE ="NOT A KEY" LENGTH ="0" LEVEL ="0" NAME ="OPSZDE" NULLABLE ="NOTNULL" OCCURS ="0" OFFSET ="0" PHYSICALLENGTH ="5" PHYSICALOFFSET ="23" PICTURETEXT ="" PRECISION ="5" SCALE ="0" USAGE_FLAGS =""/>
        <SOURCEFIELD BUSINESSNAME ="" DATATYPE ="numeric" DESCRIPTION ="Ord Qty" FIELDNUMBER ="11" FIELDPROPERTY ="0" FIELDTYPE ="ELEMITEM" HIDDEN ="NO" KEYTYPE ="NOT A KEY" LENGTH ="10" LEVEL ="0" NAME ="OPORQT" NULLABLE ="NOTNULL" OCCURS ="0" OFFSET ="0" PHYSICALLENGTH ="8" PHYSICALOFFSET ="28" PICTURETEXT ="" PRECISION ="8" SCALE ="0" USAGE_FLAGS =""/>
        <SOURCEFIELD BUSINESSNAME ="" DATATYPE ="numeric" DESCRIPTION ="Open Qty" FIELDNUMBER ="12" FIELDPROPERTY ="0" FIELDTYPE ="ELEMITEM" HIDDEN ="NO" KEYTYPE ="NOT A KEY" LENGTH ="10" LEVEL ="0" NAME ="OPOPQT" NULLABLE ="NOTNULL" OCCURS ="0" OFFSET ="10" PHYSICALLENGTH ="8" PHYSICALOFFSET ="36" PICTURETEXT ="" PRECISION ="8" SCALE ="0" USAGE_FLAGS =""/>
        <SOURCEFIELD BUSINESSNAME ="" DATATYPE ="char" DESCRIPTION ="UOM" FIELDNUMBER ="13" FIELDPROPERTY ="0" FIELDTYPE ="ELEMITEM" HIDDEN ="NO" KEYTYPE ="NOT A KEY" LENGTH ="0" LEVEL ="0" NAME ="OPUOM" NULLABLE ="NOTNULL" OCCURS ="0" OFFSET ="20" PHYSICALLENGTH ="2" PHYSICALOFFSET ="44" PICTURETEXT ="" PRECISION ="2" SCALE ="0" USAGE_FLAGS =""/>
        <SOURCEFIELD BUSINESSNAME ="" DATATYPE ="char" DESCRIPTION ="PO Date" FIELDNUMBER ="14" FIELDPROPERTY ="0" FIELDTYPE ="ELEMITEM" HIDDEN ="NO" KEYTYPE ="NOT A KEY" LENGTH ="0" LEVEL ="0" NAME ="OPPODT" NULLABLE ="NOTNULL" OCCURS ="0" OFFSET ="20" PHYSICALLENGTH ="8" PHYSICALOFFSET ="46" PICTURETEXT ="" PRECISION ="8" SCALE ="0" USAGE_FLAGS =""/>
        <SOURCEFIELD BUSINESSNAME ="" DATATYPE ="char" DESCRIPTION ="Req At DC" FIELDNUMBER ="15" FIELDPROPERTY ="0" FIELDTYPE ="ELEMITEM" HIDDEN ="NO" KEYTYPE ="NOT A KEY" LENGTH ="0" LEVEL ="0" NAME ="OPRQDT" NULLABLE ="NOTNULL" OCCURS ="0" OFFSET ="20" PHYSICALLENGTH ="8" PHYSICALOFFSET ="54" PICTURETEXT ="" PRECISION ="8" SCALE ="0" USAGE_FLAGS =""/>
        <SOURCEFIELD BUSINESSNAME ="" DATATYPE ="char" DESCRIPTION ="Buyer" FIELDNUMBER ="16" FIELDPROPERTY ="0" FIELDTYPE ="ELEMITEM" HIDDEN ="NO" KEYTYPE ="NOT A KEY" LENGTH ="0" LEVEL ="0" NAME ="OPBUYR" NULLABLE ="NOTNULL" OCCURS ="0" OFFSET ="20" PHYSICALLENGTH ="3" PHYSICALOFFSET ="62" PICTURETEXT ="" PRECISION ="3" SCALE ="0" USAGE_FLAGS =""/>
        <SOURCEFIELD BUSINESSNAME ="" DATATYPE ="char" DESCRIPTION ="Ex-Factory" FIELDNUMBER ="17" FIELDPROPERTY ="0" FIELDTYPE ="ELEMITEM" HIDDEN ="NO" KEYTYPE ="NOT A KEY" LENGTH ="0" LEVEL ="0" NAME ="OPEXDT" NULLABLE ="NOTNULL" OCCURS ="0" OFFSET ="20" PHYSICALLENGTH ="8" PHYSICALOFFSET ="65" PICTURETEXT ="" PRECISION ="8" SCALE ="0" USAGE_FLAGS =""/>
        <SOURCEFIELD BUSINESSNAME ="" DATATYPE ="char" DESCRIPTION ="Factory" FIELDNUMBER ="18" FIELDPROPERTY ="0" FIELDTYPE ="ELEMITEM" HIDDEN ="NO" KEYTYPE ="NOT A KEY" LENGTH ="0" LEVEL ="0" NAME ="OPFACT" NULLABLE ="NOTNULL" OCCURS ="0" OFFSET ="20" PHYSICALLENGTH ="2" PHYSICALOFFSET ="73" PICTURETEXT ="" PRECISION ="2" SCALE ="0" USAGE_FLAGS =""/>
    </SOURCE>
    <TARGET BUSINESSNAME ="" CONSTRAINT ="" DATABASETYPE ="Microsoft SQL Server" DESCRIPTION ="" NAME ="INVENTORY_AND_WIP" OBJECTVERSION ="1" TABLEOPTIONS ="" VERSIONNUMBER ="1">
        <TARGETFIELD BUSINESSNAME ="" DATATYPE ="varchar" DESCRIPTION ="" FIELDNUMBER ="1" KEYTYPE ="PRIMARY KEY" NAME ="LEGACY_SOURCE" NULLABLE ="NOTNULL" PICTURETEXT ="" PRECISION ="10" SCALE ="0"/>
        <TARGETFIELD BUSINESSNAME ="" DATATYPE ="varchar" DESCRIPTION ="" FIELDNUMBER ="2" KEYTYPE ="PRIMARY KEY" NAME ="ITEM_CODE" NULLABLE ="NOTNULL" PICTURETEXT ="" PRECISION ="40" SCALE ="0"/>
        <TARGETFIELD BUSINESSNAME ="" DATATYPE ="numeric" DESCRIPTION ="" FIELDNUMBER ="3" KEYTYPE ="PRIMARY KEY" NAME ="INV_WIP_SEQ_NO" NULLABLE ="NOTNULL" PICTURETEXT ="" PRECISION ="8" SCALE ="0"/>
        <TARGETFIELD BUSINESSNAME ="" DATATYPE ="varchar" DESCRIPTION ="" FIELDNUMBER ="4" KEYTYPE ="PRIMARY KEY" NAME ="INV_WIP_TYPE" NULLABLE ="NOTNULL" PICTURETEXT ="" PRECISION ="10" SCALE ="0"/>
        <TARGETFIELD BUSINESSNAME ="" DATATYPE ="numeric" DESCRIPTION ="" FIELDNUMBER ="5" KEYTYPE ="NOT A KEY" NAME ="INV_WIP_QUANTITY" NULLABLE ="NOTNULL" PICTURETEXT ="" PRECISION ="11" SCALE ="0"/>
        <TARGETFIELD BUSINESSNAME ="" DATATYPE ="numeric" DESCRIPTION ="" FIELDNUMBER ="6" KEYTYPE ="NOT A KEY" NAME ="TOTAL_NET_PRIORITY_QUANTITY" NULLABLE ="NOTNULL" PICTURETEXT ="" PRECISION ="11" SCALE ="0"/>
        <TARGETFIELD BUSINESSNAME ="" DATATYPE ="numeric" DESCRIPTION ="" FIELDNUMBER ="7" KEYTYPE ="NOT A KEY" NAME ="NET_INV_WIP_QUANTITY" NULLABLE ="NOTNULL" PICTURETEXT ="" PRECISION ="11" SCALE ="0"/>
        <TARGETFIELD BUSINESSNAME ="" DATATYPE ="datetime" DESCRIPTION ="" FIELDNUMBER ="8" KEYTYPE ="NOT A KEY" NAME ="LOAD_DATE" NULLABLE ="NOTNULL" PICTURETEXT ="" PRECISION ="23" SCALE ="3"/>
        <TARGETFIELD BUSINESSNAME ="" DATATYPE ="varchar" DESCRIPTION ="" FIELDNUMBER ="9" KEYTYPE ="NOT A KEY" NAME ="DATA_SOURCE" NULLABLE ="NOTNULL" PICTURETEXT ="" PRECISION ="60" SCALE ="0"/>
    </TARGET>
    <MAPPING DESCRIPTION ="This mapping is used to pull data from OPP186 and BI_ITEM (Oracle) tables, do the required changes on the data and load that into a target table INVENTORY_AND_WIP in SQL Server." ISVALID ="YES" NAME ="m_UW_INV_WIP_TURNKEY" OBJECTVERSION ="1" VERSIONNUMBER ="1">
        <TRANSFORMATION DESCRIPTION ="Aggregate the INV_WIP_QUANTITY based on LEGACY_SOURCE,ITEM_CODE,INV_WIP_SEQ_NO,INV_WIP_TYPE filelds" NAME ="AGG_INVENTORY_AND_WIP" OBJECTVERSION ="1" REUSABLE ="NO" TYPE ="Aggregator" VERSIONNUMBER ="1">
            <TRANSFORMFIELD DATATYPE ="string" DEFAULTVALUE ="" DESCRIPTION ="" EXPRESSION ="LEGACY_SOURCE" EXPRESSIONTYPE ="GROUPBY" NAME ="LEGACY_SOURCE" PICTURETEXT ="" PORTTYPE ="INPUT/OUTPUT" PRECISION ="10" SCALE ="0"/>
            <TRANSFORMFIELD DATATYPE ="string" DEFAULTVALUE ="" DESCRIPTION ="" EXPRESSION ="ITEM_CODE" EXPRESSIONTYPE ="GROUPBY" NAME ="ITEM_CODE" PICTURETEXT ="" PORTTYPE ="INPUT/OUTPUT" PRECISION ="40" SCALE ="0"/>
            <TRANSFORMFIELD DATATYPE ="decimal" DEFAULTVALUE ="" DESCRIPTION ="" EXPRESSION ="INV_WIP_SEQ_NO" EXPRESSIONTYPE ="GROUPBY" NAME ="INV_WIP_SEQ_NO" PICTURETEXT ="" PORTTYPE ="INPUT/OUTPUT" PRECISION ="8" SCALE ="0"/>
            <TRANSFORMFIELD DATATYPE ="string" DEFAULTVALUE ="" DESCRIPTION ="" EXPRESSION ="INV_WIP_TYPE" EXPRESSIONTYPE ="GROUPBY" NAME ="INV_WIP_TYPE" PICTURETEXT ="" PORTTYPE ="INPUT/OUTPUT" PRECISION ="10" SCALE ="0"/>
            <TRANSFORMFIELD DATATYPE ="decimal" DEFAULTVALUE ="" DESCRIPTION ="" EXPRESSION ="TOTAL_NET_PRIORITY_QUANTITY" EXPRESSIONTYPE ="GENERAL" NAME ="TOTAL_NET_PRIORITY_QUANTITY" PICTURETEXT ="" PORTTYPE ="INPUT/OUTPUT" PRECISION ="11" SCALE ="0"/>
            <TRANSFORMFIELD DATATYPE ="date/time" DEFAULTVALUE ="" DESCRIPTION ="" EXPRESSION ="LOAD_DATE" EXPRESSIONTYPE ="GENERAL" NAME ="LOAD_DATE" PICTURETEXT ="" PORTTYPE ="INPUT/OUTPUT" PRECISION ="29" SCALE ="9"/>
            <TRANSFORMFIELD DATATYPE ="string" DEFAULTVALUE ="" DESCRIPTION ="" EXPRESSION ="DATA_SOURCE" EXPRESSIONTYPE ="GENERAL" NAME ="DATA_SOURCE" PICTURETEXT ="" PORTTYPE ="INPUT/OUTPUT" PRECISION ="60" SCALE ="0"/>
            <TRANSFORMFIELD DATATYPE ="decimal" DEFAULTVALUE ="" DESCRIPTION ="Open Qty" NAME ="I_OPOPQT" PICTURETEXT ="" PORTTYPE ="INPUT" PRECISION ="8" SCALE ="0"/>
            <TRANSFORMFIELD DATATYPE ="decimal" DEFAULTVALUE ="ERROR(&apos;transformation error&apos;)" DESCRIPTION ="" EXPRESSION ="SUM(I_OPOPQT)" EXPRESSIONTYPE ="GENERAL" NAME ="O_INV_WIP_QUANTITY" PICTURETEXT ="" PORTTYPE ="OUTPUT" PRECISION ="11" SCALE ="0"/>
            <TABLEATTRIBUTE NAME ="Cache Directory" VALUE ="$PMCacheDir"/>
            <TABLEATTRIBUTE NAME ="Tracing Level" VALUE ="Normal"/>
            <TABLEATTRIBUTE NAME ="Sorted Input" VALUE ="NO"/>
            <TABLEATTRIBUTE NAME ="Aggregator Data Cache Size" VALUE ="Auto"/>
            <TABLEATTRIBUTE NAME ="Aggregator Index Cache Size" VALUE ="Auto"/>
            <TABLEATTRIBUTE NAME ="Transformation Scope" VALUE ="All Input"/>
        </TRANSFORMATION>
        <TRANSFORMATION DESCRIPTION ="Retrieves records where the inv_wip_quantity value &gt;0" NAME ="FIL_INV_WIP_QUANTITY" OBJECTVERSION ="1" REUSABLE ="NO" TYPE ="Filter" VERSIONNUMBER ="1">
            <TRANSFORMFIELD DATATYPE ="string" DEFAULTVALUE ="" DESCRIPTION ="" NAME ="LEGACY_SOURCE" PICTURETEXT ="" PORTTYPE ="INPUT/OUTPUT" PRECISION ="10" SCALE ="0"/>
            <TRANSFORMFIELD DATATYPE ="string" DEFAULTVALUE ="" DESCRIPTION ="" NAME ="ITEM_CODE" PICTURETEXT ="" PORTTYPE ="INPUT/OUTPUT" PRECISION ="40" SCALE ="0"/>
            <TRANSFORMFIELD DATATYPE ="decimal" DEFAULTVALUE ="" DESCRIPTION ="" NAME ="INV_WIP_SEQ_NO" PICTURETEXT ="" PORTTYPE ="INPUT/OUTPUT" PRECISION ="8" SCALE ="0"/>
            <TRANSFORMFIELD DATATYPE ="string" DEFAULTVALUE ="" DESCRIPTION ="" NAME ="INV_WIP_TYPE" PICTURETEXT ="" PORTTYPE ="INPUT/OUTPUT" PRECISION ="10" SCALE ="0"/>
            <TRANSFORMFIELD DATATYPE ="decimal" DEFAULTVALUE ="" DESCRIPTION ="" NAME ="TOTAL_NET_PRIORITY_QUANTITY" PICTURETEXT ="" PORTTYPE ="INPUT/OUTPUT" PRECISION ="11" SCALE ="0"/>
            <TRANSFORMFIELD DATATYPE ="date/time" DEFAULTVALUE ="" DESCRIPTION ="" NAME ="LOAD_DATE" PICTURETEXT ="" PORTTYPE ="INPUT/OUTPUT" PRECISION ="29" SCALE ="9"/>
            <TRANSFORMFIELD DATATYPE ="string" DEFAULTVALUE ="" DESCRIPTION ="" NAME ="DATA_SOURCE" PICTURETEXT ="" PORTTYPE ="INPUT/OUTPUT" PRECISION ="60" SCALE ="0"/>
            <TRANSFORMFIELD DATATYPE ="decimal" DEFAULTVALUE ="" DESCRIPTION ="" NAME ="INV_WIP_QUANTITY" PICTURETEXT ="" PORTTYPE ="INPUT/OUTPUT" PRECISION ="11" SCALE ="0"/>
            <TABLEATTRIBUTE NAME ="Filter Condition" VALUE ="INV_WIP_QUANTITY&gt;0"/>
            <TABLEATTRIBUTE NAME ="Tracing Level" VALUE ="Normal"/>
        </TRANSFORMATION>
        <TRANSFORMATION DESCRIPTION ="This joiner joins OPP186  and DPR_DKU_ITEM  tables based on the filed SKU." NAME ="JNR_OPP186_DPR_SKU_ITEM" OBJECTVERSION ="1" REUSABLE ="NO" TYPE ="Joiner" VERSIONNUMBER ="1">
            <TRANSFORMFIELD DATATYPE ="string" DEFAULTVALUE ="" DESCRIPTION ="3090 Style" NAME ="OP3STY" PICTURETEXT ="" PORTTYPE ="INPUT/OUTPUT/MASTER" PRECISION ="10" SCALE ="0"/>
            <TRANSFORMFIELD DATATYPE ="string" DEFAULTVALUE ="" DESCRIPTION ="3090 Color" NAME ="OP3CLR" PICTURETEXT ="" PORTTYPE ="INPUT/OUTPUT/MASTER" PRECISION ="10" SCALE ="0"/>
            <TRANSFORMFIELD DATATYPE ="string" DEFAULTVALUE ="" DESCRIPTION ="X-Size" NAME ="OPXSIZ" PICTURETEXT ="" PORTTYPE ="INPUT/OUTPUT/MASTER" PRECISION ="1" SCALE ="0"/>
            <TRANSFORMFIELD DATATYPE ="string" DEFAULTVALUE ="" DESCRIPTION ="Pack" NAME ="OPPACK" PICTURETEXT ="" PORTTYPE ="INPUT/OUTPUT/MASTER" PRECISION ="1" SCALE ="0"/>
            <TRANSFORMFIELD DATATYPE ="string" DEFAULTVALUE ="" DESCRIPTION ="Sz Ln" NAME ="OPSZLN" PICTURETEXT ="" PORTTYPE ="INPUT/OUTPUT/MASTER" PRECISION ="1" SCALE ="0"/>
            <TRANSFORMFIELD DATATYPE ="string" DEFAULTVALUE ="" DESCRIPTION ="3090 Sz Pos" NAME ="OP3SZP" PICTURETEXT ="" PORTTYPE ="INPUT/OUTPUT/MASTER" PRECISION ="1" SCALE ="0"/>
            <TRANSFORMFIELD DATATYPE ="string" DEFAULTVALUE ="" DESCRIPTION ="" NAME ="OPP_SKU" PICTURETEXT ="" PORTTYPE ="INPUT/OUTPUT/MASTER" PRECISION ="10" SCALE ="0"/>
            <TRANSFORMFIELD DATATYPE ="decimal" DEFAULTVALUE ="" DESCRIPTION ="Open Qty" NAME ="OPOPQT" PICTURETEXT ="" PORTTYPE ="INPUT/OUTPUT/MASTER" PRECISION ="8" SCALE ="0"/>
            <TRANSFORMFIELD DATATYPE ="string" DEFAULTVALUE ="" DESCRIPTION ="UOM" NAME ="OPUOM" PICTURETEXT ="" PORTTYPE ="INPUT/OUTPUT/MASTER" PRECISION ="2" SCALE ="0"/>
            <TRANSFORMFIELD DATATYPE ="string" DEFAULTVALUE ="" DESCRIPTION ="" NAME ="SKU" PICTURETEXT ="" PORTTYPE ="INPUT/OUTPUT" PRECISION ="10" SCALE ="0"/>
            <TRANSFORMFIELD DATATYPE ="string" DEFAULTVALUE ="" DESCRIPTION ="" NAME ="SIZE_DESC" PICTURETEXT ="" PORTTYPE ="INPUT/OUTPUT" PRECISION ="30" SCALE ="0"/>
            <TRANSFORMFIELD DATATYPE ="decimal" DEFAULTVALUE ="" DESCRIPTION ="" NAME ="GARM_PER_PKG_QTY" PICTURETEXT ="" PORTTYPE ="INPUT/OUTPUT" PRECISION ="38" SCALE ="0"/>
            <TABLEATTRIBUTE NAME ="Case Sensitive String Comparison" VALUE ="YES"/>
            <TABLEATTRIBUTE NAME ="Cache Directory" VALUE ="$PMCacheDir"/>
            <TABLEATTRIBUTE NAME ="Join Condition" VALUE ="OPP_SKU = SKU"/>
            <TABLEATTRIBUTE NAME ="Join Type" VALUE ="Normal Join"/>
            <TABLEATTRIBUTE NAME ="Null ordering in master" VALUE ="Null Is Highest Value"/>
            <TABLEATTRIBUTE NAME ="Null ordering in detail" VALUE ="Null Is Highest Value"/>
            <TABLEATTRIBUTE NAME ="Tracing Level" VALUE ="Normal"/>
            <TABLEATTRIBUTE NAME ="Joiner Data Cache Size" VALUE ="Auto"/>
            <TABLEATTRIBUTE NAME ="Joiner Index Cache Size" VALUE ="Auto"/>
            <TABLEATTRIBUTE NAME ="Sorted Input" VALUE ="NO"/>
            <TABLEATTRIBUTE NAME ="Master Sort Order" VALUE ="Auto"/>
            <TABLEATTRIBUTE NAME ="Transformation Scope" VALUE ="All Input"/>
        </TRANSFORMATION>
        <TRANSFORMATION DESCRIPTION ="This expression assigns the default values and calculates other values in accord with the logic given in the conversion mapping." NAME ="EXP_INVENTORY_AND_WIP" OBJECTVERSION ="1" REUSABLE ="NO" TYPE ="Expression" VERSIONNUMBER ="1">
            <TRANSFORMFIELD DATATYPE ="string" DEFAULTVALUE ="" DESCRIPTION ="3090 Style" NAME ="OP3STY" PICTURETEXT ="" PORTTYPE ="INPUT" PRECISION ="4" SCALE ="0"/>
            <TRANSFORMFIELD DATATYPE ="string" DEFAULTVALUE ="" DESCRIPTION ="3090 Color" NAME ="OP3CLR" PICTURETEXT ="" PORTTYPE ="INPUT" PRECISION ="2" SCALE ="0"/>
            <TRANSFORMFIELD DATATYPE ="string" DEFAULTVALUE ="" DESCRIPTION ="X-Size" NAME ="OPXSIZ" PICTURETEXT ="" PORTTYPE ="INPUT" PRECISION ="1" SCALE ="0"/>
            <TRANSFORMFIELD DATATYPE ="string" DEFAULTVALUE ="" DESCRIPTION ="Pack" NAME ="OPPACK" PICTURETEXT ="" PORTTYPE ="INPUT" PRECISION ="1" SCALE ="0"/>
            <TRANSFORMFIELD DATATYPE ="string" DEFAULTVALUE ="" DESCRIPTION ="Sz Ln" NAME ="OPSZLN" PICTURETEXT ="" PORTTYPE ="INPUT" PRECISION ="1" SCALE ="0"/>
            <TRANSFORMFIELD DATATYPE ="string" DEFAULTVALUE ="" DESCRIPTION ="3090 Sz Pos" NAME ="OP3SZP" PICTURETEXT ="" PORTTYPE ="INPUT" PRECISION ="1" SCALE ="0"/>
            <TRANSFORMFIELD DATATYPE ="string" DEFAULTVALUE ="" DESCRIPTION ="" NAME ="OPP_SKU" PICTURETEXT ="" PORTTYPE ="INPUT" PRECISION ="10" SCALE ="0"/>
            <TRANSFORMFIELD DATATYPE ="string" DEFAULTVALUE ="" DESCRIPTION ="UOM" NAME ="I_OPUOM" PICTURETEXT ="" PORTTYPE ="INPUT" PRECISION ="2" SCALE ="0"/>
            <TRANSFORMFIELD DATATYPE ="decimal" DEFAULTVALUE ="" DESCRIPTION ="Open Qty" NAME ="I_OPOPQT" PICTURETEXT ="" PORTTYPE ="INPUT" PRECISION ="8" SCALE ="0"/>
            <TRANSFORMFIELD DATATYPE ="decimal" DEFAULTVALUE ="ERROR(&apos;transformation error&apos;)" DESCRIPTION ="Open Qty" EXPRESSION ="IIF(I_OPUOM=&apos;DZ&apos;,(I_OPOPQT*12),I_OPOPQT)" EXPRESSIONTYPE ="GENERAL" NAME ="O_OPOPQT" PICTURETEXT ="" PORTTYPE ="OUTPUT" PRECISION ="8" SCALE ="0"/>
            <TRANSFORMFIELD DATATYPE ="decimal" DEFAULTVALUE ="" DESCRIPTION ="" NAME ="GARM_PER_PKG_QTY" PICTURETEXT ="" PORTTYPE ="INPUT" PRECISION ="38" SCALE ="0"/>
            <TRANSFORMFIELD DATATYPE ="string" DEFAULTVALUE ="" DESCRIPTION ="" NAME ="SIZE_DESC" PICTURETEXT ="" PORTTYPE ="INPUT" PRECISION ="30" SCALE ="0"/>
            <TRANSFORMFIELD DATATYPE ="string" DEFAULTVALUE ="" DESCRIPTION ="" NAME ="SKU" PICTURETEXT ="" PORTTYPE ="INPUT" PRECISION ="10" SCALE ="0"/>
            <TRANSFORMFIELD DATATYPE ="string" DEFAULTVALUE ="ERROR(&apos;transformation error&apos;)" DESCRIPTION ="" EXPRESSION ="&apos;UNW&apos;" EXPRESSIONTYPE ="GENERAL" NAME ="O_LEGACY_SOURCE" PICTURETEXT ="" PORTTYPE ="OUTPUT" PRECISION ="10" SCALE ="0"/>
            <TRANSFORMFIELD DATATYPE ="string" DEFAULTVALUE ="ERROR(&apos;transformation error&apos;)" DESCRIPTION ="" EXPRESSION ="RTRIM(OP3STY)||RTRIM(OP3CLR)||&apos;_&apos;||RTRIM(SIZE_DESC)||&apos;_&apos;||RTRIM(GARM_PER_PKG_QTY)||&apos;_&apos;||RTRIM(OPXSIZ)||RTRIM(OPPACK)||RTRIM(OPSZLN)||RTRIM(OP3SZP)" EXPRESSIONTYPE ="GENERAL" NAME ="O_ITEM_CODE" PICTURETEXT ="" PORTTYPE ="OUTPUT" PRECISION ="40" SCALE ="0"/>
            <TRANSFORMFIELD DATATYPE ="decimal" DEFAULTVALUE ="ERROR(&apos;transformation error&apos;)" DESCRIPTION ="" EXPRESSION ="400" EXPRESSIONTYPE ="GENERAL" NAME ="O_INV_WIP_SEQ_NO" PICTURETEXT ="" PORTTYPE ="OUTPUT" PRECISION ="8" SCALE ="0"/>
            <TRANSFORMFIELD DATATYPE ="string" DEFAULTVALUE ="ERROR(&apos;transformation error&apos;)" DESCRIPTION ="" EXPRESSION ="&apos;SewOrders&apos;" EXPRESSIONTYPE ="GENERAL" NAME ="INV_WIP_TYPE" PICTURETEXT ="" PORTTYPE ="OUTPUT" PRECISION ="10" SCALE ="0"/>
            <TRANSFORMFIELD DATATYPE ="decimal" DEFAULTVALUE ="ERROR(&apos;transformation error&apos;)" DESCRIPTION ="" EXPRESSION ="0" EXPRESSIONTYPE ="GENERAL" NAME ="O_TOTAL_NET_PRIORITY_QUANTITY" PICTURETEXT ="" PORTTYPE ="OUTPUT" PRECISION ="11" SCALE ="0"/>
            <TRANSFORMFIELD DATATYPE ="date/time" DEFAULTVALUE ="ERROR(&apos;transformation error&apos;)" DESCRIPTION ="" EXPRESSION ="SYSDATE" EXPRESSIONTYPE ="GENERAL" NAME ="O_LOAD_DATE" PICTURETEXT ="" PORTTYPE ="OUTPUT" PRECISION ="29" SCALE ="9"/>
            <TRANSFORMFIELD DATATYPE ="string" DEFAULTVALUE ="" DESCRIPTION ="" EXPRESSION ="&apos;Underwear Planning System&apos;" EXPRESSIONTYPE ="GENERAL" NAME ="O_DATA_SOURCE" PICTURETEXT ="" PORTTYPE ="OUTPUT" PRECISION ="60" SCALE ="0"/>
            <TABLEATTRIBUTE NAME ="Tracing Level" VALUE ="Normal"/>
        </TRANSFORMATION>
        <TRANSFORMATION DESCRIPTION ="This source qualifier reads records from source table DPR_SKU_ITEM" NAME ="SQ_DPR_SKU_ITEM" OBJECTVERSION ="1" REUSABLE ="NO" TYPE ="Source Qualifier" VERSIONNUMBER ="1">
            <TRANSFORMFIELD DATATYPE ="string" DEFAULTVALUE ="" DESCRIPTION ="" NAME ="SKU" PICTURETEXT ="" PORTTYPE ="INPUT/OUTPUT" PRECISION ="10" SCALE ="0"/>
            <TRANSFORMFIELD DATATYPE ="string" DEFAULTVALUE ="" DESCRIPTION ="" NAME ="SIZE_DESC" PICTURETEXT ="" PORTTYPE ="INPUT/OUTPUT" PRECISION ="30" SCALE ="0"/>
            <TRANSFORMFIELD DATATYPE ="double" DEFAULTVALUE ="" DESCRIPTION ="" NAME ="GARM_PER_PKG_QTY" PICTURETEXT ="" PORTTYPE ="INPUT/OUTPUT" PRECISION ="15" SCALE ="0"/>
            <TABLEATTRIBUTE NAME ="Sql Query" VALUE ="SELECT DPR_SKU_ITEM.SKU, DPR_SKU_ITEM.SIZE_DESC, DPR_SKU_ITEM.GARM_PER_PKG_QTY &#xD;&#xA;FROM&#xD;&#xA;DPR.DPR_SKU_ITEM"/>
            <TABLEATTRIBUTE NAME ="User Defined Join" VALUE =""/>
            <TABLEATTRIBUTE NAME ="Source Filter" VALUE =""/>
            <TABLEATTRIBUTE NAME ="Number Of Sorted Ports" VALUE ="0"/>
            <TABLEATTRIBUTE NAME ="Tracing Level" VALUE ="Normal"/>
            <TABLEATTRIBUTE NAME ="Select Distinct" VALUE ="NO"/>
            <TABLEATTRIBUTE NAME ="Is Partitionable" VALUE ="NO"/>
            <TABLEATTRIBUTE NAME ="Pre SQL" VALUE =""/>
            <TABLEATTRIBUTE NAME ="Post SQL" VALUE =""/>
            <TABLEATTRIBUTE NAME ="Output is deterministic" VALUE ="NO"/>
            <TABLEATTRIBUTE NAME ="Output is repeatable" VALUE ="Never"/>
        </TRANSFORMATION>
        <TRANSFORMATION DESCRIPTION ="Reads records from source table OPP186" NAME ="SQ_OPP186" OBJECTVERSION ="1" REUSABLE ="NO" TYPE ="Source Qualifier" VERSIONNUMBER ="1">
            <TRANSFORMFIELD DATATYPE ="string" DEFAULTVALUE ="" DESCRIPTION ="3090 Style" NAME ="OP3STY" PICTURETEXT ="" PORTTYPE ="INPUT/OUTPUT" PRECISION ="4" SCALE ="0"/>
            <TRANSFORMFIELD DATATYPE ="string" DEFAULTVALUE ="" DESCRIPTION ="3090 Color" NAME ="OP3CLR" PICTURETEXT ="" PORTTYPE ="INPUT/OUTPUT" PRECISION ="2" SCALE ="0"/>
            <TRANSFORMFIELD DATATYPE ="string" DEFAULTVALUE ="" DESCRIPTION ="X-Size" NAME ="OPXSIZ" PICTURETEXT ="" PORTTYPE ="INPUT/OUTPUT" PRECISION ="1" SCALE ="0"/>
            <TRANSFORMFIELD DATATYPE ="string" DEFAULTVALUE ="" DESCRIPTION ="Pack" NAME ="OPPACK" PICTURETEXT ="" PORTTYPE ="INPUT/OUTPUT" PRECISION ="1" SCALE ="0"/>
            <TRANSFORMFIELD DATATYPE ="string" DEFAULTVALUE ="" DESCRIPTION ="Sz Ln" NAME ="OPSZLN" PICTURETEXT ="" PORTTYPE ="INPUT/OUTPUT" PRECISION ="1" SCALE ="0"/>
            <TRANSFORMFIELD DATATYPE ="string" DEFAULTVALUE ="" DESCRIPTION ="3090 Sz Pos" NAME ="OP3SZP" PICTURETEXT ="" PORTTYPE ="INPUT/OUTPUT" PRECISION ="1" SCALE ="0"/>
            <TRANSFORMFIELD DATATYPE ="decimal" DEFAULTVALUE ="" DESCRIPTION ="Open Qty" NAME ="OPOPQT" PICTURETEXT ="" PORTTYPE ="INPUT/OUTPUT" PRECISION ="8" SCALE ="0"/>
            <TRANSFORMFIELD DATATYPE ="string" DEFAULTVALUE ="" DESCRIPTION ="UOM" NAME ="OPUOM" PICTURETEXT ="" PORTTYPE ="INPUT/OUTPUT" PRECISION ="2" SCALE ="0"/>
            <TRANSFORMFIELD DATATYPE ="string" DEFAULTVALUE ="" DESCRIPTION ="Calculated SKU" NAME ="OPP_SKU" PICTURETEXT ="" PORTTYPE ="INPUT/OUTPUT" PRECISION ="10" SCALE ="0"/>
            <TABLEATTRIBUTE NAME ="Sql Query" VALUE ="SELECT  &#xD;&#xA;OP3STY as OP3STY,  &#xD;&#xA;OP3CLR as OP3CLR,  &#xD;&#xA;OPXSIZ as OPXSIZ,  &#xD;&#xA;OPPACK as OPPACK,  &#xD;&#xA;OPSZLN as OPSZLN,  &#xD;&#xA;OP3SZP as OP3SZP, &#xD;&#xA;OPOPQT as OPOPQT,  &#xD;&#xA;OPUOM as OPUOM,  &#xD;&#xA;OP3STY||OP3CLR||OPXSIZ||OPPACK||OPSZLN||OP3SZP as OPP_SKU &#xD;&#xA;FROM  UOPLIB.OPP186"/>
            <TABLEATTRIBUTE NAME ="User Defined Join" VALUE =""/>
            <TABLEATTRIBUTE NAME ="Source Filter" VALUE =""/>
            <TABLEATTRIBUTE NAME ="Number Of Sorted Ports" VALUE ="0"/>
            <TABLEATTRIBUTE NAME ="Tracing Level" VALUE ="Normal"/>
            <TABLEATTRIBUTE NAME ="Select Distinct" VALUE ="NO"/>
            <TABLEATTRIBUTE NAME ="Is Partitionable" VALUE ="NO"/>
            <TABLEATTRIBUTE NAME ="Pre SQL" VALUE =""/>
            <TABLEATTRIBUTE NAME ="Post SQL" VALUE =""/>
            <TABLEATTRIBUTE NAME ="Output is deterministic" VALUE ="NO"/>
            <TABLEATTRIBUTE NAME ="Output is repeatable" VALUE ="Never"/>
        </TRANSFORMATION>
        <INSTANCE DESCRIPTION ="Target" NAME ="INVENTORY_AND_WIP" TRANSFORMATION_NAME ="INVENTORY_AND_WIP" TRANSFORMATION_TYPE ="Target Definition" TYPE ="TARGET"/>
        <INSTANCE DBDNAME ="AS400" DESCRIPTION ="" NAME ="OPP186" TRANSFORMATION_NAME ="OPP186" TRANSFORMATION_TYPE ="Source Definition" TYPE ="SOURCE"/>
        <INSTANCE DBDNAME ="slbadw" DESCRIPTION ="" NAME ="DPR_SKU_ITEM" TRANSFORMATION_NAME ="DPR_SKU_ITEM" TRANSFORMATION_TYPE ="Source Definition" TYPE ="SOURCE"/>
        <INSTANCE DESCRIPTION ="Aggregate the INV_WIP_QUANTITY based on LEGACY_SOURCE,ITEM_CODE,INV_WIP_SEQ_NO,INV_WIP_TYPE filelds" NAME ="AGG_INVENTORY_AND_WIP" REUSABLE ="NO" TRANSFORMATION_NAME ="AGG_INVENTORY_AND_WIP" TRANSFORMATION_TYPE ="Aggregator" TYPE ="TRANSFORMATION"/>
        <INSTANCE DESCRIPTION ="Retrieves records where the inv_wip_quantity value &gt;0" NAME ="FIL_INV_WIP_QUANTITY" REUSABLE ="NO" TRANSFORMATION_NAME ="FIL_INV_WIP_QUANTITY" TRANSFORMATION_TYPE ="Filter" TYPE ="TRANSFORMATION"/>
        <INSTANCE DESCRIPTION ="This joiner joins OPP186  and DPR_DKU_ITEM  tables based on the filed SKU." NAME ="JNR_OPP186_DPR_SKU_ITEM" REUSABLE ="NO" TRANSFORMATION_NAME ="JNR_OPP186_DPR_SKU_ITEM" TRANSFORMATION_TYPE ="Joiner" TYPE ="TRANSFORMATION"/>
        <INSTANCE DESCRIPTION ="This expression assigns the default values and calculates other values in accord with the logic given in the conversion mapping." NAME ="EXP_INVENTORY_AND_WIP" REUSABLE ="NO" TRANSFORMATION_NAME ="EXP_INVENTORY_AND_WIP" TRANSFORMATION_TYPE ="Expression" TYPE ="TRANSFORMATION"/>
        <INSTANCE DESCRIPTION ="This source qualifier reads records from source table DPR_SKU_ITEM" NAME ="SQ_DPR_SKU_ITEM" REUSABLE ="NO" TRANSFORMATION_NAME ="SQ_DPR_SKU_ITEM" TRANSFORMATION_TYPE ="Source Qualifier" TYPE ="TRANSFORMATION">
            <ASSOCIATED_SOURCE_INSTANCE NAME ="DPR_SKU_ITEM"/>
        </INSTANCE>
        <INSTANCE DESCRIPTION ="Reads records from source table OPP186" NAME ="SQ_OPP186" REUSABLE ="NO" TRANSFORMATION_NAME ="SQ_OPP186" TRANSFORMATION_TYPE ="Source Qualifier" TYPE ="TRANSFORMATION">
            <ASSOCIATED_SOURCE_INSTANCE NAME ="OPP186"/>
        </INSTANCE>
        <CONNECTOR FROMFIELD ="LOAD_DATE" FROMINSTANCE ="FIL_INV_WIP_QUANTITY" FROMINSTANCETYPE ="Filter" TOFIELD ="LOAD_DATE" TOINSTANCE ="INVENTORY_AND_WIP" TOINSTANCETYPE ="Target Definition"/>
        <CONNECTOR FROMFIELD ="DATA_SOURCE" FROMINSTANCE ="FIL_INV_WIP_QUANTITY" FROMINSTANCETYPE ="Filter" TOFIELD ="DATA_SOURCE" TOINSTANCE ="INVENTORY_AND_WIP" TOINSTANCETYPE ="Target Definition"/>
        <CONNECTOR FROMFIELD ="TOTAL_NET_PRIORITY_QUANTITY" FROMINSTANCE ="FIL_INV_WIP_QUANTITY" FROMINSTANCETYPE ="Filter" TOFIELD ="TOTAL_NET_PRIORITY_QUANTITY" TOINSTANCE ="INVENTORY_AND_WIP" TOINSTANCETYPE ="Target Definition"/>
        <CONNECTOR FROMFIELD ="INV_WIP_QUANTITY" FROMINSTANCE ="FIL_INV_WIP_QUANTITY" FROMINSTANCETYPE ="Filter" TOFIELD ="NET_INV_WIP_QUANTITY" TOINSTANCE ="INVENTORY_AND_WIP" TOINSTANCETYPE ="Target Definition"/>
        <CONNECTOR FROMFIELD ="LEGACY_SOURCE" FROMINSTANCE ="FIL_INV_WIP_QUANTITY" FROMINSTANCETYPE ="Filter" TOFIELD ="LEGACY_SOURCE" TOINSTANCE ="INVENTORY_AND_WIP" TOINSTANCETYPE ="Target Definition"/>
        <CONNECTOR FROMFIELD ="ITEM_CODE" FROMINSTANCE ="FIL_INV_WIP_QUANTITY" FROMINSTANCETYPE ="Filter" TOFIELD ="ITEM_CODE" TOINSTANCE ="INVENTORY_AND_WIP" TOINSTANCETYPE ="Target Definition"/>
        <CONNECTOR FROMFIELD ="INV_WIP_QUANTITY" FROMINSTANCE ="FIL_INV_WIP_QUANTITY" FROMINSTANCETYPE ="Filter" TOFIELD ="INV_WIP_QUANTITY" TOINSTANCE ="INVENTORY_AND_WIP" TOINSTANCETYPE ="Target Definition"/>
        <CONNECTOR FROMFIELD ="INV_WIP_SEQ_NO" FROMINSTANCE ="FIL_INV_WIP_QUANTITY" FROMINSTANCETYPE ="Filter" TOFIELD ="INV_WIP_SEQ_NO" TOINSTANCE ="INVENTORY_AND_WIP" TOINSTANCETYPE ="Target Definition"/>
        <CONNECTOR FROMFIELD ="INV_WIP_TYPE" FROMINSTANCE ="FIL_INV_WIP_QUANTITY" FROMINSTANCETYPE ="Filter" TOFIELD ="INV_WIP_TYPE" TOINSTANCE ="INVENTORY_AND_WIP" TOINSTANCETYPE ="Target Definition"/>
        <CONNECTOR FROMFIELD ="OP3STY" FROMINSTANCE ="OPP186" FROMINSTANCETYPE ="Source Definition" TOFIELD ="OP3STY" TOINSTANCE ="SQ_OPP186" TOINSTANCETYPE ="Source Qualifier"/>
        <CONNECTOR FROMFIELD ="OP3CLR" FROMINSTANCE ="OPP186" FROMINSTANCETYPE ="Source Definition" TOFIELD ="OP3CLR" TOINSTANCE ="SQ_OPP186" TOINSTANCETYPE ="Source Qualifier"/>
        <CONNECTOR FROMFIELD ="OPXSIZ" FROMINSTANCE ="OPP186" FROMINSTANCETYPE ="Source Definition" TOFIELD ="OPXSIZ" TOINSTANCE ="SQ_OPP186" TOINSTANCETYPE ="Source Qualifier"/>
        <CONNECTOR FROMFIELD ="OPPACK" FROMINSTANCE ="OPP186" FROMINSTANCETYPE ="Source Definition" TOFIELD ="OPPACK" TOINSTANCE ="SQ_OPP186" TOINSTANCETYPE ="Source Qualifier"/>
        <CONNECTOR FROMFIELD ="OPSZLN" FROMINSTANCE ="OPP186" FROMINSTANCETYPE ="Source Definition" TOFIELD ="OPSZLN" TOINSTANCE ="SQ_OPP186" TOINSTANCETYPE ="Source Qualifier"/>
        <CONNECTOR FROMFIELD ="OP3SZP" FROMINSTANCE ="OPP186" FROMINSTANCETYPE ="Source Definition" TOFIELD ="OP3SZP" TOINSTANCE ="SQ_OPP186" TOINSTANCETYPE ="Source Qualifier"/>
        <CONNECTOR FROMFIELD ="OPOPQT" FROMINSTANCE ="OPP186" FROMINSTANCETYPE ="Source Definition" TOFIELD ="OPOPQT" TOINSTANCE ="SQ_OPP186" TOINSTANCETYPE ="Source Qualifier"/>
        <CONNECTOR FROMFIELD ="OPUOM" FROMINSTANCE ="OPP186" FROMINSTANCETYPE ="Source Definition" TOFIELD ="OPUOM" TOINSTANCE ="SQ_OPP186" TOINSTANCETYPE ="Source Qualifier"/>
        <CONNECTOR FROMFIELD ="OPPODT" FROMINSTANCE ="OPP186" FROMINSTANCETYPE ="Source Definition" TOFIELD ="OPP_SKU" TOINSTANCE ="SQ_OPP186" TOINSTANCETYPE ="Source Qualifier"/>
        <CONNECTOR FROMFIELD ="SKU" FROMINSTANCE ="DPR_SKU_ITEM" FROMINSTANCETYPE ="Source Definition" TOFIELD ="SKU" TOINSTANCE ="SQ_DPR_SKU_ITEM" TOINSTANCETYPE ="Source Qualifier"/>
        <CONNECTOR FROMFIELD ="SIZE_DESC" FROMINSTANCE ="DPR_SKU_ITEM" FROMINSTANCETYPE ="Source Definition" TOFIELD ="SIZE_DESC" TOINSTANCE ="SQ_DPR_SKU_ITEM" TOINSTANCETYPE ="Source Qualifier"/>
        <CONNECTOR FROMFIELD ="GARM_PER_PKG_QTY" FROMINSTANCE ="DPR_SKU_ITEM" FROMINSTANCETYPE ="Source Definition" TOFIELD ="GARM_PER_PKG_QTY" TOINSTANCE ="SQ_DPR_SKU_ITEM" TOINSTANCETYPE ="Source Qualifier"/>
        <CONNECTOR FROMFIELD ="O_LEGACY_SOURCE" FROMINSTANCE ="EXP_INVENTORY_AND_WIP" FROMINSTANCETYPE ="Expression" TOFIELD ="LEGACY_SOURCE" TOINSTANCE ="AGG_INVENTORY_AND_WIP" TOINSTANCETYPE ="Aggregator"/>
        <CONNECTOR FROMFIELD ="O_ITEM_CODE" FROMINSTANCE ="EXP_INVENTORY_AND_WIP" FROMINSTANCETYPE ="Expression" TOFIELD ="ITEM_CODE" TOINSTANCE ="AGG_INVENTORY_AND_WIP" TOINSTANCETYPE ="Aggregator"/>
        <CONNECTOR FROMFIELD ="O_INV_WIP_SEQ_NO" FROMINSTANCE ="EXP_INVENTORY_AND_WIP" FROMINSTANCETYPE ="Expression" TOFIELD ="INV_WIP_SEQ_NO" TOINSTANCE ="AGG_INVENTORY_AND_WIP" TOINSTANCETYPE ="Aggregator"/>
        <CONNECTOR FROMFIELD ="INV_WIP_TYPE" FROMINSTANCE ="EXP_INVENTORY_AND_WIP" FROMINSTANCETYPE ="Expression" TOFIELD ="INV_WIP_TYPE" TOINSTANCE ="AGG_INVENTORY_AND_WIP" TOINSTANCETYPE ="Aggregator"/>
        <CONNECTOR FROMFIELD ="O_TOTAL_NET_PRIORITY_QUANTITY" FROMINSTANCE ="EXP_INVENTORY_AND_WIP" FROMINSTANCETYPE ="Expression" TOFIELD ="TOTAL_NET_PRIORITY_QUANTITY" TOINSTANCE ="AGG_INVENTORY_AND_WIP" TOINSTANCETYPE ="Aggregator"/>
        <CONNECTOR FROMFIELD ="O_LOAD_DATE" FROMINSTANCE ="EXP_INVENTORY_AND_WIP" FROMINSTANCETYPE ="Expression" TOFIELD ="LOAD_DATE" TOINSTANCE ="AGG_INVENTORY_AND_WIP" TOINSTANCETYPE ="Aggregator"/>
        <CONNECTOR FROMFIELD ="O_DATA_SOURCE" FROMINSTANCE ="EXP_INVENTORY_AND_WIP" FROMINSTANCETYPE ="Expression" TOFIELD ="DATA_SOURCE" TOINSTANCE ="AGG_INVENTORY_AND_WIP" TOINSTANCETYPE ="Aggregator"/>
        <CONNECTOR FROMFIELD ="O_OPOPQT" FROMINSTANCE ="EXP_INVENTORY_AND_WIP" FROMINSTANCETYPE ="Expression" TOFIELD ="I_OPOPQT" TOINSTANCE ="AGG_INVENTORY_AND_WIP" TOINSTANCETYPE ="Aggregator"/>
        <CONNECTOR FROMFIELD ="LEGACY_SOURCE" FROMINSTANCE ="AGG_INVENTORY_AND_WIP" FROMINSTANCETYPE ="Aggregator" TOFIELD ="LEGACY_SOURCE" TOINSTANCE ="FIL_INV_WIP_QUANTITY" TOINSTANCETYPE ="Filter"/>
        <CONNECTOR FROMFIELD ="ITEM_CODE" FROMINSTANCE ="AGG_INVENTORY_AND_WIP" FROMINSTANCETYPE ="Aggregator" TOFIELD ="ITEM_CODE" TOINSTANCE ="FIL_INV_WIP_QUANTITY" TOINSTANCETYPE ="Filter"/>
        <CONNECTOR FROMFIELD ="INV_WIP_SEQ_NO" FROMINSTANCE ="AGG_INVENTORY_AND_WIP" FROMINSTANCETYPE ="Aggregator" TOFIELD ="INV_WIP_SEQ_NO" TOINSTANCE ="FIL_INV_WIP_QUANTITY" TOINSTANCETYPE ="Filter"/>
        <CONNECTOR FROMFIELD ="INV_WIP_TYPE" FROMINSTANCE ="AGG_INVENTORY_AND_WIP" FROMINSTANCETYPE ="Aggregator" TOFIELD ="INV_WIP_TYPE" TOINSTANCE ="FIL_INV_WIP_QUANTITY" TOINSTANCETYPE ="Filter"/>
        <CONNECTOR FROMFIELD ="TOTAL_NET_PRIORITY_QUANTITY" FROMINSTANCE ="AGG_INVENTORY_AND_WIP" FROMINSTANCETYPE ="Aggregator" TOFIELD ="TOTAL_NET_PRIORITY_QUANTITY" TOINSTANCE ="FIL_INV_WIP_QUANTITY" TOINSTANCETYPE ="Filter"/>
        <CONNECTOR FROMFIELD ="LOAD_DATE" FROMINSTANCE ="AGG_INVENTORY_AND_WIP" FROMINSTANCETYPE ="Aggregator" TOFIELD ="LOAD_DATE" TOINSTANCE ="FIL_INV_WIP_QUANTITY" TOINSTANCETYPE ="Filter"/>
        <CONNECTOR FROMFIELD ="DATA_SOURCE" FROMINSTANCE ="AGG_INVENTORY_AND_WIP" FROMINSTANCETYPE ="Aggregator" TOFIELD ="DATA_SOURCE" TOINSTANCE ="FIL_INV_WIP_QUANTITY" TOINSTANCETYPE ="Filter"/>
        <CONNECTOR FROMFIELD ="O_INV_WIP_QUANTITY" FROMINSTANCE ="AGG_INVENTORY_AND_WIP" FROMINSTANCETYPE ="Aggregator" TOFIELD ="INV_WIP_QUANTITY" TOINSTANCE ="FIL_INV_WIP_QUANTITY" TOINSTANCETYPE ="Filter"/>
        <CONNECTOR FROMFIELD ="OP3STY" FROMINSTANCE ="JNR_OPP186_DPR_SKU_ITEM" FROMINSTANCETYPE ="Joiner" TOFIELD ="OP3STY" TOINSTANCE ="EXP_INVENTORY_AND_WIP" TOINSTANCETYPE ="Expression"/>
        <CONNECTOR FROMFIELD ="OP3CLR" FROMINSTANCE ="JNR_OPP186_DPR_SKU_ITEM" FROMINSTANCETYPE ="Joiner" TOFIELD ="OP3CLR" TOINSTANCE ="EXP_INVENTORY_AND_WIP" TOINSTANCETYPE ="Expression"/>
        <CONNECTOR FROMFIELD ="OPXSIZ" FROMINSTANCE ="JNR_OPP186_DPR_SKU_ITEM" FROMINSTANCETYPE ="Joiner" TOFIELD ="OPXSIZ" TOINSTANCE ="EXP_INVENTORY_AND_WIP" TOINSTANCETYPE ="Expression"/>
        <CONNECTOR FROMFIELD ="OPPACK" FROMINSTANCE ="JNR_OPP186_DPR_SKU_ITEM" FROMINSTANCETYPE ="Joiner" TOFIELD ="OPPACK" TOINSTANCE ="EXP_INVENTORY_AND_WIP" TOINSTANCETYPE ="Expression"/>
        <CONNECTOR FROMFIELD ="OPSZLN" FROMINSTANCE ="JNR_OPP186_DPR_SKU_ITEM" FROMINSTANCETYPE ="Joiner" TOFIELD ="OPSZLN" TOINSTANCE ="EXP_INVENTORY_AND_WIP" TOINSTANCETYPE ="Expression"/>
        <CONNECTOR FROMFIELD ="OP3SZP" FROMINSTANCE ="JNR_OPP186_DPR_SKU_ITEM" FROMINSTANCETYPE ="Joiner" TOFIELD ="OP3SZP" TOINSTANCE ="EXP_INVENTORY_AND_WIP" TOINSTANCETYPE ="Expression"/>
        <CONNECTOR FROMFIELD ="OPP_SKU" FROMINSTANCE ="JNR_OPP186_DPR_SKU_ITEM" FROMINSTANCETYPE ="Joiner" TOFIELD ="OPP_SKU" TOINSTANCE ="EXP_INVENTORY_AND_WIP" TOINSTANCETYPE ="Expression"/>
        <CONNECTOR FROMFIELD ="OPOPQT" FROMINSTANCE ="JNR_OPP186_DPR_SKU_ITEM" FROMINSTANCETYPE ="Joiner" TOFIELD ="I_OPOPQT" TOINSTANCE ="EXP_INVENTORY_AND_WIP" TOINSTANCETYPE ="Expression"/>
        <CONNECTOR FROMFIELD ="GARM_PER_PKG_QTY" FROMINSTANCE ="JNR_OPP186_DPR_SKU_ITEM" FROMINSTANCETYPE ="Joiner" TOFIELD ="GARM_PER_PKG_QTY" TOINSTANCE ="EXP_INVENTORY_AND_WIP" TOINSTANCETYPE ="Expression"/>
        <CONNECTOR FROMFIELD ="SIZE_DESC" FROMINSTANCE ="JNR_OPP186_DPR_SKU_ITEM" FROMINSTANCETYPE ="Joiner" TOFIELD ="SIZE_DESC" TOINSTANCE ="EXP_INVENTORY_AND_WIP" TOINSTANCETYPE ="Expression"/>
        <CONNECTOR FROMFIELD ="SKU" FROMINSTANCE ="JNR_OPP186_DPR_SKU_ITEM" FROMINSTANCETYPE ="Joiner" TOFIELD ="SKU" TOINSTANCE ="EXP_INVENTORY_AND_WIP" TOINSTANCETYPE ="Expression"/>
        <CONNECTOR FROMFIELD ="OPUOM" FROMINSTANCE ="JNR_OPP186_DPR_SKU_ITEM" FROMINSTANCETYPE ="Joiner" TOFIELD ="I_OPUOM" TOINSTANCE ="EXP_INVENTORY_AND_WIP" TOINSTANCETYPE ="Expression"/>
        <CONNECTOR FROMFIELD ="OP3STY" FROMINSTANCE ="SQ_OPP186" FROMINSTANCETYPE ="Source Qualifier" TOFIELD ="OP3STY" TOINSTANCE ="JNR_OPP186_DPR_SKU_ITEM" TOINSTANCETYPE ="Joiner"/>
        <CONNECTOR FROMFIELD ="OP3CLR" FROMINSTANCE ="SQ_OPP186" FROMINSTANCETYPE ="Source Qualifier" TOFIELD ="OP3CLR" TOINSTANCE ="JNR_OPP186_DPR_SKU_ITEM" TOINSTANCETYPE ="Joiner"/>
        <CONNECTOR FROMFIELD ="OPXSIZ" FROMINSTANCE ="SQ_OPP186" FROMINSTANCETYPE ="Source Qualifier" TOFIELD ="OPXSIZ" TOINSTANCE ="JNR_OPP186_DPR_SKU_ITEM" TOINSTANCETYPE ="Joiner"/>
        <CONNECTOR FROMFIELD ="OPPACK" FROMINSTANCE ="SQ_OPP186" FROMINSTANCETYPE ="Source Qualifier" TOFIELD ="OPPACK" TOINSTANCE ="JNR_OPP186_DPR_SKU_ITEM" TOINSTANCETYPE ="Joiner"/>
        <CONNECTOR FROMFIELD ="OPSZLN" FROMINSTANCE ="SQ_OPP186" FROMINSTANCETYPE ="Source Qualifier" TOFIELD ="OPSZLN" TOINSTANCE ="JNR_OPP186_DPR_SKU_ITEM" TOINSTANCETYPE ="Joiner"/>
        <CONNECTOR FROMFIELD ="OP3SZP" FROMINSTANCE ="SQ_OPP186" FROMINSTANCETYPE ="Source Qualifier" TOFIELD ="OP3SZP" TOINSTANCE ="JNR_OPP186_DPR_SKU_ITEM" TOINSTANCETYPE ="Joiner"/>
        <CONNECTOR FROMFIELD ="OPP_SKU" FROMINSTANCE ="SQ_OPP186" FROMINSTANCETYPE ="Source Qualifier" TOFIELD ="OPP_SKU" TOINSTANCE ="JNR_OPP186_DPR_SKU_ITEM" TOINSTANCETYPE ="Joiner"/>
        <CONNECTOR FROMFIELD ="OPOPQT" FROMINSTANCE ="SQ_OPP186" FROMINSTANCETYPE ="Source Qualifier" TOFIELD ="OPOPQT" TOINSTANCE ="JNR_OPP186_DPR_SKU_ITEM" TOINSTANCETYPE ="Joiner"/>
        <CONNECTOR FROMFIELD ="OPUOM" FROMINSTANCE ="SQ_OPP186" FROMINSTANCETYPE ="Source Qualifier" TOFIELD ="OPUOM" TOINSTANCE ="JNR_OPP186_DPR_SKU_ITEM" TOINSTANCETYPE ="Joiner"/>
        <CONNECTOR FROMFIELD ="SKU" FROMINSTANCE ="SQ_DPR_SKU_ITEM" FROMINSTANCETYPE ="Source Qualifier" TOFIELD ="SKU" TOINSTANCE ="JNR_OPP186_DPR_SKU_ITEM" TOINSTANCETYPE ="Joiner"/>
        <CONNECTOR FROMFIELD ="SIZE_DESC" FROMINSTANCE ="SQ_DPR_SKU_ITEM" FROMINSTANCETYPE ="Source Qualifier" TOFIELD ="SIZE_DESC" TOINSTANCE ="JNR_OPP186_DPR_SKU_ITEM" TOINSTANCETYPE ="Joiner"/>
        <CONNECTOR FROMFIELD ="GARM_PER_PKG_QTY" FROMINSTANCE ="SQ_DPR_SKU_ITEM" FROMINSTANCETYPE ="Source Qualifier" TOFIELD ="GARM_PER_PKG_QTY" TOINSTANCE ="JNR_OPP186_DPR_SKU_ITEM" TOINSTANCETYPE ="Joiner"/>
        <TARGETLOADORDER ORDER ="1" TARGETINSTANCE ="INVENTORY_AND_WIP"/>
        <ERPINFO/>
        <METADATAEXTENSION DATATYPE ="STRING" DESCRIPTION ="Conversion Mapping Name with version " DOMAINNAME ="User Defined Metadata Domain" ISCLIENTEDITABLE ="YES" ISCLIENTVISIBLE ="YES" ISREUSABLE ="NO" ISSHAREREAD ="NO" ISSHAREWRITE ="NO" MAXLENGTH ="256" NAME ="CONV_MAP_NAME" VALUE ="" VENDORNAME ="INFORMATICA"/>
    </MAPPING>
    <CONFIG DESCRIPTION ="Default session configuration object" ISDEFAULT ="YES" NAME ="default_session_config" VERSIONNUMBER ="1">
        <ATTRIBUTE NAME ="Advanced" VALUE =""/>
        <ATTRIBUTE NAME ="Constraint based load ordering" VALUE ="NO"/>
        <ATTRIBUTE NAME ="Cache LOOKUP() function" VALUE ="YES"/>
        <ATTRIBUTE NAME ="Default buffer block size" VALUE ="Auto"/>
        <ATTRIBUTE NAME ="Line Sequential buffer length" VALUE ="1024"/>
        <ATTRIBUTE NAME ="Maximum Memory Allowed For Auto Memory Attributes" VALUE ="512MB"/>
        <ATTRIBUTE NAME ="Maximum Percentage of Total Memory Allowed For Auto Memory Attributes" VALUE ="5"/>
        <ATTRIBUTE NAME ="Additional Concurrent Pipelines for Lookup Cache Creation" VALUE ="Auto"/>
        <ATTRIBUTE NAME ="Custom Properties" VALUE =""/>
        <ATTRIBUTE NAME ="Pre-build lookup cache" VALUE ="Auto"/>
        <ATTRIBUTE NAME ="Optimization Level" VALUE ="Medium"/>
        <ATTRIBUTE NAME ="DateTime Format String" VALUE ="MM/DD/YYYY HH24:MI:SS.US"/>
        <ATTRIBUTE NAME ="Pre 85 Timestamp Compatibility" VALUE ="NO"/>
        <ATTRIBUTE NAME ="Log Options" VALUE ="0"/>
        <ATTRIBUTE NAME ="Save session log by" VALUE ="Session runs"/>
        <ATTRIBUTE NAME ="Save session log for these runs" VALUE ="9"/>
        <ATTRIBUTE NAME ="Session Log File Max Size" VALUE ="0"/>
        <ATTRIBUTE NAME ="Session Log File Max Time Period" VALUE ="0"/>
        <ATTRIBUTE NAME ="Maximum Partial Session Log Files" VALUE ="1"/>
        <ATTRIBUTE NAME ="Writer Commit Statistics Log Frequency" VALUE ="1"/>
        <ATTRIBUTE NAME ="Writer Commit Statistics Log Interval" VALUE ="0"/>
        <ATTRIBUTE NAME ="Error handling" VALUE =""/>
        <ATTRIBUTE NAME ="Stop on errors" VALUE ="1"/>
        <ATTRIBUTE NAME ="Override tracing" VALUE ="None"/>
        <ATTRIBUTE NAME ="On Stored Procedure error" VALUE ="Stop"/>
        <ATTRIBUTE NAME ="On Pre-session command task error" VALUE ="Stop"/>
        <ATTRIBUTE NAME ="On Pre-Post SQL error" VALUE ="Stop"/>
        <ATTRIBUTE NAME ="Enable Recovery" VALUE ="NO"/>
        <ATTRIBUTE NAME ="Error Log Type" VALUE ="None"/>
        <ATTRIBUTE NAME ="Error Log Table Name Prefix" VALUE =""/>
        <ATTRIBUTE NAME ="Error Log File Name" VALUE ="PMError.log"/>
        <ATTRIBUTE NAME ="Log Source Row Data" VALUE ="NO"/>
        <ATTRIBUTE NAME ="Data Column Delimiter" VALUE ="|"/>
        <ATTRIBUTE NAME ="Partitioning Options" VALUE =""/>
        <ATTRIBUTE NAME ="Dynamic Partitioning" VALUE ="Disabled"/>
        <ATTRIBUTE NAME ="Number of Partitions" VALUE ="1"/>
        <ATTRIBUTE NAME ="Multiplication Factor" VALUE ="Auto"/>
        <ATTRIBUTE NAME ="Session on Grid" VALUE =""/>
        <ATTRIBUTE NAME ="Is Enabled" VALUE ="NO"/>
    </CONFIG>
    <SESSION DESCRIPTION ="This session loads the data into target table INVENTORY_INV_WIP" ISVALID ="YES" MAPPINGNAME ="m_UW_INV_WIP_TURNKEY" NAME ="s_m_UW_INV_WIP_TURNKEY" REUSABLE ="YES" SORTORDER ="Binary" VERSIONNUMBER ="1">
        <SESSTRANSFORMATIONINST ISREPARTITIONPOINT ="YES" PARTITIONTYPE ="PASS THROUGH" PIPELINE ="2" SINSTANCENAME ="INVENTORY_AND_WIP" STAGE ="1" TRANSFORMATIONNAME ="INVENTORY_AND_WIP" TRANSFORMATIONTYPE ="Target Definition"/>
        <SESSTRANSFORMATIONINST ISREPARTITIONPOINT ="YES" PARTITIONTYPE ="PASS THROUGH" PIPELINE ="1" SINSTANCENAME ="SQ_OPP186" STAGE ="2" TRANSFORMATIONNAME ="SQ_OPP186" TRANSFORMATIONTYPE ="Source Qualifier"/>
        <SESSTRANSFORMATIONINST ISREPARTITIONPOINT ="NO" PIPELINE ="2" SINSTANCENAME ="JNR_OPP186_DPR_SKU_ITEM" STAGE ="4" TRANSFORMATIONNAME ="JNR_OPP186_DPR_SKU_ITEM" TRANSFORMATIONTYPE ="Joiner">
            <PARTITION DESCRIPTION ="" NAME ="Partition #1"/>
        </SESSTRANSFORMATIONINST>
        <SESSTRANSFORMATIONINST ISREPARTITIONPOINT ="NO" PIPELINE ="2" SINSTANCENAME ="EXP_INVENTORY_AND_WIP" STAGE ="4" TRANSFORMATIONNAME ="EXP_INVENTORY_AND_WIP" TRANSFORMATIONTYPE ="Expression">
            <PARTITION DESCRIPTION ="" NAME ="Partition #1"/>
        </SESSTRANSFORMATIONINST>
        <SESSTRANSFORMATIONINST ISREPARTITIONPOINT ="YES" PARTITIONTYPE ="HASH AUTO KEYS" PIPELINE ="2" SINSTANCENAME ="AGG_INVENTORY_AND_WIP" STAGE ="3" TRANSFORMATIONNAME ="AGG_INVENTORY_AND_WIP" TRANSFORMATIONTYPE ="Aggregator">
            <PARTITION DESCRIPTION ="" NAME ="Partition #1"/>
        </SESSTRANSFORMATIONINST>
        <SESSTRANSFORMATIONINST ISREPARTITIONPOINT ="NO" PIPELINE ="0" SINSTANCENAME ="OPP186" STAGE ="0" TRANSFORMATIONNAME ="OPP186" TRANSFORMATIONTYPE ="Source Definition"/>
        <SESSTRANSFORMATIONINST ISREPARTITIONPOINT ="NO" PIPELINE ="0" SINSTANCENAME ="DPR_SKU_ITEM" STAGE ="0" TRANSFORMATIONNAME ="DPR_SKU_ITEM" TRANSFORMATIONTYPE ="Source Definition">
            <ATTRIBUTE NAME ="Owner Name" VALUE ="DPR"/>
        </SESSTRANSFORMATIONINST>
        <SESSTRANSFORMATIONINST ISREPARTITIONPOINT ="YES" PARTITIONTYPE ="PASS THROUGH" PIPELINE ="2" SINSTANCENAME ="SQ_DPR_SKU_ITEM" STAGE ="4" TRANSFORMATIONNAME ="SQ_DPR_SKU_ITEM" TRANSFORMATIONTYPE ="Source Qualifier"/>
        <SESSTRANSFORMATIONINST ISREPARTITIONPOINT ="NO" PIPELINE ="2" SINSTANCENAME ="FIL_INV_WIP_QUANTITY" STAGE ="3" TRANSFORMATIONNAME ="FIL_INV_WIP_QUANTITY" TRANSFORMATIONTYPE ="Filter">
            <PARTITION DESCRIPTION ="" NAME ="Partition #1"/>
        </SESSTRANSFORMATIONINST>
        <CONFIGREFERENCE REFOBJECTNAME ="default_session_config" TYPE ="Session config">
            <ATTRIBUTE NAME ="Save session log for these runs" VALUE ="9"/>
            <ATTRIBUTE NAME ="Stop on errors" VALUE ="1"/>
        </CONFIGREFERENCE>
        <SESSIONEXTENSION NAME ="Relational Writer" SINSTANCENAME ="INVENTORY_AND_WIP" SUBTYPE ="Relational Writer" TRANSFORMATIONTYPE ="Target Definition" TYPE ="WRITER">
            <CONNECTIONREFERENCE CNXREFNAME ="DB Connection" CONNECTIONNAME ="Demand_Prioritization_Stage" CONNECTIONNUMBER ="1" CONNECTIONSUBTYPE ="Microsoft SQL Server" CONNECTIONTYPE ="Relational" VARIABLE =""/>
            <ATTRIBUTE NAME ="Target load type" VALUE ="Normal"/>
            <ATTRIBUTE NAME ="Insert" VALUE ="YES"/>
            <ATTRIBUTE NAME ="Update as Update" VALUE ="NO"/>
            <ATTRIBUTE NAME ="Update as Insert" VALUE ="NO"/>
            <ATTRIBUTE NAME ="Update else Insert" VALUE ="NO"/>
            <ATTRIBUTE NAME ="Delete" VALUE ="NO"/>
            <ATTRIBUTE NAME ="Truncate target table option" VALUE ="NO"/>
            <ATTRIBUTE NAME ="Reject file directory" VALUE ="$PMBadFileDir&#x5c;DPR_LITE&#x5c;BAD&#x5c;"/>
            <ATTRIBUTE NAME ="Reject filename" VALUE ="s_m_inventory_wip_trunkey.bad"/>
        </SESSIONEXTENSION>
        <SESSIONEXTENSION NAME ="Relational Reader" SINSTANCENAME ="SQ_OPP186" SUBTYPE ="Relational Reader" TRANSFORMATIONTYPE ="Source Qualifier" TYPE ="READER">
            <CONNECTIONREFERENCE CNXREFNAME ="DB Connection" CONNECTIONNAME ="hq400U" CONNECTIONNUMBER ="1" CONNECTIONSUBTYPE ="ODBC" CONNECTIONTYPE ="Relational" VARIABLE =""/>
        </SESSIONEXTENSION>
        <SESSIONEXTENSION DSQINSTNAME ="SQ_OPP186" DSQINSTTYPE ="Source Qualifier" NAME ="Relational Reader" SINSTANCENAME ="OPP186" SUBTYPE ="Relational Reader" TRANSFORMATIONTYPE ="Source Definition" TYPE ="READER"/>
        <SESSIONEXTENSION DSQINSTNAME ="SQ_DPR_SKU_ITEM" DSQINSTTYPE ="Source Qualifier" NAME ="Relational Reader" SINSTANCENAME ="DPR_SKU_ITEM" SUBTYPE ="Relational Reader" TRANSFORMATIONTYPE ="Source Definition" TYPE ="READER"/>
        <SESSIONEXTENSION NAME ="Relational Reader" SINSTANCENAME ="SQ_DPR_SKU_ITEM" SUBTYPE ="Relational Reader" TRANSFORMATIONTYPE ="Source Qualifier" TYPE ="READER">
            <CONNECTIONREFERENCE CNXREFNAME ="DB Connection" CONNECTIONNAME ="SLBADW" CONNECTIONNUMBER ="1" CONNECTIONSUBTYPE ="Oracle" CONNECTIONTYPE ="Relational" VARIABLE =""/>
        </SESSIONEXTENSION>
        <ATTRIBUTE NAME ="General Options" VALUE =""/>
        <ATTRIBUTE NAME ="Write Backward Compatible Session Log File" VALUE ="YES"/>
        <ATTRIBUTE NAME ="Session Log File Name" VALUE ="s_m_UW_INV_WIP_TRUNKEY.log"/>
        <ATTRIBUTE NAME ="Session Log File directory" VALUE ="$PMSessionLogDir&#x5c;DPR_LITE&#x5c;LOG&#x5c;"/>
        <ATTRIBUTE NAME ="Parameter Filename" VALUE =""/>
        <ATTRIBUTE NAME ="Enable Test Load" VALUE ="NO"/>
        <ATTRIBUTE NAME ="$Source connection value" VALUE =""/>
        <ATTRIBUTE NAME ="$Target connection value" VALUE =""/>
        <ATTRIBUTE NAME ="Treat source rows as" VALUE ="Insert"/>
        <ATTRIBUTE NAME ="Commit Type" VALUE ="Target"/>
        <ATTRIBUTE NAME ="Commit Interval" VALUE ="2000000"/>
        <ATTRIBUTE NAME ="Commit On End Of File" VALUE ="YES"/>
        <ATTRIBUTE NAME ="Rollback Transactions on Errors" VALUE ="NO"/>
        <ATTRIBUTE NAME ="Recovery Strategy" VALUE ="Restart task"/>
        <ATTRIBUTE NAME ="Java Classpath" VALUE =""/>
        <ATTRIBUTE NAME ="Performance" VALUE =""/>
        <ATTRIBUTE NAME ="DTM buffer size" VALUE ="Auto"/>
        <ATTRIBUTE NAME ="Collect performance data" VALUE ="NO"/>
        <ATTRIBUTE NAME ="Write performance data to repository" VALUE ="NO"/>
        <ATTRIBUTE NAME ="Incremental Aggregation" VALUE ="NO"/>
        <ATTRIBUTE NAME ="Enable high precision" VALUE ="NO"/>
        <ATTRIBUTE NAME ="Session retry on deadlock" VALUE ="NO"/>
        <ATTRIBUTE NAME ="Pushdown Optimization" VALUE ="None"/>
        <ATTRIBUTE NAME ="Allow Temporary View for Pushdown" VALUE ="NO"/>
        <ATTRIBUTE NAME ="Allow Temporary Sequence for Pushdown" VALUE ="NO"/>
        <ATTRIBUTE NAME ="Allow Pushdown for User Incompatible Connections" VALUE ="NO"/>
        <METADATAEXTENSION DATATYPE ="STRING" DESCRIPTION ="Conversion Mapping  Name with version " DOMAINNAME ="User Defined Metadata Domain" ISCLIENTEDITABLE ="YES" ISCLIENTVISIBLE ="YES" ISREUSABLE ="NO" ISSHAREREAD ="NO" ISSHAREWRITE ="NO" MAXLENGTH ="256" NAME ="CONV_MAP_NAME" VALUE ="" VENDORNAME ="INFORMATICA"/>
    </SESSION>
    <WORKFLOW DESCRIPTION ="This workflow loads tha data into target table&#xD;&#xA;INVENTORY_AND_WIP" ISENABLED ="YES" ISRUNNABLESERVICE ="NO" ISSERVICE ="NO" ISVALID ="YES" NAME ="wf_s_m_UW_INV_WIP_TURNKEY" REUSABLE_SCHEDULER ="NO" SCHEDULERNAME ="Scheduler" SERVERNAME ="Domain10_PRD_Int_Svc" SERVER_DOMAINNAME ="Domain10_PRD" SUSPEND_ON_ERROR ="NO" TASKS_MUST_RUN_ON_SERVER ="NO" VERSIONNUMBER ="1">
        <SCHEDULER DESCRIPTION ="" NAME ="Scheduler" REUSABLE ="NO" VERSIONNUMBER ="1">
            <SCHEDULEINFO SCHEDULETYPE ="ONDEMAND"/>
        </SCHEDULER>
        <TASK DESCRIPTION ="" NAME ="Start" REUSABLE ="NO" TYPE ="Start" VERSIONNUMBER ="1"/>
        <TASKINSTANCE DESCRIPTION ="" ISENABLED ="YES" NAME ="Start" REUSABLE ="NO" TASKNAME ="Start" TASKTYPE ="Start"/>
        <TASKINSTANCE DESCRIPTION ="" FAIL_PARENT_IF_INSTANCE_DID_NOT_RUN ="YES" FAIL_PARENT_IF_INSTANCE_FAILS ="YES" ISENABLED ="YES" NAME ="s_m_UW_INV_WIP_TURNKEY" REUSABLE ="YES" TASKNAME ="s_m_UW_INV_WIP_TURNKEY" TASKTYPE ="Session" TREAT_INPUTLINK_AS_AND ="NO"/>
        <WORKFLOWLINK CONDITION ="" FROMTASK ="Start" TOTASK ="s_m_UW_INV_WIP_TURNKEY"/>
        <WORKFLOWVARIABLE DATATYPE ="date/time" DEFAULTVALUE ="" DESCRIPTION ="The time this task started" ISNULL ="NO" ISPERSISTENT ="NO" NAME ="$Start.StartTime" USERDEFINED ="NO"/>
        <WORKFLOWVARIABLE DATATYPE ="date/time" DEFAULTVALUE ="" DESCRIPTION ="The time this task completed" ISNULL ="NO" ISPERSISTENT ="NO" NAME ="$Start.EndTime" USERDEFINED ="NO"/>
        <WORKFLOWVARIABLE DATATYPE ="integer" DEFAULTVALUE ="" DESCRIPTION ="Status of this task&apos;s execution" ISNULL ="NO" ISPERSISTENT ="NO" NAME ="$Start.Status" USERDEFINED ="NO"/>
        <WORKFLOWVARIABLE DATATYPE ="integer" DEFAULTVALUE ="" DESCRIPTION ="Status of the previous task that is not disabled" ISNULL ="NO" ISPERSISTENT ="NO" NAME ="$Start.PrevTaskStatus" USERDEFINED ="NO"/>
        <WORKFLOWVARIABLE DATATYPE ="integer" DEFAULTVALUE ="" DESCRIPTION ="Error code for this task&apos;s execution" ISNULL ="NO" ISPERSISTENT ="NO" NAME ="$Start.ErrorCode" USERDEFINED ="NO"/>
        <WORKFLOWVARIABLE DATATYPE ="string" DEFAULTVALUE ="" DESCRIPTION ="Error message for this task&apos;s execution" ISNULL ="NO" ISPERSISTENT ="NO" NAME ="$Start.ErrorMsg" USERDEFINED ="NO"/>
        <WORKFLOWVARIABLE DATATYPE ="date/time" DEFAULTVALUE ="" DESCRIPTION ="The time this task started" ISNULL ="NO" ISPERSISTENT ="NO" NAME ="$s_m_UW_INV_WIP_TURNKEY.StartTime" USERDEFINED ="NO"/>
        <WORKFLOWVARIABLE DATATYPE ="date/time" DEFAULTVALUE ="" DESCRIPTION ="The time this task completed" ISNULL ="NO" ISPERSISTENT ="NO" NAME ="$s_m_UW_INV_WIP_TURNKEY.EndTime" USERDEFINED ="NO"/>
        <WORKFLOWVARIABLE DATATYPE ="integer" DEFAULTVALUE ="" DESCRIPTION ="Status of this task&apos;s execution" ISNULL ="NO" ISPERSISTENT ="NO" NAME ="$s_m_UW_INV_WIP_TURNKEY.Status" USERDEFINED ="NO"/>
        <WORKFLOWVARIABLE DATATYPE ="integer" DEFAULTVALUE ="" DESCRIPTION ="Status of the previous task that is not disabled" ISNULL ="NO" ISPERSISTENT ="NO" NAME ="$s_m_UW_INV_WIP_TURNKEY.PrevTaskStatus" USERDEFINED ="NO"/>
        <WORKFLOWVARIABLE DATATYPE ="integer" DEFAULTVALUE ="" DESCRIPTION ="Error code for this task&apos;s execution" ISNULL ="NO" ISPERSISTENT ="NO" NAME ="$s_m_UW_INV_WIP_TURNKEY.ErrorCode" USERDEFINED ="NO"/>
        <WORKFLOWVARIABLE DATATYPE ="string" DEFAULTVALUE ="" DESCRIPTION ="Error message for this task&apos;s execution" ISNULL ="NO" ISPERSISTENT ="NO" NAME ="$s_m_UW_INV_WIP_TURNKEY.ErrorMsg" USERDEFINED ="NO"/>
        <WORKFLOWVARIABLE DATATYPE ="integer" DEFAULTVALUE ="" DESCRIPTION ="Rows successfully read" ISNULL ="NO" ISPERSISTENT ="NO" NAME ="$s_m_UW_INV_WIP_TURNKEY.SrcSuccessRows" USERDEFINED ="NO"/>
        <WORKFLOWVARIABLE DATATYPE ="integer" DEFAULTVALUE ="" DESCRIPTION ="Rows failed to read" ISNULL ="NO" ISPERSISTENT ="NO" NAME ="$s_m_UW_INV_WIP_TURNKEY.SrcFailedRows" USERDEFINED ="NO"/>
        <WORKFLOWVARIABLE DATATYPE ="integer" DEFAULTVALUE ="" DESCRIPTION ="Rows successfully loaded" ISNULL ="NO" ISPERSISTENT ="NO" NAME ="$s_m_UW_INV_WIP_TURNKEY.TgtSuccessRows" USERDEFINED ="NO"/>
        <WORKFLOWVARIABLE DATATYPE ="integer" DEFAULTVALUE ="" DESCRIPTION ="Rows failed to load" ISNULL ="NO" ISPERSISTENT ="NO" NAME ="$s_m_UW_INV_WIP_TURNKEY.TgtFailedRows" USERDEFINED ="NO"/>
        <WORKFLOWVARIABLE DATATYPE ="integer" DEFAULTVALUE ="" DESCRIPTION ="Total number of transformation errors" ISNULL ="NO" ISPERSISTENT ="NO" NAME ="$s_m_UW_INV_WIP_TURNKEY.TotalTransErrors" USERDEFINED ="NO"/>
        <WORKFLOWVARIABLE DATATYPE ="integer" DEFAULTVALUE ="" DESCRIPTION ="First error code" ISNULL ="NO" ISPERSISTENT ="NO" NAME ="$s_m_UW_INV_WIP_TURNKEY.FirstErrorCode" USERDEFINED ="NO"/>
        <WORKFLOWVARIABLE DATATYPE ="string" DEFAULTVALUE ="" DESCRIPTION ="First error message" ISNULL ="NO" ISPERSISTENT ="NO" NAME ="$s_m_UW_INV_WIP_TURNKEY.FirstErrorMsg" USERDEFINED ="NO"/>
        <ATTRIBUTE NAME ="Parameter Filename" VALUE =""/>
        <ATTRIBUTE NAME ="Write Backward Compatible Workflow Log File" VALUE ="YES"/>
        <ATTRIBUTE NAME ="Workflow Log File Name" VALUE ="wf_s_m_UW_INV_WIP_TRUNKEY.log"/>
        <ATTRIBUTE NAME ="Workflow Log File Directory" VALUE ="$PMWorkflowLogDir&#x5c;DPR_LITE&#x5c;LOG&#x5c;"/>
        <ATTRIBUTE NAME ="Save Workflow log by" VALUE ="By runs"/>
        <ATTRIBUTE NAME ="Save workflow log for these runs" VALUE ="9"/>
        <ATTRIBUTE NAME ="Service Name" VALUE =""/>
        <ATTRIBUTE NAME ="Service Timeout" VALUE ="0"/>
        <ATTRIBUTE NAME ="Is Service Visible" VALUE ="NO"/>
        <ATTRIBUTE NAME ="Is Service Protected" VALUE ="NO"/>
        <ATTRIBUTE NAME ="Fail task after wait time" VALUE ="0"/>
        <ATTRIBUTE NAME ="Enable HA recovery" VALUE ="NO"/>
        <ATTRIBUTE NAME ="Automatically recover terminated tasks" VALUE ="NO"/>
        <ATTRIBUTE NAME ="Service Level Name" VALUE ="Default"/>
        <ATTRIBUTE NAME ="Allow concurrent run with unique run instance name" VALUE ="NO"/>
        <ATTRIBUTE NAME ="Allow concurrent run with same run instance name" VALUE ="NO"/>
        <ATTRIBUTE NAME ="Maximum number of concurrent runs" VALUE ="0"/>
        <ATTRIBUTE NAME ="Assigned Web Services Hubs" VALUE =""/>
        <ATTRIBUTE NAME ="Maximum number of concurrent runs per Hub" VALUE ="1000"/>
        <ATTRIBUTE NAME ="Expected Service Time" VALUE ="1"/>
        <METADATAEXTENSION DATATYPE ="STRING" DESCRIPTION ="Conversion Mapping Name with version " DOMAINNAME ="User Defined Metadata Domain" ISCLIENTEDITABLE ="YES" ISCLIENTVISIBLE ="YES" ISREUSABLE ="NO" ISSHAREREAD ="NO" ISSHAREWRITE ="NO" MAXLENGTH ="256" NAME ="CONV_MAP_NAME" VALUE ="" VENDORNAME ="INFORMATICA"/>
        <METADATAEXTENSION DATATYPE ="STRING" DESCRIPTION ="" DOMAINNAME ="User Defined Metadata Domain" ISCLIENTEDITABLE ="YES" ISCLIENTVISIBLE ="YES" ISREUSABLE ="NO" ISSHAREREAD ="NO" ISSHAREWRITE ="NO" MAXLENGTH ="256" NAME ="Extension" VALUE ="CM - MarginLoss - stgMarginLossExpenseToStgFactSalesNew v1.0" VENDORNAME ="INFORMATICA"/>
    </WORKFLOW>
</FOLDER>
</REPOSITORY>
</POWERMART>