<?xml version="1.0" encoding="Windows-1252"?>
<!DOCTYPE POWERMART SYSTEM "powrmart.dtd">
<POWERMART CREATION_DATE="05/20/2024 09:03:14" REPOSITORY_VERSION="187.96">
<REPOSITORY NAME="Domain10_Rep_Svc_Prd" VERSION="187" CODEPAGE="MS1252" DATABASETYPE="Microsoft SQL Server">
<FOLDER NAME="DPR_LITE" GROUP="" OWNER="Administrator" SHARED="NOTSHARED" DESCRIPTION="" PERMISSIONS="rwx---r--" UUID="4b44b41c-7d44-4fc1-bc99-a181286d85c7">
    <SOURCE BUSINESSNAME ="" DATABASETYPE ="Oracle" DBDNAME ="DPR" DESCRIPTION ="" NAME ="PLANNING_OPEN_ORDERS" OBJECTVERSION ="1" OWNERNAME ="DPR" VERSIONNUMBER ="1">
        <SOURCEFIELD BUSINESSNAME ="" DATATYPE ="varchar2" DESCRIPTION ="" FIELDNUMBER ="1" FIELDPROPERTY ="0" FIELDTYPE ="ELEMITEM" HIDDEN ="NO" KEYTYPE ="NOT A KEY" LENGTH ="0" LEVEL ="0" NAME ="HISTORICAL_BUSINESS_UNIT" NULLABLE ="NOTNULL" OCCURS ="0" OFFSET ="0" PHYSICALLENGTH ="2" PHYSICALOFFSET ="0" PICTURETEXT ="" PRECISION ="2" SCALE ="0" USAGE_FLAGS =""/>
        <SOURCEFIELD BUSINESSNAME ="" DATATYPE ="number(p,s)" DESCRIPTION ="" FIELDNUMBER ="2" FIELDPROPERTY ="0" FIELDTYPE ="ELEMITEM" HIDDEN ="NO" KEYTYPE ="NOT A KEY" LENGTH ="40" LEVEL ="0" NAME ="ITEM_ID" NULLABLE ="NOTNULL" OCCURS ="0" OFFSET ="0" PHYSICALLENGTH ="38" PHYSICALOFFSET ="2" PICTURETEXT ="" PRECISION ="38" SCALE ="0" USAGE_FLAGS =""/>
        <SOURCEFIELD BUSINESSNAME ="" DATATYPE ="number(p,s)" DESCRIPTION ="" FIELDNUMBER ="3" FIELDPROPERTY ="0" FIELDTYPE ="ELEMITEM" HIDDEN ="NO" KEYTYPE ="NOT A KEY" LENGTH ="40" LEVEL ="0" NAME ="SHIP_TO_CUSTOMER_ID" NULLABLE ="NOTNULL" OCCURS ="0" OFFSET ="40" PHYSICALLENGTH ="38" PHYSICALOFFSET ="40" PICTURETEXT ="" PRECISION ="38" SCALE ="0" USAGE_FLAGS =""/>
        <SOURCEFIELD BUSINESSNAME ="" DATATYPE ="number(p,s)" DESCRIPTION ="" FIELDNUMBER ="4" FIELDPROPERTY ="0" FIELDTYPE ="ELEMITEM" HIDDEN ="NO" KEYTYPE ="NOT A KEY" LENGTH ="40" LEVEL ="0" NAME ="SHIP_FOR_CUSTOMER_ID" NULLABLE ="NOTNULL" OCCURS ="0" OFFSET ="80" PHYSICALLENGTH ="38" PHYSICALOFFSET ="78" PICTURETEXT ="" PRECISION ="38" SCALE ="0" USAGE_FLAGS =""/>
        <SOURCEFIELD BUSINESSNAME ="" DATATYPE ="varchar2" DESCRIPTION ="" FIELDNUMBER ="5" FIELDPROPERTY ="0" FIELDTYPE ="ELEMITEM" HIDDEN ="NO" KEYTYPE ="NOT A KEY" LENGTH ="0" LEVEL ="0" NAME ="ORDER_NUM" NULLABLE ="NOTNULL" OCCURS ="0" OFFSET ="120" PHYSICALLENGTH ="20" PHYSICALOFFSET ="116" PICTURETEXT ="" PRECISION ="20" SCALE ="0" USAGE_FLAGS =""/>
        <SOURCEFIELD BUSINESSNAME ="" DATATYPE ="varchar2" DESCRIPTION ="" FIELDNUMBER ="6" FIELDPROPERTY ="0" FIELDTYPE ="ELEMITEM" HIDDEN ="NO" KEYTYPE ="NOT A KEY" LENGTH ="0" LEVEL ="0" NAME ="ORDER_SUFFIX" NULLABLE ="NOTNULL" OCCURS ="0" OFFSET ="120" PHYSICALLENGTH ="2" PHYSICALOFFSET ="136" PICTURETEXT ="" PRECISION ="2" SCALE ="0" USAGE_FLAGS =""/>
        <SOURCEFIELD BUSINESSNAME ="" DATATYPE ="date" DESCRIPTION ="" FIELDNUMBER ="7" FIELDPROPERTY ="0" FIELDTYPE ="ELEMITEM" HIDDEN ="NO" KEYTYPE ="NOT A KEY" LENGTH ="19" LEVEL ="0" NAME ="ORDER_DATE" NULLABLE ="NOTNULL" OCCURS ="0" OFFSET ="120" PHYSICALLENGTH ="19" PHYSICALOFFSET ="138" PICTURETEXT ="" PRECISION ="19" SCALE ="0" USAGE_FLAGS =""/>
        <SOURCEFIELD BUSINESSNAME ="" DATATYPE ="number(p,s)" DESCRIPTION ="" FIELDNUMBER ="8" FIELDPROPERTY ="0" FIELDTYPE ="ELEMITEM" HIDDEN ="NO" KEYTYPE ="NOT A KEY" LENGTH ="8" LEVEL ="0" NAME ="TRANSACTION_SEQUENCE" NULLABLE ="NOTNULL" OCCURS ="0" OFFSET ="139" PHYSICALLENGTH ="6" PHYSICALOFFSET ="157" PICTURETEXT ="" PRECISION ="6" SCALE ="0" USAGE_FLAGS =""/>
        <SOURCEFIELD BUSINESSNAME ="" DATATYPE ="date" DESCRIPTION ="" FIELDNUMBER ="9" FIELDPROPERTY ="0" FIELDTYPE ="ELEMITEM" HIDDEN ="NO" KEYTYPE ="NOT A KEY" LENGTH ="19" LEVEL ="0" NAME ="AS_OF_DATE" NULLABLE ="NOTNULL" OCCURS ="0" OFFSET ="147" PHYSICALLENGTH ="19" PHYSICALOFFSET ="163" PICTURETEXT ="" PRECISION ="19" SCALE ="0" USAGE_FLAGS =""/>
        <SOURCEFIELD BUSINESSNAME ="" DATATYPE ="date" DESCRIPTION ="" FIELDNUMBER ="10" FIELDPROPERTY ="0" FIELDTYPE ="ELEMITEM" HIDDEN ="NO" KEYTYPE ="NOT A KEY" LENGTH ="19" LEVEL ="0" NAME ="CANCEL_BY_DATE" NULLABLE ="NOTNULL" OCCURS ="0" OFFSET ="166" PHYSICALLENGTH ="19" PHYSICALOFFSET ="182" PICTURETEXT ="" PRECISION ="19" SCALE ="0" USAGE_FLAGS =""/>
        <SOURCEFIELD BUSINESSNAME ="" DATATYPE ="number(p,s)" DESCRIPTION ="" FIELDNUMBER ="11" FIELDPROPERTY ="0" FIELDTYPE ="ELEMITEM" HIDDEN ="NO" KEYTYPE ="NOT A KEY" LENGTH ="40" LEVEL ="0" NAME ="DISTRIBUTION_CTR_FACILITY_ID" NULLABLE ="NULL" OCCURS ="0" OFFSET ="185" PHYSICALLENGTH ="38" PHYSICALOFFSET ="201" PICTURETEXT ="" PRECISION ="38" SCALE ="0" USAGE_FLAGS =""/>
        <SOURCEFIELD BUSINESSNAME ="" DATATYPE ="varchar2" DESCRIPTION ="" FIELDNUMBER ="12" FIELDPROPERTY ="0" FIELDTYPE ="ELEMITEM" HIDDEN ="NO" KEYTYPE ="NOT A KEY" LENGTH ="0" LEVEL ="0" NAME ="HBU_DIVISION_CODE" NULLABLE ="NOTNULL" OCCURS ="0" OFFSET ="225" PHYSICALLENGTH ="2" PHYSICALOFFSET ="239" PICTURETEXT ="" PRECISION ="2" SCALE ="0" USAGE_FLAGS =""/>
        <SOURCEFIELD BUSINESSNAME ="" DATATYPE ="varchar2" DESCRIPTION ="" FIELDNUMBER ="13" FIELDPROPERTY ="0" FIELDTYPE ="ELEMITEM" HIDDEN ="NO" KEYTYPE ="NOT A KEY" LENGTH ="0" LEVEL ="0" NAME ="SOURCE_EVENT_CODE" NULLABLE ="NULL" OCCURS ="0" OFFSET ="225" PHYSICALLENGTH ="20" PHYSICALOFFSET ="241" PICTURETEXT ="" PRECISION ="20" SCALE ="0" USAGE_FLAGS =""/>
        <SOURCEFIELD BUSINESSNAME ="" DATATYPE ="varchar2" DESCRIPTION ="" FIELDNUMBER ="14" FIELDPROPERTY ="0" FIELDTYPE ="ELEMITEM" HIDDEN ="NO" KEYTYPE ="NOT A KEY" LENGTH ="0" LEVEL ="0" NAME ="QUALITY_CODE" NULLABLE ="NULL" OCCURS ="0" OFFSET ="225" PHYSICALLENGTH ="1" PHYSICALOFFSET ="261" PICTURETEXT ="" PRECISION ="1" SCALE ="0" USAGE_FLAGS =""/>
        <SOURCEFIELD BUSINESSNAME ="" DATATYPE ="varchar2" DESCRIPTION ="" FIELDNUMBER ="15" FIELDPROPERTY ="0" FIELDTYPE ="ELEMITEM" HIDDEN ="NO" KEYTYPE ="NOT A KEY" LENGTH ="0" LEVEL ="0" NAME ="PO_NUM" NULLABLE ="NULL" OCCURS ="0" OFFSET ="225" PHYSICALLENGTH ="35" PHYSICALOFFSET ="262" PICTURETEXT ="" PRECISION ="35" SCALE ="0" USAGE_FLAGS =""/>
        <SOURCEFIELD BUSINESSNAME ="" DATATYPE ="varchar2" DESCRIPTION ="" FIELDNUMBER ="16" FIELDPROPERTY ="0" FIELDTYPE ="ELEMITEM" HIDDEN ="NO" KEYTYPE ="NOT A KEY" LENGTH ="0" LEVEL ="0" NAME ="SOURCE_PO_TYPE" NULLABLE ="NULL" OCCURS ="0" OFFSET ="225" PHYSICALLENGTH ="2" PHYSICALOFFSET ="297" PICTURETEXT ="" PRECISION ="2" SCALE ="0" USAGE_FLAGS =""/>
        <SOURCEFIELD BUSINESSNAME ="" DATATYPE ="varchar2" DESCRIPTION ="" FIELDNUMBER ="17" FIELDPROPERTY ="0" FIELDTYPE ="ELEMITEM" HIDDEN ="NO" KEYTYPE ="NOT A KEY" LENGTH ="0" LEVEL ="0" NAME ="SOURCE_ORDER_TYPE" NULLABLE ="NULL" OCCURS ="0" OFFSET ="225" PHYSICALLENGTH ="10" PHYSICALOFFSET ="299" PICTURETEXT ="" PRECISION ="10" SCALE ="0" USAGE_FLAGS =""/>
        <SOURCEFIELD BUSINESSNAME ="" DATATYPE ="number(p,s)" DESCRIPTION ="" FIELDNUMBER ="18" FIELDPROPERTY ="0" FIELDTYPE ="ELEMITEM" HIDDEN ="NO" KEYTYPE ="NOT A KEY" LENGTH ="20" LEVEL ="0" NAME ="ORIGINAL_ORDER_DOLLARS" NULLABLE ="NOTNULL" OCCURS ="0" OFFSET ="225" PHYSICALLENGTH ="18" PHYSICALOFFSET ="309" PICTURETEXT ="" PRECISION ="18" SCALE ="6" USAGE_FLAGS =""/>
        <SOURCEFIELD BUSINESSNAME ="" DATATYPE ="number(p,s)" DESCRIPTION ="" FIELDNUMBER ="19" FIELDPROPERTY ="0" FIELDTYPE ="ELEMITEM" HIDDEN ="NO" KEYTYPE ="NOT A KEY" LENGTH ="12" LEVEL ="0" NAME ="ORIGINAL_ORDER_GARMENTS" NULLABLE ="NOTNULL" OCCURS ="0" OFFSET ="245" PHYSICALLENGTH ="10" PHYSICALOFFSET ="327" PICTURETEXT ="" PRECISION ="10" SCALE ="0" USAGE_FLAGS =""/>
        <SOURCEFIELD BUSINESSNAME ="" DATATYPE ="number(p,s)" DESCRIPTION ="" FIELDNUMBER ="20" FIELDPROPERTY ="0" FIELDTYPE ="ELEMITEM" HIDDEN ="NO" KEYTYPE ="NOT A KEY" LENGTH ="12" LEVEL ="0" NAME ="ORIGINAL_ORDER_UNITS" NULLABLE ="NOTNULL" OCCURS ="0" OFFSET ="257" PHYSICALLENGTH ="10" PHYSICALOFFSET ="337" PICTURETEXT ="" PRECISION ="10" SCALE ="0" USAGE_FLAGS =""/>
        <SOURCEFIELD BUSINESSNAME ="" DATATYPE ="date" DESCRIPTION ="" FIELDNUMBER ="21" FIELDPROPERTY ="0" FIELDTYPE ="ELEMITEM" HIDDEN ="NO" KEYTYPE ="NOT A KEY" LENGTH ="19" LEVEL ="0" NAME ="REQUESTED_SHIP_DATE" NULLABLE ="NOTNULL" OCCURS ="0" OFFSET ="269" PHYSICALLENGTH ="19" PHYSICALOFFSET ="347" PICTURETEXT ="" PRECISION ="19" SCALE ="0" USAGE_FLAGS =""/>
        <SOURCEFIELD BUSINESSNAME ="" DATATYPE ="date" DESCRIPTION ="" FIELDNUMBER ="22" FIELDPROPERTY ="0" FIELDTYPE ="ELEMITEM" HIDDEN ="NO" KEYTYPE ="NOT A KEY" LENGTH ="19" LEVEL ="0" NAME ="UPDATE_TIMESTAMP" NULLABLE ="NOTNULL" OCCURS ="0" OFFSET ="288" PHYSICALLENGTH ="19" PHYSICALOFFSET ="366" PICTURETEXT ="" PRECISION ="19" SCALE ="0" USAGE_FLAGS =""/>
        <SOURCEFIELD BUSINESSNAME ="" DATATYPE ="varchar2" DESCRIPTION ="" FIELDNUMBER ="23" FIELDPROPERTY ="0" FIELDTYPE ="ELEMITEM" HIDDEN ="NO" KEYTYPE ="NOT A KEY" LENGTH ="0" LEVEL ="0" NAME ="UPDATE_USERID" NULLABLE ="NOTNULL" OCCURS ="0" OFFSET ="307" PHYSICALLENGTH ="50" PHYSICALOFFSET ="385" PICTURETEXT ="" PRECISION ="50" SCALE ="0" USAGE_FLAGS =""/>
        <SOURCEFIELD BUSINESSNAME ="" DATATYPE ="varchar2" DESCRIPTION ="" FIELDNUMBER ="24" FIELDPROPERTY ="0" FIELDTYPE ="ELEMITEM" HIDDEN ="NO" KEYTYPE ="NOT A KEY" LENGTH ="0" LEVEL ="0" NAME ="SOURCE_ACCOUNT_NUM" NULLABLE ="NOTNULL" OCCURS ="0" OFFSET ="307" PHYSICALLENGTH ="10" PHYSICALOFFSET ="435" PICTURETEXT ="" PRECISION ="10" SCALE ="0" USAGE_FLAGS =""/>
        <SOURCEFIELD BUSINESSNAME ="" DATATYPE ="number(p,s)" DESCRIPTION ="" FIELDNUMBER ="25" FIELDPROPERTY ="0" FIELDTYPE ="ELEMITEM" HIDDEN ="NO" KEYTYPE ="NOT A KEY" LENGTH ="20" LEVEL ="0" NAME ="ALLOCATED_DOLLARS" NULLABLE ="NULL" OCCURS ="0" OFFSET ="307" PHYSICALLENGTH ="18" PHYSICALOFFSET ="445" PICTURETEXT ="" PRECISION ="18" SCALE ="6" USAGE_FLAGS =""/>
        <SOURCEFIELD BUSINESSNAME ="" DATATYPE ="number(p,s)" DESCRIPTION ="" FIELDNUMBER ="26" FIELDPROPERTY ="0" FIELDTYPE ="ELEMITEM" HIDDEN ="NO" KEYTYPE ="NOT A KEY" LENGTH ="12" LEVEL ="0" NAME ="ALLOCATED_GARMENTS" NULLABLE ="NULL" OCCURS ="0" OFFSET ="327" PHYSICALLENGTH ="10" PHYSICALOFFSET ="463" PICTURETEXT ="" PRECISION ="10" SCALE ="0" USAGE_FLAGS =""/>
        <SOURCEFIELD BUSINESSNAME ="" DATATYPE ="number(p,s)" DESCRIPTION ="" FIELDNUMBER ="27" FIELDPROPERTY ="0" FIELDTYPE ="ELEMITEM" HIDDEN ="NO" KEYTYPE ="NOT A KEY" LENGTH ="12" LEVEL ="0" NAME ="ALLOCATED_UNITS" NULLABLE ="NULL" OCCURS ="0" OFFSET ="339" PHYSICALLENGTH ="10" PHYSICALOFFSET ="473" PICTURETEXT ="" PRECISION ="10" SCALE ="0" USAGE_FLAGS =""/>
        <SOURCEFIELD BUSINESSNAME ="" DATATYPE ="number(p,s)" DESCRIPTION ="" FIELDNUMBER ="28" FIELDPROPERTY ="0" FIELDTYPE ="ELEMITEM" HIDDEN ="NO" KEYTYPE ="NOT A KEY" LENGTH ="20" LEVEL ="0" NAME ="EXTENDED_COST_DOLLARS" NULLABLE ="NULL" OCCURS ="0" OFFSET ="351" PHYSICALLENGTH ="18" PHYSICALOFFSET ="483" PICTURETEXT ="" PRECISION ="18" SCALE ="6" USAGE_FLAGS =""/>
        <SOURCEFIELD BUSINESSNAME ="" DATATYPE ="date" DESCRIPTION ="" FIELDNUMBER ="29" FIELDPROPERTY ="0" FIELDTYPE ="ELEMITEM" HIDDEN ="NO" KEYTYPE ="NOT A KEY" LENGTH ="19" LEVEL ="0" NAME ="CUST_PO_DATE" NULLABLE ="NULL" OCCURS ="0" OFFSET ="371" PHYSICALLENGTH ="19" PHYSICALOFFSET ="501" PICTURETEXT ="" PRECISION ="19" SCALE ="0" USAGE_FLAGS =""/>
        <SOURCEFIELD BUSINESSNAME ="" DATATYPE ="varchar2" DESCRIPTION ="" FIELDNUMBER ="30" FIELDPROPERTY ="0" FIELDTYPE ="ELEMITEM" HIDDEN ="NO" KEYTYPE ="NOT A KEY" LENGTH ="0" LEVEL ="0" NAME ="RELEASED_TO_DC_INDICATOR" NULLABLE ="NOTNULL" OCCURS ="0" OFFSET ="390" PHYSICALLENGTH ="1" PHYSICALOFFSET ="520" PICTURETEXT ="" PRECISION ="1" SCALE ="0" USAGE_FLAGS =""/>
        <SOURCEFIELD BUSINESSNAME ="" DATATYPE ="date" DESCRIPTION ="" FIELDNUMBER ="31" FIELDPROPERTY ="0" FIELDTYPE ="ELEMITEM" HIDDEN ="NO" KEYTYPE ="NOT A KEY" LENGTH ="19" LEVEL ="0" NAME ="RELEASED_TO_DC_DATE" NULLABLE ="NULL" OCCURS ="0" OFFSET ="390" PHYSICALLENGTH ="19" PHYSICALOFFSET ="521" PICTURETEXT ="" PRECISION ="19" SCALE ="0" USAGE_FLAGS =""/>
        <SOURCEFIELD BUSINESSNAME ="" DATATYPE ="varchar2" DESCRIPTION ="" FIELDNUMBER ="32" FIELDPROPERTY ="0" FIELDTYPE ="ELEMITEM" HIDDEN ="NO" KEYTYPE ="NOT A KEY" LENGTH ="0" LEVEL ="0" NAME ="CREDIT_HOLD_INDICATOR" NULLABLE ="NOTNULL" OCCURS ="0" OFFSET ="409" PHYSICALLENGTH ="1" PHYSICALOFFSET ="540" PICTURETEXT ="" PRECISION ="1" SCALE ="0" USAGE_FLAGS =""/>
        <SOURCEFIELD BUSINESSNAME ="" DATATYPE ="varchar2" DESCRIPTION ="" FIELDNUMBER ="33" FIELDPROPERTY ="0" FIELDTYPE ="ELEMITEM" HIDDEN ="NO" KEYTYPE ="NOT A KEY" LENGTH ="0" LEVEL ="0" NAME ="BACKORDER_INDICATOR" NULLABLE ="NOTNULL" OCCURS ="0" OFFSET ="409" PHYSICALLENGTH ="1" PHYSICALOFFSET ="541" PICTURETEXT ="" PRECISION ="1" SCALE ="0" USAGE_FLAGS =""/>
        <SOURCEFIELD BUSINESSNAME ="" DATATYPE ="varchar2" DESCRIPTION ="" FIELDNUMBER ="34" FIELDPROPERTY ="0" FIELDTYPE ="ELEMITEM" HIDDEN ="NO" KEYTYPE ="NOT A KEY" LENGTH ="0" LEVEL ="0" NAME ="SALES_REP_NAME" NULLABLE ="NULL" OCCURS ="0" OFFSET ="409" PHYSICALLENGTH ="50" PHYSICALOFFSET ="542" PICTURETEXT ="" PRECISION ="50" SCALE ="0" USAGE_FLAGS =""/>
        <SOURCEFIELD BUSINESSNAME ="" DATATYPE ="varchar2" DESCRIPTION ="" FIELDNUMBER ="35" FIELDPROPERTY ="0" FIELDTYPE ="ELEMITEM" HIDDEN ="NO" KEYTYPE ="NOT A KEY" LENGTH ="0" LEVEL ="0" NAME ="FINANCIAL_CLASSIFICATION_CODE" NULLABLE ="NOTNULL" OCCURS ="0" OFFSET ="409" PHYSICALLENGTH ="1" PHYSICALOFFSET ="592" PICTURETEXT ="" PRECISION ="1" SCALE ="0" USAGE_FLAGS =""/>
        <SOURCEFIELD BUSINESSNAME ="" DATATYPE ="varchar2" DESCRIPTION ="" FIELDNUMBER ="36" FIELDPROPERTY ="0" FIELDTYPE ="ELEMITEM" HIDDEN ="NO" KEYTYPE ="NOT A KEY" LENGTH ="0" LEVEL ="0" NAME ="SOURCE_SKU_NUM" NULLABLE ="NOTNULL" OCCURS ="0" OFFSET ="409" PHYSICALLENGTH ="50" PHYSICALOFFSET ="593" PICTURETEXT ="" PRECISION ="50" SCALE ="0" USAGE_FLAGS =""/>
        <SOURCEFIELD BUSINESSNAME ="" DATATYPE ="varchar2" DESCRIPTION ="" FIELDNUMBER ="37" FIELDPROPERTY ="0" FIELDTYPE ="ELEMITEM" HIDDEN ="NO" KEYTYPE ="NOT A KEY" LENGTH ="0" LEVEL ="0" NAME ="HISTORICAL_BUSINESS_GROUP" NULLABLE ="NOTNULL" OCCURS ="0" OFFSET ="409" PHYSICALLENGTH ="4" PHYSICALOFFSET ="643" PICTURETEXT ="" PRECISION ="4" SCALE ="0" USAGE_FLAGS =""/>
        <SOURCEFIELD BUSINESSNAME ="" DATATYPE ="varchar2" DESCRIPTION ="" FIELDNUMBER ="38" FIELDPROPERTY ="0" FIELDTYPE ="ELEMITEM" HIDDEN ="NO" KEYTYPE ="NOT A KEY" LENGTH ="0" LEVEL ="0" NAME ="HBU_COMPANY_CODE" NULLABLE ="NULL" OCCURS ="0" OFFSET ="409" PHYSICALLENGTH ="2" PHYSICALOFFSET ="647" PICTURETEXT ="" PRECISION ="2" SCALE ="0" USAGE_FLAGS =""/>
        <SOURCEFIELD BUSINESSNAME ="" DATATYPE ="varchar2" DESCRIPTION ="" FIELDNUMBER ="39" FIELDPROPERTY ="0" FIELDTYPE ="ELEMITEM" HIDDEN ="NO" KEYTYPE ="NOT A KEY" LENGTH ="0" LEVEL ="0" NAME ="SAP_SOLDTO_CUST" NULLABLE ="NULL" OCCURS ="0" OFFSET ="409" PHYSICALLENGTH ="10" PHYSICALOFFSET ="649" PICTURETEXT ="" PRECISION ="10" SCALE ="0" USAGE_FLAGS =""/>
        <SOURCEFIELD BUSINESSNAME ="" DATATYPE ="varchar2" DESCRIPTION ="" FIELDNUMBER ="40" FIELDPROPERTY ="0" FIELDTYPE ="ELEMITEM" HIDDEN ="NO" KEYTYPE ="NOT A KEY" LENGTH ="0" LEVEL ="0" NAME ="SAP_SHIPTO_CUST" NULLABLE ="NULL" OCCURS ="0" OFFSET ="409" PHYSICALLENGTH ="10" PHYSICALOFFSET ="659" PICTURETEXT ="" PRECISION ="10" SCALE ="0" USAGE_FLAGS =""/>
        <SOURCEFIELD BUSINESSNAME ="" DATATYPE ="number(p,s)" DESCRIPTION ="" FIELDNUMBER ="41" FIELDPROPERTY ="0" FIELDTYPE ="ELEMITEM" HIDDEN ="NO" KEYTYPE ="NOT A KEY" LENGTH ="20" LEVEL ="0" NAME ="RELEASED_DOLLARS" NULLABLE ="NULL" OCCURS ="0" OFFSET ="409" PHYSICALLENGTH ="18" PHYSICALOFFSET ="669" PICTURETEXT ="" PRECISION ="18" SCALE ="6" USAGE_FLAGS =""/>
        <SOURCEFIELD BUSINESSNAME ="" DATATYPE ="number(p,s)" DESCRIPTION ="" FIELDNUMBER ="42" FIELDPROPERTY ="0" FIELDTYPE ="ELEMITEM" HIDDEN ="NO" KEYTYPE ="NOT A KEY" LENGTH ="12" LEVEL ="0" NAME ="RELEASED_GARMENTS" NULLABLE ="NULL" OCCURS ="0" OFFSET ="429" PHYSICALLENGTH ="10" PHYSICALOFFSET ="687" PICTURETEXT ="" PRECISION ="10" SCALE ="0" USAGE_FLAGS =""/>
        <SOURCEFIELD BUSINESSNAME ="" DATATYPE ="number(p,s)" DESCRIPTION ="" FIELDNUMBER ="43" FIELDPROPERTY ="0" FIELDTYPE ="ELEMITEM" HIDDEN ="NO" KEYTYPE ="NOT A KEY" LENGTH ="12" LEVEL ="0" NAME ="RELEASED_UNITS" NULLABLE ="NULL" OCCURS ="0" OFFSET ="441" PHYSICALLENGTH ="10" PHYSICALOFFSET ="697" PICTURETEXT ="" PRECISION ="10" SCALE ="0" USAGE_FLAGS =""/>
        <SOURCEFIELD BUSINESSNAME ="" DATATYPE ="varchar2" DESCRIPTION ="" FIELDNUMBER ="44" FIELDPROPERTY ="0" FIELDTYPE ="ELEMITEM" HIDDEN ="NO" KEYTYPE ="NOT A KEY" LENGTH ="0" LEVEL ="0" NAME ="SAP_PROFIT_CENTER_NUM" NULLABLE ="NULL" OCCURS ="0" OFFSET ="453" PHYSICALLENGTH ="10" PHYSICALOFFSET ="707" PICTURETEXT ="" PRECISION ="10" SCALE ="0" USAGE_FLAGS =""/>
        <SOURCEFIELD BUSINESSNAME ="" DATATYPE ="varchar2" DESCRIPTION ="" FIELDNUMBER ="45" FIELDPROPERTY ="0" FIELDTYPE ="ELEMITEM" HIDDEN ="NO" KEYTYPE ="NOT A KEY" LENGTH ="0" LEVEL ="0" NAME ="GRP_CDE" NULLABLE ="NULL" OCCURS ="0" OFFSET ="453" PHYSICALLENGTH ="2" PHYSICALOFFSET ="717" PICTURETEXT ="" PRECISION ="2" SCALE ="0" USAGE_FLAGS =""/>
        <SOURCEFIELD BUSINESSNAME ="" DATATYPE ="char" DESCRIPTION ="" FIELDNUMBER ="46" FIELDPROPERTY ="0" FIELDTYPE ="ELEMITEM" HIDDEN ="NO" KEYTYPE ="NOT A KEY" LENGTH ="0" LEVEL ="0" NAME ="EVENT_ORDER_IND" NULLABLE ="NULL" OCCURS ="0" OFFSET ="453" PHYSICALLENGTH ="3" PHYSICALOFFSET ="719" PICTURETEXT ="" PRECISION ="3" SCALE ="0" USAGE_FLAGS =""/>
        <SOURCEFIELD BUSINESSNAME ="" DATATYPE ="date" DESCRIPTION ="" FIELDNUMBER ="47" FIELDPROPERTY ="0" FIELDTYPE ="ELEMITEM" HIDDEN ="NO" KEYTYPE ="NOT A KEY" LENGTH ="19" LEVEL ="0" NAME ="UPDATED" NULLABLE ="NULL" OCCURS ="0" OFFSET ="453" PHYSICALLENGTH ="19" PHYSICALOFFSET ="722" PICTURETEXT ="" PRECISION ="19" SCALE ="0" USAGE_FLAGS =""/>
    </SOURCE>
    <TARGET BUSINESSNAME ="" CONSTRAINT ="" DATABASETYPE ="Microsoft SQL Server" DESCRIPTION ="" NAME ="CUSTOMER_ORDER" OBJECTVERSION ="1" TABLEOPTIONS ="" VERSIONNUMBER ="1">
        <TARGETFIELD BUSINESSNAME ="" DATATYPE ="varchar" DESCRIPTION ="" FIELDNUMBER ="1" KEYTYPE ="NOT A KEY" NAME ="LEGACY_SOURCE" NULLABLE ="NOTNULL" PICTURETEXT ="" PRECISION ="10" SCALE ="0"/>
        <TARGETFIELD BUSINESSNAME ="" DATATYPE ="varchar" DESCRIPTION ="" FIELDNUMBER ="2" KEYTYPE ="NOT A KEY" NAME ="ITEM_CODE" NULLABLE ="NOTNULL" PICTURETEXT ="" PRECISION ="40" SCALE ="0"/>
        <TARGETFIELD BUSINESSNAME ="" DATATYPE ="varchar" DESCRIPTION ="" FIELDNUMBER ="3" KEYTYPE ="NOT A KEY" NAME ="CUSTOMER_GROUP" NULLABLE ="NOTNULL" PICTURETEXT ="" PRECISION ="10" SCALE ="0"/>
        <TARGETFIELD BUSINESSNAME ="" DATATYPE ="varchar" DESCRIPTION ="" FIELDNUMBER ="4" KEYTYPE ="NOT A KEY" NAME ="EVENT_ORDER_IND" NULLABLE ="NOTNULL" PICTURETEXT ="" PRECISION ="3" SCALE ="0"/>
        <TARGETFIELD BUSINESSNAME ="" DATATYPE ="datetime" DESCRIPTION ="" FIELDNUMBER ="5" KEYTYPE ="NOT A KEY" NAME ="CUSTOMER_SHIP_DATE" NULLABLE ="NOTNULL" PICTURETEXT ="" PRECISION ="23" SCALE ="3"/>
        <TARGETFIELD BUSINESSNAME ="" DATATYPE ="numeric" DESCRIPTION ="" FIELDNUMBER ="6" KEYTYPE ="NOT A KEY" NAME ="ORDER_QUANTITY" NULLABLE ="NOTNULL" PICTURETEXT ="" PRECISION ="11" SCALE ="0"/>
        <TARGETFIELD BUSINESSNAME ="" DATATYPE ="datetime" DESCRIPTION ="" FIELDNUMBER ="7" KEYTYPE ="NOT A KEY" NAME ="LOAD_DATE" NULLABLE ="NOTNULL" PICTURETEXT ="" PRECISION ="23" SCALE ="3"/>
        <TARGETFIELD BUSINESSNAME ="" DATATYPE ="varchar" DESCRIPTION ="" FIELDNUMBER ="8" KEYTYPE ="NOT A KEY" NAME ="DATA_SOURCE" NULLABLE ="NOTNULL" PICTURETEXT ="" PRECISION ="60" SCALE ="0"/>
    </TARGET>
    <MAPPING DESCRIPTION ="This mapping is used to load the customer_order data from planning_open_orders view and slba_item table." ISVALID ="YES" NAME ="m_OW_CUST_ORDER" OBJECTVERSION ="1" VERSIONNUMBER ="1">
        <TRANSFORMATION DESCRIPTION ="This lookup transformation is used to lookup on the table ITEM  to get ITEM_CODE value." NAME ="LKP_ITEM_DPR" OBJECTVERSION ="1" REUSABLE ="NO" TYPE ="Lookup Procedure" VERSIONNUMBER ="1">
            <TRANSFORMFIELD DATATYPE ="string" DEFAULTVALUE ="" DESCRIPTION ="" NAME ="ITEM_CODE" PICTURETEXT ="" PORTTYPE ="LOOKUP/RETURN/OUTPUT" PRECISION ="40" SCALE ="0"/>
            <TRANSFORMFIELD DATATYPE ="string" DEFAULTVALUE ="" DESCRIPTION ="" NAME ="I_ITEM_CODE" PICTURETEXT ="" PORTTYPE ="INPUT/OUTPUT" PRECISION ="40" SCALE ="0"/>
            <TABLEATTRIBUTE NAME ="Lookup Sql Override" VALUE ="SELECT distinct  ITEM.ITEM_CODE as ITEM_CODE FROM ITEM with (nolock)"/>
            <TABLEATTRIBUTE NAME ="Lookup table name" VALUE ="ITEM"/>
            <TABLEATTRIBUTE NAME ="Lookup Source Filter" VALUE =""/>
            <TABLEATTRIBUTE NAME ="Lookup caching enabled" VALUE ="YES"/>
            <TABLEATTRIBUTE NAME ="Lookup policy on multiple match" VALUE ="Use First Value"/>
            <TABLEATTRIBUTE NAME ="Lookup condition" VALUE ="ITEM_CODE = I_ITEM_CODE"/>
            <TABLEATTRIBUTE NAME ="Connection Information" VALUE ="$Source"/>
            <TABLEATTRIBUTE NAME ="Source Type" VALUE ="Database"/>
            <TABLEATTRIBUTE NAME ="Recache if Stale" VALUE ="NO"/>
            <TABLEATTRIBUTE NAME ="Tracing Level" VALUE ="Normal"/>
            <TABLEATTRIBUTE NAME ="Lookup cache directory name" VALUE ="$PMCacheDir"/>
            <TABLEATTRIBUTE NAME ="Lookup cache initialize" VALUE ="NO"/>
            <TABLEATTRIBUTE NAME ="Lookup cache persistent" VALUE ="NO"/>
            <TABLEATTRIBUTE NAME ="Lookup Data Cache Size" VALUE ="Auto"/>
            <TABLEATTRIBUTE NAME ="Lookup Index Cache Size" VALUE ="Auto"/>
            <TABLEATTRIBUTE NAME ="Dynamic Lookup Cache" VALUE ="NO"/>
            <TABLEATTRIBUTE NAME ="Synchronize Dynamic Cache" VALUE ="NO"/>
            <TABLEATTRIBUTE NAME ="Output Old Value On Update" VALUE ="NO"/>
            <TABLEATTRIBUTE NAME ="Update Dynamic Cache Condition" VALUE ="TRUE"/>
            <TABLEATTRIBUTE NAME ="Cache File Name Prefix" VALUE =""/>
            <TABLEATTRIBUTE NAME ="Re-cache from lookup source" VALUE ="NO"/>
            <TABLEATTRIBUTE NAME ="Insert Else Update" VALUE ="NO"/>
            <TABLEATTRIBUTE NAME ="Update Else Insert" VALUE ="NO"/>
            <TABLEATTRIBUTE NAME ="Datetime Format" VALUE =""/>
            <TABLEATTRIBUTE NAME ="Thousand Separator" VALUE ="None"/>
            <TABLEATTRIBUTE NAME ="Decimal Separator" VALUE ="."/>
            <TABLEATTRIBUTE NAME ="Case Sensitive String Comparison" VALUE ="NO"/>
            <TABLEATTRIBUTE NAME ="Null ordering" VALUE ="Null Is Highest Value"/>
            <TABLEATTRIBUTE NAME ="Sorted Input" VALUE ="NO"/>
            <TABLEATTRIBUTE NAME ="Lookup source is static" VALUE ="NO"/>
            <TABLEATTRIBUTE NAME ="Pre-build lookup cache" VALUE ="Auto"/>
            <TABLEATTRIBUTE NAME ="Subsecond Precision" VALUE ="6"/>
        </TRANSFORMATION>
        <TRANSFORMATION DESCRIPTION ="This lookup transformation is used to lookup on the table customer_event_group to get customer_event_group value." NAME ="LKP_CUST_EVENT_GRP" OBJECTVERSION ="1" REUSABLE ="NO" TYPE ="Lookup Procedure" VERSIONNUMBER ="1">
            <TRANSFORMFIELD DATATYPE ="integer" DEFAULTVALUE ="" DESCRIPTION ="" NAME ="Customer_Event_Group_ID" PICTURETEXT ="" PORTTYPE ="LOOKUP" PRECISION ="10" SCALE ="0"/>
            <TRANSFORMFIELD DATATYPE ="string" DEFAULTVALUE ="" DESCRIPTION ="" NAME ="Customer_Event_Group" PICTURETEXT ="" PORTTYPE ="LOOKUP/RETURN/OUTPUT" PRECISION ="10" SCALE ="0"/>
            <TRANSFORMFIELD DATATYPE ="string" DEFAULTVALUE ="" DESCRIPTION ="" NAME ="Group_Code" PICTURETEXT ="" PORTTYPE ="LOOKUP" PRECISION ="2" SCALE ="0"/>
            <TRANSFORMFIELD DATATYPE ="string" DEFAULTVALUE ="" DESCRIPTION ="" NAME ="USERID" PICTURETEXT ="" PORTTYPE ="LOOKUP" PRECISION ="40" SCALE ="0"/>
            <TRANSFORMFIELD DATATYPE ="date/time" DEFAULTVALUE ="" DESCRIPTION ="" NAME ="create_date" PICTURETEXT ="" PORTTYPE ="LOOKUP" PRECISION ="29" SCALE ="9"/>
            <TRANSFORMFIELD DATATYPE ="date/time" DEFAULTVALUE ="" DESCRIPTION ="" NAME ="update_date" PICTURETEXT ="" PORTTYPE ="LOOKUP" PRECISION ="29" SCALE ="9"/>
            <TRANSFORMFIELD DATATYPE ="integer" DEFAULTVALUE ="" DESCRIPTION ="" NAME ="I_CUSTOMER_EVENT_GRP_ID" PICTURETEXT ="" PORTTYPE ="INPUT" PRECISION ="10" SCALE ="0"/>
            <TABLEATTRIBUTE NAME ="Lookup Sql Override" VALUE ="SELECT DISTINCT &#xD;&#xA;LTRIM(RTRIM(SUBSTRING(CUSTOMER_EVENT_GROUP .Customer_Event_Group,1,10))) as Customer_Event_Group, &#xD;&#xA;CUSTOMER_EVENT_GROUP .Customer_Event_Group_ID as Customer_Event_Group_ID &#xD;&#xA;FROM &#xD;&#xA;dbo.CUSTOMER_EVENT_GROUP"/>
            <TABLEATTRIBUTE NAME ="Lookup table name" VALUE ="CUSTOMER_EVENT_GROUP "/>
            <TABLEATTRIBUTE NAME ="Lookup Source Filter" VALUE =""/>
            <TABLEATTRIBUTE NAME ="Lookup caching enabled" VALUE ="YES"/>
            <TABLEATTRIBUTE NAME ="Lookup policy on multiple match" VALUE ="Use Any Value"/>
            <TABLEATTRIBUTE NAME ="Lookup condition" VALUE ="Customer_Event_Group_ID = I_CUSTOMER_EVENT_GRP_ID"/>
            <TABLEATTRIBUTE NAME ="Connection Information" VALUE ="$Source"/>
            <TABLEATTRIBUTE NAME ="Source Type" VALUE ="Database"/>
            <TABLEATTRIBUTE NAME ="Recache if Stale" VALUE ="NO"/>
            <TABLEATTRIBUTE NAME ="Tracing Level" VALUE ="Normal"/>
            <TABLEATTRIBUTE NAME ="Lookup cache directory name" VALUE ="$PMCacheDir"/>
            <TABLEATTRIBUTE NAME ="Lookup cache initialize" VALUE ="NO"/>
            <TABLEATTRIBUTE NAME ="Lookup cache persistent" VALUE ="NO"/>
            <TABLEATTRIBUTE NAME ="Lookup Data Cache Size" VALUE ="Auto"/>
            <TABLEATTRIBUTE NAME ="Lookup Index Cache Size" VALUE ="Auto"/>
            <TABLEATTRIBUTE NAME ="Dynamic Lookup Cache" VALUE ="NO"/>
            <TABLEATTRIBUTE NAME ="Synchronize Dynamic Cache" VALUE ="NO"/>
            <TABLEATTRIBUTE NAME ="Output Old Value On Update" VALUE ="NO"/>
            <TABLEATTRIBUTE NAME ="Update Dynamic Cache Condition" VALUE ="TRUE"/>
            <TABLEATTRIBUTE NAME ="Cache File Name Prefix" VALUE =""/>
            <TABLEATTRIBUTE NAME ="Re-cache from lookup source" VALUE ="NO"/>
            <TABLEATTRIBUTE NAME ="Insert Else Update" VALUE ="NO"/>
            <TABLEATTRIBUTE NAME ="Update Else Insert" VALUE ="NO"/>
            <TABLEATTRIBUTE NAME ="Datetime Format" VALUE =""/>
            <TABLEATTRIBUTE NAME ="Thousand Separator" VALUE ="None"/>
            <TABLEATTRIBUTE NAME ="Decimal Separator" VALUE ="."/>
            <TABLEATTRIBUTE NAME ="Case Sensitive String Comparison" VALUE ="NO"/>
            <TABLEATTRIBUTE NAME ="Null ordering" VALUE ="Null Is Highest Value"/>
            <TABLEATTRIBUTE NAME ="Sorted Input" VALUE ="NO"/>
            <TABLEATTRIBUTE NAME ="Lookup source is static" VALUE ="NO"/>
            <TABLEATTRIBUTE NAME ="Pre-build lookup cache" VALUE ="Auto"/>
            <TABLEATTRIBUTE NAME ="Subsecond Precision" VALUE ="6"/>
        </TRANSFORMATION>
        <TRANSFORMATION DESCRIPTION ="This aggregator transformation is used to populate the sum(quantity_shipped) to the target table." NAME ="AGG_QUANTITY" OBJECTVERSION ="1" REUSABLE ="NO" TYPE ="Aggregator" VERSIONNUMBER ="1">
            <TRANSFORMFIELD DATATYPE ="decimal" DEFAULTVALUE ="" DESCRIPTION ="" NAME ="I_ORDER_QUANTITY" PICTURETEXT ="" PORTTYPE ="INPUT" PRECISION ="11" SCALE ="3"/>
            <TRANSFORMFIELD DATATYPE ="string" DEFAULTVALUE ="" DESCRIPTION ="" EXPRESSION ="LEGACY_SOURCE" EXPRESSIONTYPE ="GROUPBY" NAME ="LEGACY_SOURCE" PICTURETEXT ="" PORTTYPE ="INPUT/OUTPUT" PRECISION ="10" SCALE ="0"/>
            <TRANSFORMFIELD DATATYPE ="string" DEFAULTVALUE ="" DESCRIPTION ="" EXPRESSION ="ITEM_CODE" EXPRESSIONTYPE ="GROUPBY" NAME ="ITEM_CODE" PICTURETEXT ="" PORTTYPE ="INPUT/OUTPUT" PRECISION ="40" SCALE ="0"/>
            <TRANSFORMFIELD DATATYPE ="string" DEFAULTVALUE ="" DESCRIPTION ="" EXPRESSION ="CUSTOMER_GROUP" EXPRESSIONTYPE ="GROUPBY" NAME ="CUSTOMER_GROUP" PICTURETEXT ="" PORTTYPE ="INPUT/OUTPUT" PRECISION ="10" SCALE ="0"/>
            <TRANSFORMFIELD DATATYPE ="string" DEFAULTVALUE ="" DESCRIPTION ="" EXPRESSION ="EVENT_ORDER_IND_SUC" EXPRESSIONTYPE ="GROUPBY" NAME ="EVENT_ORDER_IND_SUC" PICTURETEXT ="" PORTTYPE ="INPUT/OUTPUT" PRECISION ="3" SCALE ="0"/>
            <TRANSFORMFIELD DATATYPE ="date/time" DEFAULTVALUE ="" DESCRIPTION ="" EXPRESSION ="REQUESTED_SHIP_DATE_SUC" EXPRESSIONTYPE ="GROUPBY" NAME ="REQUESTED_SHIP_DATE_SUC" PICTURETEXT ="" PORTTYPE ="INPUT/OUTPUT" PRECISION ="29" SCALE ="9"/>
            <TRANSFORMFIELD DATATYPE ="decimal" DEFAULTVALUE ="ERROR(&apos;transformation error&apos;)" DESCRIPTION ="" EXPRESSION ="SUM(I_ORDER_QUANTITY)" EXPRESSIONTYPE ="GENERAL" NAME ="O_ORDER_QUANTITY" PICTURETEXT ="" PORTTYPE ="OUTPUT" PRECISION ="11" SCALE ="3"/>
            <TRANSFORMFIELD DATATYPE ="date/time" DEFAULTVALUE ="" DESCRIPTION ="" EXPRESSION ="LOAD_DATE" EXPRESSIONTYPE ="GENERAL" NAME ="LOAD_DATE" PICTURETEXT ="" PORTTYPE ="INPUT/OUTPUT" PRECISION ="29" SCALE ="9"/>
            <TRANSFORMFIELD DATATYPE ="string" DEFAULTVALUE ="" DESCRIPTION ="" EXPRESSION ="DATA_SOURCE" EXPRESSIONTYPE ="GENERAL" NAME ="DATA_SOURCE" PICTURETEXT ="" PORTTYPE ="INPUT/OUTPUT" PRECISION ="60" SCALE ="0"/>
            <TABLEATTRIBUTE NAME ="Cache Directory" VALUE ="$PMCacheDir"/>
            <TABLEATTRIBUTE NAME ="Tracing Level" VALUE ="Normal"/>
            <TABLEATTRIBUTE NAME ="Sorted Input" VALUE ="NO"/>
            <TABLEATTRIBUTE NAME ="Aggregator Data Cache Size" VALUE ="Auto"/>
            <TABLEATTRIBUTE NAME ="Aggregator Index Cache Size" VALUE ="Auto"/>
            <TABLEATTRIBUTE NAME ="Transformation Scope" VALUE ="All Input"/>
        </TRANSFORMATION>
        <TRANSFORMATION DESCRIPTION ="This lookup transformation is used to lookup on the table xrf_acc to get the cust_event_grp_id." NAME ="LKP_XRF_ACC" OBJECTVERSION ="1" REUSABLE ="NO" TYPE ="Lookup Procedure" VERSIONNUMBER ="1">
            <TRANSFORMFIELD DATATYPE ="decimal" DEFAULTVALUE ="" DESCRIPTION ="" NAME ="CUST_EVENT_GRP_ID" PICTURETEXT ="" PORTTYPE ="LOOKUP/RETURN/OUTPUT" PRECISION ="8" SCALE ="0"/>
            <TRANSFORMFIELD DATATYPE ="string" DEFAULTVALUE ="" DESCRIPTION ="" NAME ="SOLDTO" PICTURETEXT ="" PORTTYPE ="LOOKUP" PRECISION ="16" SCALE ="0"/>
            <TRANSFORMFIELD DATATYPE ="string" DEFAULTVALUE ="" DESCRIPTION ="" NAME ="TS_DIV_CDE" PICTURETEXT ="" PORTTYPE ="LOOKUP" PRECISION ="2" SCALE ="0"/>
            <TRANSFORMFIELD DATATYPE ="string" DEFAULTVALUE ="" DESCRIPTION ="" NAME ="TS_CUS_ACC_CDE" PICTURETEXT ="" PORTTYPE ="LOOKUP" PRECISION ="8" SCALE ="0"/>
            <TRANSFORMFIELD DATATYPE ="string" DEFAULTVALUE ="" DESCRIPTION ="" NAME ="GRP_CDE" PICTURETEXT ="" PORTTYPE ="LOOKUP" PRECISION ="2" SCALE ="0"/>
            <TRANSFORMFIELD DATATYPE ="string" DEFAULTVALUE ="" DESCRIPTION ="" NAME ="PARENT_ACCOUNT" PICTURETEXT ="" PORTTYPE ="LOOKUP" PRECISION ="64" SCALE ="0"/>
            <TRANSFORMFIELD DATATYPE ="string" DEFAULTVALUE ="" DESCRIPTION ="" NAME ="ACCOUNT" PICTURETEXT ="" PORTTYPE ="LOOKUP" PRECISION ="64" SCALE ="0"/>
            <TRANSFORMFIELD DATATYPE ="string" DEFAULTVALUE ="" DESCRIPTION ="" NAME ="XRF_ACCOUNT" PICTURETEXT ="" PORTTYPE ="LOOKUP" PRECISION ="64" SCALE ="0"/>
            <TRANSFORMFIELD DATATYPE ="decimal" DEFAULTVALUE ="" DESCRIPTION ="" NAME ="CUST_SEQ_NBR" PICTURETEXT ="" PORTTYPE ="LOOKUP" PRECISION ="8" SCALE ="0"/>
            <TRANSFORMFIELD DATATYPE ="string" DEFAULTVALUE ="" DESCRIPTION ="" NAME ="UPDATE_USERID" PICTURETEXT ="" PORTTYPE ="LOOKUP" PRECISION ="50" SCALE ="0"/>
            <TRANSFORMFIELD DATATYPE ="decimal" DEFAULTVALUE ="" DESCRIPTION ="" NAME ="CUST_RANK" PICTURETEXT ="" PORTTYPE ="LOOKUP" PRECISION ="15" SCALE ="0"/>
            <TRANSFORMFIELD DATATYPE ="string" DEFAULTVALUE ="" DESCRIPTION ="" NAME ="SEGMENT_DESC" PICTURETEXT ="" PORTTYPE ="LOOKUP" PRECISION ="20" SCALE ="0"/>
            <TRANSFORMFIELD DATATYPE ="string" DEFAULTVALUE ="" DESCRIPTION ="" NAME ="CHANNEL_DESC" PICTURETEXT ="" PORTTYPE ="LOOKUP" PRECISION ="30" SCALE ="0"/>
            <TRANSFORMFIELD DATATYPE ="string" DEFAULTVALUE ="" DESCRIPTION ="" NAME ="CHANNEL_GROUP_DESC" PICTURETEXT ="" PORTTYPE ="LOOKUP" PRECISION ="30" SCALE ="0"/>
            <TRANSFORMFIELD DATATYPE ="string" DEFAULTVALUE ="" DESCRIPTION ="" NAME ="ZONE_DESC" PICTURETEXT ="" PORTTYPE ="LOOKUP" PRECISION ="20" SCALE ="0"/>
            <TRANSFORMFIELD DATATYPE ="string" DEFAULTVALUE ="" DESCRIPTION ="" NAME ="SALES_RESP_NAME_1" PICTURETEXT ="" PORTTYPE ="LOOKUP" PRECISION ="30" SCALE ="0"/>
            <TRANSFORMFIELD DATATYPE ="string" DEFAULTVALUE ="" DESCRIPTION ="" NAME ="SALES_RESP_NAME_2" PICTURETEXT ="" PORTTYPE ="LOOKUP" PRECISION ="30" SCALE ="0"/>
            <TRANSFORMFIELD DATATYPE ="string" DEFAULTVALUE ="" DESCRIPTION ="" NAME ="SALES_RESP_NAME_3" PICTURETEXT ="" PORTTYPE ="LOOKUP" PRECISION ="30" SCALE ="0"/>
            <TRANSFORMFIELD DATATYPE ="string" DEFAULTVALUE ="" DESCRIPTION ="" NAME ="COUNTRY_DESC" PICTURETEXT ="" PORTTYPE ="LOOKUP" PRECISION ="30" SCALE ="0"/>
            <TRANSFORMFIELD DATATYPE ="string" DEFAULTVALUE ="" DESCRIPTION ="" NAME ="CHAIN_ACCOUNT_DESC" PICTURETEXT ="" PORTTYPE ="LOOKUP" PRECISION ="50" SCALE ="0"/>
            <TRANSFORMFIELD DATATYPE ="string" DEFAULTVALUE ="" DESCRIPTION ="" NAME ="COUNTRY_CODE" PICTURETEXT ="" PORTTYPE ="LOOKUP" PRECISION ="2" SCALE ="0"/>
            <TRANSFORMFIELD DATATYPE ="string" DEFAULTVALUE ="" DESCRIPTION ="" NAME ="I_SOURCE_ACCOUNT_NUM" PICTURETEXT ="" PORTTYPE ="INPUT" PRECISION ="16" SCALE ="0"/>
            <TRANSFORMFIELD DATATYPE ="string" DEFAULTVALUE ="" DESCRIPTION ="" NAME ="I_DIV_CODE" PICTURETEXT ="" PORTTYPE ="INPUT" PRECISION ="2" SCALE ="0"/>
            <TABLEATTRIBUTE NAME ="Lookup Sql Override" VALUE ="SELECT DISTINCT &#xD;&#xA;nvl(cust_event_grp_id,0) AS CUST_EVENT_GRP_ID, &#xD;&#xA;case when substr(xrf_account,1,3)=&apos;TSP&apos; and ts_Div_Cde &lt;&gt; &apos;SP&apos;  &#xD;&#xA;then trim(soldto) &#xD;&#xA; else nvl(ltrim(Soldto, &apos;0&apos;), &apos;UNMAPPED&apos;) &#xD;&#xA; end AS SOLDTO,&#xD;&#xA;ts_div_cde AS TS_DIV_CDE&#xD;&#xA;from xrf_acc &#xD;&#xA;where &#xD;&#xA;CUST_SEQ_NBR in (select max(CUST_SEQ_NBR) from xrf_acc &#xD;&#xA;group by  ts_div_cde ,&#xD;&#xA;case when substr(xrf_account,1,3)=&apos;TSP&apos; and ts_Div_Cde &lt;&gt; &apos;SP&apos;  &#xD;&#xA;then trim(soldto) &#xD;&#xA; else nvl(ltrim(Soldto, &apos;0&apos;), &apos;UNMAPPED&apos;) &#xD;&#xA; end )"/>
            <TABLEATTRIBUTE NAME ="Lookup table name" VALUE ="XRF_ACC"/>
            <TABLEATTRIBUTE NAME ="Lookup Source Filter" VALUE =""/>
            <TABLEATTRIBUTE NAME ="Lookup caching enabled" VALUE ="YES"/>
            <TABLEATTRIBUTE NAME ="Lookup policy on multiple match" VALUE ="Use Any Value"/>
            <TABLEATTRIBUTE NAME ="Lookup condition" VALUE ="SOLDTO = I_SOURCE_ACCOUNT_NUM AND TS_DIV_CDE = I_DIV_CODE"/>
            <TABLEATTRIBUTE NAME ="Connection Information" VALUE ="$Source"/>
            <TABLEATTRIBUTE NAME ="Source Type" VALUE ="Database"/>
            <TABLEATTRIBUTE NAME ="Recache if Stale" VALUE ="NO"/>
            <TABLEATTRIBUTE NAME ="Tracing Level" VALUE ="Normal"/>
            <TABLEATTRIBUTE NAME ="Lookup cache directory name" VALUE ="$PMCacheDir"/>
            <TABLEATTRIBUTE NAME ="Lookup cache initialize" VALUE ="NO"/>
            <TABLEATTRIBUTE NAME ="Lookup cache persistent" VALUE ="NO"/>
            <TABLEATTRIBUTE NAME ="Lookup Data Cache Size" VALUE ="Auto"/>
            <TABLEATTRIBUTE NAME ="Lookup Index Cache Size" VALUE ="Auto"/>
            <TABLEATTRIBUTE NAME ="Dynamic Lookup Cache" VALUE ="NO"/>
            <TABLEATTRIBUTE NAME ="Synchronize Dynamic Cache" VALUE ="NO"/>
            <TABLEATTRIBUTE NAME ="Output Old Value On Update" VALUE ="NO"/>
            <TABLEATTRIBUTE NAME ="Update Dynamic Cache Condition" VALUE ="TRUE"/>
            <TABLEATTRIBUTE NAME ="Cache File Name Prefix" VALUE =""/>
            <TABLEATTRIBUTE NAME ="Re-cache from lookup source" VALUE ="NO"/>
            <TABLEATTRIBUTE NAME ="Insert Else Update" VALUE ="NO"/>
            <TABLEATTRIBUTE NAME ="Update Else Insert" VALUE ="NO"/>
            <TABLEATTRIBUTE NAME ="Datetime Format" VALUE =""/>
            <TABLEATTRIBUTE NAME ="Thousand Separator" VALUE ="None"/>
            <TABLEATTRIBUTE NAME ="Decimal Separator" VALUE ="."/>
            <TABLEATTRIBUTE NAME ="Case Sensitive String Comparison" VALUE ="NO"/>
            <TABLEATTRIBUTE NAME ="Null ordering" VALUE ="Null Is Highest Value"/>
            <TABLEATTRIBUTE NAME ="Sorted Input" VALUE ="NO"/>
            <TABLEATTRIBUTE NAME ="Lookup source is static" VALUE ="NO"/>
            <TABLEATTRIBUTE NAME ="Pre-build lookup cache" VALUE ="Auto"/>
            <TABLEATTRIBUTE NAME ="Subsecond Precision" VALUE ="6"/>
        </TRANSFORMATION>
        <TRANSFORMATION DESCRIPTION ="This expression transformation is used to do some logic operations based on conversion mapping." NAME ="EXP_CUST_ORDER" OBJECTVERSION ="1" REUSABLE ="NO" TYPE ="Expression" VERSIONNUMBER ="1">
            <TRANSFORMFIELD DATATYPE ="string" DEFAULTVALUE ="" DESCRIPTION ="" NAME ="I_HISTORICAL_BUSINESS_UNIT" PICTURETEXT ="" PORTTYPE ="INPUT" PRECISION ="2" SCALE ="0"/>
            <TRANSFORMFIELD DATATYPE ="string" DEFAULTVALUE ="" DESCRIPTION ="" NAME ="I_SAP_SOLDTO_CUST" PICTURETEXT ="" PORTTYPE ="INPUT" PRECISION ="10" SCALE ="0"/>
            <TRANSFORMFIELD DATATYPE ="string" DEFAULTVALUE ="" DESCRIPTION ="" NAME ="I_SOURCE_ACCOUNT_NUM" PICTURETEXT ="" PORTTYPE ="INPUT" PRECISION ="10" SCALE ="0"/>
            <TRANSFORMFIELD DATATYPE ="string" DEFAULTVALUE ="" DESCRIPTION ="" NAME ="I_GRP_CDE" PICTURETEXT ="" PORTTYPE ="INPUT" PRECISION ="2" SCALE ="0"/>
            <TRANSFORMFIELD DATATYPE ="integer" DEFAULTVALUE ="" DESCRIPTION ="" EXPRESSION ="IIF(ISNULL(I_SAP_SOLDTO_CUST) OR &#xD;&#xA;ISNULL(:LKP.LKP_XRF_ACC(I_SAP_SOLDTO_CUST, &apos;SP&apos;)), &#xD;&#xA;:LKP.LKP_XRF_ACC(I_SOURCE_ACCOUNT_NUM, I_HISTORICAL_BUSINESS_UNIT), &#xD;&#xA;:LKP.LKP_XRF_ACC(I_SAP_SOLDTO_CUST, &apos;SP&apos;))" EXPRESSIONTYPE ="GENERAL" NAME ="V_CUST_EVENT_GRP_ID" PICTURETEXT ="" PORTTYPE ="LOCAL VARIABLE" PRECISION ="10" SCALE ="0"/>
            <TRANSFORMFIELD DATATYPE ="string" DEFAULTVALUE ="" DESCRIPTION ="" EXPRESSION =":LKP.LKP_CUST_EVENT_GRP(V_CUST_EVENT_GRP_ID)" EXPRESSIONTYPE ="GENERAL" NAME ="V_CUST_EVENT_GRP_LKP" PICTURETEXT ="" PORTTYPE ="LOCAL VARIABLE" PRECISION ="10" SCALE ="0"/>
            <TRANSFORMFIELD DATATYPE ="string" DEFAULTVALUE ="" DESCRIPTION ="" EXPRESSION ="IIF(ISNULL(V_CUST_EVENT_GRP_ID) OR &#xD;&#xA;V_CUST_EVENT_GRP_ID = 0 OR &#xD;&#xA;ISNULL(V_CUST_EVENT_GRP_LKP) OR &#xD;&#xA;IS_SPACES(V_CUST_EVENT_GRP_LKP) OR &#xD;&#xA;V_CUST_EVENT_GRP_LKP = &apos;Unmapped&apos; , &apos;*NONE&apos;, &#xD;&#xA;V_CUST_EVENT_GRP_LKP )" EXPRESSIONTYPE ="GENERAL" NAME ="V_CUST_EVENT_GRP" PICTURETEXT ="" PORTTYPE ="LOCAL VARIABLE" PRECISION ="10" SCALE ="0"/>
            <TRANSFORMFIELD DATATYPE ="string" DEFAULTVALUE ="ERROR(&apos;transformation error&apos;)" DESCRIPTION ="" EXPRESSION ="DECODE(I_HISTORICAL_BUSINESS_UNIT,&#xD;&#xA;&apos;CH&apos;, &apos;CHP&apos;,&#xD;&#xA;&apos;CW&apos;,&apos;CSW&apos;,&#xD;&#xA;&apos;PR&apos;,&apos;PRT&apos;)" EXPRESSIONTYPE ="GENERAL" NAME ="O_LEGACY_SOURCE" PICTURETEXT ="" PORTTYPE ="OUTPUT" PRECISION ="10" SCALE ="0"/>
            <TRANSFORMFIELD DATATYPE ="string" DEFAULTVALUE ="" DESCRIPTION ="" EXPRESSION ="ITEM_CODE" EXPRESSIONTYPE ="GENERAL" NAME ="ITEM_CODE" PICTURETEXT ="" PORTTYPE ="INPUT/OUTPUT" PRECISION ="40" SCALE ="0"/>
            <TRANSFORMFIELD DATATYPE ="string" DEFAULTVALUE ="ERROR(&apos;transformation error&apos;)" DESCRIPTION ="" EXPRESSION ="V_CUST_EVENT_GRP" EXPRESSIONTYPE ="GENERAL" NAME ="O_CUSTOMER_GROUP" PICTURETEXT ="" PORTTYPE ="OUTPUT" PRECISION ="10" SCALE ="0"/>
            <TRANSFORMFIELD DATATYPE ="string" DEFAULTVALUE ="" DESCRIPTION ="" EXPRESSION ="EVENT_ORDER_IND_SUC" EXPRESSIONTYPE ="GENERAL" NAME ="EVENT_ORDER_IND_SUC" PICTURETEXT ="" PORTTYPE ="INPUT/OUTPUT" PRECISION ="3" SCALE ="0"/>
            <TRANSFORMFIELD DATATYPE ="date/time" DEFAULTVALUE ="" DESCRIPTION ="" EXPRESSION ="REQUESTED_SHIP_DATE_SUC" EXPRESSIONTYPE ="GENERAL" NAME ="REQUESTED_SHIP_DATE_SUC" PICTURETEXT ="" PORTTYPE ="INPUT/OUTPUT" PRECISION ="29" SCALE ="9"/>
            <TRANSFORMFIELD DATATYPE ="decimal" DEFAULTVALUE ="" DESCRIPTION ="" EXPRESSION ="ORDER_QUANTITY" EXPRESSIONTYPE ="GENERAL" NAME ="ORDER_QUANTITY" PICTURETEXT ="" PORTTYPE ="INPUT/OUTPUT" PRECISION ="11" SCALE ="3"/>
            <TRANSFORMFIELD DATATYPE ="decimal" DEFAULTVALUE ="" DESCRIPTION ="" EXPRESSION ="DISTRIBUTION_CTR_FACILITY_ID" EXPRESSIONTYPE ="GENERAL" NAME ="DISTRIBUTION_CTR_FACILITY_ID" PICTURETEXT ="" PORTTYPE ="INPUT/OUTPUT" PRECISION ="38" SCALE ="0"/>
            <TRANSFORMFIELD DATATYPE ="date/time" DEFAULTVALUE ="ERROR(&apos;transformation error&apos;)" DESCRIPTION ="" EXPRESSION ="SYSDATE" EXPRESSIONTYPE ="GENERAL" NAME ="O_LOAD_DATE" PICTURETEXT ="" PORTTYPE ="OUTPUT" PRECISION ="29" SCALE ="9"/>
            <TRANSFORMFIELD DATATYPE ="string" DEFAULTVALUE ="ERROR(&apos;transformation error&apos;)" DESCRIPTION ="" EXPRESSION ="&apos;HbI DW Planning Open Orders View&apos;" EXPRESSIONTYPE ="GENERAL" NAME ="O_DATA_SOURCE" PICTURETEXT ="" PORTTYPE ="OUTPUT" PRECISION ="60" SCALE ="0"/>
            <TRANSFORMFIELD DATATYPE ="string" DEFAULTVALUE ="" DESCRIPTION ="" EXPRESSION =":LKP.LKP_V_FACILITY(DISTRIBUTION_CTR_FACILITY_ID)" EXPRESSIONTYPE ="GENERAL" NAME ="V_FACILITY_CODE" PICTURETEXT ="" PORTTYPE ="LOCAL VARIABLE" PRECISION ="20" SCALE ="0"/>
            <TRANSFORMFIELD DATATYPE ="string" DEFAULTVALUE ="" DESCRIPTION ="" EXPRESSION ="IIF(isnull(RTRIM(V_FACILITY_CODE)) , NULL , RTRIM(V_FACILITY_CODE))" EXPRESSIONTYPE ="GENERAL" NAME ="V_ALIAS_PLANT_CD" PICTURETEXT ="" PORTTYPE ="LOCAL VARIABLE" PRECISION ="20" SCALE ="0"/>
            <TRANSFORMFIELD DATATYPE ="string" DEFAULTVALUE ="" DESCRIPTION ="" EXPRESSION ="ITEM_CODE || &apos;_&apos; || V_ALIAS_PLANT_CD" EXPRESSIONTYPE ="GENERAL" NAME ="V_CON_ALIAS_ITEM_CODE_PLANT_CD" PICTURETEXT ="" PORTTYPE ="LOCAL VARIABLE" PRECISION ="65" SCALE ="0"/>
            <TRANSFORMFIELD DATATYPE ="string" DEFAULTVALUE ="" DESCRIPTION ="" EXPRESSION =":LKP.LKP_ITEM_DPR(V_CON_ALIAS_ITEM_CODE_PLANT_CD)" EXPRESSIONTYPE ="GENERAL" NAME ="ITEM_LKP_CHK" PICTURETEXT ="" PORTTYPE ="LOCAL VARIABLE" PRECISION ="40" SCALE ="0"/>
            <TRANSFORMFIELD DATATYPE ="string" DEFAULTVALUE ="" DESCRIPTION ="" EXPRESSION ="IIF(isnull(ltrim(rtrim(ITEM_LKP_CHK))) , ITEM_CODE , ITEM_CODE || &apos;_&apos; || V_ALIAS_PLANT_CD)" EXPRESSIONTYPE ="GENERAL" NAME ="O_ITEM_CODE" PICTURETEXT ="" PORTTYPE ="OUTPUT" PRECISION ="65" SCALE ="0"/>
            <TABLEATTRIBUTE NAME ="Tracing Level" VALUE ="Normal"/>
        </TRANSFORMATION>
        <TRANSFORMATION DESCRIPTION ="This lookup transformation is used to lookup on the table V_FACILITY  to get facility_code  value." NAME ="LKP_V_FACILITY" OBJECTVERSION ="1" REUSABLE ="NO" TYPE ="Lookup Procedure" VERSIONNUMBER ="1">
            <TRANSFORMFIELD DATATYPE ="decimal" DEFAULTVALUE ="" DESCRIPTION ="" NAME ="FACILITY_ID" PICTURETEXT ="" PORTTYPE ="LOOKUP/OUTPUT" PRECISION ="38" SCALE ="0"/>
            <TRANSFORMFIELD DATATYPE ="string" DEFAULTVALUE ="" DESCRIPTION ="" NAME ="FACILITY_CODE" PICTURETEXT ="" PORTTYPE ="LOOKUP/RETURN/OUTPUT" PRECISION ="20" SCALE ="0"/>
            <TRANSFORMFIELD DATATYPE ="decimal" DEFAULTVALUE ="" DESCRIPTION ="" NAME ="I_DISTRIBUTION_CTR_FACILITY_ID" PICTURETEXT ="" PORTTYPE ="INPUT/OUTPUT" PRECISION ="38" SCALE ="0"/>
            <TABLEATTRIBUTE NAME ="Lookup Sql Override" VALUE ="SELECT  distinct V_FACILITY.FACILITY_CODE as FACILITY_CODE, V_FACILITY.FACILITY_ID as FACILITY_ID FROM V_FACILITY"/>
            <TABLEATTRIBUTE NAME ="Lookup table name" VALUE ="V_FACILITY"/>
            <TABLEATTRIBUTE NAME ="Lookup Source Filter" VALUE =""/>
            <TABLEATTRIBUTE NAME ="Lookup caching enabled" VALUE ="YES"/>
            <TABLEATTRIBUTE NAME ="Lookup policy on multiple match" VALUE ="Use First Value"/>
            <TABLEATTRIBUTE NAME ="Lookup condition" VALUE ="FACILITY_ID = I_DISTRIBUTION_CTR_FACILITY_ID"/>
            <TABLEATTRIBUTE NAME ="Connection Information" VALUE ="$Source"/>
            <TABLEATTRIBUTE NAME ="Source Type" VALUE ="Database"/>
            <TABLEATTRIBUTE NAME ="Recache if Stale" VALUE ="NO"/>
            <TABLEATTRIBUTE NAME ="Tracing Level" VALUE ="Normal"/>
            <TABLEATTRIBUTE NAME ="Lookup cache directory name" VALUE ="$PMCacheDir"/>
            <TABLEATTRIBUTE NAME ="Lookup cache initialize" VALUE ="NO"/>
            <TABLEATTRIBUTE NAME ="Lookup cache persistent" VALUE ="NO"/>
            <TABLEATTRIBUTE NAME ="Lookup Data Cache Size" VALUE ="Auto"/>
            <TABLEATTRIBUTE NAME ="Lookup Index Cache Size" VALUE ="Auto"/>
            <TABLEATTRIBUTE NAME ="Dynamic Lookup Cache" VALUE ="NO"/>
            <TABLEATTRIBUTE NAME ="Synchronize Dynamic Cache" VALUE ="NO"/>
            <TABLEATTRIBUTE NAME ="Output Old Value On Update" VALUE ="NO"/>
            <TABLEATTRIBUTE NAME ="Update Dynamic Cache Condition" VALUE ="TRUE"/>
            <TABLEATTRIBUTE NAME ="Cache File Name Prefix" VALUE =""/>
            <TABLEATTRIBUTE NAME ="Re-cache from lookup source" VALUE ="NO"/>
            <TABLEATTRIBUTE NAME ="Insert Else Update" VALUE ="NO"/>
            <TABLEATTRIBUTE NAME ="Update Else Insert" VALUE ="NO"/>
            <TABLEATTRIBUTE NAME ="Datetime Format" VALUE =""/>
            <TABLEATTRIBUTE NAME ="Thousand Separator" VALUE ="None"/>
            <TABLEATTRIBUTE NAME ="Decimal Separator" VALUE ="."/>
            <TABLEATTRIBUTE NAME ="Case Sensitive String Comparison" VALUE ="NO"/>
            <TABLEATTRIBUTE NAME ="Null ordering" VALUE ="Null Is Highest Value"/>
            <TABLEATTRIBUTE NAME ="Sorted Input" VALUE ="NO"/>
            <TABLEATTRIBUTE NAME ="Lookup source is static" VALUE ="NO"/>
            <TABLEATTRIBUTE NAME ="Pre-build lookup cache" VALUE ="Auto"/>
            <TABLEATTRIBUTE NAME ="Subsecond Precision" VALUE ="6"/>
        </TRANSFORMATION>
        <TRANSFORMATION DESCRIPTION ="This transformation is used to read the records from the view planning_open_orders." NAME ="SQ_PLANNING_OPEN_ORDERS" OBJECTVERSION ="1" REUSABLE ="NO" TYPE ="Source Qualifier" VERSIONNUMBER ="1">
            <TRANSFORMFIELD DATATYPE ="string" DEFAULTVALUE ="" DESCRIPTION ="" NAME ="HISTORICAL_BUSINESS_UNIT" PICTURETEXT ="" PORTTYPE ="INPUT/OUTPUT" PRECISION ="2" SCALE ="0"/>
            <TRANSFORMFIELD DATATYPE ="decimal" DEFAULTVALUE ="" DESCRIPTION ="" NAME ="DISTRIBUTION_CTR_FACILITY_ID" PICTURETEXT ="" PORTTYPE ="INPUT/OUTPUT" PRECISION ="38" SCALE ="0"/>
            <TRANSFORMFIELD DATATYPE ="string" DEFAULTVALUE ="" DESCRIPTION ="" NAME ="SAP_SOLDTO_CUST" PICTURETEXT ="" PORTTYPE ="INPUT/OUTPUT" PRECISION ="10" SCALE ="0"/>
            <TRANSFORMFIELD DATATYPE ="string" DEFAULTVALUE ="" DESCRIPTION ="" NAME ="SOURCE_ACCOUNT_NUM" PICTURETEXT ="" PORTTYPE ="INPUT/OUTPUT" PRECISION ="10" SCALE ="0"/>
            <TRANSFORMFIELD DATATYPE ="string" DEFAULTVALUE ="" DESCRIPTION ="" NAME ="ITEM_CODE" PICTURETEXT ="" PORTTYPE ="INPUT/OUTPUT" PRECISION ="40" SCALE ="0"/>
            <TRANSFORMFIELD DATATYPE ="decimal" DEFAULTVALUE ="" DESCRIPTION ="" NAME ="ORDER_QUANTITY" PICTURETEXT ="" PORTTYPE ="INPUT/OUTPUT" PRECISION ="11" SCALE ="0"/>
            <TRANSFORMFIELD DATATYPE ="date/time" DEFAULTVALUE ="" DESCRIPTION ="" NAME ="REQUESTED_SHIP_DATE" PICTURETEXT ="" PORTTYPE ="INPUT/OUTPUT" PRECISION ="29" SCALE ="9"/>
            <TRANSFORMFIELD DATATYPE ="string" DEFAULTVALUE ="" DESCRIPTION ="" NAME ="GRP_CDE" PICTURETEXT ="" PORTTYPE ="INPUT/OUTPUT" PRECISION ="2" SCALE ="0"/>
            <TRANSFORMFIELD DATATYPE ="string" DEFAULTVALUE ="" DESCRIPTION ="" NAME ="EVENT_ORDER_IND" PICTURETEXT ="" PORTTYPE ="INPUT/OUTPUT" PRECISION ="3" SCALE ="0"/>
            <TABLEATTRIBUTE NAME ="Sql Query" VALUE ="select &#xD;&#xA;POO.HISTORICAL_BUSINESS_UNIT,&#xD;&#xA;POO.DISTRIBUTION_CTR_FACILITY_ID, &#xD;&#xA;LTRIM(TRIM(POO.SAP_SOLDTO_CUST),&apos;0&apos;) AS SAP_SOLDTO_CUST,&#xD;&#xA;LTRIM(TRIM(POO.SOURCE_ACCOUNT_NUM),&apos;0&apos;) AS SOURCE_ACCOUNT_NUM,&#xD;&#xA;(SI.STYLE_NUM || SI.COLOR_CODE || SI.ATTRIBUTION_CODE || SI.SIZE_NUM) AS ITEMCODE,&#xD;&#xA;CASE WHEN POO.HISTORICAL_BUSINESS_UNIT IN (&apos;CH&apos;,&apos;CW&apos;) AND &#xD;&#xA;PCX.ZITEMID IS NOT NULL THEN&#xD;&#xA;    POO.ORIGINAL_ORDER_UNITS * PCX.ZCOMP_QTY&#xD;&#xA;    ELSE &#xD;&#xA;    POO.ORIGINAL_ORDER_GARMENTS&#xD;&#xA; END ORDER_QTY,&#xD;&#xA;POO.REQUESTED_SHIP_DATE,&#xD;&#xA;POO.GRP_CDE,&#xD;&#xA;POO.EVENT_ORDER_IND &#xD;&#xA;FROM  &#xD;&#xA;DPR.PLANNING_OPEN_ORDERS POO &#xD;&#xA;LEFT OUTER JOIN (SELECT   MAX (p.plant),&#xD;&#xA;                               p.af_grid,&#xD;&#xA;                               p.zcmp_grid,&#xD;&#xA;                               p.zcomp_qty,&#xD;&#xA;                               p.material,&#xD;&#xA;                               p.component,&#xD;&#xA;                               p.zitemid,&#xD;&#xA;                               p.compitemid&#xD;&#xA;                      FROM slba.prepack_comp_xref p&#xD;&#xA;                      GROUP BY p.af_grid,&#xD;&#xA;                               p.zcmp_grid,&#xD;&#xA;                               p.zcomp_qty,&#xD;&#xA;                               p.material,&#xD;&#xA;                               p.component,&#xD;&#xA;                               p.zitemid,&#xD;&#xA;                               p.compitemid) PCX&#xD;&#xA;ON  POO.ITEM_ID = PCX.ZITEMID &#xD;&#xA;JOIN SLBA.SLBA_ITEM SI&#xD;&#xA;ON ( CASE WHEN POO.HISTORICAL_BUSINESS_UNIT IN (&apos;CH&apos;,&apos;CW&apos;) THEN &#xD;&#xA;    CASE WHEN PCX.ZITEMID IS NULL THEN &#xD;&#xA;            POO.ITEM_ID &#xD;&#xA;            ELSE PCX.COMPITEMID END  &#xD;&#xA;     ELSE POO.ITEM_ID END ) = SI.ITEM_ID"/>
            <TABLEATTRIBUTE NAME ="User Defined Join" VALUE =""/>
            <TABLEATTRIBUTE NAME ="Source Filter" VALUE =""/>
            <TABLEATTRIBUTE NAME ="Number Of Sorted Ports" VALUE ="0"/>
            <TABLEATTRIBUTE NAME ="Tracing Level" VALUE ="Normal"/>
            <TABLEATTRIBUTE NAME ="Select Distinct" VALUE ="NO"/>
            <TABLEATTRIBUTE NAME ="Is Partitionable" VALUE ="NO"/>
            <TABLEATTRIBUTE NAME ="Pre SQL" VALUE =""/>
            <TABLEATTRIBUTE NAME ="Post SQL" VALUE =""/>
            <TABLEATTRIBUTE NAME ="Output is deterministic" VALUE ="NO"/>
            <TABLEATTRIBUTE NAME ="Output is repeatable" VALUE ="Never"/>
        </TRANSFORMATION>
        <INSTANCE DESCRIPTION ="This target table contains the customer order data." NAME ="CUSTOMER_ORDER" TRANSFORMATION_NAME ="CUSTOMER_ORDER" TRANSFORMATION_TYPE ="Target Definition" TYPE ="TARGET"/>
        <INSTANCE DBDNAME ="DPR" DESCRIPTION ="This view contains the planning_open_orders data." NAME ="PLANNING_OPEN_ORDERS" TRANSFORMATION_NAME ="PLANNING_OPEN_ORDERS" TRANSFORMATION_TYPE ="Source Definition" TYPE ="SOURCE"/>
        <INSTANCE DESCRIPTION ="This lookup transformation is used to lookup on the table ITEM  to get ITEM_CODE value." NAME ="LKP_ITEM_DPR" REUSABLE ="NO" TRANSFORMATION_NAME ="LKP_ITEM_DPR" TRANSFORMATION_TYPE ="Lookup Procedure" TYPE ="TRANSFORMATION"/>
        <INSTANCE DESCRIPTION ="This lookup transformation is used to lookup on the table customer_event_group to get customer_event_group value." NAME ="LKP_CUST_EVENT_GRP" REUSABLE ="NO" TRANSFORMATION_NAME ="LKP_CUST_EVENT_GRP" TRANSFORMATION_TYPE ="Lookup Procedure" TYPE ="TRANSFORMATION"/>
        <INSTANCE DESCRIPTION ="This aggregator transformation is used to populate the sum(quantity_shipped) to the target table." NAME ="AGG_QUANTITY" REUSABLE ="NO" TRANSFORMATION_NAME ="AGG_QUANTITY" TRANSFORMATION_TYPE ="Aggregator" TYPE ="TRANSFORMATION"/>
        <INSTANCE DESCRIPTION ="This lookup transformation is used to lookup on the table xrf_acc to get the cust_event_grp_id." NAME ="LKP_XRF_ACC" REUSABLE ="NO" TRANSFORMATION_NAME ="LKP_XRF_ACC" TRANSFORMATION_TYPE ="Lookup Procedure" TYPE ="TRANSFORMATION"/>
        <INSTANCE DESCRIPTION ="This expression transformation is used to do some logic operations based on conversion mapping." NAME ="EXP_CUST_ORDER" REUSABLE ="NO" TRANSFORMATION_NAME ="EXP_CUST_ORDER" TRANSFORMATION_TYPE ="Expression" TYPE ="TRANSFORMATION"/>
        <INSTANCE DESCRIPTION ="This lookup transformation is used to lookup on the table V_FACILITY  to get facility_code  value." NAME ="LKP_V_FACILITY" REUSABLE ="NO" TRANSFORMATION_NAME ="LKP_V_FACILITY" TRANSFORMATION_TYPE ="Lookup Procedure" TYPE ="TRANSFORMATION"/>
        <INSTANCE DESCRIPTION ="This transformation is used to read the records from the view planning_open_orders." NAME ="SQ_PLANNING_OPEN_ORDERS" REUSABLE ="NO" TRANSFORMATION_NAME ="SQ_PLANNING_OPEN_ORDERS" TRANSFORMATION_TYPE ="Source Qualifier" TYPE ="TRANSFORMATION">
            <ASSOCIATED_SOURCE_INSTANCE NAME ="PLANNING_OPEN_ORDERS"/>
        </INSTANCE>
        <CONNECTOR FROMFIELD ="LEGACY_SOURCE" FROMINSTANCE ="AGG_QUANTITY" FROMINSTANCETYPE ="Aggregator" TOFIELD ="LEGACY_SOURCE" TOINSTANCE ="CUSTOMER_ORDER" TOINSTANCETYPE ="Target Definition"/>
        <CONNECTOR FROMFIELD ="ITEM_CODE" FROMINSTANCE ="AGG_QUANTITY" FROMINSTANCETYPE ="Aggregator" TOFIELD ="ITEM_CODE" TOINSTANCE ="CUSTOMER_ORDER" TOINSTANCETYPE ="Target Definition"/>
        <CONNECTOR FROMFIELD ="CUSTOMER_GROUP" FROMINSTANCE ="AGG_QUANTITY" FROMINSTANCETYPE ="Aggregator" TOFIELD ="CUSTOMER_GROUP" TOINSTANCE ="CUSTOMER_ORDER" TOINSTANCETYPE ="Target Definition"/>
        <CONNECTOR FROMFIELD ="EVENT_ORDER_IND_SUC" FROMINSTANCE ="AGG_QUANTITY" FROMINSTANCETYPE ="Aggregator" TOFIELD ="EVENT_ORDER_IND" TOINSTANCE ="CUSTOMER_ORDER" TOINSTANCETYPE ="Target Definition"/>
        <CONNECTOR FROMFIELD ="REQUESTED_SHIP_DATE_SUC" FROMINSTANCE ="AGG_QUANTITY" FROMINSTANCETYPE ="Aggregator" TOFIELD ="CUSTOMER_SHIP_DATE" TOINSTANCE ="CUSTOMER_ORDER" TOINSTANCETYPE ="Target Definition"/>
        <CONNECTOR FROMFIELD ="O_ORDER_QUANTITY" FROMINSTANCE ="AGG_QUANTITY" FROMINSTANCETYPE ="Aggregator" TOFIELD ="ORDER_QUANTITY" TOINSTANCE ="CUSTOMER_ORDER" TOINSTANCETYPE ="Target Definition"/>
        <CONNECTOR FROMFIELD ="LOAD_DATE" FROMINSTANCE ="AGG_QUANTITY" FROMINSTANCETYPE ="Aggregator" TOFIELD ="LOAD_DATE" TOINSTANCE ="CUSTOMER_ORDER" TOINSTANCETYPE ="Target Definition"/>
        <CONNECTOR FROMFIELD ="DATA_SOURCE" FROMINSTANCE ="AGG_QUANTITY" FROMINSTANCETYPE ="Aggregator" TOFIELD ="DATA_SOURCE" TOINSTANCE ="CUSTOMER_ORDER" TOINSTANCETYPE ="Target Definition"/>
        <CONNECTOR FROMFIELD ="SOURCE_ACCOUNT_NUM" FROMINSTANCE ="PLANNING_OPEN_ORDERS" FROMINSTANCETYPE ="Source Definition" TOFIELD ="SOURCE_ACCOUNT_NUM" TOINSTANCE ="SQ_PLANNING_OPEN_ORDERS" TOINSTANCETYPE ="Source Qualifier"/>
        <CONNECTOR FROMFIELD ="SAP_SOLDTO_CUST" FROMINSTANCE ="PLANNING_OPEN_ORDERS" FROMINSTANCETYPE ="Source Definition" TOFIELD ="SAP_SOLDTO_CUST" TOINSTANCE ="SQ_PLANNING_OPEN_ORDERS" TOINSTANCETYPE ="Source Qualifier"/>
        <CONNECTOR FROMFIELD ="DISTRIBUTION_CTR_FACILITY_ID" FROMINSTANCE ="PLANNING_OPEN_ORDERS" FROMINSTANCETYPE ="Source Definition" TOFIELD ="DISTRIBUTION_CTR_FACILITY_ID" TOINSTANCE ="SQ_PLANNING_OPEN_ORDERS" TOINSTANCETYPE ="Source Qualifier"/>
        <CONNECTOR FROMFIELD ="GRP_CDE" FROMINSTANCE ="PLANNING_OPEN_ORDERS" FROMINSTANCETYPE ="Source Definition" TOFIELD ="GRP_CDE" TOINSTANCE ="SQ_PLANNING_OPEN_ORDERS" TOINSTANCETYPE ="Source Qualifier"/>
        <CONNECTOR FROMFIELD ="EVENT_ORDER_IND" FROMINSTANCE ="PLANNING_OPEN_ORDERS" FROMINSTANCETYPE ="Source Definition" TOFIELD ="EVENT_ORDER_IND" TOINSTANCE ="SQ_PLANNING_OPEN_ORDERS" TOINSTANCETYPE ="Source Qualifier"/>
        <CONNECTOR FROMFIELD ="HISTORICAL_BUSINESS_UNIT" FROMINSTANCE ="PLANNING_OPEN_ORDERS" FROMINSTANCETYPE ="Source Definition" TOFIELD ="HISTORICAL_BUSINESS_UNIT" TOINSTANCE ="SQ_PLANNING_OPEN_ORDERS" TOINSTANCETYPE ="Source Qualifier"/>
        <CONNECTOR FROMFIELD ="ORIGINAL_ORDER_UNITS" FROMINSTANCE ="PLANNING_OPEN_ORDERS" FROMINSTANCETYPE ="Source Definition" TOFIELD ="ORDER_QUANTITY" TOINSTANCE ="SQ_PLANNING_OPEN_ORDERS" TOINSTANCETYPE ="Source Qualifier"/>
        <CONNECTOR FROMFIELD ="PO_NUM" FROMINSTANCE ="PLANNING_OPEN_ORDERS" FROMINSTANCETYPE ="Source Definition" TOFIELD ="ITEM_CODE" TOINSTANCE ="SQ_PLANNING_OPEN_ORDERS" TOINSTANCETYPE ="Source Qualifier"/>
        <CONNECTOR FROMFIELD ="REQUESTED_SHIP_DATE" FROMINSTANCE ="PLANNING_OPEN_ORDERS" FROMINSTANCETYPE ="Source Definition" TOFIELD ="REQUESTED_SHIP_DATE" TOINSTANCE ="SQ_PLANNING_OPEN_ORDERS" TOINSTANCETYPE ="Source Qualifier"/>
        <CONNECTOR FROMFIELD ="O_LEGACY_SOURCE" FROMINSTANCE ="EXP_CUST_ORDER" FROMINSTANCETYPE ="Expression" TOFIELD ="LEGACY_SOURCE" TOINSTANCE ="AGG_QUANTITY" TOINSTANCETYPE ="Aggregator"/>
        <CONNECTOR FROMFIELD ="O_CUSTOMER_GROUP" FROMINSTANCE ="EXP_CUST_ORDER" FROMINSTANCETYPE ="Expression" TOFIELD ="CUSTOMER_GROUP" TOINSTANCE ="AGG_QUANTITY" TOINSTANCETYPE ="Aggregator"/>
        <CONNECTOR FROMFIELD ="EVENT_ORDER_IND_SUC" FROMINSTANCE ="EXP_CUST_ORDER" FROMINSTANCETYPE ="Expression" TOFIELD ="EVENT_ORDER_IND_SUC" TOINSTANCE ="AGG_QUANTITY" TOINSTANCETYPE ="Aggregator"/>
        <CONNECTOR FROMFIELD ="REQUESTED_SHIP_DATE_SUC" FROMINSTANCE ="EXP_CUST_ORDER" FROMINSTANCETYPE ="Expression" TOFIELD ="REQUESTED_SHIP_DATE_SUC" TOINSTANCE ="AGG_QUANTITY" TOINSTANCETYPE ="Aggregator"/>
        <CONNECTOR FROMFIELD ="ORDER_QUANTITY" FROMINSTANCE ="EXP_CUST_ORDER" FROMINSTANCETYPE ="Expression" TOFIELD ="I_ORDER_QUANTITY" TOINSTANCE ="AGG_QUANTITY" TOINSTANCETYPE ="Aggregator"/>
        <CONNECTOR FROMFIELD ="O_LOAD_DATE" FROMINSTANCE ="EXP_CUST_ORDER" FROMINSTANCETYPE ="Expression" TOFIELD ="LOAD_DATE" TOINSTANCE ="AGG_QUANTITY" TOINSTANCETYPE ="Aggregator"/>
        <CONNECTOR FROMFIELD ="O_DATA_SOURCE" FROMINSTANCE ="EXP_CUST_ORDER" FROMINSTANCETYPE ="Expression" TOFIELD ="DATA_SOURCE" TOINSTANCE ="AGG_QUANTITY" TOINSTANCETYPE ="Aggregator"/>
        <CONNECTOR FROMFIELD ="O_ITEM_CODE" FROMINSTANCE ="EXP_CUST_ORDER" FROMINSTANCETYPE ="Expression" TOFIELD ="ITEM_CODE" TOINSTANCE ="AGG_QUANTITY" TOINSTANCETYPE ="Aggregator"/>
        <CONNECTOR FROMFIELD ="ORDER_QUANTITY" FROMINSTANCE ="SQ_PLANNING_OPEN_ORDERS" FROMINSTANCETYPE ="Source Qualifier" TOFIELD ="ORDER_QUANTITY" TOINSTANCE ="EXP_CUST_ORDER" TOINSTANCETYPE ="Expression"/>
        <CONNECTOR FROMFIELD ="REQUESTED_SHIP_DATE" FROMINSTANCE ="SQ_PLANNING_OPEN_ORDERS" FROMINSTANCETYPE ="Source Qualifier" TOFIELD ="REQUESTED_SHIP_DATE_SUC" TOINSTANCE ="EXP_CUST_ORDER" TOINSTANCETYPE ="Expression"/>
        <CONNECTOR FROMFIELD ="GRP_CDE" FROMINSTANCE ="SQ_PLANNING_OPEN_ORDERS" FROMINSTANCETYPE ="Source Qualifier" TOFIELD ="I_GRP_CDE" TOINSTANCE ="EXP_CUST_ORDER" TOINSTANCETYPE ="Expression"/>
        <CONNECTOR FROMFIELD ="EVENT_ORDER_IND" FROMINSTANCE ="SQ_PLANNING_OPEN_ORDERS" FROMINSTANCETYPE ="Source Qualifier" TOFIELD ="EVENT_ORDER_IND_SUC" TOINSTANCE ="EXP_CUST_ORDER" TOINSTANCETYPE ="Expression"/>
        <CONNECTOR FROMFIELD ="HISTORICAL_BUSINESS_UNIT" FROMINSTANCE ="SQ_PLANNING_OPEN_ORDERS" FROMINSTANCETYPE ="Source Qualifier" TOFIELD ="I_HISTORICAL_BUSINESS_UNIT" TOINSTANCE ="EXP_CUST_ORDER" TOINSTANCETYPE ="Expression"/>
        <CONNECTOR FROMFIELD ="ITEM_CODE" FROMINSTANCE ="SQ_PLANNING_OPEN_ORDERS" FROMINSTANCETYPE ="Source Qualifier" TOFIELD ="ITEM_CODE" TOINSTANCE ="EXP_CUST_ORDER" TOINSTANCETYPE ="Expression"/>
        <CONNECTOR FROMFIELD ="SOURCE_ACCOUNT_NUM" FROMINSTANCE ="SQ_PLANNING_OPEN_ORDERS" FROMINSTANCETYPE ="Source Qualifier" TOFIELD ="I_SOURCE_ACCOUNT_NUM" TOINSTANCE ="EXP_CUST_ORDER" TOINSTANCETYPE ="Expression"/>
        <CONNECTOR FROMFIELD ="SAP_SOLDTO_CUST" FROMINSTANCE ="SQ_PLANNING_OPEN_ORDERS" FROMINSTANCETYPE ="Source Qualifier" TOFIELD ="I_SAP_SOLDTO_CUST" TOINSTANCE ="EXP_CUST_ORDER" TOINSTANCETYPE ="Expression"/>
        <CONNECTOR FROMFIELD ="DISTRIBUTION_CTR_FACILITY_ID" FROMINSTANCE ="SQ_PLANNING_OPEN_ORDERS" FROMINSTANCETYPE ="Source Qualifier" TOFIELD ="DISTRIBUTION_CTR_FACILITY_ID" TOINSTANCE ="EXP_CUST_ORDER" TOINSTANCETYPE ="Expression"/>
        <TARGETLOADORDER ORDER ="1" TARGETINSTANCE ="CUSTOMER_ORDER"/>
        <ERPINFO/>
        <METADATAEXTENSION DATATYPE ="STRING" DESCRIPTION ="Conversion Mapping Name with version " DOMAINNAME ="User Defined Metadata Domain" ISCLIENTEDITABLE ="YES" ISCLIENTVISIBLE ="YES" ISREUSABLE ="NO" ISSHAREREAD ="NO" ISSHAREWRITE ="NO" MAXLENGTH ="256" NAME ="CONV_MAP_NAME" VALUE ="Outerwear-Customer Orders - v3.0" VENDORNAME ="INFORMATICA"/>
    </MAPPING>
    <CONFIG DESCRIPTION ="Default session configuration object" ISDEFAULT ="YES" NAME ="default_session_config" VERSIONNUMBER ="1">
        <ATTRIBUTE NAME ="Advanced" VALUE =""/>
        <ATTRIBUTE NAME ="Constraint based load ordering" VALUE ="NO"/>
        <ATTRIBUTE NAME ="Cache LOOKUP() function" VALUE ="YES"/>
        <ATTRIBUTE NAME ="Default buffer block size" VALUE ="Auto"/>
        <ATTRIBUTE NAME ="Line Sequential buffer length" VALUE ="1024"/>
        <ATTRIBUTE NAME ="Maximum Memory Allowed For Auto Memory Attributes" VALUE ="512MB"/>
        <ATTRIBUTE NAME ="Maximum Percentage of Total Memory Allowed For Auto Memory Attributes" VALUE ="5"/>
        <ATTRIBUTE NAME ="Additional Concurrent Pipelines for Lookup Cache Creation" VALUE ="Auto"/>
        <ATTRIBUTE NAME ="Custom Properties" VALUE =""/>
        <ATTRIBUTE NAME ="Pre-build lookup cache" VALUE ="Auto"/>
        <ATTRIBUTE NAME ="Optimization Level" VALUE ="Medium"/>
        <ATTRIBUTE NAME ="DateTime Format String" VALUE ="MM/DD/YYYY HH24:MI:SS.US"/>
        <ATTRIBUTE NAME ="Pre 85 Timestamp Compatibility" VALUE ="NO"/>
        <ATTRIBUTE NAME ="Log Options" VALUE ="0"/>
        <ATTRIBUTE NAME ="Save session log by" VALUE ="Session runs"/>
        <ATTRIBUTE NAME ="Save session log for these runs" VALUE ="9"/>
        <ATTRIBUTE NAME ="Session Log File Max Size" VALUE ="0"/>
        <ATTRIBUTE NAME ="Session Log File Max Time Period" VALUE ="0"/>
        <ATTRIBUTE NAME ="Maximum Partial Session Log Files" VALUE ="1"/>
        <ATTRIBUTE NAME ="Writer Commit Statistics Log Frequency" VALUE ="1"/>
        <ATTRIBUTE NAME ="Writer Commit Statistics Log Interval" VALUE ="0"/>
        <ATTRIBUTE NAME ="Error handling" VALUE =""/>
        <ATTRIBUTE NAME ="Stop on errors" VALUE ="1"/>
        <ATTRIBUTE NAME ="Override tracing" VALUE ="None"/>
        <ATTRIBUTE NAME ="On Stored Procedure error" VALUE ="Stop"/>
        <ATTRIBUTE NAME ="On Pre-session command task error" VALUE ="Stop"/>
        <ATTRIBUTE NAME ="On Pre-Post SQL error" VALUE ="Stop"/>
        <ATTRIBUTE NAME ="Enable Recovery" VALUE ="NO"/>
        <ATTRIBUTE NAME ="Error Log Type" VALUE ="None"/>
        <ATTRIBUTE NAME ="Error Log Table Name Prefix" VALUE =""/>
        <ATTRIBUTE NAME ="Error Log File Name" VALUE ="PMError.log"/>
        <ATTRIBUTE NAME ="Log Source Row Data" VALUE ="NO"/>
        <ATTRIBUTE NAME ="Data Column Delimiter" VALUE ="|"/>
        <ATTRIBUTE NAME ="Partitioning Options" VALUE =""/>
        <ATTRIBUTE NAME ="Dynamic Partitioning" VALUE ="Disabled"/>
        <ATTRIBUTE NAME ="Number of Partitions" VALUE ="1"/>
        <ATTRIBUTE NAME ="Multiplication Factor" VALUE ="Auto"/>
        <ATTRIBUTE NAME ="Session on Grid" VALUE =""/>
        <ATTRIBUTE NAME ="Is Enabled" VALUE ="NO"/>
    </CONFIG>
    <SESSION DESCRIPTION ="This session is used to load the customer order data from planning_open_Orders view and slba_item table." ISVALID ="YES" MAPPINGNAME ="m_OW_CUST_ORDER" NAME ="s_m_OW_CUST_ORDER" REUSABLE ="YES" SORTORDER ="Binary" VERSIONNUMBER ="1">
        <SESSTRANSFORMATIONINST ISREPARTITIONPOINT ="YES" PARTITIONTYPE ="PASS THROUGH" PIPELINE ="1" SINSTANCENAME ="CUSTOMER_ORDER" STAGE ="1" TRANSFORMATIONNAME ="CUSTOMER_ORDER" TRANSFORMATIONTYPE ="Target Definition"/>
        <SESSTRANSFORMATIONINST ISREPARTITIONPOINT ="NO" PIPELINE ="1" SINSTANCENAME ="EXP_CUST_ORDER" STAGE ="2" TRANSFORMATIONNAME ="EXP_CUST_ORDER" TRANSFORMATIONTYPE ="Expression">
            <PARTITION DESCRIPTION ="" NAME ="Partition #1"/>
        </SESSTRANSFORMATIONINST>
        <SESSTRANSFORMATIONINST ISREPARTITIONPOINT ="NO" PIPELINE ="0" SINSTANCENAME ="PLANNING_OPEN_ORDERS" STAGE ="0" TRANSFORMATIONNAME ="PLANNING_OPEN_ORDERS" TRANSFORMATIONTYPE ="Source Definition"/>
        <SESSTRANSFORMATIONINST ISREPARTITIONPOINT ="YES" PARTITIONTYPE ="PASS THROUGH" PIPELINE ="1" SINSTANCENAME ="SQ_PLANNING_OPEN_ORDERS" STAGE ="2" TRANSFORMATIONNAME ="SQ_PLANNING_OPEN_ORDERS" TRANSFORMATIONTYPE ="Source Qualifier"/>
        <SESSTRANSFORMATIONINST ISREPARTITIONPOINT ="NO" PIPELINE ="0" SINSTANCENAME ="LKP_CUST_EVENT_GRP" STAGE ="0" TRANSFORMATIONNAME ="LKP_CUST_EVENT_GRP" TRANSFORMATIONTYPE ="Lookup Procedure">
            <ATTRIBUTE NAME ="Connection Information" VALUE ="Relational:bisql1_edm_prd"/>
        </SESSTRANSFORMATIONINST>
        <SESSTRANSFORMATIONINST ISREPARTITIONPOINT ="NO" PIPELINE ="0" SINSTANCENAME ="LKP_XRF_ACC" STAGE ="0" TRANSFORMATIONNAME ="LKP_XRF_ACC" TRANSFORMATIONTYPE ="Lookup Procedure">
            <ATTRIBUTE NAME ="Connection Information" VALUE ="Relational:SLBADW_PRD"/>
        </SESSTRANSFORMATIONINST>
        <SESSTRANSFORMATIONINST ISREPARTITIONPOINT ="YES" PARTITIONTYPE ="HASH AUTO KEYS" PIPELINE ="1" SINSTANCENAME ="AGG_QUANTITY" STAGE ="3" TRANSFORMATIONNAME ="AGG_QUANTITY" TRANSFORMATIONTYPE ="Aggregator">
            <PARTITION DESCRIPTION ="" NAME ="Partition #1"/>
        </SESSTRANSFORMATIONINST>
        <SESSTRANSFORMATIONINST ISREPARTITIONPOINT ="NO" PIPELINE ="0" SINSTANCENAME ="LKP_V_FACILITY" STAGE ="0" TRANSFORMATIONNAME ="LKP_V_FACILITY" TRANSFORMATIONTYPE ="Lookup Procedure">
            <ATTRIBUTE NAME ="Connection Information" VALUE ="Relational:SLBADW_PRD"/>
        </SESSTRANSFORMATIONINST>
        <SESSTRANSFORMATIONINST ISREPARTITIONPOINT ="NO" PIPELINE ="0" SINSTANCENAME ="LKP_ITEM_DPR" STAGE ="0" TRANSFORMATIONNAME ="LKP_ITEM_DPR" TRANSFORMATIONTYPE ="Lookup Procedure">
            <ATTRIBUTE NAME ="Connection Information" VALUE ="Relational:Demand_Prioritization_Stage"/>
        </SESSTRANSFORMATIONINST>
        <CONFIGREFERENCE REFOBJECTNAME ="default_session_config" TYPE ="Session config">
            <ATTRIBUTE NAME ="Save session log for these runs" VALUE ="9"/>
            <ATTRIBUTE NAME ="Stop on errors" VALUE ="1"/>
        </CONFIGREFERENCE>
        <SESSIONEXTENSION NAME ="Relational Writer" SINSTANCENAME ="CUSTOMER_ORDER" SUBTYPE ="Relational Writer" TRANSFORMATIONTYPE ="Target Definition" TYPE ="WRITER">
            <CONNECTIONREFERENCE CNXREFNAME ="DB Connection" CONNECTIONNAME ="Demand_Prioritization_Stage" CONNECTIONNUMBER ="1" CONNECTIONSUBTYPE ="Microsoft SQL Server" CONNECTIONTYPE ="Relational" VARIABLE =""/>
            <ATTRIBUTE NAME ="Target load type" VALUE ="Normal"/>
            <ATTRIBUTE NAME ="Insert" VALUE ="YES"/>
            <ATTRIBUTE NAME ="Update as Update" VALUE ="NO"/>
            <ATTRIBUTE NAME ="Update as Insert" VALUE ="NO"/>
            <ATTRIBUTE NAME ="Update else Insert" VALUE ="NO"/>
            <ATTRIBUTE NAME ="Delete" VALUE ="NO"/>
            <ATTRIBUTE NAME ="Truncate target table option" VALUE ="NO"/>
            <ATTRIBUTE NAME ="Reject file directory" VALUE ="$PMBadFileDir&#x5c;DPR_LITE&#x5c;BAD&#x5c;"/>
            <ATTRIBUTE NAME ="Reject filename" VALUE ="s_m_OW_CUST_ORDER.bad"/>
        </SESSIONEXTENSION>
        <SESSIONEXTENSION DSQINSTNAME ="SQ_PLANNING_OPEN_ORDERS" DSQINSTTYPE ="Source Qualifier" NAME ="Relational Reader" SINSTANCENAME ="PLANNING_OPEN_ORDERS" SUBTYPE ="Relational Reader" TRANSFORMATIONTYPE ="Source Definition" TYPE ="READER"/>
        <SESSIONEXTENSION NAME ="Relational Reader" SINSTANCENAME ="SQ_PLANNING_OPEN_ORDERS" SUBTYPE ="Relational Reader" TRANSFORMATIONTYPE ="Source Qualifier" TYPE ="READER">
            <CONNECTIONREFERENCE CNXREFNAME ="DB Connection" CONNECTIONNAME ="SLBADW_PRD" CONNECTIONNUMBER ="1" CONNECTIONSUBTYPE ="Oracle" CONNECTIONTYPE ="Relational" VARIABLE =""/>
        </SESSIONEXTENSION>
        <SESSIONEXTENSION NAME ="Relational Lookup" SINSTANCENAME ="LKP_CUST_EVENT_GRP" SUBTYPE ="Relational Lookup" TRANSFORMATIONTYPE ="Lookup Procedure" TYPE ="LOOKUPEXTENSION">
            <CONNECTIONREFERENCE CNXREFNAME ="DB Connection" CONNECTIONNAME ="bisql1_edm_prd" CONNECTIONNUMBER ="1" CONNECTIONSUBTYPE ="Microsoft SQL Server" CONNECTIONTYPE ="Relational" VARIABLE =""/>
        </SESSIONEXTENSION>
        <SESSIONEXTENSION NAME ="Relational Lookup" SINSTANCENAME ="LKP_XRF_ACC" SUBTYPE ="Relational Lookup" TRANSFORMATIONTYPE ="Lookup Procedure" TYPE ="LOOKUPEXTENSION">
            <CONNECTIONREFERENCE CNXREFNAME ="DB Connection" CONNECTIONNAME ="SLBADW_PRD" CONNECTIONNUMBER ="1" CONNECTIONSUBTYPE ="Oracle" CONNECTIONTYPE ="Relational" VARIABLE =""/>
        </SESSIONEXTENSION>
        <SESSIONEXTENSION NAME ="Relational Lookup" SINSTANCENAME ="LKP_V_FACILITY" SUBTYPE ="Relational Lookup" TRANSFORMATIONTYPE ="Lookup Procedure" TYPE ="LOOKUPEXTENSION">
            <CONNECTIONREFERENCE CNXREFNAME ="DB Connection" CONNECTIONNAME ="SLBADW_PRD" CONNECTIONNUMBER ="1" CONNECTIONSUBTYPE ="Oracle" CONNECTIONTYPE ="Relational" VARIABLE =""/>
        </SESSIONEXTENSION>
        <SESSIONEXTENSION NAME ="Relational Lookup" SINSTANCENAME ="LKP_ITEM_DPR" SUBTYPE ="Relational Lookup" TRANSFORMATIONTYPE ="Lookup Procedure" TYPE ="LOOKUPEXTENSION">
            <CONNECTIONREFERENCE CNXREFNAME ="DB Connection" CONNECTIONNAME ="Demand_Prioritization_Stage" CONNECTIONNUMBER ="1" CONNECTIONSUBTYPE ="Microsoft SQL Server" CONNECTIONTYPE ="Relational" VARIABLE =""/>
        </SESSIONEXTENSION>
        <ATTRIBUTE NAME ="General Options" VALUE =""/>
        <ATTRIBUTE NAME ="Write Backward Compatible Session Log File" VALUE ="YES"/>
        <ATTRIBUTE NAME ="Session Log File Name" VALUE ="s_m_OW_CUST_ORDER.log"/>
        <ATTRIBUTE NAME ="Session Log File directory" VALUE ="$PMSessionLogDir&#x5c;DPR_LITE&#x5c;LOG&#x5c;"/>
        <ATTRIBUTE NAME ="Parameter Filename" VALUE =""/>
        <ATTRIBUTE NAME ="Enable Test Load" VALUE ="NO"/>
        <ATTRIBUTE NAME ="$Source connection value" VALUE ="Relational:SLBADW"/>
        <ATTRIBUTE NAME ="$Target connection value" VALUE ="Relational:Demand_Prioritization_Stage"/>
        <ATTRIBUTE NAME ="Treat source rows as" VALUE ="Insert"/>
        <ATTRIBUTE NAME ="Commit Type" VALUE ="Target"/>
        <ATTRIBUTE NAME ="Commit Interval" VALUE ="2000000"/>
        <ATTRIBUTE NAME ="Commit On End Of File" VALUE ="YES"/>
        <ATTRIBUTE NAME ="Rollback Transactions on Errors" VALUE ="NO"/>
        <ATTRIBUTE NAME ="Recovery Strategy" VALUE ="Restart task"/>
        <ATTRIBUTE NAME ="Java Classpath" VALUE =""/>
        <ATTRIBUTE NAME ="Performance" VALUE =""/>
        <ATTRIBUTE NAME ="DTM buffer size" VALUE ="Auto"/>
        <ATTRIBUTE NAME ="Collect performance data" VALUE ="NO"/>
        <ATTRIBUTE NAME ="Write performance data to repository" VALUE ="NO"/>
        <ATTRIBUTE NAME ="Incremental Aggregation" VALUE ="NO"/>
        <ATTRIBUTE NAME ="Enable high precision" VALUE ="NO"/>
        <ATTRIBUTE NAME ="Session retry on deadlock" VALUE ="NO"/>
        <ATTRIBUTE NAME ="Pushdown Optimization" VALUE ="None"/>
        <ATTRIBUTE NAME ="Allow Temporary View for Pushdown" VALUE ="NO"/>
        <ATTRIBUTE NAME ="Allow Temporary Sequence for Pushdown" VALUE ="NO"/>
        <ATTRIBUTE NAME ="Allow Pushdown for User Incompatible Connections" VALUE ="NO"/>
        <METADATAEXTENSION DATATYPE ="STRING" DESCRIPTION ="Conversion Mapping  Name with version " DOMAINNAME ="User Defined Metadata Domain" ISCLIENTEDITABLE ="YES" ISCLIENTVISIBLE ="YES" ISREUSABLE ="NO" ISSHAREREAD ="NO" ISSHAREWRITE ="NO" MAXLENGTH ="256" NAME ="CONV_MAP_NAME" VALUE ="Outerwear-Customer Orders - v3.0" VENDORNAME ="INFORMATICA"/>
    </SESSION>
    <WORKFLOW DESCRIPTION ="This workflow is used to run the session s_m_OW_CUST_ORDER and this workflow will load the customer order data." ISENABLED ="YES" ISRUNNABLESERVICE ="NO" ISSERVICE ="NO" ISVALID ="YES" NAME ="wf_s_m_OW_CUST_ORDER" REUSABLE_SCHEDULER ="NO" SCHEDULERNAME ="Scheduler" SERVERNAME ="Domain10_PRD_Int_Svc" SERVER_DOMAINNAME ="Domain10_PRD" SUSPEND_ON_ERROR ="NO" TASKS_MUST_RUN_ON_SERVER ="NO" VERSIONNUMBER ="1">
        <SCHEDULER DESCRIPTION ="" NAME ="Scheduler" REUSABLE ="NO" VERSIONNUMBER ="1">
            <SCHEDULEINFO SCHEDULETYPE ="ONDEMAND"/>
        </SCHEDULER>
        <TASK DESCRIPTION ="" NAME ="Start" REUSABLE ="NO" TYPE ="Start" VERSIONNUMBER ="1"/>
        <TASKINSTANCE DESCRIPTION ="" FAIL_PARENT_IF_INSTANCE_DID_NOT_RUN ="YES" FAIL_PARENT_IF_INSTANCE_FAILS ="YES" ISENABLED ="YES" NAME ="s_m_OW_CUST_ORDER" REUSABLE ="YES" TASKNAME ="s_m_OW_CUST_ORDER" TASKTYPE ="Session" TREAT_INPUTLINK_AS_AND ="NO"/>
        <TASKINSTANCE DESCRIPTION ="" ISENABLED ="YES" NAME ="Start" REUSABLE ="NO" TASKNAME ="Start" TASKTYPE ="Start"/>
        <WORKFLOWLINK CONDITION ="" FROMTASK ="Start" TOTASK ="s_m_OW_CUST_ORDER"/>
        <WORKFLOWVARIABLE DATATYPE ="date/time" DEFAULTVALUE ="" DESCRIPTION ="The time this task started" ISNULL ="NO" ISPERSISTENT ="NO" NAME ="$s_m_OW_CUST_ORDER.StartTime" USERDEFINED ="NO"/>
        <WORKFLOWVARIABLE DATATYPE ="date/time" DEFAULTVALUE ="" DESCRIPTION ="The time this task completed" ISNULL ="NO" ISPERSISTENT ="NO" NAME ="$s_m_OW_CUST_ORDER.EndTime" USERDEFINED ="NO"/>
        <WORKFLOWVARIABLE DATATYPE ="integer" DEFAULTVALUE ="" DESCRIPTION ="Status of this task&apos;s execution" ISNULL ="NO" ISPERSISTENT ="NO" NAME ="$s_m_OW_CUST_ORDER.Status" USERDEFINED ="NO"/>
        <WORKFLOWVARIABLE DATATYPE ="integer" DEFAULTVALUE ="" DESCRIPTION ="Status of the previous task that is not disabled" ISNULL ="NO" ISPERSISTENT ="NO" NAME ="$s_m_OW_CUST_ORDER.PrevTaskStatus" USERDEFINED ="NO"/>
        <WORKFLOWVARIABLE DATATYPE ="integer" DEFAULTVALUE ="" DESCRIPTION ="Error code for this task&apos;s execution" ISNULL ="NO" ISPERSISTENT ="NO" NAME ="$s_m_OW_CUST_ORDER.ErrorCode" USERDEFINED ="NO"/>
        <WORKFLOWVARIABLE DATATYPE ="string" DEFAULTVALUE ="" DESCRIPTION ="Error message for this task&apos;s execution" ISNULL ="NO" ISPERSISTENT ="NO" NAME ="$s_m_OW_CUST_ORDER.ErrorMsg" USERDEFINED ="NO"/>
        <WORKFLOWVARIABLE DATATYPE ="integer" DEFAULTVALUE ="" DESCRIPTION ="Rows successfully read" ISNULL ="NO" ISPERSISTENT ="NO" NAME ="$s_m_OW_CUST_ORDER.SrcSuccessRows" USERDEFINED ="NO"/>
        <WORKFLOWVARIABLE DATATYPE ="integer" DEFAULTVALUE ="" DESCRIPTION ="Rows failed to read" ISNULL ="NO" ISPERSISTENT ="NO" NAME ="$s_m_OW_CUST_ORDER.SrcFailedRows" USERDEFINED ="NO"/>
        <WORKFLOWVARIABLE DATATYPE ="integer" DEFAULTVALUE ="" DESCRIPTION ="Rows successfully loaded" ISNULL ="NO" ISPERSISTENT ="NO" NAME ="$s_m_OW_CUST_ORDER.TgtSuccessRows" USERDEFINED ="NO"/>
        <WORKFLOWVARIABLE DATATYPE ="integer" DEFAULTVALUE ="" DESCRIPTION ="Rows failed to load" ISNULL ="NO" ISPERSISTENT ="NO" NAME ="$s_m_OW_CUST_ORDER.TgtFailedRows" USERDEFINED ="NO"/>
        <WORKFLOWVARIABLE DATATYPE ="integer" DEFAULTVALUE ="" DESCRIPTION ="Total number of transformation errors" ISNULL ="NO" ISPERSISTENT ="NO" NAME ="$s_m_OW_CUST_ORDER.TotalTransErrors" USERDEFINED ="NO"/>
        <WORKFLOWVARIABLE DATATYPE ="integer" DEFAULTVALUE ="" DESCRIPTION ="First error code" ISNULL ="NO" ISPERSISTENT ="NO" NAME ="$s_m_OW_CUST_ORDER.FirstErrorCode" USERDEFINED ="NO"/>
        <WORKFLOWVARIABLE DATATYPE ="string" DEFAULTVALUE ="" DESCRIPTION ="First error message" ISNULL ="NO" ISPERSISTENT ="NO" NAME ="$s_m_OW_CUST_ORDER.FirstErrorMsg" USERDEFINED ="NO"/>
        <WORKFLOWVARIABLE DATATYPE ="date/time" DEFAULTVALUE ="" DESCRIPTION ="The time this task started" ISNULL ="NO" ISPERSISTENT ="NO" NAME ="$Start.StartTime" USERDEFINED ="NO"/>
        <WORKFLOWVARIABLE DATATYPE ="date/time" DEFAULTVALUE ="" DESCRIPTION ="The time this task completed" ISNULL ="NO" ISPERSISTENT ="NO" NAME ="$Start.EndTime" USERDEFINED ="NO"/>
        <WORKFLOWVARIABLE DATATYPE ="integer" DEFAULTVALUE ="" DESCRIPTION ="Status of this task&apos;s execution" ISNULL ="NO" ISPERSISTENT ="NO" NAME ="$Start.Status" USERDEFINED ="NO"/>
        <WORKFLOWVARIABLE DATATYPE ="integer" DEFAULTVALUE ="" DESCRIPTION ="Status of the previous task that is not disabled" ISNULL ="NO" ISPERSISTENT ="NO" NAME ="$Start.PrevTaskStatus" USERDEFINED ="NO"/>
        <WORKFLOWVARIABLE DATATYPE ="integer" DEFAULTVALUE ="" DESCRIPTION ="Error code for this task&apos;s execution" ISNULL ="NO" ISPERSISTENT ="NO" NAME ="$Start.ErrorCode" USERDEFINED ="NO"/>
        <WORKFLOWVARIABLE DATATYPE ="string" DEFAULTVALUE ="" DESCRIPTION ="Error message for this task&apos;s execution" ISNULL ="NO" ISPERSISTENT ="NO" NAME ="$Start.ErrorMsg" USERDEFINED ="NO"/>
        <ATTRIBUTE NAME ="Parameter Filename" VALUE =""/>
        <ATTRIBUTE NAME ="Write Backward Compatible Workflow Log File" VALUE ="YES"/>
        <ATTRIBUTE NAME ="Workflow Log File Name" VALUE ="wf_s_m_OW_CUST_ORDER.log"/>
        <ATTRIBUTE NAME ="Workflow Log File Directory" VALUE ="$PMWorkflowLogDir&#x5c;DPR_LITE&#x5c;LOG&#x5c;"/>
        <ATTRIBUTE NAME ="Save Workflow log by" VALUE ="By runs"/>
        <ATTRIBUTE NAME ="Save workflow log for these runs" VALUE ="9"/>
        <ATTRIBUTE NAME ="Service Name" VALUE =""/>
        <ATTRIBUTE NAME ="Service Timeout" VALUE ="0"/>
        <ATTRIBUTE NAME ="Is Service Visible" VALUE ="NO"/>
        <ATTRIBUTE NAME ="Is Service Protected" VALUE ="NO"/>
        <ATTRIBUTE NAME ="Fail task after wait time" VALUE ="0"/>
        <ATTRIBUTE NAME ="Enable HA recovery" VALUE ="NO"/>
        <ATTRIBUTE NAME ="Automatically recover terminated tasks" VALUE ="NO"/>
        <ATTRIBUTE NAME ="Service Level Name" VALUE ="Default"/>
        <ATTRIBUTE NAME ="Allow concurrent run with unique run instance name" VALUE ="NO"/>
        <ATTRIBUTE NAME ="Allow concurrent run with same run instance name" VALUE ="NO"/>
        <ATTRIBUTE NAME ="Maximum number of concurrent runs" VALUE ="0"/>
        <ATTRIBUTE NAME ="Assigned Web Services Hubs" VALUE =""/>
        <ATTRIBUTE NAME ="Maximum number of concurrent runs per Hub" VALUE ="1000"/>
        <ATTRIBUTE NAME ="Expected Service Time" VALUE ="1"/>
        <METADATAEXTENSION DATATYPE ="STRING" DESCRIPTION ="Conversion Mapping Name with version " DOMAINNAME ="User Defined Metadata Domain" ISCLIENTEDITABLE ="YES" ISCLIENTVISIBLE ="YES" ISREUSABLE ="NO" ISSHAREREAD ="NO" ISSHAREWRITE ="NO" MAXLENGTH ="256" NAME ="CONV_MAP_NAME" VALUE ="" VENDORNAME ="INFORMATICA"/>
        <METADATAEXTENSION DATATYPE ="STRING" DESCRIPTION ="" DOMAINNAME ="User Defined Metadata Domain" ISCLIENTEDITABLE ="YES" ISCLIENTVISIBLE ="YES" ISREUSABLE ="NO" ISSHAREREAD ="NO" ISSHAREWRITE ="NO" MAXLENGTH ="256" NAME ="Extension" VALUE ="CM - MarginLoss - stgMarginLossExpenseToStgFactSalesNew v1.0" VENDORNAME ="INFORMATICA"/>
    </WORKFLOW>
</FOLDER>
</REPOSITORY>
</POWERMART>