<?xml version="1.0" encoding="Windows-1252"?>
<!DOCTYPE POWERMART SYSTEM "powrmart.dtd">
<POWERMART CREATION_DATE="05/20/2024 10:37:39" REPOSITORY_VERSION="187.96">
<REPOSITORY NAME="Domain10_Rep_Svc_Prd" VERSION="187" CODEPAGE="MS1252" DATABASETYPE="Microsoft SQL Server">
<FOLDER NAME="ONE_ON_ONE_OTC" GROUP="" OWNER="Administrator" SHARED="NOTSHARED" DESCRIPTION="" PERMISSIONS="rwx---r--" UUID="8627c2fd-2fe8-4f83-88bf-e34259bd5762">
    <SOURCE BUSINESSNAME ="" DATABASETYPE ="Flat File" DBDNAME ="FlatFile" DESCRIPTION ="" NAME ="FF_DWC_ZSAPBW_AZ_STO_DETAILS" OBJECTVERSION ="1" OWNERNAME ="" VERSIONNUMBER ="1">
        <FLATFILE CODEPAGE ="MS1252" CONSECDELIMITERSASONE ="NO" DELIMITED ="YES" DELIMITERS ="|" ESCAPE_CHARACTER ="" KEEPESCAPECHAR ="NO" LINESEQUENTIAL ="NO" MULTIDELIMITERSASAND ="NO" NULLCHARTYPE ="ASCII" NULL_CHARACTER ="*" PADBYTES ="1" QUOTE_CHARACTER ="DOUBLE" REPEATABLE ="NO" ROWDELIMITER ="0" SHIFTSENSITIVEDATA ="NO" SKIPROWS ="1" STRIPTRAILINGBLANKS ="NO"/>
        <TABLEATTRIBUTE NAME ="Base Table Name" VALUE =""/>
        <TABLEATTRIBUTE NAME ="Search Specification" VALUE =""/>
        <TABLEATTRIBUTE NAME ="Sort Specification" VALUE =""/>
        <TABLEATTRIBUTE NAME ="Datetime Format" VALUE ="A  19 mm/dd/yyyy hh24:mi:ss"/>
        <TABLEATTRIBUTE NAME ="Thousand Separator" VALUE ="None"/>
        <TABLEATTRIBUTE NAME ="Decimal Separator" VALUE ="."/>
        <TABLEATTRIBUTE NAME ="Add Currently Processed Flat File Name Port" VALUE ="NO"/>
        <TABLEATTRIBUTE NAME ="Source TimeStamp" VALUE =""/>
        <SOURCEFIELD BUSINESSNAME ="" DATATYPE ="string" DESCRIPTION ="" FIELDNUMBER ="1" FIELDPROPERTY ="0" FIELDTYPE ="ELEMITEM" HIDDEN ="NO" KEYTYPE ="NOT A KEY" LENGTH ="256" LEVEL ="0" NAME ="PO_NUMBER" NULLABLE ="NULL" OCCURS ="0" OFFSET ="0" PHYSICALLENGTH ="256" PHYSICALOFFSET ="0" PICTURETEXT ="" PRECISION ="256" SCALE ="0" USAGE_FLAGS =""/>
        <SOURCEFIELD BUSINESSNAME ="" DATATYPE ="string" DESCRIPTION ="" FIELDNUMBER ="2" FIELDPROPERTY ="0" FIELDTYPE ="ELEMITEM" HIDDEN ="NO" KEYTYPE ="NOT A KEY" LENGTH ="256" LEVEL ="0" NAME ="PO_ITEM" NULLABLE ="NULL" OCCURS ="0" OFFSET ="256" PHYSICALLENGTH ="256" PHYSICALOFFSET ="256" PICTURETEXT ="" PRECISION ="256" SCALE ="0" USAGE_FLAGS =""/>
        <SOURCEFIELD BUSINESSNAME ="" DATATYPE ="string" DESCRIPTION ="" FIELDNUMBER ="3" FIELDPROPERTY ="0" FIELDTYPE ="ELEMITEM" HIDDEN ="NO" KEYTYPE ="NOT A KEY" LENGTH ="256" LEVEL ="0" NAME ="PO_SCHEDULE_LINE" NULLABLE ="NULL" OCCURS ="0" OFFSET ="512" PHYSICALLENGTH ="256" PHYSICALOFFSET ="512" PICTURETEXT ="" PRECISION ="256" SCALE ="0" USAGE_FLAGS =""/>
        <SOURCEFIELD BUSINESSNAME ="" DATATYPE ="string" DESCRIPTION ="" FIELDNUMBER ="4" FIELDPROPERTY ="0" FIELDTYPE ="ELEMITEM" HIDDEN ="NO" KEYTYPE ="NOT A KEY" LENGTH ="256" LEVEL ="0" NAME ="PURCHASING_DOC_TYPE" NULLABLE ="NULL" OCCURS ="0" OFFSET ="768" PHYSICALLENGTH ="256" PHYSICALOFFSET ="768" PICTURETEXT ="" PRECISION ="256" SCALE ="0" USAGE_FLAGS =""/>
        <SOURCEFIELD BUSINESSNAME ="" DATATYPE ="string" DESCRIPTION ="" FIELDNUMBER ="5" FIELDPROPERTY ="0" FIELDTYPE ="ELEMITEM" HIDDEN ="NO" KEYTYPE ="NOT A KEY" LENGTH ="256" LEVEL ="0" NAME ="MATERIAL" NULLABLE ="NULL" OCCURS ="0" OFFSET ="1024" PHYSICALLENGTH ="256" PHYSICALOFFSET ="1024" PICTURETEXT ="" PRECISION ="256" SCALE ="0" USAGE_FLAGS =""/>
        <SOURCEFIELD BUSINESSNAME ="" DATATYPE ="string" DESCRIPTION ="" FIELDNUMBER ="6" FIELDPROPERTY ="0" FIELDTYPE ="ELEMITEM" HIDDEN ="NO" KEYTYPE ="NOT A KEY" LENGTH ="256" LEVEL ="0" NAME ="SUPPLYING_PLANT" NULLABLE ="NULL" OCCURS ="0" OFFSET ="1280" PHYSICALLENGTH ="256" PHYSICALOFFSET ="1280" PICTURETEXT ="" PRECISION ="256" SCALE ="0" USAGE_FLAGS =""/>
        <SOURCEFIELD BUSINESSNAME ="" DATATYPE ="string" DESCRIPTION ="" FIELDNUMBER ="7" FIELDPROPERTY ="0" FIELDTYPE ="ELEMITEM" HIDDEN ="NO" KEYTYPE ="NOT A KEY" LENGTH ="256" LEVEL ="0" NAME ="PLANT" NULLABLE ="NULL" OCCURS ="0" OFFSET ="1536" PHYSICALLENGTH ="256" PHYSICALOFFSET ="1536" PICTURETEXT ="" PRECISION ="256" SCALE ="0" USAGE_FLAGS =""/>
        <SOURCEFIELD BUSINESSNAME ="" DATATYPE ="string" DESCRIPTION ="" FIELDNUMBER ="8" FIELDPROPERTY ="0" FIELDTYPE ="ELEMITEM" HIDDEN ="NO" KEYTYPE ="NOT A KEY" LENGTH ="256" LEVEL ="0" NAME ="CREATED_ON" NULLABLE ="NULL" OCCURS ="0" OFFSET ="1792" PHYSICALLENGTH ="256" PHYSICALOFFSET ="1792" PICTURETEXT ="" PRECISION ="256" SCALE ="0" USAGE_FLAGS =""/>
        <SOURCEFIELD BUSINESSNAME ="" DATATYPE ="string" DESCRIPTION ="" FIELDNUMBER ="9" FIELDPROPERTY ="0" FIELDTYPE ="ELEMITEM" HIDDEN ="NO" KEYTYPE ="NOT A KEY" LENGTH ="256" LEVEL ="0" NAME ="REQUESTED_DEL_DATE" NULLABLE ="NULL" OCCURS ="0" OFFSET ="2048" PHYSICALLENGTH ="256" PHYSICALOFFSET ="2048" PICTURETEXT ="" PRECISION ="256" SCALE ="0" USAGE_FLAGS =""/>
        <SOURCEFIELD BUSINESSNAME ="" DATATYPE ="string" DESCRIPTION ="" FIELDNUMBER ="10" FIELDPROPERTY ="0" FIELDTYPE ="ELEMITEM" HIDDEN ="NO" KEYTYPE ="NOT A KEY" LENGTH ="256" LEVEL ="0" NAME ="DOCUMENT_DATE" NULLABLE ="NULL" OCCURS ="0" OFFSET ="2304" PHYSICALLENGTH ="256" PHYSICALOFFSET ="2304" PICTURETEXT ="" PRECISION ="256" SCALE ="0" USAGE_FLAGS =""/>
        <SOURCEFIELD BUSINESSNAME ="" DATATYPE ="string" DESCRIPTION ="" FIELDNUMBER ="11" FIELDPROPERTY ="0" FIELDTYPE ="ELEMITEM" HIDDEN ="NO" KEYTYPE ="NOT A KEY" LENGTH ="256" LEVEL ="0" NAME ="ORDER_QTY" NULLABLE ="NULL" OCCURS ="0" OFFSET ="2560" PHYSICALLENGTH ="256" PHYSICALOFFSET ="2560" PICTURETEXT ="" PRECISION ="256" SCALE ="0" USAGE_FLAGS =""/>
        <SOURCEFIELD BUSINESSNAME ="" DATATYPE ="string" DESCRIPTION ="" FIELDNUMBER ="12" FIELDPROPERTY ="0" FIELDTYPE ="ELEMITEM" HIDDEN ="NO" KEYTYPE ="NOT A KEY" LENGTH ="256" LEVEL ="0" NAME ="DELIVERED_QUANTITY" NULLABLE ="NULL" OCCURS ="0" OFFSET ="2816" PHYSICALLENGTH ="256" PHYSICALOFFSET ="2816" PICTURETEXT ="" PRECISION ="256" SCALE ="0" USAGE_FLAGS =""/>
        <SOURCEFIELD BUSINESSNAME ="" DATATYPE ="string" DESCRIPTION ="" FIELDNUMBER ="13" FIELDPROPERTY ="0" FIELDTYPE ="ELEMITEM" HIDDEN ="NO" KEYTYPE ="NOT A KEY" LENGTH ="256" LEVEL ="0" NAME ="SHIPPED_QUATITY" NULLABLE ="NULL" OCCURS ="0" OFFSET ="3072" PHYSICALLENGTH ="256" PHYSICALOFFSET ="3072" PICTURETEXT ="" PRECISION ="256" SCALE ="0" USAGE_FLAGS =""/>
        <SOURCEFIELD BUSINESSNAME ="" DATATYPE ="string" DESCRIPTION ="" FIELDNUMBER ="14" FIELDPROPERTY ="0" FIELDTYPE ="ELEMITEM" HIDDEN ="NO" KEYTYPE ="NOT A KEY" LENGTH ="256" LEVEL ="0" NAME ="GOODS_RECEIVED_QTY" NULLABLE ="NULL" OCCURS ="0" OFFSET ="3328" PHYSICALLENGTH ="256" PHYSICALOFFSET ="3328" PICTURETEXT ="" PRECISION ="256" SCALE ="0" USAGE_FLAGS =""/>
        <SOURCEFIELD BUSINESSNAME ="" DATATYPE ="string" DESCRIPTION ="" FIELDNUMBER ="15" FIELDPROPERTY ="0" FIELDTYPE ="ELEMITEM" HIDDEN ="NO" KEYTYPE ="NOT A KEY" LENGTH ="256" LEVEL ="0" NAME ="ORDER_VALUE" NULLABLE ="NULL" OCCURS ="0" OFFSET ="3584" PHYSICALLENGTH ="256" PHYSICALOFFSET ="3584" PICTURETEXT ="" PRECISION ="256" SCALE ="0" USAGE_FLAGS =""/>
        <SOURCEFIELD BUSINESSNAME ="" DATATYPE ="string" DESCRIPTION ="" FIELDNUMBER ="16" FIELDPROPERTY ="0" FIELDTYPE ="ELEMITEM" HIDDEN ="NO" KEYTYPE ="NOT A KEY" LENGTH ="256" LEVEL ="0" NAME ="RECORD_COUNTER" NULLABLE ="NULL" OCCURS ="0" OFFSET ="3840" PHYSICALLENGTH ="256" PHYSICALOFFSET ="3840" PICTURETEXT ="" PRECISION ="256" SCALE ="0" USAGE_FLAGS =""/>
        <SOURCEFIELD BUSINESSNAME ="" DATATYPE ="string" DESCRIPTION ="" FIELDNUMBER ="17" FIELDPROPERTY ="0" FIELDTYPE ="ELEMITEM" HIDDEN ="NO" KEYTYPE ="NOT A KEY" LENGTH ="256" LEVEL ="0" NAME ="ORDER_FOR_REASON" NULLABLE ="NULL" OCCURS ="0" OFFSET ="4096" PHYSICALLENGTH ="256" PHYSICALOFFSET ="4096" PICTURETEXT ="" PRECISION ="256" SCALE ="0" USAGE_FLAGS =""/>
        <SOURCEFIELD BUSINESSNAME ="" DATATYPE ="string" DESCRIPTION ="" FIELDNUMBER ="18" FIELDPROPERTY ="0" FIELDTYPE ="ELEMITEM" HIDDEN ="NO" KEYTYPE ="NOT A KEY" LENGTH ="256" LEVEL ="0" NAME ="CANCEL_REASON" NULLABLE ="NULL" OCCURS ="0" OFFSET ="4352" PHYSICALLENGTH ="256" PHYSICALOFFSET ="4352" PICTURETEXT ="" PRECISION ="256" SCALE ="0" USAGE_FLAGS =""/>
        <SOURCEFIELD BUSINESSNAME ="" DATATYPE ="string" DESCRIPTION ="" FIELDNUMBER ="19" FIELDPROPERTY ="0" FIELDTYPE ="ELEMITEM" HIDDEN ="NO" KEYTYPE ="NOT A KEY" LENGTH ="256" LEVEL ="0" NAME ="DELIVERY_COMPLETED" NULLABLE ="NULL" OCCURS ="0" OFFSET ="4608" PHYSICALLENGTH ="256" PHYSICALOFFSET ="4608" PICTURETEXT ="" PRECISION ="256" SCALE ="0" USAGE_FLAGS =""/>
        <SOURCEFIELD BUSINESSNAME ="" DATATYPE ="string" DESCRIPTION ="" FIELDNUMBER ="20" FIELDPROPERTY ="0" FIELDTYPE ="ELEMITEM" HIDDEN ="NO" KEYTYPE ="NOT A KEY" LENGTH ="256" LEVEL ="0" NAME ="DELETION_INDICATOR" NULLABLE ="NULL" OCCURS ="0" OFFSET ="4864" PHYSICALLENGTH ="256" PHYSICALOFFSET ="4864" PICTURETEXT ="" PRECISION ="256" SCALE ="0" USAGE_FLAGS =""/>
        <SOURCEFIELD BUSINESSNAME ="" DATATYPE ="string" DESCRIPTION ="" FIELDNUMBER ="21" FIELDPROPERTY ="0" FIELDTYPE ="ELEMITEM" HIDDEN ="NO" KEYTYPE ="NOT A KEY" LENGTH ="256" LEVEL ="0" NAME ="GOODS_ISSUE_DATE" NULLABLE ="NULL" OCCURS ="0" OFFSET ="5120" PHYSICALLENGTH ="256" PHYSICALOFFSET ="5120" PICTURETEXT ="" PRECISION ="256" SCALE ="0" USAGE_FLAGS =""/>
        <SOURCEFIELD BUSINESSNAME ="" DATATYPE ="string" DESCRIPTION ="" FIELDNUMBER ="22" FIELDPROPERTY ="0" FIELDTYPE ="ELEMITEM" HIDDEN ="NO" KEYTYPE ="NOT A KEY" LENGTH ="256" LEVEL ="0" NAME ="SALES_ORGANIZATION" NULLABLE ="NULL" OCCURS ="0" OFFSET ="5376" PHYSICALLENGTH ="256" PHYSICALOFFSET ="5376" PICTURETEXT ="" PRECISION ="256" SCALE ="0" USAGE_FLAGS =""/>
    </SOURCE>
    <TARGET BUSINESSNAME ="" CONSTRAINT ="" DATABASETYPE ="Oracle" DESCRIPTION ="Target-STG_S4_STO" NAME ="STG_S4_STO" OBJECTVERSION ="1" TABLEOPTIONS ="" VERSIONNUMBER ="1">
        <TARGETFIELD BUSINESSNAME ="" DATATYPE ="varchar2" DESCRIPTION ="" FIELDNUMBER ="1" KEYTYPE ="NOT A KEY" NAME ="PO_NUMBER" NULLABLE ="NULL" PICTURETEXT ="" PRECISION ="10" SCALE ="0"/>
        <TARGETFIELD BUSINESSNAME ="" DATATYPE ="varchar2" DESCRIPTION ="" FIELDNUMBER ="2" KEYTYPE ="NOT A KEY" NAME ="PO_ITEM" NULLABLE ="NULL" PICTURETEXT ="" PRECISION ="5" SCALE ="0"/>
        <TARGETFIELD BUSINESSNAME ="" DATATYPE ="varchar2" DESCRIPTION ="" FIELDNUMBER ="3" KEYTYPE ="NOT A KEY" NAME ="PO_SCHEDULE_LINE" NULLABLE ="NULL" PICTURETEXT ="" PRECISION ="4" SCALE ="0"/>
        <TARGETFIELD BUSINESSNAME ="" DATATYPE ="varchar2" DESCRIPTION ="" FIELDNUMBER ="4" KEYTYPE ="NOT A KEY" NAME ="PURCHASING_DOC_TYPE" NULLABLE ="NULL" PICTURETEXT ="" PRECISION ="4" SCALE ="0"/>
        <TARGETFIELD BUSINESSNAME ="" DATATYPE ="varchar2" DESCRIPTION ="" FIELDNUMBER ="5" KEYTYPE ="NOT A KEY" NAME ="MATERIAL" NULLABLE ="NULL" PICTURETEXT ="" PRECISION ="20" SCALE ="0"/>
        <TARGETFIELD BUSINESSNAME ="" DATATYPE ="varchar2" DESCRIPTION ="" FIELDNUMBER ="6" KEYTYPE ="NOT A KEY" NAME ="SUPPLYING_PLANT" NULLABLE ="NULL" PICTURETEXT ="" PRECISION ="4" SCALE ="0"/>
        <TARGETFIELD BUSINESSNAME ="" DATATYPE ="varchar2" DESCRIPTION ="" FIELDNUMBER ="7" KEYTYPE ="NOT A KEY" NAME ="PLANT" NULLABLE ="NULL" PICTURETEXT ="" PRECISION ="4" SCALE ="0"/>
        <TARGETFIELD BUSINESSNAME ="" DATATYPE ="varchar2" DESCRIPTION ="" FIELDNUMBER ="8" KEYTYPE ="NOT A KEY" NAME ="CREATED_ON" NULLABLE ="NULL" PICTURETEXT ="" PRECISION ="8" SCALE ="0"/>
        <TARGETFIELD BUSINESSNAME ="" DATATYPE ="varchar2" DESCRIPTION ="" FIELDNUMBER ="9" KEYTYPE ="NOT A KEY" NAME ="REQUESTED_DEL_DATE" NULLABLE ="NULL" PICTURETEXT ="" PRECISION ="8" SCALE ="0"/>
        <TARGETFIELD BUSINESSNAME ="" DATATYPE ="varchar2" DESCRIPTION ="" FIELDNUMBER ="10" KEYTYPE ="NOT A KEY" NAME ="DOCUMENT_DATE" NULLABLE ="NULL" PICTURETEXT ="" PRECISION ="8" SCALE ="0"/>
        <TARGETFIELD BUSINESSNAME ="" DATATYPE ="number(p,s)" DESCRIPTION ="" FIELDNUMBER ="11" KEYTYPE ="NOT A KEY" NAME ="ORDER_QTY" NULLABLE ="NULL" PICTURETEXT ="" PRECISION ="10" SCALE ="0"/>
        <TARGETFIELD BUSINESSNAME ="" DATATYPE ="number(p,s)" DESCRIPTION ="" FIELDNUMBER ="12" KEYTYPE ="NOT A KEY" NAME ="DELIVERED_QUANTITY" NULLABLE ="NULL" PICTURETEXT ="" PRECISION ="10" SCALE ="0"/>
        <TARGETFIELD BUSINESSNAME ="" DATATYPE ="number(p,s)" DESCRIPTION ="" FIELDNUMBER ="13" KEYTYPE ="NOT A KEY" NAME ="SHIPPED_QUATITY" NULLABLE ="NULL" PICTURETEXT ="" PRECISION ="10" SCALE ="0"/>
        <TARGETFIELD BUSINESSNAME ="" DATATYPE ="number(p,s)" DESCRIPTION ="" FIELDNUMBER ="14" KEYTYPE ="NOT A KEY" NAME ="GOODS_RECEIVED_QTY" NULLABLE ="NULL" PICTURETEXT ="" PRECISION ="10" SCALE ="0"/>
        <TARGETFIELD BUSINESSNAME ="" DATATYPE ="number(p,s)" DESCRIPTION ="" FIELDNUMBER ="15" KEYTYPE ="NOT A KEY" NAME ="ORDER_VALUE" NULLABLE ="NULL" PICTURETEXT ="" PRECISION ="10" SCALE ="0"/>
        <TARGETFIELD BUSINESSNAME ="" DATATYPE ="number(p,s)" DESCRIPTION ="" FIELDNUMBER ="16" KEYTYPE ="NOT A KEY" NAME ="RECORD_COUNTER" NULLABLE ="NULL" PICTURETEXT ="" PRECISION ="10" SCALE ="0"/>
        <TARGETFIELD BUSINESSNAME ="" DATATYPE ="varchar2" DESCRIPTION ="" FIELDNUMBER ="17" KEYTYPE ="NOT A KEY" NAME ="ORDER_FOR_REASON" NULLABLE ="NULL" PICTURETEXT ="" PRECISION ="40" SCALE ="0"/>
        <TARGETFIELD BUSINESSNAME ="" DATATYPE ="varchar2" DESCRIPTION ="" FIELDNUMBER ="18" KEYTYPE ="NOT A KEY" NAME ="CANCEL_REASON" NULLABLE ="NULL" PICTURETEXT ="" PRECISION ="40" SCALE ="0"/>
        <TARGETFIELD BUSINESSNAME ="" DATATYPE ="varchar2" DESCRIPTION ="" FIELDNUMBER ="19" KEYTYPE ="NOT A KEY" NAME ="DELIVERY_COMPLETED" NULLABLE ="NULL" PICTURETEXT ="" PRECISION ="1" SCALE ="0"/>
        <TARGETFIELD BUSINESSNAME ="" DATATYPE ="varchar2" DESCRIPTION ="" FIELDNUMBER ="20" KEYTYPE ="NOT A KEY" NAME ="DELETION_INDICATOR" NULLABLE ="NULL" PICTURETEXT ="" PRECISION ="1" SCALE ="0"/>
        <TARGETFIELD BUSINESSNAME ="" DATATYPE ="varchar2" DESCRIPTION ="" FIELDNUMBER ="21" KEYTYPE ="NOT A KEY" NAME ="GOODS_ISSUE_DATE" NULLABLE ="NULL" PICTURETEXT ="" PRECISION ="8" SCALE ="0"/>
        <TARGETFIELD BUSINESSNAME ="" DATATYPE ="varchar2" DESCRIPTION ="" FIELDNUMBER ="22" KEYTYPE ="NOT A KEY" NAME ="SALES_ORG" NULLABLE ="NULL" PICTURETEXT ="" PRECISION ="4" SCALE ="0"/>
    </TARGET>
    <TRANSFORMATION DESCRIPTION ="" NAME ="PR_TRUNC_STG_TBLS" OBJECTVERSION ="1" REUSABLE ="YES" TYPE ="Stored Procedure" VERSIONNUMBER ="1">
        <TRANSFORMFIELD DATATYPE ="string" DEFAULTVALUE ="" DESCRIPTION ="" NAME ="I_TABLE_NAME" PICTURETEXT ="" PORTTYPE ="INPUT" PRECISION ="4000" SCALE ="0"/>
        <TABLEATTRIBUTE NAME ="Stored Procedure Name" VALUE ="PR_TRUNC_STG_TBLS"/>
        <TABLEATTRIBUTE NAME ="Connection Information" VALUE ="$Target"/>
        <TABLEATTRIBUTE NAME ="Call Text" VALUE =""/>
        <TABLEATTRIBUTE NAME ="Stored Procedure Type" VALUE ="Normal"/>
        <TABLEATTRIBUTE NAME ="Execution Order" VALUE ="1"/>
        <TABLEATTRIBUTE NAME ="Tracing Level" VALUE ="Normal"/>
        <TABLEATTRIBUTE NAME ="Subsecond Precision" VALUE ="6"/>
        <TABLEATTRIBUTE NAME ="Output is Repeatable" VALUE ="Based On Input Order"/>
        <TABLEATTRIBUTE NAME ="Output is Deterministic" VALUE ="NO"/>
    </TRANSFORMATION>
    <MAPPING DESCRIPTION ="load s4 data from file to stg_s4_sto table" ISVALID ="YES" NAME ="m_STG_S4_STO" OBJECTVERSION ="1" VERSIONNUMBER ="1">
        <TRANSFORMATION DESCRIPTION ="SQ-DWC_ZSAPBW_AZ_STO_DETAILS" NAME ="SQ_DWC_ZSAPBW_AZ_STO_DETAILS" OBJECTVERSION ="1" REUSABLE ="NO" TYPE ="Source Qualifier" VERSIONNUMBER ="1">
            <TRANSFORMFIELD DATATYPE ="string" DEFAULTVALUE ="" DESCRIPTION ="" NAME ="PO_NUMBER" PICTURETEXT ="" PORTTYPE ="INPUT/OUTPUT" PRECISION ="256" SCALE ="0"/>
            <TRANSFORMFIELD DATATYPE ="string" DEFAULTVALUE ="" DESCRIPTION ="" NAME ="PO_ITEM" PICTURETEXT ="" PORTTYPE ="INPUT/OUTPUT" PRECISION ="256" SCALE ="0"/>
            <TRANSFORMFIELD DATATYPE ="string" DEFAULTVALUE ="" DESCRIPTION ="" NAME ="PO_SCHEDULE_LINE" PICTURETEXT ="" PORTTYPE ="INPUT/OUTPUT" PRECISION ="256" SCALE ="0"/>
            <TRANSFORMFIELD DATATYPE ="string" DEFAULTVALUE ="" DESCRIPTION ="" NAME ="PURCHASING_DOC_TYPE" PICTURETEXT ="" PORTTYPE ="INPUT/OUTPUT" PRECISION ="256" SCALE ="0"/>
            <TRANSFORMFIELD DATATYPE ="string" DEFAULTVALUE ="" DESCRIPTION ="" NAME ="MATERIAL" PICTURETEXT ="" PORTTYPE ="INPUT/OUTPUT" PRECISION ="256" SCALE ="0"/>
            <TRANSFORMFIELD DATATYPE ="string" DEFAULTVALUE ="" DESCRIPTION ="" NAME ="SUPPLYING_PLANT" PICTURETEXT ="" PORTTYPE ="INPUT/OUTPUT" PRECISION ="256" SCALE ="0"/>
            <TRANSFORMFIELD DATATYPE ="string" DEFAULTVALUE ="" DESCRIPTION ="" NAME ="PLANT" PICTURETEXT ="" PORTTYPE ="INPUT/OUTPUT" PRECISION ="256" SCALE ="0"/>
            <TRANSFORMFIELD DATATYPE ="string" DEFAULTVALUE ="" DESCRIPTION ="" NAME ="CREATED_ON" PICTURETEXT ="" PORTTYPE ="INPUT/OUTPUT" PRECISION ="256" SCALE ="0"/>
            <TRANSFORMFIELD DATATYPE ="string" DEFAULTVALUE ="" DESCRIPTION ="" NAME ="REQUESTED_DEL_DATE" PICTURETEXT ="" PORTTYPE ="INPUT/OUTPUT" PRECISION ="256" SCALE ="0"/>
            <TRANSFORMFIELD DATATYPE ="string" DEFAULTVALUE ="" DESCRIPTION ="" NAME ="DOCUMENT_DATE" PICTURETEXT ="" PORTTYPE ="INPUT/OUTPUT" PRECISION ="256" SCALE ="0"/>
            <TRANSFORMFIELD DATATYPE ="string" DEFAULTVALUE ="" DESCRIPTION ="" NAME ="ORDER_QTY" PICTURETEXT ="" PORTTYPE ="INPUT/OUTPUT" PRECISION ="256" SCALE ="0"/>
            <TRANSFORMFIELD DATATYPE ="string" DEFAULTVALUE ="" DESCRIPTION ="" NAME ="DELIVERED_QUANTITY" PICTURETEXT ="" PORTTYPE ="INPUT/OUTPUT" PRECISION ="256" SCALE ="0"/>
            <TRANSFORMFIELD DATATYPE ="string" DEFAULTVALUE ="" DESCRIPTION ="" NAME ="SHIPPED_QUATITY" PICTURETEXT ="" PORTTYPE ="INPUT/OUTPUT" PRECISION ="256" SCALE ="0"/>
            <TRANSFORMFIELD DATATYPE ="string" DEFAULTVALUE ="" DESCRIPTION ="" NAME ="GOODS_RECEIVED_QTY" PICTURETEXT ="" PORTTYPE ="INPUT/OUTPUT" PRECISION ="256" SCALE ="0"/>
            <TRANSFORMFIELD DATATYPE ="string" DEFAULTVALUE ="" DESCRIPTION ="" NAME ="ORDER_VALUE" PICTURETEXT ="" PORTTYPE ="INPUT/OUTPUT" PRECISION ="256" SCALE ="0"/>
            <TRANSFORMFIELD DATATYPE ="string" DEFAULTVALUE ="" DESCRIPTION ="" NAME ="RECORD_COUNTER" PICTURETEXT ="" PORTTYPE ="INPUT/OUTPUT" PRECISION ="256" SCALE ="0"/>
            <TRANSFORMFIELD DATATYPE ="string" DEFAULTVALUE ="" DESCRIPTION ="" NAME ="ORDER_FOR_REASON" PICTURETEXT ="" PORTTYPE ="INPUT/OUTPUT" PRECISION ="256" SCALE ="0"/>
            <TRANSFORMFIELD DATATYPE ="string" DEFAULTVALUE ="" DESCRIPTION ="" NAME ="CANCEL_REASON" PICTURETEXT ="" PORTTYPE ="INPUT/OUTPUT" PRECISION ="256" SCALE ="0"/>
            <TRANSFORMFIELD DATATYPE ="string" DEFAULTVALUE ="" DESCRIPTION ="" NAME ="DELIVERY_COMPLETED" PICTURETEXT ="" PORTTYPE ="INPUT/OUTPUT" PRECISION ="256" SCALE ="0"/>
            <TRANSFORMFIELD DATATYPE ="string" DEFAULTVALUE ="" DESCRIPTION ="" NAME ="DELETION_INDICATOR" PICTURETEXT ="" PORTTYPE ="INPUT/OUTPUT" PRECISION ="256" SCALE ="0"/>
            <TRANSFORMFIELD DATATYPE ="string" DEFAULTVALUE ="" DESCRIPTION ="" NAME ="GOODS_ISSUE_DATE" PICTURETEXT ="" PORTTYPE ="INPUT/OUTPUT" PRECISION ="256" SCALE ="0"/>
            <TRANSFORMFIELD DATATYPE ="string" DEFAULTVALUE ="" DESCRIPTION ="" NAME ="SALES_ORGANIZATION" PICTURETEXT ="" PORTTYPE ="INPUT/OUTPUT" PRECISION ="256" SCALE ="0"/>
            <TABLEATTRIBUTE NAME ="Sql Query" VALUE =""/>
            <TABLEATTRIBUTE NAME ="User Defined Join" VALUE =""/>
            <TABLEATTRIBUTE NAME ="Source Filter" VALUE =""/>
            <TABLEATTRIBUTE NAME ="Number Of Sorted Ports" VALUE ="0"/>
            <TABLEATTRIBUTE NAME ="Tracing Level" VALUE ="Normal"/>
            <TABLEATTRIBUTE NAME ="Is Partitionable" VALUE ="NO"/>
            <TABLEATTRIBUTE NAME ="Pre SQL" VALUE =""/>
            <TABLEATTRIBUTE NAME ="Post SQL" VALUE =""/>
            <TABLEATTRIBUTE NAME ="Output is deterministic" VALUE ="NO"/>
            <TABLEATTRIBUTE NAME ="Output is repeatable" VALUE ="Never"/>
        </TRANSFORMATION>
        <TRANSFORMATION DESCRIPTION ="Remove space and convert datatype" NAME ="EXP_DEFAULT" OBJECTVERSION ="1" REUSABLE ="NO" TYPE ="Expression" VERSIONNUMBER ="1">
            <TRANSFORMFIELD DATATYPE ="string" DEFAULTVALUE ="" DESCRIPTION ="" NAME ="I_PO_NUMBER" PICTURETEXT ="" PORTTYPE ="INPUT" PRECISION ="256" SCALE ="0"/>
            <TRANSFORMFIELD DATATYPE ="string" DEFAULTVALUE ="" DESCRIPTION ="" NAME ="I_PO_ITEM" PICTURETEXT ="" PORTTYPE ="INPUT" PRECISION ="256" SCALE ="0"/>
            <TRANSFORMFIELD DATATYPE ="string" DEFAULTVALUE ="" DESCRIPTION ="" NAME ="I_PO_SCHEDULE_LINE" PICTURETEXT ="" PORTTYPE ="INPUT" PRECISION ="256" SCALE ="0"/>
            <TRANSFORMFIELD DATATYPE ="string" DEFAULTVALUE ="" DESCRIPTION ="" NAME ="I_PURCHASING_DOC_TYPE" PICTURETEXT ="" PORTTYPE ="INPUT" PRECISION ="256" SCALE ="0"/>
            <TRANSFORMFIELD DATATYPE ="string" DEFAULTVALUE ="" DESCRIPTION ="" NAME ="I_MATERIAL" PICTURETEXT ="" PORTTYPE ="INPUT" PRECISION ="256" SCALE ="0"/>
            <TRANSFORMFIELD DATATYPE ="string" DEFAULTVALUE ="" DESCRIPTION ="" NAME ="I_SUPPLYING_PLANT" PICTURETEXT ="" PORTTYPE ="INPUT" PRECISION ="256" SCALE ="0"/>
            <TRANSFORMFIELD DATATYPE ="string" DEFAULTVALUE ="" DESCRIPTION ="" NAME ="I_PLANT" PICTURETEXT ="" PORTTYPE ="INPUT" PRECISION ="256" SCALE ="0"/>
            <TRANSFORMFIELD DATATYPE ="string" DEFAULTVALUE ="" DESCRIPTION ="" NAME ="I_CREATED_ON" PICTURETEXT ="" PORTTYPE ="INPUT" PRECISION ="256" SCALE ="0"/>
            <TRANSFORMFIELD DATATYPE ="string" DEFAULTVALUE ="" DESCRIPTION ="" NAME ="I_REQUESTED_DEL_DATE" PICTURETEXT ="" PORTTYPE ="INPUT" PRECISION ="256" SCALE ="0"/>
            <TRANSFORMFIELD DATATYPE ="string" DEFAULTVALUE ="" DESCRIPTION ="" NAME ="I_DOCUMENT_DATE" PICTURETEXT ="" PORTTYPE ="INPUT" PRECISION ="256" SCALE ="0"/>
            <TRANSFORMFIELD DATATYPE ="string" DEFAULTVALUE ="" DESCRIPTION ="" NAME ="I_ORDER_QTY" PICTURETEXT ="" PORTTYPE ="INPUT" PRECISION ="256" SCALE ="0"/>
            <TRANSFORMFIELD DATATYPE ="string" DEFAULTVALUE ="" DESCRIPTION ="" NAME ="I_DELIVERED_QUANTITY" PICTURETEXT ="" PORTTYPE ="INPUT" PRECISION ="256" SCALE ="0"/>
            <TRANSFORMFIELD DATATYPE ="string" DEFAULTVALUE ="" DESCRIPTION ="" NAME ="I_SHIPPED_QUATITY" PICTURETEXT ="" PORTTYPE ="INPUT" PRECISION ="256" SCALE ="0"/>
            <TRANSFORMFIELD DATATYPE ="string" DEFAULTVALUE ="" DESCRIPTION ="" NAME ="I_GOODS_RECEIVED_QTY" PICTURETEXT ="" PORTTYPE ="INPUT" PRECISION ="256" SCALE ="0"/>
            <TRANSFORMFIELD DATATYPE ="string" DEFAULTVALUE ="" DESCRIPTION ="" NAME ="I_ORDER_VALUE" PICTURETEXT ="" PORTTYPE ="INPUT" PRECISION ="256" SCALE ="0"/>
            <TRANSFORMFIELD DATATYPE ="string" DEFAULTVALUE ="" DESCRIPTION ="" NAME ="I_RECORD_COUNTER" PICTURETEXT ="" PORTTYPE ="INPUT" PRECISION ="256" SCALE ="0"/>
            <TRANSFORMFIELD DATATYPE ="string" DEFAULTVALUE ="" DESCRIPTION ="" NAME ="I_ORDER_FOR_REASON" PICTURETEXT ="" PORTTYPE ="INPUT" PRECISION ="256" SCALE ="0"/>
            <TRANSFORMFIELD DATATYPE ="string" DEFAULTVALUE ="" DESCRIPTION ="" NAME ="I_CANCEL_REASON" PICTURETEXT ="" PORTTYPE ="INPUT" PRECISION ="256" SCALE ="0"/>
            <TRANSFORMFIELD DATATYPE ="string" DEFAULTVALUE ="" DESCRIPTION ="" NAME ="I_DELIVERY_COMPLETED" PICTURETEXT ="" PORTTYPE ="INPUT" PRECISION ="256" SCALE ="0"/>
            <TRANSFORMFIELD DATATYPE ="string" DEFAULTVALUE ="" DESCRIPTION ="" NAME ="I_DELETION_INDICATOR" PICTURETEXT ="" PORTTYPE ="INPUT" PRECISION ="256" SCALE ="0"/>
            <TRANSFORMFIELD DATATYPE ="string" DEFAULTVALUE ="" DESCRIPTION ="" NAME ="I_GOODS_ISSUE_DATE" PICTURETEXT ="" PORTTYPE ="INPUT" PRECISION ="256" SCALE ="0"/>
            <TRANSFORMFIELD DATATYPE ="string" DEFAULTVALUE ="" DESCRIPTION ="" NAME ="I_SALES_ORGANIZATION" PICTURETEXT ="" PORTTYPE ="INPUT" PRECISION ="256" SCALE ="0"/>
            <TRANSFORMFIELD DATATYPE ="string" DEFAULTVALUE ="ERROR(&apos;transformation error&apos;)" DESCRIPTION ="" EXPRESSION ="LTRIM(RTRIM(I_PO_NUMBER))" EXPRESSIONTYPE ="GENERAL" NAME ="O_PO_NUMBER" PICTURETEXT ="" PORTTYPE ="OUTPUT" PRECISION ="256" SCALE ="0"/>
            <TRANSFORMFIELD DATATYPE ="string" DEFAULTVALUE ="ERROR(&apos;transformation error&apos;)" DESCRIPTION ="" EXPRESSION ="LTRIM(RTRIM(I_PO_ITEM))" EXPRESSIONTYPE ="GENERAL" NAME ="O_PO_ITEM" PICTURETEXT ="" PORTTYPE ="OUTPUT" PRECISION ="256" SCALE ="0"/>
            <TRANSFORMFIELD DATATYPE ="string" DEFAULTVALUE ="ERROR(&apos;transformation error&apos;)" DESCRIPTION ="" EXPRESSION ="LTRIM(RTRIM(I_PO_SCHEDULE_LINE))" EXPRESSIONTYPE ="GENERAL" NAME ="O_PO_SCHEDULE_LINE" PICTURETEXT ="" PORTTYPE ="OUTPUT" PRECISION ="256" SCALE ="0"/>
            <TRANSFORMFIELD DATATYPE ="string" DEFAULTVALUE ="ERROR(&apos;transformation error&apos;)" DESCRIPTION ="" EXPRESSION ="LTRIM(RTRIM(I_PURCHASING_DOC_TYPE))" EXPRESSIONTYPE ="GENERAL" NAME ="O_PURCHASING_DOC_TYPE" PICTURETEXT ="" PORTTYPE ="OUTPUT" PRECISION ="256" SCALE ="0"/>
            <TRANSFORMFIELD DATATYPE ="string" DEFAULTVALUE ="ERROR(&apos;transformation error&apos;)" DESCRIPTION ="" EXPRESSION ="LTRIM(RTRIM(I_MATERIAL))" EXPRESSIONTYPE ="GENERAL" NAME ="O_MATERIAL" PICTURETEXT ="" PORTTYPE ="OUTPUT" PRECISION ="256" SCALE ="0"/>
            <TRANSFORMFIELD DATATYPE ="string" DEFAULTVALUE ="ERROR(&apos;transformation error&apos;)" DESCRIPTION ="" EXPRESSION ="LTRIM(RTRIM(I_SUPPLYING_PLANT))" EXPRESSIONTYPE ="GENERAL" NAME ="O_SUPPLYING_PLANT" PICTURETEXT ="" PORTTYPE ="OUTPUT" PRECISION ="256" SCALE ="0"/>
            <TRANSFORMFIELD DATATYPE ="string" DEFAULTVALUE ="ERROR(&apos;transformation error&apos;)" DESCRIPTION ="" EXPRESSION ="LTRIM(RTRIM(I_PLANT))" EXPRESSIONTYPE ="GENERAL" NAME ="O_PLANT" PICTURETEXT ="" PORTTYPE ="OUTPUT" PRECISION ="256" SCALE ="0"/>
            <TRANSFORMFIELD DATATYPE ="string" DEFAULTVALUE ="ERROR(&apos;transformation error&apos;)" DESCRIPTION ="" EXPRESSION ="LTRIM(RTRIM(I_CREATED_ON))" EXPRESSIONTYPE ="GENERAL" NAME ="O_CREATED_ON" PICTURETEXT ="" PORTTYPE ="OUTPUT" PRECISION ="256" SCALE ="0"/>
            <TRANSFORMFIELD DATATYPE ="string" DEFAULTVALUE ="ERROR(&apos;transformation error&apos;)" DESCRIPTION ="" EXPRESSION ="LTRIM(RTRIM(I_REQUESTED_DEL_DATE))" EXPRESSIONTYPE ="GENERAL" NAME ="O_REQUESTED_DEL_DATE" PICTURETEXT ="" PORTTYPE ="OUTPUT" PRECISION ="256" SCALE ="0"/>
            <TRANSFORMFIELD DATATYPE ="string" DEFAULTVALUE ="ERROR(&apos;transformation error&apos;)" DESCRIPTION ="" EXPRESSION ="LTRIM(RTRIM(I_DOCUMENT_DATE))" EXPRESSIONTYPE ="GENERAL" NAME ="O_DOCUMENT_DATE" PICTURETEXT ="" PORTTYPE ="OUTPUT" PRECISION ="256" SCALE ="0"/>
            <TRANSFORMFIELD DATATYPE ="integer" DEFAULTVALUE ="ERROR(&apos;transformation error&apos;)" DESCRIPTION ="" EXPRESSION ="TO_INTEGER(LTRIM(RTRIM(I_ORDER_QTY)))" EXPRESSIONTYPE ="GENERAL" NAME ="O_ORDER_QTY" PICTURETEXT ="" PORTTYPE ="OUTPUT" PRECISION ="10" SCALE ="0"/>
            <TRANSFORMFIELD DATATYPE ="integer" DEFAULTVALUE ="ERROR(&apos;transformation error&apos;)" DESCRIPTION ="" EXPRESSION ="TO_INTEGER(LTRIM(RTRIM(I_DELIVERED_QUANTITY)))" EXPRESSIONTYPE ="GENERAL" NAME ="O_DELIVERED_QUANTITY" PICTURETEXT ="" PORTTYPE ="OUTPUT" PRECISION ="10" SCALE ="0"/>
            <TRANSFORMFIELD DATATYPE ="integer" DEFAULTVALUE ="ERROR(&apos;transformation error&apos;)" DESCRIPTION ="" EXPRESSION ="TO_INTEGER(LTRIM(RTRIM(I_SHIPPED_QUATITY)))" EXPRESSIONTYPE ="GENERAL" NAME ="O_SHIPPED_QUATITY" PICTURETEXT ="" PORTTYPE ="OUTPUT" PRECISION ="10" SCALE ="0"/>
            <TRANSFORMFIELD DATATYPE ="integer" DEFAULTVALUE ="ERROR(&apos;transformation error&apos;)" DESCRIPTION ="" EXPRESSION ="TO_INTEGER(LTRIM(RTRIM(I_GOODS_RECEIVED_QTY)))" EXPRESSIONTYPE ="GENERAL" NAME ="O_GOODS_RECEIVED_QTY" PICTURETEXT ="" PORTTYPE ="OUTPUT" PRECISION ="10" SCALE ="0"/>
            <TRANSFORMFIELD DATATYPE ="integer" DEFAULTVALUE ="ERROR(&apos;transformation error&apos;)" DESCRIPTION ="" EXPRESSION ="TO_INTEGER(LTRIM(RTRIM(I_ORDER_VALUE)))" EXPRESSIONTYPE ="GENERAL" NAME ="O_ORDER_VALUE" PICTURETEXT ="" PORTTYPE ="OUTPUT" PRECISION ="10" SCALE ="0"/>
            <TRANSFORMFIELD DATATYPE ="integer" DEFAULTVALUE ="ERROR(&apos;transformation error&apos;)" DESCRIPTION ="" EXPRESSION ="TO_INTEGER(LTRIM(RTRIM(I_RECORD_COUNTER)))" EXPRESSIONTYPE ="GENERAL" NAME ="O_RECORD_COUNTER" PICTURETEXT ="" PORTTYPE ="OUTPUT" PRECISION ="10" SCALE ="0"/>
            <TRANSFORMFIELD DATATYPE ="string" DEFAULTVALUE ="ERROR(&apos;transformation error&apos;)" DESCRIPTION ="" EXPRESSION ="LTRIM(RTRIM(I_ORDER_FOR_REASON))" EXPRESSIONTYPE ="GENERAL" NAME ="O_ORDER_FOR_REASON" PICTURETEXT ="" PORTTYPE ="OUTPUT" PRECISION ="256" SCALE ="0"/>
            <TRANSFORMFIELD DATATYPE ="string" DEFAULTVALUE ="ERROR(&apos;transformation error&apos;)" DESCRIPTION ="" EXPRESSION ="LTRIM(RTRIM(I_CANCEL_REASON))" EXPRESSIONTYPE ="GENERAL" NAME ="O_CANCEL_REASON" PICTURETEXT ="" PORTTYPE ="OUTPUT" PRECISION ="256" SCALE ="0"/>
            <TRANSFORMFIELD DATATYPE ="string" DEFAULTVALUE ="ERROR(&apos;transformation error&apos;)" DESCRIPTION ="" EXPRESSION ="LTRIM(RTRIM(I_DELIVERY_COMPLETED))" EXPRESSIONTYPE ="GENERAL" NAME ="O_DELIVERY_COMPLETED" PICTURETEXT ="" PORTTYPE ="OUTPUT" PRECISION ="256" SCALE ="0"/>
            <TRANSFORMFIELD DATATYPE ="string" DEFAULTVALUE ="ERROR(&apos;transformation error&apos;)" DESCRIPTION ="" EXPRESSION ="LTRIM(RTRIM(I_DELETION_INDICATOR))" EXPRESSIONTYPE ="GENERAL" NAME ="O_DELETION_INDICATOR" PICTURETEXT ="" PORTTYPE ="OUTPUT" PRECISION ="256" SCALE ="0"/>
            <TRANSFORMFIELD DATATYPE ="string" DEFAULTVALUE ="ERROR(&apos;transformation error&apos;)" DESCRIPTION ="" EXPRESSION ="LTRIM(RTRIM(I_GOODS_ISSUE_DATE))" EXPRESSIONTYPE ="GENERAL" NAME ="O_GOODS_ISSUE_DATE" PICTURETEXT ="" PORTTYPE ="OUTPUT" PRECISION ="256" SCALE ="0"/>
            <TRANSFORMFIELD DATATYPE ="string" DEFAULTVALUE ="ERROR(&apos;transformation error&apos;)" DESCRIPTION ="" EXPRESSION ="LTRIM(RTRIM(I_SALES_ORGANIZATION))" EXPRESSIONTYPE ="GENERAL" NAME ="O_SALES_ORGANIZATION" PICTURETEXT ="" PORTTYPE ="OUTPUT" PRECISION ="256" SCALE ="0"/>
            <TABLEATTRIBUTE NAME ="Tracing Level" VALUE ="Normal"/>
        </TRANSFORMATION>
        <INSTANCE DESCRIPTION ="Target-STG_S4_STO" NAME ="STG_S4_STO" TRANSFORMATION_NAME ="STG_S4_STO" TRANSFORMATION_TYPE ="Target Definition" TYPE ="TARGET"/>
        <INSTANCE DBDNAME ="FlatFile" DESCRIPTION ="DWC_ZSAPBW_AZ_STO_DETAILS" NAME ="FF_DWC_ZSAPBW_AZ_STO_DETAILS" TRANSFORMATION_NAME ="FF_DWC_ZSAPBW_AZ_STO_DETAILS" TRANSFORMATION_TYPE ="Source Definition" TYPE ="SOURCE"/>
        <INSTANCE DESCRIPTION ="PR_TRUNC_STG_TBLS" NAME ="PR_TRUNC_STG_TBLS" REUSABLE ="YES" TRANSFORMATION_NAME ="PR_TRUNC_STG_TBLS" TRANSFORMATION_TYPE ="Stored Procedure" TYPE ="TRANSFORMATION">
            <TABLEATTRIBUTE NAME ="Call Text" VALUE ="STAGING.PR_TRUNC_STG_TBLS(STG_S4_STO)"/>
            <TABLEATTRIBUTE NAME ="Stored Procedure Type" VALUE ="Target Pre Load "/>
        </INSTANCE>
        <INSTANCE DESCRIPTION ="SQ-DWC_ZSAPBW_AZ_STO_DETAILS" NAME ="SQ_DWC_ZSAPBW_AZ_STO_DETAILS" REUSABLE ="NO" TRANSFORMATION_NAME ="SQ_DWC_ZSAPBW_AZ_STO_DETAILS" TRANSFORMATION_TYPE ="Source Qualifier" TYPE ="TRANSFORMATION">
            <ASSOCIATED_SOURCE_INSTANCE NAME ="FF_DWC_ZSAPBW_AZ_STO_DETAILS"/>
        </INSTANCE>
        <INSTANCE DESCRIPTION ="Remove space and convert datatype" NAME ="EXP_DEFAULT" REUSABLE ="NO" TRANSFORMATION_NAME ="EXP_DEFAULT" TRANSFORMATION_TYPE ="Expression" TYPE ="TRANSFORMATION"/>
        <CONNECTOR FROMFIELD ="O_PO_NUMBER" FROMINSTANCE ="EXP_DEFAULT" FROMINSTANCETYPE ="Expression" TOFIELD ="PO_NUMBER" TOINSTANCE ="STG_S4_STO" TOINSTANCETYPE ="Target Definition"/>
        <CONNECTOR FROMFIELD ="O_PO_ITEM" FROMINSTANCE ="EXP_DEFAULT" FROMINSTANCETYPE ="Expression" TOFIELD ="PO_ITEM" TOINSTANCE ="STG_S4_STO" TOINSTANCETYPE ="Target Definition"/>
        <CONNECTOR FROMFIELD ="O_PO_SCHEDULE_LINE" FROMINSTANCE ="EXP_DEFAULT" FROMINSTANCETYPE ="Expression" TOFIELD ="PO_SCHEDULE_LINE" TOINSTANCE ="STG_S4_STO" TOINSTANCETYPE ="Target Definition"/>
        <CONNECTOR FROMFIELD ="O_PURCHASING_DOC_TYPE" FROMINSTANCE ="EXP_DEFAULT" FROMINSTANCETYPE ="Expression" TOFIELD ="PURCHASING_DOC_TYPE" TOINSTANCE ="STG_S4_STO" TOINSTANCETYPE ="Target Definition"/>
        <CONNECTOR FROMFIELD ="O_MATERIAL" FROMINSTANCE ="EXP_DEFAULT" FROMINSTANCETYPE ="Expression" TOFIELD ="MATERIAL" TOINSTANCE ="STG_S4_STO" TOINSTANCETYPE ="Target Definition"/>
        <CONNECTOR FROMFIELD ="O_SUPPLYING_PLANT" FROMINSTANCE ="EXP_DEFAULT" FROMINSTANCETYPE ="Expression" TOFIELD ="SUPPLYING_PLANT" TOINSTANCE ="STG_S4_STO" TOINSTANCETYPE ="Target Definition"/>
        <CONNECTOR FROMFIELD ="O_PLANT" FROMINSTANCE ="EXP_DEFAULT" FROMINSTANCETYPE ="Expression" TOFIELD ="PLANT" TOINSTANCE ="STG_S4_STO" TOINSTANCETYPE ="Target Definition"/>
        <CONNECTOR FROMFIELD ="O_CREATED_ON" FROMINSTANCE ="EXP_DEFAULT" FROMINSTANCETYPE ="Expression" TOFIELD ="CREATED_ON" TOINSTANCE ="STG_S4_STO" TOINSTANCETYPE ="Target Definition"/>
        <CONNECTOR FROMFIELD ="O_REQUESTED_DEL_DATE" FROMINSTANCE ="EXP_DEFAULT" FROMINSTANCETYPE ="Expression" TOFIELD ="REQUESTED_DEL_DATE" TOINSTANCE ="STG_S4_STO" TOINSTANCETYPE ="Target Definition"/>
        <CONNECTOR FROMFIELD ="O_DOCUMENT_DATE" FROMINSTANCE ="EXP_DEFAULT" FROMINSTANCETYPE ="Expression" TOFIELD ="DOCUMENT_DATE" TOINSTANCE ="STG_S4_STO" TOINSTANCETYPE ="Target Definition"/>
        <CONNECTOR FROMFIELD ="O_ORDER_QTY" FROMINSTANCE ="EXP_DEFAULT" FROMINSTANCETYPE ="Expression" TOFIELD ="ORDER_QTY" TOINSTANCE ="STG_S4_STO" TOINSTANCETYPE ="Target Definition"/>
        <CONNECTOR FROMFIELD ="O_DELIVERED_QUANTITY" FROMINSTANCE ="EXP_DEFAULT" FROMINSTANCETYPE ="Expression" TOFIELD ="DELIVERED_QUANTITY" TOINSTANCE ="STG_S4_STO" TOINSTANCETYPE ="Target Definition"/>
        <CONNECTOR FROMFIELD ="O_SHIPPED_QUATITY" FROMINSTANCE ="EXP_DEFAULT" FROMINSTANCETYPE ="Expression" TOFIELD ="SHIPPED_QUATITY" TOINSTANCE ="STG_S4_STO" TOINSTANCETYPE ="Target Definition"/>
        <CONNECTOR FROMFIELD ="O_GOODS_RECEIVED_QTY" FROMINSTANCE ="EXP_DEFAULT" FROMINSTANCETYPE ="Expression" TOFIELD ="GOODS_RECEIVED_QTY" TOINSTANCE ="STG_S4_STO" TOINSTANCETYPE ="Target Definition"/>
        <CONNECTOR FROMFIELD ="O_ORDER_VALUE" FROMINSTANCE ="EXP_DEFAULT" FROMINSTANCETYPE ="Expression" TOFIELD ="ORDER_VALUE" TOINSTANCE ="STG_S4_STO" TOINSTANCETYPE ="Target Definition"/>
        <CONNECTOR FROMFIELD ="O_RECORD_COUNTER" FROMINSTANCE ="EXP_DEFAULT" FROMINSTANCETYPE ="Expression" TOFIELD ="RECORD_COUNTER" TOINSTANCE ="STG_S4_STO" TOINSTANCETYPE ="Target Definition"/>
        <CONNECTOR FROMFIELD ="O_ORDER_FOR_REASON" FROMINSTANCE ="EXP_DEFAULT" FROMINSTANCETYPE ="Expression" TOFIELD ="ORDER_FOR_REASON" TOINSTANCE ="STG_S4_STO" TOINSTANCETYPE ="Target Definition"/>
        <CONNECTOR FROMFIELD ="O_CANCEL_REASON" FROMINSTANCE ="EXP_DEFAULT" FROMINSTANCETYPE ="Expression" TOFIELD ="CANCEL_REASON" TOINSTANCE ="STG_S4_STO" TOINSTANCETYPE ="Target Definition"/>
        <CONNECTOR FROMFIELD ="O_DELIVERY_COMPLETED" FROMINSTANCE ="EXP_DEFAULT" FROMINSTANCETYPE ="Expression" TOFIELD ="DELIVERY_COMPLETED" TOINSTANCE ="STG_S4_STO" TOINSTANCETYPE ="Target Definition"/>
        <CONNECTOR FROMFIELD ="O_DELETION_INDICATOR" FROMINSTANCE ="EXP_DEFAULT" FROMINSTANCETYPE ="Expression" TOFIELD ="DELETION_INDICATOR" TOINSTANCE ="STG_S4_STO" TOINSTANCETYPE ="Target Definition"/>
        <CONNECTOR FROMFIELD ="O_GOODS_ISSUE_DATE" FROMINSTANCE ="EXP_DEFAULT" FROMINSTANCETYPE ="Expression" TOFIELD ="GOODS_ISSUE_DATE" TOINSTANCE ="STG_S4_STO" TOINSTANCETYPE ="Target Definition"/>
        <CONNECTOR FROMFIELD ="O_SALES_ORGANIZATION" FROMINSTANCE ="EXP_DEFAULT" FROMINSTANCETYPE ="Expression" TOFIELD ="SALES_ORG" TOINSTANCE ="STG_S4_STO" TOINSTANCETYPE ="Target Definition"/>
        <CONNECTOR FROMFIELD ="PO_NUMBER" FROMINSTANCE ="FF_DWC_ZSAPBW_AZ_STO_DETAILS" FROMINSTANCETYPE ="Source Definition" TOFIELD ="PO_NUMBER" TOINSTANCE ="SQ_DWC_ZSAPBW_AZ_STO_DETAILS" TOINSTANCETYPE ="Source Qualifier"/>
        <CONNECTOR FROMFIELD ="PO_ITEM" FROMINSTANCE ="FF_DWC_ZSAPBW_AZ_STO_DETAILS" FROMINSTANCETYPE ="Source Definition" TOFIELD ="PO_ITEM" TOINSTANCE ="SQ_DWC_ZSAPBW_AZ_STO_DETAILS" TOINSTANCETYPE ="Source Qualifier"/>
        <CONNECTOR FROMFIELD ="PO_SCHEDULE_LINE" FROMINSTANCE ="FF_DWC_ZSAPBW_AZ_STO_DETAILS" FROMINSTANCETYPE ="Source Definition" TOFIELD ="PO_SCHEDULE_LINE" TOINSTANCE ="SQ_DWC_ZSAPBW_AZ_STO_DETAILS" TOINSTANCETYPE ="Source Qualifier"/>
        <CONNECTOR FROMFIELD ="PURCHASING_DOC_TYPE" FROMINSTANCE ="FF_DWC_ZSAPBW_AZ_STO_DETAILS" FROMINSTANCETYPE ="Source Definition" TOFIELD ="PURCHASING_DOC_TYPE" TOINSTANCE ="SQ_DWC_ZSAPBW_AZ_STO_DETAILS" TOINSTANCETYPE ="Source Qualifier"/>
        <CONNECTOR FROMFIELD ="MATERIAL" FROMINSTANCE ="FF_DWC_ZSAPBW_AZ_STO_DETAILS" FROMINSTANCETYPE ="Source Definition" TOFIELD ="MATERIAL" TOINSTANCE ="SQ_DWC_ZSAPBW_AZ_STO_DETAILS" TOINSTANCETYPE ="Source Qualifier"/>
        <CONNECTOR FROMFIELD ="SUPPLYING_PLANT" FROMINSTANCE ="FF_DWC_ZSAPBW_AZ_STO_DETAILS" FROMINSTANCETYPE ="Source Definition" TOFIELD ="SUPPLYING_PLANT" TOINSTANCE ="SQ_DWC_ZSAPBW_AZ_STO_DETAILS" TOINSTANCETYPE ="Source Qualifier"/>
        <CONNECTOR FROMFIELD ="PLANT" FROMINSTANCE ="FF_DWC_ZSAPBW_AZ_STO_DETAILS" FROMINSTANCETYPE ="Source Definition" TOFIELD ="PLANT" TOINSTANCE ="SQ_DWC_ZSAPBW_AZ_STO_DETAILS" TOINSTANCETYPE ="Source Qualifier"/>
        <CONNECTOR FROMFIELD ="CREATED_ON" FROMINSTANCE ="FF_DWC_ZSAPBW_AZ_STO_DETAILS" FROMINSTANCETYPE ="Source Definition" TOFIELD ="CREATED_ON" TOINSTANCE ="SQ_DWC_ZSAPBW_AZ_STO_DETAILS" TOINSTANCETYPE ="Source Qualifier"/>
        <CONNECTOR FROMFIELD ="REQUESTED_DEL_DATE" FROMINSTANCE ="FF_DWC_ZSAPBW_AZ_STO_DETAILS" FROMINSTANCETYPE ="Source Definition" TOFIELD ="REQUESTED_DEL_DATE" TOINSTANCE ="SQ_DWC_ZSAPBW_AZ_STO_DETAILS" TOINSTANCETYPE ="Source Qualifier"/>
        <CONNECTOR FROMFIELD ="DOCUMENT_DATE" FROMINSTANCE ="FF_DWC_ZSAPBW_AZ_STO_DETAILS" FROMINSTANCETYPE ="Source Definition" TOFIELD ="DOCUMENT_DATE" TOINSTANCE ="SQ_DWC_ZSAPBW_AZ_STO_DETAILS" TOINSTANCETYPE ="Source Qualifier"/>
        <CONNECTOR FROMFIELD ="ORDER_QTY" FROMINSTANCE ="FF_DWC_ZSAPBW_AZ_STO_DETAILS" FROMINSTANCETYPE ="Source Definition" TOFIELD ="ORDER_QTY" TOINSTANCE ="SQ_DWC_ZSAPBW_AZ_STO_DETAILS" TOINSTANCETYPE ="Source Qualifier"/>
        <CONNECTOR FROMFIELD ="DELIVERED_QUANTITY" FROMINSTANCE ="FF_DWC_ZSAPBW_AZ_STO_DETAILS" FROMINSTANCETYPE ="Source Definition" TOFIELD ="DELIVERED_QUANTITY" TOINSTANCE ="SQ_DWC_ZSAPBW_AZ_STO_DETAILS" TOINSTANCETYPE ="Source Qualifier"/>
        <CONNECTOR FROMFIELD ="SHIPPED_QUATITY" FROMINSTANCE ="FF_DWC_ZSAPBW_AZ_STO_DETAILS" FROMINSTANCETYPE ="Source Definition" TOFIELD ="SHIPPED_QUATITY" TOINSTANCE ="SQ_DWC_ZSAPBW_AZ_STO_DETAILS" TOINSTANCETYPE ="Source Qualifier"/>
        <CONNECTOR FROMFIELD ="GOODS_RECEIVED_QTY" FROMINSTANCE ="FF_DWC_ZSAPBW_AZ_STO_DETAILS" FROMINSTANCETYPE ="Source Definition" TOFIELD ="GOODS_RECEIVED_QTY" TOINSTANCE ="SQ_DWC_ZSAPBW_AZ_STO_DETAILS" TOINSTANCETYPE ="Source Qualifier"/>
        <CONNECTOR FROMFIELD ="ORDER_VALUE" FROMINSTANCE ="FF_DWC_ZSAPBW_AZ_STO_DETAILS" FROMINSTANCETYPE ="Source Definition" TOFIELD ="ORDER_VALUE" TOINSTANCE ="SQ_DWC_ZSAPBW_AZ_STO_DETAILS" TOINSTANCETYPE ="Source Qualifier"/>
        <CONNECTOR FROMFIELD ="RECORD_COUNTER" FROMINSTANCE ="FF_DWC_ZSAPBW_AZ_STO_DETAILS" FROMINSTANCETYPE ="Source Definition" TOFIELD ="RECORD_COUNTER" TOINSTANCE ="SQ_DWC_ZSAPBW_AZ_STO_DETAILS" TOINSTANCETYPE ="Source Qualifier"/>
        <CONNECTOR FROMFIELD ="ORDER_FOR_REASON" FROMINSTANCE ="FF_DWC_ZSAPBW_AZ_STO_DETAILS" FROMINSTANCETYPE ="Source Definition" TOFIELD ="ORDER_FOR_REASON" TOINSTANCE ="SQ_DWC_ZSAPBW_AZ_STO_DETAILS" TOINSTANCETYPE ="Source Qualifier"/>
        <CONNECTOR FROMFIELD ="CANCEL_REASON" FROMINSTANCE ="FF_DWC_ZSAPBW_AZ_STO_DETAILS" FROMINSTANCETYPE ="Source Definition" TOFIELD ="CANCEL_REASON" TOINSTANCE ="SQ_DWC_ZSAPBW_AZ_STO_DETAILS" TOINSTANCETYPE ="Source Qualifier"/>
        <CONNECTOR FROMFIELD ="DELIVERY_COMPLETED" FROMINSTANCE ="FF_DWC_ZSAPBW_AZ_STO_DETAILS" FROMINSTANCETYPE ="Source Definition" TOFIELD ="DELIVERY_COMPLETED" TOINSTANCE ="SQ_DWC_ZSAPBW_AZ_STO_DETAILS" TOINSTANCETYPE ="Source Qualifier"/>
        <CONNECTOR FROMFIELD ="DELETION_INDICATOR" FROMINSTANCE ="FF_DWC_ZSAPBW_AZ_STO_DETAILS" FROMINSTANCETYPE ="Source Definition" TOFIELD ="DELETION_INDICATOR" TOINSTANCE ="SQ_DWC_ZSAPBW_AZ_STO_DETAILS" TOINSTANCETYPE ="Source Qualifier"/>
        <CONNECTOR FROMFIELD ="GOODS_ISSUE_DATE" FROMINSTANCE ="FF_DWC_ZSAPBW_AZ_STO_DETAILS" FROMINSTANCETYPE ="Source Definition" TOFIELD ="GOODS_ISSUE_DATE" TOINSTANCE ="SQ_DWC_ZSAPBW_AZ_STO_DETAILS" TOINSTANCETYPE ="Source Qualifier"/>
        <CONNECTOR FROMFIELD ="SALES_ORGANIZATION" FROMINSTANCE ="FF_DWC_ZSAPBW_AZ_STO_DETAILS" FROMINSTANCETYPE ="Source Definition" TOFIELD ="SALES_ORGANIZATION" TOINSTANCE ="SQ_DWC_ZSAPBW_AZ_STO_DETAILS" TOINSTANCETYPE ="Source Qualifier"/>
        <CONNECTOR FROMFIELD ="PO_NUMBER" FROMINSTANCE ="SQ_DWC_ZSAPBW_AZ_STO_DETAILS" FROMINSTANCETYPE ="Source Qualifier" TOFIELD ="I_PO_NUMBER" TOINSTANCE ="EXP_DEFAULT" TOINSTANCETYPE ="Expression"/>
        <CONNECTOR FROMFIELD ="PO_ITEM" FROMINSTANCE ="SQ_DWC_ZSAPBW_AZ_STO_DETAILS" FROMINSTANCETYPE ="Source Qualifier" TOFIELD ="I_PO_ITEM" TOINSTANCE ="EXP_DEFAULT" TOINSTANCETYPE ="Expression"/>
        <CONNECTOR FROMFIELD ="PO_SCHEDULE_LINE" FROMINSTANCE ="SQ_DWC_ZSAPBW_AZ_STO_DETAILS" FROMINSTANCETYPE ="Source Qualifier" TOFIELD ="I_PO_SCHEDULE_LINE" TOINSTANCE ="EXP_DEFAULT" TOINSTANCETYPE ="Expression"/>
        <CONNECTOR FROMFIELD ="PURCHASING_DOC_TYPE" FROMINSTANCE ="SQ_DWC_ZSAPBW_AZ_STO_DETAILS" FROMINSTANCETYPE ="Source Qualifier" TOFIELD ="I_PURCHASING_DOC_TYPE" TOINSTANCE ="EXP_DEFAULT" TOINSTANCETYPE ="Expression"/>
        <CONNECTOR FROMFIELD ="MATERIAL" FROMINSTANCE ="SQ_DWC_ZSAPBW_AZ_STO_DETAILS" FROMINSTANCETYPE ="Source Qualifier" TOFIELD ="I_MATERIAL" TOINSTANCE ="EXP_DEFAULT" TOINSTANCETYPE ="Expression"/>
        <CONNECTOR FROMFIELD ="SUPPLYING_PLANT" FROMINSTANCE ="SQ_DWC_ZSAPBW_AZ_STO_DETAILS" FROMINSTANCETYPE ="Source Qualifier" TOFIELD ="I_SUPPLYING_PLANT" TOINSTANCE ="EXP_DEFAULT" TOINSTANCETYPE ="Expression"/>
        <CONNECTOR FROMFIELD ="PLANT" FROMINSTANCE ="SQ_DWC_ZSAPBW_AZ_STO_DETAILS" FROMINSTANCETYPE ="Source Qualifier" TOFIELD ="I_PLANT" TOINSTANCE ="EXP_DEFAULT" TOINSTANCETYPE ="Expression"/>
        <CONNECTOR FROMFIELD ="CREATED_ON" FROMINSTANCE ="SQ_DWC_ZSAPBW_AZ_STO_DETAILS" FROMINSTANCETYPE ="Source Qualifier" TOFIELD ="I_CREATED_ON" TOINSTANCE ="EXP_DEFAULT" TOINSTANCETYPE ="Expression"/>
        <CONNECTOR FROMFIELD ="REQUESTED_DEL_DATE" FROMINSTANCE ="SQ_DWC_ZSAPBW_AZ_STO_DETAILS" FROMINSTANCETYPE ="Source Qualifier" TOFIELD ="I_REQUESTED_DEL_DATE" TOINSTANCE ="EXP_DEFAULT" TOINSTANCETYPE ="Expression"/>
        <CONNECTOR FROMFIELD ="DOCUMENT_DATE" FROMINSTANCE ="SQ_DWC_ZSAPBW_AZ_STO_DETAILS" FROMINSTANCETYPE ="Source Qualifier" TOFIELD ="I_DOCUMENT_DATE" TOINSTANCE ="EXP_DEFAULT" TOINSTANCETYPE ="Expression"/>
        <CONNECTOR FROMFIELD ="ORDER_QTY" FROMINSTANCE ="SQ_DWC_ZSAPBW_AZ_STO_DETAILS" FROMINSTANCETYPE ="Source Qualifier" TOFIELD ="I_ORDER_QTY" TOINSTANCE ="EXP_DEFAULT" TOINSTANCETYPE ="Expression"/>
        <CONNECTOR FROMFIELD ="DELIVERED_QUANTITY" FROMINSTANCE ="SQ_DWC_ZSAPBW_AZ_STO_DETAILS" FROMINSTANCETYPE ="Source Qualifier" TOFIELD ="I_DELIVERED_QUANTITY" TOINSTANCE ="EXP_DEFAULT" TOINSTANCETYPE ="Expression"/>
        <CONNECTOR FROMFIELD ="SHIPPED_QUATITY" FROMINSTANCE ="SQ_DWC_ZSAPBW_AZ_STO_DETAILS" FROMINSTANCETYPE ="Source Qualifier" TOFIELD ="I_SHIPPED_QUATITY" TOINSTANCE ="EXP_DEFAULT" TOINSTANCETYPE ="Expression"/>
        <CONNECTOR FROMFIELD ="GOODS_RECEIVED_QTY" FROMINSTANCE ="SQ_DWC_ZSAPBW_AZ_STO_DETAILS" FROMINSTANCETYPE ="Source Qualifier" TOFIELD ="I_GOODS_RECEIVED_QTY" TOINSTANCE ="EXP_DEFAULT" TOINSTANCETYPE ="Expression"/>
        <CONNECTOR FROMFIELD ="ORDER_VALUE" FROMINSTANCE ="SQ_DWC_ZSAPBW_AZ_STO_DETAILS" FROMINSTANCETYPE ="Source Qualifier" TOFIELD ="I_ORDER_VALUE" TOINSTANCE ="EXP_DEFAULT" TOINSTANCETYPE ="Expression"/>
        <CONNECTOR FROMFIELD ="RECORD_COUNTER" FROMINSTANCE ="SQ_DWC_ZSAPBW_AZ_STO_DETAILS" FROMINSTANCETYPE ="Source Qualifier" TOFIELD ="I_RECORD_COUNTER" TOINSTANCE ="EXP_DEFAULT" TOINSTANCETYPE ="Expression"/>
        <CONNECTOR FROMFIELD ="ORDER_FOR_REASON" FROMINSTANCE ="SQ_DWC_ZSAPBW_AZ_STO_DETAILS" FROMINSTANCETYPE ="Source Qualifier" TOFIELD ="I_ORDER_FOR_REASON" TOINSTANCE ="EXP_DEFAULT" TOINSTANCETYPE ="Expression"/>
        <CONNECTOR FROMFIELD ="CANCEL_REASON" FROMINSTANCE ="SQ_DWC_ZSAPBW_AZ_STO_DETAILS" FROMINSTANCETYPE ="Source Qualifier" TOFIELD ="I_CANCEL_REASON" TOINSTANCE ="EXP_DEFAULT" TOINSTANCETYPE ="Expression"/>
        <CONNECTOR FROMFIELD ="DELIVERY_COMPLETED" FROMINSTANCE ="SQ_DWC_ZSAPBW_AZ_STO_DETAILS" FROMINSTANCETYPE ="Source Qualifier" TOFIELD ="I_DELIVERY_COMPLETED" TOINSTANCE ="EXP_DEFAULT" TOINSTANCETYPE ="Expression"/>
        <CONNECTOR FROMFIELD ="DELETION_INDICATOR" FROMINSTANCE ="SQ_DWC_ZSAPBW_AZ_STO_DETAILS" FROMINSTANCETYPE ="Source Qualifier" TOFIELD ="I_DELETION_INDICATOR" TOINSTANCE ="EXP_DEFAULT" TOINSTANCETYPE ="Expression"/>
        <CONNECTOR FROMFIELD ="GOODS_ISSUE_DATE" FROMINSTANCE ="SQ_DWC_ZSAPBW_AZ_STO_DETAILS" FROMINSTANCETYPE ="Source Qualifier" TOFIELD ="I_GOODS_ISSUE_DATE" TOINSTANCE ="EXP_DEFAULT" TOINSTANCETYPE ="Expression"/>
        <CONNECTOR FROMFIELD ="SALES_ORGANIZATION" FROMINSTANCE ="SQ_DWC_ZSAPBW_AZ_STO_DETAILS" FROMINSTANCETYPE ="Source Qualifier" TOFIELD ="I_SALES_ORGANIZATION" TOINSTANCE ="EXP_DEFAULT" TOINSTANCETYPE ="Expression"/>
        <TARGETLOADORDER ORDER ="1" TARGETINSTANCE ="STG_S4_STO"/>
        <ERPINFO/>
        <METADATAEXTENSION COMPONENTVERSION ="1000000" DATATYPE ="STRING" DESCRIPTION ="" DOMAINNAME ="User Defined Metadata Domain" ISCLIENTEDITABLE ="YES" ISCLIENTVISIBLE ="YES" ISREUSABLE ="NO" ISSHAREREAD ="NO" ISSHAREWRITE ="NO" MAXLENGTH ="256" NAME ="Extension" VALUE ="S4_Integration_stg_S4_STO v1.0" VENDORNAME ="INFORMATICA"/>
    </MAPPING>
    <CONFIG DESCRIPTION ="Default session configuration object" ISDEFAULT ="YES" NAME ="default_session_config" VERSIONNUMBER ="1">
        <ATTRIBUTE NAME ="Advanced" VALUE =""/>
        <ATTRIBUTE NAME ="Constraint based load ordering" VALUE ="NO"/>
        <ATTRIBUTE NAME ="Cache LOOKUP() function" VALUE ="YES"/>
        <ATTRIBUTE NAME ="Default buffer block size" VALUE ="Auto"/>
        <ATTRIBUTE NAME ="Line Sequential buffer length" VALUE ="1024"/>
        <ATTRIBUTE NAME ="Maximum Memory Allowed For Auto Memory Attributes" VALUE ="512MB"/>
        <ATTRIBUTE NAME ="Maximum Percentage of Total Memory Allowed For Auto Memory Attributes" VALUE ="5"/>
        <ATTRIBUTE NAME ="Additional Concurrent Pipelines for Lookup Cache Creation" VALUE ="Auto"/>
        <ATTRIBUTE NAME ="Custom Properties" VALUE =""/>
        <ATTRIBUTE NAME ="Pre-build lookup cache" VALUE ="Auto"/>
        <ATTRIBUTE NAME ="Optimization Level" VALUE ="Medium"/>
        <ATTRIBUTE NAME ="DateTime Format String" VALUE ="MM/DD/YYYY HH24:MI:SS.US"/>
        <ATTRIBUTE NAME ="Pre 85 Timestamp Compatibility" VALUE ="NO"/>
        <ATTRIBUTE NAME ="Log Options" VALUE ="0"/>
        <ATTRIBUTE NAME ="Save session log by" VALUE ="Session runs"/>
        <ATTRIBUTE NAME ="Save session log for these runs" VALUE ="9"/>
        <ATTRIBUTE NAME ="Session Log File Max Size" VALUE ="0"/>
        <ATTRIBUTE NAME ="Session Log File Max Time Period" VALUE ="0"/>
        <ATTRIBUTE NAME ="Maximum Partial Session Log Files" VALUE ="1"/>
        <ATTRIBUTE NAME ="Writer Commit Statistics Log Frequency" VALUE ="1"/>
        <ATTRIBUTE NAME ="Writer Commit Statistics Log Interval" VALUE ="0"/>
        <ATTRIBUTE NAME ="Error handling" VALUE =""/>
        <ATTRIBUTE NAME ="Stop on errors" VALUE ="1"/>
        <ATTRIBUTE NAME ="Override tracing" VALUE ="None"/>
        <ATTRIBUTE NAME ="On Stored Procedure error" VALUE ="Stop"/>
        <ATTRIBUTE NAME ="On Pre-session command task error" VALUE ="Stop"/>
        <ATTRIBUTE NAME ="On Pre-Post SQL error" VALUE ="Stop"/>
        <ATTRIBUTE NAME ="Enable Recovery" VALUE ="NO"/>
        <ATTRIBUTE NAME ="Error Log Type" VALUE ="None"/>
        <ATTRIBUTE NAME ="Error Log Table Name Prefix" VALUE =""/>
        <ATTRIBUTE NAME ="Error Log File Name" VALUE ="PMError.log"/>
        <ATTRIBUTE NAME ="Log Source Row Data" VALUE ="NO"/>
        <ATTRIBUTE NAME ="Data Column Delimiter" VALUE ="|"/>
        <ATTRIBUTE NAME ="Partitioning Options" VALUE =""/>
        <ATTRIBUTE NAME ="Dynamic Partitioning" VALUE ="Disabled"/>
        <ATTRIBUTE NAME ="Number of Partitions" VALUE ="1"/>
        <ATTRIBUTE NAME ="Multiplication Factor" VALUE ="Auto"/>
        <ATTRIBUTE NAME ="Session on Grid" VALUE =""/>
        <ATTRIBUTE NAME ="Is Enabled" VALUE ="NO"/>
    </CONFIG>
    <SESSION DESCRIPTION ="Session to load S4 data from source file to STG_S4_STO table" ISVALID ="YES" MAPPINGNAME ="m_STG_S4_STO" NAME ="s_m_STG_S4_STO" REUSABLE ="YES" SORTORDER ="Binary" VERSIONNUMBER ="1">
        <SESSTRANSFORMATIONINST ISREPARTITIONPOINT ="YES" PARTITIONTYPE ="PASS THROUGH" PIPELINE ="1" SINSTANCENAME ="STG_S4_STO" STAGE ="1" TRANSFORMATIONNAME ="STG_S4_STO" TRANSFORMATIONTYPE ="Target Definition"/>
        <SESSTRANSFORMATIONINST ISREPARTITIONPOINT ="NO" PIPELINE ="0" SINSTANCENAME ="FF_DWC_ZSAPBW_AZ_STO_DETAILS" STAGE ="0" TRANSFORMATIONNAME ="FF_DWC_ZSAPBW_AZ_STO_DETAILS" TRANSFORMATIONTYPE ="Source Definition">
            <FLATFILE CODEPAGE ="MS1252" CONSECDELIMITERSASONE ="NO" DELIMITED ="YES" DELIMITERS ="|" ESCAPE_CHARACTER ="" KEEPESCAPECHAR ="NO" LINESEQUENTIAL ="NO" MULTIDELIMITERSASAND ="NO" NULLCHARTYPE ="ASCII" NULL_CHARACTER ="*" PADBYTES ="1" QUOTE_CHARACTER ="DOUBLE" REPEATABLE ="NO" ROWDELIMITER ="0" SKIPROWS ="1" STRIPTRAILINGBLANKS ="NO"/>
        </SESSTRANSFORMATIONINST>
        <SESSTRANSFORMATIONINST ISREPARTITIONPOINT ="NO" PIPELINE ="0" SINSTANCENAME ="PR_TRUNC_STG_TBLS" STAGE ="0" TRANSFORMATIONNAME ="PR_TRUNC_STG_TBLS" TRANSFORMATIONTYPE ="Stored Procedure">
            <ATTRIBUTE NAME ="Connection Information" VALUE ="Relational:SLBADW"/>
        </SESSTRANSFORMATIONINST>
        <SESSTRANSFORMATIONINST ISREPARTITIONPOINT ="YES" PARTITIONTYPE ="PASS THROUGH" PIPELINE ="1" SINSTANCENAME ="SQ_DWC_ZSAPBW_AZ_STO_DETAILS" STAGE ="2" TRANSFORMATIONNAME ="SQ_DWC_ZSAPBW_AZ_STO_DETAILS" TRANSFORMATIONTYPE ="Source Qualifier"/>
        <SESSTRANSFORMATIONINST ISREPARTITIONPOINT ="NO" PIPELINE ="1" SINSTANCENAME ="EXP_DEFAULT" STAGE ="2" TRANSFORMATIONNAME ="EXP_DEFAULT" TRANSFORMATIONTYPE ="Expression">
            <PARTITION DESCRIPTION ="" NAME ="Partition #1"/>
        </SESSTRANSFORMATIONINST>
        <CONFIGREFERENCE REFOBJECTNAME ="default_session_config" TYPE ="Session config"/>
        <SESSIONEXTENSION NAME ="Relational Writer" SINSTANCENAME ="STG_S4_STO" SUBTYPE ="Relational Writer" TRANSFORMATIONTYPE ="Target Definition" TYPE ="WRITER">
            <CONNECTIONREFERENCE CNXREFNAME ="DB Connection" CONNECTIONNAME ="SLBADW" CONNECTIONNUMBER ="1" CONNECTIONSUBTYPE ="Oracle" CONNECTIONTYPE ="Relational" VARIABLE =""/>
            <ATTRIBUTE NAME ="Target load type" VALUE ="Normal"/>
            <ATTRIBUTE NAME ="Insert" VALUE ="YES"/>
            <ATTRIBUTE NAME ="Update as Update" VALUE ="NO"/>
            <ATTRIBUTE NAME ="Update as Insert" VALUE ="NO"/>
            <ATTRIBUTE NAME ="Update else Insert" VALUE ="NO"/>
            <ATTRIBUTE NAME ="Delete" VALUE ="NO"/>
            <ATTRIBUTE NAME ="Truncate target table option" VALUE ="NO"/>
            <ATTRIBUTE NAME ="Reject file directory" VALUE ="$PMBadFileDir&#x5c;ONE_ON_ONE_OTC&#x5c;BAD&#x5c;"/>
            <ATTRIBUTE NAME ="Reject filename" VALUE ="s_m_STG_S4_STO.bad"/>
        </SESSIONEXTENSION>
        <SESSIONEXTENSION DSQINSTNAME ="SQ_DWC_ZSAPBW_AZ_STO_DETAILS" DSQINSTTYPE ="Source Qualifier" NAME ="File Reader" SINSTANCENAME ="FF_DWC_ZSAPBW_AZ_STO_DETAILS" SUBTYPE ="File Reader" TRANSFORMATIONTYPE ="Source Definition" TYPE ="READER">
            <CONNECTIONREFERENCE CNXREFNAME ="Connection" CONNECTIONNAME ="" CONNECTIONNUMBER ="1" CONNECTIONSUBTYPE ="" CONNECTIONTYPE ="" VARIABLE =""/>
            <ATTRIBUTE NAME ="Input Type" VALUE ="File"/>
            <ATTRIBUTE NAME ="Concurrent read partitioning" VALUE ="Optimize throughput"/>
            <ATTRIBUTE NAME ="Command Type" VALUE ="Command Generating Data"/>
            <ATTRIBUTE NAME ="Source filetype" VALUE ="Direct"/>
            <ATTRIBUTE NAME ="Source file directory" VALUE ="$PMSourceFileDir&#x5c;ONE_ON_ONE_OTC&#x5c;SRC&#x5c;"/>
            <ATTRIBUTE NAME ="Source filename" VALUE ="DWC_ZSAPBW_AZ_STO_DETAILS.txt"/>
            <ATTRIBUTE NAME ="Command" VALUE =""/>
            <ATTRIBUTE NAME ="File Reader Truncate String Null" VALUE ="NO"/>
            <ATTRIBUTE NAME ="Codepage Parameter" VALUE =""/>
        </SESSIONEXTENSION>
        <SESSIONEXTENSION NAME ="File Reader" SINSTANCENAME ="SQ_DWC_ZSAPBW_AZ_STO_DETAILS" SUBTYPE ="File Reader" TRANSFORMATIONTYPE ="Source Qualifier" TYPE ="READER"/>
        <ATTRIBUTE NAME ="General Options" VALUE =""/>
        <ATTRIBUTE NAME ="Write Backward Compatible Session Log File" VALUE ="YES"/>
        <ATTRIBUTE NAME ="Session Log File Name" VALUE ="s_m_STG_S4_STO.log"/>
        <ATTRIBUTE NAME ="Session Log File directory" VALUE ="$PMSessionLogDir&#x5c;ONE_ON_ONE_OTC&#x5c;LOG&#x5c;"/>
        <ATTRIBUTE NAME ="Parameter Filename" VALUE =""/>
        <ATTRIBUTE NAME ="Enable Test Load" VALUE ="NO"/>
        <ATTRIBUTE NAME ="$Source connection value" VALUE =""/>
        <ATTRIBUTE NAME ="$Target connection value" VALUE =""/>
        <ATTRIBUTE NAME ="Treat source rows as" VALUE ="Insert"/>
        <ATTRIBUTE NAME ="Commit Type" VALUE ="Target"/>
        <ATTRIBUTE NAME ="Commit Interval" VALUE ="2000000"/>
        <ATTRIBUTE NAME ="Commit On End Of File" VALUE ="YES"/>
        <ATTRIBUTE NAME ="Rollback Transactions on Errors" VALUE ="NO"/>
        <ATTRIBUTE NAME ="Recovery Strategy" VALUE ="Restart task"/>
        <ATTRIBUTE NAME ="Java Classpath" VALUE =""/>
        <ATTRIBUTE NAME ="Performance" VALUE =""/>
        <ATTRIBUTE NAME ="DTM buffer size" VALUE ="Auto"/>
        <ATTRIBUTE NAME ="Collect performance data" VALUE ="NO"/>
        <ATTRIBUTE NAME ="Write performance data to repository" VALUE ="NO"/>
        <ATTRIBUTE NAME ="Incremental Aggregation" VALUE ="NO"/>
        <ATTRIBUTE NAME ="Enable high precision" VALUE ="NO"/>
        <ATTRIBUTE NAME ="Session retry on deadlock" VALUE ="NO"/>
        <ATTRIBUTE NAME ="Pushdown Optimization" VALUE ="None"/>
        <ATTRIBUTE NAME ="Allow Temporary View for Pushdown" VALUE ="NO"/>
        <ATTRIBUTE NAME ="Allow Temporary Sequence for Pushdown" VALUE ="NO"/>
        <ATTRIBUTE NAME ="Allow Pushdown for User Incompatible Connections" VALUE ="NO"/>
        <METADATAEXTENSION COMPONENTVERSION ="1000000" DATATYPE ="STRING" DESCRIPTION ="" DOMAINNAME ="User Defined Metadata Domain" ISCLIENTEDITABLE ="YES" ISCLIENTVISIBLE ="YES" ISREUSABLE ="NO" ISSHAREREAD ="NO" ISSHAREWRITE ="NO" MAXLENGTH ="256" NAME ="Extension" VALUE ="S4_Integration_stg_S4_STO v1.0" VENDORNAME ="INFORMATICA"/>
    </SESSION>
    <WORKFLOW DESCRIPTION ="This workflow will run the session s_m_STG_S4_STO to load the s4 data from file to STG_S4_STO table" ISENABLED ="YES" ISRUNNABLESERVICE ="NO" ISSERVICE ="NO" ISVALID ="YES" NAME ="wf_s_m_STG_S4_STO" REUSABLE_SCHEDULER ="NO" SCHEDULERNAME ="Scheduler" SERVERNAME ="Domain10_PRD_Int_Svc" SERVER_DOMAINNAME ="Domain10_PRD" SUSPEND_ON_ERROR ="NO" TASKS_MUST_RUN_ON_SERVER ="NO" VERSIONNUMBER ="1">
        <SCHEDULER DESCRIPTION ="" NAME ="Scheduler" REUSABLE ="NO" VERSIONNUMBER ="1">
            <SCHEDULEINFO SCHEDULETYPE ="ONDEMAND"/>
        </SCHEDULER>
        <TASK DESCRIPTION ="" NAME ="Start" REUSABLE ="NO" TYPE ="Start" VERSIONNUMBER ="1"/>
        <TASKINSTANCE DESCRIPTION ="Session to load S4 data from source file to STG_S4_STO table" FAIL_PARENT_IF_INSTANCE_DID_NOT_RUN ="YES" FAIL_PARENT_IF_INSTANCE_FAILS ="YES" ISENABLED ="YES" NAME ="s_m_STG_S4_STO" REUSABLE ="YES" TASKNAME ="s_m_STG_S4_STO" TASKTYPE ="Session" TREAT_INPUTLINK_AS_AND ="NO"/>
        <TASKINSTANCE DESCRIPTION ="" ISENABLED ="YES" NAME ="Start" REUSABLE ="NO" TASKNAME ="Start" TASKTYPE ="Start"/>
        <WORKFLOWLINK CONDITION ="" FROMTASK ="Start" TOTASK ="s_m_STG_S4_STO"/>
        <WORKFLOWVARIABLE DATATYPE ="date/time" DEFAULTVALUE ="" DESCRIPTION ="The time this task started" ISNULL ="NO" ISPERSISTENT ="NO" NAME ="$s_m_STG_S4_STO.StartTime" USERDEFINED ="NO"/>
        <WORKFLOWVARIABLE DATATYPE ="date/time" DEFAULTVALUE ="" DESCRIPTION ="The time this task completed" ISNULL ="NO" ISPERSISTENT ="NO" NAME ="$s_m_STG_S4_STO.EndTime" USERDEFINED ="NO"/>
        <WORKFLOWVARIABLE DATATYPE ="integer" DEFAULTVALUE ="" DESCRIPTION ="Status of this task&apos;s execution" ISNULL ="NO" ISPERSISTENT ="NO" NAME ="$s_m_STG_S4_STO.Status" USERDEFINED ="NO"/>
        <WORKFLOWVARIABLE DATATYPE ="integer" DEFAULTVALUE ="" DESCRIPTION ="Status of the previous task that is not disabled" ISNULL ="NO" ISPERSISTENT ="NO" NAME ="$s_m_STG_S4_STO.PrevTaskStatus" USERDEFINED ="NO"/>
        <WORKFLOWVARIABLE DATATYPE ="integer" DEFAULTVALUE ="" DESCRIPTION ="Error code for this task&apos;s execution" ISNULL ="NO" ISPERSISTENT ="NO" NAME ="$s_m_STG_S4_STO.ErrorCode" USERDEFINED ="NO"/>
        <WORKFLOWVARIABLE DATATYPE ="string" DEFAULTVALUE ="" DESCRIPTION ="Error message for this task&apos;s execution" ISNULL ="NO" ISPERSISTENT ="NO" NAME ="$s_m_STG_S4_STO.ErrorMsg" USERDEFINED ="NO"/>
        <WORKFLOWVARIABLE DATATYPE ="integer" DEFAULTVALUE ="" DESCRIPTION ="Rows successfully read" ISNULL ="NO" ISPERSISTENT ="NO" NAME ="$s_m_STG_S4_STO.SrcSuccessRows" USERDEFINED ="NO"/>
        <WORKFLOWVARIABLE DATATYPE ="integer" DEFAULTVALUE ="" DESCRIPTION ="Rows failed to read" ISNULL ="NO" ISPERSISTENT ="NO" NAME ="$s_m_STG_S4_STO.SrcFailedRows" USERDEFINED ="NO"/>
        <WORKFLOWVARIABLE DATATYPE ="integer" DEFAULTVALUE ="" DESCRIPTION ="Rows successfully loaded" ISNULL ="NO" ISPERSISTENT ="NO" NAME ="$s_m_STG_S4_STO.TgtSuccessRows" USERDEFINED ="NO"/>
        <WORKFLOWVARIABLE DATATYPE ="integer" DEFAULTVALUE ="" DESCRIPTION ="Rows failed to load" ISNULL ="NO" ISPERSISTENT ="NO" NAME ="$s_m_STG_S4_STO.TgtFailedRows" USERDEFINED ="NO"/>
        <WORKFLOWVARIABLE DATATYPE ="integer" DEFAULTVALUE ="" DESCRIPTION ="Total number of transformation errors" ISNULL ="NO" ISPERSISTENT ="NO" NAME ="$s_m_STG_S4_STO.TotalTransErrors" USERDEFINED ="NO"/>
        <WORKFLOWVARIABLE DATATYPE ="integer" DEFAULTVALUE ="" DESCRIPTION ="First error code" ISNULL ="NO" ISPERSISTENT ="NO" NAME ="$s_m_STG_S4_STO.FirstErrorCode" USERDEFINED ="NO"/>
        <WORKFLOWVARIABLE DATATYPE ="string" DEFAULTVALUE ="" DESCRIPTION ="First error message" ISNULL ="NO" ISPERSISTENT ="NO" NAME ="$s_m_STG_S4_STO.FirstErrorMsg" USERDEFINED ="NO"/>
        <WORKFLOWVARIABLE DATATYPE ="date/time" DEFAULTVALUE ="" DESCRIPTION ="The time this task started" ISNULL ="NO" ISPERSISTENT ="NO" NAME ="$Start.StartTime" USERDEFINED ="NO"/>
        <WORKFLOWVARIABLE DATATYPE ="date/time" DEFAULTVALUE ="" DESCRIPTION ="The time this task completed" ISNULL ="NO" ISPERSISTENT ="NO" NAME ="$Start.EndTime" USERDEFINED ="NO"/>
        <WORKFLOWVARIABLE DATATYPE ="integer" DEFAULTVALUE ="" DESCRIPTION ="Status of this task&apos;s execution" ISNULL ="NO" ISPERSISTENT ="NO" NAME ="$Start.Status" USERDEFINED ="NO"/>
        <WORKFLOWVARIABLE DATATYPE ="integer" DEFAULTVALUE ="" DESCRIPTION ="Status of the previous task that is not disabled" ISNULL ="NO" ISPERSISTENT ="NO" NAME ="$Start.PrevTaskStatus" USERDEFINED ="NO"/>
        <WORKFLOWVARIABLE DATATYPE ="integer" DEFAULTVALUE ="" DESCRIPTION ="Error code for this task&apos;s execution" ISNULL ="NO" ISPERSISTENT ="NO" NAME ="$Start.ErrorCode" USERDEFINED ="NO"/>
        <WORKFLOWVARIABLE DATATYPE ="string" DEFAULTVALUE ="" DESCRIPTION ="Error message for this task&apos;s execution" ISNULL ="NO" ISPERSISTENT ="NO" NAME ="$Start.ErrorMsg" USERDEFINED ="NO"/>
        <ATTRIBUTE NAME ="Parameter Filename" VALUE =""/>
        <ATTRIBUTE NAME ="Write Backward Compatible Workflow Log File" VALUE ="YES"/>
        <ATTRIBUTE NAME ="Workflow Log File Name" VALUE ="wf_s_m_STG_S4_STO.log"/>
        <ATTRIBUTE NAME ="Workflow Log File Directory" VALUE ="$PMWorkflowLogDir&#x5c;ONE_ON_ONE_OTC&#x5c;LOG&#x5c;"/>
        <ATTRIBUTE NAME ="Save Workflow log by" VALUE ="By runs"/>
        <ATTRIBUTE NAME ="Save workflow log for these runs" VALUE ="9"/>
        <ATTRIBUTE NAME ="Service Name" VALUE =""/>
        <ATTRIBUTE NAME ="Service Timeout" VALUE ="0"/>
        <ATTRIBUTE NAME ="Is Service Visible" VALUE ="NO"/>
        <ATTRIBUTE NAME ="Is Service Protected" VALUE ="NO"/>
        <ATTRIBUTE NAME ="Fail task after wait time" VALUE ="0"/>
        <ATTRIBUTE NAME ="Enable HA recovery" VALUE ="NO"/>
        <ATTRIBUTE NAME ="Automatically recover terminated tasks" VALUE ="NO"/>
        <ATTRIBUTE NAME ="Service Level Name" VALUE ="Default"/>
        <ATTRIBUTE NAME ="Allow concurrent run with unique run instance name" VALUE ="NO"/>
        <ATTRIBUTE NAME ="Allow concurrent run with same run instance name" VALUE ="NO"/>
        <ATTRIBUTE NAME ="Maximum number of concurrent runs" VALUE ="0"/>
        <ATTRIBUTE NAME ="Assigned Web Services Hubs" VALUE =""/>
        <ATTRIBUTE NAME ="Maximum number of concurrent runs per Hub" VALUE ="1000"/>
        <ATTRIBUTE NAME ="Expected Service Time" VALUE ="1"/>
        <METADATAEXTENSION COMPONENTVERSION ="1000000" DATATYPE ="STRING" DESCRIPTION ="" DOMAINNAME ="User Defined Metadata Domain" ISCLIENTEDITABLE ="YES" ISCLIENTVISIBLE ="YES" ISREUSABLE ="NO" ISSHAREREAD ="NO" ISSHAREWRITE ="NO" MAXLENGTH ="256" NAME ="Extension" VALUE ="S4_Integration_stg_S4_STO v1.0" VENDORNAME ="INFORMATICA"/>
    </WORKFLOW>
</FOLDER>
</REPOSITORY>
</POWERMART>