<?xml version="1.0" encoding="Windows-1252"?>
<!DOCTYPE POWERMART SYSTEM "powrmart.dtd">
<POWERMART CREATION_DATE="05/20/2024 10:35:30" REPOSITORY_VERSION="187.96">
<REPOSITORY NAME="Domain10_Rep_Svc_Prd" VERSION="187" CODEPAGE="MS1252" DATABASETYPE="Microsoft SQL Server">
<FOLDER NAME="ONE_ON_ONE_OTC" GROUP="" OWNER="Administrator" SHARED="NOTSHARED" DESCRIPTION="" PERMISSIONS="rwx---r--" UUID="8627c2fd-2fe8-4f83-88bf-e34259bd5762">
    <SOURCE BUSINESSNAME ="" DATABASETYPE ="Flat File" DBDNAME ="FlatFile" DESCRIPTION ="" NAME ="DWC_SAP_HBI_DW_DLY_CUSTOMER" OBJECTVERSION ="1" OWNERNAME ="" VERSIONNUMBER ="1">
        <FLATFILE CODEPAGE ="MS1252" CONSECDELIMITERSASONE ="NO" DELIMITED ="YES" DELIMITERS ="," ESCAPE_CHARACTER ="" KEEPESCAPECHAR ="NO" LINESEQUENTIAL ="NO" MULTIDELIMITERSASAND ="YES" NULLCHARTYPE ="ASCII" NULL_CHARACTER ="*" PADBYTES ="1" QUOTE_CHARACTER ="DOUBLE" REPEATABLE ="NO" ROWDELIMITER ="0" SHIFTSENSITIVEDATA ="NO" SKIPROWS ="1" STRIPTRAILINGBLANKS ="NO"/>
        <TABLEATTRIBUTE NAME ="Base Table Name" VALUE =""/>
        <TABLEATTRIBUTE NAME ="Search Specification" VALUE =""/>
        <TABLEATTRIBUTE NAME ="Sort Specification" VALUE =""/>
        <TABLEATTRIBUTE NAME ="Datetime Format" VALUE ="A  19 mm/dd/yyyy hh24:mi:ss"/>
        <TABLEATTRIBUTE NAME ="Thousand Separator" VALUE ="None"/>
        <TABLEATTRIBUTE NAME ="Decimal Separator" VALUE ="."/>
        <TABLEATTRIBUTE NAME ="Add Currently Processed Flat File Name Port" VALUE ="NO"/>
        <TABLEATTRIBUTE NAME ="Source TimeStamp" VALUE =""/>
        <SOURCEFIELD BUSINESSNAME ="" DATATYPE ="string" DESCRIPTION ="" FIELDNUMBER ="1" FIELDPROPERTY ="0" FIELDTYPE ="ELEMITEM" HIDDEN ="NO" KEYTYPE ="NOT A KEY" LENGTH ="256" LEVEL ="0" NAME ="SALESORGANIZATION" NULLABLE ="NULL" OCCURS ="0" OFFSET ="0" PHYSICALLENGTH ="256" PHYSICALOFFSET ="0" PICTURETEXT ="" PRECISION ="256" SCALE ="0" USAGE_FLAGS =""/>
        <SOURCEFIELD BUSINESSNAME ="" DATATYPE ="string" DESCRIPTION ="" FIELDNUMBER ="2" FIELDPROPERTY ="0" FIELDTYPE ="ELEMITEM" HIDDEN ="NO" KEYTYPE ="NOT A KEY" LENGTH ="256" LEVEL ="0" NAME ="SALES_DISTRICT" NULLABLE ="NULL" OCCURS ="0" OFFSET ="256" PHYSICALLENGTH ="256" PHYSICALOFFSET ="256" PICTURETEXT ="" PRECISION ="256" SCALE ="0" USAGE_FLAGS =""/>
        <SOURCEFIELD BUSINESSNAME ="" DATATYPE ="string" DESCRIPTION ="" FIELDNUMBER ="3" FIELDPROPERTY ="0" FIELDTYPE ="ELEMITEM" HIDDEN ="NO" KEYTYPE ="NOT A KEY" LENGTH ="256" LEVEL ="0" NAME ="ADDITIONALCUSTOMERGROUP2" NULLABLE ="NULL" OCCURS ="0" OFFSET ="512" PHYSICALLENGTH ="256" PHYSICALOFFSET ="512" PICTURETEXT ="" PRECISION ="256" SCALE ="0" USAGE_FLAGS =""/>
        <SOURCEFIELD BUSINESSNAME ="" DATATYPE ="string" DESCRIPTION ="" FIELDNUMBER ="4" FIELDPROPERTY ="0" FIELDTYPE ="ELEMITEM" HIDDEN ="NO" KEYTYPE ="NOT A KEY" LENGTH ="256" LEVEL ="0" NAME ="DISTRIBUTION_CHANNEL" NULLABLE ="NULL" OCCURS ="0" OFFSET ="768" PHYSICALLENGTH ="256" PHYSICALOFFSET ="768" PICTURETEXT ="" PRECISION ="256" SCALE ="0" USAGE_FLAGS =""/>
        <SOURCEFIELD BUSINESSNAME ="" DATATYPE ="string" DESCRIPTION ="" FIELDNUMBER ="5" FIELDPROPERTY ="0" FIELDTYPE ="ELEMITEM" HIDDEN ="NO" KEYTYPE ="NOT A KEY" LENGTH ="256" LEVEL ="0" NAME ="CHANNEL_DESC_KATR6" NULLABLE ="NULL" OCCURS ="0" OFFSET ="1024" PHYSICALLENGTH ="256" PHYSICALOFFSET ="1024" PICTURETEXT ="" PRECISION ="256" SCALE ="0" USAGE_FLAGS =""/>
        <SOURCEFIELD BUSINESSNAME ="" DATATYPE ="string" DESCRIPTION ="" FIELDNUMBER ="6" FIELDPROPERTY ="0" FIELDTYPE ="ELEMITEM" HIDDEN ="NO" KEYTYPE ="NOT A KEY" LENGTH ="256" LEVEL ="0" NAME ="DIST_CHANNEL_NAME" NULLABLE ="NULL" OCCURS ="0" OFFSET ="1280" PHYSICALLENGTH ="256" PHYSICALOFFSET ="1280" PICTURETEXT ="" PRECISION ="256" SCALE ="0" USAGE_FLAGS =""/>
        <SOURCEFIELD BUSINESSNAME ="" DATATYPE ="string" DESCRIPTION ="" FIELDNUMBER ="7" FIELDPROPERTY ="0" FIELDTYPE ="ELEMITEM" HIDDEN ="NO" KEYTYPE ="NOT A KEY" LENGTH ="256" LEVEL ="0" NAME ="SALES_RESP_NAME" NULLABLE ="NULL" OCCURS ="0" OFFSET ="1536" PHYSICALLENGTH ="256" PHYSICALOFFSET ="1536" PICTURETEXT ="" PRECISION ="256" SCALE ="0" USAGE_FLAGS =""/>
        <SOURCEFIELD BUSINESSNAME ="" DATATYPE ="string" DESCRIPTION ="" FIELDNUMBER ="8" FIELDPROPERTY ="0" FIELDTYPE ="ELEMITEM" HIDDEN ="NO" KEYTYPE ="NOT A KEY" LENGTH ="256" LEVEL ="0" NAME ="CUSTOMER_FULLNAME" NULLABLE ="NULL" OCCURS ="0" OFFSET ="1792" PHYSICALLENGTH ="256" PHYSICALOFFSET ="1792" PICTURETEXT ="" PRECISION ="256" SCALE ="0" USAGE_FLAGS =""/>
        <SOURCEFIELD BUSINESSNAME ="" DATATYPE ="string" DESCRIPTION ="" FIELDNUMBER ="9" FIELDPROPERTY ="0" FIELDTYPE ="ELEMITEM" HIDDEN ="NO" KEYTYPE ="NOT A KEY" LENGTH ="256" LEVEL ="0" NAME ="CUSTOMER_NAME1" NULLABLE ="NULL" OCCURS ="0" OFFSET ="2048" PHYSICALLENGTH ="256" PHYSICALOFFSET ="2048" PICTURETEXT ="" PRECISION ="256" SCALE ="0" USAGE_FLAGS =""/>
        <SOURCEFIELD BUSINESSNAME ="" DATATYPE ="string" DESCRIPTION ="" FIELDNUMBER ="10" FIELDPROPERTY ="0" FIELDTYPE ="ELEMITEM" HIDDEN ="NO" KEYTYPE ="NOT A KEY" LENGTH ="256" LEVEL ="0" NAME ="PARTNER_FUNCTION" NULLABLE ="NULL" OCCURS ="0" OFFSET ="2304" PHYSICALLENGTH ="256" PHYSICALOFFSET ="2304" PICTURETEXT ="" PRECISION ="256" SCALE ="0" USAGE_FLAGS =""/>
        <SOURCEFIELD BUSINESSNAME ="" DATATYPE ="string" DESCRIPTION ="" FIELDNUMBER ="11" FIELDPROPERTY ="0" FIELDTYPE ="ELEMITEM" HIDDEN ="NO" KEYTYPE ="NOT A KEY" LENGTH ="256" LEVEL ="0" NAME ="COUNT" NULLABLE ="NULL" OCCURS ="0" OFFSET ="2560" PHYSICALLENGTH ="256" PHYSICALOFFSET ="2560" PICTURETEXT ="" PRECISION ="256" SCALE ="0" USAGE_FLAGS =""/>
        <SOURCEFIELD BUSINESSNAME ="" DATATYPE ="string" DESCRIPTION ="" FIELDNUMBER ="12" FIELDPROPERTY ="0" FIELDTYPE ="ELEMITEM" HIDDEN ="NO" KEYTYPE ="NOT A KEY" LENGTH ="256" LEVEL ="0" NAME ="CHAIN_ACCOUNT_ID" NULLABLE ="NULL" OCCURS ="0" OFFSET ="2816" PHYSICALLENGTH ="256" PHYSICALOFFSET ="2816" PICTURETEXT ="" PRECISION ="256" SCALE ="0" USAGE_FLAGS =""/>
        <SOURCEFIELD BUSINESSNAME ="" DATATYPE ="string" DESCRIPTION ="" FIELDNUMBER ="13" FIELDPROPERTY ="0" FIELDTYPE ="ELEMITEM" HIDDEN ="NO" KEYTYPE ="NOT A KEY" LENGTH ="256" LEVEL ="0" NAME ="CHAIN_ACCOUNT_NAME" NULLABLE ="NULL" OCCURS ="0" OFFSET ="3072" PHYSICALLENGTH ="256" PHYSICALOFFSET ="3072" PICTURETEXT ="" PRECISION ="256" SCALE ="0" USAGE_FLAGS =""/>
        <SOURCEFIELD BUSINESSNAME ="" DATATYPE ="string" DESCRIPTION ="" FIELDNUMBER ="14" FIELDPROPERTY ="0" FIELDTYPE ="ELEMITEM" HIDDEN ="NO" KEYTYPE ="NOT A KEY" LENGTH ="256" LEVEL ="0" NAME ="CUSTOMER_PARTNER" NULLABLE ="NULL" OCCURS ="0" OFFSET ="3328" PHYSICALLENGTH ="256" PHYSICALOFFSET ="3328" PICTURETEXT ="" PRECISION ="256" SCALE ="0" USAGE_FLAGS =""/>
        <SOURCEFIELD BUSINESSNAME ="" DATATYPE ="string" DESCRIPTION ="" FIELDNUMBER ="15" FIELDPROPERTY ="0" FIELDTYPE ="ELEMITEM" HIDDEN ="NO" KEYTYPE ="NOT A KEY" LENGTH ="256" LEVEL ="0" NAME ="DIVISION" NULLABLE ="NULL" OCCURS ="0" OFFSET ="3584" PHYSICALLENGTH ="256" PHYSICALOFFSET ="3584" PICTURETEXT ="" PRECISION ="256" SCALE ="0" USAGE_FLAGS =""/>
        <SOURCEFIELD BUSINESSNAME ="" DATATYPE ="string" DESCRIPTION ="" FIELDNUMBER ="16" FIELDPROPERTY ="0" FIELDTYPE ="ELEMITEM" HIDDEN ="NO" KEYTYPE ="NOT A KEY" LENGTH ="256" LEVEL ="0" NAME ="CUSTOMER_PARTNER_NAME" NULLABLE ="NULL" OCCURS ="0" OFFSET ="3840" PHYSICALLENGTH ="256" PHYSICALOFFSET ="3840" PICTURETEXT ="" PRECISION ="256" SCALE ="0" USAGE_FLAGS =""/>
        <SOURCEFIELD BUSINESSNAME ="" DATATYPE ="string" DESCRIPTION ="" FIELDNUMBER ="17" FIELDPROPERTY ="0" FIELDTYPE ="ELEMITEM" HIDDEN ="NO" KEYTYPE ="NOT A KEY" LENGTH ="256" LEVEL ="0" NAME ="PARTNER_FULLNAME" NULLABLE ="NULL" OCCURS ="0" OFFSET ="4096" PHYSICALLENGTH ="256" PHYSICALOFFSET ="4096" PICTURETEXT ="" PRECISION ="256" SCALE ="0" USAGE_FLAGS =""/>
        <SOURCEFIELD BUSINESSNAME ="" DATATYPE ="string" DESCRIPTION ="" FIELDNUMBER ="18" FIELDPROPERTY ="0" FIELDTYPE ="ELEMITEM" HIDDEN ="NO" KEYTYPE ="NOT A KEY" LENGTH ="256" LEVEL ="0" NAME ="CUSTOMER_NUMBER" NULLABLE ="NULL" OCCURS ="0" OFFSET ="4352" PHYSICALLENGTH ="256" PHYSICALOFFSET ="4352" PICTURETEXT ="" PRECISION ="256" SCALE ="0" USAGE_FLAGS =""/>
        <SOURCEFIELD BUSINESSNAME ="" DATATYPE ="string" DESCRIPTION ="" FIELDNUMBER ="19" FIELDPROPERTY ="0" FIELDTYPE ="ELEMITEM" HIDDEN ="NO" KEYTYPE ="NOT A KEY" LENGTH ="256" LEVEL ="0" NAME ="SALESORG_NAME" NULLABLE ="NULL" OCCURS ="0" OFFSET ="4608" PHYSICALLENGTH ="256" PHYSICALOFFSET ="4608" PICTURETEXT ="" PRECISION ="256" SCALE ="0" USAGE_FLAGS =""/>
        <SOURCEFIELD BUSINESSNAME ="" DATATYPE ="string" DESCRIPTION ="" FIELDNUMBER ="20" FIELDPROPERTY ="0" FIELDTYPE ="ELEMITEM" HIDDEN ="NO" KEYTYPE ="NOT A KEY" LENGTH ="256" LEVEL ="0" NAME ="PARVW_VTEXT" NULLABLE ="NULL" OCCURS ="0" OFFSET ="4864" PHYSICALLENGTH ="256" PHYSICALOFFSET ="4864" PICTURETEXT ="" PRECISION ="256" SCALE ="0" USAGE_FLAGS =""/>
        <SOURCEFIELD BUSINESSNAME ="" DATATYPE ="string" DESCRIPTION ="" FIELDNUMBER ="21" FIELDPROPERTY ="0" FIELDTYPE ="ELEMITEM" HIDDEN ="NO" KEYTYPE ="NOT A KEY" LENGTH ="256" LEVEL ="0" NAME ="COUNTRY" NULLABLE ="NULL" OCCURS ="0" OFFSET ="5120" PHYSICALLENGTH ="256" PHYSICALOFFSET ="5120" PICTURETEXT ="" PRECISION ="256" SCALE ="0" USAGE_FLAGS =""/>
        <SOURCEFIELD BUSINESSNAME ="" DATATYPE ="string" DESCRIPTION ="" FIELDNUMBER ="22" FIELDPROPERTY ="0" FIELDTYPE ="ELEMITEM" HIDDEN ="NO" KEYTYPE ="NOT A KEY" LENGTH ="256" LEVEL ="0" NAME ="COUNTRY_NAME" NULLABLE ="NULL" OCCURS ="0" OFFSET ="5376" PHYSICALLENGTH ="256" PHYSICALOFFSET ="5376" PICTURETEXT ="" PRECISION ="256" SCALE ="0" USAGE_FLAGS =""/>
        <SOURCEFIELD BUSINESSNAME ="" DATATYPE ="string" DESCRIPTION ="" FIELDNUMBER ="23" FIELDPROPERTY ="0" FIELDTYPE ="ELEMITEM" HIDDEN ="NO" KEYTYPE ="NOT A KEY" LENGTH ="256" LEVEL ="0" NAME ="CUSTOMERGROUP" NULLABLE ="NULL" OCCURS ="0" OFFSET ="5632" PHYSICALLENGTH ="256" PHYSICALOFFSET ="5632" PICTURETEXT ="" PRECISION ="256" SCALE ="0" USAGE_FLAGS =""/>
        <SOURCEFIELD BUSINESSNAME ="" DATATYPE ="string" DESCRIPTION ="" FIELDNUMBER ="24" FIELDPROPERTY ="0" FIELDTYPE ="ELEMITEM" HIDDEN ="NO" KEYTYPE ="NOT A KEY" LENGTH ="256" LEVEL ="0" NAME ="CUSTOMER_GROUP_TEXT" NULLABLE ="NULL" OCCURS ="0" OFFSET ="5888" PHYSICALLENGTH ="256" PHYSICALOFFSET ="5888" PICTURETEXT ="" PRECISION ="256" SCALE ="0" USAGE_FLAGS =""/>
        <SOURCEFIELD BUSINESSNAME ="" DATATYPE ="string" DESCRIPTION ="" FIELDNUMBER ="25" FIELDPROPERTY ="0" FIELDTYPE ="ELEMITEM" HIDDEN ="NO" KEYTYPE ="NOT A KEY" LENGTH ="256" LEVEL ="0" NAME ="LEGACY_CUSTOMER_NUM" NULLABLE ="NULL" OCCURS ="0" OFFSET ="6144" PHYSICALLENGTH ="256" PHYSICALOFFSET ="6144" PICTURETEXT ="" PRECISION ="256" SCALE ="0" USAGE_FLAGS =""/>
        <SOURCEFIELD BUSINESSNAME ="" DATATYPE ="string" DESCRIPTION ="" FIELDNUMBER ="26" FIELDPROPERTY ="0" FIELDTYPE ="ELEMITEM" HIDDEN ="NO" KEYTYPE ="NOT A KEY" LENGTH ="256" LEVEL ="0" NAME ="PARTNER_COUNTER" NULLABLE ="NULL" OCCURS ="0" OFFSET ="6400" PHYSICALLENGTH ="256" PHYSICALOFFSET ="6400" PICTURETEXT ="" PRECISION ="256" SCALE ="0" USAGE_FLAGS =""/>
        <SOURCEFIELD BUSINESSNAME ="" DATATYPE ="string" DESCRIPTION ="" FIELDNUMBER ="27" FIELDPROPERTY ="0" FIELDTYPE ="ELEMITEM" HIDDEN ="NO" KEYTYPE ="NOT A KEY" LENGTH ="256" LEVEL ="0" NAME ="CUSTOMERACCOUNTGROUP" NULLABLE ="NULL" OCCURS ="0" OFFSET ="6656" PHYSICALLENGTH ="256" PHYSICALOFFSET ="6656" PICTURETEXT ="" PRECISION ="256" SCALE ="0" USAGE_FLAGS =""/>
        <SOURCEFIELD BUSINESSNAME ="" DATATYPE ="string" DESCRIPTION ="" FIELDNUMBER ="28" FIELDPROPERTY ="0" FIELDTYPE ="ELEMITEM" HIDDEN ="NO" KEYTYPE ="NOT A KEY" LENGTH ="256" LEVEL ="0" NAME ="GEO_LOCATION" NULLABLE ="NULL" OCCURS ="0" OFFSET ="6912" PHYSICALLENGTH ="256" PHYSICALOFFSET ="6912" PICTURETEXT ="" PRECISION ="256" SCALE ="0" USAGE_FLAGS =""/>
        <SOURCEFIELD BUSINESSNAME ="" DATATYPE ="string" DESCRIPTION ="" FIELDNUMBER ="29" FIELDPROPERTY ="0" FIELDTYPE ="ELEMITEM" HIDDEN ="NO" KEYTYPE ="NOT A KEY" LENGTH ="256" LEVEL ="0" NAME ="CHANNEL_CODE_KATR6" NULLABLE ="NULL" OCCURS ="0" OFFSET ="7168" PHYSICALLENGTH ="256" PHYSICALOFFSET ="7168" PICTURETEXT ="" PRECISION ="256" SCALE ="0" USAGE_FLAGS =""/>
    </SOURCE>
    <TARGET BUSINESSNAME ="" CONSTRAINT ="" DATABASETYPE ="Oracle" DESCRIPTION ="Target Table - STG_S4_CUSTOMER" NAME ="STG_S4_CUSTOMER" OBJECTVERSION ="1" TABLEOPTIONS ="" VERSIONNUMBER ="1">
        <TARGETFIELD BUSINESSNAME ="" DATATYPE ="varchar2" DESCRIPTION ="" FIELDNUMBER ="1" KEYTYPE ="NOT A KEY" NAME ="SALESORGANIZATION" NULLABLE ="NULL" PICTURETEXT ="" PRECISION ="10" SCALE ="0"/>
        <TARGETFIELD BUSINESSNAME ="" DATATYPE ="varchar2" DESCRIPTION ="" FIELDNUMBER ="2" KEYTYPE ="NOT A KEY" NAME ="SALESDISTRICT" NULLABLE ="NULL" PICTURETEXT ="" PRECISION ="10" SCALE ="0"/>
        <TARGETFIELD BUSINESSNAME ="" DATATYPE ="varchar2" DESCRIPTION ="" FIELDNUMBER ="3" KEYTYPE ="NOT A KEY" NAME ="ADDITIONALCUSTOMERGROUP2" NULLABLE ="NULL" PICTURETEXT ="" PRECISION ="30" SCALE ="0"/>
        <TARGETFIELD BUSINESSNAME ="" DATATYPE ="varchar2" DESCRIPTION ="" FIELDNUMBER ="4" KEYTYPE ="NOT A KEY" NAME ="DISTRIBUTIONCHANNEL" NULLABLE ="NULL" PICTURETEXT ="" PRECISION ="30" SCALE ="0"/>
        <TARGETFIELD BUSINESSNAME ="" DATATYPE ="number(p,s)" DESCRIPTION ="" FIELDNUMBER ="5" KEYTYPE ="NOT A KEY" NAME ="COUNT" NULLABLE ="NULL" PICTURETEXT ="" PRECISION ="38" SCALE ="0"/>
        <TARGETFIELD BUSINESSNAME ="" DATATYPE ="varchar2" DESCRIPTION ="" FIELDNUMBER ="6" KEYTYPE ="NOT A KEY" NAME ="CHANNEL_DESC" NULLABLE ="NULL" PICTURETEXT ="" PRECISION ="30" SCALE ="0"/>
        <TARGETFIELD BUSINESSNAME ="" DATATYPE ="varchar2" DESCRIPTION ="" FIELDNUMBER ="7" KEYTYPE ="NOT A KEY" NAME ="DIST_CHANNEL_DESC" NULLABLE ="NULL" PICTURETEXT ="" PRECISION ="35" SCALE ="0"/>
        <TARGETFIELD BUSINESSNAME ="" DATATYPE ="varchar2" DESCRIPTION ="" FIELDNUMBER ="8" KEYTYPE ="NOT A KEY" NAME ="SALES_RESP_NAME_1" NULLABLE ="NULL" PICTURETEXT ="" PRECISION ="35" SCALE ="0"/>
        <TARGETFIELD BUSINESSNAME ="" DATATYPE ="varchar2" DESCRIPTION ="" FIELDNUMBER ="9" KEYTYPE ="NOT A KEY" NAME ="CUSTOMERFULLNAME" NULLABLE ="NULL" PICTURETEXT ="" PRECISION ="150" SCALE ="0"/>
        <TARGETFIELD BUSINESSNAME ="" DATATYPE ="varchar2" DESCRIPTION ="" FIELDNUMBER ="10" KEYTYPE ="NOT A KEY" NAME ="CUSTOMERNAME1" NULLABLE ="NULL" PICTURETEXT ="" PRECISION ="35" SCALE ="0"/>
        <TARGETFIELD BUSINESSNAME ="" DATATYPE ="varchar2" DESCRIPTION ="" FIELDNUMBER ="11" KEYTYPE ="NOT A KEY" NAME ="PARTNER_FUNCTION" NULLABLE ="NULL" PICTURETEXT ="" PRECISION ="10" SCALE ="0"/>
        <TARGETFIELD BUSINESSNAME ="" DATATYPE ="varchar2" DESCRIPTION ="" FIELDNUMBER ="12" KEYTYPE ="NOT A KEY" NAME ="CHAIN_ACCOUNT_ID" NULLABLE ="NULL" PICTURETEXT ="" PRECISION ="10" SCALE ="0"/>
        <TARGETFIELD BUSINESSNAME ="" DATATYPE ="varchar2" DESCRIPTION ="" FIELDNUMBER ="13" KEYTYPE ="NOT A KEY" NAME ="CHAIN_ACCOUNT_NAME" NULLABLE ="NULL" PICTURETEXT ="" PRECISION ="100" SCALE ="0"/>
        <TARGETFIELD BUSINESSNAME ="" DATATYPE ="varchar2" DESCRIPTION ="" FIELDNUMBER ="14" KEYTYPE ="NOT A KEY" NAME ="CUSTOMER_PARTNER" NULLABLE ="NULL" PICTURETEXT ="" PRECISION ="35" SCALE ="0"/>
        <TARGETFIELD BUSINESSNAME ="" DATATYPE ="varchar2" DESCRIPTION ="" FIELDNUMBER ="15" KEYTYPE ="NOT A KEY" NAME ="DIVISION" NULLABLE ="NULL" PICTURETEXT ="" PRECISION ="35" SCALE ="0"/>
        <TARGETFIELD BUSINESSNAME ="" DATATYPE ="varchar2" DESCRIPTION ="" FIELDNUMBER ="16" KEYTYPE ="NOT A KEY" NAME ="CUSTOMER_PARTNER_NAME" NULLABLE ="NULL" PICTURETEXT ="" PRECISION ="100" SCALE ="0"/>
        <TARGETFIELD BUSINESSNAME ="" DATATYPE ="varchar2" DESCRIPTION ="" FIELDNUMBER ="17" KEYTYPE ="NOT A KEY" NAME ="PARTNER_FULLNAME" NULLABLE ="NULL" PICTURETEXT ="" PRECISION ="150" SCALE ="0"/>
        <TARGETFIELD BUSINESSNAME ="" DATATYPE ="varchar2" DESCRIPTION ="" FIELDNUMBER ="18" KEYTYPE ="NOT A KEY" NAME ="CUSTOMER_NUMBER" NULLABLE ="NULL" PICTURETEXT ="" PRECISION ="10" SCALE ="0"/>
        <TARGETFIELD BUSINESSNAME ="" DATATYPE ="varchar2" DESCRIPTION ="" FIELDNUMBER ="19" KEYTYPE ="NOT A KEY" NAME ="SALESORG_DESC" NULLABLE ="NULL" PICTURETEXT ="" PRECISION ="35" SCALE ="0"/>
        <TARGETFIELD BUSINESSNAME ="" DATATYPE ="varchar2" DESCRIPTION ="" FIELDNUMBER ="20" KEYTYPE ="NOT A KEY" NAME ="PARTNER_FULL_NAME" NULLABLE ="NULL" PICTURETEXT ="" PRECISION ="100" SCALE ="0"/>
        <TARGETFIELD BUSINESSNAME ="" DATATYPE ="varchar2" DESCRIPTION ="" FIELDNUMBER ="21" KEYTYPE ="NOT A KEY" NAME ="COUNTRY_CODE" NULLABLE ="NULL" PICTURETEXT ="" PRECISION ="10" SCALE ="0"/>
        <TARGETFIELD BUSINESSNAME ="" DATATYPE ="varchar2" DESCRIPTION ="" FIELDNUMBER ="22" KEYTYPE ="NOT A KEY" NAME ="COUNTRY_DESC" NULLABLE ="NULL" PICTURETEXT ="" PRECISION ="10" SCALE ="0"/>
        <TARGETFIELD BUSINESSNAME ="" DATATYPE ="varchar2" DESCRIPTION ="" FIELDNUMBER ="23" KEYTYPE ="NOT A KEY" NAME ="CUSTOMERGROUP" NULLABLE ="NULL" PICTURETEXT ="" PRECISION ="10" SCALE ="0"/>
        <TARGETFIELD BUSINESSNAME ="" DATATYPE ="varchar2" DESCRIPTION ="" FIELDNUMBER ="24" KEYTYPE ="NOT A KEY" NAME ="CUSTOMER_GROUP_TEXT" NULLABLE ="NULL" PICTURETEXT ="" PRECISION ="30" SCALE ="0"/>
        <TARGETFIELD BUSINESSNAME ="" DATATYPE ="varchar2" DESCRIPTION ="" FIELDNUMBER ="25" KEYTYPE ="NOT A KEY" NAME ="LEGACY_CUSTOMER_NUM" NULLABLE ="NULL" PICTURETEXT ="" PRECISION ="15" SCALE ="0"/>
        <TARGETFIELD BUSINESSNAME ="" DATATYPE ="number(p,s)" DESCRIPTION ="" FIELDNUMBER ="26" KEYTYPE ="NOT A KEY" NAME ="PARTNER_COUNTER" NULLABLE ="NULL" PICTURETEXT ="" PRECISION ="38" SCALE ="0"/>
        <TARGETFIELD BUSINESSNAME ="" DATATYPE ="varchar2" DESCRIPTION ="" FIELDNUMBER ="27" KEYTYPE ="NOT A KEY" NAME ="CUSTOMERACCOUNTGROUP" NULLABLE ="NULL" PICTURETEXT ="" PRECISION ="20" SCALE ="0"/>
        <TARGETFIELD BUSINESSNAME ="" DATATYPE ="varchar2" DESCRIPTION ="" FIELDNUMBER ="28" KEYTYPE ="NOT A KEY" NAME ="GEO_LOCATION" NULLABLE ="NULL" PICTURETEXT ="" PRECISION ="30" SCALE ="0"/>
        <TARGETFIELD BUSINESSNAME ="" DATATYPE ="varchar2" DESCRIPTION ="" FIELDNUMBER ="29" KEYTYPE ="NOT A KEY" NAME ="CHANNEL_CODE" NULLABLE ="NULL" PICTURETEXT ="" PRECISION ="5" SCALE ="0"/>
    </TARGET>
    <TRANSFORMATION DESCRIPTION ="" NAME ="PR_TRUNC_STG_TBLS" OBJECTVERSION ="1" REUSABLE ="YES" TYPE ="Stored Procedure" VERSIONNUMBER ="1">
        <TRANSFORMFIELD DATATYPE ="string" DEFAULTVALUE ="" DESCRIPTION ="" NAME ="I_TABLE_NAME" PICTURETEXT ="" PORTTYPE ="INPUT" PRECISION ="4000" SCALE ="0"/>
        <TABLEATTRIBUTE NAME ="Stored Procedure Name" VALUE ="PR_TRUNC_STG_TBLS"/>
        <TABLEATTRIBUTE NAME ="Connection Information" VALUE ="$Target"/>
        <TABLEATTRIBUTE NAME ="Call Text" VALUE =""/>
        <TABLEATTRIBUTE NAME ="Stored Procedure Type" VALUE ="Normal"/>
        <TABLEATTRIBUTE NAME ="Execution Order" VALUE ="1"/>
        <TABLEATTRIBUTE NAME ="Tracing Level" VALUE ="Normal"/>
        <TABLEATTRIBUTE NAME ="Subsecond Precision" VALUE ="6"/>
        <TABLEATTRIBUTE NAME ="Output is Repeatable" VALUE ="Based On Input Order"/>
        <TABLEATTRIBUTE NAME ="Output is Deterministic" VALUE ="NO"/>
    </TRANSFORMATION>
    <MAPPING DESCRIPTION ="Mapping load Customer file data into STG_S4_CUSTOMER table" ISVALID ="YES" NAME ="m_STG_S4_CUST" OBJECTVERSION ="1" VERSIONNUMBER ="1">
        <TRANSFORMATION DESCRIPTION ="Source qualifier: Flatfile DWC_SAP_HBI_DW_DLY_CUSTOMER" NAME ="SQ_DWC_SAP_HBI_DW_DLY_CUSTOMER" OBJECTVERSION ="1" REUSABLE ="NO" TYPE ="Source Qualifier" VERSIONNUMBER ="1">
            <TRANSFORMFIELD DATATYPE ="string" DEFAULTVALUE ="" DESCRIPTION ="" NAME ="SALESORGANIZATION" PICTURETEXT ="" PORTTYPE ="INPUT/OUTPUT" PRECISION ="256" SCALE ="0"/>
            <TRANSFORMFIELD DATATYPE ="string" DEFAULTVALUE ="" DESCRIPTION ="" NAME ="SALES_DISTRICT" PICTURETEXT ="" PORTTYPE ="INPUT/OUTPUT" PRECISION ="256" SCALE ="0"/>
            <TRANSFORMFIELD DATATYPE ="string" DEFAULTVALUE ="" DESCRIPTION ="" NAME ="ADDITIONALCUSTOMERGROUP2" PICTURETEXT ="" PORTTYPE ="INPUT/OUTPUT" PRECISION ="256" SCALE ="0"/>
            <TRANSFORMFIELD DATATYPE ="string" DEFAULTVALUE ="" DESCRIPTION ="" NAME ="DISTRIBUTION_CHANNEL" PICTURETEXT ="" PORTTYPE ="INPUT/OUTPUT" PRECISION ="256" SCALE ="0"/>
            <TRANSFORMFIELD DATATYPE ="string" DEFAULTVALUE ="" DESCRIPTION ="" NAME ="CHANNEL_DESC_KATR6" PICTURETEXT ="" PORTTYPE ="INPUT/OUTPUT" PRECISION ="256" SCALE ="0"/>
            <TRANSFORMFIELD DATATYPE ="string" DEFAULTVALUE ="" DESCRIPTION ="" NAME ="DIST_CHANNEL_NAME" PICTURETEXT ="" PORTTYPE ="INPUT/OUTPUT" PRECISION ="256" SCALE ="0"/>
            <TRANSFORMFIELD DATATYPE ="string" DEFAULTVALUE ="" DESCRIPTION ="" NAME ="SALES_RESP_NAME" PICTURETEXT ="" PORTTYPE ="INPUT/OUTPUT" PRECISION ="256" SCALE ="0"/>
            <TRANSFORMFIELD DATATYPE ="string" DEFAULTVALUE ="" DESCRIPTION ="" NAME ="CUSTOMER_FULLNAME" PICTURETEXT ="" PORTTYPE ="INPUT/OUTPUT" PRECISION ="256" SCALE ="0"/>
            <TRANSFORMFIELD DATATYPE ="string" DEFAULTVALUE ="" DESCRIPTION ="" NAME ="CUSTOMER_NAME1" PICTURETEXT ="" PORTTYPE ="INPUT/OUTPUT" PRECISION ="256" SCALE ="0"/>
            <TRANSFORMFIELD DATATYPE ="string" DEFAULTVALUE ="" DESCRIPTION ="" NAME ="PARTNER_FUNCTION" PICTURETEXT ="" PORTTYPE ="INPUT/OUTPUT" PRECISION ="256" SCALE ="0"/>
            <TRANSFORMFIELD DATATYPE ="string" DEFAULTVALUE ="" DESCRIPTION ="" NAME ="COUNT" PICTURETEXT ="" PORTTYPE ="INPUT/OUTPUT" PRECISION ="256" SCALE ="0"/>
            <TRANSFORMFIELD DATATYPE ="string" DEFAULTVALUE ="" DESCRIPTION ="" NAME ="CHAIN_ACCOUNT_ID" PICTURETEXT ="" PORTTYPE ="INPUT/OUTPUT" PRECISION ="256" SCALE ="0"/>
            <TRANSFORMFIELD DATATYPE ="string" DEFAULTVALUE ="" DESCRIPTION ="" NAME ="CHAIN_ACCOUNT_NAME" PICTURETEXT ="" PORTTYPE ="INPUT/OUTPUT" PRECISION ="256" SCALE ="0"/>
            <TRANSFORMFIELD DATATYPE ="string" DEFAULTVALUE ="" DESCRIPTION ="" NAME ="CUSTOMER_PARTNER" PICTURETEXT ="" PORTTYPE ="INPUT/OUTPUT" PRECISION ="256" SCALE ="0"/>
            <TRANSFORMFIELD DATATYPE ="string" DEFAULTVALUE ="" DESCRIPTION ="" NAME ="DIVISION" PICTURETEXT ="" PORTTYPE ="INPUT/OUTPUT" PRECISION ="256" SCALE ="0"/>
            <TRANSFORMFIELD DATATYPE ="string" DEFAULTVALUE ="" DESCRIPTION ="" NAME ="CUSTOMER_PARTNER_NAME" PICTURETEXT ="" PORTTYPE ="INPUT/OUTPUT" PRECISION ="256" SCALE ="0"/>
            <TRANSFORMFIELD DATATYPE ="string" DEFAULTVALUE ="" DESCRIPTION ="" NAME ="PARTNER_FULLNAME" PICTURETEXT ="" PORTTYPE ="INPUT/OUTPUT" PRECISION ="256" SCALE ="0"/>
            <TRANSFORMFIELD DATATYPE ="string" DEFAULTVALUE ="" DESCRIPTION ="" NAME ="CUSTOMER_NUMBER" PICTURETEXT ="" PORTTYPE ="INPUT/OUTPUT" PRECISION ="256" SCALE ="0"/>
            <TRANSFORMFIELD DATATYPE ="string" DEFAULTVALUE ="" DESCRIPTION ="" NAME ="SALESORG_NAME" PICTURETEXT ="" PORTTYPE ="INPUT/OUTPUT" PRECISION ="256" SCALE ="0"/>
            <TRANSFORMFIELD DATATYPE ="string" DEFAULTVALUE ="" DESCRIPTION ="" NAME ="PARVW_VTEXT" PICTURETEXT ="" PORTTYPE ="INPUT/OUTPUT" PRECISION ="256" SCALE ="0"/>
            <TRANSFORMFIELD DATATYPE ="string" DEFAULTVALUE ="" DESCRIPTION ="" NAME ="COUNTRY" PICTURETEXT ="" PORTTYPE ="INPUT/OUTPUT" PRECISION ="256" SCALE ="0"/>
            <TRANSFORMFIELD DATATYPE ="string" DEFAULTVALUE ="" DESCRIPTION ="" NAME ="COUNTRY_NAME" PICTURETEXT ="" PORTTYPE ="INPUT/OUTPUT" PRECISION ="256" SCALE ="0"/>
            <TRANSFORMFIELD DATATYPE ="string" DEFAULTVALUE ="" DESCRIPTION ="" NAME ="CUSTOMERGROUP" PICTURETEXT ="" PORTTYPE ="INPUT/OUTPUT" PRECISION ="256" SCALE ="0"/>
            <TRANSFORMFIELD DATATYPE ="string" DEFAULTVALUE ="" DESCRIPTION ="" NAME ="CUSTOMER_GROUP_TEXT" PICTURETEXT ="" PORTTYPE ="INPUT/OUTPUT" PRECISION ="256" SCALE ="0"/>
            <TRANSFORMFIELD DATATYPE ="string" DEFAULTVALUE ="" DESCRIPTION ="" NAME ="LEGACY_CUSTOMER_NUM" PICTURETEXT ="" PORTTYPE ="INPUT/OUTPUT" PRECISION ="256" SCALE ="0"/>
            <TRANSFORMFIELD DATATYPE ="string" DEFAULTVALUE ="" DESCRIPTION ="" NAME ="PARTNER_COUNTER" PICTURETEXT ="" PORTTYPE ="INPUT/OUTPUT" PRECISION ="256" SCALE ="0"/>
            <TRANSFORMFIELD DATATYPE ="string" DEFAULTVALUE ="" DESCRIPTION ="" NAME ="CUSTOMERACCOUNTGROUP" PICTURETEXT ="" PORTTYPE ="INPUT/OUTPUT" PRECISION ="256" SCALE ="0"/>
            <TRANSFORMFIELD DATATYPE ="string" DEFAULTVALUE ="" DESCRIPTION ="" NAME ="GEO_LOCATION" PICTURETEXT ="" PORTTYPE ="INPUT/OUTPUT" PRECISION ="256" SCALE ="0"/>
            <TRANSFORMFIELD DATATYPE ="string" DEFAULTVALUE ="" DESCRIPTION ="" NAME ="CHANNEL_CODE_KATR6" PICTURETEXT ="" PORTTYPE ="INPUT/OUTPUT" PRECISION ="256" SCALE ="0"/>
            <TABLEATTRIBUTE NAME ="Sql Query" VALUE =""/>
            <TABLEATTRIBUTE NAME ="User Defined Join" VALUE =""/>
            <TABLEATTRIBUTE NAME ="Source Filter" VALUE =""/>
            <TABLEATTRIBUTE NAME ="Number Of Sorted Ports" VALUE ="0"/>
            <TABLEATTRIBUTE NAME ="Tracing Level" VALUE ="Normal"/>
            <TABLEATTRIBUTE NAME ="Is Partitionable" VALUE ="NO"/>
            <TABLEATTRIBUTE NAME ="Pre SQL" VALUE =""/>
            <TABLEATTRIBUTE NAME ="Post SQL" VALUE =""/>
            <TABLEATTRIBUTE NAME ="Output is deterministic" VALUE ="NO"/>
            <TABLEATTRIBUTE NAME ="Output is repeatable" VALUE ="Never"/>
        </TRANSFORMATION>
        <TRANSFORMATION DESCRIPTION ="Direct mapping with datatype conversion" NAME ="EXP_DEFAULT" OBJECTVERSION ="1" REUSABLE ="NO" TYPE ="Expression" VERSIONNUMBER ="1">
            <TRANSFORMFIELD DATATYPE ="nstring" DEFAULTVALUE ="" DESCRIPTION ="" NAME ="I_SALESORGANIZATION" PICTURETEXT ="" PORTTYPE ="INPUT" PRECISION ="256" SCALE ="0"/>
            <TRANSFORMFIELD DATATYPE ="string" DEFAULTVALUE ="" DESCRIPTION ="" NAME ="I_SALESDISTRICT" PICTURETEXT ="" PORTTYPE ="INPUT" PRECISION ="256" SCALE ="0"/>
            <TRANSFORMFIELD DATATYPE ="string" DEFAULTVALUE ="" DESCRIPTION ="" NAME ="I_ADDITIONALCUSTOMERGROUP2" PICTURETEXT ="" PORTTYPE ="INPUT" PRECISION ="256" SCALE ="0"/>
            <TRANSFORMFIELD DATATYPE ="string" DEFAULTVALUE ="" DESCRIPTION ="" NAME ="I_DISTRIBUTIONCHANNEL" PICTURETEXT ="" PORTTYPE ="INPUT" PRECISION ="256" SCALE ="0"/>
            <TRANSFORMFIELD DATATYPE ="string" DEFAULTVALUE ="" DESCRIPTION ="" NAME ="I_CHANNEL_DESC_KATR6" PICTURETEXT ="" PORTTYPE ="INPUT" PRECISION ="256" SCALE ="0"/>
            <TRANSFORMFIELD DATATYPE ="string" DEFAULTVALUE ="" DESCRIPTION ="" NAME ="I_DIST_CHANNEL_NAME" PICTURETEXT ="" PORTTYPE ="INPUT" PRECISION ="256" SCALE ="0"/>
            <TRANSFORMFIELD DATATYPE ="string" DEFAULTVALUE ="" DESCRIPTION ="" NAME ="I_SALES_RESP_NAME" PICTURETEXT ="" PORTTYPE ="INPUT" PRECISION ="256" SCALE ="0"/>
            <TRANSFORMFIELD DATATYPE ="string" DEFAULTVALUE ="" DESCRIPTION ="" NAME ="I_CUSTOMER_FULLNAME" PICTURETEXT ="" PORTTYPE ="INPUT" PRECISION ="256" SCALE ="0"/>
            <TRANSFORMFIELD DATATYPE ="string" DEFAULTVALUE ="" DESCRIPTION ="" NAME ="I_CUSTOMER_NAME1" PICTURETEXT ="" PORTTYPE ="INPUT" PRECISION ="256" SCALE ="0"/>
            <TRANSFORMFIELD DATATYPE ="string" DEFAULTVALUE ="" DESCRIPTION ="" NAME ="I_PARTNER_FUNCTION" PICTURETEXT ="" PORTTYPE ="INPUT" PRECISION ="256" SCALE ="0"/>
            <TRANSFORMFIELD DATATYPE ="string" DEFAULTVALUE ="" DESCRIPTION ="" NAME ="I_COUNT" PICTURETEXT ="" PORTTYPE ="INPUT" PRECISION ="256" SCALE ="0"/>
            <TRANSFORMFIELD DATATYPE ="string" DEFAULTVALUE ="" DESCRIPTION ="" NAME ="I_CHAIN_ACCOUNT_ID" PICTURETEXT ="" PORTTYPE ="INPUT" PRECISION ="256" SCALE ="0"/>
            <TRANSFORMFIELD DATATYPE ="string" DEFAULTVALUE ="" DESCRIPTION ="" NAME ="I_CHAIN_ACCOUNT_NAME" PICTURETEXT ="" PORTTYPE ="INPUT" PRECISION ="256" SCALE ="0"/>
            <TRANSFORMFIELD DATATYPE ="string" DEFAULTVALUE ="" DESCRIPTION ="" NAME ="I_CUSTOMER_PARTNER" PICTURETEXT ="" PORTTYPE ="INPUT" PRECISION ="256" SCALE ="0"/>
            <TRANSFORMFIELD DATATYPE ="string" DEFAULTVALUE ="" DESCRIPTION ="" NAME ="I_DIVISION" PICTURETEXT ="" PORTTYPE ="INPUT" PRECISION ="256" SCALE ="0"/>
            <TRANSFORMFIELD DATATYPE ="string" DEFAULTVALUE ="" DESCRIPTION ="" NAME ="I_CUSTOMER_PARTNER_NAME" PICTURETEXT ="" PORTTYPE ="INPUT" PRECISION ="256" SCALE ="0"/>
            <TRANSFORMFIELD DATATYPE ="string" DEFAULTVALUE ="" DESCRIPTION ="" NAME ="I_PARTNER_FULLNAME" PICTURETEXT ="" PORTTYPE ="INPUT" PRECISION ="256" SCALE ="0"/>
            <TRANSFORMFIELD DATATYPE ="string" DEFAULTVALUE ="" DESCRIPTION ="" NAME ="I_CUSTOMER_NUMBER" PICTURETEXT ="" PORTTYPE ="INPUT" PRECISION ="256" SCALE ="0"/>
            <TRANSFORMFIELD DATATYPE ="string" DEFAULTVALUE ="" DESCRIPTION ="" NAME ="I_SALESORG_NAME" PICTURETEXT ="" PORTTYPE ="INPUT" PRECISION ="256" SCALE ="0"/>
            <TRANSFORMFIELD DATATYPE ="string" DEFAULTVALUE ="" DESCRIPTION ="" NAME ="I_PARVW_VTEXT" PICTURETEXT ="" PORTTYPE ="INPUT" PRECISION ="256" SCALE ="0"/>
            <TRANSFORMFIELD DATATYPE ="string" DEFAULTVALUE ="" DESCRIPTION ="" NAME ="I_COUNTRY" PICTURETEXT ="" PORTTYPE ="INPUT" PRECISION ="256" SCALE ="0"/>
            <TRANSFORMFIELD DATATYPE ="string" DEFAULTVALUE ="" DESCRIPTION ="" NAME ="I_COUNTRY_NAME" PICTURETEXT ="" PORTTYPE ="INPUT" PRECISION ="256" SCALE ="0"/>
            <TRANSFORMFIELD DATATYPE ="string" DEFAULTVALUE ="" DESCRIPTION ="" NAME ="I_CUSTOMERGROUP" PICTURETEXT ="" PORTTYPE ="INPUT" PRECISION ="256" SCALE ="0"/>
            <TRANSFORMFIELD DATATYPE ="string" DEFAULTVALUE ="" DESCRIPTION ="" NAME ="I_CUSTOMER_GROUP_TEXT" PICTURETEXT ="" PORTTYPE ="INPUT" PRECISION ="256" SCALE ="0"/>
            <TRANSFORMFIELD DATATYPE ="string" DEFAULTVALUE ="" DESCRIPTION ="" NAME ="I_LEGACY_CUSTOMER_NUM" PICTURETEXT ="" PORTTYPE ="INPUT" PRECISION ="256" SCALE ="0"/>
            <TRANSFORMFIELD DATATYPE ="string" DEFAULTVALUE ="" DESCRIPTION ="" NAME ="I_PARTNER_COUNTER" PICTURETEXT ="" PORTTYPE ="INPUT" PRECISION ="256" SCALE ="0"/>
            <TRANSFORMFIELD DATATYPE ="string" DEFAULTVALUE ="" DESCRIPTION ="" NAME ="I_CUSTOMERACCOUNTGROUP" PICTURETEXT ="" PORTTYPE ="INPUT" PRECISION ="256" SCALE ="0"/>
            <TRANSFORMFIELD DATATYPE ="string" DEFAULTVALUE ="" DESCRIPTION ="" NAME ="I_GEO_LOCATION" PICTURETEXT ="" PORTTYPE ="INPUT" PRECISION ="256" SCALE ="0"/>
            <TRANSFORMFIELD DATATYPE ="string" DEFAULTVALUE ="" DESCRIPTION ="" NAME ="I_CHANNEL_CODE_KATR6" PICTURETEXT ="" PORTTYPE ="INPUT" PRECISION ="256" SCALE ="0"/>
            <TRANSFORMFIELD DATATYPE ="string" DEFAULTVALUE ="ERROR(&apos;transformation error&apos;)" DESCRIPTION ="" EXPRESSION ="LTRIM(RTRIM(I_SALESORGANIZATION))" EXPRESSIONTYPE ="GENERAL" NAME ="O_SALESORGANIZATION" PICTURETEXT ="" PORTTYPE ="OUTPUT" PRECISION ="256" SCALE ="0"/>
            <TRANSFORMFIELD DATATYPE ="string" DEFAULTVALUE ="ERROR(&apos;transformation error&apos;)" DESCRIPTION ="" EXPRESSION ="LTRIM(RTRIM(I_SALESDISTRICT))" EXPRESSIONTYPE ="GENERAL" NAME ="O_SALESDISTRICT" PICTURETEXT ="" PORTTYPE ="OUTPUT" PRECISION ="256" SCALE ="0"/>
            <TRANSFORMFIELD DATATYPE ="string" DEFAULTVALUE ="ERROR(&apos;transformation error&apos;)" DESCRIPTION ="" EXPRESSION ="LTRIM(RTRIM(I_ADDITIONALCUSTOMERGROUP2))" EXPRESSIONTYPE ="GENERAL" NAME ="O_ADDITIONALCUSTOMERGROUP2" PICTURETEXT ="" PORTTYPE ="OUTPUT" PRECISION ="256" SCALE ="0"/>
            <TRANSFORMFIELD DATATYPE ="string" DEFAULTVALUE ="ERROR(&apos;transformation error&apos;)" DESCRIPTION ="" EXPRESSION ="LTRIM(RTRIM(I_DISTRIBUTIONCHANNEL))" EXPRESSIONTYPE ="GENERAL" NAME ="O_DISTRIBUTIONCHANNEL" PICTURETEXT ="" PORTTYPE ="OUTPUT" PRECISION ="256" SCALE ="0"/>
            <TRANSFORMFIELD DATATYPE ="integer" DEFAULTVALUE ="ERROR(&apos;transformation error&apos;)" DESCRIPTION ="" EXPRESSION ="TO_INTEGER(LTRIM(RTRIM(I_COUNT)))" EXPRESSIONTYPE ="GENERAL" NAME ="O_COUNT" PICTURETEXT ="" PORTTYPE ="OUTPUT" PRECISION ="10" SCALE ="0"/>
            <TRANSFORMFIELD DATATYPE ="string" DEFAULTVALUE ="ERROR(&apos;transformation error&apos;)" DESCRIPTION ="" EXPRESSION ="LTRIM(RTRIM(I_CHANNEL_DESC_KATR6))" EXPRESSIONTYPE ="GENERAL" NAME ="O_CHANNEL_DESC_KATR6" PICTURETEXT ="" PORTTYPE ="OUTPUT" PRECISION ="256" SCALE ="0"/>
            <TRANSFORMFIELD DATATYPE ="string" DEFAULTVALUE ="ERROR(&apos;transformation error&apos;)" DESCRIPTION ="" EXPRESSION ="LTRIM(RTRIM(I_DIST_CHANNEL_NAME))" EXPRESSIONTYPE ="GENERAL" NAME ="O_DIST_CHANNEL_NAME" PICTURETEXT ="" PORTTYPE ="OUTPUT" PRECISION ="256" SCALE ="0"/>
            <TRANSFORMFIELD DATATYPE ="string" DEFAULTVALUE ="ERROR(&apos;transformation error&apos;)" DESCRIPTION ="" EXPRESSION ="LTRIM(RTRIM(I_SALES_RESP_NAME))" EXPRESSIONTYPE ="GENERAL" NAME ="O_SALES_RESP_NAME" PICTURETEXT ="" PORTTYPE ="OUTPUT" PRECISION ="256" SCALE ="0"/>
            <TRANSFORMFIELD DATATYPE ="string" DEFAULTVALUE ="ERROR(&apos;transformation error&apos;)" DESCRIPTION ="" EXPRESSION ="LTRIM(RTRIM(I_CUSTOMER_FULLNAME))" EXPRESSIONTYPE ="GENERAL" NAME ="O_CUSTOMER_FULLNAME" PICTURETEXT ="" PORTTYPE ="OUTPUT" PRECISION ="256" SCALE ="0"/>
            <TRANSFORMFIELD DATATYPE ="string" DEFAULTVALUE ="ERROR(&apos;transformation error&apos;)" DESCRIPTION ="" EXPRESSION ="LTRIM(RTRIM(I_CUSTOMER_NAME1))" EXPRESSIONTYPE ="GENERAL" NAME ="O_CUSTOMER_NAME1" PICTURETEXT ="" PORTTYPE ="OUTPUT" PRECISION ="256" SCALE ="0"/>
            <TRANSFORMFIELD DATATYPE ="string" DEFAULTVALUE ="ERROR(&apos;transformation error&apos;)" DESCRIPTION ="" EXPRESSION ="LTRIM(RTRIM(I_PARTNER_FUNCTION))" EXPRESSIONTYPE ="GENERAL" NAME ="O_PARTNER_FUNCTION" PICTURETEXT ="" PORTTYPE ="OUTPUT" PRECISION ="256" SCALE ="0"/>
            <TRANSFORMFIELD DATATYPE ="string" DEFAULTVALUE ="ERROR(&apos;transformation error&apos;)" DESCRIPTION ="" EXPRESSION ="LTRIM(RTRIM(I_CHAIN_ACCOUNT_ID))" EXPRESSIONTYPE ="GENERAL" NAME ="O_CHAIN_ACCOUNT_ID" PICTURETEXT ="" PORTTYPE ="OUTPUT" PRECISION ="256" SCALE ="0"/>
            <TRANSFORMFIELD DATATYPE ="string" DEFAULTVALUE ="ERROR(&apos;transformation error&apos;)" DESCRIPTION ="" EXPRESSION ="LTRIM(RTRIM(I_CHAIN_ACCOUNT_NAME))" EXPRESSIONTYPE ="GENERAL" NAME ="O_CHAIN_ACCOUNT_NAME" PICTURETEXT ="" PORTTYPE ="OUTPUT" PRECISION ="256" SCALE ="0"/>
            <TRANSFORMFIELD DATATYPE ="string" DEFAULTVALUE ="ERROR(&apos;transformation error&apos;)" DESCRIPTION ="" EXPRESSION ="LTRIM(RTRIM(I_CUSTOMER_PARTNER))" EXPRESSIONTYPE ="GENERAL" NAME ="O_CUSTOMER_PARTNER" PICTURETEXT ="" PORTTYPE ="OUTPUT" PRECISION ="256" SCALE ="0"/>
            <TRANSFORMFIELD DATATYPE ="string" DEFAULTVALUE ="ERROR(&apos;transformation error&apos;)" DESCRIPTION ="" EXPRESSION ="LTRIM(RTRIM(I_DIVISION))" EXPRESSIONTYPE ="GENERAL" NAME ="O_DIVISION" PICTURETEXT ="" PORTTYPE ="OUTPUT" PRECISION ="256" SCALE ="0"/>
            <TRANSFORMFIELD DATATYPE ="string" DEFAULTVALUE ="ERROR(&apos;transformation error&apos;)" DESCRIPTION ="" EXPRESSION ="LTRIM(RTRIM(I_CUSTOMER_PARTNER_NAME))" EXPRESSIONTYPE ="GENERAL" NAME ="O_CUSTOMER_PARTNER_NAME" PICTURETEXT ="" PORTTYPE ="OUTPUT" PRECISION ="256" SCALE ="0"/>
            <TRANSFORMFIELD DATATYPE ="string" DEFAULTVALUE ="ERROR(&apos;transformation error&apos;)" DESCRIPTION ="" EXPRESSION ="LTRIM(RTRIM(I_PARTNER_FULLNAME))" EXPRESSIONTYPE ="GENERAL" NAME ="O_PARTNER_FULLNAME" PICTURETEXT ="" PORTTYPE ="OUTPUT" PRECISION ="256" SCALE ="0"/>
            <TRANSFORMFIELD DATATYPE ="string" DEFAULTVALUE ="ERROR(&apos;transformation error&apos;)" DESCRIPTION ="" EXPRESSION ="LTRIM(RTRIM(I_CUSTOMER_NUMBER))" EXPRESSIONTYPE ="GENERAL" NAME ="O_CUSTOMER_NUMBER" PICTURETEXT ="" PORTTYPE ="OUTPUT" PRECISION ="256" SCALE ="0"/>
            <TRANSFORMFIELD DATATYPE ="string" DEFAULTVALUE ="ERROR(&apos;transformation error&apos;)" DESCRIPTION ="" EXPRESSION ="LTRIM(RTRIM(I_SALESORG_NAME))" EXPRESSIONTYPE ="GENERAL" NAME ="O_SALESORG_NAME" PICTURETEXT ="" PORTTYPE ="OUTPUT" PRECISION ="256" SCALE ="0"/>
            <TRANSFORMFIELD DATATYPE ="string" DEFAULTVALUE ="ERROR(&apos;transformation error&apos;)" DESCRIPTION ="" EXPRESSION ="LTRIM(RTRIM(I_PARVW_VTEXT))" EXPRESSIONTYPE ="GENERAL" NAME ="O_PARVW_VTEXT" PICTURETEXT ="" PORTTYPE ="OUTPUT" PRECISION ="256" SCALE ="0"/>
            <TRANSFORMFIELD DATATYPE ="string" DEFAULTVALUE ="ERROR(&apos;transformation error&apos;)" DESCRIPTION ="" EXPRESSION ="LTRIM(RTRIM(I_COUNTRY))" EXPRESSIONTYPE ="GENERAL" NAME ="O_COUNTRY" PICTURETEXT ="" PORTTYPE ="OUTPUT" PRECISION ="256" SCALE ="0"/>
            <TRANSFORMFIELD DATATYPE ="string" DEFAULTVALUE ="ERROR(&apos;transformation error&apos;)" DESCRIPTION ="" EXPRESSION ="LTRIM(RTRIM(I_COUNTRY_NAME))" EXPRESSIONTYPE ="GENERAL" NAME ="O_COUNTRY_NAME" PICTURETEXT ="" PORTTYPE ="OUTPUT" PRECISION ="256" SCALE ="0"/>
            <TRANSFORMFIELD DATATYPE ="string" DEFAULTVALUE ="ERROR(&apos;transformation error&apos;)" DESCRIPTION ="" EXPRESSION ="LTRIM(RTRIM(I_CUSTOMERGROUP))" EXPRESSIONTYPE ="GENERAL" NAME ="O_CUSTOMERGROUP" PICTURETEXT ="" PORTTYPE ="OUTPUT" PRECISION ="256" SCALE ="0"/>
            <TRANSFORMFIELD DATATYPE ="string" DEFAULTVALUE ="ERROR(&apos;transformation error&apos;)" DESCRIPTION ="" EXPRESSION ="LTRIM(RTRIM(I_CUSTOMER_GROUP_TEXT))" EXPRESSIONTYPE ="GENERAL" NAME ="O_CUSTOMER_GROUP_TEXT" PICTURETEXT ="" PORTTYPE ="OUTPUT" PRECISION ="256" SCALE ="0"/>
            <TRANSFORMFIELD DATATYPE ="string" DEFAULTVALUE ="ERROR(&apos;transformation error&apos;)" DESCRIPTION ="" EXPRESSION ="LTRIM(RTRIM(I_LEGACY_CUSTOMER_NUM))" EXPRESSIONTYPE ="GENERAL" NAME ="O_LEGACY_CUSTOMER_NUM" PICTURETEXT ="" PORTTYPE ="OUTPUT" PRECISION ="256" SCALE ="0"/>
            <TRANSFORMFIELD DATATYPE ="integer" DEFAULTVALUE ="ERROR(&apos;transformation error&apos;)" DESCRIPTION ="" EXPRESSION ="TO_INTEGER(LTRIM(RTRIM(I_PARTNER_COUNTER)))" EXPRESSIONTYPE ="GENERAL" NAME ="O_PARTNER_COUNTER" PICTURETEXT ="" PORTTYPE ="OUTPUT" PRECISION ="10" SCALE ="0"/>
            <TRANSFORMFIELD DATATYPE ="string" DEFAULTVALUE ="ERROR(&apos;transformation error&apos;)" DESCRIPTION ="" EXPRESSION ="LTRIM(RTRIM(I_CUSTOMERACCOUNTGROUP))" EXPRESSIONTYPE ="GENERAL" NAME ="O_CUSTOMERACCOUNTGROUP" PICTURETEXT ="" PORTTYPE ="OUTPUT" PRECISION ="256" SCALE ="0"/>
            <TRANSFORMFIELD DATATYPE ="string" DEFAULTVALUE ="ERROR(&apos;transformation error&apos;)" DESCRIPTION ="" EXPRESSION ="LTRIM(RTRIM(I_GEO_LOCATION))" EXPRESSIONTYPE ="GENERAL" NAME ="O_GEO_LOCATION" PICTURETEXT ="" PORTTYPE ="OUTPUT" PRECISION ="256" SCALE ="0"/>
            <TRANSFORMFIELD DATATYPE ="string" DEFAULTVALUE ="ERROR(&apos;transformation error&apos;)" DESCRIPTION ="" EXPRESSION ="LTRIM(RTRIM(I_CHANNEL_CODE_KATR6))" EXPRESSIONTYPE ="GENERAL" NAME ="O_CHANNEL_CODE_KATR6" PICTURETEXT ="" PORTTYPE ="OUTPUT" PRECISION ="5" SCALE ="0"/>
            <TABLEATTRIBUTE NAME ="Tracing Level" VALUE ="Normal"/>
        </TRANSFORMATION>
        <INSTANCE DESCRIPTION ="Target table - STG_S4_CUSTOMER" NAME ="STG_S4_CUSTOMER" TRANSFORMATION_NAME ="STG_S4_CUSTOMER" TRANSFORMATION_TYPE ="Target Definition" TYPE ="TARGET"/>
        <INSTANCE DBDNAME ="FlatFile" DESCRIPTION ="Source Definition - FF - DWC_SAP_HBI_DW_DLY_CUSTOMER" NAME ="DWC_SAP_HBI_DW_DLY_CUSTOMER" TRANSFORMATION_NAME ="DWC_SAP_HBI_DW_DLY_CUSTOMER" TRANSFORMATION_TYPE ="Source Definition" TYPE ="SOURCE"/>
        <INSTANCE DESCRIPTION ="This truncates target table data:STG_S4_CUSTOMER" NAME ="PR_TRUNC_STG_TBLS" REUSABLE ="YES" TRANSFORMATION_NAME ="PR_TRUNC_STG_TBLS" TRANSFORMATION_TYPE ="Stored Procedure" TYPE ="TRANSFORMATION">
            <TABLEATTRIBUTE NAME ="Connection Information" VALUE ="SLBADW"/>
            <TABLEATTRIBUTE NAME ="Call Text" VALUE ="STAGING.PR_TRUNC_STG_TBLS(STG_S4_CUSTOMER)"/>
            <TABLEATTRIBUTE NAME ="Stored Procedure Type" VALUE ="Target Pre Load "/>
        </INSTANCE>
        <INSTANCE DESCRIPTION ="Source qualifier: Flatfile DWC_SAP_HBI_DW_DLY_CUSTOMER" NAME ="SQ_DWC_SAP_HBI_DW_DLY_CUSTOMER" REUSABLE ="NO" TRANSFORMATION_NAME ="SQ_DWC_SAP_HBI_DW_DLY_CUSTOMER" TRANSFORMATION_TYPE ="Source Qualifier" TYPE ="TRANSFORMATION">
            <ASSOCIATED_SOURCE_INSTANCE NAME ="DWC_SAP_HBI_DW_DLY_CUSTOMER"/>
        </INSTANCE>
        <INSTANCE DESCRIPTION ="Direct mapping with datatype conversion" NAME ="EXP_DEFAULT" REUSABLE ="NO" TRANSFORMATION_NAME ="EXP_DEFAULT" TRANSFORMATION_TYPE ="Expression" TYPE ="TRANSFORMATION"/>
        <CONNECTOR FROMFIELD ="O_CUSTOMER_FULLNAME" FROMINSTANCE ="EXP_DEFAULT" FROMINSTANCETYPE ="Expression" TOFIELD ="CUSTOMERFULLNAME" TOINSTANCE ="STG_S4_CUSTOMER" TOINSTANCETYPE ="Target Definition"/>
        <CONNECTOR FROMFIELD ="O_SALES_RESP_NAME" FROMINSTANCE ="EXP_DEFAULT" FROMINSTANCETYPE ="Expression" TOFIELD ="SALES_RESP_NAME_1" TOINSTANCE ="STG_S4_CUSTOMER" TOINSTANCETYPE ="Target Definition"/>
        <CONNECTOR FROMFIELD ="O_DIST_CHANNEL_NAME" FROMINSTANCE ="EXP_DEFAULT" FROMINSTANCETYPE ="Expression" TOFIELD ="DIST_CHANNEL_DESC" TOINSTANCE ="STG_S4_CUSTOMER" TOINSTANCETYPE ="Target Definition"/>
        <CONNECTOR FROMFIELD ="O_CHAIN_ACCOUNT_NAME" FROMINSTANCE ="EXP_DEFAULT" FROMINSTANCETYPE ="Expression" TOFIELD ="CHAIN_ACCOUNT_NAME" TOINSTANCE ="STG_S4_CUSTOMER" TOINSTANCETYPE ="Target Definition"/>
        <CONNECTOR FROMFIELD ="O_CHAIN_ACCOUNT_ID" FROMINSTANCE ="EXP_DEFAULT" FROMINSTANCETYPE ="Expression" TOFIELD ="CHAIN_ACCOUNT_ID" TOINSTANCE ="STG_S4_CUSTOMER" TOINSTANCETYPE ="Target Definition"/>
        <CONNECTOR FROMFIELD ="O_CUSTOMER_NUMBER" FROMINSTANCE ="EXP_DEFAULT" FROMINSTANCETYPE ="Expression" TOFIELD ="CUSTOMER_NUMBER" TOINSTANCE ="STG_S4_CUSTOMER" TOINSTANCETYPE ="Target Definition"/>
        <CONNECTOR FROMFIELD ="O_CUSTOMER_GROUP_TEXT" FROMINSTANCE ="EXP_DEFAULT" FROMINSTANCETYPE ="Expression" TOFIELD ="CUSTOMER_GROUP_TEXT" TOINSTANCE ="STG_S4_CUSTOMER" TOINSTANCETYPE ="Target Definition"/>
        <CONNECTOR FROMFIELD ="O_CUSTOMERGROUP" FROMINSTANCE ="EXP_DEFAULT" FROMINSTANCETYPE ="Expression" TOFIELD ="CUSTOMERGROUP" TOINSTANCE ="STG_S4_CUSTOMER" TOINSTANCETYPE ="Target Definition"/>
        <CONNECTOR FROMFIELD ="O_CHANNEL_DESC_KATR6" FROMINSTANCE ="EXP_DEFAULT" FROMINSTANCETYPE ="Expression" TOFIELD ="CHANNEL_DESC" TOINSTANCE ="STG_S4_CUSTOMER" TOINSTANCETYPE ="Target Definition"/>
        <CONNECTOR FROMFIELD ="O_COUNT" FROMINSTANCE ="EXP_DEFAULT" FROMINSTANCETYPE ="Expression" TOFIELD ="COUNT" TOINSTANCE ="STG_S4_CUSTOMER" TOINSTANCETYPE ="Target Definition"/>
        <CONNECTOR FROMFIELD ="O_LEGACY_CUSTOMER_NUM" FROMINSTANCE ="EXP_DEFAULT" FROMINSTANCETYPE ="Expression" TOFIELD ="LEGACY_CUSTOMER_NUM" TOINSTANCE ="STG_S4_CUSTOMER" TOINSTANCETYPE ="Target Definition"/>
        <CONNECTOR FROMFIELD ="O_PARTNER_COUNTER" FROMINSTANCE ="EXP_DEFAULT" FROMINSTANCETYPE ="Expression" TOFIELD ="PARTNER_COUNTER" TOINSTANCE ="STG_S4_CUSTOMER" TOINSTANCETYPE ="Target Definition"/>
        <CONNECTOR FROMFIELD ="O_CUSTOMERACCOUNTGROUP" FROMINSTANCE ="EXP_DEFAULT" FROMINSTANCETYPE ="Expression" TOFIELD ="CUSTOMERACCOUNTGROUP" TOINSTANCE ="STG_S4_CUSTOMER" TOINSTANCETYPE ="Target Definition"/>
        <CONNECTOR FROMFIELD ="O_GEO_LOCATION" FROMINSTANCE ="EXP_DEFAULT" FROMINSTANCETYPE ="Expression" TOFIELD ="GEO_LOCATION" TOINSTANCE ="STG_S4_CUSTOMER" TOINSTANCETYPE ="Target Definition"/>
        <CONNECTOR FROMFIELD ="O_CHANNEL_CODE_KATR6" FROMINSTANCE ="EXP_DEFAULT" FROMINSTANCETYPE ="Expression" TOFIELD ="CHANNEL_CODE" TOINSTANCE ="STG_S4_CUSTOMER" TOINSTANCETYPE ="Target Definition"/>
        <CONNECTOR FROMFIELD ="O_DISTRIBUTIONCHANNEL" FROMINSTANCE ="EXP_DEFAULT" FROMINSTANCETYPE ="Expression" TOFIELD ="DISTRIBUTIONCHANNEL" TOINSTANCE ="STG_S4_CUSTOMER" TOINSTANCETYPE ="Target Definition"/>
        <CONNECTOR FROMFIELD ="O_ADDITIONALCUSTOMERGROUP2" FROMINSTANCE ="EXP_DEFAULT" FROMINSTANCETYPE ="Expression" TOFIELD ="ADDITIONALCUSTOMERGROUP2" TOINSTANCE ="STG_S4_CUSTOMER" TOINSTANCETYPE ="Target Definition"/>
        <CONNECTOR FROMFIELD ="O_SALESDISTRICT" FROMINSTANCE ="EXP_DEFAULT" FROMINSTANCETYPE ="Expression" TOFIELD ="SALESDISTRICT" TOINSTANCE ="STG_S4_CUSTOMER" TOINSTANCETYPE ="Target Definition"/>
        <CONNECTOR FROMFIELD ="O_SALESORGANIZATION" FROMINSTANCE ="EXP_DEFAULT" FROMINSTANCETYPE ="Expression" TOFIELD ="SALESORGANIZATION" TOINSTANCE ="STG_S4_CUSTOMER" TOINSTANCETYPE ="Target Definition"/>
        <CONNECTOR FROMFIELD ="O_COUNTRY_NAME" FROMINSTANCE ="EXP_DEFAULT" FROMINSTANCETYPE ="Expression" TOFIELD ="COUNTRY_DESC" TOINSTANCE ="STG_S4_CUSTOMER" TOINSTANCETYPE ="Target Definition"/>
        <CONNECTOR FROMFIELD ="O_COUNTRY" FROMINSTANCE ="EXP_DEFAULT" FROMINSTANCETYPE ="Expression" TOFIELD ="COUNTRY_CODE" TOINSTANCE ="STG_S4_CUSTOMER" TOINSTANCETYPE ="Target Definition"/>
        <CONNECTOR FROMFIELD ="O_PARVW_VTEXT" FROMINSTANCE ="EXP_DEFAULT" FROMINSTANCETYPE ="Expression" TOFIELD ="PARTNER_FULL_NAME" TOINSTANCE ="STG_S4_CUSTOMER" TOINSTANCETYPE ="Target Definition"/>
        <CONNECTOR FROMFIELD ="O_SALESORG_NAME" FROMINSTANCE ="EXP_DEFAULT" FROMINSTANCETYPE ="Expression" TOFIELD ="SALESORG_DESC" TOINSTANCE ="STG_S4_CUSTOMER" TOINSTANCETYPE ="Target Definition"/>
        <CONNECTOR FROMFIELD ="O_PARTNER_FULLNAME" FROMINSTANCE ="EXP_DEFAULT" FROMINSTANCETYPE ="Expression" TOFIELD ="PARTNER_FULLNAME" TOINSTANCE ="STG_S4_CUSTOMER" TOINSTANCETYPE ="Target Definition"/>
        <CONNECTOR FROMFIELD ="O_CUSTOMER_PARTNER_NAME" FROMINSTANCE ="EXP_DEFAULT" FROMINSTANCETYPE ="Expression" TOFIELD ="CUSTOMER_PARTNER_NAME" TOINSTANCE ="STG_S4_CUSTOMER" TOINSTANCETYPE ="Target Definition"/>
        <CONNECTOR FROMFIELD ="O_DIVISION" FROMINSTANCE ="EXP_DEFAULT" FROMINSTANCETYPE ="Expression" TOFIELD ="DIVISION" TOINSTANCE ="STG_S4_CUSTOMER" TOINSTANCETYPE ="Target Definition"/>
        <CONNECTOR FROMFIELD ="O_CUSTOMER_PARTNER" FROMINSTANCE ="EXP_DEFAULT" FROMINSTANCETYPE ="Expression" TOFIELD ="CUSTOMER_PARTNER" TOINSTANCE ="STG_S4_CUSTOMER" TOINSTANCETYPE ="Target Definition"/>
        <CONNECTOR FROMFIELD ="O_PARTNER_FUNCTION" FROMINSTANCE ="EXP_DEFAULT" FROMINSTANCETYPE ="Expression" TOFIELD ="PARTNER_FUNCTION" TOINSTANCE ="STG_S4_CUSTOMER" TOINSTANCETYPE ="Target Definition"/>
        <CONNECTOR FROMFIELD ="O_CUSTOMER_NAME1" FROMINSTANCE ="EXP_DEFAULT" FROMINSTANCETYPE ="Expression" TOFIELD ="CUSTOMERNAME1" TOINSTANCE ="STG_S4_CUSTOMER" TOINSTANCETYPE ="Target Definition"/>
        <CONNECTOR FROMFIELD ="SALESORGANIZATION" FROMINSTANCE ="DWC_SAP_HBI_DW_DLY_CUSTOMER" FROMINSTANCETYPE ="Source Definition" TOFIELD ="SALESORGANIZATION" TOINSTANCE ="SQ_DWC_SAP_HBI_DW_DLY_CUSTOMER" TOINSTANCETYPE ="Source Qualifier"/>
        <CONNECTOR FROMFIELD ="SALES_DISTRICT" FROMINSTANCE ="DWC_SAP_HBI_DW_DLY_CUSTOMER" FROMINSTANCETYPE ="Source Definition" TOFIELD ="SALES_DISTRICT" TOINSTANCE ="SQ_DWC_SAP_HBI_DW_DLY_CUSTOMER" TOINSTANCETYPE ="Source Qualifier"/>
        <CONNECTOR FROMFIELD ="ADDITIONALCUSTOMERGROUP2" FROMINSTANCE ="DWC_SAP_HBI_DW_DLY_CUSTOMER" FROMINSTANCETYPE ="Source Definition" TOFIELD ="ADDITIONALCUSTOMERGROUP2" TOINSTANCE ="SQ_DWC_SAP_HBI_DW_DLY_CUSTOMER" TOINSTANCETYPE ="Source Qualifier"/>
        <CONNECTOR FROMFIELD ="DISTRIBUTION_CHANNEL" FROMINSTANCE ="DWC_SAP_HBI_DW_DLY_CUSTOMER" FROMINSTANCETYPE ="Source Definition" TOFIELD ="DISTRIBUTION_CHANNEL" TOINSTANCE ="SQ_DWC_SAP_HBI_DW_DLY_CUSTOMER" TOINSTANCETYPE ="Source Qualifier"/>
        <CONNECTOR FROMFIELD ="CHANNEL_DESC_KATR6" FROMINSTANCE ="DWC_SAP_HBI_DW_DLY_CUSTOMER" FROMINSTANCETYPE ="Source Definition" TOFIELD ="CHANNEL_DESC_KATR6" TOINSTANCE ="SQ_DWC_SAP_HBI_DW_DLY_CUSTOMER" TOINSTANCETYPE ="Source Qualifier"/>
        <CONNECTOR FROMFIELD ="DIST_CHANNEL_NAME" FROMINSTANCE ="DWC_SAP_HBI_DW_DLY_CUSTOMER" FROMINSTANCETYPE ="Source Definition" TOFIELD ="DIST_CHANNEL_NAME" TOINSTANCE ="SQ_DWC_SAP_HBI_DW_DLY_CUSTOMER" TOINSTANCETYPE ="Source Qualifier"/>
        <CONNECTOR FROMFIELD ="SALES_RESP_NAME" FROMINSTANCE ="DWC_SAP_HBI_DW_DLY_CUSTOMER" FROMINSTANCETYPE ="Source Definition" TOFIELD ="SALES_RESP_NAME" TOINSTANCE ="SQ_DWC_SAP_HBI_DW_DLY_CUSTOMER" TOINSTANCETYPE ="Source Qualifier"/>
        <CONNECTOR FROMFIELD ="CUSTOMER_FULLNAME" FROMINSTANCE ="DWC_SAP_HBI_DW_DLY_CUSTOMER" FROMINSTANCETYPE ="Source Definition" TOFIELD ="CUSTOMER_FULLNAME" TOINSTANCE ="SQ_DWC_SAP_HBI_DW_DLY_CUSTOMER" TOINSTANCETYPE ="Source Qualifier"/>
        <CONNECTOR FROMFIELD ="CUSTOMER_NAME1" FROMINSTANCE ="DWC_SAP_HBI_DW_DLY_CUSTOMER" FROMINSTANCETYPE ="Source Definition" TOFIELD ="CUSTOMER_NAME1" TOINSTANCE ="SQ_DWC_SAP_HBI_DW_DLY_CUSTOMER" TOINSTANCETYPE ="Source Qualifier"/>
        <CONNECTOR FROMFIELD ="PARTNER_FUNCTION" FROMINSTANCE ="DWC_SAP_HBI_DW_DLY_CUSTOMER" FROMINSTANCETYPE ="Source Definition" TOFIELD ="PARTNER_FUNCTION" TOINSTANCE ="SQ_DWC_SAP_HBI_DW_DLY_CUSTOMER" TOINSTANCETYPE ="Source Qualifier"/>
        <CONNECTOR FROMFIELD ="COUNT" FROMINSTANCE ="DWC_SAP_HBI_DW_DLY_CUSTOMER" FROMINSTANCETYPE ="Source Definition" TOFIELD ="COUNT" TOINSTANCE ="SQ_DWC_SAP_HBI_DW_DLY_CUSTOMER" TOINSTANCETYPE ="Source Qualifier"/>
        <CONNECTOR FROMFIELD ="CHAIN_ACCOUNT_ID" FROMINSTANCE ="DWC_SAP_HBI_DW_DLY_CUSTOMER" FROMINSTANCETYPE ="Source Definition" TOFIELD ="CHAIN_ACCOUNT_ID" TOINSTANCE ="SQ_DWC_SAP_HBI_DW_DLY_CUSTOMER" TOINSTANCETYPE ="Source Qualifier"/>
        <CONNECTOR FROMFIELD ="CHAIN_ACCOUNT_NAME" FROMINSTANCE ="DWC_SAP_HBI_DW_DLY_CUSTOMER" FROMINSTANCETYPE ="Source Definition" TOFIELD ="CHAIN_ACCOUNT_NAME" TOINSTANCE ="SQ_DWC_SAP_HBI_DW_DLY_CUSTOMER" TOINSTANCETYPE ="Source Qualifier"/>
        <CONNECTOR FROMFIELD ="CUSTOMER_PARTNER" FROMINSTANCE ="DWC_SAP_HBI_DW_DLY_CUSTOMER" FROMINSTANCETYPE ="Source Definition" TOFIELD ="CUSTOMER_PARTNER" TOINSTANCE ="SQ_DWC_SAP_HBI_DW_DLY_CUSTOMER" TOINSTANCETYPE ="Source Qualifier"/>
        <CONNECTOR FROMFIELD ="DIVISION" FROMINSTANCE ="DWC_SAP_HBI_DW_DLY_CUSTOMER" FROMINSTANCETYPE ="Source Definition" TOFIELD ="DIVISION" TOINSTANCE ="SQ_DWC_SAP_HBI_DW_DLY_CUSTOMER" TOINSTANCETYPE ="Source Qualifier"/>
        <CONNECTOR FROMFIELD ="CUSTOMER_PARTNER_NAME" FROMINSTANCE ="DWC_SAP_HBI_DW_DLY_CUSTOMER" FROMINSTANCETYPE ="Source Definition" TOFIELD ="CUSTOMER_PARTNER_NAME" TOINSTANCE ="SQ_DWC_SAP_HBI_DW_DLY_CUSTOMER" TOINSTANCETYPE ="Source Qualifier"/>
        <CONNECTOR FROMFIELD ="PARTNER_FULLNAME" FROMINSTANCE ="DWC_SAP_HBI_DW_DLY_CUSTOMER" FROMINSTANCETYPE ="Source Definition" TOFIELD ="PARTNER_FULLNAME" TOINSTANCE ="SQ_DWC_SAP_HBI_DW_DLY_CUSTOMER" TOINSTANCETYPE ="Source Qualifier"/>
        <CONNECTOR FROMFIELD ="CUSTOMER_NUMBER" FROMINSTANCE ="DWC_SAP_HBI_DW_DLY_CUSTOMER" FROMINSTANCETYPE ="Source Definition" TOFIELD ="CUSTOMER_NUMBER" TOINSTANCE ="SQ_DWC_SAP_HBI_DW_DLY_CUSTOMER" TOINSTANCETYPE ="Source Qualifier"/>
        <CONNECTOR FROMFIELD ="SALESORG_NAME" FROMINSTANCE ="DWC_SAP_HBI_DW_DLY_CUSTOMER" FROMINSTANCETYPE ="Source Definition" TOFIELD ="SALESORG_NAME" TOINSTANCE ="SQ_DWC_SAP_HBI_DW_DLY_CUSTOMER" TOINSTANCETYPE ="Source Qualifier"/>
        <CONNECTOR FROMFIELD ="PARVW_VTEXT" FROMINSTANCE ="DWC_SAP_HBI_DW_DLY_CUSTOMER" FROMINSTANCETYPE ="Source Definition" TOFIELD ="PARVW_VTEXT" TOINSTANCE ="SQ_DWC_SAP_HBI_DW_DLY_CUSTOMER" TOINSTANCETYPE ="Source Qualifier"/>
        <CONNECTOR FROMFIELD ="COUNTRY" FROMINSTANCE ="DWC_SAP_HBI_DW_DLY_CUSTOMER" FROMINSTANCETYPE ="Source Definition" TOFIELD ="COUNTRY" TOINSTANCE ="SQ_DWC_SAP_HBI_DW_DLY_CUSTOMER" TOINSTANCETYPE ="Source Qualifier"/>
        <CONNECTOR FROMFIELD ="COUNTRY_NAME" FROMINSTANCE ="DWC_SAP_HBI_DW_DLY_CUSTOMER" FROMINSTANCETYPE ="Source Definition" TOFIELD ="COUNTRY_NAME" TOINSTANCE ="SQ_DWC_SAP_HBI_DW_DLY_CUSTOMER" TOINSTANCETYPE ="Source Qualifier"/>
        <CONNECTOR FROMFIELD ="CUSTOMERGROUP" FROMINSTANCE ="DWC_SAP_HBI_DW_DLY_CUSTOMER" FROMINSTANCETYPE ="Source Definition" TOFIELD ="CUSTOMERGROUP" TOINSTANCE ="SQ_DWC_SAP_HBI_DW_DLY_CUSTOMER" TOINSTANCETYPE ="Source Qualifier"/>
        <CONNECTOR FROMFIELD ="CUSTOMER_GROUP_TEXT" FROMINSTANCE ="DWC_SAP_HBI_DW_DLY_CUSTOMER" FROMINSTANCETYPE ="Source Definition" TOFIELD ="CUSTOMER_GROUP_TEXT" TOINSTANCE ="SQ_DWC_SAP_HBI_DW_DLY_CUSTOMER" TOINSTANCETYPE ="Source Qualifier"/>
        <CONNECTOR FROMFIELD ="LEGACY_CUSTOMER_NUM" FROMINSTANCE ="DWC_SAP_HBI_DW_DLY_CUSTOMER" FROMINSTANCETYPE ="Source Definition" TOFIELD ="LEGACY_CUSTOMER_NUM" TOINSTANCE ="SQ_DWC_SAP_HBI_DW_DLY_CUSTOMER" TOINSTANCETYPE ="Source Qualifier"/>
        <CONNECTOR FROMFIELD ="PARTNER_COUNTER" FROMINSTANCE ="DWC_SAP_HBI_DW_DLY_CUSTOMER" FROMINSTANCETYPE ="Source Definition" TOFIELD ="PARTNER_COUNTER" TOINSTANCE ="SQ_DWC_SAP_HBI_DW_DLY_CUSTOMER" TOINSTANCETYPE ="Source Qualifier"/>
        <CONNECTOR FROMFIELD ="CUSTOMERACCOUNTGROUP" FROMINSTANCE ="DWC_SAP_HBI_DW_DLY_CUSTOMER" FROMINSTANCETYPE ="Source Definition" TOFIELD ="CUSTOMERACCOUNTGROUP" TOINSTANCE ="SQ_DWC_SAP_HBI_DW_DLY_CUSTOMER" TOINSTANCETYPE ="Source Qualifier"/>
        <CONNECTOR FROMFIELD ="GEO_LOCATION" FROMINSTANCE ="DWC_SAP_HBI_DW_DLY_CUSTOMER" FROMINSTANCETYPE ="Source Definition" TOFIELD ="GEO_LOCATION" TOINSTANCE ="SQ_DWC_SAP_HBI_DW_DLY_CUSTOMER" TOINSTANCETYPE ="Source Qualifier"/>
        <CONNECTOR FROMFIELD ="CHANNEL_CODE_KATR6" FROMINSTANCE ="DWC_SAP_HBI_DW_DLY_CUSTOMER" FROMINSTANCETYPE ="Source Definition" TOFIELD ="CHANNEL_CODE_KATR6" TOINSTANCE ="SQ_DWC_SAP_HBI_DW_DLY_CUSTOMER" TOINSTANCETYPE ="Source Qualifier"/>
        <CONNECTOR FROMFIELD ="SALESORGANIZATION" FROMINSTANCE ="SQ_DWC_SAP_HBI_DW_DLY_CUSTOMER" FROMINSTANCETYPE ="Source Qualifier" TOFIELD ="I_SALESORGANIZATION" TOINSTANCE ="EXP_DEFAULT" TOINSTANCETYPE ="Expression"/>
        <CONNECTOR FROMFIELD ="SALES_DISTRICT" FROMINSTANCE ="SQ_DWC_SAP_HBI_DW_DLY_CUSTOMER" FROMINSTANCETYPE ="Source Qualifier" TOFIELD ="I_SALESDISTRICT" TOINSTANCE ="EXP_DEFAULT" TOINSTANCETYPE ="Expression"/>
        <CONNECTOR FROMFIELD ="ADDITIONALCUSTOMERGROUP2" FROMINSTANCE ="SQ_DWC_SAP_HBI_DW_DLY_CUSTOMER" FROMINSTANCETYPE ="Source Qualifier" TOFIELD ="I_ADDITIONALCUSTOMERGROUP2" TOINSTANCE ="EXP_DEFAULT" TOINSTANCETYPE ="Expression"/>
        <CONNECTOR FROMFIELD ="DISTRIBUTION_CHANNEL" FROMINSTANCE ="SQ_DWC_SAP_HBI_DW_DLY_CUSTOMER" FROMINSTANCETYPE ="Source Qualifier" TOFIELD ="I_DISTRIBUTIONCHANNEL" TOINSTANCE ="EXP_DEFAULT" TOINSTANCETYPE ="Expression"/>
        <CONNECTOR FROMFIELD ="COUNT" FROMINSTANCE ="SQ_DWC_SAP_HBI_DW_DLY_CUSTOMER" FROMINSTANCETYPE ="Source Qualifier" TOFIELD ="I_COUNT" TOINSTANCE ="EXP_DEFAULT" TOINSTANCETYPE ="Expression"/>
        <CONNECTOR FROMFIELD ="CHANNEL_DESC_KATR6" FROMINSTANCE ="SQ_DWC_SAP_HBI_DW_DLY_CUSTOMER" FROMINSTANCETYPE ="Source Qualifier" TOFIELD ="I_CHANNEL_DESC_KATR6" TOINSTANCE ="EXP_DEFAULT" TOINSTANCETYPE ="Expression"/>
        <CONNECTOR FROMFIELD ="DIST_CHANNEL_NAME" FROMINSTANCE ="SQ_DWC_SAP_HBI_DW_DLY_CUSTOMER" FROMINSTANCETYPE ="Source Qualifier" TOFIELD ="I_DIST_CHANNEL_NAME" TOINSTANCE ="EXP_DEFAULT" TOINSTANCETYPE ="Expression"/>
        <CONNECTOR FROMFIELD ="SALES_RESP_NAME" FROMINSTANCE ="SQ_DWC_SAP_HBI_DW_DLY_CUSTOMER" FROMINSTANCETYPE ="Source Qualifier" TOFIELD ="I_SALES_RESP_NAME" TOINSTANCE ="EXP_DEFAULT" TOINSTANCETYPE ="Expression"/>
        <CONNECTOR FROMFIELD ="CUSTOMER_FULLNAME" FROMINSTANCE ="SQ_DWC_SAP_HBI_DW_DLY_CUSTOMER" FROMINSTANCETYPE ="Source Qualifier" TOFIELD ="I_CUSTOMER_FULLNAME" TOINSTANCE ="EXP_DEFAULT" TOINSTANCETYPE ="Expression"/>
        <CONNECTOR FROMFIELD ="CUSTOMER_NAME1" FROMINSTANCE ="SQ_DWC_SAP_HBI_DW_DLY_CUSTOMER" FROMINSTANCETYPE ="Source Qualifier" TOFIELD ="I_CUSTOMER_NAME1" TOINSTANCE ="EXP_DEFAULT" TOINSTANCETYPE ="Expression"/>
        <CONNECTOR FROMFIELD ="PARTNER_FUNCTION" FROMINSTANCE ="SQ_DWC_SAP_HBI_DW_DLY_CUSTOMER" FROMINSTANCETYPE ="Source Qualifier" TOFIELD ="I_PARTNER_FUNCTION" TOINSTANCE ="EXP_DEFAULT" TOINSTANCETYPE ="Expression"/>
        <CONNECTOR FROMFIELD ="CUSTOMER_PARTNER" FROMINSTANCE ="SQ_DWC_SAP_HBI_DW_DLY_CUSTOMER" FROMINSTANCETYPE ="Source Qualifier" TOFIELD ="I_CUSTOMER_PARTNER" TOINSTANCE ="EXP_DEFAULT" TOINSTANCETYPE ="Expression"/>
        <CONNECTOR FROMFIELD ="DIVISION" FROMINSTANCE ="SQ_DWC_SAP_HBI_DW_DLY_CUSTOMER" FROMINSTANCETYPE ="Source Qualifier" TOFIELD ="I_DIVISION" TOINSTANCE ="EXP_DEFAULT" TOINSTANCETYPE ="Expression"/>
        <CONNECTOR FROMFIELD ="CUSTOMER_PARTNER_NAME" FROMINSTANCE ="SQ_DWC_SAP_HBI_DW_DLY_CUSTOMER" FROMINSTANCETYPE ="Source Qualifier" TOFIELD ="I_CUSTOMER_PARTNER_NAME" TOINSTANCE ="EXP_DEFAULT" TOINSTANCETYPE ="Expression"/>
        <CONNECTOR FROMFIELD ="PARTNER_FULLNAME" FROMINSTANCE ="SQ_DWC_SAP_HBI_DW_DLY_CUSTOMER" FROMINSTANCETYPE ="Source Qualifier" TOFIELD ="I_PARTNER_FULLNAME" TOINSTANCE ="EXP_DEFAULT" TOINSTANCETYPE ="Expression"/>
        <CONNECTOR FROMFIELD ="SALESORG_NAME" FROMINSTANCE ="SQ_DWC_SAP_HBI_DW_DLY_CUSTOMER" FROMINSTANCETYPE ="Source Qualifier" TOFIELD ="I_SALESORG_NAME" TOINSTANCE ="EXP_DEFAULT" TOINSTANCETYPE ="Expression"/>
        <CONNECTOR FROMFIELD ="PARVW_VTEXT" FROMINSTANCE ="SQ_DWC_SAP_HBI_DW_DLY_CUSTOMER" FROMINSTANCETYPE ="Source Qualifier" TOFIELD ="I_PARVW_VTEXT" TOINSTANCE ="EXP_DEFAULT" TOINSTANCETYPE ="Expression"/>
        <CONNECTOR FROMFIELD ="COUNTRY" FROMINSTANCE ="SQ_DWC_SAP_HBI_DW_DLY_CUSTOMER" FROMINSTANCETYPE ="Source Qualifier" TOFIELD ="I_COUNTRY" TOINSTANCE ="EXP_DEFAULT" TOINSTANCETYPE ="Expression"/>
        <CONNECTOR FROMFIELD ="COUNTRY_NAME" FROMINSTANCE ="SQ_DWC_SAP_HBI_DW_DLY_CUSTOMER" FROMINSTANCETYPE ="Source Qualifier" TOFIELD ="I_COUNTRY_NAME" TOINSTANCE ="EXP_DEFAULT" TOINSTANCETYPE ="Expression"/>
        <CONNECTOR FROMFIELD ="CUSTOMERGROUP" FROMINSTANCE ="SQ_DWC_SAP_HBI_DW_DLY_CUSTOMER" FROMINSTANCETYPE ="Source Qualifier" TOFIELD ="I_CUSTOMERGROUP" TOINSTANCE ="EXP_DEFAULT" TOINSTANCETYPE ="Expression"/>
        <CONNECTOR FROMFIELD ="CUSTOMER_GROUP_TEXT" FROMINSTANCE ="SQ_DWC_SAP_HBI_DW_DLY_CUSTOMER" FROMINSTANCETYPE ="Source Qualifier" TOFIELD ="I_CUSTOMER_GROUP_TEXT" TOINSTANCE ="EXP_DEFAULT" TOINSTANCETYPE ="Expression"/>
        <CONNECTOR FROMFIELD ="CHAIN_ACCOUNT_ID" FROMINSTANCE ="SQ_DWC_SAP_HBI_DW_DLY_CUSTOMER" FROMINSTANCETYPE ="Source Qualifier" TOFIELD ="I_CHAIN_ACCOUNT_ID" TOINSTANCE ="EXP_DEFAULT" TOINSTANCETYPE ="Expression"/>
        <CONNECTOR FROMFIELD ="CHAIN_ACCOUNT_NAME" FROMINSTANCE ="SQ_DWC_SAP_HBI_DW_DLY_CUSTOMER" FROMINSTANCETYPE ="Source Qualifier" TOFIELD ="I_CHAIN_ACCOUNT_NAME" TOINSTANCE ="EXP_DEFAULT" TOINSTANCETYPE ="Expression"/>
        <CONNECTOR FROMFIELD ="CUSTOMER_NUMBER" FROMINSTANCE ="SQ_DWC_SAP_HBI_DW_DLY_CUSTOMER" FROMINSTANCETYPE ="Source Qualifier" TOFIELD ="I_CUSTOMER_NUMBER" TOINSTANCE ="EXP_DEFAULT" TOINSTANCETYPE ="Expression"/>
        <CONNECTOR FROMFIELD ="LEGACY_CUSTOMER_NUM" FROMINSTANCE ="SQ_DWC_SAP_HBI_DW_DLY_CUSTOMER" FROMINSTANCETYPE ="Source Qualifier" TOFIELD ="I_LEGACY_CUSTOMER_NUM" TOINSTANCE ="EXP_DEFAULT" TOINSTANCETYPE ="Expression"/>
        <CONNECTOR FROMFIELD ="PARTNER_COUNTER" FROMINSTANCE ="SQ_DWC_SAP_HBI_DW_DLY_CUSTOMER" FROMINSTANCETYPE ="Source Qualifier" TOFIELD ="I_PARTNER_COUNTER" TOINSTANCE ="EXP_DEFAULT" TOINSTANCETYPE ="Expression"/>
        <CONNECTOR FROMFIELD ="CUSTOMERACCOUNTGROUP" FROMINSTANCE ="SQ_DWC_SAP_HBI_DW_DLY_CUSTOMER" FROMINSTANCETYPE ="Source Qualifier" TOFIELD ="I_CUSTOMERACCOUNTGROUP" TOINSTANCE ="EXP_DEFAULT" TOINSTANCETYPE ="Expression"/>
        <CONNECTOR FROMFIELD ="GEO_LOCATION" FROMINSTANCE ="SQ_DWC_SAP_HBI_DW_DLY_CUSTOMER" FROMINSTANCETYPE ="Source Qualifier" TOFIELD ="I_GEO_LOCATION" TOINSTANCE ="EXP_DEFAULT" TOINSTANCETYPE ="Expression"/>
        <CONNECTOR FROMFIELD ="CHANNEL_CODE_KATR6" FROMINSTANCE ="SQ_DWC_SAP_HBI_DW_DLY_CUSTOMER" FROMINSTANCETYPE ="Source Qualifier" TOFIELD ="I_CHANNEL_CODE_KATR6" TOINSTANCE ="EXP_DEFAULT" TOINSTANCETYPE ="Expression"/>
        <TARGETLOADORDER ORDER ="1" TARGETINSTANCE ="STG_S4_CUSTOMER"/>
        <ERPINFO/>
        <METADATAEXTENSION COMPONENTVERSION ="1000000" DATATYPE ="STRING" DESCRIPTION ="" DOMAINNAME ="User Defined Metadata Domain" ISCLIENTEDITABLE ="YES" ISCLIENTVISIBLE ="YES" ISREUSABLE ="NO" ISSHAREREAD ="NO" ISSHAREWRITE ="NO" MAXLENGTH ="256" NAME ="Extension" VALUE ="S4_Integration_stg_S4_Customer v1.5" VENDORNAME ="INFORMATICA"/>
    </MAPPING>
    <CONFIG DESCRIPTION ="Default session configuration object" ISDEFAULT ="YES" NAME ="default_session_config" VERSIONNUMBER ="1">
        <ATTRIBUTE NAME ="Advanced" VALUE =""/>
        <ATTRIBUTE NAME ="Constraint based load ordering" VALUE ="NO"/>
        <ATTRIBUTE NAME ="Cache LOOKUP() function" VALUE ="YES"/>
        <ATTRIBUTE NAME ="Default buffer block size" VALUE ="Auto"/>
        <ATTRIBUTE NAME ="Line Sequential buffer length" VALUE ="1024"/>
        <ATTRIBUTE NAME ="Maximum Memory Allowed For Auto Memory Attributes" VALUE ="512MB"/>
        <ATTRIBUTE NAME ="Maximum Percentage of Total Memory Allowed For Auto Memory Attributes" VALUE ="5"/>
        <ATTRIBUTE NAME ="Additional Concurrent Pipelines for Lookup Cache Creation" VALUE ="Auto"/>
        <ATTRIBUTE NAME ="Custom Properties" VALUE =""/>
        <ATTRIBUTE NAME ="Pre-build lookup cache" VALUE ="Auto"/>
        <ATTRIBUTE NAME ="Optimization Level" VALUE ="Medium"/>
        <ATTRIBUTE NAME ="DateTime Format String" VALUE ="MM/DD/YYYY HH24:MI:SS.US"/>
        <ATTRIBUTE NAME ="Pre 85 Timestamp Compatibility" VALUE ="NO"/>
        <ATTRIBUTE NAME ="Log Options" VALUE ="0"/>
        <ATTRIBUTE NAME ="Save session log by" VALUE ="Session runs"/>
        <ATTRIBUTE NAME ="Save session log for these runs" VALUE ="9"/>
        <ATTRIBUTE NAME ="Session Log File Max Size" VALUE ="0"/>
        <ATTRIBUTE NAME ="Session Log File Max Time Period" VALUE ="0"/>
        <ATTRIBUTE NAME ="Maximum Partial Session Log Files" VALUE ="1"/>
        <ATTRIBUTE NAME ="Writer Commit Statistics Log Frequency" VALUE ="1"/>
        <ATTRIBUTE NAME ="Writer Commit Statistics Log Interval" VALUE ="0"/>
        <ATTRIBUTE NAME ="Error handling" VALUE =""/>
        <ATTRIBUTE NAME ="Stop on errors" VALUE ="1"/>
        <ATTRIBUTE NAME ="Override tracing" VALUE ="None"/>
        <ATTRIBUTE NAME ="On Stored Procedure error" VALUE ="Stop"/>
        <ATTRIBUTE NAME ="On Pre-session command task error" VALUE ="Stop"/>
        <ATTRIBUTE NAME ="On Pre-Post SQL error" VALUE ="Stop"/>
        <ATTRIBUTE NAME ="Enable Recovery" VALUE ="NO"/>
        <ATTRIBUTE NAME ="Error Log Type" VALUE ="None"/>
        <ATTRIBUTE NAME ="Error Log Table Name Prefix" VALUE =""/>
        <ATTRIBUTE NAME ="Error Log File Name" VALUE ="PMError.log"/>
        <ATTRIBUTE NAME ="Log Source Row Data" VALUE ="NO"/>
        <ATTRIBUTE NAME ="Data Column Delimiter" VALUE ="|"/>
        <ATTRIBUTE NAME ="Partitioning Options" VALUE =""/>
        <ATTRIBUTE NAME ="Dynamic Partitioning" VALUE ="Disabled"/>
        <ATTRIBUTE NAME ="Number of Partitions" VALUE ="1"/>
        <ATTRIBUTE NAME ="Multiplication Factor" VALUE ="Auto"/>
        <ATTRIBUTE NAME ="Session on Grid" VALUE =""/>
        <ATTRIBUTE NAME ="Is Enabled" VALUE ="NO"/>
    </CONFIG>
    <SESSION DESCRIPTION ="Session load Customer data from CUSTOMER file into STG_S4_CUSTOMER table" ISVALID ="YES" MAPPINGNAME ="m_STG_S4_CUST" NAME ="s_m_STG_S4_CUST" REUSABLE ="YES" SORTORDER ="Binary" VERSIONNUMBER ="1">
        <SESSTRANSFORMATIONINST ISREPARTITIONPOINT ="YES" PARTITIONTYPE ="PASS THROUGH" PIPELINE ="2" SINSTANCENAME ="STG_S4_CUSTOMER" STAGE ="1" TRANSFORMATIONNAME ="STG_S4_CUSTOMER" TRANSFORMATIONTYPE ="Target Definition"/>
        <SESSTRANSFORMATIONINST ISREPARTITIONPOINT ="NO" PIPELINE ="2" SINSTANCENAME ="EXP_DEFAULT" STAGE ="3" TRANSFORMATIONNAME ="EXP_DEFAULT" TRANSFORMATIONTYPE ="Expression">
            <PARTITION DESCRIPTION ="" NAME ="Partition #1"/>
        </SESSTRANSFORMATIONINST>
        <SESSTRANSFORMATIONINST ISREPARTITIONPOINT ="NO" PIPELINE ="0" SINSTANCENAME ="PR_TRUNC_STG_TBLS" STAGE ="0" TRANSFORMATIONNAME ="PR_TRUNC_STG_TBLS" TRANSFORMATIONTYPE ="Stored Procedure"/>
        <SESSTRANSFORMATIONINST ISREPARTITIONPOINT ="NO" PIPELINE ="0" SINSTANCENAME ="DWC_SAP_HBI_DW_DLY_CUSTOMER" STAGE ="0" TRANSFORMATIONNAME ="DWC_SAP_HBI_DW_DLY_CUSTOMER" TRANSFORMATIONTYPE ="Source Definition">
            <FLATFILE CODEPAGE ="MS1252" CONSECDELIMITERSASONE ="NO" DELIMITED ="YES" DELIMITERS ="," ESCAPE_CHARACTER ="" KEEPESCAPECHAR ="NO" LINESEQUENTIAL ="NO" MULTIDELIMITERSASAND ="NO" NULLCHARTYPE ="ASCII" NULL_CHARACTER ="*" PADBYTES ="1" QUOTE_CHARACTER ="DOUBLE" REPEATABLE ="NO" ROWDELIMITER ="0" SKIPROWS ="1" STRIPTRAILINGBLANKS ="NO"/>
        </SESSTRANSFORMATIONINST>
        <SESSTRANSFORMATIONINST ISREPARTITIONPOINT ="YES" PARTITIONTYPE ="PASS THROUGH" PIPELINE ="2" SINSTANCENAME ="SQ_DWC_SAP_HBI_DW_DLY_CUSTOMER" STAGE ="3" TRANSFORMATIONNAME ="SQ_DWC_SAP_HBI_DW_DLY_CUSTOMER" TRANSFORMATIONTYPE ="Source Qualifier"/>
        <CONFIGREFERENCE REFOBJECTNAME ="default_session_config" TYPE ="Session config"/>
        <SESSIONEXTENSION NAME ="Relational Writer" SINSTANCENAME ="STG_S4_CUSTOMER" SUBTYPE ="Relational Writer" TRANSFORMATIONTYPE ="Target Definition" TYPE ="WRITER">
            <CONNECTIONREFERENCE CNXREFNAME ="DB Connection" CONNECTIONNAME ="SLBADW" CONNECTIONNUMBER ="1" CONNECTIONSUBTYPE ="Oracle" CONNECTIONTYPE ="Relational" VARIABLE =""/>
            <ATTRIBUTE NAME ="Target load type" VALUE ="Normal"/>
            <ATTRIBUTE NAME ="Insert" VALUE ="YES"/>
            <ATTRIBUTE NAME ="Update as Update" VALUE ="NO"/>
            <ATTRIBUTE NAME ="Update as Insert" VALUE ="NO"/>
            <ATTRIBUTE NAME ="Update else Insert" VALUE ="NO"/>
            <ATTRIBUTE NAME ="Delete" VALUE ="NO"/>
            <ATTRIBUTE NAME ="Truncate target table option" VALUE ="NO"/>
            <ATTRIBUTE NAME ="Reject file directory" VALUE ="$PMBadFileDir&#x5c;ONE_ON_ONE_OTC&#x5c;BAD&#x5c;"/>
            <ATTRIBUTE NAME ="Reject filename" VALUE ="s_m_STG_S4_CUST.bad"/>
        </SESSIONEXTENSION>
        <SESSIONEXTENSION DSQINSTNAME ="SQ_DWC_SAP_HBI_DW_DLY_CUSTOMER" DSQINSTTYPE ="Source Qualifier" NAME ="File Reader" SINSTANCENAME ="DWC_SAP_HBI_DW_DLY_CUSTOMER" SUBTYPE ="File Reader" TRANSFORMATIONTYPE ="Source Definition" TYPE ="READER">
            <CONNECTIONREFERENCE CNXREFNAME ="Connection" CONNECTIONNAME ="" CONNECTIONNUMBER ="1" CONNECTIONSUBTYPE ="" CONNECTIONTYPE ="" VARIABLE =""/>
            <ATTRIBUTE NAME ="Input Type" VALUE ="File"/>
            <ATTRIBUTE NAME ="Concurrent read partitioning" VALUE ="Optimize throughput"/>
            <ATTRIBUTE NAME ="Command Type" VALUE ="Command Generating Data"/>
            <ATTRIBUTE NAME ="Source filetype" VALUE ="Direct"/>
            <ATTRIBUTE NAME ="Source file directory" VALUE ="$PMSourceFileDir&#x5c;ONE_ON_ONE_OTC&#x5c;SRC"/>
            <ATTRIBUTE NAME ="Source filename" VALUE ="DWC_SAP_HBI_DW_DLY_CUSTOMER.txt"/>
            <ATTRIBUTE NAME ="Command" VALUE =""/>
            <ATTRIBUTE NAME ="File Reader Truncate String Null" VALUE ="NO"/>
            <ATTRIBUTE NAME ="Codepage Parameter" VALUE =""/>
        </SESSIONEXTENSION>
        <SESSIONEXTENSION NAME ="File Reader" SINSTANCENAME ="SQ_DWC_SAP_HBI_DW_DLY_CUSTOMER" SUBTYPE ="File Reader" TRANSFORMATIONTYPE ="Source Qualifier" TYPE ="READER"/>
        <ATTRIBUTE NAME ="General Options" VALUE =""/>
        <ATTRIBUTE NAME ="Write Backward Compatible Session Log File" VALUE ="YES"/>
        <ATTRIBUTE NAME ="Session Log File Name" VALUE ="s_m_STG_S4_CUST.log"/>
        <ATTRIBUTE NAME ="Session Log File directory" VALUE ="$PMSessionLogDir&#x5c;ONE_ON_ONE_OTC&#x5c;LOG&#x5c;"/>
        <ATTRIBUTE NAME ="Parameter Filename" VALUE =""/>
        <ATTRIBUTE NAME ="Enable Test Load" VALUE ="NO"/>
        <ATTRIBUTE NAME ="$Source connection value" VALUE =""/>
        <ATTRIBUTE NAME ="$Target connection value" VALUE =""/>
        <ATTRIBUTE NAME ="Treat source rows as" VALUE ="Insert"/>
        <ATTRIBUTE NAME ="Commit Type" VALUE ="Target"/>
        <ATTRIBUTE NAME ="Commit Interval" VALUE ="2000000"/>
        <ATTRIBUTE NAME ="Commit On End Of File" VALUE ="YES"/>
        <ATTRIBUTE NAME ="Rollback Transactions on Errors" VALUE ="NO"/>
        <ATTRIBUTE NAME ="Recovery Strategy" VALUE ="Restart task"/>
        <ATTRIBUTE NAME ="Java Classpath" VALUE =""/>
        <ATTRIBUTE NAME ="Performance" VALUE =""/>
        <ATTRIBUTE NAME ="DTM buffer size" VALUE ="Auto"/>
        <ATTRIBUTE NAME ="Collect performance data" VALUE ="NO"/>
        <ATTRIBUTE NAME ="Write performance data to repository" VALUE ="NO"/>
        <ATTRIBUTE NAME ="Incremental Aggregation" VALUE ="NO"/>
        <ATTRIBUTE NAME ="Enable high precision" VALUE ="NO"/>
        <ATTRIBUTE NAME ="Session retry on deadlock" VALUE ="NO"/>
        <ATTRIBUTE NAME ="Pushdown Optimization" VALUE ="None"/>
        <ATTRIBUTE NAME ="Allow Temporary View for Pushdown" VALUE ="NO"/>
        <ATTRIBUTE NAME ="Allow Temporary Sequence for Pushdown" VALUE ="NO"/>
        <ATTRIBUTE NAME ="Allow Pushdown for User Incompatible Connections" VALUE ="NO"/>
        <METADATAEXTENSION COMPONENTVERSION ="1000000" DATATYPE ="STRING" DESCRIPTION ="" DOMAINNAME ="User Defined Metadata Domain" ISCLIENTEDITABLE ="YES" ISCLIENTVISIBLE ="YES" ISREUSABLE ="NO" ISSHAREREAD ="NO" ISSHAREWRITE ="NO" MAXLENGTH ="256" NAME ="Extension" VALUE ="S4_Integration_stg_S4_Customer v1.5" VENDORNAME ="INFORMATICA"/>
    </SESSION>
    <WORKFLOW DESCRIPTION ="Workflow load customer data into stg_s4_CUSTOMER table" ISENABLED ="YES" ISRUNNABLESERVICE ="NO" ISSERVICE ="NO" ISVALID ="YES" NAME ="wf_s_m_STG_S4_CUST" REUSABLE_SCHEDULER ="NO" SCHEDULERNAME ="Scheduler" SERVERNAME ="Domain10_PRD_Int_Svc" SERVER_DOMAINNAME ="Domain10_PRD" SUSPEND_ON_ERROR ="NO" TASKS_MUST_RUN_ON_SERVER ="NO" VERSIONNUMBER ="1">
        <SCHEDULER DESCRIPTION ="" NAME ="Scheduler" REUSABLE ="NO" VERSIONNUMBER ="1">
            <SCHEDULEINFO SCHEDULETYPE ="ONDEMAND"/>
        </SCHEDULER>
        <TASK DESCRIPTION ="" NAME ="Start" REUSABLE ="NO" TYPE ="Start" VERSIONNUMBER ="1"/>
        <TASKINSTANCE DESCRIPTION ="Session load Customer data from CUSTOMER file into STG_S4_CUSTOMER table" FAIL_PARENT_IF_INSTANCE_DID_NOT_RUN ="YES" FAIL_PARENT_IF_INSTANCE_FAILS ="YES" ISENABLED ="YES" NAME ="s_m_STG_S4_CUST" REUSABLE ="YES" TASKNAME ="s_m_STG_S4_CUST" TASKTYPE ="Session" TREAT_INPUTLINK_AS_AND ="NO"/>
        <TASKINSTANCE DESCRIPTION ="" ISENABLED ="YES" NAME ="Start" REUSABLE ="NO" TASKNAME ="Start" TASKTYPE ="Start"/>
        <WORKFLOWLINK CONDITION ="" FROMTASK ="Start" TOTASK ="s_m_STG_S4_CUST"/>
        <WORKFLOWVARIABLE DATATYPE ="date/time" DEFAULTVALUE ="" DESCRIPTION ="The time this task started" ISNULL ="NO" ISPERSISTENT ="NO" NAME ="$s_m_STG_S4_CUST.StartTime" USERDEFINED ="NO"/>
        <WORKFLOWVARIABLE DATATYPE ="date/time" DEFAULTVALUE ="" DESCRIPTION ="The time this task completed" ISNULL ="NO" ISPERSISTENT ="NO" NAME ="$s_m_STG_S4_CUST.EndTime" USERDEFINED ="NO"/>
        <WORKFLOWVARIABLE DATATYPE ="integer" DEFAULTVALUE ="" DESCRIPTION ="Status of this task&apos;s execution" ISNULL ="NO" ISPERSISTENT ="NO" NAME ="$s_m_STG_S4_CUST.Status" USERDEFINED ="NO"/>
        <WORKFLOWVARIABLE DATATYPE ="integer" DEFAULTVALUE ="" DESCRIPTION ="Status of the previous task that is not disabled" ISNULL ="NO" ISPERSISTENT ="NO" NAME ="$s_m_STG_S4_CUST.PrevTaskStatus" USERDEFINED ="NO"/>
        <WORKFLOWVARIABLE DATATYPE ="integer" DEFAULTVALUE ="" DESCRIPTION ="Error code for this task&apos;s execution" ISNULL ="NO" ISPERSISTENT ="NO" NAME ="$s_m_STG_S4_CUST.ErrorCode" USERDEFINED ="NO"/>
        <WORKFLOWVARIABLE DATATYPE ="string" DEFAULTVALUE ="" DESCRIPTION ="Error message for this task&apos;s execution" ISNULL ="NO" ISPERSISTENT ="NO" NAME ="$s_m_STG_S4_CUST.ErrorMsg" USERDEFINED ="NO"/>
        <WORKFLOWVARIABLE DATATYPE ="integer" DEFAULTVALUE ="" DESCRIPTION ="Rows successfully read" ISNULL ="NO" ISPERSISTENT ="NO" NAME ="$s_m_STG_S4_CUST.SrcSuccessRows" USERDEFINED ="NO"/>
        <WORKFLOWVARIABLE DATATYPE ="integer" DEFAULTVALUE ="" DESCRIPTION ="Rows failed to read" ISNULL ="NO" ISPERSISTENT ="NO" NAME ="$s_m_STG_S4_CUST.SrcFailedRows" USERDEFINED ="NO"/>
        <WORKFLOWVARIABLE DATATYPE ="integer" DEFAULTVALUE ="" DESCRIPTION ="Rows successfully loaded" ISNULL ="NO" ISPERSISTENT ="NO" NAME ="$s_m_STG_S4_CUST.TgtSuccessRows" USERDEFINED ="NO"/>
        <WORKFLOWVARIABLE DATATYPE ="integer" DEFAULTVALUE ="" DESCRIPTION ="Rows failed to load" ISNULL ="NO" ISPERSISTENT ="NO" NAME ="$s_m_STG_S4_CUST.TgtFailedRows" USERDEFINED ="NO"/>
        <WORKFLOWVARIABLE DATATYPE ="integer" DEFAULTVALUE ="" DESCRIPTION ="Total number of transformation errors" ISNULL ="NO" ISPERSISTENT ="NO" NAME ="$s_m_STG_S4_CUST.TotalTransErrors" USERDEFINED ="NO"/>
        <WORKFLOWVARIABLE DATATYPE ="integer" DEFAULTVALUE ="" DESCRIPTION ="First error code" ISNULL ="NO" ISPERSISTENT ="NO" NAME ="$s_m_STG_S4_CUST.FirstErrorCode" USERDEFINED ="NO"/>
        <WORKFLOWVARIABLE DATATYPE ="string" DEFAULTVALUE ="" DESCRIPTION ="First error message" ISNULL ="NO" ISPERSISTENT ="NO" NAME ="$s_m_STG_S4_CUST.FirstErrorMsg" USERDEFINED ="NO"/>
        <WORKFLOWVARIABLE DATATYPE ="date/time" DEFAULTVALUE ="" DESCRIPTION ="The time this task started" ISNULL ="NO" ISPERSISTENT ="NO" NAME ="$Start.StartTime" USERDEFINED ="NO"/>
        <WORKFLOWVARIABLE DATATYPE ="date/time" DEFAULTVALUE ="" DESCRIPTION ="The time this task completed" ISNULL ="NO" ISPERSISTENT ="NO" NAME ="$Start.EndTime" USERDEFINED ="NO"/>
        <WORKFLOWVARIABLE DATATYPE ="integer" DEFAULTVALUE ="" DESCRIPTION ="Status of this task&apos;s execution" ISNULL ="NO" ISPERSISTENT ="NO" NAME ="$Start.Status" USERDEFINED ="NO"/>
        <WORKFLOWVARIABLE DATATYPE ="integer" DEFAULTVALUE ="" DESCRIPTION ="Status of the previous task that is not disabled" ISNULL ="NO" ISPERSISTENT ="NO" NAME ="$Start.PrevTaskStatus" USERDEFINED ="NO"/>
        <WORKFLOWVARIABLE DATATYPE ="integer" DEFAULTVALUE ="" DESCRIPTION ="Error code for this task&apos;s execution" ISNULL ="NO" ISPERSISTENT ="NO" NAME ="$Start.ErrorCode" USERDEFINED ="NO"/>
        <WORKFLOWVARIABLE DATATYPE ="string" DEFAULTVALUE ="" DESCRIPTION ="Error message for this task&apos;s execution" ISNULL ="NO" ISPERSISTENT ="NO" NAME ="$Start.ErrorMsg" USERDEFINED ="NO"/>
        <ATTRIBUTE NAME ="Parameter Filename" VALUE =""/>
        <ATTRIBUTE NAME ="Write Backward Compatible Workflow Log File" VALUE ="YES"/>
        <ATTRIBUTE NAME ="Workflow Log File Name" VALUE ="wf_s_m_STG_S4_CUST.log"/>
        <ATTRIBUTE NAME ="Workflow Log File Directory" VALUE ="$PMWorkflowLogDir&#x5c;ONE_ON_ONE_OTC&#x5c;LOG&#x5c;"/>
        <ATTRIBUTE NAME ="Save Workflow log by" VALUE ="By runs"/>
        <ATTRIBUTE NAME ="Save workflow log for these runs" VALUE ="9"/>
        <ATTRIBUTE NAME ="Service Name" VALUE =""/>
        <ATTRIBUTE NAME ="Service Timeout" VALUE ="0"/>
        <ATTRIBUTE NAME ="Is Service Visible" VALUE ="NO"/>
        <ATTRIBUTE NAME ="Is Service Protected" VALUE ="NO"/>
        <ATTRIBUTE NAME ="Fail task after wait time" VALUE ="0"/>
        <ATTRIBUTE NAME ="Enable HA recovery" VALUE ="NO"/>
        <ATTRIBUTE NAME ="Automatically recover terminated tasks" VALUE ="NO"/>
        <ATTRIBUTE NAME ="Service Level Name" VALUE ="Default"/>
        <ATTRIBUTE NAME ="Allow concurrent run with unique run instance name" VALUE ="NO"/>
        <ATTRIBUTE NAME ="Allow concurrent run with same run instance name" VALUE ="NO"/>
        <ATTRIBUTE NAME ="Maximum number of concurrent runs" VALUE ="0"/>
        <ATTRIBUTE NAME ="Assigned Web Services Hubs" VALUE =""/>
        <ATTRIBUTE NAME ="Maximum number of concurrent runs per Hub" VALUE ="1000"/>
        <ATTRIBUTE NAME ="Expected Service Time" VALUE ="1"/>
        <METADATAEXTENSION COMPONENTVERSION ="1000000" DATATYPE ="STRING" DESCRIPTION ="" DOMAINNAME ="User Defined Metadata Domain" ISCLIENTEDITABLE ="YES" ISCLIENTVISIBLE ="YES" ISREUSABLE ="NO" ISSHAREREAD ="NO" ISSHAREWRITE ="NO" MAXLENGTH ="256" NAME ="Extension" VALUE ="S4_Integration_stg_S4_Customer v1.0" VENDORNAME ="INFORMATICA"/>
    </WORKFLOW>
</FOLDER>
</REPOSITORY>
</POWERMART>