<?xml version="1.0" encoding="Windows-1252"?>
<!DOCTYPE POWERMART SYSTEM "powrmart.dtd">
<POWERMART CREATION_DATE="05/20/2024 10:24:44" REPOSITORY_VERSION="187.96">
<REPOSITORY NAME="Domain10_Rep_Svc_Prd" VERSION="187" CODEPAGE="MS1252" DATABASETYPE="Microsoft SQL Server">
<FOLDER NAME="ONE_ON_ONE_OTC" GROUP="" OWNER="Administrator" SHARED="NOTSHARED" DESCRIPTION="" PERMISSIONS="rwx---r--" UUID="8627c2fd-2fe8-4f83-88bf-e34259bd5762">
    <SOURCE BUSINESSNAME ="" DATABASETYPE ="Oracle" DBDNAME ="SLBADW" DESCRIPTION ="" NAME ="GL_BALANCE" OBJECTVERSION ="1" OWNERNAME ="SLBA" VERSIONNUMBER ="1">
        <SOURCEFIELD BUSINESSNAME ="" DATATYPE ="number(p,s)" DESCRIPTION ="" FIELDNUMBER ="1" FIELDPROPERTY ="0" FIELDTYPE ="ELEMITEM" HIDDEN ="NO" KEYTYPE ="NOT A KEY" LENGTH ="20" LEVEL ="0" NAME ="BALANCE" NULLABLE ="NULL" OCCURS ="0" OFFSET ="0" PHYSICALLENGTH ="18" PHYSICALOFFSET ="0" PICTURETEXT ="" PRECISION ="18" SCALE ="6" USAGE_FLAGS =""/>
        <SOURCEFIELD BUSINESSNAME ="" DATATYPE ="varchar2" DESCRIPTION ="" FIELDNUMBER ="2" FIELDPROPERTY ="0" FIELDTYPE ="ELEMITEM" HIDDEN ="NO" KEYTYPE ="NOT A KEY" LENGTH ="0" LEVEL ="0" NAME ="SOURCE_SYSTEM" NULLABLE ="NULL" OCCURS ="0" OFFSET ="20" PHYSICALLENGTH ="20" PHYSICALOFFSET ="18" PICTURETEXT ="" PRECISION ="20" SCALE ="0" USAGE_FLAGS =""/>
        <SOURCEFIELD BUSINESSNAME ="" DATATYPE ="date" DESCRIPTION ="" FIELDNUMBER ="3" FIELDPROPERTY ="0" FIELDTYPE ="ELEMITEM" HIDDEN ="NO" KEYTYPE ="NOT A KEY" LENGTH ="19" LEVEL ="0" NAME ="SOURCE_SYSTEM_DATE" NULLABLE ="NULL" OCCURS ="0" OFFSET ="20" PHYSICALLENGTH ="19" PHYSICALOFFSET ="38" PICTURETEXT ="" PRECISION ="19" SCALE ="0" USAGE_FLAGS =""/>
        <SOURCEFIELD BUSINESSNAME ="" DATATYPE ="varchar2" DESCRIPTION ="" FIELDNUMBER ="4" FIELDPROPERTY ="0" FIELDTYPE ="ELEMITEM" HIDDEN ="NO" KEYTYPE ="NOT A KEY" LENGTH ="0" LEVEL ="0" NAME ="CURRENCY" NULLABLE ="NULL" OCCURS ="0" OFFSET ="39" PHYSICALLENGTH ="3" PHYSICALOFFSET ="57" PICTURETEXT ="" PRECISION ="3" SCALE ="0" USAGE_FLAGS =""/>
        <SOURCEFIELD BUSINESSNAME ="" DATATYPE ="varchar2" DESCRIPTION ="" FIELDNUMBER ="5" FIELDPROPERTY ="0" FIELDTYPE ="ELEMITEM" HIDDEN ="NO" KEYTYPE ="NOT A KEY" LENGTH ="0" LEVEL ="0" NAME ="PROFIT_CENTER" NULLABLE ="NULL" OCCURS ="0" OFFSET ="39" PHYSICALLENGTH ="10" PHYSICALOFFSET ="60" PICTURETEXT ="" PRECISION ="10" SCALE ="0" USAGE_FLAGS =""/>
        <SOURCEFIELD BUSINESSNAME ="" DATATYPE ="varchar2" DESCRIPTION ="" FIELDNUMBER ="6" FIELDPROPERTY ="0" FIELDTYPE ="ELEMITEM" HIDDEN ="NO" KEYTYPE ="NOT A KEY" LENGTH ="0" LEVEL ="0" NAME ="GL_ACCOUNT" NULLABLE ="NULL" OCCURS ="0" OFFSET ="39" PHYSICALLENGTH ="30" PHYSICALOFFSET ="70" PICTURETEXT ="" PRECISION ="30" SCALE ="0" USAGE_FLAGS =""/>
        <SOURCEFIELD BUSINESSNAME ="" DATATYPE ="number(p,s)" DESCRIPTION ="" FIELDNUMBER ="7" FIELDPROPERTY ="0" FIELDTYPE ="ELEMITEM" HIDDEN ="NO" KEYTYPE ="NOT A KEY" LENGTH ="6" LEVEL ="0" NAME ="FISCAL_YEAR" NULLABLE ="NULL" OCCURS ="0" OFFSET ="39" PHYSICALLENGTH ="4" PHYSICALOFFSET ="100" PICTURETEXT ="" PRECISION ="4" SCALE ="0" USAGE_FLAGS =""/>
        <SOURCEFIELD BUSINESSNAME ="" DATATYPE ="number(p,s)" DESCRIPTION ="" FIELDNUMBER ="8" FIELDPROPERTY ="0" FIELDTYPE ="ELEMITEM" HIDDEN ="NO" KEYTYPE ="NOT A KEY" LENGTH ="4" LEVEL ="0" NAME ="FISCAL_PERIOD" NULLABLE ="NULL" OCCURS ="0" OFFSET ="45" PHYSICALLENGTH ="2" PHYSICALOFFSET ="104" PICTURETEXT ="" PRECISION ="2" SCALE ="0" USAGE_FLAGS =""/>
        <SOURCEFIELD BUSINESSNAME ="" DATATYPE ="date" DESCRIPTION ="" FIELDNUMBER ="9" FIELDPROPERTY ="0" FIELDTYPE ="ELEMITEM" HIDDEN ="NO" KEYTYPE ="NOT A KEY" LENGTH ="19" LEVEL ="0" NAME ="UPDATE_TIMESTAMP" NULLABLE ="NULL" OCCURS ="0" OFFSET ="49" PHYSICALLENGTH ="19" PHYSICALOFFSET ="106" PICTURETEXT ="" PRECISION ="19" SCALE ="0" USAGE_FLAGS =""/>
    </SOURCE>
    <SOURCE BUSINESSNAME ="" DATABASETYPE ="Oracle" DBDNAME ="oakdwhd1" DESCRIPTION ="" NAME ="GROSS_MARGIN" OBJECTVERSION ="1" OWNERNAME ="SLBA" VERSIONNUMBER ="1">
        <SOURCEFIELD BUSINESSNAME ="" DATATYPE ="varchar2" DESCRIPTION ="" FIELDNUMBER ="1" FIELDPROPERTY ="0" FIELDTYPE ="ELEMITEM" HIDDEN ="NO" KEYTYPE ="NOT A KEY" LENGTH ="0" LEVEL ="0" NAME ="SLBA_DIVISION_CODE" NULLABLE ="NOTNULL" OCCURS ="0" OFFSET ="0" PHYSICALLENGTH ="2" PHYSICALOFFSET ="0" PICTURETEXT ="" PRECISION ="2" SCALE ="0" USAGE_FLAGS =""/>
        <SOURCEFIELD BUSINESSNAME ="" DATATYPE ="number(p,s)" DESCRIPTION ="" FIELDNUMBER ="2" FIELDPROPERTY ="0" FIELDTYPE ="ELEMITEM" HIDDEN ="NO" KEYTYPE ="NOT A KEY" LENGTH ="6" LEVEL ="0" NAME ="FISCAL_YEAR" NULLABLE ="NOTNULL" OCCURS ="0" OFFSET ="0" PHYSICALLENGTH ="4" PHYSICALOFFSET ="2" PICTURETEXT ="" PRECISION ="4" SCALE ="0" USAGE_FLAGS =""/>
        <SOURCEFIELD BUSINESSNAME ="" DATATYPE ="number(p,s)" DESCRIPTION ="" FIELDNUMBER ="3" FIELDPROPERTY ="0" FIELDTYPE ="ELEMITEM" HIDDEN ="NO" KEYTYPE ="NOT A KEY" LENGTH ="4" LEVEL ="0" NAME ="FISCAL_PERIOD" NULLABLE ="NOTNULL" OCCURS ="0" OFFSET ="6" PHYSICALLENGTH ="2" PHYSICALOFFSET ="6" PICTURETEXT ="" PRECISION ="2" SCALE ="0" USAGE_FLAGS =""/>
        <SOURCEFIELD BUSINESSNAME ="" DATATYPE ="varchar2" DESCRIPTION ="" FIELDNUMBER ="4" FIELDPROPERTY ="0" FIELDTYPE ="ELEMITEM" HIDDEN ="NO" KEYTYPE ="NOT A KEY" LENGTH ="0" LEVEL ="0" NAME ="TRANSACTION_CATEGORY" NULLABLE ="NOTNULL" OCCURS ="0" OFFSET ="10" PHYSICALLENGTH ="10" PHYSICALOFFSET ="8" PICTURETEXT ="" PRECISION ="10" SCALE ="0" USAGE_FLAGS =""/>
        <SOURCEFIELD BUSINESSNAME ="" DATATYPE ="varchar2" DESCRIPTION ="" FIELDNUMBER ="5" FIELDPROPERTY ="0" FIELDTYPE ="ELEMITEM" HIDDEN ="NO" KEYTYPE ="NOT A KEY" LENGTH ="0" LEVEL ="0" NAME ="SALES_CATEGORY" NULLABLE ="NOTNULL" OCCURS ="0" OFFSET ="10" PHYSICALLENGTH ="25" PHYSICALOFFSET ="18" PICTURETEXT ="" PRECISION ="25" SCALE ="0" USAGE_FLAGS =""/>
        <SOURCEFIELD BUSINESSNAME ="" DATATYPE ="date" DESCRIPTION ="" FIELDNUMBER ="6" FIELDPROPERTY ="0" FIELDTYPE ="ELEMITEM" HIDDEN ="NO" KEYTYPE ="NOT A KEY" LENGTH ="19" LEVEL ="0" NAME ="INVOICE_DATE" NULLABLE ="NOTNULL" OCCURS ="0" OFFSET ="10" PHYSICALLENGTH ="19" PHYSICALOFFSET ="43" PICTURETEXT ="" PRECISION ="19" SCALE ="0" USAGE_FLAGS =""/>
        <SOURCEFIELD BUSINESSNAME ="" DATATYPE ="number(p,s)" DESCRIPTION ="" FIELDNUMBER ="7" FIELDPROPERTY ="0" FIELDTYPE ="ELEMITEM" HIDDEN ="NO" KEYTYPE ="NOT A KEY" LENGTH ="40" LEVEL ="0" NAME ="SHIP_TO_CUSTOMER_ID" NULLABLE ="NOTNULL" OCCURS ="0" OFFSET ="29" PHYSICALLENGTH ="38" PHYSICALOFFSET ="62" PICTURETEXT ="" PRECISION ="38" SCALE ="0" USAGE_FLAGS =""/>
        <SOURCEFIELD BUSINESSNAME ="" DATATYPE ="number(p,s)" DESCRIPTION ="" FIELDNUMBER ="8" FIELDPROPERTY ="0" FIELDTYPE ="ELEMITEM" HIDDEN ="NO" KEYTYPE ="NOT A KEY" LENGTH ="40" LEVEL ="0" NAME ="SHIP_FOR_CUSTOMER_ID" NULLABLE ="NOTNULL" OCCURS ="0" OFFSET ="69" PHYSICALLENGTH ="38" PHYSICALOFFSET ="100" PICTURETEXT ="" PRECISION ="38" SCALE ="0" USAGE_FLAGS =""/>
        <SOURCEFIELD BUSINESSNAME ="" DATATYPE ="varchar2" DESCRIPTION ="" FIELDNUMBER ="9" FIELDPROPERTY ="0" FIELDTYPE ="ELEMITEM" HIDDEN ="NO" KEYTYPE ="NOT A KEY" LENGTH ="0" LEVEL ="0" NAME ="ORDER_NUM" NULLABLE ="NOTNULL" OCCURS ="0" OFFSET ="109" PHYSICALLENGTH ="20" PHYSICALOFFSET ="138" PICTURETEXT ="" PRECISION ="20" SCALE ="0" USAGE_FLAGS =""/>
        <SOURCEFIELD BUSINESSNAME ="" DATATYPE ="varchar2" DESCRIPTION ="" FIELDNUMBER ="10" FIELDPROPERTY ="0" FIELDTYPE ="ELEMITEM" HIDDEN ="NO" KEYTYPE ="NOT A KEY" LENGTH ="0" LEVEL ="0" NAME ="ORDER_SUFFIX" NULLABLE ="NOTNULL" OCCURS ="0" OFFSET ="109" PHYSICALLENGTH ="2" PHYSICALOFFSET ="158" PICTURETEXT ="" PRECISION ="2" SCALE ="0" USAGE_FLAGS =""/>
        <SOURCEFIELD BUSINESSNAME ="" DATATYPE ="date" DESCRIPTION ="" FIELDNUMBER ="11" FIELDPROPERTY ="0" FIELDTYPE ="ELEMITEM" HIDDEN ="NO" KEYTYPE ="NOT A KEY" LENGTH ="19" LEVEL ="0" NAME ="ORDER_DATE" NULLABLE ="NOTNULL" OCCURS ="0" OFFSET ="109" PHYSICALLENGTH ="19" PHYSICALOFFSET ="160" PICTURETEXT ="" PRECISION ="19" SCALE ="0" USAGE_FLAGS =""/>
        <SOURCEFIELD BUSINESSNAME ="" DATATYPE ="number(p,s)" DESCRIPTION ="" FIELDNUMBER ="12" FIELDPROPERTY ="0" FIELDTYPE ="ELEMITEM" HIDDEN ="NO" KEYTYPE ="NOT A KEY" LENGTH ="8" LEVEL ="0" NAME ="TRANSACTION_SEQUENCE" NULLABLE ="NOTNULL" OCCURS ="0" OFFSET ="128" PHYSICALLENGTH ="6" PHYSICALOFFSET ="179" PICTURETEXT ="" PRECISION ="6" SCALE ="0" USAGE_FLAGS =""/>
        <SOURCEFIELD BUSINESSNAME ="" DATATYPE ="number(p,s)" DESCRIPTION ="" FIELDNUMBER ="13" FIELDPROPERTY ="0" FIELDTYPE ="ELEMITEM" HIDDEN ="NO" KEYTYPE ="NOT A KEY" LENGTH ="40" LEVEL ="0" NAME ="ITEM_ID" NULLABLE ="NOTNULL" OCCURS ="0" OFFSET ="136" PHYSICALLENGTH ="38" PHYSICALOFFSET ="185" PICTURETEXT ="" PRECISION ="38" SCALE ="0" USAGE_FLAGS =""/>
        <SOURCEFIELD BUSINESSNAME ="" DATATYPE ="number(p,s)" DESCRIPTION ="" FIELDNUMBER ="14" FIELDPROPERTY ="0" FIELDTYPE ="ELEMITEM" HIDDEN ="NO" KEYTYPE ="NOT A KEY" LENGTH ="40" LEVEL ="0" NAME ="LEVEL_1_ITEM_ID" NULLABLE ="NOTNULL" OCCURS ="0" OFFSET ="176" PHYSICALLENGTH ="38" PHYSICALOFFSET ="223" PICTURETEXT ="" PRECISION ="38" SCALE ="0" USAGE_FLAGS =""/>
        <SOURCEFIELD BUSINESSNAME ="" DATATYPE ="number(p,s)" DESCRIPTION ="" FIELDNUMBER ="15" FIELDPROPERTY ="0" FIELDTYPE ="ELEMITEM" HIDDEN ="NO" KEYTYPE ="NOT A KEY" LENGTH ="40" LEVEL ="0" NAME ="LEVEL_2_ITEM_ID" NULLABLE ="NOTNULL" OCCURS ="0" OFFSET ="216" PHYSICALLENGTH ="38" PHYSICALOFFSET ="261" PICTURETEXT ="" PRECISION ="38" SCALE ="0" USAGE_FLAGS =""/>
        <SOURCEFIELD BUSINESSNAME ="" DATATYPE ="date" DESCRIPTION ="" FIELDNUMBER ="16" FIELDPROPERTY ="0" FIELDTYPE ="ELEMITEM" HIDDEN ="NO" KEYTYPE ="NOT A KEY" LENGTH ="19" LEVEL ="0" NAME ="SHIP_DATE" NULLABLE ="NOTNULL" OCCURS ="0" OFFSET ="256" PHYSICALLENGTH ="19" PHYSICALOFFSET ="299" PICTURETEXT ="" PRECISION ="19" SCALE ="0" USAGE_FLAGS =""/>
        <SOURCEFIELD BUSINESSNAME ="" DATATYPE ="varchar2" DESCRIPTION ="" FIELDNUMBER ="17" FIELDPROPERTY ="0" FIELDTYPE ="ELEMITEM" HIDDEN ="NO" KEYTYPE ="NOT A KEY" LENGTH ="0" LEVEL ="0" NAME ="INVOICED_DIVISION_CODE" NULLABLE ="NOTNULL" OCCURS ="0" OFFSET ="275" PHYSICALLENGTH ="2" PHYSICALOFFSET ="318" PICTURETEXT ="" PRECISION ="2" SCALE ="0" USAGE_FLAGS =""/>
        <SOURCEFIELD BUSINESSNAME ="" DATATYPE ="number(p,s)" DESCRIPTION ="" FIELDNUMBER ="18" FIELDPROPERTY ="0" FIELDTYPE ="ELEMITEM" HIDDEN ="NO" KEYTYPE ="NOT A KEY" LENGTH ="20" LEVEL ="0" NAME ="ADJ_EXTENDED_COST_DOLLARS" NULLABLE ="NOTNULL" OCCURS ="0" OFFSET ="275" PHYSICALLENGTH ="18" PHYSICALOFFSET ="320" PICTURETEXT ="" PRECISION ="18" SCALE ="6" USAGE_FLAGS =""/>
        <SOURCEFIELD BUSINESSNAME ="" DATATYPE ="date" DESCRIPTION ="" FIELDNUMBER ="19" FIELDPROPERTY ="0" FIELDTYPE ="ELEMITEM" HIDDEN ="NO" KEYTYPE ="NOT A KEY" LENGTH ="19" LEVEL ="0" NAME ="AS_OF_DATE" NULLABLE ="NOTNULL" OCCURS ="0" OFFSET ="295" PHYSICALLENGTH ="19" PHYSICALOFFSET ="338" PICTURETEXT ="" PRECISION ="19" SCALE ="0" USAGE_FLAGS =""/>
        <SOURCEFIELD BUSINESSNAME ="" DATATYPE ="date" DESCRIPTION ="" FIELDNUMBER ="20" FIELDPROPERTY ="0" FIELDTYPE ="ELEMITEM" HIDDEN ="NO" KEYTYPE ="NOT A KEY" LENGTH ="19" LEVEL ="0" NAME ="CALCULATED_DELIVERY_DATE" NULLABLE ="NULL" OCCURS ="0" OFFSET ="314" PHYSICALLENGTH ="19" PHYSICALOFFSET ="357" PICTURETEXT ="" PRECISION ="19" SCALE ="0" USAGE_FLAGS =""/>
        <SOURCEFIELD BUSINESSNAME ="" DATATYPE ="varchar2" DESCRIPTION ="" FIELDNUMBER ="21" FIELDPROPERTY ="0" FIELDTYPE ="ELEMITEM" HIDDEN ="NO" KEYTYPE ="NOT A KEY" LENGTH ="0" LEVEL ="0" NAME ="CHARGE_ALLOWANCE_CODE" NULLABLE ="NULL" OCCURS ="0" OFFSET ="333" PHYSICALLENGTH ="4" PHYSICALOFFSET ="376" PICTURETEXT ="" PRECISION ="4" SCALE ="0" USAGE_FLAGS =""/>
        <SOURCEFIELD BUSINESSNAME ="" DATATYPE ="varchar2" DESCRIPTION ="" FIELDNUMBER ="22" FIELDPROPERTY ="0" FIELDTYPE ="ELEMITEM" HIDDEN ="NO" KEYTYPE ="NOT A KEY" LENGTH ="0" LEVEL ="0" NAME ="CHARGE_ALLOWANCE_PREFIX" NULLABLE ="NULL" OCCURS ="0" OFFSET ="333" PHYSICALLENGTH ="2" PHYSICALOFFSET ="380" PICTURETEXT ="" PRECISION ="2" SCALE ="0" USAGE_FLAGS =""/>
        <SOURCEFIELD BUSINESSNAME ="" DATATYPE ="varchar2" DESCRIPTION ="" FIELDNUMBER ="23" FIELDPROPERTY ="0" FIELDTYPE ="ELEMITEM" HIDDEN ="NO" KEYTYPE ="NOT A KEY" LENGTH ="0" LEVEL ="0" NAME ="CHARGE_ALLOWANCE_PREFIX_DESC" NULLABLE ="NULL" OCCURS ="0" OFFSET ="333" PHYSICALLENGTH ="40" PHYSICALOFFSET ="382" PICTURETEXT ="" PRECISION ="40" SCALE ="0" USAGE_FLAGS =""/>
        <SOURCEFIELD BUSINESSNAME ="" DATATYPE ="varchar2" DESCRIPTION ="" FIELDNUMBER ="24" FIELDPROPERTY ="0" FIELDTYPE ="ELEMITEM" HIDDEN ="NO" KEYTYPE ="NOT A KEY" LENGTH ="0" LEVEL ="0" NAME ="CORE_IND" NULLABLE ="NULL" OCCURS ="0" OFFSET ="333" PHYSICALLENGTH ="1" PHYSICALOFFSET ="422" PICTURETEXT ="" PRECISION ="1" SCALE ="0" USAGE_FLAGS =""/>
        <SOURCEFIELD BUSINESSNAME ="" DATATYPE ="number" DESCRIPTION ="" FIELDNUMBER ="25" FIELDPROPERTY ="0" FIELDTYPE ="ELEMITEM" HIDDEN ="NO" KEYTYPE ="NOT A KEY" LENGTH ="24" LEVEL ="0" NAME ="DAYS_EARLY_LATE" NULLABLE ="NOTNULL" OCCURS ="0" OFFSET ="333" PHYSICALLENGTH ="15" PHYSICALOFFSET ="423" PICTURETEXT ="" PRECISION ="15" SCALE ="0" USAGE_FLAGS =""/>
        <SOURCEFIELD BUSINESSNAME ="" DATATYPE ="number(p,s)" DESCRIPTION ="" FIELDNUMBER ="26" FIELDPROPERTY ="0" FIELDTYPE ="ELEMITEM" HIDDEN ="NO" KEYTYPE ="NOT A KEY" LENGTH ="40" LEVEL ="0" NAME ="DISTRIBUTION_CTR_FACILITY_ID" NULLABLE ="NOTNULL" OCCURS ="0" OFFSET ="357" PHYSICALLENGTH ="38" PHYSICALOFFSET ="438" PICTURETEXT ="" PRECISION ="38" SCALE ="0" USAGE_FLAGS =""/>
        <SOURCEFIELD BUSINESSNAME ="" DATATYPE ="varchar2" DESCRIPTION ="" FIELDNUMBER ="27" FIELDPROPERTY ="0" FIELDTYPE ="ELEMITEM" HIDDEN ="NO" KEYTYPE ="NOT A KEY" LENGTH ="0" LEVEL ="0" NAME ="DIVISION_GROUP" NULLABLE ="NOTNULL" OCCURS ="0" OFFSET ="397" PHYSICALLENGTH ="4" PHYSICALOFFSET ="476" PICTURETEXT ="" PRECISION ="4" SCALE ="0" USAGE_FLAGS =""/>
        <SOURCEFIELD BUSINESSNAME ="" DATATYPE ="number(p,s)" DESCRIPTION ="" FIELDNUMBER ="28" FIELDPROPERTY ="0" FIELDTYPE ="ELEMITEM" HIDDEN ="NO" KEYTYPE ="NOT A KEY" LENGTH ="20" LEVEL ="0" NAME ="DOLLARS" NULLABLE ="NOTNULL" OCCURS ="0" OFFSET ="397" PHYSICALLENGTH ="18" PHYSICALOFFSET ="480" PICTURETEXT ="" PRECISION ="18" SCALE ="6" USAGE_FLAGS =""/>
        <SOURCEFIELD BUSINESSNAME ="" DATATYPE ="number(p,s)" DESCRIPTION ="" FIELDNUMBER ="29" FIELDPROPERTY ="0" FIELDTYPE ="ELEMITEM" HIDDEN ="NO" KEYTYPE ="NOT A KEY" LENGTH ="17" LEVEL ="0" NAME ="DOZENS" NULLABLE ="NOTNULL" OCCURS ="0" OFFSET ="417" PHYSICALLENGTH ="15" PHYSICALOFFSET ="498" PICTURETEXT ="" PRECISION ="15" SCALE ="7" USAGE_FLAGS =""/>
        <SOURCEFIELD BUSINESSNAME ="" DATATYPE ="varchar2" DESCRIPTION ="" FIELDNUMBER ="30" FIELDPROPERTY ="0" FIELDTYPE ="ELEMITEM" HIDDEN ="NO" KEYTYPE ="NOT A KEY" LENGTH ="0" LEVEL ="0" NAME ="SOURCE_EVENT_CODE" NULLABLE ="NULL" OCCURS ="0" OFFSET ="434" PHYSICALLENGTH ="10" PHYSICALOFFSET ="513" PICTURETEXT ="" PRECISION ="10" SCALE ="0" USAGE_FLAGS =""/>
        <SOURCEFIELD BUSINESSNAME ="" DATATYPE ="number(p,s)" DESCRIPTION ="" FIELDNUMBER ="31" FIELDPROPERTY ="0" FIELDTYPE ="ELEMITEM" HIDDEN ="NO" KEYTYPE ="NOT A KEY" LENGTH ="20" LEVEL ="0" NAME ="EXTENDED_COST_DOLLARS" NULLABLE ="NOTNULL" OCCURS ="0" OFFSET ="434" PHYSICALLENGTH ="18" PHYSICALOFFSET ="523" PICTURETEXT ="" PRECISION ="18" SCALE ="6" USAGE_FLAGS =""/>
        <SOURCEFIELD BUSINESSNAME ="" DATATYPE ="varchar2" DESCRIPTION ="" FIELDNUMBER ="32" FIELDPROPERTY ="0" FIELDTYPE ="ELEMITEM" HIDDEN ="NO" KEYTYPE ="NOT A KEY" LENGTH ="0" LEVEL ="0" NAME ="FINADJ_MEASURE_NAME" NULLABLE ="NULL" OCCURS ="0" OFFSET ="454" PHYSICALLENGTH ="100" PHYSICALOFFSET ="541" PICTURETEXT ="" PRECISION ="100" SCALE ="0" USAGE_FLAGS =""/>
        <SOURCEFIELD BUSINESSNAME ="" DATATYPE ="varchar2" DESCRIPTION ="" FIELDNUMBER ="33" FIELDPROPERTY ="0" FIELDTYPE ="ELEMITEM" HIDDEN ="NO" KEYTYPE ="NOT A KEY" LENGTH ="0" LEVEL ="0" NAME ="FINADJ_MEASURE_TYPE" NULLABLE ="NULL" OCCURS ="0" OFFSET ="454" PHYSICALLENGTH ="15" PHYSICALOFFSET ="641" PICTURETEXT ="" PRECISION ="15" SCALE ="0" USAGE_FLAGS =""/>
        <SOURCEFIELD BUSINESSNAME ="" DATATYPE ="number(p,s)" DESCRIPTION ="" FIELDNUMBER ="34" FIELDPROPERTY ="0" FIELDTYPE ="ELEMITEM" HIDDEN ="NO" KEYTYPE ="NOT A KEY" LENGTH ="4" LEVEL ="0" NAME ="FISCAL_WEEK" NULLABLE ="NOTNULL" OCCURS ="0" OFFSET ="454" PHYSICALLENGTH ="2" PHYSICALOFFSET ="656" PICTURETEXT ="" PRECISION ="2" SCALE ="0" USAGE_FLAGS =""/>
        <SOURCEFIELD BUSINESSNAME ="" DATATYPE ="number(p,s)" DESCRIPTION ="" FIELDNUMBER ="35" FIELDPROPERTY ="0" FIELDTYPE ="ELEMITEM" HIDDEN ="NO" KEYTYPE ="NOT A KEY" LENGTH ="12" LEVEL ="0" NAME ="GARMENTS" NULLABLE ="NOTNULL" OCCURS ="0" OFFSET ="458" PHYSICALLENGTH ="10" PHYSICALOFFSET ="658" PICTURETEXT ="" PRECISION ="10" SCALE ="0" USAGE_FLAGS =""/>
        <SOURCEFIELD BUSINESSNAME ="" DATATYPE ="varchar2" DESCRIPTION ="" FIELDNUMBER ="36" FIELDPROPERTY ="0" FIELDTYPE ="ELEMITEM" HIDDEN ="NO" KEYTYPE ="NOT A KEY" LENGTH ="0" LEVEL ="0" NAME ="GL_ACCT_NUM_1" NULLABLE ="NULL" OCCURS ="0" OFFSET ="470" PHYSICALLENGTH ="30" PHYSICALOFFSET ="668" PICTURETEXT ="" PRECISION ="30" SCALE ="0" USAGE_FLAGS =""/>
        <SOURCEFIELD BUSINESSNAME ="" DATATYPE ="varchar2" DESCRIPTION ="" FIELDNUMBER ="37" FIELDPROPERTY ="0" FIELDTYPE ="ELEMITEM" HIDDEN ="NO" KEYTYPE ="NOT A KEY" LENGTH ="0" LEVEL ="0" NAME ="GL_ACCT_NUM_2" NULLABLE ="NULL" OCCURS ="0" OFFSET ="470" PHYSICALLENGTH ="30" PHYSICALOFFSET ="698" PICTURETEXT ="" PRECISION ="30" SCALE ="0" USAGE_FLAGS =""/>
        <SOURCEFIELD BUSINESSNAME ="" DATATYPE ="varchar2" DESCRIPTION ="" FIELDNUMBER ="38" FIELDPROPERTY ="0" FIELDTYPE ="ELEMITEM" HIDDEN ="NO" KEYTYPE ="NOT A KEY" LENGTH ="0" LEVEL ="0" NAME ="GROSS_MARGIN_IND" NULLABLE ="NOTNULL" OCCURS ="0" OFFSET ="470" PHYSICALLENGTH ="1" PHYSICALOFFSET ="728" PICTURETEXT ="" PRECISION ="1" SCALE ="0" USAGE_FLAGS =""/>
        <SOURCEFIELD BUSINESSNAME ="" DATATYPE ="number(p,s)" DESCRIPTION ="" FIELDNUMBER ="39" FIELDPROPERTY ="0" FIELDTYPE ="ELEMITEM" HIDDEN ="NO" KEYTYPE ="NOT A KEY" LENGTH ="20" LEVEL ="0" NAME ="GROSS_PROFIT_DOLLARS" NULLABLE ="NOTNULL" OCCURS ="0" OFFSET ="470" PHYSICALLENGTH ="18" PHYSICALOFFSET ="729" PICTURETEXT ="" PRECISION ="18" SCALE ="6" USAGE_FLAGS =""/>
        <SOURCEFIELD BUSINESSNAME ="" DATATYPE ="varchar2" DESCRIPTION ="" FIELDNUMBER ="40" FIELDPROPERTY ="0" FIELDTYPE ="ELEMITEM" HIDDEN ="NO" KEYTYPE ="NOT A KEY" LENGTH ="0" LEVEL ="0" NAME ="INVOICE_NUM" NULLABLE ="NULL" OCCURS ="0" OFFSET ="490" PHYSICALLENGTH ="11" PHYSICALOFFSET ="747" PICTURETEXT ="" PRECISION ="11" SCALE ="0" USAGE_FLAGS =""/>
        <SOURCEFIELD BUSINESSNAME ="" DATATYPE ="varchar2" DESCRIPTION ="" FIELDNUMBER ="41" FIELDPROPERTY ="0" FIELDTYPE ="ELEMITEM" HIDDEN ="NO" KEYTYPE ="NOT A KEY" LENGTH ="0" LEVEL ="0" NAME ="INVOICED_QUALITY_CODE" NULLABLE ="NULL" OCCURS ="0" OFFSET ="490" PHYSICALLENGTH ="1" PHYSICALOFFSET ="758" PICTURETEXT ="" PRECISION ="1" SCALE ="0" USAGE_FLAGS =""/>
        <SOURCEFIELD BUSINESSNAME ="" DATATYPE ="varchar2" DESCRIPTION ="" FIELDNUMBER ="42" FIELDPROPERTY ="0" FIELDTYPE ="ELEMITEM" HIDDEN ="NO" KEYTYPE ="NOT A KEY" LENGTH ="0" LEVEL ="0" NAME ="LATE_IND" NULLABLE ="NOTNULL" OCCURS ="0" OFFSET ="490" PHYSICALLENGTH ="1" PHYSICALOFFSET ="759" PICTURETEXT ="" PRECISION ="1" SCALE ="0" USAGE_FLAGS =""/>
        <SOURCEFIELD BUSINESSNAME ="" DATATYPE ="varchar2" DESCRIPTION ="" FIELDNUMBER ="43" FIELDPROPERTY ="0" FIELDTYPE ="ELEMITEM" HIDDEN ="NO" KEYTYPE ="NOT A KEY" LENGTH ="0" LEVEL ="0" NAME ="LEVEL_1_DIVISION_CODE" NULLABLE ="NOTNULL" OCCURS ="0" OFFSET ="490" PHYSICALLENGTH ="2" PHYSICALOFFSET ="760" PICTURETEXT ="" PRECISION ="2" SCALE ="0" USAGE_FLAGS =""/>
        <SOURCEFIELD BUSINESSNAME ="" DATATYPE ="varchar2" DESCRIPTION ="" FIELDNUMBER ="44" FIELDPROPERTY ="0" FIELDTYPE ="ELEMITEM" HIDDEN ="NO" KEYTYPE ="NOT A KEY" LENGTH ="0" LEVEL ="0" NAME ="LEVEL_2_DIVISION_CODE" NULLABLE ="NOTNULL" OCCURS ="0" OFFSET ="490" PHYSICALLENGTH ="2" PHYSICALOFFSET ="762" PICTURETEXT ="" PRECISION ="2" SCALE ="0" USAGE_FLAGS =""/>
        <SOURCEFIELD BUSINESSNAME ="" DATATYPE ="varchar2" DESCRIPTION ="" FIELDNUMBER ="45" FIELDPROPERTY ="0" FIELDTYPE ="ELEMITEM" HIDDEN ="NO" KEYTYPE ="NOT A KEY" LENGTH ="0" LEVEL ="0" NAME ="PO_NUM" NULLABLE ="NULL" OCCURS ="0" OFFSET ="490" PHYSICALLENGTH ="22" PHYSICALOFFSET ="764" PICTURETEXT ="" PRECISION ="22" SCALE ="0" USAGE_FLAGS =""/>
        <SOURCEFIELD BUSINESSNAME ="" DATATYPE ="date" DESCRIPTION ="" FIELDNUMBER ="46" FIELDPROPERTY ="0" FIELDTYPE ="ELEMITEM" HIDDEN ="NO" KEYTYPE ="NOT A KEY" LENGTH ="19" LEVEL ="0" NAME ="REQUESTED_SHIP_DATE" NULLABLE ="NOTNULL" OCCURS ="0" OFFSET ="490" PHYSICALLENGTH ="19" PHYSICALOFFSET ="786" PICTURETEXT ="" PRECISION ="19" SCALE ="0" USAGE_FLAGS =""/>
        <SOURCEFIELD BUSINESSNAME ="" DATATYPE ="varchar2" DESCRIPTION ="" FIELDNUMBER ="47" FIELDPROPERTY ="0" FIELDTYPE ="ELEMITEM" HIDDEN ="NO" KEYTYPE ="NOT A KEY" LENGTH ="0" LEVEL ="0" NAME ="SOURCE_ACCOUNT_NUM" NULLABLE ="NOTNULL" OCCURS ="0" OFFSET ="509" PHYSICALLENGTH ="10" PHYSICALOFFSET ="805" PICTURETEXT ="" PRECISION ="10" SCALE ="0" USAGE_FLAGS =""/>
        <SOURCEFIELD BUSINESSNAME ="" DATATYPE ="varchar2" DESCRIPTION ="" FIELDNUMBER ="48" FIELDPROPERTY ="0" FIELDTYPE ="ELEMITEM" HIDDEN ="NO" KEYTYPE ="NOT A KEY" LENGTH ="0" LEVEL ="0" NAME ="SOURCE_ORDER_TYPE" NULLABLE ="NULL" OCCURS ="0" OFFSET ="509" PHYSICALLENGTH ="2" PHYSICALOFFSET ="815" PICTURETEXT ="" PRECISION ="2" SCALE ="0" USAGE_FLAGS =""/>
        <SOURCEFIELD BUSINESSNAME ="" DATATYPE ="varchar2" DESCRIPTION ="" FIELDNUMBER ="49" FIELDPROPERTY ="0" FIELDTYPE ="ELEMITEM" HIDDEN ="NO" KEYTYPE ="NOT A KEY" LENGTH ="0" LEVEL ="0" NAME ="SOURCE_PO_TYPE" NULLABLE ="NULL" OCCURS ="0" OFFSET ="509" PHYSICALLENGTH ="2" PHYSICALOFFSET ="817" PICTURETEXT ="" PRECISION ="2" SCALE ="0" USAGE_FLAGS =""/>
        <SOURCEFIELD BUSINESSNAME ="" DATATYPE ="varchar2" DESCRIPTION ="" FIELDNUMBER ="50" FIELDPROPERTY ="0" FIELDTYPE ="ELEMITEM" HIDDEN ="NO" KEYTYPE ="NOT A KEY" LENGTH ="0" LEVEL ="0" NAME ="SOURCE_RETURN_CODE" NULLABLE ="NULL" OCCURS ="0" OFFSET ="509" PHYSICALLENGTH ="6" PHYSICALOFFSET ="819" PICTURETEXT ="" PRECISION ="6" SCALE ="0" USAGE_FLAGS =""/>
        <SOURCEFIELD BUSINESSNAME ="" DATATYPE ="number(p,s)" DESCRIPTION ="" FIELDNUMBER ="51" FIELDPROPERTY ="0" FIELDTYPE ="ELEMITEM" HIDDEN ="NO" KEYTYPE ="NOT A KEY" LENGTH ="12" LEVEL ="0" NAME ="UNITS" NULLABLE ="NOTNULL" OCCURS ="0" OFFSET ="509" PHYSICALLENGTH ="10" PHYSICALOFFSET ="825" PICTURETEXT ="" PRECISION ="10" SCALE ="0" USAGE_FLAGS =""/>
        <SOURCEFIELD BUSINESSNAME ="" DATATYPE ="date" DESCRIPTION ="" FIELDNUMBER ="52" FIELDPROPERTY ="0" FIELDTYPE ="ELEMITEM" HIDDEN ="NO" KEYTYPE ="NOT A KEY" LENGTH ="19" LEVEL ="0" NAME ="UPDATE_TIMESTAMP" NULLABLE ="NOTNULL" OCCURS ="0" OFFSET ="521" PHYSICALLENGTH ="19" PHYSICALOFFSET ="835" PICTURETEXT ="" PRECISION ="19" SCALE ="0" USAGE_FLAGS =""/>
        <SOURCEFIELD BUSINESSNAME ="" DATATYPE ="varchar2" DESCRIPTION ="" FIELDNUMBER ="53" FIELDPROPERTY ="0" FIELDTYPE ="ELEMITEM" HIDDEN ="NO" KEYTYPE ="NOT A KEY" LENGTH ="0" LEVEL ="0" NAME ="UPDATE_USERID" NULLABLE ="NOTNULL" OCCURS ="0" OFFSET ="540" PHYSICALLENGTH ="50" PHYSICALOFFSET ="854" PICTURETEXT ="" PRECISION ="50" SCALE ="0" USAGE_FLAGS =""/>
        <SOURCEFIELD BUSINESSNAME ="" DATATYPE ="date" DESCRIPTION ="" FIELDNUMBER ="54" FIELDPROPERTY ="0" FIELDTYPE ="ELEMITEM" HIDDEN ="NO" KEYTYPE ="NOT A KEY" LENGTH ="19" LEVEL ="0" NAME ="CALL_IN_DATE" NULLABLE ="NULL" OCCURS ="0" OFFSET ="540" PHYSICALLENGTH ="19" PHYSICALOFFSET ="904" PICTURETEXT ="" PRECISION ="19" SCALE ="0" USAGE_FLAGS =""/>
        <SOURCEFIELD BUSINESSNAME ="" DATATYPE ="number(p,s)" DESCRIPTION ="" FIELDNUMBER ="55" FIELDPROPERTY ="0" FIELDTYPE ="ELEMITEM" HIDDEN ="NO" KEYTYPE ="NOT A KEY" LENGTH ="12" LEVEL ="0" NAME ="RELEASED_GARMENTS" NULLABLE ="NOTNULL" OCCURS ="0" OFFSET ="559" PHYSICALLENGTH ="10" PHYSICALOFFSET ="923" PICTURETEXT ="" PRECISION ="10" SCALE ="0" USAGE_FLAGS =""/>
        <SOURCEFIELD BUSINESSNAME ="" DATATYPE ="number(p,s)" DESCRIPTION ="" FIELDNUMBER ="56" FIELDPROPERTY ="0" FIELDTYPE ="ELEMITEM" HIDDEN ="NO" KEYTYPE ="NOT A KEY" LENGTH ="12" LEVEL ="0" NAME ="RELEASED_UNITS" NULLABLE ="NULL" OCCURS ="0" OFFSET ="571" PHYSICALLENGTH ="10" PHYSICALOFFSET ="933" PICTURETEXT ="" PRECISION ="10" SCALE ="0" USAGE_FLAGS =""/>
        <SOURCEFIELD BUSINESSNAME ="" DATATYPE ="number" DESCRIPTION ="" FIELDNUMBER ="57" FIELDPROPERTY ="0" FIELDTYPE ="ELEMITEM" HIDDEN ="NO" KEYTYPE ="NOT A KEY" LENGTH ="24" LEVEL ="0" NAME ="DEMAND_GARMENTS" NULLABLE ="NULL" OCCURS ="0" OFFSET ="583" PHYSICALLENGTH ="15" PHYSICALOFFSET ="943" PICTURETEXT ="" PRECISION ="15" SCALE ="0" USAGE_FLAGS =""/>
        <SOURCEFIELD BUSINESSNAME ="" DATATYPE ="varchar2" DESCRIPTION ="" FIELDNUMBER ="58" FIELDPROPERTY ="0" FIELDTYPE ="ELEMITEM" HIDDEN ="NO" KEYTYPE ="NOT A KEY" LENGTH ="0" LEVEL ="0" NAME ="BACK_ORDER_IND" NULLABLE ="NULL" OCCURS ="0" OFFSET ="607" PHYSICALLENGTH ="1" PHYSICALOFFSET ="958" PICTURETEXT ="" PRECISION ="1" SCALE ="0" USAGE_FLAGS =""/>
        <SOURCEFIELD BUSINESSNAME ="" DATATYPE ="date" DESCRIPTION ="" FIELDNUMBER ="59" FIELDPROPERTY ="0" FIELDTYPE ="ELEMITEM" HIDDEN ="NO" KEYTYPE ="NOT A KEY" LENGTH ="19" LEVEL ="0" NAME ="CANCEL_BY_DATE" NULLABLE ="NULL" OCCURS ="0" OFFSET ="607" PHYSICALLENGTH ="19" PHYSICALOFFSET ="959" PICTURETEXT ="" PRECISION ="19" SCALE ="0" USAGE_FLAGS =""/>
        <SOURCEFIELD BUSINESSNAME ="" DATATYPE ="date" DESCRIPTION ="" FIELDNUMBER ="60" FIELDPROPERTY ="0" FIELDTYPE ="ELEMITEM" HIDDEN ="NO" KEYTYPE ="NOT A KEY" LENGTH ="19" LEVEL ="0" NAME ="GOOD_SERVICE_DATE" NULLABLE ="NULL" OCCURS ="0" OFFSET ="626" PHYSICALLENGTH ="19" PHYSICALOFFSET ="978" PICTURETEXT ="" PRECISION ="19" SCALE ="0" USAGE_FLAGS =""/>
        <SOURCEFIELD BUSINESSNAME ="" DATATYPE ="number(p,s)" DESCRIPTION ="" FIELDNUMBER ="61" FIELDPROPERTY ="0" FIELDTYPE ="ELEMITEM" HIDDEN ="NO" KEYTYPE ="NOT A KEY" LENGTH ="20" LEVEL ="0" NAME ="ORIGINAL_ORDER_DOLLARS" NULLABLE ="NULL" OCCURS ="0" OFFSET ="645" PHYSICALLENGTH ="18" PHYSICALOFFSET ="997" PICTURETEXT ="" PRECISION ="18" SCALE ="6" USAGE_FLAGS =""/>
        <SOURCEFIELD BUSINESSNAME ="" DATATYPE ="number(p,s)" DESCRIPTION ="" FIELDNUMBER ="62" FIELDPROPERTY ="0" FIELDTYPE ="ELEMITEM" HIDDEN ="NO" KEYTYPE ="NOT A KEY" LENGTH ="12" LEVEL ="0" NAME ="ORIGINAL_ORDER_GARMENTS" NULLABLE ="NULL" OCCURS ="0" OFFSET ="665" PHYSICALLENGTH ="10" PHYSICALOFFSET ="1015" PICTURETEXT ="" PRECISION ="10" SCALE ="0" USAGE_FLAGS =""/>
        <SOURCEFIELD BUSINESSNAME ="" DATATYPE ="varchar2" DESCRIPTION ="" FIELDNUMBER ="63" FIELDPROPERTY ="0" FIELDTYPE ="ELEMITEM" HIDDEN ="NO" KEYTYPE ="NOT A KEY" LENGTH ="0" LEVEL ="0" NAME ="SALES_MEASURE_NAME" NULLABLE ="NULL" OCCURS ="0" OFFSET ="677" PHYSICALLENGTH ="20" PHYSICALOFFSET ="1025" PICTURETEXT ="" PRECISION ="20" SCALE ="0" USAGE_FLAGS =""/>
        <SOURCEFIELD BUSINESSNAME ="" DATATYPE ="varchar2" DESCRIPTION ="" FIELDNUMBER ="64" FIELDPROPERTY ="0" FIELDTYPE ="ELEMITEM" HIDDEN ="NO" KEYTYPE ="NOT A KEY" LENGTH ="0" LEVEL ="0" NAME ="COST_MEASURE_NAME" NULLABLE ="NULL" OCCURS ="0" OFFSET ="677" PHYSICALLENGTH ="20" PHYSICALOFFSET ="1045" PICTURETEXT ="" PRECISION ="20" SCALE ="0" USAGE_FLAGS =""/>
        <SOURCEFIELD BUSINESSNAME ="" DATATYPE ="number(p,s)" DESCRIPTION ="" FIELDNUMBER ="65" FIELDPROPERTY ="0" FIELDTYPE ="ELEMITEM" HIDDEN ="NO" KEYTYPE ="NOT A KEY" LENGTH ="20" LEVEL ="0" NAME ="DOLLARS_LOCAL_CURRENCY" NULLABLE ="NULL" OCCURS ="0" OFFSET ="677" PHYSICALLENGTH ="18" PHYSICALOFFSET ="1065" PICTURETEXT ="" PRECISION ="18" SCALE ="6" USAGE_FLAGS =""/>
        <SOURCEFIELD BUSINESSNAME ="" DATATYPE ="number(p,s)" DESCRIPTION ="" FIELDNUMBER ="66" FIELDPROPERTY ="0" FIELDTYPE ="ELEMITEM" HIDDEN ="NO" KEYTYPE ="NOT A KEY" LENGTH ="20" LEVEL ="0" NAME ="ADJ_EXT_CST_DOL_LOCAL_CURRENCY" NULLABLE ="NULL" OCCURS ="0" OFFSET ="697" PHYSICALLENGTH ="18" PHYSICALOFFSET ="1083" PICTURETEXT ="" PRECISION ="18" SCALE ="6" USAGE_FLAGS =""/>
        <SOURCEFIELD BUSINESSNAME ="" DATATYPE ="varchar2" DESCRIPTION ="" FIELDNUMBER ="67" FIELDPROPERTY ="0" FIELDTYPE ="ELEMITEM" HIDDEN ="NO" KEYTYPE ="NOT A KEY" LENGTH ="0" LEVEL ="0" NAME ="SAP_SOLDTO_CUST" NULLABLE ="NULL" OCCURS ="0" OFFSET ="717" PHYSICALLENGTH ="10" PHYSICALOFFSET ="1101" PICTURETEXT ="" PRECISION ="10" SCALE ="0" USAGE_FLAGS =""/>
        <SOURCEFIELD BUSINESSNAME ="" DATATYPE ="varchar2" DESCRIPTION ="" FIELDNUMBER ="68" FIELDPROPERTY ="0" FIELDTYPE ="ELEMITEM" HIDDEN ="NO" KEYTYPE ="NOT A KEY" LENGTH ="0" LEVEL ="0" NAME ="SAP_SHIPTO_CUST" NULLABLE ="NULL" OCCURS ="0" OFFSET ="717" PHYSICALLENGTH ="10" PHYSICALOFFSET ="1111" PICTURETEXT ="" PRECISION ="10" SCALE ="0" USAGE_FLAGS =""/>
        <SOURCEFIELD BUSINESSNAME ="" DATATYPE ="varchar2" DESCRIPTION ="" FIELDNUMBER ="69" FIELDPROPERTY ="0" FIELDTYPE ="ELEMITEM" HIDDEN ="NO" KEYTYPE ="NOT A KEY" LENGTH ="0" LEVEL ="0" NAME ="SAP_MATERIAL_NUM" NULLABLE ="NULL" OCCURS ="0" OFFSET ="717" PHYSICALLENGTH ="18" PHYSICALOFFSET ="1121" PICTURETEXT ="" PRECISION ="18" SCALE ="0" USAGE_FLAGS =""/>
        <SOURCEFIELD BUSINESSNAME ="" DATATYPE ="varchar2" DESCRIPTION ="" FIELDNUMBER ="70" FIELDPROPERTY ="0" FIELDTYPE ="ELEMITEM" HIDDEN ="NO" KEYTYPE ="NOT A KEY" LENGTH ="0" LEVEL ="0" NAME ="SAP_GRID_VALUE" NULLABLE ="NULL" OCCURS ="0" OFFSET ="717" PHYSICALLENGTH ="8" PHYSICALOFFSET ="1139" PICTURETEXT ="" PRECISION ="8" SCALE ="0" USAGE_FLAGS =""/>
    </SOURCE>
    <TARGET BUSINESSNAME ="" CONSTRAINT ="" DATABASETYPE ="Microsoft SQL Server" DESCRIPTION ="" NAME ="SAP_GM_Comparison" OBJECTVERSION ="1" TABLEOPTIONS ="" VERSIONNUMBER ="1">
        <TARGETFIELD BUSINESSNAME ="" DATATYPE ="int" DESCRIPTION ="" FIELDNUMBER ="1" KEYTYPE ="NOT A KEY" NAME ="FISCAL_Year" NULLABLE ="NULL" PICTURETEXT ="" PRECISION ="10" SCALE ="0"/>
        <TARGETFIELD BUSINESSNAME ="" DATATYPE ="int" DESCRIPTION ="" FIELDNUMBER ="2" KEYTYPE ="NOT A KEY" NAME ="FISCAL_Period" NULLABLE ="NULL" PICTURETEXT ="" PRECISION ="10" SCALE ="0"/>
        <TARGETFIELD BUSINESSNAME ="" DATATYPE ="varchar" DESCRIPTION ="" FIELDNUMBER ="3" KEYTYPE ="NOT A KEY" NAME ="GL_Number" NULLABLE ="NULL" PICTURETEXT ="" PRECISION ="30" SCALE ="0"/>
        <TARGETFIELD BUSINESSNAME ="" DATATYPE ="varchar" DESCRIPTION ="" FIELDNUMBER ="4" KEYTYPE ="NOT A KEY" NAME ="SBU" NULLABLE ="NULL" PICTURETEXT ="" PRECISION ="40" SCALE ="0"/>
        <TARGETFIELD BUSINESSNAME ="" DATATYPE ="float" DESCRIPTION ="" FIELDNUMBER ="5" KEYTYPE ="NOT A KEY" NAME ="GM_Val" NULLABLE ="NULL" PICTURETEXT ="" PRECISION ="15" SCALE ="0"/>
        <TARGETFIELD BUSINESSNAME ="" DATATYPE ="float" DESCRIPTION ="" FIELDNUMBER ="6" KEYTYPE ="NOT A KEY" NAME ="SAP_Val" NULLABLE ="NULL" PICTURETEXT ="" PRECISION ="15" SCALE ="0"/>
        <TARGETFIELD BUSINESSNAME ="" DATATYPE ="float" DESCRIPTION ="" FIELDNUMBER ="7" KEYTYPE ="NOT A KEY" NAME ="GM_SAP_Diff" NULLABLE ="NULL" PICTURETEXT ="" PRECISION ="15" SCALE ="0"/>
        <TARGETFIELD BUSINESSNAME ="" DATATYPE ="datetime" DESCRIPTION ="" FIELDNUMBER ="8" KEYTYPE ="NOT A KEY" NAME ="load_date" NULLABLE ="NULL" PICTURETEXT ="" PRECISION ="23" SCALE ="3"/>
    </TARGET>
    <MAPPING DESCRIPTION ="This mapping loads the records into SAP_GM_Comparison" ISVALID ="YES" NAME ="m_GM_SAP_GL_COMP_EMAIL" OBJECTVERSION ="1" VERSIONNUMBER ="1">
        <TRANSFORMATION DESCRIPTION ="This transformation fetch the record from source table." NAME ="SQ_GROSS_MARGIN" OBJECTVERSION ="1" REUSABLE ="NO" TYPE ="Source Qualifier" VERSIONNUMBER ="1">
            <TRANSFORMFIELD DATATYPE ="decimal" DEFAULTVALUE ="" DESCRIPTION ="" NAME ="FISCAL_YEAR" PICTURETEXT ="" PORTTYPE ="INPUT/OUTPUT" PRECISION ="4" SCALE ="0"/>
            <TRANSFORMFIELD DATATYPE ="decimal" DEFAULTVALUE ="" DESCRIPTION ="" NAME ="FISCAL_PERIOD" PICTURETEXT ="" PORTTYPE ="INPUT/OUTPUT" PRECISION ="2" SCALE ="0"/>
            <TRANSFORMFIELD DATATYPE ="string" DEFAULTVALUE ="" DESCRIPTION ="" NAME ="GL" PICTURETEXT ="" PORTTYPE ="INPUT/OUTPUT" PRECISION ="30" SCALE ="0"/>
            <TRANSFORMFIELD DATATYPE ="string" DEFAULTVALUE ="" DESCRIPTION ="" NAME ="SBU" PICTURETEXT ="" PORTTYPE ="INPUT/OUTPUT" PRECISION ="40" SCALE ="0"/>
            <TRANSFORMFIELD DATATYPE ="decimal" DEFAULTVALUE ="" DESCRIPTION ="" NAME ="GM" PICTURETEXT ="" PORTTYPE ="INPUT/OUTPUT" PRECISION ="18" SCALE ="6"/>
            <TRANSFORMFIELD DATATYPE ="decimal" DEFAULTVALUE ="" DESCRIPTION ="" NAME ="SAP" PICTURETEXT ="" PORTTYPE ="INPUT/OUTPUT" PRECISION ="18" SCALE ="6"/>
            <TABLEATTRIBUTE NAME ="Sql Query" VALUE ="select fiscal_year,fiscal_period,gl,SBU,&#x9;&#x9;&#x9;&#x9;&#xD;&#xA;gm, sap&#xD;&#xA;&#x9;&#x9;&#x9;&#x9;&#xD;&#xA;from&#x9;&#x9;&#x9;&#x9;&#xD;&#xA;(&#x9;&#x9;&#x9;&#x9;&#xD;&#xA;---------Current Month from Hbi DW --------------------------------------------&#x9;&#x9;&#x9;&#x9;&#xD;&#xA;select g.fiscal_year,g.fiscal_period,g.gl_acct_num_1 gl,pc.strategic_business_unit SBU,&#x9;&#x9;&#x9;&#x9;&#xD;&#xA;sum(g.dollars)*(-1) gm,0 sap&#x9;&#x9;&#x9;&#xD;&#xA;from slba.gross_margin g, slba.slba_item b, slba.edm_profit_center pc&#x9;&#x9;&#x9;&#x9;&#xD;&#xA;where g.item_id=b.item_id and ltrim(g.sap_profit_center_num,0) = pc.profit_center&#x9;&#x9;&#x9;&#x9;&#xD;&#xA;and  g.fiscal_year = ($$FISCAL_YEAR)&#x9;&#x9;&#x9;&#x9;&#xD;&#xA;and  g.fiscal_period = ($$FISCAL_PERIOD)&#x9;&#x9;&#x9;&#x9;&#xD;&#xA;and g.gl_acct_num_1 like &apos;4%&apos;&#x9;&#x9;&#x9;&#x9;&#xD;&#xA;and g.gross_margin_ind =&apos;Y&apos;&#x9;&#x9;&#x9;&#x9;&#xD;&#xA;and g.update_userid like &apos;%SAP%&apos;&#x9;&#x9;&#x9;&#x9;&#xD;&#xA;and g.dollars !=0&#x9;&#xD;&#xA;and g.slba_division_code in ($$DIVISIONS)&#xD;&#xA;group by g.fiscal_year,g.fiscal_period,g.gl_acct_num_1,pc.strategic_business_unit&#x9;&#x9;&#x9;&#x9;&#xD;&#xA;union&#x9;&#x9;&#x9;&#x9;&#x9;&#xD;&#xA;select g.fiscal_year,g.fiscal_period,NVL (g.gl_acct_num_2, 5101000000) gl,pc.strategic_business_unit SBU,&#x9;&#xD;&#xA;sum(g.adj_extended_cost_dollars) gm,0 sap&#x9;&#x9;&#x9;&#x9;&#xD;&#xA;from slba.gross_margin g, slba.slba_item b, slba.edm_profit_center pc&#x9;&#x9;&#x9;&#x9;&#xD;&#xA;where g.item_id=b.item_id and ltrim(g.sap_profit_center_num,0) = pc.profit_center&#x9;&#x9;&#x9;&#x9;&#xD;&#xA;and  (&#xD;&#xA;(g.fiscal_year IN ($$FISCAL_YEAR)&#x9;&#x9;&#x9;&#x9;&#xD;&#xA;and  g.fiscal_period = ($$FISCAL_PERIOD)&#x9;&#x9;&#x9;&#x9;&#xD;&#xA;and g.update_userid like &apos;%SAP%&apos;&#x9;&#x9;&#x9;&#x9;&#xD;&#xA;and g.gl_acct_num_2 like &apos;5%&apos;&#x9;&#x9;&#x9;&#x9;&#xD;&#xA;and g.gross_margin_ind =&apos;Y&apos;&#x9;&#x9;&#x9;&#x9;&#xD;&#xA;and g.adj_extended_cost_dollars !=0)  &#x9;&#xD;&#xA;OR&#xD;&#xA;(g.fiscal_year IN ($$FISCAL_YEAR)&#x9;&#x9;&#x9;&#x9;&#xD;&#xA;and  g.fiscal_period = ($$FISCAL_PERIOD)&#x9;&#x9;&#x9;&#x9;&#xD;&#xA;AND g.update_userid LIKE &apos;%SAP%&apos;&#xD;&#xA;AND g.gross_margin_ind = &apos;Y&apos;&#xD;&#xA;AND g.adj_extended_cost_dollars &lt;&gt; 0&#xD;&#xA;AND g.cost_measure_name = &apos;IC COGS&apos;)&#xD;&#xA;)&#xD;&#xA;and g.slba_division_code in ($$DIVISIONS)&#x9;&#x9;&#x9;&#xD;&#xA;group by g.fiscal_year,g.fiscal_period,NVL (g.gl_acct_num_2, 5101000000),pc.strategic_business_unit&#x9;&#x9;&#x9;&#x9;&#xD;&#xA;union&#x9;&#x9;&#x9;&#x9;&#xD;&#xA;---------Previous Month from HbI DW--------------------------------------------&#x9;&#x9;&#x9;&#x9;&#xD;&#xA;select g.fiscal_year,g.fiscal_period,g.gl_acct_num_1 gl,pc.strategic_business_unit SBU,&#x9;&#x9;&#x9;&#x9;&#xD;&#xA;sum(g.dollars) *(-1) gm,0 sap&#xD;&#xA;from slba.gross_margin g, slba.slba_item b, slba.edm_profit_center pc&#x9;&#x9;&#x9;&#x9;&#xD;&#xA;where g.item_id=b.item_id and ltrim(g.sap_profit_center_num,0) = pc.profit_center&#x9;&#x9;&#x9;&#x9;&#xD;&#xA;and  g.fiscal_year = ($$PRIOR_PD_YEAR)&#x9;&#x9;&#x9;&#x9;&#xD;&#xA;and  g.fiscal_period = ($$PRIOR_PERIOD)&#x9;&#x9;&#x9;&#x9;&#xD;&#xA;and g.update_userid like &apos;%SAP%&apos;&#x9;&#x9;&#x9;&#x9;&#xD;&#xA;and g.gl_acct_num_1 like &apos;4%&apos;&#x9;&#x9;&#x9;&#x9;&#xD;&#xA;and g.gross_margin_ind =&apos;Y&apos;&#x9;&#x9;&#x9;&#x9;&#xD;&#xA;and g.dollars !=0 and g.slba_division_code in ($$DIVISIONS) &#xD;&#xA;group by g.fiscal_year,g.fiscal_period,g.gl_acct_num_1,pc.strategic_business_unit&#x9;&#x9;&#x9;&#x9;&#xD;&#xA;union&#x9;&#x9;&#x9;&#x9;&#xD;&#xA;select g.fiscal_year,g.fiscal_period,NVL (g.gl_acct_num_2, 5101000000) gl,pc.strategic_business_unit SBU,&#x9;&#x9;&#x9;&#x9;&#xD;&#xA;sum(g.adj_extended_cost_dollars) gm,0 sap&#x9;&#x9;&#x9;&#x9;&#xD;&#xA;from slba.gross_margin g, slba.slba_item b, slba.edm_profit_center pc&#x9;&#x9;&#x9;&#x9;&#xD;&#xA;where g.item_id=b.item_id and ltrim(g.sap_profit_center_num,0) = pc.profit_center&#x9;&#x9;&#x9;&#x9;&#xD;&#xA;and  (&#xD;&#xA;(g.fiscal_year IN ($$FISCAL_YEAR)&#x9;&#x9;&#x9;&#x9;&#xD;&#xA;and  g.fiscal_period = ($$FISCAL_PERIOD)&#x9;&#x9;&#x9;&#x9;&#xD;&#xA;and g.update_userid like &apos;%SAP%&apos;&#x9;&#x9;&#x9;&#x9;&#xD;&#xA;and g.gl_acct_num_2 like &apos;5%&apos;&#x9;&#x9;&#x9;&#x9;&#xD;&#xA;and g.gross_margin_ind =&apos;Y&apos;&#x9;&#x9;&#x9;&#x9;&#xD;&#xA;and g.adj_extended_cost_dollars !=0)  &#x9;&#xD;&#xA;OR&#xD;&#xA;(g.fiscal_year IN ($$FISCAL_YEAR)&#x9;&#x9;&#x9;&#x9;&#xD;&#xA;and  g.fiscal_period = ($$FISCAL_PERIOD)&#x9;&#x9;&#x9;&#x9;&#xD;&#xA;AND g.update_userid LIKE &apos;%SAP%&apos;&#xD;&#xA;AND g.gross_margin_ind = &apos;Y&apos;&#xD;&#xA;AND g.adj_extended_cost_dollars &lt;&gt; 0&#xD;&#xA;AND g.cost_measure_name = &apos;IC COGS&apos;)&#xD;&#xA;)&#xD;&#xA;and g.slba_division_code in ($$DIVISIONS)&#xD;&#xA;group by g.fiscal_year,g.fiscal_period,NVL (g.gl_acct_num_2, 5101000000),pc.strategic_business_unit&#x9;&#x9;&#x9;&#x9;&#xD;&#xA;)"/>
            <TABLEATTRIBUTE NAME ="User Defined Join" VALUE =""/>
            <TABLEATTRIBUTE NAME ="Source Filter" VALUE =""/>
            <TABLEATTRIBUTE NAME ="Number Of Sorted Ports" VALUE ="0"/>
            <TABLEATTRIBUTE NAME ="Tracing Level" VALUE ="Normal"/>
            <TABLEATTRIBUTE NAME ="Select Distinct" VALUE ="NO"/>
            <TABLEATTRIBUTE NAME ="Is Partitionable" VALUE ="NO"/>
            <TABLEATTRIBUTE NAME ="Pre SQL" VALUE =""/>
            <TABLEATTRIBUTE NAME ="Post SQL" VALUE =""/>
            <TABLEATTRIBUTE NAME ="Output is deterministic" VALUE ="NO"/>
            <TABLEATTRIBUTE NAME ="Output is repeatable" VALUE ="Never"/>
        </TRANSFORMATION>
        <TRANSFORMATION DESCRIPTION ="This transformation aggregates the records." NAME ="AGG_GL_BAL_GM" OBJECTVERSION ="1" REUSABLE ="NO" TYPE ="Aggregator" VERSIONNUMBER ="1">
            <TRANSFORMFIELD DATATYPE ="decimal" DEFAULTVALUE ="" DESCRIPTION ="" EXPRESSION ="FISCAL_YEAR" EXPRESSIONTYPE ="GROUPBY" NAME ="FISCAL_YEAR" PICTURETEXT ="" PORTTYPE ="INPUT/OUTPUT" PRECISION ="4" SCALE ="0"/>
            <TRANSFORMFIELD DATATYPE ="decimal" DEFAULTVALUE ="" DESCRIPTION ="" EXPRESSION ="FISCAL_PERIOD" EXPRESSIONTYPE ="GROUPBY" NAME ="FISCAL_PERIOD" PICTURETEXT ="" PORTTYPE ="INPUT/OUTPUT" PRECISION ="2" SCALE ="0"/>
            <TRANSFORMFIELD DATATYPE ="string" DEFAULTVALUE ="" DESCRIPTION ="" EXPRESSION ="GL" EXPRESSIONTYPE ="GROUPBY" NAME ="GL" PICTURETEXT ="" PORTTYPE ="INPUT/OUTPUT" PRECISION ="30" SCALE ="0"/>
            <TRANSFORMFIELD DATATYPE ="decimal" DEFAULTVALUE ="" DESCRIPTION ="" EXPRESSION ="I_GM" EXPRESSIONTYPE ="GENERAL" NAME ="I_GM" PICTURETEXT ="" PORTTYPE ="INPUT" PRECISION ="18" SCALE ="6"/>
            <TRANSFORMFIELD DATATYPE ="string" DEFAULTVALUE ="ERROR(&apos;transformation error&apos;)" DESCRIPTION ="" EXPRESSION ="SUM(I_GM)" EXPRESSIONTYPE ="GENERAL" NAME ="O_GM" PICTURETEXT ="" PORTTYPE ="OUTPUT" PRECISION ="10" SCALE ="0"/>
            <TRANSFORMFIELD DATATYPE ="decimal" DEFAULTVALUE ="" DESCRIPTION ="" NAME ="I_SAP" PICTURETEXT ="" PORTTYPE ="INPUT" PRECISION ="18" SCALE ="6"/>
            <TRANSFORMFIELD DATATYPE ="string" DEFAULTVALUE ="ERROR(&apos;transformation error&apos;)" DESCRIPTION ="" EXPRESSION ="SUM(I_SAP)" EXPRESSIONTYPE ="GENERAL" NAME ="O_SAP" PICTURETEXT ="" PORTTYPE ="OUTPUT" PRECISION ="10" SCALE ="0"/>
            <TRANSFORMFIELD DATATYPE ="decimal" DEFAULTVALUE ="ERROR(&apos;transformation error&apos;)" DESCRIPTION ="" EXPRESSION ="ROUND((SUM(I_GM) - SUM(I_SAP)),2)" EXPRESSIONTYPE ="GENERAL" NAME ="DIF" PICTURETEXT ="" PORTTYPE ="OUTPUT" PRECISION ="18" SCALE ="2"/>
            <TRANSFORMFIELD DATATYPE ="string" DEFAULTVALUE ="" DESCRIPTION ="" EXPRESSION ="SUB" EXPRESSIONTYPE ="GROUPBY" NAME ="SUB" PICTURETEXT ="" PORTTYPE ="INPUT/OUTPUT" PRECISION ="40" SCALE ="0"/>
            <TABLEATTRIBUTE NAME ="Cache Directory" VALUE ="$PMCacheDir"/>
            <TABLEATTRIBUTE NAME ="Tracing Level" VALUE ="Normal"/>
            <TABLEATTRIBUTE NAME ="Sorted Input" VALUE ="NO"/>
            <TABLEATTRIBUTE NAME ="Aggregator Data Cache Size" VALUE ="Auto"/>
            <TABLEATTRIBUTE NAME ="Aggregator Index Cache Size" VALUE ="Auto"/>
            <TABLEATTRIBUTE NAME ="Transformation Scope" VALUE ="All Input"/>
        </TRANSFORMATION>
        <TRANSFORMATION COMPONENTVERSION ="1000000" DESCRIPTION ="This transformation combines the data." NAME ="UN_GL_BAL_GM" OBJECTVERSION ="1" REUSABLE ="NO" TEMPLATEID ="303001" TEMPLATENAME ="Union Transformation" TYPE ="Custom Transformation" VERSIONNUMBER ="1">
            <GROUP DESCRIPTION ="" NAME ="OUTPUT" ORDER ="1" TYPE ="OUTPUT"/>
            <GROUP DESCRIPTION ="" NAME ="GROSS_MARGIN" ORDER ="2" TYPE ="INPUT"/>
            <GROUP DESCRIPTION ="" NAME ="GL_BALANCE" ORDER ="3" TYPE ="INPUT"/>
            <TRANSFORMFIELD DATATYPE ="decimal" DEFAULTVALUE ="" DESCRIPTION ="" GROUP ="OUTPUT" NAME ="FISCAL_YEAR" OUTPUTGROUP ="OUTPUT" PICTURETEXT ="" PORTTYPE ="OUTPUT" PRECISION ="4" SCALE ="0"/>
            <TRANSFORMFIELD DATATYPE ="decimal" DEFAULTVALUE ="" DESCRIPTION ="" GROUP ="OUTPUT" NAME ="FISCAL_PERIOD" OUTPUTGROUP ="OUTPUT" PICTURETEXT ="" PORTTYPE ="OUTPUT" PRECISION ="2" SCALE ="0"/>
            <TRANSFORMFIELD DATATYPE ="string" DEFAULTVALUE ="" DESCRIPTION ="" GROUP ="OUTPUT" NAME ="GL" OUTPUTGROUP ="OUTPUT" PICTURETEXT ="" PORTTYPE ="OUTPUT" PRECISION ="30" SCALE ="0"/>
            <TRANSFORMFIELD DATATYPE ="decimal" DEFAULTVALUE ="" DESCRIPTION ="" GROUP ="OUTPUT" NAME ="GM" OUTPUTGROUP ="OUTPUT" PICTURETEXT ="" PORTTYPE ="OUTPUT" PRECISION ="18" SCALE ="6"/>
            <TRANSFORMFIELD DATATYPE ="decimal" DEFAULTVALUE ="" DESCRIPTION ="" GROUP ="OUTPUT" NAME ="SAP" OUTPUTGROUP ="OUTPUT" PICTURETEXT ="" PORTTYPE ="OUTPUT" PRECISION ="18" SCALE ="6"/>
            <TRANSFORMFIELD DATATYPE ="string" DEFAULTVALUE ="" DESCRIPTION ="" GROUP ="OUTPUT" NAME ="SUB" OUTPUTGROUP ="OUTPUT" PICTURETEXT ="" PORTTYPE ="OUTPUT" PRECISION ="40" SCALE ="0"/>
            <TRANSFORMFIELD DATATYPE ="decimal" DEFAULTVALUE ="" DESCRIPTION ="" GROUP ="GROSS_MARGIN" NAME ="FISCAL_YEAR1" OUTPUTGROUP ="GROSS_MARGIN" PICTURETEXT ="" PORTTYPE ="INPUT" PRECISION ="4" SCALE ="0"/>
            <TRANSFORMFIELD DATATYPE ="decimal" DEFAULTVALUE ="" DESCRIPTION ="" GROUP ="GROSS_MARGIN" NAME ="FISCAL_PERIOD1" OUTPUTGROUP ="GROSS_MARGIN" PICTURETEXT ="" PORTTYPE ="INPUT" PRECISION ="2" SCALE ="0"/>
            <TRANSFORMFIELD DATATYPE ="string" DEFAULTVALUE ="" DESCRIPTION ="" GROUP ="GROSS_MARGIN" NAME ="GL1" OUTPUTGROUP ="GROSS_MARGIN" PICTURETEXT ="" PORTTYPE ="INPUT" PRECISION ="30" SCALE ="0"/>
            <TRANSFORMFIELD DATATYPE ="decimal" DEFAULTVALUE ="" DESCRIPTION ="" GROUP ="GROSS_MARGIN" NAME ="GM1" OUTPUTGROUP ="GROSS_MARGIN" PICTURETEXT ="" PORTTYPE ="INPUT" PRECISION ="18" SCALE ="6"/>
            <TRANSFORMFIELD DATATYPE ="decimal" DEFAULTVALUE ="" DESCRIPTION ="" GROUP ="GROSS_MARGIN" NAME ="SAP1" OUTPUTGROUP ="GROSS_MARGIN" PICTURETEXT ="" PORTTYPE ="INPUT" PRECISION ="18" SCALE ="6"/>
            <TRANSFORMFIELD DATATYPE ="string" DEFAULTVALUE ="" DESCRIPTION ="" GROUP ="GROSS_MARGIN" NAME ="SUB2" OUTPUTGROUP ="GROSS_MARGIN" PICTURETEXT ="" PORTTYPE ="INPUT" PRECISION ="40" SCALE ="0"/>
            <TRANSFORMFIELD DATATYPE ="decimal" DEFAULTVALUE ="" DESCRIPTION ="" GROUP ="GL_BALANCE" NAME ="FISCAL_YEAR2" OUTPUTGROUP ="GL_BALANCE" PICTURETEXT ="" PORTTYPE ="INPUT" PRECISION ="4" SCALE ="0"/>
            <TRANSFORMFIELD DATATYPE ="decimal" DEFAULTVALUE ="" DESCRIPTION ="" GROUP ="GL_BALANCE" NAME ="FISCAL_PERIOD2" OUTPUTGROUP ="GL_BALANCE" PICTURETEXT ="" PORTTYPE ="INPUT" PRECISION ="2" SCALE ="0"/>
            <TRANSFORMFIELD DATATYPE ="string" DEFAULTVALUE ="" DESCRIPTION ="" GROUP ="GL_BALANCE" NAME ="GL2" OUTPUTGROUP ="GL_BALANCE" PICTURETEXT ="" PORTTYPE ="INPUT" PRECISION ="30" SCALE ="0"/>
            <TRANSFORMFIELD DATATYPE ="decimal" DEFAULTVALUE ="" DESCRIPTION ="" GROUP ="GL_BALANCE" NAME ="GM2" OUTPUTGROUP ="GL_BALANCE" PICTURETEXT ="" PORTTYPE ="INPUT" PRECISION ="18" SCALE ="6"/>
            <TRANSFORMFIELD DATATYPE ="decimal" DEFAULTVALUE ="" DESCRIPTION ="" GROUP ="GL_BALANCE" NAME ="SAP2" OUTPUTGROUP ="GL_BALANCE" PICTURETEXT ="" PORTTYPE ="INPUT" PRECISION ="18" SCALE ="6"/>
            <TRANSFORMFIELD DATATYPE ="string" DEFAULTVALUE ="" DESCRIPTION ="" GROUP ="GL_BALANCE" NAME ="SUB3" OUTPUTGROUP ="GL_BALANCE" PICTURETEXT ="" PORTTYPE ="INPUT" PRECISION ="40" SCALE ="0"/>
            <TABLEATTRIBUTE NAME ="Language" VALUE ="C"/>
            <TABLEATTRIBUTE NAME ="Module Identifier" VALUE ="pmuniontrans"/>
            <TABLEATTRIBUTE NAME ="Class Name" VALUE =""/>
            <TABLEATTRIBUTE NAME ="Function Identifier" VALUE ="pmunionfunc"/>
            <TABLEATTRIBUTE NAME ="Runtime Location" VALUE =""/>
            <TABLEATTRIBUTE NAME ="Tracing Level" VALUE ="Normal"/>
            <TABLEATTRIBUTE NAME ="Is Partitionable" VALUE ="Across Grid"/>
            <TABLEATTRIBUTE NAME ="Inputs Must Block" VALUE ="NO"/>
            <TABLEATTRIBUTE NAME ="Is Active" VALUE ="YES"/>
            <TABLEATTRIBUTE NAME ="Update Strategy Transformation" VALUE ="NO"/>
            <TABLEATTRIBUTE NAME ="Transformation Scope" VALUE ="Row"/>
            <TABLEATTRIBUTE NAME ="Generate Transaction" VALUE ="NO"/>
            <TABLEATTRIBUTE NAME ="Output Is Repeatable" VALUE ="Never"/>
            <TABLEATTRIBUTE NAME ="Requires Single Thread Per Partition" VALUE ="YES"/>
            <TABLEATTRIBUTE NAME ="Output Is Deterministic" VALUE ="YES"/>
            <TABLEATTRIBUTE NAME ="Preserves Data Set Boundary" VALUE ="No"/>
            <INITPROP DESCRIPTION ="" NAME ="Programmatic Identifier for Class Factory" USERDEFINED ="NO" VALUE =""/>
            <INITPROP DESCRIPTION ="" NAME ="Constructor" USERDEFINED ="NO" VALUE =""/>
            <FIELDDEPENDENCY INPUTFIELD ="FISCAL_YEAR1" OUTPUTFIELD ="FISCAL_YEAR"/>
            <FIELDDEPENDENCY INPUTFIELD ="FISCAL_YEAR2" OUTPUTFIELD ="FISCAL_YEAR"/>
            <FIELDDEPENDENCY INPUTFIELD ="FISCAL_PERIOD1" OUTPUTFIELD ="FISCAL_PERIOD"/>
            <FIELDDEPENDENCY INPUTFIELD ="FISCAL_PERIOD2" OUTPUTFIELD ="FISCAL_PERIOD"/>
            <FIELDDEPENDENCY INPUTFIELD ="GL1" OUTPUTFIELD ="GL"/>
            <FIELDDEPENDENCY INPUTFIELD ="GL2" OUTPUTFIELD ="GL"/>
            <FIELDDEPENDENCY INPUTFIELD ="GM1" OUTPUTFIELD ="GM"/>
            <FIELDDEPENDENCY INPUTFIELD ="GM2" OUTPUTFIELD ="GM"/>
            <FIELDDEPENDENCY INPUTFIELD ="SAP1" OUTPUTFIELD ="SAP"/>
            <FIELDDEPENDENCY INPUTFIELD ="SAP2" OUTPUTFIELD ="SAP"/>
            <FIELDDEPENDENCY INPUTFIELD ="SUB2" OUTPUTFIELD ="SUB"/>
            <FIELDDEPENDENCY INPUTFIELD ="SUB3" OUTPUTFIELD ="SUB"/>
        </TRANSFORMATION>
        <TRANSFORMATION DESCRIPTION ="This transformation fetch the record from source table." NAME ="SQ_GL_BALANCE" OBJECTVERSION ="1" REUSABLE ="NO" TYPE ="Source Qualifier" VERSIONNUMBER ="1">
            <TRANSFORMFIELD DATATYPE ="decimal" DEFAULTVALUE ="" DESCRIPTION ="" NAME ="YEAR" PICTURETEXT ="" PORTTYPE ="INPUT/OUTPUT" PRECISION ="4" SCALE ="0"/>
            <TRANSFORMFIELD DATATYPE ="decimal" DEFAULTVALUE ="" DESCRIPTION ="" NAME ="PERIOD" PICTURETEXT ="" PORTTYPE ="INPUT/OUTPUT" PRECISION ="2" SCALE ="0"/>
            <TRANSFORMFIELD DATATYPE ="string" DEFAULTVALUE ="" DESCRIPTION ="" NAME ="GL" PICTURETEXT ="" PORTTYPE ="INPUT/OUTPUT" PRECISION ="30" SCALE ="0"/>
            <TRANSFORMFIELD DATATYPE ="string" DEFAULTVALUE ="" DESCRIPTION ="" NAME ="SUB" PICTURETEXT ="" PORTTYPE ="INPUT/OUTPUT" PRECISION ="40" SCALE ="0"/>
            <TRANSFORMFIELD DATATYPE ="decimal" DEFAULTVALUE ="" DESCRIPTION ="" NAME ="GM" PICTURETEXT ="" PORTTYPE ="INPUT/OUTPUT" PRECISION ="18" SCALE ="6"/>
            <TRANSFORMFIELD DATATYPE ="decimal" DEFAULTVALUE ="" DESCRIPTION ="" NAME ="SAP" PICTURETEXT ="" PORTTYPE ="INPUT/OUTPUT" PRECISION ="18" SCALE ="6"/>
            <TABLEATTRIBUTE NAME ="Sql Query" VALUE ="---------Data from SAP BI -----------------------------------------------------&#x9;&#x9;&#x9;&#x9;&#xD;&#xA;&#x9;&#x9;&#x9;&#x9;&#xD;&#xA;SELECT a.fiscal_year year, a.fiscal_period period, &#x9;&#x9;&#x9;&#x9;&#xD;&#xA;a.gl_account gl,pc.strategic_business_unit SBU,0 gm,sum(a.balance) sap &#x9;&#x9;&#x9;&#x9;&#xD;&#xA;FROM slba.gl_balance a, slba.samba_measure_gl_xref b, slba.edm_profit_center pc&#x9;&#x9;&#x9;&#x9;&#xD;&#xA;where a.gl_account = b.gl_account_num and ltrim(a.profit_center,0) = pc.profit_center&#x9;&#x9;&#x9;&#x9;&#xD;&#xA;----&#x9;&#x9;&#x9;&#x9;&#xD;&#xA;group by a.fiscal_year, a.fiscal_period,a.gl_account,pc.strategic_business_unit"/>
            <TABLEATTRIBUTE NAME ="User Defined Join" VALUE =""/>
            <TABLEATTRIBUTE NAME ="Source Filter" VALUE =""/>
            <TABLEATTRIBUTE NAME ="Number Of Sorted Ports" VALUE ="0"/>
            <TABLEATTRIBUTE NAME ="Tracing Level" VALUE ="Normal"/>
            <TABLEATTRIBUTE NAME ="Select Distinct" VALUE ="NO"/>
            <TABLEATTRIBUTE NAME ="Is Partitionable" VALUE ="NO"/>
            <TABLEATTRIBUTE NAME ="Pre SQL" VALUE =""/>
            <TABLEATTRIBUTE NAME ="Post SQL" VALUE =""/>
            <TABLEATTRIBUTE NAME ="Output is deterministic" VALUE ="NO"/>
            <TABLEATTRIBUTE NAME ="Output is repeatable" VALUE ="Never"/>
        </TRANSFORMATION>
        <TRANSFORMATION DESCRIPTION ="Target Safe Transformation" NAME ="EXP_TARGET_SAFE" OBJECTVERSION ="1" REUSABLE ="NO" TYPE ="Expression" VERSIONNUMBER ="1">
            <TRANSFORMFIELD DATATYPE ="decimal" DEFAULTVALUE ="" DESCRIPTION ="" EXPRESSION ="FISCAL_YEAR" EXPRESSIONTYPE ="GENERAL" NAME ="FISCAL_YEAR" PICTURETEXT ="" PORTTYPE ="INPUT/OUTPUT" PRECISION ="4" SCALE ="0"/>
            <TRANSFORMFIELD DATATYPE ="decimal" DEFAULTVALUE ="" DESCRIPTION ="" EXPRESSION ="FISCAL_PERIOD" EXPRESSIONTYPE ="GENERAL" NAME ="FISCAL_PERIOD" PICTURETEXT ="" PORTTYPE ="INPUT/OUTPUT" PRECISION ="2" SCALE ="0"/>
            <TRANSFORMFIELD DATATYPE ="string" DEFAULTVALUE ="" DESCRIPTION ="" EXPRESSION ="GL" EXPRESSIONTYPE ="GENERAL" NAME ="GL" PICTURETEXT ="" PORTTYPE ="INPUT/OUTPUT" PRECISION ="30" SCALE ="0"/>
            <TRANSFORMFIELD DATATYPE ="string" DEFAULTVALUE ="" DESCRIPTION ="" EXPRESSION ="O_GM" EXPRESSIONTYPE ="GENERAL" NAME ="O_GM" PICTURETEXT ="" PORTTYPE ="INPUT/OUTPUT" PRECISION ="10" SCALE ="0"/>
            <TRANSFORMFIELD DATATYPE ="string" DEFAULTVALUE ="" DESCRIPTION ="" EXPRESSION ="O_SAP" EXPRESSIONTYPE ="GENERAL" NAME ="O_SAP" PICTURETEXT ="" PORTTYPE ="INPUT/OUTPUT" PRECISION ="10" SCALE ="0"/>
            <TRANSFORMFIELD DATATYPE ="decimal" DEFAULTVALUE ="" DESCRIPTION ="" EXPRESSION ="DIF" EXPRESSIONTYPE ="GENERAL" NAME ="DIF" PICTURETEXT ="" PORTTYPE ="INPUT/OUTPUT" PRECISION ="18" SCALE ="2"/>
            <TRANSFORMFIELD DATATYPE ="string" DEFAULTVALUE ="" DESCRIPTION ="" EXPRESSION ="SUB" EXPRESSIONTYPE ="GENERAL" NAME ="SUB" PICTURETEXT ="" PORTTYPE ="INPUT/OUTPUT" PRECISION ="40" SCALE ="0"/>
            <TRANSFORMFIELD DATATYPE ="date/time" DEFAULTVALUE ="ERROR(&apos;transformation error&apos;)" DESCRIPTION ="" EXPRESSION ="SYSDATE" EXPRESSIONTYPE ="GENERAL" NAME ="O_load_date" PICTURETEXT ="" PORTTYPE ="OUTPUT" PRECISION ="29" SCALE ="9"/>
            <TABLEATTRIBUTE NAME ="Tracing Level" VALUE ="Normal"/>
        </TRANSFORMATION>
        <INSTANCE DESCRIPTION ="Target Table" NAME ="SAP_GM_Comparison" TRANSFORMATION_NAME ="SAP_GM_Comparison" TRANSFORMATION_TYPE ="Target Definition" TYPE ="TARGET"/>
        <INSTANCE DBDNAME ="oakdwhd1" DESCRIPTION ="Source Table" NAME ="GROSS_MARGIN" TRANSFORMATION_NAME ="GROSS_MARGIN" TRANSFORMATION_TYPE ="Source Definition" TYPE ="SOURCE"/>
        <INSTANCE DBDNAME ="SLBADW" DESCRIPTION ="Source Table" NAME ="GL_BALANCE" TRANSFORMATION_NAME ="GL_BALANCE" TRANSFORMATION_TYPE ="Source Definition" TYPE ="SOURCE"/>
        <INSTANCE DESCRIPTION ="This transformation fetch the record from source table." NAME ="SQ_GROSS_MARGIN" REUSABLE ="NO" TRANSFORMATION_NAME ="SQ_GROSS_MARGIN" TRANSFORMATION_TYPE ="Source Qualifier" TYPE ="TRANSFORMATION">
            <ASSOCIATED_SOURCE_INSTANCE NAME ="GROSS_MARGIN"/>
        </INSTANCE>
        <INSTANCE DESCRIPTION ="This transformation aggregates the records." NAME ="AGG_GL_BAL_GM" REUSABLE ="NO" TRANSFORMATION_NAME ="AGG_GL_BAL_GM" TRANSFORMATION_TYPE ="Aggregator" TYPE ="TRANSFORMATION"/>
        <INSTANCE DESCRIPTION ="This transformation combines the data." NAME ="UN_GL_BAL_GM" REUSABLE ="NO" TRANSFORMATION_NAME ="UN_GL_BAL_GM" TRANSFORMATION_TYPE ="Custom Transformation" TYPE ="TRANSFORMATION"/>
        <INSTANCE DESCRIPTION ="This transformation fetch the record from source table." NAME ="SQ_GL_BALANCE" REUSABLE ="NO" TRANSFORMATION_NAME ="SQ_GL_BALANCE" TRANSFORMATION_TYPE ="Source Qualifier" TYPE ="TRANSFORMATION">
            <ASSOCIATED_SOURCE_INSTANCE NAME ="GL_BALANCE"/>
        </INSTANCE>
        <INSTANCE DESCRIPTION ="Target Safe Transformation" NAME ="EXP_TARGET_SAFE" REUSABLE ="NO" TRANSFORMATION_NAME ="EXP_TARGET_SAFE" TRANSFORMATION_TYPE ="Expression" TYPE ="TRANSFORMATION"/>
        <CONNECTOR FROMFIELD ="O_GM" FROMINSTANCE ="EXP_TARGET_SAFE" FROMINSTANCETYPE ="Expression" TOFIELD ="GM_Val" TOINSTANCE ="SAP_GM_Comparison" TOINSTANCETYPE ="Target Definition"/>
        <CONNECTOR FROMFIELD ="O_SAP" FROMINSTANCE ="EXP_TARGET_SAFE" FROMINSTANCETYPE ="Expression" TOFIELD ="SAP_Val" TOINSTANCE ="SAP_GM_Comparison" TOINSTANCETYPE ="Target Definition"/>
        <CONNECTOR FROMFIELD ="O_load_date" FROMINSTANCE ="EXP_TARGET_SAFE" FROMINSTANCETYPE ="Expression" TOFIELD ="load_date" TOINSTANCE ="SAP_GM_Comparison" TOINSTANCETYPE ="Target Definition"/>
        <CONNECTOR FROMFIELD ="DIF" FROMINSTANCE ="EXP_TARGET_SAFE" FROMINSTANCETYPE ="Expression" TOFIELD ="GM_SAP_Diff" TOINSTANCE ="SAP_GM_Comparison" TOINSTANCETYPE ="Target Definition"/>
        <CONNECTOR FROMFIELD ="FISCAL_YEAR" FROMINSTANCE ="EXP_TARGET_SAFE" FROMINSTANCETYPE ="Expression" TOFIELD ="FISCAL_Year" TOINSTANCE ="SAP_GM_Comparison" TOINSTANCETYPE ="Target Definition"/>
        <CONNECTOR FROMFIELD ="FISCAL_PERIOD" FROMINSTANCE ="EXP_TARGET_SAFE" FROMINSTANCETYPE ="Expression" TOFIELD ="FISCAL_Period" TOINSTANCE ="SAP_GM_Comparison" TOINSTANCETYPE ="Target Definition"/>
        <CONNECTOR FROMFIELD ="GL" FROMINSTANCE ="EXP_TARGET_SAFE" FROMINSTANCETYPE ="Expression" TOFIELD ="GL_Number" TOINSTANCE ="SAP_GM_Comparison" TOINSTANCETYPE ="Target Definition"/>
        <CONNECTOR FROMFIELD ="SUB" FROMINSTANCE ="EXP_TARGET_SAFE" FROMINSTANCETYPE ="Expression" TOFIELD ="SBU" TOINSTANCE ="SAP_GM_Comparison" TOINSTANCETYPE ="Target Definition"/>
        <CONNECTOR FROMFIELD ="FISCAL_YEAR" FROMINSTANCE ="GROSS_MARGIN" FROMINSTANCETYPE ="Source Definition" TOFIELD ="FISCAL_YEAR" TOINSTANCE ="SQ_GROSS_MARGIN" TOINSTANCETYPE ="Source Qualifier"/>
        <CONNECTOR FROMFIELD ="FISCAL_PERIOD" FROMINSTANCE ="GROSS_MARGIN" FROMINSTANCETYPE ="Source Definition" TOFIELD ="FISCAL_PERIOD" TOINSTANCE ="SQ_GROSS_MARGIN" TOINSTANCETYPE ="Source Qualifier"/>
        <CONNECTOR FROMFIELD ="GL_ACCT_NUM_1" FROMINSTANCE ="GROSS_MARGIN" FROMINSTANCETYPE ="Source Definition" TOFIELD ="GL" TOINSTANCE ="SQ_GROSS_MARGIN" TOINSTANCETYPE ="Source Qualifier"/>
        <CONNECTOR FROMFIELD ="DOLLARS" FROMINSTANCE ="GROSS_MARGIN" FROMINSTANCETYPE ="Source Definition" TOFIELD ="GM" TOINSTANCE ="SQ_GROSS_MARGIN" TOINSTANCETYPE ="Source Qualifier"/>
        <CONNECTOR FROMFIELD ="DOLLARS" FROMINSTANCE ="GROSS_MARGIN" FROMINSTANCETYPE ="Source Definition" TOFIELD ="SAP" TOINSTANCE ="SQ_GROSS_MARGIN" TOINSTANCETYPE ="Source Qualifier"/>
        <CONNECTOR FROMFIELD ="FINADJ_MEASURE_NAME" FROMINSTANCE ="GROSS_MARGIN" FROMINSTANCETYPE ="Source Definition" TOFIELD ="SBU" TOINSTANCE ="SQ_GROSS_MARGIN" TOINSTANCETYPE ="Source Qualifier"/>
        <CONNECTOR FROMFIELD ="GL_ACCOUNT" FROMINSTANCE ="GL_BALANCE" FROMINSTANCETYPE ="Source Definition" TOFIELD ="GL" TOINSTANCE ="SQ_GL_BALANCE" TOINSTANCETYPE ="Source Qualifier"/>
        <CONNECTOR FROMFIELD ="BALANCE" FROMINSTANCE ="GL_BALANCE" FROMINSTANCETYPE ="Source Definition" TOFIELD ="GM" TOINSTANCE ="SQ_GL_BALANCE" TOINSTANCETYPE ="Source Qualifier"/>
        <CONNECTOR FROMFIELD ="BALANCE" FROMINSTANCE ="GL_BALANCE" FROMINSTANCETYPE ="Source Definition" TOFIELD ="SAP" TOINSTANCE ="SQ_GL_BALANCE" TOINSTANCETYPE ="Source Qualifier"/>
        <CONNECTOR FROMFIELD ="FISCAL_YEAR" FROMINSTANCE ="GL_BALANCE" FROMINSTANCETYPE ="Source Definition" TOFIELD ="YEAR" TOINSTANCE ="SQ_GL_BALANCE" TOINSTANCETYPE ="Source Qualifier"/>
        <CONNECTOR FROMFIELD ="FISCAL_PERIOD" FROMINSTANCE ="GL_BALANCE" FROMINSTANCETYPE ="Source Definition" TOFIELD ="PERIOD" TOINSTANCE ="SQ_GL_BALANCE" TOINSTANCETYPE ="Source Qualifier"/>
        <CONNECTOR FROMFIELD ="GL_ACCOUNT" FROMINSTANCE ="GL_BALANCE" FROMINSTANCETYPE ="Source Definition" TOFIELD ="SUB" TOINSTANCE ="SQ_GL_BALANCE" TOINSTANCETYPE ="Source Qualifier"/>
        <CONNECTOR FROMFIELD ="FISCAL_YEAR" FROMINSTANCE ="SQ_GROSS_MARGIN" FROMINSTANCETYPE ="Source Qualifier" TOFIELD ="FISCAL_YEAR1" TOINSTANCE ="UN_GL_BAL_GM" TOINSTANCETYPE ="Custom Transformation"/>
        <CONNECTOR FROMFIELD ="FISCAL_PERIOD" FROMINSTANCE ="SQ_GROSS_MARGIN" FROMINSTANCETYPE ="Source Qualifier" TOFIELD ="FISCAL_PERIOD1" TOINSTANCE ="UN_GL_BAL_GM" TOINSTANCETYPE ="Custom Transformation"/>
        <CONNECTOR FROMFIELD ="GL" FROMINSTANCE ="SQ_GROSS_MARGIN" FROMINSTANCETYPE ="Source Qualifier" TOFIELD ="GL1" TOINSTANCE ="UN_GL_BAL_GM" TOINSTANCETYPE ="Custom Transformation"/>
        <CONNECTOR FROMFIELD ="GM" FROMINSTANCE ="SQ_GROSS_MARGIN" FROMINSTANCETYPE ="Source Qualifier" TOFIELD ="GM1" TOINSTANCE ="UN_GL_BAL_GM" TOINSTANCETYPE ="Custom Transformation"/>
        <CONNECTOR FROMFIELD ="SAP" FROMINSTANCE ="SQ_GROSS_MARGIN" FROMINSTANCETYPE ="Source Qualifier" TOFIELD ="SAP1" TOINSTANCE ="UN_GL_BAL_GM" TOINSTANCETYPE ="Custom Transformation"/>
        <CONNECTOR FROMFIELD ="SBU" FROMINSTANCE ="SQ_GROSS_MARGIN" FROMINSTANCETYPE ="Source Qualifier" TOFIELD ="SUB2" TOINSTANCE ="UN_GL_BAL_GM" TOINSTANCETYPE ="Custom Transformation"/>
        <CONNECTOR FROMFIELD ="FISCAL_YEAR" FROMINSTANCE ="UN_GL_BAL_GM" FROMINSTANCETYPE ="Custom Transformation" TOFIELD ="FISCAL_YEAR" TOINSTANCE ="AGG_GL_BAL_GM" TOINSTANCETYPE ="Aggregator"/>
        <CONNECTOR FROMFIELD ="FISCAL_PERIOD" FROMINSTANCE ="UN_GL_BAL_GM" FROMINSTANCETYPE ="Custom Transformation" TOFIELD ="FISCAL_PERIOD" TOINSTANCE ="AGG_GL_BAL_GM" TOINSTANCETYPE ="Aggregator"/>
        <CONNECTOR FROMFIELD ="GL" FROMINSTANCE ="UN_GL_BAL_GM" FROMINSTANCETYPE ="Custom Transformation" TOFIELD ="GL" TOINSTANCE ="AGG_GL_BAL_GM" TOINSTANCETYPE ="Aggregator"/>
        <CONNECTOR FROMFIELD ="GM" FROMINSTANCE ="UN_GL_BAL_GM" FROMINSTANCETYPE ="Custom Transformation" TOFIELD ="I_GM" TOINSTANCE ="AGG_GL_BAL_GM" TOINSTANCETYPE ="Aggregator"/>
        <CONNECTOR FROMFIELD ="SAP" FROMINSTANCE ="UN_GL_BAL_GM" FROMINSTANCETYPE ="Custom Transformation" TOFIELD ="I_SAP" TOINSTANCE ="AGG_GL_BAL_GM" TOINSTANCETYPE ="Aggregator"/>
        <CONNECTOR FROMFIELD ="SUB" FROMINSTANCE ="UN_GL_BAL_GM" FROMINSTANCETYPE ="Custom Transformation" TOFIELD ="SUB" TOINSTANCE ="AGG_GL_BAL_GM" TOINSTANCETYPE ="Aggregator"/>
        <CONNECTOR FROMFIELD ="FISCAL_YEAR" FROMINSTANCE ="AGG_GL_BAL_GM" FROMINSTANCETYPE ="Aggregator" TOFIELD ="FISCAL_YEAR" TOINSTANCE ="EXP_TARGET_SAFE" TOINSTANCETYPE ="Expression"/>
        <CONNECTOR FROMFIELD ="FISCAL_PERIOD" FROMINSTANCE ="AGG_GL_BAL_GM" FROMINSTANCETYPE ="Aggregator" TOFIELD ="FISCAL_PERIOD" TOINSTANCE ="EXP_TARGET_SAFE" TOINSTANCETYPE ="Expression"/>
        <CONNECTOR FROMFIELD ="GL" FROMINSTANCE ="AGG_GL_BAL_GM" FROMINSTANCETYPE ="Aggregator" TOFIELD ="GL" TOINSTANCE ="EXP_TARGET_SAFE" TOINSTANCETYPE ="Expression"/>
        <CONNECTOR FROMFIELD ="O_GM" FROMINSTANCE ="AGG_GL_BAL_GM" FROMINSTANCETYPE ="Aggregator" TOFIELD ="O_GM" TOINSTANCE ="EXP_TARGET_SAFE" TOINSTANCETYPE ="Expression"/>
        <CONNECTOR FROMFIELD ="O_SAP" FROMINSTANCE ="AGG_GL_BAL_GM" FROMINSTANCETYPE ="Aggregator" TOFIELD ="O_SAP" TOINSTANCE ="EXP_TARGET_SAFE" TOINSTANCETYPE ="Expression"/>
        <CONNECTOR FROMFIELD ="DIF" FROMINSTANCE ="AGG_GL_BAL_GM" FROMINSTANCETYPE ="Aggregator" TOFIELD ="DIF" TOINSTANCE ="EXP_TARGET_SAFE" TOINSTANCETYPE ="Expression"/>
        <CONNECTOR FROMFIELD ="SUB" FROMINSTANCE ="AGG_GL_BAL_GM" FROMINSTANCETYPE ="Aggregator" TOFIELD ="SUB" TOINSTANCE ="EXP_TARGET_SAFE" TOINSTANCETYPE ="Expression"/>
        <CONNECTOR FROMFIELD ="YEAR" FROMINSTANCE ="SQ_GL_BALANCE" FROMINSTANCETYPE ="Source Qualifier" TOFIELD ="FISCAL_YEAR2" TOINSTANCE ="UN_GL_BAL_GM" TOINSTANCETYPE ="Custom Transformation"/>
        <CONNECTOR FROMFIELD ="PERIOD" FROMINSTANCE ="SQ_GL_BALANCE" FROMINSTANCETYPE ="Source Qualifier" TOFIELD ="FISCAL_PERIOD2" TOINSTANCE ="UN_GL_BAL_GM" TOINSTANCETYPE ="Custom Transformation"/>
        <CONNECTOR FROMFIELD ="GL" FROMINSTANCE ="SQ_GL_BALANCE" FROMINSTANCETYPE ="Source Qualifier" TOFIELD ="GL2" TOINSTANCE ="UN_GL_BAL_GM" TOINSTANCETYPE ="Custom Transformation"/>
        <CONNECTOR FROMFIELD ="GM" FROMINSTANCE ="SQ_GL_BALANCE" FROMINSTANCETYPE ="Source Qualifier" TOFIELD ="GM2" TOINSTANCE ="UN_GL_BAL_GM" TOINSTANCETYPE ="Custom Transformation"/>
        <CONNECTOR FROMFIELD ="SAP" FROMINSTANCE ="SQ_GL_BALANCE" FROMINSTANCETYPE ="Source Qualifier" TOFIELD ="SAP2" TOINSTANCE ="UN_GL_BAL_GM" TOINSTANCETYPE ="Custom Transformation"/>
        <CONNECTOR FROMFIELD ="SUB" FROMINSTANCE ="SQ_GL_BALANCE" FROMINSTANCETYPE ="Source Qualifier" TOFIELD ="SUB3" TOINSTANCE ="UN_GL_BAL_GM" TOINSTANCETYPE ="Custom Transformation"/>
        <TARGETLOADORDER ORDER ="1" TARGETINSTANCE ="SAP_GM_Comparison"/>
        <MAPPINGVARIABLE AGGFUNCTION ="MAX" DATATYPE ="string" DEFAULTVALUE ="" DESCRIPTION ="" ISEXPRESSIONVARIABLE ="NO" ISPARAM ="NO" NAME ="$$FISCAL_YEAR" PRECISION ="4" SCALE ="0" USERDEFINED ="YES"/>
        <MAPPINGVARIABLE AGGFUNCTION ="MAX" DATATYPE ="string" DEFAULTVALUE ="" DESCRIPTION ="" ISEXPRESSIONVARIABLE ="NO" ISPARAM ="NO" NAME ="$$FISCAL_PERIOD" PRECISION ="2" SCALE ="0" USERDEFINED ="YES"/>
        <MAPPINGVARIABLE AGGFUNCTION ="MAX" DATATYPE ="string" DEFAULTVALUE ="" DESCRIPTION ="" ISEXPRESSIONVARIABLE ="NO" ISPARAM ="NO" NAME ="$$DIVISIONS" PRECISION ="100" SCALE ="0" USERDEFINED ="YES"/>
        <MAPPINGVARIABLE AGGFUNCTION ="MAX" DATATYPE ="string" DEFAULTVALUE ="" DESCRIPTION ="" ISEXPRESSIONVARIABLE ="NO" ISPARAM ="NO" NAME ="$$PRIOR_PD_YEAR" PRECISION ="4" SCALE ="0" USERDEFINED ="YES"/>
        <MAPPINGVARIABLE AGGFUNCTION ="MAX" DATATYPE ="string" DEFAULTVALUE ="" DESCRIPTION ="" ISEXPRESSIONVARIABLE ="NO" ISPARAM ="NO" NAME ="$$PRIOR_PERIOD" PRECISION ="2" SCALE ="0" USERDEFINED ="YES"/>
        <ERPINFO/>
        <METADATAEXTENSION DATATYPE ="STRING" DESCRIPTION ="Conversion Mapping Name with version " DOMAINNAME ="User Defined Metadata Domain" ISCLIENTEDITABLE ="YES" ISCLIENTVISIBLE ="YES" ISREUSABLE ="NO" ISSHAREREAD ="NO" ISSHAREWRITE ="NO" MAXLENGTH ="256" NAME ="CONV_MAP_NAME" VALUE ="Conversion Mapping - Validate_GM_to_sap_by_GL v10.1.xls" VENDORNAME ="INFORMATICA"/>
        <METADATAEXTENSION DATATYPE ="STRING" DESCRIPTION ="" DOMAINNAME ="User Defined Metadata Domain" ISCLIENTEDITABLE ="YES" ISCLIENTVISIBLE ="YES" ISREUSABLE ="NO" ISSHAREREAD ="NO" ISSHAREWRITE ="NO" MAXLENGTH ="256" NAME ="Conversion Mapping Name" VALUE ="SAP - validate_GM_to_sap_by_GL v11.2" VENDORNAME ="INFORMATICA"/>
    </MAPPING>
    <CONFIG DESCRIPTION ="Default session configuration object" ISDEFAULT ="YES" NAME ="default_session_config" VERSIONNUMBER ="1">
        <ATTRIBUTE NAME ="Advanced" VALUE =""/>
        <ATTRIBUTE NAME ="Constraint based load ordering" VALUE ="NO"/>
        <ATTRIBUTE NAME ="Cache LOOKUP() function" VALUE ="YES"/>
        <ATTRIBUTE NAME ="Default buffer block size" VALUE ="Auto"/>
        <ATTRIBUTE NAME ="Line Sequential buffer length" VALUE ="1024"/>
        <ATTRIBUTE NAME ="Maximum Memory Allowed For Auto Memory Attributes" VALUE ="512MB"/>
        <ATTRIBUTE NAME ="Maximum Percentage of Total Memory Allowed For Auto Memory Attributes" VALUE ="5"/>
        <ATTRIBUTE NAME ="Additional Concurrent Pipelines for Lookup Cache Creation" VALUE ="Auto"/>
        <ATTRIBUTE NAME ="Custom Properties" VALUE =""/>
        <ATTRIBUTE NAME ="Pre-build lookup cache" VALUE ="Auto"/>
        <ATTRIBUTE NAME ="Optimization Level" VALUE ="Medium"/>
        <ATTRIBUTE NAME ="DateTime Format String" VALUE ="MM/DD/YYYY HH24:MI:SS.US"/>
        <ATTRIBUTE NAME ="Pre 85 Timestamp Compatibility" VALUE ="NO"/>
        <ATTRIBUTE NAME ="Log Options" VALUE ="0"/>
        <ATTRIBUTE NAME ="Save session log by" VALUE ="Session runs"/>
        <ATTRIBUTE NAME ="Save session log for these runs" VALUE ="9"/>
        <ATTRIBUTE NAME ="Session Log File Max Size" VALUE ="0"/>
        <ATTRIBUTE NAME ="Session Log File Max Time Period" VALUE ="0"/>
        <ATTRIBUTE NAME ="Maximum Partial Session Log Files" VALUE ="1"/>
        <ATTRIBUTE NAME ="Writer Commit Statistics Log Frequency" VALUE ="1"/>
        <ATTRIBUTE NAME ="Writer Commit Statistics Log Interval" VALUE ="0"/>
        <ATTRIBUTE NAME ="Error handling" VALUE =""/>
        <ATTRIBUTE NAME ="Stop on errors" VALUE ="1"/>
        <ATTRIBUTE NAME ="Override tracing" VALUE ="None"/>
        <ATTRIBUTE NAME ="On Stored Procedure error" VALUE ="Stop"/>
        <ATTRIBUTE NAME ="On Pre-session command task error" VALUE ="Stop"/>
        <ATTRIBUTE NAME ="On Pre-Post SQL error" VALUE ="Stop"/>
        <ATTRIBUTE NAME ="Enable Recovery" VALUE ="NO"/>
        <ATTRIBUTE NAME ="Error Log Type" VALUE ="None"/>
        <ATTRIBUTE NAME ="Error Log Table Name Prefix" VALUE =""/>
        <ATTRIBUTE NAME ="Error Log File Name" VALUE ="PMError.log"/>
        <ATTRIBUTE NAME ="Log Source Row Data" VALUE ="NO"/>
        <ATTRIBUTE NAME ="Data Column Delimiter" VALUE ="|"/>
        <ATTRIBUTE NAME ="Partitioning Options" VALUE =""/>
        <ATTRIBUTE NAME ="Dynamic Partitioning" VALUE ="Disabled"/>
        <ATTRIBUTE NAME ="Number of Partitions" VALUE ="1"/>
        <ATTRIBUTE NAME ="Multiplication Factor" VALUE ="Auto"/>
        <ATTRIBUTE NAME ="Session on Grid" VALUE =""/>
        <ATTRIBUTE NAME ="Is Enabled" VALUE ="NO"/>
    </CONFIG>
    <SESSION DESCRIPTION ="This session loads the record from  GROSS_MARGIN,GL_BALNCE into flat file and load into SAP_GM_Comparison." ISVALID ="YES" MAPPINGNAME ="m_GM_SAP_GL_COMP_EMAIL" NAME ="s_m_GM_SAP_GL_COMP_EMAIL" REUSABLE ="YES" SORTORDER ="Binary" VERSIONNUMBER ="1">
        <SESSTRANSFORMATIONINST ISREPARTITIONPOINT ="YES" PIPELINE ="3" SINSTANCENAME ="UN_GL_BAL_GM" STAGE ="1" TRANSFORMATIONNAME ="UN_GL_BAL_GM" TRANSFORMATIONTYPE ="Custom Transformation">
            <SESSTRANSFORMATIONGROUP GROUP ="GROSS_MARGIN" PARTITIONTYPE ="PASS THROUGH"/>
            <SESSTRANSFORMATIONGROUP GROUP ="GL_BALANCE" PARTITIONTYPE ="PASS THROUGH"/>
            <PARTITION DESCRIPTION ="" NAME ="Partition #1"/>
        </SESSTRANSFORMATIONINST>
        <SESSTRANSFORMATIONINST ISREPARTITIONPOINT ="NO" PIPELINE ="0" SINSTANCENAME ="GROSS_MARGIN" STAGE ="0" TRANSFORMATIONNAME ="GROSS_MARGIN" TRANSFORMATIONTYPE ="Source Definition"/>
        <SESSTRANSFORMATIONINST ISREPARTITIONPOINT ="YES" PARTITIONTYPE ="PASS THROUGH" PIPELINE ="2" SINSTANCENAME ="SQ_GROSS_MARGIN" STAGE ="2" TRANSFORMATIONNAME ="SQ_GROSS_MARGIN" TRANSFORMATIONTYPE ="Source Qualifier"/>
        <SESSTRANSFORMATIONINST ISREPARTITIONPOINT ="NO" PIPELINE ="0" SINSTANCENAME ="GL_BALANCE" STAGE ="0" TRANSFORMATIONNAME ="GL_BALANCE" TRANSFORMATIONTYPE ="Source Definition"/>
        <SESSTRANSFORMATIONINST ISREPARTITIONPOINT ="YES" PARTITIONTYPE ="PASS THROUGH" PIPELINE ="1" SINSTANCENAME ="SQ_GL_BALANCE" STAGE ="3" TRANSFORMATIONNAME ="SQ_GL_BALANCE" TRANSFORMATIONTYPE ="Source Qualifier"/>
        <SESSTRANSFORMATIONINST ISREPARTITIONPOINT ="YES" PARTITIONTYPE ="HASH AUTO KEYS" PIPELINE ="3" SINSTANCENAME ="AGG_GL_BAL_GM" STAGE ="4" TRANSFORMATIONNAME ="AGG_GL_BAL_GM" TRANSFORMATIONTYPE ="Aggregator">
            <PARTITION DESCRIPTION ="" NAME ="Partition #1"/>
        </SESSTRANSFORMATIONINST>
        <SESSTRANSFORMATIONINST ISREPARTITIONPOINT ="YES" PARTITIONTYPE ="PASS THROUGH" PIPELINE ="3" SINSTANCENAME ="SAP_GM_Comparison" STAGE ="5" TRANSFORMATIONNAME ="SAP_GM_Comparison" TRANSFORMATIONTYPE ="Target Definition">
            <ATTRIBUTE NAME ="Pre SQL" VALUE ="DELETE FROM DBO.SAP_GM_Comparison&#xD;&#xA;WHERE LOAD_DATE = cast(getdate() As Date)"/>
        </SESSTRANSFORMATIONINST>
        <SESSTRANSFORMATIONINST ISREPARTITIONPOINT ="NO" PIPELINE ="3" SINSTANCENAME ="EXP_TARGET_SAFE" STAGE ="4" TRANSFORMATIONNAME ="EXP_TARGET_SAFE" TRANSFORMATIONTYPE ="Expression">
            <PARTITION DESCRIPTION ="" NAME ="Partition #1"/>
        </SESSTRANSFORMATIONINST>
        <CONFIGREFERENCE REFOBJECTNAME ="default_session_config" TYPE ="Session config">
            <ATTRIBUTE NAME ="Save session log for these runs" VALUE ="9"/>
            <ATTRIBUTE NAME ="Stop on errors" VALUE ="1"/>
        </CONFIGREFERENCE>
        <SESSIONEXTENSION DSQINSTNAME ="SQ_GROSS_MARGIN" DSQINSTTYPE ="Source Qualifier" NAME ="Relational Reader" SINSTANCENAME ="GROSS_MARGIN" SUBTYPE ="Relational Reader" TRANSFORMATIONTYPE ="Source Definition" TYPE ="READER"/>
        <SESSIONEXTENSION NAME ="Relational Reader" SINSTANCENAME ="SQ_GROSS_MARGIN" SUBTYPE ="Relational Reader" TRANSFORMATIONTYPE ="Source Qualifier" TYPE ="READER">
            <CONNECTIONREFERENCE CNXREFNAME ="DB Connection" CONNECTIONNAME ="SLBADW" CONNECTIONNUMBER ="1" CONNECTIONSUBTYPE ="Oracle" CONNECTIONTYPE ="Relational" VARIABLE =""/>
        </SESSIONEXTENSION>
        <SESSIONEXTENSION DSQINSTNAME ="SQ_GL_BALANCE" DSQINSTTYPE ="Source Qualifier" NAME ="Relational Reader" SINSTANCENAME ="GL_BALANCE" SUBTYPE ="Relational Reader" TRANSFORMATIONTYPE ="Source Definition" TYPE ="READER"/>
        <SESSIONEXTENSION NAME ="Relational Reader" SINSTANCENAME ="SQ_GL_BALANCE" SUBTYPE ="Relational Reader" TRANSFORMATIONTYPE ="Source Qualifier" TYPE ="READER">
            <CONNECTIONREFERENCE CNXREFNAME ="DB Connection" CONNECTIONNAME ="SLBADW" CONNECTIONNUMBER ="1" CONNECTIONSUBTYPE ="Oracle" CONNECTIONTYPE ="Relational" VARIABLE =""/>
        </SESSIONEXTENSION>
        <SESSIONEXTENSION NAME ="Relational Writer" SINSTANCENAME ="SAP_GM_Comparison" SUBTYPE ="Relational Writer" TRANSFORMATIONTYPE ="Target Definition" TYPE ="WRITER">
            <CONNECTIONREFERENCE CNXREFNAME ="DB Connection" CONNECTIONNAME ="bisql1_hbirpt" CONNECTIONNUMBER ="1" CONNECTIONSUBTYPE ="Microsoft SQL Server" CONNECTIONTYPE ="Relational" VARIABLE =""/>
            <ATTRIBUTE NAME ="Target load type" VALUE ="Normal"/>
            <ATTRIBUTE NAME ="Insert" VALUE ="YES"/>
            <ATTRIBUTE NAME ="Update as Update" VALUE ="NO"/>
            <ATTRIBUTE NAME ="Update as Insert" VALUE ="NO"/>
            <ATTRIBUTE NAME ="Update else Insert" VALUE ="NO"/>
            <ATTRIBUTE NAME ="Delete" VALUE ="NO"/>
            <ATTRIBUTE NAME ="Truncate target table option" VALUE ="NO"/>
            <ATTRIBUTE NAME ="Reject file directory" VALUE ="$PMBadFileDir&#x5c;ONE_ON_ONE_OTC&#x5c;BAD&#x5c;"/>
            <ATTRIBUTE NAME ="Reject filename" VALUE ="s_m_GM_SAP_GL_COMP_EMAIL.bad"/>
        </SESSIONEXTENSION>
        <ATTRIBUTE NAME ="General Options" VALUE =""/>
        <ATTRIBUTE NAME ="Write Backward Compatible Session Log File" VALUE ="YES"/>
        <ATTRIBUTE NAME ="Session Log File Name" VALUE ="s_m_GM_SAP_GL_COMP_EMAIL.log"/>
        <ATTRIBUTE NAME ="Session Log File directory" VALUE ="$PMSessionLogDir&#x5c;ONE_ON_ONE_OTC&#x5c;LOG&#x5c;"/>
        <ATTRIBUTE NAME ="Parameter Filename" VALUE ="$PMSessionLogDir&#x5c;YARDSTICK&#x5c;CTL&#x5c;SAP_DIVISIONS.ipf"/>
        <ATTRIBUTE NAME ="Enable Test Load" VALUE ="NO"/>
        <ATTRIBUTE NAME ="$Source connection value" VALUE =""/>
        <ATTRIBUTE NAME ="$Target connection value" VALUE =""/>
        <ATTRIBUTE NAME ="Treat source rows as" VALUE ="Insert"/>
        <ATTRIBUTE NAME ="Commit Type" VALUE ="Target"/>
        <ATTRIBUTE NAME ="Commit Interval" VALUE ="10000"/>
        <ATTRIBUTE NAME ="Commit On End Of File" VALUE ="YES"/>
        <ATTRIBUTE NAME ="Rollback Transactions on Errors" VALUE ="NO"/>
        <ATTRIBUTE NAME ="Recovery Strategy" VALUE ="Restart task"/>
        <ATTRIBUTE NAME ="Java Classpath" VALUE =""/>
        <ATTRIBUTE NAME ="Performance" VALUE =""/>
        <ATTRIBUTE NAME ="DTM buffer size" VALUE ="Auto"/>
        <ATTRIBUTE NAME ="Collect performance data" VALUE ="NO"/>
        <ATTRIBUTE NAME ="Write performance data to repository" VALUE ="NO"/>
        <ATTRIBUTE NAME ="Incremental Aggregation" VALUE ="NO"/>
        <ATTRIBUTE NAME ="Enable high precision" VALUE ="NO"/>
        <ATTRIBUTE NAME ="Session retry on deadlock" VALUE ="NO"/>
        <ATTRIBUTE NAME ="Pushdown Optimization" VALUE ="None"/>
        <ATTRIBUTE NAME ="Allow Temporary View for Pushdown" VALUE ="NO"/>
        <ATTRIBUTE NAME ="Allow Temporary Sequence for Pushdown" VALUE ="NO"/>
        <ATTRIBUTE NAME ="Allow Pushdown for User Incompatible Connections" VALUE ="NO"/>
        <METADATAEXTENSION DATATYPE ="STRING" DESCRIPTION ="Conversion Mapping  Name with version " DOMAINNAME ="User Defined Metadata Domain" ISCLIENTEDITABLE ="YES" ISCLIENTVISIBLE ="YES" ISREUSABLE ="NO" ISSHAREREAD ="NO" ISSHAREWRITE ="NO" MAXLENGTH ="256" NAME ="CONV_MAP_NAME" VALUE ="Conversion Mapping - Validate_GM_to_sap_by_GL v10.1.xls" VENDORNAME ="INFORMATICA"/>
        <METADATAEXTENSION DATATYPE ="STRING" DESCRIPTION ="" DOMAINNAME ="User Defined Metadata Domain" ISCLIENTEDITABLE ="YES" ISCLIENTVISIBLE ="YES" ISREUSABLE ="NO" ISSHAREREAD ="NO" ISSHAREWRITE ="NO" MAXLENGTH ="256" NAME ="Conversion Mapping Name" VALUE ="SAP - validate_GM_to_sap_by_GL v11.2" VENDORNAME ="INFORMATICA"/>
        <METADATAEXTENSION DATATYPE ="STRING" DESCRIPTION ="" DOMAINNAME ="User Defined Metadata Domain" ISCLIENTEDITABLE ="YES" ISCLIENTVISIBLE ="YES" ISREUSABLE ="NO" ISSHAREREAD ="NO" ISSHAREWRITE ="NO" MAXLENGTH ="256" NAME ="Extension" VALUE ="" VENDORNAME ="INFORMATICA"/>
    </SESSION>
    <WORKFLOW DESCRIPTION ="The workflow runs session and loads the data into target file." ISENABLED ="YES" ISRUNNABLESERVICE ="NO" ISSERVICE ="NO" ISVALID ="YES" NAME ="wf_s_m_GM_SAP_GL_COMP_EMAIL" REUSABLE_SCHEDULER ="NO" SCHEDULERNAME ="Scheduler" SERVERNAME ="Domain10_PRD_Int_Svc" SERVER_DOMAINNAME ="Domain10_PRD" SUSPEND_ON_ERROR ="NO" TASKS_MUST_RUN_ON_SERVER ="NO" VERSIONNUMBER ="1">
        <SCHEDULER DESCRIPTION ="" NAME ="Scheduler" REUSABLE ="NO" VERSIONNUMBER ="1">
            <SCHEDULEINFO SCHEDULETYPE ="ONDEMAND"/>
        </SCHEDULER>
        <TASK DESCRIPTION ="" NAME ="Start" REUSABLE ="NO" TYPE ="Start" VERSIONNUMBER ="1"/>
        <TASKINSTANCE DESCRIPTION ="" ISENABLED ="YES" NAME ="Start" REUSABLE ="NO" TASKNAME ="Start" TASKTYPE ="Start"/>
        <TASKINSTANCE DESCRIPTION ="" FAIL_PARENT_IF_INSTANCE_DID_NOT_RUN ="YES" FAIL_PARENT_IF_INSTANCE_FAILS ="YES" ISENABLED ="YES" NAME ="s_m_GM_SAP_GL_COMP_EMAIL" REUSABLE ="YES" TASKNAME ="s_m_GM_SAP_GL_COMP_EMAIL" TASKTYPE ="Session" TREAT_INPUTLINK_AS_AND ="NO"/>
        <WORKFLOWLINK CONDITION ="" FROMTASK ="Start" TOTASK ="s_m_GM_SAP_GL_COMP_EMAIL"/>
        <WORKFLOWVARIABLE DATATYPE ="date/time" DEFAULTVALUE ="" DESCRIPTION ="The time this task started" ISNULL ="NO" ISPERSISTENT ="NO" NAME ="$Start.StartTime" USERDEFINED ="NO"/>
        <WORKFLOWVARIABLE DATATYPE ="date/time" DEFAULTVALUE ="" DESCRIPTION ="The time this task completed" ISNULL ="NO" ISPERSISTENT ="NO" NAME ="$Start.EndTime" USERDEFINED ="NO"/>
        <WORKFLOWVARIABLE DATATYPE ="integer" DEFAULTVALUE ="" DESCRIPTION ="Status of this task&apos;s execution" ISNULL ="NO" ISPERSISTENT ="NO" NAME ="$Start.Status" USERDEFINED ="NO"/>
        <WORKFLOWVARIABLE DATATYPE ="integer" DEFAULTVALUE ="" DESCRIPTION ="Status of the previous task that is not disabled" ISNULL ="NO" ISPERSISTENT ="NO" NAME ="$Start.PrevTaskStatus" USERDEFINED ="NO"/>
        <WORKFLOWVARIABLE DATATYPE ="integer" DEFAULTVALUE ="" DESCRIPTION ="Error code for this task&apos;s execution" ISNULL ="NO" ISPERSISTENT ="NO" NAME ="$Start.ErrorCode" USERDEFINED ="NO"/>
        <WORKFLOWVARIABLE DATATYPE ="string" DEFAULTVALUE ="" DESCRIPTION ="Error message for this task&apos;s execution" ISNULL ="NO" ISPERSISTENT ="NO" NAME ="$Start.ErrorMsg" USERDEFINED ="NO"/>
        <WORKFLOWVARIABLE DATATYPE ="date/time" DEFAULTVALUE ="" DESCRIPTION ="The time this task started" ISNULL ="NO" ISPERSISTENT ="NO" NAME ="$s_m_GM_SAP_GL_COMP_EMAIL.StartTime" USERDEFINED ="NO"/>
        <WORKFLOWVARIABLE DATATYPE ="date/time" DEFAULTVALUE ="" DESCRIPTION ="The time this task completed" ISNULL ="NO" ISPERSISTENT ="NO" NAME ="$s_m_GM_SAP_GL_COMP_EMAIL.EndTime" USERDEFINED ="NO"/>
        <WORKFLOWVARIABLE DATATYPE ="integer" DEFAULTVALUE ="" DESCRIPTION ="Status of this task&apos;s execution" ISNULL ="NO" ISPERSISTENT ="NO" NAME ="$s_m_GM_SAP_GL_COMP_EMAIL.Status" USERDEFINED ="NO"/>
        <WORKFLOWVARIABLE DATATYPE ="integer" DEFAULTVALUE ="" DESCRIPTION ="Status of the previous task that is not disabled" ISNULL ="NO" ISPERSISTENT ="NO" NAME ="$s_m_GM_SAP_GL_COMP_EMAIL.PrevTaskStatus" USERDEFINED ="NO"/>
        <WORKFLOWVARIABLE DATATYPE ="integer" DEFAULTVALUE ="" DESCRIPTION ="Error code for this task&apos;s execution" ISNULL ="NO" ISPERSISTENT ="NO" NAME ="$s_m_GM_SAP_GL_COMP_EMAIL.ErrorCode" USERDEFINED ="NO"/>
        <WORKFLOWVARIABLE DATATYPE ="string" DEFAULTVALUE ="" DESCRIPTION ="Error message for this task&apos;s execution" ISNULL ="NO" ISPERSISTENT ="NO" NAME ="$s_m_GM_SAP_GL_COMP_EMAIL.ErrorMsg" USERDEFINED ="NO"/>
        <WORKFLOWVARIABLE DATATYPE ="integer" DEFAULTVALUE ="" DESCRIPTION ="Rows successfully read" ISNULL ="NO" ISPERSISTENT ="NO" NAME ="$s_m_GM_SAP_GL_COMP_EMAIL.SrcSuccessRows" USERDEFINED ="NO"/>
        <WORKFLOWVARIABLE DATATYPE ="integer" DEFAULTVALUE ="" DESCRIPTION ="Rows failed to read" ISNULL ="NO" ISPERSISTENT ="NO" NAME ="$s_m_GM_SAP_GL_COMP_EMAIL.SrcFailedRows" USERDEFINED ="NO"/>
        <WORKFLOWVARIABLE DATATYPE ="integer" DEFAULTVALUE ="" DESCRIPTION ="Rows successfully loaded" ISNULL ="NO" ISPERSISTENT ="NO" NAME ="$s_m_GM_SAP_GL_COMP_EMAIL.TgtSuccessRows" USERDEFINED ="NO"/>
        <WORKFLOWVARIABLE DATATYPE ="integer" DEFAULTVALUE ="" DESCRIPTION ="Rows failed to load" ISNULL ="NO" ISPERSISTENT ="NO" NAME ="$s_m_GM_SAP_GL_COMP_EMAIL.TgtFailedRows" USERDEFINED ="NO"/>
        <WORKFLOWVARIABLE DATATYPE ="integer" DEFAULTVALUE ="" DESCRIPTION ="Total number of transformation errors" ISNULL ="NO" ISPERSISTENT ="NO" NAME ="$s_m_GM_SAP_GL_COMP_EMAIL.TotalTransErrors" USERDEFINED ="NO"/>
        <WORKFLOWVARIABLE DATATYPE ="integer" DEFAULTVALUE ="" DESCRIPTION ="First error code" ISNULL ="NO" ISPERSISTENT ="NO" NAME ="$s_m_GM_SAP_GL_COMP_EMAIL.FirstErrorCode" USERDEFINED ="NO"/>
        <WORKFLOWVARIABLE DATATYPE ="string" DEFAULTVALUE ="" DESCRIPTION ="First error message" ISNULL ="NO" ISPERSISTENT ="NO" NAME ="$s_m_GM_SAP_GL_COMP_EMAIL.FirstErrorMsg" USERDEFINED ="NO"/>
        <ATTRIBUTE NAME ="Parameter Filename" VALUE =""/>
        <ATTRIBUTE NAME ="Write Backward Compatible Workflow Log File" VALUE ="YES"/>
        <ATTRIBUTE NAME ="Workflow Log File Name" VALUE ="wf_s_m_GM_SAP_GL_COMP_EAMIL.log"/>
        <ATTRIBUTE NAME ="Workflow Log File Directory" VALUE ="$PMWorkflowLogDir&#x5c;ONE_ON_ONE_OTC&#x5c;LOG&#x5c;"/>
        <ATTRIBUTE NAME ="Save Workflow log by" VALUE ="By runs"/>
        <ATTRIBUTE NAME ="Save workflow log for these runs" VALUE ="9"/>
        <ATTRIBUTE NAME ="Service Name" VALUE =""/>
        <ATTRIBUTE NAME ="Service Timeout" VALUE ="0"/>
        <ATTRIBUTE NAME ="Is Service Visible" VALUE ="NO"/>
        <ATTRIBUTE NAME ="Is Service Protected" VALUE ="NO"/>
        <ATTRIBUTE NAME ="Fail task after wait time" VALUE ="0"/>
        <ATTRIBUTE NAME ="Enable HA recovery" VALUE ="NO"/>
        <ATTRIBUTE NAME ="Automatically recover terminated tasks" VALUE ="NO"/>
        <ATTRIBUTE NAME ="Service Level Name" VALUE ="Default"/>
        <ATTRIBUTE NAME ="Allow concurrent run with unique run instance name" VALUE ="NO"/>
        <ATTRIBUTE NAME ="Allow concurrent run with same run instance name" VALUE ="NO"/>
        <ATTRIBUTE NAME ="Maximum number of concurrent runs" VALUE ="0"/>
        <ATTRIBUTE NAME ="Assigned Web Services Hubs" VALUE =""/>
        <ATTRIBUTE NAME ="Maximum number of concurrent runs per Hub" VALUE ="1000"/>
        <ATTRIBUTE NAME ="Expected Service Time" VALUE ="1"/>
        <METADATAEXTENSION DATATYPE ="STRING" DESCRIPTION ="Conversion Mapping Name with version " DOMAINNAME ="User Defined Metadata Domain" ISCLIENTEDITABLE ="YES" ISCLIENTVISIBLE ="YES" ISREUSABLE ="NO" ISSHAREREAD ="NO" ISSHAREWRITE ="NO" MAXLENGTH ="256" NAME ="CONV_MAP_NAME" VALUE ="" VENDORNAME ="INFORMATICA"/>
        <METADATAEXTENSION DATATYPE ="STRING" DESCRIPTION ="" DOMAINNAME ="User Defined Metadata Domain" ISCLIENTEDITABLE ="YES" ISCLIENTVISIBLE ="YES" ISREUSABLE ="NO" ISSHAREREAD ="NO" ISSHAREWRITE ="NO" MAXLENGTH ="256" NAME ="Conversion Mapping Name" VALUE ="Conversion Mapping - validate_GM_to_sap_by_GL v7.1.xls" VENDORNAME ="INFORMATICA"/>
        <METADATAEXTENSION DATATYPE ="STRING" DESCRIPTION ="" DOMAINNAME ="User Defined Metadata Domain" ISCLIENTEDITABLE ="YES" ISCLIENTVISIBLE ="YES" ISREUSABLE ="NO" ISSHAREREAD ="NO" ISSHAREWRITE ="NO" MAXLENGTH ="256" NAME ="Extension" VALUE ="" VENDORNAME ="INFORMATICA"/>
    </WORKFLOW>
</FOLDER>
</REPOSITORY>
</POWERMART>