<?xml version="1.0" encoding="Windows-1252"?>
<!DOCTYPE POWERMART SYSTEM "powrmart.dtd">
<POWERMART CREATION_DATE="05/20/2024 10:27:30" REPOSITORY_VERSION="187.96">
<REPOSITORY NAME="Domain10_Rep_Svc_Prd" VERSION="187" CODEPAGE="MS1252" DATABASETYPE="Microsoft SQL Server">
<FOLDER NAME="ONE_ON_ONE_OTC" GROUP="" OWNER="Administrator" SHARED="NOTSHARED" DESCRIPTION="" PERMISSIONS="rwx---r--" UUID="8627c2fd-2fe8-4f83-88bf-e34259bd5762">
    <SOURCE BUSINESSNAME ="" DATABASETYPE ="Oracle" DBDNAME ="oakdwhd1" DESCRIPTION ="Source-STAGING.STG_S4_GTID_COTSUM " NAME ="STG_S4_GTID_COTSUM" OBJECTVERSION ="1" OWNERNAME ="STAGING" VERSIONNUMBER ="1">
        <SOURCEFIELD BUSINESSNAME ="" DATATYPE ="varchar2" DESCRIPTION ="" FIELDNUMBER ="1" FIELDPROPERTY ="0" FIELDTYPE ="ELEMITEM" HIDDEN ="NO" KEYTYPE ="NOT A KEY" LENGTH ="0" LEVEL ="0" NAME ="CHANNEL_OF_TRADE" NULLABLE ="NULL" OCCURS ="0" OFFSET ="0" PHYSICALLENGTH ="3" PHYSICALOFFSET ="0" PICTURETEXT ="" PRECISION ="3" SCALE ="0" USAGE_FLAGS =""/>
        <SOURCEFIELD BUSINESSNAME ="" DATATYPE ="varchar2" DESCRIPTION ="" FIELDNUMBER ="2" FIELDPROPERTY ="0" FIELDTYPE ="ELEMITEM" HIDDEN ="NO" KEYTYPE ="NOT A KEY" LENGTH ="0" LEVEL ="0" NAME ="SUMMARY_CHANNEL_TRADE_GT_ID" NULLABLE ="NULL" OCCURS ="0" OFFSET ="0" PHYSICALLENGTH ="3" PHYSICALOFFSET ="3" PICTURETEXT ="" PRECISION ="3" SCALE ="0" USAGE_FLAGS =""/>
        <SOURCEFIELD BUSINESSNAME ="" DATATYPE ="varchar2" DESCRIPTION ="" FIELDNUMBER ="3" FIELDPROPERTY ="0" FIELDTYPE ="ELEMITEM" HIDDEN ="NO" KEYTYPE ="NOT A KEY" LENGTH ="0" LEVEL ="0" NAME ="DESPT_CHANNEL_TRADE_SUMMARY" NULLABLE ="NULL" OCCURS ="0" OFFSET ="0" PHYSICALLENGTH ="50" PHYSICALOFFSET ="6" PICTURETEXT ="" PRECISION ="50" SCALE ="0" USAGE_FLAGS =""/>
        <SOURCEFIELD BUSINESSNAME ="" DATATYPE ="varchar2" DESCRIPTION ="" FIELDNUMBER ="4" FIELDPROPERTY ="0" FIELDTYPE ="ELEMITEM" HIDDEN ="NO" KEYTYPE ="NOT A KEY" LENGTH ="0" LEVEL ="0" NAME ="CREATED_BY" NULLABLE ="NULL" OCCURS ="0" OFFSET ="0" PHYSICALLENGTH ="12" PHYSICALOFFSET ="56" PICTURETEXT ="" PRECISION ="12" SCALE ="0" USAGE_FLAGS =""/>
        <SOURCEFIELD BUSINESSNAME ="" DATATYPE ="varchar2" DESCRIPTION ="" FIELDNUMBER ="5" FIELDPROPERTY ="0" FIELDTYPE ="ELEMITEM" HIDDEN ="NO" KEYTYPE ="NOT A KEY" LENGTH ="0" LEVEL ="0" NAME ="CREATION_DATE_AND_TIME" NULLABLE ="NULL" OCCURS ="0" OFFSET ="0" PHYSICALLENGTH ="14" PHYSICALOFFSET ="68" PICTURETEXT ="" PRECISION ="14" SCALE ="0" USAGE_FLAGS =""/>
        <SOURCEFIELD BUSINESSNAME ="" DATATYPE ="varchar2" DESCRIPTION ="" FIELDNUMBER ="6" FIELDPROPERTY ="0" FIELDTYPE ="ELEMITEM" HIDDEN ="NO" KEYTYPE ="NOT A KEY" LENGTH ="0" LEVEL ="0" NAME ="LAST_CHANGED_BY" NULLABLE ="NULL" OCCURS ="0" OFFSET ="0" PHYSICALLENGTH ="12" PHYSICALOFFSET ="82" PICTURETEXT ="" PRECISION ="12" SCALE ="0" USAGE_FLAGS =""/>
        <SOURCEFIELD BUSINESSNAME ="" DATATYPE ="varchar2" DESCRIPTION ="" FIELDNUMBER ="7" FIELDPROPERTY ="0" FIELDTYPE ="ELEMITEM" HIDDEN ="NO" KEYTYPE ="NOT A KEY" LENGTH ="0" LEVEL ="0" NAME ="LAST_CHANGED_DATE_AND_TIME" NULLABLE ="NULL" OCCURS ="0" OFFSET ="0" PHYSICALLENGTH ="14" PHYSICALOFFSET ="94" PICTURETEXT ="" PRECISION ="14" SCALE ="0" USAGE_FLAGS =""/>
        <SOURCEFIELD BUSINESSNAME ="" DATATYPE ="date" DESCRIPTION ="" FIELDNUMBER ="8" FIELDPROPERTY ="0" FIELDTYPE ="ELEMITEM" HIDDEN ="NO" KEYTYPE ="NOT A KEY" LENGTH ="19" LEVEL ="0" NAME ="CREATEDDATE" NULLABLE ="NULL" OCCURS ="0" OFFSET ="0" PHYSICALLENGTH ="19" PHYSICALOFFSET ="108" PICTURETEXT ="" PRECISION ="19" SCALE ="0" USAGE_FLAGS =""/>
        <SOURCEFIELD BUSINESSNAME ="" DATATYPE ="date" DESCRIPTION ="" FIELDNUMBER ="9" FIELDPROPERTY ="0" FIELDTYPE ="ELEMITEM" HIDDEN ="NO" KEYTYPE ="NOT A KEY" LENGTH ="19" LEVEL ="0" NAME ="MODIFIEDDATE" NULLABLE ="NULL" OCCURS ="0" OFFSET ="19" PHYSICALLENGTH ="19" PHYSICALOFFSET ="127" PICTURETEXT ="" PRECISION ="19" SCALE ="0" USAGE_FLAGS =""/>
    </SOURCE>
    <TARGET BUSINESSNAME ="" CONSTRAINT ="" DATABASETYPE ="Microsoft SQL Server" DESCRIPTION ="Target-HBIDW.dbo.STG_S4_GTID_COTSUM" NAME ="STG_S4_GTID_COTSUM" OBJECTVERSION ="1" TABLEOPTIONS ="" VERSIONNUMBER ="1">
        <TARGETFIELD BUSINESSNAME ="" DATATYPE ="varchar" DESCRIPTION ="" FIELDNUMBER ="1" KEYTYPE ="PRIMARY KEY" NAME ="CHANNEL_OF_TRADE" NULLABLE ="NOTNULL" PICTURETEXT ="" PRECISION ="3" SCALE ="0"/>
        <TARGETFIELD BUSINESSNAME ="" DATATYPE ="varchar" DESCRIPTION ="" FIELDNUMBER ="2" KEYTYPE ="NOT A KEY" NAME ="SUMMARY_CHANNEL_TRADE_GT_ID" NULLABLE ="NULL" PICTURETEXT ="" PRECISION ="3" SCALE ="0"/>
        <TARGETFIELD BUSINESSNAME ="" DATATYPE ="varchar" DESCRIPTION ="" FIELDNUMBER ="3" KEYTYPE ="NOT A KEY" NAME ="DESPT_CHANNEL_TRADE_SUMMARY" NULLABLE ="NULL" PICTURETEXT ="" PRECISION ="50" SCALE ="0"/>
        <TARGETFIELD BUSINESSNAME ="" DATATYPE ="varchar" DESCRIPTION ="" FIELDNUMBER ="4" KEYTYPE ="NOT A KEY" NAME ="CREATED_BY" NULLABLE ="NULL" PICTURETEXT ="" PRECISION ="12" SCALE ="0"/>
        <TARGETFIELD BUSINESSNAME ="" DATATYPE ="varchar" DESCRIPTION ="" FIELDNUMBER ="5" KEYTYPE ="NOT A KEY" NAME ="CREATION_DATE_AND_TIME" NULLABLE ="NULL" PICTURETEXT ="" PRECISION ="14" SCALE ="0"/>
        <TARGETFIELD BUSINESSNAME ="" DATATYPE ="varchar" DESCRIPTION ="" FIELDNUMBER ="6" KEYTYPE ="NOT A KEY" NAME ="LAST_CHANGED_BY" NULLABLE ="NULL" PICTURETEXT ="" PRECISION ="12" SCALE ="0"/>
        <TARGETFIELD BUSINESSNAME ="" DATATYPE ="varchar" DESCRIPTION ="" FIELDNUMBER ="7" KEYTYPE ="NOT A KEY" NAME ="LAST_CHANGED_DATE_AND_TIME" NULLABLE ="NULL" PICTURETEXT ="" PRECISION ="14" SCALE ="0"/>
        <TARGETFIELD BUSINESSNAME ="" DATATYPE ="datetime" DESCRIPTION ="" FIELDNUMBER ="8" KEYTYPE ="NOT A KEY" NAME ="CREATEDDATE" NULLABLE ="NULL" PICTURETEXT ="" PRECISION ="23" SCALE ="3"/>
        <TARGETFIELD BUSINESSNAME ="" DATATYPE ="datetime" DESCRIPTION ="" FIELDNUMBER ="9" KEYTYPE ="NOT A KEY" NAME ="MODIFIEDDATE" NULLABLE ="NULL" PICTURETEXT ="" PRECISION ="23" SCALE ="3"/>
    </TARGET>
    <MAPPING DESCRIPTION ="Load the data from STAGING.STG_S4_GTID_COTSUM table to HBIDW.dbo.STG_S4_GTID_COTSUM table" ISVALID ="YES" NAME ="m_S4_INT_GTID_CTM" OBJECTVERSION ="1" VERSIONNUMBER ="1">
        <TRANSFORMATION DESCRIPTION ="SQ-STAGING.STG_S4_GTID_COTSUM" NAME ="SQ_STG_S4_GTID_COTSUM" OBJECTVERSION ="1" REUSABLE ="NO" TYPE ="Source Qualifier" VERSIONNUMBER ="1">
            <TRANSFORMFIELD DATATYPE ="string" DEFAULTVALUE ="" DESCRIPTION ="" NAME ="CHANNEL_OF_TRADE" PICTURETEXT ="" PORTTYPE ="INPUT/OUTPUT" PRECISION ="3" SCALE ="0"/>
            <TRANSFORMFIELD DATATYPE ="string" DEFAULTVALUE ="" DESCRIPTION ="" NAME ="SUMMARY_CHANNEL_TRADE_GT_ID" PICTURETEXT ="" PORTTYPE ="INPUT/OUTPUT" PRECISION ="3" SCALE ="0"/>
            <TRANSFORMFIELD DATATYPE ="string" DEFAULTVALUE ="" DESCRIPTION ="" NAME ="DESPT_CHANNEL_TRADE_SUMMARY" PICTURETEXT ="" PORTTYPE ="INPUT/OUTPUT" PRECISION ="50" SCALE ="0"/>
            <TRANSFORMFIELD DATATYPE ="string" DEFAULTVALUE ="" DESCRIPTION ="" NAME ="CREATED_BY" PICTURETEXT ="" PORTTYPE ="INPUT/OUTPUT" PRECISION ="12" SCALE ="0"/>
            <TRANSFORMFIELD DATATYPE ="string" DEFAULTVALUE ="" DESCRIPTION ="" NAME ="CREATION_DATE_AND_TIME" PICTURETEXT ="" PORTTYPE ="INPUT/OUTPUT" PRECISION ="14" SCALE ="0"/>
            <TRANSFORMFIELD DATATYPE ="string" DEFAULTVALUE ="" DESCRIPTION ="" NAME ="LAST_CHANGED_BY" PICTURETEXT ="" PORTTYPE ="INPUT/OUTPUT" PRECISION ="12" SCALE ="0"/>
            <TRANSFORMFIELD DATATYPE ="string" DEFAULTVALUE ="" DESCRIPTION ="" NAME ="LAST_CHANGED_DATE_AND_TIME" PICTURETEXT ="" PORTTYPE ="INPUT/OUTPUT" PRECISION ="14" SCALE ="0"/>
            <TRANSFORMFIELD DATATYPE ="date/time" DEFAULTVALUE ="" DESCRIPTION ="" NAME ="CREATEDDATE" PICTURETEXT ="" PORTTYPE ="INPUT/OUTPUT" PRECISION ="29" SCALE ="9"/>
            <TRANSFORMFIELD DATATYPE ="date/time" DEFAULTVALUE ="" DESCRIPTION ="" NAME ="MODIFIEDDATE" PICTURETEXT ="" PORTTYPE ="INPUT/OUTPUT" PRECISION ="29" SCALE ="9"/>
            <TABLEATTRIBUTE NAME ="Sql Query" VALUE =""/>
            <TABLEATTRIBUTE NAME ="User Defined Join" VALUE =""/>
            <TABLEATTRIBUTE NAME ="Source Filter" VALUE =""/>
            <TABLEATTRIBUTE NAME ="Number Of Sorted Ports" VALUE ="0"/>
            <TABLEATTRIBUTE NAME ="Tracing Level" VALUE ="Normal"/>
            <TABLEATTRIBUTE NAME ="Select Distinct" VALUE ="NO"/>
            <TABLEATTRIBUTE NAME ="Is Partitionable" VALUE ="NO"/>
            <TABLEATTRIBUTE NAME ="Pre SQL" VALUE =""/>
            <TABLEATTRIBUTE NAME ="Post SQL" VALUE =""/>
            <TABLEATTRIBUTE NAME ="Output is deterministic" VALUE ="NO"/>
            <TABLEATTRIBUTE NAME ="Output is repeatable" VALUE ="Never"/>
        </TRANSFORMATION>
        <TRANSFORMATION DESCRIPTION ="UPDATE DATA INTO HBIDW.dbo.STG_S4_GTID_COTSUM" NAME ="UPD_UPDATE" OBJECTVERSION ="1" REUSABLE ="NO" TYPE ="Update Strategy" VERSIONNUMBER ="1">
            <TRANSFORMFIELD DATATYPE ="string" DEFAULTVALUE ="" DESCRIPTION ="" NAME ="CHANNEL_OF_TRADE3" PICTURETEXT ="" PORTTYPE ="INPUT/OUTPUT" PRECISION ="3" SCALE ="0"/>
            <TRANSFORMFIELD DATATYPE ="string" DEFAULTVALUE ="" DESCRIPTION ="" NAME ="SUMMARY_CHANNEL_TRADE_GT_ID3" PICTURETEXT ="" PORTTYPE ="INPUT/OUTPUT" PRECISION ="3" SCALE ="0"/>
            <TRANSFORMFIELD DATATYPE ="string" DEFAULTVALUE ="" DESCRIPTION ="" NAME ="DESPT_CHANNEL_TRADE_SUMMARY3" PICTURETEXT ="" PORTTYPE ="INPUT/OUTPUT" PRECISION ="50" SCALE ="0"/>
            <TRANSFORMFIELD DATATYPE ="string" DEFAULTVALUE ="" DESCRIPTION ="" NAME ="CREATED_BY3" PICTURETEXT ="" PORTTYPE ="INPUT/OUTPUT" PRECISION ="12" SCALE ="0"/>
            <TRANSFORMFIELD DATATYPE ="string" DEFAULTVALUE ="" DESCRIPTION ="" NAME ="CREATION_DATE_AND_TIME3" PICTURETEXT ="" PORTTYPE ="INPUT/OUTPUT" PRECISION ="14" SCALE ="0"/>
            <TRANSFORMFIELD DATATYPE ="string" DEFAULTVALUE ="" DESCRIPTION ="" NAME ="LAST_CHANGED_BY3" PICTURETEXT ="" PORTTYPE ="INPUT/OUTPUT" PRECISION ="12" SCALE ="0"/>
            <TRANSFORMFIELD DATATYPE ="string" DEFAULTVALUE ="" DESCRIPTION ="" NAME ="LAST_CHANGED_DATE_AND_TIME3" PICTURETEXT ="" PORTTYPE ="INPUT/OUTPUT" PRECISION ="14" SCALE ="0"/>
            <TRANSFORMFIELD DATATYPE ="date/time" DEFAULTVALUE ="" DESCRIPTION ="" NAME ="CREATEDDATE3" PICTURETEXT ="" PORTTYPE ="INPUT/OUTPUT" PRECISION ="29" SCALE ="9"/>
            <TRANSFORMFIELD DATATYPE ="date/time" DEFAULTVALUE ="" DESCRIPTION ="" NAME ="MODIFIEDDATE3" PICTURETEXT ="" PORTTYPE ="INPUT/OUTPUT" PRECISION ="29" SCALE ="9"/>
            <TABLEATTRIBUTE NAME ="Update Strategy Expression" VALUE ="1"/>
            <TABLEATTRIBUTE NAME ="Forward Rejected Rows" VALUE ="YES"/>
            <TABLEATTRIBUTE NAME ="Tracing Level" VALUE ="Normal"/>
        </TRANSFORMATION>
        <TRANSFORMATION DESCRIPTION ="Lookup on target--STG_S4_GTID_COTSUM" NAME ="LKP_STG_S4_GTID_COTSUM" OBJECTVERSION ="1" REUSABLE ="NO" TYPE ="Lookup Procedure" VERSIONNUMBER ="1">
            <TRANSFORMFIELD DATATYPE ="string" DEFAULTVALUE ="" DESCRIPTION ="" NAME ="CHANNEL_OF_TRADE" PICTURETEXT ="" PORTTYPE ="LOOKUP/OUTPUT" PRECISION ="3" SCALE ="0"/>
            <TRANSFORMFIELD DATATYPE ="string" DEFAULTVALUE ="" DESCRIPTION ="" NAME ="I_CHANNEL_OF_TRADE" PICTURETEXT ="" PORTTYPE ="INPUT" PRECISION ="13" SCALE ="0"/>
            <TABLEATTRIBUTE NAME ="Lookup Sql Override" VALUE =""/>
            <TABLEATTRIBUTE NAME ="Lookup table name" VALUE ="STG_S4_GTID_COTSUM"/>
            <TABLEATTRIBUTE NAME ="Lookup Source Filter" VALUE =""/>
            <TABLEATTRIBUTE NAME ="Lookup caching enabled" VALUE ="YES"/>
            <TABLEATTRIBUTE NAME ="Lookup policy on multiple match" VALUE ="Use Any Value"/>
            <TABLEATTRIBUTE NAME ="Lookup condition" VALUE ="CHANNEL_OF_TRADE = I_CHANNEL_OF_TRADE"/>
            <TABLEATTRIBUTE NAME ="Connection Information" VALUE ="$Target"/>
            <TABLEATTRIBUTE NAME ="Source Type" VALUE ="Database"/>
            <TABLEATTRIBUTE NAME ="Recache if Stale" VALUE ="NO"/>
            <TABLEATTRIBUTE NAME ="Tracing Level" VALUE ="Normal"/>
            <TABLEATTRIBUTE NAME ="Lookup cache directory name" VALUE ="$PMCacheDir"/>
            <TABLEATTRIBUTE NAME ="Lookup cache initialize" VALUE ="NO"/>
            <TABLEATTRIBUTE NAME ="Lookup cache persistent" VALUE ="NO"/>
            <TABLEATTRIBUTE NAME ="Lookup Data Cache Size" VALUE ="Auto"/>
            <TABLEATTRIBUTE NAME ="Lookup Index Cache Size" VALUE ="Auto"/>
            <TABLEATTRIBUTE NAME ="Dynamic Lookup Cache" VALUE ="NO"/>
            <TABLEATTRIBUTE NAME ="Synchronize Dynamic Cache" VALUE ="NO"/>
            <TABLEATTRIBUTE NAME ="Output Old Value On Update" VALUE ="NO"/>
            <TABLEATTRIBUTE NAME ="Update Dynamic Cache Condition" VALUE ="TRUE"/>
            <TABLEATTRIBUTE NAME ="Cache File Name Prefix" VALUE =""/>
            <TABLEATTRIBUTE NAME ="Re-cache from lookup source" VALUE ="NO"/>
            <TABLEATTRIBUTE NAME ="Insert Else Update" VALUE ="NO"/>
            <TABLEATTRIBUTE NAME ="Update Else Insert" VALUE ="NO"/>
            <TABLEATTRIBUTE NAME ="Datetime Format" VALUE =""/>
            <TABLEATTRIBUTE NAME ="Thousand Separator" VALUE ="None"/>
            <TABLEATTRIBUTE NAME ="Decimal Separator" VALUE ="."/>
            <TABLEATTRIBUTE NAME ="Case Sensitive String Comparison" VALUE ="NO"/>
            <TABLEATTRIBUTE NAME ="Null ordering" VALUE ="Null Is Highest Value"/>
            <TABLEATTRIBUTE NAME ="Sorted Input" VALUE ="NO"/>
            <TABLEATTRIBUTE NAME ="Lookup source is static" VALUE ="NO"/>
            <TABLEATTRIBUTE NAME ="Pre-build lookup cache" VALUE ="Auto"/>
            <TABLEATTRIBUTE NAME ="Subsecond Precision" VALUE ="6"/>
        </TRANSFORMATION>
        <TRANSFORMATION DESCRIPTION ="Transformation to route records for INSERT or UPDATE" NAME ="RTR_INS_UPD" OBJECTVERSION ="1" REUSABLE ="NO" TYPE ="Router" VERSIONNUMBER ="1">
            <GROUP DESCRIPTION ="" NAME ="INPUT" ORDER ="1" TYPE ="INPUT"/>
            <GROUP DESCRIPTION ="" EXPRESSION ="ISNULL(I_CHANNEL_OF_TRADE)" NAME ="INS_FLAG" ORDER ="2" TYPE ="OUTPUT"/>
            <GROUP DESCRIPTION ="Path for the data when none of the group conditions are satisfied." NAME ="DEFAULT1" ORDER ="4" TYPE ="OUTPUT/DEFAULT"/>
            <GROUP DESCRIPTION ="" EXPRESSION ="NOT ISNULL(I_CHANNEL_OF_TRADE)" NAME ="UPD_FLAG" ORDER ="3" TYPE ="OUTPUT"/>
            <TRANSFORMFIELD DATATYPE ="string" DEFAULTVALUE ="" DESCRIPTION ="" GROUP ="INPUT" NAME ="I_CHANNEL_OF_TRADE" PICTURETEXT ="" PORTTYPE ="INPUT" PRECISION ="3" SCALE ="0"/>
            <TRANSFORMFIELD DATATYPE ="string" DEFAULTVALUE ="" DESCRIPTION ="" GROUP ="INPUT" NAME ="CHANNEL_OF_TRADE" PICTURETEXT ="" PORTTYPE ="INPUT" PRECISION ="3" SCALE ="0"/>
            <TRANSFORMFIELD DATATYPE ="string" DEFAULTVALUE ="" DESCRIPTION ="" GROUP ="INPUT" NAME ="SUMMARY_CHANNEL_TRADE_GT_ID" PICTURETEXT ="" PORTTYPE ="INPUT" PRECISION ="3" SCALE ="0"/>
            <TRANSFORMFIELD DATATYPE ="string" DEFAULTVALUE ="" DESCRIPTION ="" GROUP ="INPUT" NAME ="DESPT_CHANNEL_TRADE_SUMMARY" PICTURETEXT ="" PORTTYPE ="INPUT" PRECISION ="50" SCALE ="0"/>
            <TRANSFORMFIELD DATATYPE ="string" DEFAULTVALUE ="" DESCRIPTION ="" GROUP ="INPUT" NAME ="CREATED_BY" PICTURETEXT ="" PORTTYPE ="INPUT" PRECISION ="12" SCALE ="0"/>
            <TRANSFORMFIELD DATATYPE ="string" DEFAULTVALUE ="" DESCRIPTION ="" GROUP ="INPUT" NAME ="CREATION_DATE_AND_TIME" PICTURETEXT ="" PORTTYPE ="INPUT" PRECISION ="14" SCALE ="0"/>
            <TRANSFORMFIELD DATATYPE ="string" DEFAULTVALUE ="" DESCRIPTION ="" GROUP ="INPUT" NAME ="LAST_CHANGED_BY" PICTURETEXT ="" PORTTYPE ="INPUT" PRECISION ="12" SCALE ="0"/>
            <TRANSFORMFIELD DATATYPE ="string" DEFAULTVALUE ="" DESCRIPTION ="" GROUP ="INPUT" NAME ="LAST_CHANGED_DATE_AND_TIME" PICTURETEXT ="" PORTTYPE ="INPUT" PRECISION ="14" SCALE ="0"/>
            <TRANSFORMFIELD DATATYPE ="date/time" DEFAULTVALUE ="" DESCRIPTION ="" GROUP ="INPUT" NAME ="CREATEDDATE" PICTURETEXT ="" PORTTYPE ="INPUT" PRECISION ="29" SCALE ="9"/>
            <TRANSFORMFIELD DATATYPE ="date/time" DEFAULTVALUE ="" DESCRIPTION ="" GROUP ="INPUT" NAME ="MODIFIEDDATE" PICTURETEXT ="" PORTTYPE ="INPUT" PRECISION ="29" SCALE ="9"/>
            <TRANSFORMFIELD DATATYPE ="string" DEFAULTVALUE ="" DESCRIPTION ="" GROUP ="INS_FLAG" NAME ="I_CHANNEL_OF_TRADE1" PICTURETEXT ="" PORTTYPE ="OUTPUT" PRECISION ="3" REF_FIELD ="I_CHANNEL_OF_TRADE" SCALE ="0"/>
            <TRANSFORMFIELD DATATYPE ="string" DEFAULTVALUE ="" DESCRIPTION ="" GROUP ="INS_FLAG" NAME ="CHANNEL_OF_TRADE1" PICTURETEXT ="" PORTTYPE ="OUTPUT" PRECISION ="3" REF_FIELD ="CHANNEL_OF_TRADE" SCALE ="0"/>
            <TRANSFORMFIELD DATATYPE ="string" DEFAULTVALUE ="" DESCRIPTION ="" GROUP ="INS_FLAG" NAME ="SUMMARY_CHANNEL_TRADE_GT_ID1" PICTURETEXT ="" PORTTYPE ="OUTPUT" PRECISION ="3" REF_FIELD ="SUMMARY_CHANNEL_TRADE_GT_ID" SCALE ="0"/>
            <TRANSFORMFIELD DATATYPE ="string" DEFAULTVALUE ="" DESCRIPTION ="" GROUP ="INS_FLAG" NAME ="DESPT_CHANNEL_TRADE_SUMMARY1" PICTURETEXT ="" PORTTYPE ="OUTPUT" PRECISION ="50" REF_FIELD ="DESPT_CHANNEL_TRADE_SUMMARY" SCALE ="0"/>
            <TRANSFORMFIELD DATATYPE ="string" DEFAULTVALUE ="" DESCRIPTION ="" GROUP ="INS_FLAG" NAME ="CREATED_BY1" PICTURETEXT ="" PORTTYPE ="OUTPUT" PRECISION ="12" REF_FIELD ="CREATED_BY" SCALE ="0"/>
            <TRANSFORMFIELD DATATYPE ="string" DEFAULTVALUE ="" DESCRIPTION ="" GROUP ="INS_FLAG" NAME ="CREATION_DATE_AND_TIME1" PICTURETEXT ="" PORTTYPE ="OUTPUT" PRECISION ="14" REF_FIELD ="CREATION_DATE_AND_TIME" SCALE ="0"/>
            <TRANSFORMFIELD DATATYPE ="string" DEFAULTVALUE ="" DESCRIPTION ="" GROUP ="INS_FLAG" NAME ="LAST_CHANGED_BY1" PICTURETEXT ="" PORTTYPE ="OUTPUT" PRECISION ="12" REF_FIELD ="LAST_CHANGED_BY" SCALE ="0"/>
            <TRANSFORMFIELD DATATYPE ="string" DEFAULTVALUE ="" DESCRIPTION ="" GROUP ="INS_FLAG" NAME ="LAST_CHANGED_DATE_AND_TIME1" PICTURETEXT ="" PORTTYPE ="OUTPUT" PRECISION ="14" REF_FIELD ="LAST_CHANGED_DATE_AND_TIME" SCALE ="0"/>
            <TRANSFORMFIELD DATATYPE ="date/time" DEFAULTVALUE ="" DESCRIPTION ="" GROUP ="INS_FLAG" NAME ="CREATEDDATE1" PICTURETEXT ="" PORTTYPE ="OUTPUT" PRECISION ="29" REF_FIELD ="CREATEDDATE" SCALE ="9"/>
            <TRANSFORMFIELD DATATYPE ="date/time" DEFAULTVALUE ="" DESCRIPTION ="" GROUP ="INS_FLAG" NAME ="MODIFIEDDATE1" PICTURETEXT ="" PORTTYPE ="OUTPUT" PRECISION ="29" REF_FIELD ="MODIFIEDDATE" SCALE ="9"/>
            <TRANSFORMFIELD DATATYPE ="string" DEFAULTVALUE ="" DESCRIPTION ="" GROUP ="UPD_FLAG" NAME ="I_CHANNEL_OF_TRADE3" PICTURETEXT ="" PORTTYPE ="OUTPUT" PRECISION ="3" REF_FIELD ="I_CHANNEL_OF_TRADE" SCALE ="0"/>
            <TRANSFORMFIELD DATATYPE ="string" DEFAULTVALUE ="" DESCRIPTION ="" GROUP ="UPD_FLAG" NAME ="CHANNEL_OF_TRADE3" PICTURETEXT ="" PORTTYPE ="OUTPUT" PRECISION ="3" REF_FIELD ="CHANNEL_OF_TRADE" SCALE ="0"/>
            <TRANSFORMFIELD DATATYPE ="string" DEFAULTVALUE ="" DESCRIPTION ="" GROUP ="UPD_FLAG" NAME ="SUMMARY_CHANNEL_TRADE_GT_ID3" PICTURETEXT ="" PORTTYPE ="OUTPUT" PRECISION ="3" REF_FIELD ="SUMMARY_CHANNEL_TRADE_GT_ID" SCALE ="0"/>
            <TRANSFORMFIELD DATATYPE ="string" DEFAULTVALUE ="" DESCRIPTION ="" GROUP ="UPD_FLAG" NAME ="DESPT_CHANNEL_TRADE_SUMMARY3" PICTURETEXT ="" PORTTYPE ="OUTPUT" PRECISION ="50" REF_FIELD ="DESPT_CHANNEL_TRADE_SUMMARY" SCALE ="0"/>
            <TRANSFORMFIELD DATATYPE ="string" DEFAULTVALUE ="" DESCRIPTION ="" GROUP ="UPD_FLAG" NAME ="CREATED_BY3" PICTURETEXT ="" PORTTYPE ="OUTPUT" PRECISION ="12" REF_FIELD ="CREATED_BY" SCALE ="0"/>
            <TRANSFORMFIELD DATATYPE ="string" DEFAULTVALUE ="" DESCRIPTION ="" GROUP ="UPD_FLAG" NAME ="CREATION_DATE_AND_TIME3" PICTURETEXT ="" PORTTYPE ="OUTPUT" PRECISION ="14" REF_FIELD ="CREATION_DATE_AND_TIME" SCALE ="0"/>
            <TRANSFORMFIELD DATATYPE ="string" DEFAULTVALUE ="" DESCRIPTION ="" GROUP ="UPD_FLAG" NAME ="LAST_CHANGED_BY3" PICTURETEXT ="" PORTTYPE ="OUTPUT" PRECISION ="12" REF_FIELD ="LAST_CHANGED_BY" SCALE ="0"/>
            <TRANSFORMFIELD DATATYPE ="string" DEFAULTVALUE ="" DESCRIPTION ="" GROUP ="UPD_FLAG" NAME ="LAST_CHANGED_DATE_AND_TIME3" PICTURETEXT ="" PORTTYPE ="OUTPUT" PRECISION ="14" REF_FIELD ="LAST_CHANGED_DATE_AND_TIME" SCALE ="0"/>
            <TRANSFORMFIELD DATATYPE ="date/time" DEFAULTVALUE ="" DESCRIPTION ="" GROUP ="UPD_FLAG" NAME ="CREATEDDATE3" PICTURETEXT ="" PORTTYPE ="OUTPUT" PRECISION ="29" REF_FIELD ="CREATEDDATE" SCALE ="9"/>
            <TRANSFORMFIELD DATATYPE ="date/time" DEFAULTVALUE ="" DESCRIPTION ="" GROUP ="UPD_FLAG" NAME ="MODIFIEDDATE3" PICTURETEXT ="" PORTTYPE ="OUTPUT" PRECISION ="29" REF_FIELD ="MODIFIEDDATE" SCALE ="9"/>
            <TRANSFORMFIELD DATATYPE ="string" DEFAULTVALUE ="" DESCRIPTION ="" GROUP ="DEFAULT1" NAME ="I_CHANNEL_OF_TRADE2" PICTURETEXT ="" PORTTYPE ="OUTPUT" PRECISION ="3" REF_FIELD ="I_CHANNEL_OF_TRADE" SCALE ="0"/>
            <TRANSFORMFIELD DATATYPE ="string" DEFAULTVALUE ="" DESCRIPTION ="" GROUP ="DEFAULT1" NAME ="CHANNEL_OF_TRADE2" PICTURETEXT ="" PORTTYPE ="OUTPUT" PRECISION ="3" REF_FIELD ="CHANNEL_OF_TRADE" SCALE ="0"/>
            <TRANSFORMFIELD DATATYPE ="string" DEFAULTVALUE ="" DESCRIPTION ="" GROUP ="DEFAULT1" NAME ="SUMMARY_CHANNEL_TRADE_GT_ID2" PICTURETEXT ="" PORTTYPE ="OUTPUT" PRECISION ="3" REF_FIELD ="SUMMARY_CHANNEL_TRADE_GT_ID" SCALE ="0"/>
            <TRANSFORMFIELD DATATYPE ="string" DEFAULTVALUE ="" DESCRIPTION ="" GROUP ="DEFAULT1" NAME ="DESPT_CHANNEL_TRADE_SUMMARY2" PICTURETEXT ="" PORTTYPE ="OUTPUT" PRECISION ="50" REF_FIELD ="DESPT_CHANNEL_TRADE_SUMMARY" SCALE ="0"/>
            <TRANSFORMFIELD DATATYPE ="string" DEFAULTVALUE ="" DESCRIPTION ="" GROUP ="DEFAULT1" NAME ="CREATED_BY2" PICTURETEXT ="" PORTTYPE ="OUTPUT" PRECISION ="12" REF_FIELD ="CREATED_BY" SCALE ="0"/>
            <TRANSFORMFIELD DATATYPE ="string" DEFAULTVALUE ="" DESCRIPTION ="" GROUP ="DEFAULT1" NAME ="CREATION_DATE_AND_TIME2" PICTURETEXT ="" PORTTYPE ="OUTPUT" PRECISION ="14" REF_FIELD ="CREATION_DATE_AND_TIME" SCALE ="0"/>
            <TRANSFORMFIELD DATATYPE ="string" DEFAULTVALUE ="" DESCRIPTION ="" GROUP ="DEFAULT1" NAME ="LAST_CHANGED_BY2" PICTURETEXT ="" PORTTYPE ="OUTPUT" PRECISION ="12" REF_FIELD ="LAST_CHANGED_BY" SCALE ="0"/>
            <TRANSFORMFIELD DATATYPE ="string" DEFAULTVALUE ="" DESCRIPTION ="" GROUP ="DEFAULT1" NAME ="LAST_CHANGED_DATE_AND_TIME2" PICTURETEXT ="" PORTTYPE ="OUTPUT" PRECISION ="14" REF_FIELD ="LAST_CHANGED_DATE_AND_TIME" SCALE ="0"/>
            <TRANSFORMFIELD DATATYPE ="date/time" DEFAULTVALUE ="" DESCRIPTION ="" GROUP ="DEFAULT1" NAME ="CREATEDDATE2" PICTURETEXT ="" PORTTYPE ="OUTPUT" PRECISION ="29" REF_FIELD ="CREATEDDATE" SCALE ="9"/>
            <TRANSFORMFIELD DATATYPE ="date/time" DEFAULTVALUE ="" DESCRIPTION ="" GROUP ="DEFAULT1" NAME ="MODIFIEDDATE2" PICTURETEXT ="" PORTTYPE ="OUTPUT" PRECISION ="29" REF_FIELD ="MODIFIEDDATE" SCALE ="9"/>
            <TABLEATTRIBUTE NAME ="Tracing Level" VALUE ="Normal"/>
        </TRANSFORMATION>
        <INSTANCE DESCRIPTION ="Loading data from STAGING.STG_S4_GTID_COTSUM" NAME ="STG_S4_GTID_COTSUM_UPD" TRANSFORMATION_NAME ="STG_S4_GTID_COTSUM" TRANSFORMATION_TYPE ="Target Definition" TYPE ="TARGET"/>
        <INSTANCE DESCRIPTION ="Data is loading from STAGING.STG_S4_GTID_COTSUM" NAME ="STG_S4_GTID_COTSUM_INS" TRANSFORMATION_NAME ="STG_S4_GTID_COTSUM" TRANSFORMATION_TYPE ="Target Definition" TYPE ="TARGET"/>
        <INSTANCE DBDNAME ="oakdwhd1" DESCRIPTION ="Source-STAGING.STG_S4_GTID_COTSUM" NAME ="STG_S4_GTID_COTSUM" TRANSFORMATION_NAME ="STG_S4_GTID_COTSUM" TRANSFORMATION_TYPE ="Source Definition" TYPE ="SOURCE"/>
        <INSTANCE DESCRIPTION ="SQ-STAGING.STG_S4_GTID_COTSUM" NAME ="SQ_STG_S4_GTID_COTSUM" REUSABLE ="NO" TRANSFORMATION_NAME ="SQ_STG_S4_GTID_COTSUM" TRANSFORMATION_TYPE ="Source Qualifier" TYPE ="TRANSFORMATION">
            <ASSOCIATED_SOURCE_INSTANCE NAME ="STG_S4_GTID_COTSUM"/>
        </INSTANCE>
        <INSTANCE DESCRIPTION ="UPDATE DATA INTO HBIDW.dbo.STG_S4_GTID_COTSUM" NAME ="UPD_UPDATE" REUSABLE ="NO" TRANSFORMATION_NAME ="UPD_UPDATE" TRANSFORMATION_TYPE ="Update Strategy" TYPE ="TRANSFORMATION"/>
        <INSTANCE DESCRIPTION ="Lookup on target--STG_S4_GTID_COTSUM" NAME ="LKP_STG_S4_GTID_COTSUM" REUSABLE ="NO" TRANSFORMATION_NAME ="LKP_STG_S4_GTID_COTSUM" TRANSFORMATION_TYPE ="Lookup Procedure" TYPE ="TRANSFORMATION"/>
        <INSTANCE DESCRIPTION ="Transformation to route records for INSERT or UPDATE" NAME ="RTR_INS_UPD" REUSABLE ="NO" TRANSFORMATION_NAME ="RTR_INS_UPD" TRANSFORMATION_TYPE ="Router" TYPE ="TRANSFORMATION"/>
        <CONNECTOR FROMFIELD ="DESPT_CHANNEL_TRADE_SUMMARY3" FROMINSTANCE ="UPD_UPDATE" FROMINSTANCETYPE ="Update Strategy" TOFIELD ="DESPT_CHANNEL_TRADE_SUMMARY" TOINSTANCE ="STG_S4_GTID_COTSUM_UPD" TOINSTANCETYPE ="Target Definition"/>
        <CONNECTOR FROMFIELD ="CREATED_BY3" FROMINSTANCE ="UPD_UPDATE" FROMINSTANCETYPE ="Update Strategy" TOFIELD ="CREATED_BY" TOINSTANCE ="STG_S4_GTID_COTSUM_UPD" TOINSTANCETYPE ="Target Definition"/>
        <CONNECTOR FROMFIELD ="CREATION_DATE_AND_TIME3" FROMINSTANCE ="UPD_UPDATE" FROMINSTANCETYPE ="Update Strategy" TOFIELD ="CREATION_DATE_AND_TIME" TOINSTANCE ="STG_S4_GTID_COTSUM_UPD" TOINSTANCETYPE ="Target Definition"/>
        <CONNECTOR FROMFIELD ="LAST_CHANGED_BY3" FROMINSTANCE ="UPD_UPDATE" FROMINSTANCETYPE ="Update Strategy" TOFIELD ="LAST_CHANGED_BY" TOINSTANCE ="STG_S4_GTID_COTSUM_UPD" TOINSTANCETYPE ="Target Definition"/>
        <CONNECTOR FROMFIELD ="LAST_CHANGED_DATE_AND_TIME3" FROMINSTANCE ="UPD_UPDATE" FROMINSTANCETYPE ="Update Strategy" TOFIELD ="LAST_CHANGED_DATE_AND_TIME" TOINSTANCE ="STG_S4_GTID_COTSUM_UPD" TOINSTANCETYPE ="Target Definition"/>
        <CONNECTOR FROMFIELD ="CREATEDDATE3" FROMINSTANCE ="UPD_UPDATE" FROMINSTANCETYPE ="Update Strategy" TOFIELD ="CREATEDDATE" TOINSTANCE ="STG_S4_GTID_COTSUM_UPD" TOINSTANCETYPE ="Target Definition"/>
        <CONNECTOR FROMFIELD ="MODIFIEDDATE3" FROMINSTANCE ="UPD_UPDATE" FROMINSTANCETYPE ="Update Strategy" TOFIELD ="MODIFIEDDATE" TOINSTANCE ="STG_S4_GTID_COTSUM_UPD" TOINSTANCETYPE ="Target Definition"/>
        <CONNECTOR FROMFIELD ="CHANNEL_OF_TRADE3" FROMINSTANCE ="UPD_UPDATE" FROMINSTANCETYPE ="Update Strategy" TOFIELD ="CHANNEL_OF_TRADE" TOINSTANCE ="STG_S4_GTID_COTSUM_UPD" TOINSTANCETYPE ="Target Definition"/>
        <CONNECTOR FROMFIELD ="SUMMARY_CHANNEL_TRADE_GT_ID3" FROMINSTANCE ="UPD_UPDATE" FROMINSTANCETYPE ="Update Strategy" TOFIELD ="SUMMARY_CHANNEL_TRADE_GT_ID" TOINSTANCE ="STG_S4_GTID_COTSUM_UPD" TOINSTANCETYPE ="Target Definition"/>
        <CONNECTOR FROMFIELD ="SUMMARY_CHANNEL_TRADE_GT_ID1" FROMINSTANCE ="RTR_INS_UPD" FROMINSTANCETYPE ="Router" TOFIELD ="SUMMARY_CHANNEL_TRADE_GT_ID" TOINSTANCE ="STG_S4_GTID_COTSUM_INS" TOINSTANCETYPE ="Target Definition"/>
        <CONNECTOR FROMFIELD ="CHANNEL_OF_TRADE1" FROMINSTANCE ="RTR_INS_UPD" FROMINSTANCETYPE ="Router" TOFIELD ="CHANNEL_OF_TRADE" TOINSTANCE ="STG_S4_GTID_COTSUM_INS" TOINSTANCETYPE ="Target Definition"/>
        <CONNECTOR FROMFIELD ="DESPT_CHANNEL_TRADE_SUMMARY1" FROMINSTANCE ="RTR_INS_UPD" FROMINSTANCETYPE ="Router" TOFIELD ="DESPT_CHANNEL_TRADE_SUMMARY" TOINSTANCE ="STG_S4_GTID_COTSUM_INS" TOINSTANCETYPE ="Target Definition"/>
        <CONNECTOR FROMFIELD ="CREATED_BY1" FROMINSTANCE ="RTR_INS_UPD" FROMINSTANCETYPE ="Router" TOFIELD ="CREATED_BY" TOINSTANCE ="STG_S4_GTID_COTSUM_INS" TOINSTANCETYPE ="Target Definition"/>
        <CONNECTOR FROMFIELD ="CREATION_DATE_AND_TIME1" FROMINSTANCE ="RTR_INS_UPD" FROMINSTANCETYPE ="Router" TOFIELD ="CREATION_DATE_AND_TIME" TOINSTANCE ="STG_S4_GTID_COTSUM_INS" TOINSTANCETYPE ="Target Definition"/>
        <CONNECTOR FROMFIELD ="LAST_CHANGED_BY1" FROMINSTANCE ="RTR_INS_UPD" FROMINSTANCETYPE ="Router" TOFIELD ="LAST_CHANGED_BY" TOINSTANCE ="STG_S4_GTID_COTSUM_INS" TOINSTANCETYPE ="Target Definition"/>
        <CONNECTOR FROMFIELD ="LAST_CHANGED_DATE_AND_TIME1" FROMINSTANCE ="RTR_INS_UPD" FROMINSTANCETYPE ="Router" TOFIELD ="LAST_CHANGED_DATE_AND_TIME" TOINSTANCE ="STG_S4_GTID_COTSUM_INS" TOINSTANCETYPE ="Target Definition"/>
        <CONNECTOR FROMFIELD ="CREATEDDATE1" FROMINSTANCE ="RTR_INS_UPD" FROMINSTANCETYPE ="Router" TOFIELD ="CREATEDDATE" TOINSTANCE ="STG_S4_GTID_COTSUM_INS" TOINSTANCETYPE ="Target Definition"/>
        <CONNECTOR FROMFIELD ="MODIFIEDDATE1" FROMINSTANCE ="RTR_INS_UPD" FROMINSTANCETYPE ="Router" TOFIELD ="MODIFIEDDATE" TOINSTANCE ="STG_S4_GTID_COTSUM_INS" TOINSTANCETYPE ="Target Definition"/>
        <CONNECTOR FROMFIELD ="CREATION_DATE_AND_TIME" FROMINSTANCE ="STG_S4_GTID_COTSUM" FROMINSTANCETYPE ="Source Definition" TOFIELD ="CREATION_DATE_AND_TIME" TOINSTANCE ="SQ_STG_S4_GTID_COTSUM" TOINSTANCETYPE ="Source Qualifier"/>
        <CONNECTOR FROMFIELD ="LAST_CHANGED_BY" FROMINSTANCE ="STG_S4_GTID_COTSUM" FROMINSTANCETYPE ="Source Definition" TOFIELD ="LAST_CHANGED_BY" TOINSTANCE ="SQ_STG_S4_GTID_COTSUM" TOINSTANCETYPE ="Source Qualifier"/>
        <CONNECTOR FROMFIELD ="LAST_CHANGED_DATE_AND_TIME" FROMINSTANCE ="STG_S4_GTID_COTSUM" FROMINSTANCETYPE ="Source Definition" TOFIELD ="LAST_CHANGED_DATE_AND_TIME" TOINSTANCE ="SQ_STG_S4_GTID_COTSUM" TOINSTANCETYPE ="Source Qualifier"/>
        <CONNECTOR FROMFIELD ="CREATEDDATE" FROMINSTANCE ="STG_S4_GTID_COTSUM" FROMINSTANCETYPE ="Source Definition" TOFIELD ="CREATEDDATE" TOINSTANCE ="SQ_STG_S4_GTID_COTSUM" TOINSTANCETYPE ="Source Qualifier"/>
        <CONNECTOR FROMFIELD ="MODIFIEDDATE" FROMINSTANCE ="STG_S4_GTID_COTSUM" FROMINSTANCETYPE ="Source Definition" TOFIELD ="MODIFIEDDATE" TOINSTANCE ="SQ_STG_S4_GTID_COTSUM" TOINSTANCETYPE ="Source Qualifier"/>
        <CONNECTOR FROMFIELD ="CHANNEL_OF_TRADE" FROMINSTANCE ="STG_S4_GTID_COTSUM" FROMINSTANCETYPE ="Source Definition" TOFIELD ="CHANNEL_OF_TRADE" TOINSTANCE ="SQ_STG_S4_GTID_COTSUM" TOINSTANCETYPE ="Source Qualifier"/>
        <CONNECTOR FROMFIELD ="SUMMARY_CHANNEL_TRADE_GT_ID" FROMINSTANCE ="STG_S4_GTID_COTSUM" FROMINSTANCETYPE ="Source Definition" TOFIELD ="SUMMARY_CHANNEL_TRADE_GT_ID" TOINSTANCE ="SQ_STG_S4_GTID_COTSUM" TOINSTANCETYPE ="Source Qualifier"/>
        <CONNECTOR FROMFIELD ="DESPT_CHANNEL_TRADE_SUMMARY" FROMINSTANCE ="STG_S4_GTID_COTSUM" FROMINSTANCETYPE ="Source Definition" TOFIELD ="DESPT_CHANNEL_TRADE_SUMMARY" TOINSTANCE ="SQ_STG_S4_GTID_COTSUM" TOINSTANCETYPE ="Source Qualifier"/>
        <CONNECTOR FROMFIELD ="CREATED_BY" FROMINSTANCE ="STG_S4_GTID_COTSUM" FROMINSTANCETYPE ="Source Definition" TOFIELD ="CREATED_BY" TOINSTANCE ="SQ_STG_S4_GTID_COTSUM" TOINSTANCETYPE ="Source Qualifier"/>
        <CONNECTOR FROMFIELD ="CHANNEL_OF_TRADE" FROMINSTANCE ="SQ_STG_S4_GTID_COTSUM" FROMINSTANCETYPE ="Source Qualifier" TOFIELD ="CHANNEL_OF_TRADE" TOINSTANCE ="RTR_INS_UPD" TOINSTANCETYPE ="Router"/>
        <CONNECTOR FROMFIELD ="SUMMARY_CHANNEL_TRADE_GT_ID" FROMINSTANCE ="SQ_STG_S4_GTID_COTSUM" FROMINSTANCETYPE ="Source Qualifier" TOFIELD ="SUMMARY_CHANNEL_TRADE_GT_ID" TOINSTANCE ="RTR_INS_UPD" TOINSTANCETYPE ="Router"/>
        <CONNECTOR FROMFIELD ="DESPT_CHANNEL_TRADE_SUMMARY" FROMINSTANCE ="SQ_STG_S4_GTID_COTSUM" FROMINSTANCETYPE ="Source Qualifier" TOFIELD ="DESPT_CHANNEL_TRADE_SUMMARY" TOINSTANCE ="RTR_INS_UPD" TOINSTANCETYPE ="Router"/>
        <CONNECTOR FROMFIELD ="CREATED_BY" FROMINSTANCE ="SQ_STG_S4_GTID_COTSUM" FROMINSTANCETYPE ="Source Qualifier" TOFIELD ="CREATED_BY" TOINSTANCE ="RTR_INS_UPD" TOINSTANCETYPE ="Router"/>
        <CONNECTOR FROMFIELD ="CREATION_DATE_AND_TIME" FROMINSTANCE ="SQ_STG_S4_GTID_COTSUM" FROMINSTANCETYPE ="Source Qualifier" TOFIELD ="CREATION_DATE_AND_TIME" TOINSTANCE ="RTR_INS_UPD" TOINSTANCETYPE ="Router"/>
        <CONNECTOR FROMFIELD ="LAST_CHANGED_BY" FROMINSTANCE ="SQ_STG_S4_GTID_COTSUM" FROMINSTANCETYPE ="Source Qualifier" TOFIELD ="LAST_CHANGED_BY" TOINSTANCE ="RTR_INS_UPD" TOINSTANCETYPE ="Router"/>
        <CONNECTOR FROMFIELD ="LAST_CHANGED_DATE_AND_TIME" FROMINSTANCE ="SQ_STG_S4_GTID_COTSUM" FROMINSTANCETYPE ="Source Qualifier" TOFIELD ="LAST_CHANGED_DATE_AND_TIME" TOINSTANCE ="RTR_INS_UPD" TOINSTANCETYPE ="Router"/>
        <CONNECTOR FROMFIELD ="CREATEDDATE" FROMINSTANCE ="SQ_STG_S4_GTID_COTSUM" FROMINSTANCETYPE ="Source Qualifier" TOFIELD ="CREATEDDATE" TOINSTANCE ="RTR_INS_UPD" TOINSTANCETYPE ="Router"/>
        <CONNECTOR FROMFIELD ="MODIFIEDDATE" FROMINSTANCE ="SQ_STG_S4_GTID_COTSUM" FROMINSTANCETYPE ="Source Qualifier" TOFIELD ="MODIFIEDDATE" TOINSTANCE ="RTR_INS_UPD" TOINSTANCETYPE ="Router"/>
        <CONNECTOR FROMFIELD ="CHANNEL_OF_TRADE" FROMINSTANCE ="SQ_STG_S4_GTID_COTSUM" FROMINSTANCETYPE ="Source Qualifier" TOFIELD ="I_CHANNEL_OF_TRADE" TOINSTANCE ="LKP_STG_S4_GTID_COTSUM" TOINSTANCETYPE ="Lookup Procedure"/>
        <CONNECTOR FROMFIELD ="DESPT_CHANNEL_TRADE_SUMMARY3" FROMINSTANCE ="RTR_INS_UPD" FROMINSTANCETYPE ="Router" TOFIELD ="DESPT_CHANNEL_TRADE_SUMMARY3" TOINSTANCE ="UPD_UPDATE" TOINSTANCETYPE ="Update Strategy"/>
        <CONNECTOR FROMFIELD ="CREATED_BY3" FROMINSTANCE ="RTR_INS_UPD" FROMINSTANCETYPE ="Router" TOFIELD ="CREATED_BY3" TOINSTANCE ="UPD_UPDATE" TOINSTANCETYPE ="Update Strategy"/>
        <CONNECTOR FROMFIELD ="CREATION_DATE_AND_TIME3" FROMINSTANCE ="RTR_INS_UPD" FROMINSTANCETYPE ="Router" TOFIELD ="CREATION_DATE_AND_TIME3" TOINSTANCE ="UPD_UPDATE" TOINSTANCETYPE ="Update Strategy"/>
        <CONNECTOR FROMFIELD ="LAST_CHANGED_BY3" FROMINSTANCE ="RTR_INS_UPD" FROMINSTANCETYPE ="Router" TOFIELD ="LAST_CHANGED_BY3" TOINSTANCE ="UPD_UPDATE" TOINSTANCETYPE ="Update Strategy"/>
        <CONNECTOR FROMFIELD ="LAST_CHANGED_DATE_AND_TIME3" FROMINSTANCE ="RTR_INS_UPD" FROMINSTANCETYPE ="Router" TOFIELD ="LAST_CHANGED_DATE_AND_TIME3" TOINSTANCE ="UPD_UPDATE" TOINSTANCETYPE ="Update Strategy"/>
        <CONNECTOR FROMFIELD ="CREATEDDATE3" FROMINSTANCE ="RTR_INS_UPD" FROMINSTANCETYPE ="Router" TOFIELD ="CREATEDDATE3" TOINSTANCE ="UPD_UPDATE" TOINSTANCETYPE ="Update Strategy"/>
        <CONNECTOR FROMFIELD ="MODIFIEDDATE3" FROMINSTANCE ="RTR_INS_UPD" FROMINSTANCETYPE ="Router" TOFIELD ="MODIFIEDDATE3" TOINSTANCE ="UPD_UPDATE" TOINSTANCETYPE ="Update Strategy"/>
        <CONNECTOR FROMFIELD ="CHANNEL_OF_TRADE3" FROMINSTANCE ="RTR_INS_UPD" FROMINSTANCETYPE ="Router" TOFIELD ="CHANNEL_OF_TRADE3" TOINSTANCE ="UPD_UPDATE" TOINSTANCETYPE ="Update Strategy"/>
        <CONNECTOR FROMFIELD ="SUMMARY_CHANNEL_TRADE_GT_ID3" FROMINSTANCE ="RTR_INS_UPD" FROMINSTANCETYPE ="Router" TOFIELD ="SUMMARY_CHANNEL_TRADE_GT_ID3" TOINSTANCE ="UPD_UPDATE" TOINSTANCETYPE ="Update Strategy"/>
        <CONNECTOR FROMFIELD ="CHANNEL_OF_TRADE" FROMINSTANCE ="LKP_STG_S4_GTID_COTSUM" FROMINSTANCETYPE ="Lookup Procedure" TOFIELD ="I_CHANNEL_OF_TRADE" TOINSTANCE ="RTR_INS_UPD" TOINSTANCETYPE ="Router"/>
        <TARGETLOADORDER ORDER ="1" TARGETINSTANCE ="STG_S4_GTID_COTSUM_UPD"/>
        <TARGETLOADORDER ORDER ="1" TARGETINSTANCE ="STG_S4_GTID_COTSUM_INS"/>
        <ERPINFO/>
        <METADATAEXTENSION COMPONENTVERSION ="1000000" DATATYPE ="STRING" DESCRIPTION ="" DOMAINNAME ="User Defined Metadata Domain" ISCLIENTEDITABLE ="YES" ISCLIENTVISIBLE ="YES" ISREUSABLE ="NO" ISSHAREREAD ="NO" ISSHAREWRITE ="NO" MAXLENGTH ="256" NAME ="Extension" VALUE ="S4_Integration_STG_S4_GTID_COTSUM - v1.0" VENDORNAME ="INFORMATICA"/>
    </MAPPING>
    <CONFIG DESCRIPTION ="Default session configuration object" ISDEFAULT ="YES" NAME ="default_session_config" VERSIONNUMBER ="1">
        <ATTRIBUTE NAME ="Advanced" VALUE =""/>
        <ATTRIBUTE NAME ="Constraint based load ordering" VALUE ="NO"/>
        <ATTRIBUTE NAME ="Cache LOOKUP() function" VALUE ="YES"/>
        <ATTRIBUTE NAME ="Default buffer block size" VALUE ="Auto"/>
        <ATTRIBUTE NAME ="Line Sequential buffer length" VALUE ="1024"/>
        <ATTRIBUTE NAME ="Maximum Memory Allowed For Auto Memory Attributes" VALUE ="512MB"/>
        <ATTRIBUTE NAME ="Maximum Percentage of Total Memory Allowed For Auto Memory Attributes" VALUE ="5"/>
        <ATTRIBUTE NAME ="Additional Concurrent Pipelines for Lookup Cache Creation" VALUE ="Auto"/>
        <ATTRIBUTE NAME ="Custom Properties" VALUE =""/>
        <ATTRIBUTE NAME ="Pre-build lookup cache" VALUE ="Auto"/>
        <ATTRIBUTE NAME ="Optimization Level" VALUE ="Medium"/>
        <ATTRIBUTE NAME ="DateTime Format String" VALUE ="MM/DD/YYYY HH24:MI:SS.US"/>
        <ATTRIBUTE NAME ="Pre 85 Timestamp Compatibility" VALUE ="NO"/>
        <ATTRIBUTE NAME ="Log Options" VALUE ="0"/>
        <ATTRIBUTE NAME ="Save session log by" VALUE ="Session runs"/>
        <ATTRIBUTE NAME ="Save session log for these runs" VALUE ="9"/>
        <ATTRIBUTE NAME ="Session Log File Max Size" VALUE ="0"/>
        <ATTRIBUTE NAME ="Session Log File Max Time Period" VALUE ="0"/>
        <ATTRIBUTE NAME ="Maximum Partial Session Log Files" VALUE ="1"/>
        <ATTRIBUTE NAME ="Writer Commit Statistics Log Frequency" VALUE ="1"/>
        <ATTRIBUTE NAME ="Writer Commit Statistics Log Interval" VALUE ="0"/>
        <ATTRIBUTE NAME ="Error handling" VALUE =""/>
        <ATTRIBUTE NAME ="Stop on errors" VALUE ="1"/>
        <ATTRIBUTE NAME ="Override tracing" VALUE ="None"/>
        <ATTRIBUTE NAME ="On Stored Procedure error" VALUE ="Stop"/>
        <ATTRIBUTE NAME ="On Pre-session command task error" VALUE ="Stop"/>
        <ATTRIBUTE NAME ="On Pre-Post SQL error" VALUE ="Stop"/>
        <ATTRIBUTE NAME ="Enable Recovery" VALUE ="NO"/>
        <ATTRIBUTE NAME ="Error Log Type" VALUE ="None"/>
        <ATTRIBUTE NAME ="Error Log Table Name Prefix" VALUE =""/>
        <ATTRIBUTE NAME ="Error Log File Name" VALUE ="PMError.log"/>
        <ATTRIBUTE NAME ="Log Source Row Data" VALUE ="NO"/>
        <ATTRIBUTE NAME ="Data Column Delimiter" VALUE ="|"/>
        <ATTRIBUTE NAME ="Partitioning Options" VALUE =""/>
        <ATTRIBUTE NAME ="Dynamic Partitioning" VALUE ="Disabled"/>
        <ATTRIBUTE NAME ="Number of Partitions" VALUE ="1"/>
        <ATTRIBUTE NAME ="Multiplication Factor" VALUE ="Auto"/>
        <ATTRIBUTE NAME ="Session on Grid" VALUE =""/>
        <ATTRIBUTE NAME ="Is Enabled" VALUE ="NO"/>
    </CONFIG>
    <SESSION DESCRIPTION ="session loads the data from STAGING.STG_S4_GTID_COTSUM to HBIDW.dbo.STG_S4_GTID_COTSUM" ISVALID ="YES" MAPPINGNAME ="m_S4_INT_GTID_CTM" NAME ="s_m_S4_INT_GTID_CTM" REUSABLE ="YES" SORTORDER ="Binary" VERSIONNUMBER ="1">
        <SESSTRANSFORMATIONINST ISREPARTITIONPOINT ="YES" PARTITIONTYPE ="PASS THROUGH" PIPELINE ="1" SINSTANCENAME ="STG_S4_GTID_COTSUM_INS" STAGE ="1" TRANSFORMATIONNAME ="STG_S4_GTID_COTSUM_INS" TRANSFORMATIONTYPE ="Target Definition"/>
        <SESSTRANSFORMATIONINST ISREPARTITIONPOINT ="NO" PIPELINE ="0" SINSTANCENAME ="STG_S4_GTID_COTSUM" STAGE ="0" TRANSFORMATIONNAME ="STG_S4_GTID_COTSUM" TRANSFORMATIONTYPE ="Source Definition"/>
        <SESSTRANSFORMATIONINST ISREPARTITIONPOINT ="YES" PARTITIONTYPE ="PASS THROUGH" PIPELINE ="1" SINSTANCENAME ="SQ_STG_S4_GTID_COTSUM" STAGE ="2" TRANSFORMATIONNAME ="SQ_STG_S4_GTID_COTSUM" TRANSFORMATIONTYPE ="Source Qualifier"/>
        <SESSTRANSFORMATIONINST ISREPARTITIONPOINT ="NO" PIPELINE ="1" SINSTANCENAME ="LKP_STG_S4_GTID_COTSUM" STAGE ="2" TRANSFORMATIONNAME ="LKP_STG_S4_GTID_COTSUM" TRANSFORMATIONTYPE ="Lookup Procedure">
            <PARTITION DESCRIPTION ="" NAME ="Partition #1"/>
            <ATTRIBUTE NAME ="Connection Information" VALUE ="Relational:bisql1_hbidw"/>
        </SESSTRANSFORMATIONINST>
        <SESSTRANSFORMATIONINST ISREPARTITIONPOINT ="YES" PARTITIONTYPE ="PASS THROUGH" PIPELINE ="1" SINSTANCENAME ="STG_S4_GTID_COTSUM_UPD" STAGE ="3" TRANSFORMATIONNAME ="STG_S4_GTID_COTSUM_UPD" TRANSFORMATIONTYPE ="Target Definition"/>
        <SESSTRANSFORMATIONINST ISREPARTITIONPOINT ="NO" PIPELINE ="1" SINSTANCENAME ="RTR_INS_UPD" STAGE ="2" TRANSFORMATIONNAME ="RTR_INS_UPD" TRANSFORMATIONTYPE ="Router">
            <PARTITION DESCRIPTION ="" NAME ="Partition #1"/>
        </SESSTRANSFORMATIONINST>
        <SESSTRANSFORMATIONINST ISREPARTITIONPOINT ="NO" PIPELINE ="1" SINSTANCENAME ="UPD_UPDATE" STAGE ="2" TRANSFORMATIONNAME ="UPD_UPDATE" TRANSFORMATIONTYPE ="Update Strategy">
            <PARTITION DESCRIPTION ="" NAME ="Partition #1"/>
        </SESSTRANSFORMATIONINST>
        <CONFIGREFERENCE REFOBJECTNAME ="default_session_config" TYPE ="Session config"/>
        <SESSIONEXTENSION NAME ="Relational Writer" SINSTANCENAME ="STG_S4_GTID_COTSUM_INS" SUBTYPE ="Relational Writer" TRANSFORMATIONTYPE ="Target Definition" TYPE ="WRITER">
            <CONNECTIONREFERENCE CNXREFNAME ="DB Connection" CONNECTIONNAME ="bisql1_hbidw" CONNECTIONNUMBER ="1" CONNECTIONSUBTYPE ="Microsoft SQL Server" CONNECTIONTYPE ="Relational" VARIABLE =""/>
            <ATTRIBUTE NAME ="Target load type" VALUE ="Normal"/>
            <ATTRIBUTE NAME ="Insert" VALUE ="YES"/>
            <ATTRIBUTE NAME ="Update as Update" VALUE ="NO"/>
            <ATTRIBUTE NAME ="Update as Insert" VALUE ="NO"/>
            <ATTRIBUTE NAME ="Update else Insert" VALUE ="NO"/>
            <ATTRIBUTE NAME ="Delete" VALUE ="NO"/>
            <ATTRIBUTE NAME ="Truncate target table option" VALUE ="NO"/>
            <ATTRIBUTE NAME ="Reject file directory" VALUE ="$PMBadFileDir&#x5c;ONE_ON_ONE_OTC&#x5c;BAD&#x5c;"/>
            <ATTRIBUTE NAME ="Reject filename" VALUE ="s_m_STG_S4_GTID_COTSUM_INS.bad"/>
        </SESSIONEXTENSION>
        <SESSIONEXTENSION DSQINSTNAME ="SQ_STG_S4_GTID_COTSUM" DSQINSTTYPE ="Source Qualifier" NAME ="Relational Reader" SINSTANCENAME ="STG_S4_GTID_COTSUM" SUBTYPE ="Relational Reader" TRANSFORMATIONTYPE ="Source Definition" TYPE ="READER"/>
        <SESSIONEXTENSION NAME ="Relational Reader" SINSTANCENAME ="SQ_STG_S4_GTID_COTSUM" SUBTYPE ="Relational Reader" TRANSFORMATIONTYPE ="Source Qualifier" TYPE ="READER">
            <CONNECTIONREFERENCE CNXREFNAME ="DB Connection" CONNECTIONNAME ="SLBADW" CONNECTIONNUMBER ="1" CONNECTIONSUBTYPE ="Oracle" CONNECTIONTYPE ="Relational" VARIABLE =""/>
        </SESSIONEXTENSION>
        <SESSIONEXTENSION NAME ="Relational Lookup" SINSTANCENAME ="LKP_STG_S4_GTID_COTSUM" SUBTYPE ="Relational Lookup" TRANSFORMATIONTYPE ="Lookup Procedure" TYPE ="LOOKUPEXTENSION">
            <CONNECTIONREFERENCE CNXREFNAME ="DB Connection" CONNECTIONNAME ="bisql1_hbidw" CONNECTIONNUMBER ="1" CONNECTIONSUBTYPE ="Microsoft SQL Server" CONNECTIONTYPE ="Relational" VARIABLE =""/>
        </SESSIONEXTENSION>
        <SESSIONEXTENSION NAME ="Relational Writer" SINSTANCENAME ="STG_S4_GTID_COTSUM_UPD" SUBTYPE ="Relational Writer" TRANSFORMATIONTYPE ="Target Definition" TYPE ="WRITER">
            <CONNECTIONREFERENCE CNXREFNAME ="DB Connection" CONNECTIONNAME ="bisql1_hbidw" CONNECTIONNUMBER ="1" CONNECTIONSUBTYPE ="Microsoft SQL Server" CONNECTIONTYPE ="Relational" VARIABLE =""/>
            <ATTRIBUTE NAME ="Target load type" VALUE ="Normal"/>
            <ATTRIBUTE NAME ="Insert" VALUE ="NO"/>
            <ATTRIBUTE NAME ="Update as Update" VALUE ="YES"/>
            <ATTRIBUTE NAME ="Update as Insert" VALUE ="NO"/>
            <ATTRIBUTE NAME ="Update else Insert" VALUE ="NO"/>
            <ATTRIBUTE NAME ="Delete" VALUE ="NO"/>
            <ATTRIBUTE NAME ="Truncate target table option" VALUE ="NO"/>
            <ATTRIBUTE NAME ="Reject file directory" VALUE ="$PMBadFileDir&#x5c;ONE_ON_ONE_OTC&#x5c;BAD&#x5c;"/>
            <ATTRIBUTE NAME ="Reject filename" VALUE ="s_m_STG_S4_GTID_COTSUM_UPD.bad"/>
        </SESSIONEXTENSION>
        <ATTRIBUTE NAME ="General Options" VALUE =""/>
        <ATTRIBUTE NAME ="Write Backward Compatible Session Log File" VALUE ="YES"/>
        <ATTRIBUTE NAME ="Session Log File Name" VALUE ="s_m_S4_INT_GTID_CTM.log"/>
        <ATTRIBUTE NAME ="Session Log File directory" VALUE ="$PMSessionLogDir&#x5c;ONE_ON_ONE_OTC&#x5c;LOG&#x5c;"/>
        <ATTRIBUTE NAME ="Parameter Filename" VALUE =""/>
        <ATTRIBUTE NAME ="Enable Test Load" VALUE ="NO"/>
        <ATTRIBUTE NAME ="$Source connection value" VALUE =""/>
        <ATTRIBUTE NAME ="$Target connection value" VALUE =""/>
        <ATTRIBUTE NAME ="Treat source rows as" VALUE ="Data driven"/>
        <ATTRIBUTE NAME ="Commit Type" VALUE ="Target"/>
        <ATTRIBUTE NAME ="Commit Interval" VALUE ="10000"/>
        <ATTRIBUTE NAME ="Commit On End Of File" VALUE ="YES"/>
        <ATTRIBUTE NAME ="Rollback Transactions on Errors" VALUE ="NO"/>
        <ATTRIBUTE NAME ="Recovery Strategy" VALUE ="Restart task"/>
        <ATTRIBUTE NAME ="Java Classpath" VALUE =""/>
        <ATTRIBUTE NAME ="Performance" VALUE =""/>
        <ATTRIBUTE NAME ="DTM buffer size" VALUE ="Auto"/>
        <ATTRIBUTE NAME ="Collect performance data" VALUE ="NO"/>
        <ATTRIBUTE NAME ="Write performance data to repository" VALUE ="NO"/>
        <ATTRIBUTE NAME ="Incremental Aggregation" VALUE ="NO"/>
        <ATTRIBUTE NAME ="Enable high precision" VALUE ="NO"/>
        <ATTRIBUTE NAME ="Session retry on deadlock" VALUE ="NO"/>
        <ATTRIBUTE NAME ="Pushdown Optimization" VALUE ="None"/>
        <ATTRIBUTE NAME ="Allow Temporary View for Pushdown" VALUE ="NO"/>
        <ATTRIBUTE NAME ="Allow Temporary Sequence for Pushdown" VALUE ="NO"/>
        <ATTRIBUTE NAME ="Allow Pushdown for User Incompatible Connections" VALUE ="NO"/>
        <METADATAEXTENSION COMPONENTVERSION ="1000000" DATATYPE ="STRING" DESCRIPTION ="" DOMAINNAME ="User Defined Metadata Domain" ISCLIENTEDITABLE ="YES" ISCLIENTVISIBLE ="YES" ISREUSABLE ="NO" ISSHAREREAD ="NO" ISSHAREWRITE ="NO" MAXLENGTH ="256" NAME ="Extension" VALUE ="S4_Integration_STG_S4_GTID_COTSUM - v1.0" VENDORNAME ="INFORMATICA"/>
    </SESSION>
    <WORKFLOW DESCRIPTION ="WORKFLOW LoadS STAGING.STG_S4_GTID_COTSUM DATA INTO HBIDW.dbo.STG_S4_GTID_COTSUM TABLE" ISENABLED ="YES" ISRUNNABLESERVICE ="NO" ISSERVICE ="NO" ISVALID ="YES" NAME ="wf_s_m_S4_INT_GTID_CTM" REUSABLE_SCHEDULER ="NO" SCHEDULERNAME ="Scheduler" SERVERNAME ="Domain10_PRD_Int_Svc" SERVER_DOMAINNAME ="Domain10_PRD" SUSPEND_ON_ERROR ="NO" TASKS_MUST_RUN_ON_SERVER ="NO" VERSIONNUMBER ="1">
        <SCHEDULER DESCRIPTION ="" NAME ="Scheduler" REUSABLE ="NO" VERSIONNUMBER ="1">
            <SCHEDULEINFO SCHEDULETYPE ="ONDEMAND"/>
        </SCHEDULER>
        <TASK DESCRIPTION ="" NAME ="Start" REUSABLE ="NO" TYPE ="Start" VERSIONNUMBER ="1"/>
        <TASKINSTANCE DESCRIPTION ="session loads the data from STAGING.STG_S4_GTID_COTSUM to HBIDW.dbo.STG_S4_GTID_COTSUM" FAIL_PARENT_IF_INSTANCE_DID_NOT_RUN ="YES" FAIL_PARENT_IF_INSTANCE_FAILS ="YES" ISENABLED ="YES" NAME ="s_m_S4_INT_GTID_CTM" REUSABLE ="YES" TASKNAME ="s_m_S4_INT_GTID_CTM" TASKTYPE ="Session" TREAT_INPUTLINK_AS_AND ="NO"/>
        <TASKINSTANCE DESCRIPTION ="" ISENABLED ="YES" NAME ="Start" REUSABLE ="NO" TASKNAME ="Start" TASKTYPE ="Start"/>
        <WORKFLOWLINK CONDITION ="" FROMTASK ="Start" TOTASK ="s_m_S4_INT_GTID_CTM"/>
        <WORKFLOWVARIABLE DATATYPE ="date/time" DEFAULTVALUE ="" DESCRIPTION ="The time this task started" ISNULL ="NO" ISPERSISTENT ="NO" NAME ="$s_m_S4_INT_GTID_CTM.StartTime" USERDEFINED ="NO"/>
        <WORKFLOWVARIABLE DATATYPE ="date/time" DEFAULTVALUE ="" DESCRIPTION ="The time this task completed" ISNULL ="NO" ISPERSISTENT ="NO" NAME ="$s_m_S4_INT_GTID_CTM.EndTime" USERDEFINED ="NO"/>
        <WORKFLOWVARIABLE DATATYPE ="integer" DEFAULTVALUE ="" DESCRIPTION ="Status of this task&apos;s execution" ISNULL ="NO" ISPERSISTENT ="NO" NAME ="$s_m_S4_INT_GTID_CTM.Status" USERDEFINED ="NO"/>
        <WORKFLOWVARIABLE DATATYPE ="integer" DEFAULTVALUE ="" DESCRIPTION ="Status of the previous task that is not disabled" ISNULL ="NO" ISPERSISTENT ="NO" NAME ="$s_m_S4_INT_GTID_CTM.PrevTaskStatus" USERDEFINED ="NO"/>
        <WORKFLOWVARIABLE DATATYPE ="integer" DEFAULTVALUE ="" DESCRIPTION ="Error code for this task&apos;s execution" ISNULL ="NO" ISPERSISTENT ="NO" NAME ="$s_m_S4_INT_GTID_CTM.ErrorCode" USERDEFINED ="NO"/>
        <WORKFLOWVARIABLE DATATYPE ="string" DEFAULTVALUE ="" DESCRIPTION ="Error message for this task&apos;s execution" ISNULL ="NO" ISPERSISTENT ="NO" NAME ="$s_m_S4_INT_GTID_CTM.ErrorMsg" USERDEFINED ="NO"/>
        <WORKFLOWVARIABLE DATATYPE ="integer" DEFAULTVALUE ="" DESCRIPTION ="Rows successfully read" ISNULL ="NO" ISPERSISTENT ="NO" NAME ="$s_m_S4_INT_GTID_CTM.SrcSuccessRows" USERDEFINED ="NO"/>
        <WORKFLOWVARIABLE DATATYPE ="integer" DEFAULTVALUE ="" DESCRIPTION ="Rows failed to read" ISNULL ="NO" ISPERSISTENT ="NO" NAME ="$s_m_S4_INT_GTID_CTM.SrcFailedRows" USERDEFINED ="NO"/>
        <WORKFLOWVARIABLE DATATYPE ="integer" DEFAULTVALUE ="" DESCRIPTION ="Rows successfully loaded" ISNULL ="NO" ISPERSISTENT ="NO" NAME ="$s_m_S4_INT_GTID_CTM.TgtSuccessRows" USERDEFINED ="NO"/>
        <WORKFLOWVARIABLE DATATYPE ="integer" DEFAULTVALUE ="" DESCRIPTION ="Rows failed to load" ISNULL ="NO" ISPERSISTENT ="NO" NAME ="$s_m_S4_INT_GTID_CTM.TgtFailedRows" USERDEFINED ="NO"/>
        <WORKFLOWVARIABLE DATATYPE ="integer" DEFAULTVALUE ="" DESCRIPTION ="Total number of transformation errors" ISNULL ="NO" ISPERSISTENT ="NO" NAME ="$s_m_S4_INT_GTID_CTM.TotalTransErrors" USERDEFINED ="NO"/>
        <WORKFLOWVARIABLE DATATYPE ="integer" DEFAULTVALUE ="" DESCRIPTION ="First error code" ISNULL ="NO" ISPERSISTENT ="NO" NAME ="$s_m_S4_INT_GTID_CTM.FirstErrorCode" USERDEFINED ="NO"/>
        <WORKFLOWVARIABLE DATATYPE ="string" DEFAULTVALUE ="" DESCRIPTION ="First error message" ISNULL ="NO" ISPERSISTENT ="NO" NAME ="$s_m_S4_INT_GTID_CTM.FirstErrorMsg" USERDEFINED ="NO"/>
        <WORKFLOWVARIABLE DATATYPE ="date/time" DEFAULTVALUE ="" DESCRIPTION ="The time this task started" ISNULL ="NO" ISPERSISTENT ="NO" NAME ="$Start.StartTime" USERDEFINED ="NO"/>
        <WORKFLOWVARIABLE DATATYPE ="date/time" DEFAULTVALUE ="" DESCRIPTION ="The time this task completed" ISNULL ="NO" ISPERSISTENT ="NO" NAME ="$Start.EndTime" USERDEFINED ="NO"/>
        <WORKFLOWVARIABLE DATATYPE ="integer" DEFAULTVALUE ="" DESCRIPTION ="Status of this task&apos;s execution" ISNULL ="NO" ISPERSISTENT ="NO" NAME ="$Start.Status" USERDEFINED ="NO"/>
        <WORKFLOWVARIABLE DATATYPE ="integer" DEFAULTVALUE ="" DESCRIPTION ="Status of the previous task that is not disabled" ISNULL ="NO" ISPERSISTENT ="NO" NAME ="$Start.PrevTaskStatus" USERDEFINED ="NO"/>
        <WORKFLOWVARIABLE DATATYPE ="integer" DEFAULTVALUE ="" DESCRIPTION ="Error code for this task&apos;s execution" ISNULL ="NO" ISPERSISTENT ="NO" NAME ="$Start.ErrorCode" USERDEFINED ="NO"/>
        <WORKFLOWVARIABLE DATATYPE ="string" DEFAULTVALUE ="" DESCRIPTION ="Error message for this task&apos;s execution" ISNULL ="NO" ISPERSISTENT ="NO" NAME ="$Start.ErrorMsg" USERDEFINED ="NO"/>
        <ATTRIBUTE NAME ="Parameter Filename" VALUE =""/>
        <ATTRIBUTE NAME ="Write Backward Compatible Workflow Log File" VALUE ="YES"/>
        <ATTRIBUTE NAME ="Workflow Log File Name" VALUE ="wf_s_m_S4_INT_GTID_CTM.log"/>
        <ATTRIBUTE NAME ="Workflow Log File Directory" VALUE ="$PMWorkflowLogDir&#x5c;ONE_ON_ONE_OTC&#x5c;LOG&#x5c;"/>
        <ATTRIBUTE NAME ="Save Workflow log by" VALUE ="By runs"/>
        <ATTRIBUTE NAME ="Save workflow log for these runs" VALUE ="9"/>
        <ATTRIBUTE NAME ="Service Name" VALUE =""/>
        <ATTRIBUTE NAME ="Service Timeout" VALUE ="0"/>
        <ATTRIBUTE NAME ="Is Service Visible" VALUE ="NO"/>
        <ATTRIBUTE NAME ="Is Service Protected" VALUE ="NO"/>
        <ATTRIBUTE NAME ="Fail task after wait time" VALUE ="0"/>
        <ATTRIBUTE NAME ="Enable HA recovery" VALUE ="NO"/>
        <ATTRIBUTE NAME ="Automatically recover terminated tasks" VALUE ="NO"/>
        <ATTRIBUTE NAME ="Service Level Name" VALUE ="Default"/>
        <ATTRIBUTE NAME ="Allow concurrent run with unique run instance name" VALUE ="NO"/>
        <ATTRIBUTE NAME ="Allow concurrent run with same run instance name" VALUE ="NO"/>
        <ATTRIBUTE NAME ="Maximum number of concurrent runs" VALUE ="0"/>
        <ATTRIBUTE NAME ="Assigned Web Services Hubs" VALUE =""/>
        <ATTRIBUTE NAME ="Maximum number of concurrent runs per Hub" VALUE ="1000"/>
        <ATTRIBUTE NAME ="Expected Service Time" VALUE ="1"/>
        <METADATAEXTENSION COMPONENTVERSION ="1000000" DATATYPE ="STRING" DESCRIPTION ="" DOMAINNAME ="User Defined Metadata Domain" ISCLIENTEDITABLE ="YES" ISCLIENTVISIBLE ="YES" ISREUSABLE ="NO" ISSHAREREAD ="NO" ISSHAREWRITE ="NO" MAXLENGTH ="256" NAME ="Extension" VALUE ="S4_Integration_STG_S4_GTID_COTSUM - v1.0" VENDORNAME ="INFORMATICA"/>
    </WORKFLOW>
</FOLDER>
</REPOSITORY>
</POWERMART>