<?xml version="1.0" encoding="Windows-1252"?>
<!DOCTYPE POWERMART SYSTEM "powrmart.dtd">
<POWERMART CREATION_DATE="05/20/2024 10:28:39" REPOSITORY_VERSION="187.96">
<REPOSITORY NAME="Domain10_Rep_Svc_Prd" VERSION="187" CODEPAGE="MS1252" DATABASETYPE="Microsoft SQL Server">
<FOLDER NAME="ONE_ON_ONE_OTC" GROUP="" OWNER="Administrator" SHARED="NOTSHARED" DESCRIPTION="" PERMISSIONS="rwx---r--" UUID="8627c2fd-2fe8-4f83-88bf-e34259bd5762">
    <SOURCE BUSINESSNAME ="" DATABASETYPE ="Oracle" DBDNAME ="slbadw" DESCRIPTION ="" NAME ="SAP_PROCESS_TABLE" OBJECTVERSION ="1" OWNERNAME ="SLBA" VERSIONNUMBER ="1">
        <SOURCEFIELD BUSINESSNAME ="" DATATYPE ="varchar2" DESCRIPTION ="" FIELDNUMBER ="1" FIELDPROPERTY ="0" FIELDTYPE ="ELEMITEM" HIDDEN ="NO" KEYTYPE ="NOT A KEY" LENGTH ="0" LEVEL ="0" NAME ="DIVISION_GROUP" NULLABLE ="NULL" OCCURS ="0" OFFSET ="0" PHYSICALLENGTH ="4" PHYSICALOFFSET ="0" PICTURETEXT ="" PRECISION ="4" SCALE ="0" USAGE_FLAGS =""/>
        <SOURCEFIELD BUSINESSNAME ="" DATATYPE ="varchar2" DESCRIPTION ="" FIELDNUMBER ="2" FIELDPROPERTY ="0" FIELDTYPE ="ELEMITEM" HIDDEN ="NO" KEYTYPE ="NOT A KEY" LENGTH ="0" LEVEL ="0" NAME ="COMPANY_CODE" NULLABLE ="NULL" OCCURS ="0" OFFSET ="0" PHYSICALLENGTH ="2" PHYSICALOFFSET ="4" PICTURETEXT ="" PRECISION ="2" SCALE ="0" USAGE_FLAGS =""/>
        <SOURCEFIELD BUSINESSNAME ="" DATATYPE ="varchar2" DESCRIPTION ="" FIELDNUMBER ="3" FIELDPROPERTY ="0" FIELDTYPE ="ELEMITEM" HIDDEN ="NO" KEYTYPE ="NOT A KEY" LENGTH ="0" LEVEL ="0" NAME ="TS_DIV_CDE" NULLABLE ="NULL" OCCURS ="0" OFFSET ="0" PHYSICALLENGTH ="2" PHYSICALOFFSET ="6" PICTURETEXT ="" PRECISION ="2" SCALE ="0" USAGE_FLAGS =""/>
    </SOURCE>
    <TARGET BUSINESSNAME ="" CONSTRAINT ="" DATABASETYPE ="Flat File" DESCRIPTION ="" NAME ="SAP_DIVISIONS" OBJECTVERSION ="1" TABLEOPTIONS ="" VERSIONNUMBER ="1">
        <FLATFILE CODEPAGE ="MS1252" CONSECDELIMITERSASONE ="NO" DELIMITED ="YES" DELIMITERS ="," ESCAPE_CHARACTER ="" KEEPESCAPECHAR ="NO" LINESEQUENTIAL ="NO" MULTIDELIMITERSASAND ="NO" NULLCHARTYPE ="ASCII" NULL_CHARACTER ="*" PADBYTES ="1" QUOTE_CHARACTER ="SINGLE" REPEATABLE ="NO" ROWDELIMITER ="0" SKIPROWS ="0" STRIPTRAILINGBLANKS ="NO"/>
        <TARGETFIELD BUSINESSNAME ="" DATATYPE ="string" DESCRIPTION ="" FIELDNUMBER ="1" KEYTYPE ="NOT A KEY" NAME ="DIVISION_CODES" NULLABLE ="NULL" PICTURETEXT ="" PRECISION ="10000" SCALE ="0"/>
        <TABLEATTRIBUTE NAME ="Datetime Format" VALUE ="A  19 mm/dd/yyyy hh24:mi:ss"/>
        <TABLEATTRIBUTE NAME ="Thousand Separator" VALUE ="None"/>
        <TABLEATTRIBUTE NAME ="Decimal Separator" VALUE ="."/>
        <TABLEATTRIBUTE NAME ="Line Endings" VALUE ="System default"/>
    </TARGET>
    <MAPPING DESCRIPTION ="This mapping loads the ts_division_codes from sap_process_table to parameter file" ISVALID ="YES" NAME ="m_S4_SAP_DIVISIONS" OBJECTVERSION ="1" VERSIONNUMBER ="1">
        <TRANSFORMATION DESCRIPTION ="Lookup is to get Fiscal_year and period for the current date" NAME ="LKP_DAY_DIMENSION" OBJECTVERSION ="1" REUSABLE ="NO" TYPE ="Lookup Procedure" VERSIONNUMBER ="1">
            <TRANSFORMFIELD DATATYPE ="date/time" DEFAULTVALUE ="" DESCRIPTION ="" NAME ="DAY_DATE" PICTURETEXT ="" PORTTYPE ="LOOKUP" PRECISION ="29" SCALE ="9"/>
            <TRANSFORMFIELD DATATYPE ="string" DEFAULTVALUE ="" DESCRIPTION ="" NAME ="CY_YEAR_YYYY" PICTURETEXT ="" PORTTYPE ="LOOKUP/RETURN/OUTPUT" PRECISION ="4" SCALE ="0"/>
            <TRANSFORMFIELD DATATYPE ="string" DEFAULTVALUE ="" DESCRIPTION ="" NAME ="CY_MONTH_NUM" PICTURETEXT ="" PORTTYPE ="LOOKUP/OUTPUT" PRECISION ="2" SCALE ="0"/>
            <TRANSFORMFIELD DATATYPE ="string" DEFAULTVALUE ="" DESCRIPTION ="" NAME ="LAST_YEAR" PICTURETEXT ="" PORTTYPE ="LOOKUP/OUTPUT" PRECISION ="4" SCALE ="0"/>
            <TRANSFORMFIELD DATATYPE ="string" DEFAULTVALUE ="" DESCRIPTION ="" NAME ="PREV_YYYY" PICTURETEXT ="" PORTTYPE ="LOOKUP/OUTPUT" PRECISION ="4" SCALE ="0"/>
            <TRANSFORMFIELD DATATYPE ="string" DEFAULTVALUE ="" DESCRIPTION ="" NAME ="PREV_MONTH_NUM" PICTURETEXT ="" PORTTYPE ="LOOKUP/OUTPUT" PRECISION ="2" SCALE ="0"/>
            <TRANSFORMFIELD DATATYPE ="date/time" DEFAULTVALUE ="" DESCRIPTION ="" NAME ="IN_DAY_DATE" PICTURETEXT ="" PORTTYPE ="INPUT" PRECISION ="29" SCALE ="9"/>
            <TABLEATTRIBUTE NAME ="Lookup Sql Override" VALUE ="SELECT DAY_DATE as DAY_DATE,CY_YEAR_YYYY AS CY_YEAR_YYYY,CY_MONTH_NUM AS CY_MONTH_NUM,(cy_year_yyyy-1) as LAST_YEAR,&#xD;&#xA;case when cy_month_num = &apos;1&apos; then to_number(cy_year_yyyy-1) else to_number(cy_year_yyyy) end  as PREV_YYYY,&#xD;&#xA;case when cy_month_num = &apos;1&apos; then 12 else to_number(cy_month_num-1) end  AS PREV_MONTH_NUM&#xD;&#xA;FROM SLBA.DAY_DIMENSION WHERE DAY_DATE=TRUNC(SYSDATE)"/>
            <TABLEATTRIBUTE NAME ="Lookup table name" VALUE ="DAY_DIMENSION"/>
            <TABLEATTRIBUTE NAME ="Lookup Source Filter" VALUE =""/>
            <TABLEATTRIBUTE NAME ="Lookup caching enabled" VALUE ="YES"/>
            <TABLEATTRIBUTE NAME ="Lookup policy on multiple match" VALUE ="Use Any Value"/>
            <TABLEATTRIBUTE NAME ="Lookup condition" VALUE ="DAY_DATE = IN_DAY_DATE"/>
            <TABLEATTRIBUTE NAME ="Connection Information" VALUE ="$Source"/>
            <TABLEATTRIBUTE NAME ="Source Type" VALUE ="Database"/>
            <TABLEATTRIBUTE NAME ="Recache if Stale" VALUE ="NO"/>
            <TABLEATTRIBUTE NAME ="Tracing Level" VALUE ="Normal"/>
            <TABLEATTRIBUTE NAME ="Lookup cache directory name" VALUE ="$PMCacheDir"/>
            <TABLEATTRIBUTE NAME ="Lookup cache initialize" VALUE ="NO"/>
            <TABLEATTRIBUTE NAME ="Lookup cache persistent" VALUE ="NO"/>
            <TABLEATTRIBUTE NAME ="Lookup Data Cache Size" VALUE ="Auto"/>
            <TABLEATTRIBUTE NAME ="Lookup Index Cache Size" VALUE ="Auto"/>
            <TABLEATTRIBUTE NAME ="Dynamic Lookup Cache" VALUE ="NO"/>
            <TABLEATTRIBUTE NAME ="Synchronize Dynamic Cache" VALUE ="NO"/>
            <TABLEATTRIBUTE NAME ="Output Old Value On Update" VALUE ="NO"/>
            <TABLEATTRIBUTE NAME ="Update Dynamic Cache Condition" VALUE ="TRUE"/>
            <TABLEATTRIBUTE NAME ="Cache File Name Prefix" VALUE =""/>
            <TABLEATTRIBUTE NAME ="Re-cache from lookup source" VALUE ="NO"/>
            <TABLEATTRIBUTE NAME ="Insert Else Update" VALUE ="NO"/>
            <TABLEATTRIBUTE NAME ="Update Else Insert" VALUE ="NO"/>
            <TABLEATTRIBUTE NAME ="Datetime Format" VALUE =""/>
            <TABLEATTRIBUTE NAME ="Thousand Separator" VALUE ="None"/>
            <TABLEATTRIBUTE NAME ="Decimal Separator" VALUE ="."/>
            <TABLEATTRIBUTE NAME ="Case Sensitive String Comparison" VALUE ="NO"/>
            <TABLEATTRIBUTE NAME ="Null ordering" VALUE ="Null Is Highest Value"/>
            <TABLEATTRIBUTE NAME ="Sorted Input" VALUE ="NO"/>
            <TABLEATTRIBUTE NAME ="Lookup source is static" VALUE ="NO"/>
            <TABLEATTRIBUTE NAME ="Pre-build lookup cache" VALUE ="Auto"/>
            <TABLEATTRIBUTE NAME ="Subsecond Precision" VALUE ="6"/>
        </TRANSFORMATION>
        <TRANSFORMATION DESCRIPTION ="This transformation retrieved the disticnt TS_DIVISION_CODES from SAP_PROCESS_TABLE" NAME ="SQ_SAP_PROCESS_TABLE" OBJECTVERSION ="1" REUSABLE ="NO" TYPE ="Source Qualifier" VERSIONNUMBER ="1">
            <TRANSFORMFIELD DATATYPE ="string" DEFAULTVALUE ="" DESCRIPTION ="" NAME ="TS_DIV_CDE" PICTURETEXT ="" PORTTYPE ="INPUT/OUTPUT" PRECISION ="2" SCALE ="0"/>
            <TABLEATTRIBUTE NAME ="Sql Query" VALUE ="SELECT distinct SAP_PROCESS_TABLE.TS_DIV_CDE &#xD;&#xA;FROM&#xD;&#xA; SAP_PROCESS_TABLE&#xD;&#xA;WHERE SAP_PROCESS_TABLE.DIVISION_GROUP!=&apos;--&apos;&#xD;&#xA;AND UPPER(TS_DIV_CDE) &lt;&gt; &apos;EU&apos;"/>
            <TABLEATTRIBUTE NAME ="User Defined Join" VALUE =""/>
            <TABLEATTRIBUTE NAME ="Source Filter" VALUE =""/>
            <TABLEATTRIBUTE NAME ="Number Of Sorted Ports" VALUE ="0"/>
            <TABLEATTRIBUTE NAME ="Tracing Level" VALUE ="Normal"/>
            <TABLEATTRIBUTE NAME ="Select Distinct" VALUE ="NO"/>
            <TABLEATTRIBUTE NAME ="Is Partitionable" VALUE ="NO"/>
            <TABLEATTRIBUTE NAME ="Pre SQL" VALUE =""/>
            <TABLEATTRIBUTE NAME ="Post SQL" VALUE =""/>
            <TABLEATTRIBUTE NAME ="Output is deterministic" VALUE ="NO"/>
            <TABLEATTRIBUTE NAME ="Output is repeatable" VALUE ="Never"/>
        </TRANSFORMATION>
        <TRANSFORMATION DESCRIPTION ="This aggregator gets the minimum value" NAME ="AGG_SAP_DIVI" OBJECTVERSION ="1" REUSABLE ="NO" TYPE ="Aggregator" VERSIONNUMBER ="1">
            <TRANSFORMFIELD DATATYPE ="string" DEFAULTVALUE ="" DESCRIPTION ="" NAME ="I_TS_DIV_CDE" PICTURETEXT ="" PORTTYPE ="INPUT" PRECISION ="1000" SCALE ="0"/>
            <TRANSFORMFIELD DATATYPE ="string" DEFAULTVALUE ="" DESCRIPTION ="" NAME ="I_DIV_GRP" PICTURETEXT ="" PORTTYPE ="INPUT" PRECISION ="100" SCALE ="0"/>
            <TRANSFORMFIELD DATATYPE ="string" DEFAULTVALUE ="" DESCRIPTION ="" NAME ="I_GLOBAL" PICTURETEXT ="" PORTTYPE ="INPUT" PRECISION ="10" SCALE ="0"/>
            <TRANSFORMFIELD DATATYPE ="string" DEFAULTVALUE ="ERROR(&apos;transformation error&apos;)" DESCRIPTION ="" EXPRESSION ="I_GLOBAL||CHR(10)||I_TS_DIV_CDE||CHR(10)||I_DIV_GRP&#xD;&#xA;&#xD;&#xA;&#xD;&#xA;--SESSION_NAME||CHR(10)||MIN(I_TS_DIV_CDE)||CHR(10)|--|MAPPLET_DESC||CHR(10)||SESSION_NAME_CUR||CHR(10)||MIN(I_TS_DIV_CDE)||CHR(10)||MAPPLET_DESC||CHR(10)||&#xD;&#xA;--SESSION_NAME_PREV||CHR(10)||MIN(I_TS_DIV_CDE)--||CHR(10)||MAPPLET_DESC" EXPRESSIONTYPE ="GENERAL" NAME ="O_TS_DIV_CDE" PICTURETEXT ="" PORTTYPE ="OUTPUT" PRECISION ="10000" SCALE ="0"/>
            <TRANSFORMFIELD DATATYPE ="date/time" DEFAULTVALUE ="ERROR(&apos;transformation error&apos;)" DESCRIPTION ="" EXPRESSION ="TRUNC(SYSDATE)" EXPRESSIONTYPE ="GENERAL" NAME ="O_DAY_DATE" PICTURETEXT ="" PORTTYPE ="OUTPUT" PRECISION ="29" SCALE ="9"/>
            <TABLEATTRIBUTE NAME ="Cache Directory" VALUE ="$PMCacheDir"/>
            <TABLEATTRIBUTE NAME ="Tracing Level" VALUE ="Normal"/>
            <TABLEATTRIBUTE NAME ="Sorted Input" VALUE ="NO"/>
            <TABLEATTRIBUTE NAME ="Aggregator Data Cache Size" VALUE ="Auto"/>
            <TABLEATTRIBUTE NAME ="Aggregator Index Cache Size" VALUE ="Auto"/>
            <TABLEATTRIBUTE NAME ="Transformation Scope" VALUE ="All Input"/>
        </TRANSFORMATION>
        <TRANSFORMATION DESCRIPTION ="Expression is to include day details into that 1 row" NAME ="EXP_DAY_DIMENSION" OBJECTVERSION ="1" REUSABLE ="NO" TYPE ="Expression" VERSIONNUMBER ="1">
            <TRANSFORMFIELD DATATYPE ="string" DEFAULTVALUE ="" DESCRIPTION ="" NAME ="I_CY_YEAR_YYYY" PICTURETEXT ="" PORTTYPE ="INPUT" PRECISION ="4" SCALE ="0"/>
            <TRANSFORMFIELD DATATYPE ="string" DEFAULTVALUE ="" DESCRIPTION ="" NAME ="I_CY_MONTH_NUM" PICTURETEXT ="" PORTTYPE ="INPUT" PRECISION ="2" SCALE ="0"/>
            <TRANSFORMFIELD DATATYPE ="string" DEFAULTVALUE ="" DESCRIPTION ="" NAME ="I_LAST_YEAR" PICTURETEXT ="" PORTTYPE ="INPUT" PRECISION ="4" SCALE ="0"/>
            <TRANSFORMFIELD DATATYPE ="string" DEFAULTVALUE ="" DESCRIPTION ="" NAME ="I_PREV_YYYY" PICTURETEXT ="" PORTTYPE ="INPUT" PRECISION ="4" SCALE ="0"/>
            <TRANSFORMFIELD DATATYPE ="string" DEFAULTVALUE ="" DESCRIPTION ="" NAME ="I_PREV_MONTH_NUM" PICTURETEXT ="" PORTTYPE ="INPUT" PRECISION ="2" SCALE ="0"/>
            <TRANSFORMFIELD DATATYPE ="string" DEFAULTVALUE ="" DESCRIPTION ="" NAME ="I_TS_DIV_CDE" PICTURETEXT ="" PORTTYPE ="INPUT" PRECISION ="10000" SCALE ="0"/>
            <TRANSFORMFIELD DATATYPE ="string" DEFAULTVALUE ="ERROR(&apos;transformation error&apos;)" DESCRIPTION ="" EXPRESSION ="I_TS_DIV_CDE||CHR(10)||&apos;$$FISCAL_YEAR=&apos;||I_CY_YEAR_YYYY||CHR(10)||&apos;$$FISCAL_PERIOD=&apos;||I_CY_MONTH_NUM||CHR(10)||&apos;$$PRIOR_PD_YEAR=&apos;||I_PREV_YYYY||CHR(10)||&apos;$$PRIOR_PERIOD=&apos;||I_PREV_MONTH_NUM||CHR(10)||&apos;$$LAST_YEAR=&apos;||I_LAST_YEAR" EXPRESSIONTYPE ="GENERAL" NAME ="O_TS_DIV_CDE" PICTURETEXT ="" PORTTYPE ="OUTPUT" PRECISION ="10000" SCALE ="0"/>
            <TABLEATTRIBUTE NAME ="Tracing Level" VALUE ="Normal"/>
        </TRANSFORMATION>
        <TRANSFORMATION DESCRIPTION ="This transformation convert the rows  in 1 column " NAME ="EXP_SAP_DIVI" OBJECTVERSION ="1" REUSABLE ="NO" TYPE ="Expression" VERSIONNUMBER ="1">
            <TRANSFORMFIELD DATATYPE ="string" DEFAULTVALUE ="" DESCRIPTION ="" NAME ="I_TS_DIV_CDE" PICTURETEXT ="" PORTTYPE ="INPUT" PRECISION ="2" SCALE ="0"/>
            <TRANSFORMFIELD DATATYPE ="string" DEFAULTVALUE ="" DESCRIPTION ="" EXPRESSION ="IIF(NOT ISNULL(I_TS_DIV_CDE),I_TS_DIV_CDE||chr(39)||&apos;,&apos;||chr(39)||V_TS_DIV_CDE_CALC,&apos;X&apos; )" EXPRESSIONTYPE ="GENERAL" NAME ="V_TS_DIV_CDE_CALC" PICTURETEXT ="" PORTTYPE ="LOCAL VARIABLE" PRECISION ="1000" SCALE ="0"/>
            <TRANSFORMFIELD DATATYPE ="string" DEFAULTVALUE ="" DESCRIPTION ="" EXPRESSION ="&apos;$$DIVISIONS=&apos;||CHR(39)||SUBSTR(V_TS_DIV_CDE_CALC,1,LENGTH(V_TS_DIV_CDE_CALC)-2)" EXPRESSIONTYPE ="GENERAL" NAME ="V_TS_DIV_CDE" PICTURETEXT ="" PORTTYPE ="LOCAL VARIABLE" PRECISION ="1000" SCALE ="0"/>
            <TRANSFORMFIELD DATATYPE ="string" DEFAULTVALUE ="" DESCRIPTION ="" EXPRESSION ="V_TS_DIV_CDE" EXPRESSIONTYPE ="GENERAL" NAME ="O_TS_DIV_CDE" PICTURETEXT ="" PORTTYPE ="OUTPUT" PRECISION ="1000" SCALE ="0"/>
            <TRANSFORMFIELD DATATYPE ="string" DEFAULTVALUE ="ERROR(&apos;transformation error&apos;)" DESCRIPTION ="" EXPRESSION ="&apos;$$DIVISION_GROUP=&apos;||CHR(39)||&apos;S4&apos;||CHR(39)" EXPRESSIONTYPE ="GENERAL" NAME ="O_DIV_GRP" PICTURETEXT ="" PORTTYPE ="OUTPUT" PRECISION ="100" SCALE ="0"/>
            <TRANSFORMFIELD DATATYPE ="string" DEFAULTVALUE ="ERROR(&apos;transformation error&apos;)" DESCRIPTION ="" EXPRESSION ="&apos;[global]&apos;" EXPRESSIONTYPE ="GENERAL" NAME ="O_GLOBAL" PICTURETEXT ="" PORTTYPE ="OUTPUT" PRECISION ="10" SCALE ="0"/>
            <TABLEATTRIBUTE NAME ="Tracing Level" VALUE ="Normal"/>
        </TRANSFORMATION>
        <INSTANCE DESCRIPTION ="Target flat file which is used as a flat file" NAME ="SAP_DIVISIONS" TRANSFORMATION_NAME ="SAP_DIVISIONS" TRANSFORMATION_TYPE ="Target Definition" TYPE ="TARGET"/>
        <INSTANCE DBDNAME ="slbadw" DESCRIPTION ="Source Definition" NAME ="SAP_PROCESS_TABLE" TRANSFORMATION_NAME ="SAP_PROCESS_TABLE" TRANSFORMATION_TYPE ="Source Definition" TYPE ="SOURCE"/>
        <INSTANCE DESCRIPTION ="Lookup is to get Fiscal_year and period for the current date" NAME ="LKP_DAY_DIMENSION" REUSABLE ="NO" TRANSFORMATION_NAME ="LKP_DAY_DIMENSION" TRANSFORMATION_TYPE ="Lookup Procedure" TYPE ="TRANSFORMATION"/>
        <INSTANCE DESCRIPTION ="This transformation retrieved the disticnt TS_DIVISION_CODES from SAP_PROCESS_TABLE" NAME ="SQ_SAP_PROCESS_TABLE" REUSABLE ="NO" TRANSFORMATION_NAME ="SQ_SAP_PROCESS_TABLE" TRANSFORMATION_TYPE ="Source Qualifier" TYPE ="TRANSFORMATION">
            <ASSOCIATED_SOURCE_INSTANCE NAME ="SAP_PROCESS_TABLE"/>
        </INSTANCE>
        <INSTANCE DESCRIPTION ="This aggregator gets the minimum value" NAME ="AGG_SAP_DIVI" REUSABLE ="NO" TRANSFORMATION_NAME ="AGG_SAP_DIVI" TRANSFORMATION_TYPE ="Aggregator" TYPE ="TRANSFORMATION"/>
        <INSTANCE DESCRIPTION ="Expression is to include day details into that 1 row" NAME ="EXP_DAY_DIMENSION" REUSABLE ="NO" TRANSFORMATION_NAME ="EXP_DAY_DIMENSION" TRANSFORMATION_TYPE ="Expression" TYPE ="TRANSFORMATION"/>
        <INSTANCE DESCRIPTION ="This transformation convert the rows  in 1 column " NAME ="EXP_SAP_DIVI" REUSABLE ="NO" TRANSFORMATION_NAME ="EXP_SAP_DIVI" TRANSFORMATION_TYPE ="Expression" TYPE ="TRANSFORMATION"/>
        <CONNECTOR FROMFIELD ="O_TS_DIV_CDE" FROMINSTANCE ="EXP_DAY_DIMENSION" FROMINSTANCETYPE ="Expression" TOFIELD ="DIVISION_CODES" TOINSTANCE ="SAP_DIVISIONS" TOINSTANCETYPE ="Target Definition"/>
        <CONNECTOR FROMFIELD ="TS_DIV_CDE" FROMINSTANCE ="SAP_PROCESS_TABLE" FROMINSTANCETYPE ="Source Definition" TOFIELD ="TS_DIV_CDE" TOINSTANCE ="SQ_SAP_PROCESS_TABLE" TOINSTANCETYPE ="Source Qualifier"/>
        <CONNECTOR FROMFIELD ="CY_YEAR_YYYY" FROMINSTANCE ="LKP_DAY_DIMENSION" FROMINSTANCETYPE ="Lookup Procedure" TOFIELD ="I_CY_YEAR_YYYY" TOINSTANCE ="EXP_DAY_DIMENSION" TOINSTANCETYPE ="Expression"/>
        <CONNECTOR FROMFIELD ="CY_MONTH_NUM" FROMINSTANCE ="LKP_DAY_DIMENSION" FROMINSTANCETYPE ="Lookup Procedure" TOFIELD ="I_CY_MONTH_NUM" TOINSTANCE ="EXP_DAY_DIMENSION" TOINSTANCETYPE ="Expression"/>
        <CONNECTOR FROMFIELD ="PREV_YYYY" FROMINSTANCE ="LKP_DAY_DIMENSION" FROMINSTANCETYPE ="Lookup Procedure" TOFIELD ="I_PREV_YYYY" TOINSTANCE ="EXP_DAY_DIMENSION" TOINSTANCETYPE ="Expression"/>
        <CONNECTOR FROMFIELD ="PREV_MONTH_NUM" FROMINSTANCE ="LKP_DAY_DIMENSION" FROMINSTANCETYPE ="Lookup Procedure" TOFIELD ="I_PREV_MONTH_NUM" TOINSTANCE ="EXP_DAY_DIMENSION" TOINSTANCETYPE ="Expression"/>
        <CONNECTOR FROMFIELD ="LAST_YEAR" FROMINSTANCE ="LKP_DAY_DIMENSION" FROMINSTANCETYPE ="Lookup Procedure" TOFIELD ="I_LAST_YEAR" TOINSTANCE ="EXP_DAY_DIMENSION" TOINSTANCETYPE ="Expression"/>
        <CONNECTOR FROMFIELD ="O_DAY_DATE" FROMINSTANCE ="AGG_SAP_DIVI" FROMINSTANCETYPE ="Aggregator" TOFIELD ="IN_DAY_DATE" TOINSTANCE ="LKP_DAY_DIMENSION" TOINSTANCETYPE ="Lookup Procedure"/>
        <CONNECTOR FROMFIELD ="TS_DIV_CDE" FROMINSTANCE ="SQ_SAP_PROCESS_TABLE" FROMINSTANCETYPE ="Source Qualifier" TOFIELD ="I_TS_DIV_CDE" TOINSTANCE ="EXP_SAP_DIVI" TOINSTANCETYPE ="Expression"/>
        <CONNECTOR FROMFIELD ="O_TS_DIV_CDE" FROMINSTANCE ="AGG_SAP_DIVI" FROMINSTANCETYPE ="Aggregator" TOFIELD ="I_TS_DIV_CDE" TOINSTANCE ="EXP_DAY_DIMENSION" TOINSTANCETYPE ="Expression"/>
        <CONNECTOR FROMFIELD ="O_TS_DIV_CDE" FROMINSTANCE ="EXP_SAP_DIVI" FROMINSTANCETYPE ="Expression" TOFIELD ="I_TS_DIV_CDE" TOINSTANCE ="AGG_SAP_DIVI" TOINSTANCETYPE ="Aggregator"/>
        <CONNECTOR FROMFIELD ="O_GLOBAL" FROMINSTANCE ="EXP_SAP_DIVI" FROMINSTANCETYPE ="Expression" TOFIELD ="I_GLOBAL" TOINSTANCE ="AGG_SAP_DIVI" TOINSTANCETYPE ="Aggregator"/>
        <CONNECTOR FROMFIELD ="O_DIV_GRP" FROMINSTANCE ="EXP_SAP_DIVI" FROMINSTANCETYPE ="Expression" TOFIELD ="I_DIV_GRP" TOINSTANCE ="AGG_SAP_DIVI" TOINSTANCETYPE ="Aggregator"/>
        <TARGETLOADORDER ORDER ="1" TARGETINSTANCE ="SAP_DIVISIONS"/>
        <ERPINFO/>
        <METADATAEXTENSION DATATYPE ="STRING" DESCRIPTION ="Conversion Mapping Name with version " DOMAINNAME ="User Defined Metadata Domain" ISCLIENTEDITABLE ="YES" ISCLIENTVISIBLE ="YES" ISREUSABLE ="NO" ISSHAREREAD ="NO" ISSHAREWRITE ="NO" MAXLENGTH ="256" NAME ="CONV_MAP_NAME" VALUE ="S4 Integration_Gross_Margin_ItemV1.0-1.2" VENDORNAME ="INFORMATICA"/>
    </MAPPING>
    <CONFIG DESCRIPTION ="Default session configuration object" ISDEFAULT ="YES" NAME ="default_session_config" VERSIONNUMBER ="1">
        <ATTRIBUTE NAME ="Advanced" VALUE =""/>
        <ATTRIBUTE NAME ="Constraint based load ordering" VALUE ="NO"/>
        <ATTRIBUTE NAME ="Cache LOOKUP() function" VALUE ="YES"/>
        <ATTRIBUTE NAME ="Default buffer block size" VALUE ="Auto"/>
        <ATTRIBUTE NAME ="Line Sequential buffer length" VALUE ="1024"/>
        <ATTRIBUTE NAME ="Maximum Memory Allowed For Auto Memory Attributes" VALUE ="512MB"/>
        <ATTRIBUTE NAME ="Maximum Percentage of Total Memory Allowed For Auto Memory Attributes" VALUE ="5"/>
        <ATTRIBUTE NAME ="Additional Concurrent Pipelines for Lookup Cache Creation" VALUE ="Auto"/>
        <ATTRIBUTE NAME ="Custom Properties" VALUE =""/>
        <ATTRIBUTE NAME ="Pre-build lookup cache" VALUE ="Auto"/>
        <ATTRIBUTE NAME ="Optimization Level" VALUE ="Medium"/>
        <ATTRIBUTE NAME ="DateTime Format String" VALUE ="MM/DD/YYYY HH24:MI:SS.US"/>
        <ATTRIBUTE NAME ="Pre 85 Timestamp Compatibility" VALUE ="NO"/>
        <ATTRIBUTE NAME ="Log Options" VALUE ="0"/>
        <ATTRIBUTE NAME ="Save session log by" VALUE ="Session runs"/>
        <ATTRIBUTE NAME ="Save session log for these runs" VALUE ="9"/>
        <ATTRIBUTE NAME ="Session Log File Max Size" VALUE ="0"/>
        <ATTRIBUTE NAME ="Session Log File Max Time Period" VALUE ="0"/>
        <ATTRIBUTE NAME ="Maximum Partial Session Log Files" VALUE ="1"/>
        <ATTRIBUTE NAME ="Writer Commit Statistics Log Frequency" VALUE ="1"/>
        <ATTRIBUTE NAME ="Writer Commit Statistics Log Interval" VALUE ="0"/>
        <ATTRIBUTE NAME ="Error handling" VALUE =""/>
        <ATTRIBUTE NAME ="Stop on errors" VALUE ="1"/>
        <ATTRIBUTE NAME ="Override tracing" VALUE ="None"/>
        <ATTRIBUTE NAME ="On Stored Procedure error" VALUE ="Stop"/>
        <ATTRIBUTE NAME ="On Pre-session command task error" VALUE ="Stop"/>
        <ATTRIBUTE NAME ="On Pre-Post SQL error" VALUE ="Stop"/>
        <ATTRIBUTE NAME ="Enable Recovery" VALUE ="NO"/>
        <ATTRIBUTE NAME ="Error Log Type" VALUE ="None"/>
        <ATTRIBUTE NAME ="Error Log Table Name Prefix" VALUE =""/>
        <ATTRIBUTE NAME ="Error Log File Name" VALUE ="PMError.log"/>
        <ATTRIBUTE NAME ="Log Source Row Data" VALUE ="NO"/>
        <ATTRIBUTE NAME ="Data Column Delimiter" VALUE ="|"/>
        <ATTRIBUTE NAME ="Partitioning Options" VALUE =""/>
        <ATTRIBUTE NAME ="Dynamic Partitioning" VALUE ="Disabled"/>
        <ATTRIBUTE NAME ="Number of Partitions" VALUE ="1"/>
        <ATTRIBUTE NAME ="Multiplication Factor" VALUE ="Auto"/>
        <ATTRIBUTE NAME ="Session on Grid" VALUE =""/>
        <ATTRIBUTE NAME ="Is Enabled" VALUE ="NO"/>
    </CONFIG>
    <SESSION DESCRIPTION ="Sessions holds the mapping m_S4_SAP_DIVISIONS to generate the division code param file" ISVALID ="YES" MAPPINGNAME ="m_S4_SAP_DIVISIONS" NAME ="s_m_S4_SAP_DIVISIONS" REUSABLE ="YES" SORTORDER ="Binary" VERSIONNUMBER ="1">
        <SESSTRANSFORMATIONINST ISREPARTITIONPOINT ="YES" PARTITIONTYPE ="PASS THROUGH" PIPELINE ="1" SINSTANCENAME ="SAP_DIVISIONS" STAGE ="1" TRANSFORMATIONNAME ="SAP_DIVISIONS" TRANSFORMATIONTYPE ="Target Definition">
            <FLATFILE CODEPAGE ="MS1252" CONSECDELIMITERSASONE ="NO" DELIMITED ="YES" DELIMITERS ="," ESCAPE_CHARACTER ="" KEEPESCAPECHAR ="NO" LINESEQUENTIAL ="NO" MULTIDELIMITERSASAND ="NO" NULLCHARTYPE ="ASCII" NULL_CHARACTER ="*" PADBYTES ="1" QUOTE_CHARACTER ="NONE" REPEATABLE ="NO" ROWDELIMITER ="10" SKIPROWS ="0" STRIPTRAILINGBLANKS ="NO"/>
        </SESSTRANSFORMATIONINST>
        <SESSTRANSFORMATIONINST ISREPARTITIONPOINT ="NO" PIPELINE ="0" SINSTANCENAME ="SAP_PROCESS_TABLE" STAGE ="0" TRANSFORMATIONNAME ="SAP_PROCESS_TABLE" TRANSFORMATIONTYPE ="Source Definition"/>
        <SESSTRANSFORMATIONINST ISREPARTITIONPOINT ="NO" PIPELINE ="1" SINSTANCENAME ="EXP_DAY_DIMENSION" STAGE ="2" TRANSFORMATIONNAME ="EXP_DAY_DIMENSION" TRANSFORMATIONTYPE ="Expression">
            <PARTITION DESCRIPTION ="" NAME ="Partition #1"/>
        </SESSTRANSFORMATIONINST>
        <SESSTRANSFORMATIONINST ISREPARTITIONPOINT ="NO" PIPELINE ="1" SINSTANCENAME ="EXP_SAP_DIVI" STAGE ="3" TRANSFORMATIONNAME ="EXP_SAP_DIVI" TRANSFORMATIONTYPE ="Expression">
            <PARTITION DESCRIPTION ="" NAME ="Partition #1"/>
        </SESSTRANSFORMATIONINST>
        <SESSTRANSFORMATIONINST ISREPARTITIONPOINT ="YES" PARTITIONTYPE ="HASH AUTO KEYS" PIPELINE ="1" SINSTANCENAME ="AGG_SAP_DIVI" STAGE ="2" TRANSFORMATIONNAME ="AGG_SAP_DIVI" TRANSFORMATIONTYPE ="Aggregator">
            <PARTITION DESCRIPTION ="" NAME ="Partition #1"/>
        </SESSTRANSFORMATIONINST>
        <SESSTRANSFORMATIONINST ISREPARTITIONPOINT ="NO" PIPELINE ="1" SINSTANCENAME ="LKP_DAY_DIMENSION" STAGE ="2" TRANSFORMATIONNAME ="LKP_DAY_DIMENSION" TRANSFORMATIONTYPE ="Lookup Procedure">
            <PARTITION DESCRIPTION ="" NAME ="Partition #1"/>
            <ATTRIBUTE NAME ="Connection Information" VALUE ="Relational:SLBADW"/>
        </SESSTRANSFORMATIONINST>
        <SESSTRANSFORMATIONINST ISREPARTITIONPOINT ="YES" PARTITIONTYPE ="PASS THROUGH" PIPELINE ="1" SINSTANCENAME ="SQ_SAP_PROCESS_TABLE" STAGE ="3" TRANSFORMATIONNAME ="SQ_SAP_PROCESS_TABLE" TRANSFORMATIONTYPE ="Source Qualifier"/>
        <CONFIGREFERENCE REFOBJECTNAME ="default_session_config" TYPE ="Session config"/>
        <SESSIONEXTENSION NAME ="File Writer" SINSTANCENAME ="SAP_DIVISIONS" SUBTYPE ="File Writer" TRANSFORMATIONTYPE ="Target Definition" TYPE ="WRITER">
            <CONNECTIONREFERENCE CNXREFNAME ="Connection" CONNECTIONNAME ="" CONNECTIONNUMBER ="1" CONNECTIONSUBTYPE ="" CONNECTIONTYPE ="" VARIABLE =""/>
            <ATTRIBUTE NAME ="Merge Type" VALUE ="No Merge"/>
            <ATTRIBUTE NAME ="Merge File Directory" VALUE ="$PMTargetFileDir&#x5c;"/>
            <ATTRIBUTE NAME ="Merge File Name" VALUE ="sap_divisions.out"/>
            <ATTRIBUTE NAME ="Append if Exists" VALUE ="NO"/>
            <ATTRIBUTE NAME ="Create Target Directory" VALUE ="NO"/>
            <ATTRIBUTE NAME ="Header Options" VALUE ="No Header"/>
            <ATTRIBUTE NAME ="Header Command" VALUE =""/>
            <ATTRIBUTE NAME ="Footer Command" VALUE =""/>
            <ATTRIBUTE NAME ="Output Type" VALUE ="File"/>
            <ATTRIBUTE NAME ="Merge Command" VALUE =""/>
            <ATTRIBUTE NAME ="Output file directory" VALUE ="$PMTargetFileDir&#x5c;ONE_ON_ONE_OTC&#x5c;CTL&#x5c;"/>
            <ATTRIBUTE NAME ="Output filename" VALUE ="S4_SAP_DIVISIONS.ipf"/>
            <ATTRIBUTE NAME ="Reject file directory" VALUE ="$PMBadFileDir&#x5c;ONE_ON_ONE_OTC&#x5c;BAD&#x5c;"/>
            <ATTRIBUTE NAME ="Reject filename" VALUE ="s_m_S4_SAP_DIVISIONS.bad"/>
            <ATTRIBUTE NAME ="Command" VALUE =""/>
            <ATTRIBUTE NAME ="Codepage Parameter" VALUE =""/>
        </SESSIONEXTENSION>
        <SESSIONEXTENSION DSQINSTNAME ="SQ_SAP_PROCESS_TABLE" DSQINSTTYPE ="Source Qualifier" NAME ="Relational Reader" SINSTANCENAME ="SAP_PROCESS_TABLE" SUBTYPE ="Relational Reader" TRANSFORMATIONTYPE ="Source Definition" TYPE ="READER"/>
        <SESSIONEXTENSION NAME ="Relational Lookup" SINSTANCENAME ="LKP_DAY_DIMENSION" SUBTYPE ="Relational Lookup" TRANSFORMATIONTYPE ="Lookup Procedure" TYPE ="LOOKUPEXTENSION">
            <CONNECTIONREFERENCE CNXREFNAME ="DB Connection" CONNECTIONNAME ="SLBADW" CONNECTIONNUMBER ="1" CONNECTIONSUBTYPE ="Oracle" CONNECTIONTYPE ="Relational" VARIABLE =""/>
        </SESSIONEXTENSION>
        <SESSIONEXTENSION NAME ="Relational Reader" SINSTANCENAME ="SQ_SAP_PROCESS_TABLE" SUBTYPE ="Relational Reader" TRANSFORMATIONTYPE ="Source Qualifier" TYPE ="READER">
            <CONNECTIONREFERENCE CNXREFNAME ="DB Connection" CONNECTIONNAME ="SLBADW" CONNECTIONNUMBER ="1" CONNECTIONSUBTYPE ="Oracle" CONNECTIONTYPE ="Relational" VARIABLE =""/>
        </SESSIONEXTENSION>
        <ATTRIBUTE NAME ="General Options" VALUE =""/>
        <ATTRIBUTE NAME ="Write Backward Compatible Session Log File" VALUE ="YES"/>
        <ATTRIBUTE NAME ="Session Log File Name" VALUE ="s_m_S4_SAP_DIVISIONS.log"/>
        <ATTRIBUTE NAME ="Session Log File directory" VALUE ="$PMSessionLogDir&#x5c;ONE_ON_ONE_OTC&#x5c;LOG&#x5c;"/>
        <ATTRIBUTE NAME ="Parameter Filename" VALUE =""/>
        <ATTRIBUTE NAME ="Enable Test Load" VALUE ="NO"/>
        <ATTRIBUTE NAME ="$Source connection value" VALUE =""/>
        <ATTRIBUTE NAME ="$Target connection value" VALUE =""/>
        <ATTRIBUTE NAME ="Treat source rows as" VALUE ="Insert"/>
        <ATTRIBUTE NAME ="Commit Type" VALUE ="Target"/>
        <ATTRIBUTE NAME ="Commit Interval" VALUE ="10000"/>
        <ATTRIBUTE NAME ="Commit On End Of File" VALUE ="YES"/>
        <ATTRIBUTE NAME ="Rollback Transactions on Errors" VALUE ="NO"/>
        <ATTRIBUTE NAME ="Recovery Strategy" VALUE ="Restart task"/>
        <ATTRIBUTE NAME ="Java Classpath" VALUE =""/>
        <ATTRIBUTE NAME ="Performance" VALUE =""/>
        <ATTRIBUTE NAME ="DTM buffer size" VALUE ="Auto"/>
        <ATTRIBUTE NAME ="Collect performance data" VALUE ="NO"/>
        <ATTRIBUTE NAME ="Write performance data to repository" VALUE ="NO"/>
        <ATTRIBUTE NAME ="Incremental Aggregation" VALUE ="NO"/>
        <ATTRIBUTE NAME ="Enable high precision" VALUE ="NO"/>
        <ATTRIBUTE NAME ="Session retry on deadlock" VALUE ="NO"/>
        <ATTRIBUTE NAME ="Pushdown Optimization" VALUE ="None"/>
        <ATTRIBUTE NAME ="Allow Temporary View for Pushdown" VALUE ="NO"/>
        <ATTRIBUTE NAME ="Allow Temporary Sequence for Pushdown" VALUE ="NO"/>
        <ATTRIBUTE NAME ="Allow Pushdown for User Incompatible Connections" VALUE ="NO"/>
        <METADATAEXTENSION COMPONENTVERSION ="1000000" DATATYPE ="STRING" DESCRIPTION ="" DOMAINNAME ="User Defined Metadata Domain" ISCLIENTEDITABLE ="YES" ISCLIENTVISIBLE ="YES" ISREUSABLE ="NO" ISSHAREREAD ="NO" ISSHAREWRITE ="NO" MAXLENGTH ="256" NAME ="Extension" VALUE ="S4 Integration_Gross_Margin_ItemV1.0,1.1" VENDORNAME ="INFORMATICA"/>
    </SESSION>
    <WORKFLOW DESCRIPTION ="workflow holds the session s_m_S4_SAP_DIVISIONS" ISENABLED ="YES" ISRUNNABLESERVICE ="NO" ISSERVICE ="NO" ISVALID ="YES" NAME ="wf_s_m_S4_SAP_DIVISIONS" REUSABLE_SCHEDULER ="NO" SCHEDULERNAME ="Scheduler" SERVERNAME ="Domain10_PRD_Int_Svc" SERVER_DOMAINNAME ="Domain10_PRD" SUSPEND_ON_ERROR ="NO" TASKS_MUST_RUN_ON_SERVER ="NO" VERSIONNUMBER ="1">
        <SCHEDULER DESCRIPTION ="" NAME ="Scheduler" REUSABLE ="NO" VERSIONNUMBER ="1">
            <SCHEDULEINFO SCHEDULETYPE ="ONDEMAND"/>
        </SCHEDULER>
        <TASK DESCRIPTION ="" NAME ="Start" REUSABLE ="NO" TYPE ="Start" VERSIONNUMBER ="1"/>
        <TASKINSTANCE DESCRIPTION ="Sessions holds the mapping m_S4_SAP_DIVISIONS to generate the division code param file" FAIL_PARENT_IF_INSTANCE_DID_NOT_RUN ="YES" FAIL_PARENT_IF_INSTANCE_FAILS ="YES" ISENABLED ="YES" NAME ="s_m_S4_SAP_DIVISIONS" REUSABLE ="YES" TASKNAME ="s_m_S4_SAP_DIVISIONS" TASKTYPE ="Session" TREAT_INPUTLINK_AS_AND ="NO"/>
        <TASKINSTANCE DESCRIPTION ="" ISENABLED ="YES" NAME ="Start" REUSABLE ="NO" TASKNAME ="Start" TASKTYPE ="Start"/>
        <WORKFLOWLINK CONDITION ="" FROMTASK ="Start" TOTASK ="s_m_S4_SAP_DIVISIONS"/>
        <WORKFLOWVARIABLE DATATYPE ="date/time" DEFAULTVALUE ="" DESCRIPTION ="The time this task started" ISNULL ="NO" ISPERSISTENT ="NO" NAME ="$s_m_S4_SAP_DIVISIONS.StartTime" USERDEFINED ="NO"/>
        <WORKFLOWVARIABLE DATATYPE ="date/time" DEFAULTVALUE ="" DESCRIPTION ="The time this task completed" ISNULL ="NO" ISPERSISTENT ="NO" NAME ="$s_m_S4_SAP_DIVISIONS.EndTime" USERDEFINED ="NO"/>
        <WORKFLOWVARIABLE DATATYPE ="integer" DEFAULTVALUE ="" DESCRIPTION ="Status of this task&apos;s execution" ISNULL ="NO" ISPERSISTENT ="NO" NAME ="$s_m_S4_SAP_DIVISIONS.Status" USERDEFINED ="NO"/>
        <WORKFLOWVARIABLE DATATYPE ="integer" DEFAULTVALUE ="" DESCRIPTION ="Status of the previous task that is not disabled" ISNULL ="NO" ISPERSISTENT ="NO" NAME ="$s_m_S4_SAP_DIVISIONS.PrevTaskStatus" USERDEFINED ="NO"/>
        <WORKFLOWVARIABLE DATATYPE ="integer" DEFAULTVALUE ="" DESCRIPTION ="Error code for this task&apos;s execution" ISNULL ="NO" ISPERSISTENT ="NO" NAME ="$s_m_S4_SAP_DIVISIONS.ErrorCode" USERDEFINED ="NO"/>
        <WORKFLOWVARIABLE DATATYPE ="string" DEFAULTVALUE ="" DESCRIPTION ="Error message for this task&apos;s execution" ISNULL ="NO" ISPERSISTENT ="NO" NAME ="$s_m_S4_SAP_DIVISIONS.ErrorMsg" USERDEFINED ="NO"/>
        <WORKFLOWVARIABLE DATATYPE ="integer" DEFAULTVALUE ="" DESCRIPTION ="Rows successfully read" ISNULL ="NO" ISPERSISTENT ="NO" NAME ="$s_m_S4_SAP_DIVISIONS.SrcSuccessRows" USERDEFINED ="NO"/>
        <WORKFLOWVARIABLE DATATYPE ="integer" DEFAULTVALUE ="" DESCRIPTION ="Rows failed to read" ISNULL ="NO" ISPERSISTENT ="NO" NAME ="$s_m_S4_SAP_DIVISIONS.SrcFailedRows" USERDEFINED ="NO"/>
        <WORKFLOWVARIABLE DATATYPE ="integer" DEFAULTVALUE ="" DESCRIPTION ="Rows successfully loaded" ISNULL ="NO" ISPERSISTENT ="NO" NAME ="$s_m_S4_SAP_DIVISIONS.TgtSuccessRows" USERDEFINED ="NO"/>
        <WORKFLOWVARIABLE DATATYPE ="integer" DEFAULTVALUE ="" DESCRIPTION ="Rows failed to load" ISNULL ="NO" ISPERSISTENT ="NO" NAME ="$s_m_S4_SAP_DIVISIONS.TgtFailedRows" USERDEFINED ="NO"/>
        <WORKFLOWVARIABLE DATATYPE ="integer" DEFAULTVALUE ="" DESCRIPTION ="Total number of transformation errors" ISNULL ="NO" ISPERSISTENT ="NO" NAME ="$s_m_S4_SAP_DIVISIONS.TotalTransErrors" USERDEFINED ="NO"/>
        <WORKFLOWVARIABLE DATATYPE ="integer" DEFAULTVALUE ="" DESCRIPTION ="First error code" ISNULL ="NO" ISPERSISTENT ="NO" NAME ="$s_m_S4_SAP_DIVISIONS.FirstErrorCode" USERDEFINED ="NO"/>
        <WORKFLOWVARIABLE DATATYPE ="string" DEFAULTVALUE ="" DESCRIPTION ="First error message" ISNULL ="NO" ISPERSISTENT ="NO" NAME ="$s_m_S4_SAP_DIVISIONS.FirstErrorMsg" USERDEFINED ="NO"/>
        <WORKFLOWVARIABLE DATATYPE ="date/time" DEFAULTVALUE ="" DESCRIPTION ="The time this task started" ISNULL ="NO" ISPERSISTENT ="NO" NAME ="$Start.StartTime" USERDEFINED ="NO"/>
        <WORKFLOWVARIABLE DATATYPE ="date/time" DEFAULTVALUE ="" DESCRIPTION ="The time this task completed" ISNULL ="NO" ISPERSISTENT ="NO" NAME ="$Start.EndTime" USERDEFINED ="NO"/>
        <WORKFLOWVARIABLE DATATYPE ="integer" DEFAULTVALUE ="" DESCRIPTION ="Status of this task&apos;s execution" ISNULL ="NO" ISPERSISTENT ="NO" NAME ="$Start.Status" USERDEFINED ="NO"/>
        <WORKFLOWVARIABLE DATATYPE ="integer" DEFAULTVALUE ="" DESCRIPTION ="Status of the previous task that is not disabled" ISNULL ="NO" ISPERSISTENT ="NO" NAME ="$Start.PrevTaskStatus" USERDEFINED ="NO"/>
        <WORKFLOWVARIABLE DATATYPE ="integer" DEFAULTVALUE ="" DESCRIPTION ="Error code for this task&apos;s execution" ISNULL ="NO" ISPERSISTENT ="NO" NAME ="$Start.ErrorCode" USERDEFINED ="NO"/>
        <WORKFLOWVARIABLE DATATYPE ="string" DEFAULTVALUE ="" DESCRIPTION ="Error message for this task&apos;s execution" ISNULL ="NO" ISPERSISTENT ="NO" NAME ="$Start.ErrorMsg" USERDEFINED ="NO"/>
        <ATTRIBUTE NAME ="Parameter Filename" VALUE =""/>
        <ATTRIBUTE NAME ="Write Backward Compatible Workflow Log File" VALUE ="YES"/>
        <ATTRIBUTE NAME ="Workflow Log File Name" VALUE ="wf_s_m_S4_SAP_DIVISIONS.log"/>
        <ATTRIBUTE NAME ="Workflow Log File Directory" VALUE ="$PMWorkflowLogDir&#x5c;ONE_ON_ONE_OTC&#x5c;LOG&#x5c;"/>
        <ATTRIBUTE NAME ="Save Workflow log by" VALUE ="By runs"/>
        <ATTRIBUTE NAME ="Save workflow log for these runs" VALUE ="9"/>
        <ATTRIBUTE NAME ="Service Name" VALUE =""/>
        <ATTRIBUTE NAME ="Service Timeout" VALUE ="0"/>
        <ATTRIBUTE NAME ="Is Service Visible" VALUE ="NO"/>
        <ATTRIBUTE NAME ="Is Service Protected" VALUE ="NO"/>
        <ATTRIBUTE NAME ="Fail task after wait time" VALUE ="0"/>
        <ATTRIBUTE NAME ="Enable HA recovery" VALUE ="NO"/>
        <ATTRIBUTE NAME ="Automatically recover terminated tasks" VALUE ="NO"/>
        <ATTRIBUTE NAME ="Service Level Name" VALUE ="Default"/>
        <ATTRIBUTE NAME ="Allow concurrent run with unique run instance name" VALUE ="NO"/>
        <ATTRIBUTE NAME ="Allow concurrent run with same run instance name" VALUE ="NO"/>
        <ATTRIBUTE NAME ="Maximum number of concurrent runs" VALUE ="0"/>
        <ATTRIBUTE NAME ="Assigned Web Services Hubs" VALUE =""/>
        <ATTRIBUTE NAME ="Maximum number of concurrent runs per Hub" VALUE ="1000"/>
        <ATTRIBUTE NAME ="Expected Service Time" VALUE ="1"/>
        <METADATAEXTENSION COMPONENTVERSION ="1000000" DATATYPE ="STRING" DESCRIPTION ="" DOMAINNAME ="User Defined Metadata Domain" ISCLIENTEDITABLE ="YES" ISCLIENTVISIBLE ="YES" ISREUSABLE ="NO" ISSHAREREAD ="NO" ISSHAREWRITE ="NO" MAXLENGTH ="256" NAME ="Extension" VALUE ="S4 Integration_Gross_Margin_ItemV1.0,1.1" VENDORNAME ="INFORMATICA"/>
    </WORKFLOW>
</FOLDER>
</REPOSITORY>
</POWERMART>