<?xml version="1.0" encoding="Windows-1252"?>
<!DOCTYPE POWERMART SYSTEM "powrmart.dtd">
<POWERMART CREATION_DATE="05/20/2024 10:29:29" REPOSITORY_VERSION="187.96">
<REPOSITORY NAME="Domain10_Rep_Svc_Prd" VERSION="187" CODEPAGE="MS1252" DATABASETYPE="Microsoft SQL Server">
<FOLDER NAME="ONE_ON_ONE_OTC" GROUP="" OWNER="Administrator" SHARED="NOTSHARED" DESCRIPTION="" PERMISSIONS="rwx---r--" UUID="8627c2fd-2fe8-4f83-88bf-e34259bd5762">
    <SOURCE BUSINESSNAME ="" DATABASETYPE ="Flat File" DBDNAME ="Flat_File" DESCRIPTION ="" NAME ="SAP_HBI_DW_DLY_INVOICE_COND" OBJECTVERSION ="1" OWNERNAME ="" VERSIONNUMBER ="1">
        <FLATFILE CODEPAGE ="US-ASCII" CONSECDELIMITERSASONE ="NO" DELIMITED ="YES" DELIMITERS ="," ESCAPE_CHARACTER ="" KEEPESCAPECHAR ="NO" LINESEQUENTIAL ="NO" MULTIDELIMITERSASAND ="NO" NULLCHARTYPE ="ASCII" NULL_CHARACTER ="*" PADBYTES ="1" QUOTE_CHARACTER ="DOUBLE" REPEATABLE ="NO" ROWDELIMITER ="0" SHIFTSENSITIVEDATA ="NO" SKIPROWS ="0" STRIPTRAILINGBLANKS ="NO"/>
        <TABLEATTRIBUTE NAME ="Base Table Name" VALUE =""/>
        <TABLEATTRIBUTE NAME ="Search Specification" VALUE =""/>
        <TABLEATTRIBUTE NAME ="Sort Specification" VALUE =""/>
        <TABLEATTRIBUTE NAME ="Datetime Format" VALUE ="A  19 mm/dd/yyyy hh24:mi:ss"/>
        <TABLEATTRIBUTE NAME ="Thousand Separator" VALUE ="None"/>
        <TABLEATTRIBUTE NAME ="Decimal Separator" VALUE ="."/>
        <TABLEATTRIBUTE NAME ="Add Currently Processed Flat File Name Port" VALUE ="NO"/>
        <TABLEATTRIBUTE NAME ="Source TimeStamp" VALUE =""/>
        <SOURCEFIELD BUSINESSNAME ="" DATATYPE ="string" DESCRIPTION ="" FIELDNUMBER ="1" FIELDPROPERTY ="0" FIELDTYPE ="ELEMITEM" HIDDEN ="NO" KEYTYPE ="NOT A KEY" LENGTH ="10" LEVEL ="0" NAME ="bill_doc_num" NULLABLE ="NULL" OCCURS ="0" OFFSET ="0" PHYSICALLENGTH ="10" PHYSICALOFFSET ="0" PICTURETEXT ="" PRECISION ="10" SCALE ="0" USAGE_FLAGS =""/>
        <SOURCEFIELD BUSINESSNAME ="" DATATYPE ="string" DESCRIPTION ="" FIELDNUMBER ="2" FIELDPROPERTY ="0" FIELDTYPE ="ELEMITEM" HIDDEN ="NO" KEYTYPE ="NOT A KEY" LENGTH ="10" LEVEL ="0" NAME ="doc_cond" NULLABLE ="NULL" OCCURS ="0" OFFSET ="10" PHYSICALLENGTH ="10" PHYSICALOFFSET ="10" PICTURETEXT ="" PRECISION ="10" SCALE ="0" USAGE_FLAGS =""/>
        <SOURCEFIELD BUSINESSNAME ="" DATATYPE ="string" DESCRIPTION ="" FIELDNUMBER ="3" FIELDPROPERTY ="0" FIELDTYPE ="ELEMITEM" HIDDEN ="NO" KEYTYPE ="NOT A KEY" LENGTH ="6" LEVEL ="0" NAME ="bill_item_id" NULLABLE ="NULL" OCCURS ="0" OFFSET ="20" PHYSICALLENGTH ="6" PHYSICALOFFSET ="20" PICTURETEXT ="" PRECISION ="6" SCALE ="0" USAGE_FLAGS =""/>
        <SOURCEFIELD BUSINESSNAME ="" DATATYPE ="string" DESCRIPTION ="" FIELDNUMBER ="4" FIELDPROPERTY ="0" FIELDTYPE ="ELEMITEM" HIDDEN ="NO" KEYTYPE ="NOT A KEY" LENGTH ="6" LEVEL ="0" NAME ="cond_item_num" NULLABLE ="NULL" OCCURS ="0" OFFSET ="26" PHYSICALLENGTH ="6" PHYSICALOFFSET ="26" PICTURETEXT ="" PRECISION ="6" SCALE ="0" USAGE_FLAGS =""/>
        <SOURCEFIELD BUSINESSNAME ="" DATATYPE ="string" DESCRIPTION ="" FIELDNUMBER ="5" FIELDPROPERTY ="0" FIELDTYPE ="ELEMITEM" HIDDEN ="NO" KEYTYPE ="NOT A KEY" LENGTH ="4" LEVEL ="0" NAME ="cond_type" NULLABLE ="NULL" OCCURS ="0" OFFSET ="32" PHYSICALLENGTH ="4" PHYSICALOFFSET ="32" PICTURETEXT ="" PRECISION ="4" SCALE ="0" USAGE_FLAGS =""/>
        <SOURCEFIELD BUSINESSNAME ="" DATATYPE ="string" DESCRIPTION ="" FIELDNUMBER ="6" FIELDPROPERTY ="0" FIELDTYPE ="ELEMITEM" HIDDEN ="NO" KEYTYPE ="NOT A KEY" LENGTH ="20" LEVEL ="0" NAME ="cond_type_desc" NULLABLE ="NULL" OCCURS ="0" OFFSET ="36" PHYSICALLENGTH ="20" PHYSICALOFFSET ="36" PICTURETEXT ="" PRECISION ="20" SCALE ="0" USAGE_FLAGS =""/>
        <SOURCEFIELD BUSINESSNAME ="" DATATYPE ="string" DESCRIPTION ="" FIELDNUMBER ="7" FIELDPROPERTY ="0" FIELDTYPE ="ELEMITEM" HIDDEN ="NO" KEYTYPE ="NOT A KEY" LENGTH ="11" LEVEL ="0" NAME ="cond_amt_2" NULLABLE ="NULL" OCCURS ="0" OFFSET ="56" PHYSICALLENGTH ="11" PHYSICALOFFSET ="56" PICTURETEXT ="" PRECISION ="11" SCALE ="0" USAGE_FLAGS =""/>
        <SOURCEFIELD BUSINESSNAME ="" DATATYPE ="string" DESCRIPTION ="" FIELDNUMBER ="8" FIELDPROPERTY ="0" FIELDTYPE ="ELEMITEM" HIDDEN ="NO" KEYTYPE ="NOT A KEY" LENGTH ="1" LEVEL ="0" NAME ="cond_class" NULLABLE ="NULL" OCCURS ="0" OFFSET ="67" PHYSICALLENGTH ="1" PHYSICALOFFSET ="67" PICTURETEXT ="" PRECISION ="1" SCALE ="0" USAGE_FLAGS =""/>
        <SOURCEFIELD BUSINESSNAME ="" DATATYPE ="string" DESCRIPTION ="" FIELDNUMBER ="9" FIELDPROPERTY ="0" FIELDTYPE ="ELEMITEM" HIDDEN ="NO" KEYTYPE ="NOT A KEY" LENGTH ="30" LEVEL ="0" NAME ="cond_class_desc" NULLABLE ="NULL" OCCURS ="0" OFFSET ="68" PHYSICALLENGTH ="30" PHYSICALOFFSET ="68" PICTURETEXT ="" PRECISION ="30" SCALE ="0" USAGE_FLAGS =""/>
        <SOURCEFIELD BUSINESSNAME ="" DATATYPE ="string" DESCRIPTION ="" FIELDNUMBER ="10" FIELDPROPERTY ="0" FIELDTYPE ="ELEMITEM" HIDDEN ="NO" KEYTYPE ="NOT A KEY" LENGTH ="5" LEVEL ="0" NAME ="pricing_unit_2" NULLABLE ="NULL" OCCURS ="0" OFFSET ="98" PHYSICALLENGTH ="5" PHYSICALOFFSET ="98" PICTURETEXT ="" PRECISION ="5" SCALE ="0" USAGE_FLAGS =""/>
        <SOURCEFIELD BUSINESSNAME ="" DATATYPE ="string" DESCRIPTION ="" FIELDNUMBER ="11" FIELDPROPERTY ="0" FIELDTYPE ="ELEMITEM" HIDDEN ="NO" KEYTYPE ="NOT A KEY" LENGTH ="3" LEVEL ="0" NAME ="doc_cond_unit_2" NULLABLE ="NULL" OCCURS ="0" OFFSET ="103" PHYSICALLENGTH ="3" PHYSICALOFFSET ="103" PICTURETEXT ="" PRECISION ="3" SCALE ="0" USAGE_FLAGS =""/>
        <SOURCEFIELD BUSINESSNAME ="" DATATYPE ="string" DESCRIPTION ="" FIELDNUMBER ="12" FIELDPROPERTY ="0" FIELDTYPE ="ELEMITEM" HIDDEN ="NO" KEYTYPE ="NOT A KEY" LENGTH ="30" LEVEL ="0" NAME ="doc_cond_unit_desc_2" NULLABLE ="NULL" OCCURS ="0" OFFSET ="106" PHYSICALLENGTH ="30" PHYSICALOFFSET ="106" PICTURETEXT ="" PRECISION ="30" SCALE ="0" USAGE_FLAGS =""/>
        <SOURCEFIELD BUSINESSNAME ="" DATATYPE ="string" DESCRIPTION ="" FIELDNUMBER ="13" FIELDPROPERTY ="0" FIELDTYPE ="ELEMITEM" HIDDEN ="NO" KEYTYPE ="NOT A KEY" LENGTH ="10" LEVEL ="0" NAME ="gl_acct_num_2" NULLABLE ="NULL" OCCURS ="0" OFFSET ="136" PHYSICALLENGTH ="10" PHYSICALOFFSET ="136" PICTURETEXT ="" PRECISION ="10" SCALE ="0" USAGE_FLAGS =""/>
        <SOURCEFIELD BUSINESSNAME ="" DATATYPE ="string" DESCRIPTION ="" FIELDNUMBER ="14" FIELDPROPERTY ="0" FIELDTYPE ="ELEMITEM" HIDDEN ="NO" KEYTYPE ="NOT A KEY" LENGTH ="1" LEVEL ="0" NAME ="stat_ind" NULLABLE ="NULL" OCCURS ="0" OFFSET ="146" PHYSICALLENGTH ="1" PHYSICALOFFSET ="146" PICTURETEXT ="" PRECISION ="1" SCALE ="0" USAGE_FLAGS =""/>
        <SOURCEFIELD BUSINESSNAME ="" DATATYPE ="string" DESCRIPTION ="" FIELDNUMBER ="15" FIELDPROPERTY ="0" FIELDTYPE ="ELEMITEM" HIDDEN ="NO" KEYTYPE ="NOT A KEY" LENGTH ="10" LEVEL ="0" NAME ="curr_key" NULLABLE ="NULL" OCCURS ="0" OFFSET ="147" PHYSICALLENGTH ="10" PHYSICALOFFSET ="147" PICTURETEXT ="" PRECISION ="10" SCALE ="0" USAGE_FLAGS =""/>
        <SOURCEFIELD BUSINESSNAME ="" DATATYPE ="string" DESCRIPTION ="" FIELDNUMBER ="16" FIELDPROPERTY ="0" FIELDTYPE ="ELEMITEM" HIDDEN ="NO" KEYTYPE ="NOT A KEY" LENGTH ="9" LEVEL ="0" NAME ="curr_exchange_rate" NULLABLE ="NULL" OCCURS ="0" OFFSET ="157" PHYSICALLENGTH ="9" PHYSICALOFFSET ="157" PICTURETEXT ="" PRECISION ="9" SCALE ="0" USAGE_FLAGS =""/>
        <SOURCEFIELD BUSINESSNAME ="" DATATYPE ="string" DESCRIPTION ="" FIELDNUMBER ="17" FIELDPROPERTY ="0" FIELDTYPE ="ELEMITEM" HIDDEN ="NO" KEYTYPE ="NOT A KEY" LENGTH ="1" LEVEL ="0" NAME ="inactive_cond_ind" NULLABLE ="NULL" OCCURS ="0" OFFSET ="166" PHYSICALLENGTH ="1" PHYSICALOFFSET ="166" PICTURETEXT ="" PRECISION ="1" SCALE ="0" USAGE_FLAGS =""/>
        <SOURCEFIELD BUSINESSNAME ="" DATATYPE ="string" DESCRIPTION ="" FIELDNUMBER ="18" FIELDPROPERTY ="0" FIELDTYPE ="ELEMITEM" HIDDEN ="NO" KEYTYPE ="NOT A KEY" LENGTH ="13" LEVEL ="0" NAME ="cond_value" NULLABLE ="NULL" OCCURS ="0" OFFSET ="167" PHYSICALLENGTH ="13" PHYSICALOFFSET ="167" PICTURETEXT ="" PRECISION ="13" SCALE ="0" USAGE_FLAGS =""/>
        <SOURCEFIELD BUSINESSNAME ="" DATATYPE ="string" DESCRIPTION ="" FIELDNUMBER ="19" FIELDPROPERTY ="0" FIELDTYPE ="ELEMITEM" HIDDEN ="NO" KEYTYPE ="NOT A KEY" LENGTH ="18" LEVEL ="0" NAME ="material_num" NULLABLE ="NULL" OCCURS ="0" OFFSET ="180" PHYSICALLENGTH ="18" PHYSICALOFFSET ="180" PICTURETEXT ="" PRECISION ="18" SCALE ="0" USAGE_FLAGS =""/>
        <SOURCEFIELD BUSINESSNAME ="" DATATYPE ="string" DESCRIPTION ="" FIELDNUMBER ="20" FIELDPROPERTY ="0" FIELDTYPE ="ELEMITEM" HIDDEN ="NO" KEYTYPE ="NOT A KEY" LENGTH ="18" LEVEL ="0" NAME ="grid_value" NULLABLE ="NULL" OCCURS ="0" OFFSET ="198" PHYSICALLENGTH ="18" PHYSICALOFFSET ="198" PICTURETEXT ="" PRECISION ="18" SCALE ="0" USAGE_FLAGS =""/>
        <METADATAEXTENSION DATATYPE ="STRING" DESCRIPTION ="" DOMAINNAME ="User Defined Metadata Domain" ISCLIENTEDITABLE ="YES" ISCLIENTVISIBLE ="YES" ISREUSABLE ="NO" ISSHAREREAD ="NO" ISSHAREWRITE ="NO" MAXLENGTH ="256" NAME ="CONV_MAP_NAME" VALUE ="SSO - SAP to STG Conversion Mapping V1.0" VENDORNAME ="INFORMATICA"/>
        <METADATAEXTENSION DATATYPE ="STRING" DESCRIPTION ="" DOMAINNAME ="User Defined Metadata Domain" ISCLIENTEDITABLE ="YES" ISCLIENTVISIBLE ="YES" ISREUSABLE ="NO" ISSHAREREAD ="NO" ISSHAREWRITE ="NO" MAXLENGTH ="256" NAME ="Extension" VALUE ="" VENDORNAME ="INFORMATICA"/>
    </SOURCE>
    <TARGET BUSINESSNAME ="" CONSTRAINT ="" DATABASETYPE ="Oracle" DESCRIPTION ="" NAME ="SAP_DLY_INVOICES_COND_STG" OBJECTVERSION ="1" TABLEOPTIONS ="" VERSIONNUMBER ="1">
        <TARGETFIELD BUSINESSNAME ="" DATATYPE ="varchar2" DESCRIPTION ="" FIELDNUMBER ="1" KEYTYPE ="NOT A KEY" NAME ="BILL_DOC_NUM" NULLABLE ="NOTNULL" PICTURETEXT ="" PRECISION ="10" SCALE ="0"/>
        <TARGETFIELD BUSINESSNAME ="" DATATYPE ="varchar2" DESCRIPTION ="" FIELDNUMBER ="2" KEYTYPE ="NOT A KEY" NAME ="DOC_COND" NULLABLE ="NOTNULL" PICTURETEXT ="" PRECISION ="10" SCALE ="0"/>
        <TARGETFIELD BUSINESSNAME ="" DATATYPE ="varchar2" DESCRIPTION ="" FIELDNUMBER ="3" KEYTYPE ="NOT A KEY" NAME ="BILL_ITEM_ID" NULLABLE ="NOTNULL" PICTURETEXT ="" PRECISION ="6" SCALE ="0"/>
        <TARGETFIELD BUSINESSNAME ="" DATATYPE ="varchar2" DESCRIPTION ="" FIELDNUMBER ="4" KEYTYPE ="NOT A KEY" NAME ="COND_ITEM_NUM" NULLABLE ="NULL" PICTURETEXT ="" PRECISION ="6" SCALE ="0"/>
        <TARGETFIELD BUSINESSNAME ="" DATATYPE ="varchar2" DESCRIPTION ="" FIELDNUMBER ="5" KEYTYPE ="NOT A KEY" NAME ="COND_TYPE" NULLABLE ="NULL" PICTURETEXT ="" PRECISION ="4" SCALE ="0"/>
        <TARGETFIELD BUSINESSNAME ="" DATATYPE ="varchar2" DESCRIPTION ="" FIELDNUMBER ="6" KEYTYPE ="NOT A KEY" NAME ="COND_TYPE_DESC" NULLABLE ="NULL" PICTURETEXT ="" PRECISION ="20" SCALE ="0"/>
        <TARGETFIELD BUSINESSNAME ="" DATATYPE ="varchar2" DESCRIPTION ="" FIELDNUMBER ="7" KEYTYPE ="NOT A KEY" NAME ="COND_AMT_2" NULLABLE ="NULL" PICTURETEXT ="" PRECISION ="11" SCALE ="0"/>
        <TARGETFIELD BUSINESSNAME ="" DATATYPE ="varchar2" DESCRIPTION ="" FIELDNUMBER ="8" KEYTYPE ="NOT A KEY" NAME ="COND_CLASS" NULLABLE ="NULL" PICTURETEXT ="" PRECISION ="1" SCALE ="0"/>
        <TARGETFIELD BUSINESSNAME ="" DATATYPE ="varchar2" DESCRIPTION ="" FIELDNUMBER ="9" KEYTYPE ="NOT A KEY" NAME ="COND_CLASS_DESC" NULLABLE ="NULL" PICTURETEXT ="" PRECISION ="30" SCALE ="0"/>
        <TARGETFIELD BUSINESSNAME ="" DATATYPE ="varchar2" DESCRIPTION ="" FIELDNUMBER ="10" KEYTYPE ="NOT A KEY" NAME ="PRICING_UNIT_2" NULLABLE ="NULL" PICTURETEXT ="" PRECISION ="5" SCALE ="0"/>
        <TARGETFIELD BUSINESSNAME ="" DATATYPE ="varchar2" DESCRIPTION ="" FIELDNUMBER ="11" KEYTYPE ="NOT A KEY" NAME ="DOC_COND_UNIT_2" NULLABLE ="NULL" PICTURETEXT ="" PRECISION ="3" SCALE ="0"/>
        <TARGETFIELD BUSINESSNAME ="" DATATYPE ="varchar2" DESCRIPTION ="" FIELDNUMBER ="12" KEYTYPE ="NOT A KEY" NAME ="DOC_COND_UNIT_DESC_2" NULLABLE ="NULL" PICTURETEXT ="" PRECISION ="30" SCALE ="0"/>
        <TARGETFIELD BUSINESSNAME ="" DATATYPE ="varchar2" DESCRIPTION ="" FIELDNUMBER ="13" KEYTYPE ="NOT A KEY" NAME ="GL_ACCT_NUM_2" NULLABLE ="NULL" PICTURETEXT ="" PRECISION ="10" SCALE ="0"/>
        <TARGETFIELD BUSINESSNAME ="" DATATYPE ="varchar2" DESCRIPTION ="" FIELDNUMBER ="14" KEYTYPE ="NOT A KEY" NAME ="STAT_IND" NULLABLE ="NULL" PICTURETEXT ="" PRECISION ="1" SCALE ="0"/>
        <TARGETFIELD BUSINESSNAME ="" DATATYPE ="varchar2" DESCRIPTION ="" FIELDNUMBER ="15" KEYTYPE ="NOT A KEY" NAME ="CURRENCY_KEY_2" NULLABLE ="NULL" PICTURETEXT ="" PRECISION ="5" SCALE ="0"/>
        <TARGETFIELD BUSINESSNAME ="" DATATYPE ="varchar2" DESCRIPTION ="" FIELDNUMBER ="16" KEYTYPE ="NOT A KEY" NAME ="CURR_EXCH_RATE_2" NULLABLE ="NULL" PICTURETEXT ="" PRECISION ="9" SCALE ="0"/>
        <TARGETFIELD BUSINESSNAME ="" DATATYPE ="varchar2" DESCRIPTION ="" FIELDNUMBER ="17" KEYTYPE ="NOT A KEY" NAME ="INACTIVE_COND_IND" NULLABLE ="NULL" PICTURETEXT ="" PRECISION ="1" SCALE ="0"/>
        <TARGETFIELD BUSINESSNAME ="" DATATYPE ="varchar2" DESCRIPTION ="" FIELDNUMBER ="18" KEYTYPE ="NOT A KEY" NAME ="COND_VALUE" NULLABLE ="NULL" PICTURETEXT ="" PRECISION ="13" SCALE ="0"/>
        <TARGETFIELD BUSINESSNAME ="" DATATYPE ="date" DESCRIPTION ="" FIELDNUMBER ="19" KEYTYPE ="NOT A KEY" NAME ="UPDATE_TIMESTAMP" NULLABLE ="NULL" PICTURETEXT ="" PRECISION ="19" SCALE ="0"/>
        <TARGETFIELD BUSINESSNAME ="" DATATYPE ="varchar2" DESCRIPTION ="" FIELDNUMBER ="20" KEYTYPE ="NOT A KEY" NAME ="UPDATE_USERID" NULLABLE ="NULL" PICTURETEXT ="" PRECISION ="30" SCALE ="0"/>
        <TARGETFIELD BUSINESSNAME ="" DATATYPE ="varchar2" DESCRIPTION ="" FIELDNUMBER ="21" KEYTYPE ="NOT A KEY" NAME ="MATERIAL_NUM" NULLABLE ="NULL" PICTURETEXT ="" PRECISION ="18" SCALE ="0"/>
        <TARGETFIELD BUSINESSNAME ="" DATATYPE ="varchar2" DESCRIPTION ="" FIELDNUMBER ="22" KEYTYPE ="NOT A KEY" NAME ="GRID_VALUE" NULLABLE ="NULL" PICTURETEXT ="" PRECISION ="18" SCALE ="0"/>
    </TARGET>
    <MAPPING DESCRIPTION ="Staging SAP Invoice table Load" ISVALID ="YES" NAME ="m_SAP_DLY_INVOICES_COND_STG" OBJECTVERSION ="1" VERSIONNUMBER ="1">
        <TRANSFORMATION DESCRIPTION ="Transformation for trimming the leading and tailing spaces for all fields coming from source" NAME ="EXP_TRIMMING_FIELDS" OBJECTVERSION ="1" REUSABLE ="NO" TYPE ="Expression" VERSIONNUMBER ="1">
            <TRANSFORMFIELD DATATYPE ="string" DEFAULTVALUE ="" DESCRIPTION ="" NAME ="bill_doc_num" PICTURETEXT ="" PORTTYPE ="INPUT" PRECISION ="10" SCALE ="0"/>
            <TRANSFORMFIELD DATATYPE ="string" DEFAULTVALUE ="" DESCRIPTION ="" NAME ="doc_cond" PICTURETEXT ="" PORTTYPE ="INPUT" PRECISION ="10" SCALE ="0"/>
            <TRANSFORMFIELD DATATYPE ="string" DEFAULTVALUE ="" DESCRIPTION ="" NAME ="bill_item_id" PICTURETEXT ="" PORTTYPE ="INPUT" PRECISION ="6" SCALE ="0"/>
            <TRANSFORMFIELD DATATYPE ="string" DEFAULTVALUE ="" DESCRIPTION ="" NAME ="cond_item_num" PICTURETEXT ="" PORTTYPE ="INPUT" PRECISION ="6" SCALE ="0"/>
            <TRANSFORMFIELD DATATYPE ="string" DEFAULTVALUE ="" DESCRIPTION ="" NAME ="cond_type" PICTURETEXT ="" PORTTYPE ="INPUT" PRECISION ="4" SCALE ="0"/>
            <TRANSFORMFIELD DATATYPE ="string" DEFAULTVALUE ="" DESCRIPTION ="" NAME ="cond_type_desc" PICTURETEXT ="" PORTTYPE ="INPUT" PRECISION ="20" SCALE ="0"/>
            <TRANSFORMFIELD DATATYPE ="string" DEFAULTVALUE ="" DESCRIPTION ="" NAME ="cond_amt_2" PICTURETEXT ="" PORTTYPE ="INPUT" PRECISION ="11" SCALE ="0"/>
            <TRANSFORMFIELD DATATYPE ="string" DEFAULTVALUE ="" DESCRIPTION ="" NAME ="cond_class" PICTURETEXT ="" PORTTYPE ="INPUT" PRECISION ="1" SCALE ="0"/>
            <TRANSFORMFIELD DATATYPE ="string" DEFAULTVALUE ="" DESCRIPTION ="" NAME ="cond_class_desc" PICTURETEXT ="" PORTTYPE ="INPUT" PRECISION ="30" SCALE ="0"/>
            <TRANSFORMFIELD DATATYPE ="string" DEFAULTVALUE ="" DESCRIPTION ="" NAME ="pricing_unit_2" PICTURETEXT ="" PORTTYPE ="INPUT" PRECISION ="5" SCALE ="0"/>
            <TRANSFORMFIELD DATATYPE ="string" DEFAULTVALUE ="" DESCRIPTION ="" NAME ="doc_cond_unit_2" PICTURETEXT ="" PORTTYPE ="INPUT" PRECISION ="3" SCALE ="0"/>
            <TRANSFORMFIELD DATATYPE ="string" DEFAULTVALUE ="" DESCRIPTION ="" NAME ="doc_cond_unit_desc_2" PICTURETEXT ="" PORTTYPE ="INPUT" PRECISION ="30" SCALE ="0"/>
            <TRANSFORMFIELD DATATYPE ="string" DEFAULTVALUE ="" DESCRIPTION ="" NAME ="gl_acct_num_2" PICTURETEXT ="" PORTTYPE ="INPUT" PRECISION ="10" SCALE ="0"/>
            <TRANSFORMFIELD DATATYPE ="string" DEFAULTVALUE ="" DESCRIPTION ="" NAME ="stat_ind" PICTURETEXT ="" PORTTYPE ="INPUT" PRECISION ="1" SCALE ="0"/>
            <TRANSFORMFIELD DATATYPE ="string" DEFAULTVALUE ="" DESCRIPTION ="" NAME ="curr_key" PICTURETEXT ="" PORTTYPE ="INPUT" PRECISION ="10" SCALE ="0"/>
            <TRANSFORMFIELD DATATYPE ="string" DEFAULTVALUE ="" DESCRIPTION ="" NAME ="curr_exchange_rate" PICTURETEXT ="" PORTTYPE ="INPUT" PRECISION ="9" SCALE ="0"/>
            <TRANSFORMFIELD DATATYPE ="string" DEFAULTVALUE ="" DESCRIPTION ="" NAME ="inactive_cond_ind" PICTURETEXT ="" PORTTYPE ="INPUT" PRECISION ="1" SCALE ="0"/>
            <TRANSFORMFIELD DATATYPE ="string" DEFAULTVALUE ="" DESCRIPTION ="" NAME ="cond_value" PICTURETEXT ="" PORTTYPE ="INPUT" PRECISION ="13" SCALE ="0"/>
            <TRANSFORMFIELD DATATYPE ="string" DEFAULTVALUE ="ERROR(&apos;transformation error&apos;)" DESCRIPTION ="Trimming the field" EXPRESSION ="IIF(LTRIM(RTRIM(bill_doc_num))=&apos;&apos;,NULL,LTRIM(RTRIM(bill_doc_num)))" EXPRESSIONTYPE ="GENERAL" NAME ="O_BILL_DOC_NUM" PICTURETEXT ="" PORTTYPE ="OUTPUT" PRECISION ="10" SCALE ="0"/>
            <TRANSFORMFIELD DATATYPE ="string" DEFAULTVALUE ="ERROR(&apos;transformation error&apos;)" DESCRIPTION ="Trimming the field" EXPRESSION ="IIF(LTRIM(RTRIM(doc_cond))=&apos;&apos;,NULL,LTRIM(RTRIM(doc_cond)))" EXPRESSIONTYPE ="GENERAL" NAME ="O_DOC_COND" PICTURETEXT ="" PORTTYPE ="OUTPUT" PRECISION ="10" SCALE ="0"/>
            <TRANSFORMFIELD DATATYPE ="string" DEFAULTVALUE ="ERROR(&apos;transformation error&apos;)" DESCRIPTION ="Trimming the field" EXPRESSION ="IIF(LTRIM(RTRIM(bill_item_id))=&apos;&apos;,NULL,LTRIM(RTRIM(bill_item_id)))" EXPRESSIONTYPE ="GENERAL" NAME ="O_BILL_ITEM_ID" PICTURETEXT ="" PORTTYPE ="OUTPUT" PRECISION ="6" SCALE ="0"/>
            <TRANSFORMFIELD DATATYPE ="string" DEFAULTVALUE ="ERROR(&apos;transformation error&apos;)" DESCRIPTION ="Trimming the field" EXPRESSION ="IIF(LTRIM(RTRIM(cond_item_num))=&apos;&apos;,NULL,LTRIM(RTRIM(cond_item_num)))" EXPRESSIONTYPE ="GENERAL" NAME ="O_COND_ITEM_NUM" PICTURETEXT ="" PORTTYPE ="OUTPUT" PRECISION ="6" SCALE ="0"/>
            <TRANSFORMFIELD DATATYPE ="string" DEFAULTVALUE ="ERROR(&apos;transformation error&apos;)" DESCRIPTION ="Trimming the field" EXPRESSION ="IIF(LTRIM(RTRIM(cond_type))=&apos;&apos;,NULL,LTRIM(RTRIM(cond_type)))" EXPRESSIONTYPE ="GENERAL" NAME ="O_COND_TYPE" PICTURETEXT ="" PORTTYPE ="OUTPUT" PRECISION ="4" SCALE ="0"/>
            <TRANSFORMFIELD DATATYPE ="string" DEFAULTVALUE ="ERROR(&apos;transformation error&apos;)" DESCRIPTION ="Trimming the field" EXPRESSION ="IIF(LTRIM(RTRIM(cond_type_desc))=&apos;&apos;,NULL,LTRIM(RTRIM(cond_type_desc)))" EXPRESSIONTYPE ="GENERAL" NAME ="O_COND_TYPE_DESC" PICTURETEXT ="" PORTTYPE ="OUTPUT" PRECISION ="20" SCALE ="0"/>
            <TRANSFORMFIELD DATATYPE ="string" DEFAULTVALUE ="ERROR(&apos;transformation error&apos;)" DESCRIPTION ="Trimming the field" EXPRESSION ="IIF(LTRIM(RTRIM(cond_amt_2))=&apos;&apos;,NULL,LTRIM(RTRIM(cond_amt_2)))" EXPRESSIONTYPE ="GENERAL" NAME ="O_COND_AMT_2" PICTURETEXT ="" PORTTYPE ="OUTPUT" PRECISION ="11" SCALE ="0"/>
            <TRANSFORMFIELD DATATYPE ="string" DEFAULTVALUE ="ERROR(&apos;transformation error&apos;)" DESCRIPTION ="Trimming the field" EXPRESSION ="IIF(LTRIM(RTRIM(cond_class))=&apos;&apos;,NULL,LTRIM(RTRIM(cond_class)))" EXPRESSIONTYPE ="GENERAL" NAME ="O_COND_CLASS" PICTURETEXT ="" PORTTYPE ="OUTPUT" PRECISION ="1" SCALE ="0"/>
            <TRANSFORMFIELD DATATYPE ="string" DEFAULTVALUE ="ERROR(&apos;transformation error&apos;)" DESCRIPTION ="Trimming the field" EXPRESSION ="IIF(LTRIM(RTRIM(cond_class_desc))=&apos;&apos;,NULL,LTRIM(RTRIM(cond_class_desc)))" EXPRESSIONTYPE ="GENERAL" NAME ="O_COND_CLASS_DESC" PICTURETEXT ="" PORTTYPE ="OUTPUT" PRECISION ="30" SCALE ="0"/>
            <TRANSFORMFIELD DATATYPE ="string" DEFAULTVALUE ="ERROR(&apos;transformation error&apos;)" DESCRIPTION ="Trimming the field" EXPRESSION ="IIF(LTRIM(RTRIM(pricing_unit_2))=&apos;&apos;,NULL,LTRIM(RTRIM(pricing_unit_2)))" EXPRESSIONTYPE ="GENERAL" NAME ="O_PRICING_UNIT_2" PICTURETEXT ="" PORTTYPE ="OUTPUT" PRECISION ="5" SCALE ="0"/>
            <TRANSFORMFIELD DATATYPE ="string" DEFAULTVALUE ="ERROR(&apos;transformation error&apos;)" DESCRIPTION ="Trimming the field" EXPRESSION ="IIF(LTRIM(RTRIM(doc_cond_unit_2))=&apos;&apos;,NULL,LTRIM(RTRIM(doc_cond_unit_2)))" EXPRESSIONTYPE ="GENERAL" NAME ="O_DOC_COND_UNIT_2" PICTURETEXT ="" PORTTYPE ="OUTPUT" PRECISION ="3" SCALE ="0"/>
            <TRANSFORMFIELD DATATYPE ="string" DEFAULTVALUE ="ERROR(&apos;transformation error&apos;)" DESCRIPTION ="Trimming the field" EXPRESSION ="IIF(LTRIM(RTRIM(doc_cond_unit_desc_2))=&apos;&apos;,NULL,LTRIM(RTRIM(doc_cond_unit_desc_2)))" EXPRESSIONTYPE ="GENERAL" NAME ="O_DOC_COND_UNIT_DESC_2" PICTURETEXT ="" PORTTYPE ="OUTPUT" PRECISION ="30" SCALE ="0"/>
            <TRANSFORMFIELD DATATYPE ="string" DEFAULTVALUE ="ERROR(&apos;transformation error&apos;)" DESCRIPTION ="Trimming the field" EXPRESSION ="IIF(LTRIM(RTRIM(gl_acct_num_2))=&apos;&apos;,NULL,LTRIM(RTRIM(gl_acct_num_2)))" EXPRESSIONTYPE ="GENERAL" NAME ="O_GL_ACCT_NUM_2" PICTURETEXT ="" PORTTYPE ="OUTPUT" PRECISION ="10" SCALE ="0"/>
            <TRANSFORMFIELD DATATYPE ="string" DEFAULTVALUE ="ERROR(&apos;transformation error&apos;)" DESCRIPTION ="Trimming the field" EXPRESSION ="IIF(LTRIM(RTRIM(stat_ind))=&apos;&apos;,NULL,LTRIM(RTRIM(stat_ind)))" EXPRESSIONTYPE ="GENERAL" NAME ="O_STAT_IND" PICTURETEXT ="" PORTTYPE ="OUTPUT" PRECISION ="1" SCALE ="0"/>
            <TRANSFORMFIELD DATATYPE ="string" DEFAULTVALUE ="ERROR(&apos;transformation error&apos;)" DESCRIPTION ="Trimming the field" EXPRESSION ="IIF(LTRIM(RTRIM(curr_key))=&apos;&apos;,NULL,LTRIM(RTRIM(curr_key)))" EXPRESSIONTYPE ="GENERAL" NAME ="O_CURR_KEY" PICTURETEXT ="" PORTTYPE ="OUTPUT" PRECISION ="10" SCALE ="0"/>
            <TRANSFORMFIELD DATATYPE ="string" DEFAULTVALUE ="ERROR(&apos;transformation error&apos;)" DESCRIPTION ="Trimming the field" EXPRESSION ="IIF(LTRIM(RTRIM(curr_exchange_rate))=&apos;&apos;,NULL,LTRIM(RTRIM(curr_exchange_rate)))" EXPRESSIONTYPE ="GENERAL" NAME ="O_CURR_EXCHANGE_RATE" PICTURETEXT ="" PORTTYPE ="OUTPUT" PRECISION ="9" SCALE ="0"/>
            <TRANSFORMFIELD DATATYPE ="string" DEFAULTVALUE ="ERROR(&apos;transformation error&apos;)" DESCRIPTION ="Trimming the field" EXPRESSION ="IIF(LTRIM(RTRIM(inactive_cond_ind))=&apos;&apos;,NULL,LTRIM(RTRIM(inactive_cond_ind)))" EXPRESSIONTYPE ="GENERAL" NAME ="O_INACTIVE_COND_IND" PICTURETEXT ="" PORTTYPE ="OUTPUT" PRECISION ="1" SCALE ="0"/>
            <TRANSFORMFIELD DATATYPE ="string" DEFAULTVALUE ="ERROR(&apos;transformation error&apos;)" DESCRIPTION ="Trimming the field" EXPRESSION ="IIF(LTRIM(RTRIM(cond_value))=&apos;&apos;,NULL,LTRIM(RTRIM(cond_value)))" EXPRESSIONTYPE ="GENERAL" NAME ="O_COND_VALUE" PICTURETEXT ="" PORTTYPE ="OUTPUT" PRECISION ="13" SCALE ="0"/>
            <TRANSFORMFIELD DATATYPE ="date/time" DEFAULTVALUE ="ERROR(&apos;transformation error&apos;)" DESCRIPTION ="update timestamp as sysdate" EXPRESSION ="SYSDATE" EXPRESSIONTYPE ="GENERAL" NAME ="Update_timestamp" PICTURETEXT ="" PORTTYPE ="OUTPUT" PRECISION ="29" SCALE ="9"/>
            <TRANSFORMFIELD DATATYPE ="string" DEFAULTVALUE ="ERROR(&apos;transformation error&apos;)" DESCRIPTION ="Update userid" EXPRESSION ="&apos;ETL_staging_load&apos;" EXPRESSIONTYPE ="GENERAL" NAME ="Update_userid" PICTURETEXT ="" PORTTYPE ="OUTPUT" PRECISION ="30" SCALE ="0"/>
            <TRANSFORMFIELD DATATYPE ="string" DEFAULTVALUE ="" DESCRIPTION ="" EXPRESSION ="material_num" EXPRESSIONTYPE ="GENERAL" NAME ="material_num" PICTURETEXT ="" PORTTYPE ="INPUT/OUTPUT" PRECISION ="18" SCALE ="0"/>
            <TRANSFORMFIELD DATATYPE ="string" DEFAULTVALUE ="" DESCRIPTION ="" EXPRESSION ="grid_value" EXPRESSIONTYPE ="GENERAL" NAME ="grid_value" PICTURETEXT ="" PORTTYPE ="INPUT/OUTPUT" PRECISION ="18" SCALE ="0"/>
            <TABLEATTRIBUTE NAME ="Tracing Level" VALUE ="Normal"/>
        </TRANSFORMATION>
        <TRANSFORMATION DESCRIPTION ="source qualifier for the SAP soruce flat file" NAME ="SQ_SAP_HBI_DW_DLY_INVOICE_COND" OBJECTVERSION ="1" REUSABLE ="NO" TYPE ="Source Qualifier" VERSIONNUMBER ="1">
            <TRANSFORMFIELD DATATYPE ="string" DEFAULTVALUE ="" DESCRIPTION ="" NAME ="bill_doc_num" PICTURETEXT ="" PORTTYPE ="INPUT/OUTPUT" PRECISION ="10" SCALE ="0"/>
            <TRANSFORMFIELD DATATYPE ="string" DEFAULTVALUE ="" DESCRIPTION ="" NAME ="doc_cond" PICTURETEXT ="" PORTTYPE ="INPUT/OUTPUT" PRECISION ="10" SCALE ="0"/>
            <TRANSFORMFIELD DATATYPE ="string" DEFAULTVALUE ="" DESCRIPTION ="" NAME ="bill_item_id" PICTURETEXT ="" PORTTYPE ="INPUT/OUTPUT" PRECISION ="6" SCALE ="0"/>
            <TRANSFORMFIELD DATATYPE ="string" DEFAULTVALUE ="" DESCRIPTION ="" NAME ="cond_item_num" PICTURETEXT ="" PORTTYPE ="INPUT/OUTPUT" PRECISION ="6" SCALE ="0"/>
            <TRANSFORMFIELD DATATYPE ="string" DEFAULTVALUE ="" DESCRIPTION ="" NAME ="cond_type" PICTURETEXT ="" PORTTYPE ="INPUT/OUTPUT" PRECISION ="4" SCALE ="0"/>
            <TRANSFORMFIELD DATATYPE ="string" DEFAULTVALUE ="" DESCRIPTION ="" NAME ="cond_type_desc" PICTURETEXT ="" PORTTYPE ="INPUT/OUTPUT" PRECISION ="20" SCALE ="0"/>
            <TRANSFORMFIELD DATATYPE ="string" DEFAULTVALUE ="" DESCRIPTION ="" NAME ="cond_amt_2" PICTURETEXT ="" PORTTYPE ="INPUT/OUTPUT" PRECISION ="11" SCALE ="0"/>
            <TRANSFORMFIELD DATATYPE ="string" DEFAULTVALUE ="" DESCRIPTION ="" NAME ="cond_class" PICTURETEXT ="" PORTTYPE ="INPUT/OUTPUT" PRECISION ="1" SCALE ="0"/>
            <TRANSFORMFIELD DATATYPE ="string" DEFAULTVALUE ="" DESCRIPTION ="" NAME ="cond_class_desc" PICTURETEXT ="" PORTTYPE ="INPUT/OUTPUT" PRECISION ="30" SCALE ="0"/>
            <TRANSFORMFIELD DATATYPE ="string" DEFAULTVALUE ="" DESCRIPTION ="" NAME ="pricing_unit_2" PICTURETEXT ="" PORTTYPE ="INPUT/OUTPUT" PRECISION ="5" SCALE ="0"/>
            <TRANSFORMFIELD DATATYPE ="string" DEFAULTVALUE ="" DESCRIPTION ="" NAME ="doc_cond_unit_2" PICTURETEXT ="" PORTTYPE ="INPUT/OUTPUT" PRECISION ="3" SCALE ="0"/>
            <TRANSFORMFIELD DATATYPE ="string" DEFAULTVALUE ="" DESCRIPTION ="" NAME ="doc_cond_unit_desc_2" PICTURETEXT ="" PORTTYPE ="INPUT/OUTPUT" PRECISION ="30" SCALE ="0"/>
            <TRANSFORMFIELD DATATYPE ="string" DEFAULTVALUE ="" DESCRIPTION ="" NAME ="gl_acct_num_2" PICTURETEXT ="" PORTTYPE ="INPUT/OUTPUT" PRECISION ="10" SCALE ="0"/>
            <TRANSFORMFIELD DATATYPE ="string" DEFAULTVALUE ="" DESCRIPTION ="" NAME ="stat_ind" PICTURETEXT ="" PORTTYPE ="INPUT/OUTPUT" PRECISION ="1" SCALE ="0"/>
            <TRANSFORMFIELD DATATYPE ="string" DEFAULTVALUE ="" DESCRIPTION ="" NAME ="curr_key" PICTURETEXT ="" PORTTYPE ="INPUT/OUTPUT" PRECISION ="10" SCALE ="0"/>
            <TRANSFORMFIELD DATATYPE ="string" DEFAULTVALUE ="" DESCRIPTION ="" NAME ="curr_exchange_rate" PICTURETEXT ="" PORTTYPE ="INPUT/OUTPUT" PRECISION ="9" SCALE ="0"/>
            <TRANSFORMFIELD DATATYPE ="string" DEFAULTVALUE ="" DESCRIPTION ="" NAME ="inactive_cond_ind" PICTURETEXT ="" PORTTYPE ="INPUT/OUTPUT" PRECISION ="1" SCALE ="0"/>
            <TRANSFORMFIELD DATATYPE ="string" DEFAULTVALUE ="" DESCRIPTION ="" NAME ="cond_value" PICTURETEXT ="" PORTTYPE ="INPUT/OUTPUT" PRECISION ="13" SCALE ="0"/>
            <TRANSFORMFIELD DATATYPE ="string" DEFAULTVALUE ="" DESCRIPTION ="" NAME ="material_num" PICTURETEXT ="" PORTTYPE ="INPUT/OUTPUT" PRECISION ="18" SCALE ="0"/>
            <TRANSFORMFIELD DATATYPE ="string" DEFAULTVALUE ="" DESCRIPTION ="" NAME ="grid_value" PICTURETEXT ="" PORTTYPE ="INPUT/OUTPUT" PRECISION ="18" SCALE ="0"/>
            <TABLEATTRIBUTE NAME ="Sql Query" VALUE =""/>
            <TABLEATTRIBUTE NAME ="User Defined Join" VALUE =""/>
            <TABLEATTRIBUTE NAME ="Source Filter" VALUE =""/>
            <TABLEATTRIBUTE NAME ="Number Of Sorted Ports" VALUE ="0"/>
            <TABLEATTRIBUTE NAME ="Tracing Level" VALUE ="Normal"/>
            <TABLEATTRIBUTE NAME ="Select Distinct" VALUE ="NO"/>
            <TABLEATTRIBUTE NAME ="Is Partitionable" VALUE ="NO"/>
            <TABLEATTRIBUTE NAME ="Pre SQL" VALUE =""/>
            <TABLEATTRIBUTE NAME ="Post SQL" VALUE =""/>
            <TABLEATTRIBUTE NAME ="Output is deterministic" VALUE ="NO"/>
            <TABLEATTRIBUTE NAME ="Output is repeatable" VALUE ="Never"/>
        </TRANSFORMATION>
        <INSTANCE DESCRIPTION ="Target for the SAP Load file" NAME ="SAP_DLY_INVOICES_COND_STG" TRANSFORMATION_NAME ="SAP_DLY_INVOICES_COND_STG" TRANSFORMATION_TYPE ="Target Definition" TYPE ="TARGET"/>
        <INSTANCE DBDNAME ="Flat_File" DESCRIPTION ="Source fiel for Staging SAP Invoice table load" NAME ="SAP_HBI_DW_DLY_INVOICE_COND" TRANSFORMATION_NAME ="SAP_HBI_DW_DLY_INVOICE_COND" TRANSFORMATION_TYPE ="Source Definition" TYPE ="SOURCE"/>
        <INSTANCE DESCRIPTION ="Transformation for trimming the leading and tailing spaces for all fields coming from source" NAME ="EXP_TRIMMING_FIELDS" REUSABLE ="NO" TRANSFORMATION_NAME ="EXP_TRIMMING_FIELDS" TRANSFORMATION_TYPE ="Expression" TYPE ="TRANSFORMATION"/>
        <INSTANCE DESCRIPTION ="source qualifier for the SAP soruce flat file" NAME ="SQ_SAP_HBI_DW_DLY_INVOICE_COND" REUSABLE ="NO" TRANSFORMATION_NAME ="SQ_SAP_HBI_DW_DLY_INVOICE_COND" TRANSFORMATION_TYPE ="Source Qualifier" TYPE ="TRANSFORMATION">
            <ASSOCIATED_SOURCE_INSTANCE NAME ="SAP_HBI_DW_DLY_INVOICE_COND"/>
        </INSTANCE>
        <CONNECTOR FROMFIELD ="O_DOC_COND_UNIT_2" FROMINSTANCE ="EXP_TRIMMING_FIELDS" FROMINSTANCETYPE ="Expression" TOFIELD ="DOC_COND_UNIT_2" TOINSTANCE ="SAP_DLY_INVOICES_COND_STG" TOINSTANCETYPE ="Target Definition"/>
        <CONNECTOR FROMFIELD ="O_DOC_COND_UNIT_DESC_2" FROMINSTANCE ="EXP_TRIMMING_FIELDS" FROMINSTANCETYPE ="Expression" TOFIELD ="DOC_COND_UNIT_DESC_2" TOINSTANCE ="SAP_DLY_INVOICES_COND_STG" TOINSTANCETYPE ="Target Definition"/>
        <CONNECTOR FROMFIELD ="O_GL_ACCT_NUM_2" FROMINSTANCE ="EXP_TRIMMING_FIELDS" FROMINSTANCETYPE ="Expression" TOFIELD ="GL_ACCT_NUM_2" TOINSTANCE ="SAP_DLY_INVOICES_COND_STG" TOINSTANCETYPE ="Target Definition"/>
        <CONNECTOR FROMFIELD ="O_STAT_IND" FROMINSTANCE ="EXP_TRIMMING_FIELDS" FROMINSTANCETYPE ="Expression" TOFIELD ="STAT_IND" TOINSTANCE ="SAP_DLY_INVOICES_COND_STG" TOINSTANCETYPE ="Target Definition"/>
        <CONNECTOR FROMFIELD ="O_CURR_KEY" FROMINSTANCE ="EXP_TRIMMING_FIELDS" FROMINSTANCETYPE ="Expression" TOFIELD ="CURRENCY_KEY_2" TOINSTANCE ="SAP_DLY_INVOICES_COND_STG" TOINSTANCETYPE ="Target Definition"/>
        <CONNECTOR FROMFIELD ="O_CURR_EXCHANGE_RATE" FROMINSTANCE ="EXP_TRIMMING_FIELDS" FROMINSTANCETYPE ="Expression" TOFIELD ="CURR_EXCH_RATE_2" TOINSTANCE ="SAP_DLY_INVOICES_COND_STG" TOINSTANCETYPE ="Target Definition"/>
        <CONNECTOR FROMFIELD ="O_INACTIVE_COND_IND" FROMINSTANCE ="EXP_TRIMMING_FIELDS" FROMINSTANCETYPE ="Expression" TOFIELD ="INACTIVE_COND_IND" TOINSTANCE ="SAP_DLY_INVOICES_COND_STG" TOINSTANCETYPE ="Target Definition"/>
        <CONNECTOR FROMFIELD ="O_COND_VALUE" FROMINSTANCE ="EXP_TRIMMING_FIELDS" FROMINSTANCETYPE ="Expression" TOFIELD ="COND_VALUE" TOINSTANCE ="SAP_DLY_INVOICES_COND_STG" TOINSTANCETYPE ="Target Definition"/>
        <CONNECTOR FROMFIELD ="Update_timestamp" FROMINSTANCE ="EXP_TRIMMING_FIELDS" FROMINSTANCETYPE ="Expression" TOFIELD ="UPDATE_TIMESTAMP" TOINSTANCE ="SAP_DLY_INVOICES_COND_STG" TOINSTANCETYPE ="Target Definition"/>
        <CONNECTOR FROMFIELD ="Update_userid" FROMINSTANCE ="EXP_TRIMMING_FIELDS" FROMINSTANCETYPE ="Expression" TOFIELD ="UPDATE_USERID" TOINSTANCE ="SAP_DLY_INVOICES_COND_STG" TOINSTANCETYPE ="Target Definition"/>
        <CONNECTOR FROMFIELD ="material_num" FROMINSTANCE ="EXP_TRIMMING_FIELDS" FROMINSTANCETYPE ="Expression" TOFIELD ="MATERIAL_NUM" TOINSTANCE ="SAP_DLY_INVOICES_COND_STG" TOINSTANCETYPE ="Target Definition"/>
        <CONNECTOR FROMFIELD ="grid_value" FROMINSTANCE ="EXP_TRIMMING_FIELDS" FROMINSTANCETYPE ="Expression" TOFIELD ="GRID_VALUE" TOINSTANCE ="SAP_DLY_INVOICES_COND_STG" TOINSTANCETYPE ="Target Definition"/>
        <CONNECTOR FROMFIELD ="O_BILL_DOC_NUM" FROMINSTANCE ="EXP_TRIMMING_FIELDS" FROMINSTANCETYPE ="Expression" TOFIELD ="BILL_DOC_NUM" TOINSTANCE ="SAP_DLY_INVOICES_COND_STG" TOINSTANCETYPE ="Target Definition"/>
        <CONNECTOR FROMFIELD ="O_DOC_COND" FROMINSTANCE ="EXP_TRIMMING_FIELDS" FROMINSTANCETYPE ="Expression" TOFIELD ="DOC_COND" TOINSTANCE ="SAP_DLY_INVOICES_COND_STG" TOINSTANCETYPE ="Target Definition"/>
        <CONNECTOR FROMFIELD ="O_BILL_ITEM_ID" FROMINSTANCE ="EXP_TRIMMING_FIELDS" FROMINSTANCETYPE ="Expression" TOFIELD ="BILL_ITEM_ID" TOINSTANCE ="SAP_DLY_INVOICES_COND_STG" TOINSTANCETYPE ="Target Definition"/>
        <CONNECTOR FROMFIELD ="O_COND_ITEM_NUM" FROMINSTANCE ="EXP_TRIMMING_FIELDS" FROMINSTANCETYPE ="Expression" TOFIELD ="COND_ITEM_NUM" TOINSTANCE ="SAP_DLY_INVOICES_COND_STG" TOINSTANCETYPE ="Target Definition"/>
        <CONNECTOR FROMFIELD ="O_COND_TYPE" FROMINSTANCE ="EXP_TRIMMING_FIELDS" FROMINSTANCETYPE ="Expression" TOFIELD ="COND_TYPE" TOINSTANCE ="SAP_DLY_INVOICES_COND_STG" TOINSTANCETYPE ="Target Definition"/>
        <CONNECTOR FROMFIELD ="O_COND_TYPE_DESC" FROMINSTANCE ="EXP_TRIMMING_FIELDS" FROMINSTANCETYPE ="Expression" TOFIELD ="COND_TYPE_DESC" TOINSTANCE ="SAP_DLY_INVOICES_COND_STG" TOINSTANCETYPE ="Target Definition"/>
        <CONNECTOR FROMFIELD ="O_COND_AMT_2" FROMINSTANCE ="EXP_TRIMMING_FIELDS" FROMINSTANCETYPE ="Expression" TOFIELD ="COND_AMT_2" TOINSTANCE ="SAP_DLY_INVOICES_COND_STG" TOINSTANCETYPE ="Target Definition"/>
        <CONNECTOR FROMFIELD ="O_COND_CLASS" FROMINSTANCE ="EXP_TRIMMING_FIELDS" FROMINSTANCETYPE ="Expression" TOFIELD ="COND_CLASS" TOINSTANCE ="SAP_DLY_INVOICES_COND_STG" TOINSTANCETYPE ="Target Definition"/>
        <CONNECTOR FROMFIELD ="O_COND_CLASS_DESC" FROMINSTANCE ="EXP_TRIMMING_FIELDS" FROMINSTANCETYPE ="Expression" TOFIELD ="COND_CLASS_DESC" TOINSTANCE ="SAP_DLY_INVOICES_COND_STG" TOINSTANCETYPE ="Target Definition"/>
        <CONNECTOR FROMFIELD ="O_PRICING_UNIT_2" FROMINSTANCE ="EXP_TRIMMING_FIELDS" FROMINSTANCETYPE ="Expression" TOFIELD ="PRICING_UNIT_2" TOINSTANCE ="SAP_DLY_INVOICES_COND_STG" TOINSTANCETYPE ="Target Definition"/>
        <CONNECTOR FROMFIELD ="cond_value" FROMINSTANCE ="SAP_HBI_DW_DLY_INVOICE_COND" FROMINSTANCETYPE ="Source Definition" TOFIELD ="cond_value" TOINSTANCE ="SQ_SAP_HBI_DW_DLY_INVOICE_COND" TOINSTANCETYPE ="Source Qualifier"/>
        <CONNECTOR FROMFIELD ="cond_type" FROMINSTANCE ="SAP_HBI_DW_DLY_INVOICE_COND" FROMINSTANCETYPE ="Source Definition" TOFIELD ="cond_type" TOINSTANCE ="SQ_SAP_HBI_DW_DLY_INVOICE_COND" TOINSTANCETYPE ="Source Qualifier"/>
        <CONNECTOR FROMFIELD ="cond_type_desc" FROMINSTANCE ="SAP_HBI_DW_DLY_INVOICE_COND" FROMINSTANCETYPE ="Source Definition" TOFIELD ="cond_type_desc" TOINSTANCE ="SQ_SAP_HBI_DW_DLY_INVOICE_COND" TOINSTANCETYPE ="Source Qualifier"/>
        <CONNECTOR FROMFIELD ="cond_amt_2" FROMINSTANCE ="SAP_HBI_DW_DLY_INVOICE_COND" FROMINSTANCETYPE ="Source Definition" TOFIELD ="cond_amt_2" TOINSTANCE ="SQ_SAP_HBI_DW_DLY_INVOICE_COND" TOINSTANCETYPE ="Source Qualifier"/>
        <CONNECTOR FROMFIELD ="cond_class" FROMINSTANCE ="SAP_HBI_DW_DLY_INVOICE_COND" FROMINSTANCETYPE ="Source Definition" TOFIELD ="cond_class" TOINSTANCE ="SQ_SAP_HBI_DW_DLY_INVOICE_COND" TOINSTANCETYPE ="Source Qualifier"/>
        <CONNECTOR FROMFIELD ="bill_doc_num" FROMINSTANCE ="SAP_HBI_DW_DLY_INVOICE_COND" FROMINSTANCETYPE ="Source Definition" TOFIELD ="bill_doc_num" TOINSTANCE ="SQ_SAP_HBI_DW_DLY_INVOICE_COND" TOINSTANCETYPE ="Source Qualifier"/>
        <CONNECTOR FROMFIELD ="doc_cond" FROMINSTANCE ="SAP_HBI_DW_DLY_INVOICE_COND" FROMINSTANCETYPE ="Source Definition" TOFIELD ="doc_cond" TOINSTANCE ="SQ_SAP_HBI_DW_DLY_INVOICE_COND" TOINSTANCETYPE ="Source Qualifier"/>
        <CONNECTOR FROMFIELD ="bill_item_id" FROMINSTANCE ="SAP_HBI_DW_DLY_INVOICE_COND" FROMINSTANCETYPE ="Source Definition" TOFIELD ="bill_item_id" TOINSTANCE ="SQ_SAP_HBI_DW_DLY_INVOICE_COND" TOINSTANCETYPE ="Source Qualifier"/>
        <CONNECTOR FROMFIELD ="cond_item_num" FROMINSTANCE ="SAP_HBI_DW_DLY_INVOICE_COND" FROMINSTANCETYPE ="Source Definition" TOFIELD ="cond_item_num" TOINSTANCE ="SQ_SAP_HBI_DW_DLY_INVOICE_COND" TOINSTANCETYPE ="Source Qualifier"/>
        <CONNECTOR FROMFIELD ="material_num" FROMINSTANCE ="SAP_HBI_DW_DLY_INVOICE_COND" FROMINSTANCETYPE ="Source Definition" TOFIELD ="material_num" TOINSTANCE ="SQ_SAP_HBI_DW_DLY_INVOICE_COND" TOINSTANCETYPE ="Source Qualifier"/>
        <CONNECTOR FROMFIELD ="grid_value" FROMINSTANCE ="SAP_HBI_DW_DLY_INVOICE_COND" FROMINSTANCETYPE ="Source Definition" TOFIELD ="grid_value" TOINSTANCE ="SQ_SAP_HBI_DW_DLY_INVOICE_COND" TOINSTANCETYPE ="Source Qualifier"/>
        <CONNECTOR FROMFIELD ="cond_class_desc" FROMINSTANCE ="SAP_HBI_DW_DLY_INVOICE_COND" FROMINSTANCETYPE ="Source Definition" TOFIELD ="cond_class_desc" TOINSTANCE ="SQ_SAP_HBI_DW_DLY_INVOICE_COND" TOINSTANCETYPE ="Source Qualifier"/>
        <CONNECTOR FROMFIELD ="pricing_unit_2" FROMINSTANCE ="SAP_HBI_DW_DLY_INVOICE_COND" FROMINSTANCETYPE ="Source Definition" TOFIELD ="pricing_unit_2" TOINSTANCE ="SQ_SAP_HBI_DW_DLY_INVOICE_COND" TOINSTANCETYPE ="Source Qualifier"/>
        <CONNECTOR FROMFIELD ="doc_cond_unit_2" FROMINSTANCE ="SAP_HBI_DW_DLY_INVOICE_COND" FROMINSTANCETYPE ="Source Definition" TOFIELD ="doc_cond_unit_2" TOINSTANCE ="SQ_SAP_HBI_DW_DLY_INVOICE_COND" TOINSTANCETYPE ="Source Qualifier"/>
        <CONNECTOR FROMFIELD ="doc_cond_unit_desc_2" FROMINSTANCE ="SAP_HBI_DW_DLY_INVOICE_COND" FROMINSTANCETYPE ="Source Definition" TOFIELD ="doc_cond_unit_desc_2" TOINSTANCE ="SQ_SAP_HBI_DW_DLY_INVOICE_COND" TOINSTANCETYPE ="Source Qualifier"/>
        <CONNECTOR FROMFIELD ="gl_acct_num_2" FROMINSTANCE ="SAP_HBI_DW_DLY_INVOICE_COND" FROMINSTANCETYPE ="Source Definition" TOFIELD ="gl_acct_num_2" TOINSTANCE ="SQ_SAP_HBI_DW_DLY_INVOICE_COND" TOINSTANCETYPE ="Source Qualifier"/>
        <CONNECTOR FROMFIELD ="stat_ind" FROMINSTANCE ="SAP_HBI_DW_DLY_INVOICE_COND" FROMINSTANCETYPE ="Source Definition" TOFIELD ="stat_ind" TOINSTANCE ="SQ_SAP_HBI_DW_DLY_INVOICE_COND" TOINSTANCETYPE ="Source Qualifier"/>
        <CONNECTOR FROMFIELD ="curr_key" FROMINSTANCE ="SAP_HBI_DW_DLY_INVOICE_COND" FROMINSTANCETYPE ="Source Definition" TOFIELD ="curr_key" TOINSTANCE ="SQ_SAP_HBI_DW_DLY_INVOICE_COND" TOINSTANCETYPE ="Source Qualifier"/>
        <CONNECTOR FROMFIELD ="curr_exchange_rate" FROMINSTANCE ="SAP_HBI_DW_DLY_INVOICE_COND" FROMINSTANCETYPE ="Source Definition" TOFIELD ="curr_exchange_rate" TOINSTANCE ="SQ_SAP_HBI_DW_DLY_INVOICE_COND" TOINSTANCETYPE ="Source Qualifier"/>
        <CONNECTOR FROMFIELD ="inactive_cond_ind" FROMINSTANCE ="SAP_HBI_DW_DLY_INVOICE_COND" FROMINSTANCETYPE ="Source Definition" TOFIELD ="inactive_cond_ind" TOINSTANCE ="SQ_SAP_HBI_DW_DLY_INVOICE_COND" TOINSTANCETYPE ="Source Qualifier"/>
        <CONNECTOR FROMFIELD ="bill_doc_num" FROMINSTANCE ="SQ_SAP_HBI_DW_DLY_INVOICE_COND" FROMINSTANCETYPE ="Source Qualifier" TOFIELD ="bill_doc_num" TOINSTANCE ="EXP_TRIMMING_FIELDS" TOINSTANCETYPE ="Expression"/>
        <CONNECTOR FROMFIELD ="doc_cond" FROMINSTANCE ="SQ_SAP_HBI_DW_DLY_INVOICE_COND" FROMINSTANCETYPE ="Source Qualifier" TOFIELD ="doc_cond" TOINSTANCE ="EXP_TRIMMING_FIELDS" TOINSTANCETYPE ="Expression"/>
        <CONNECTOR FROMFIELD ="bill_item_id" FROMINSTANCE ="SQ_SAP_HBI_DW_DLY_INVOICE_COND" FROMINSTANCETYPE ="Source Qualifier" TOFIELD ="bill_item_id" TOINSTANCE ="EXP_TRIMMING_FIELDS" TOINSTANCETYPE ="Expression"/>
        <CONNECTOR FROMFIELD ="cond_item_num" FROMINSTANCE ="SQ_SAP_HBI_DW_DLY_INVOICE_COND" FROMINSTANCETYPE ="Source Qualifier" TOFIELD ="cond_item_num" TOINSTANCE ="EXP_TRIMMING_FIELDS" TOINSTANCETYPE ="Expression"/>
        <CONNECTOR FROMFIELD ="cond_type" FROMINSTANCE ="SQ_SAP_HBI_DW_DLY_INVOICE_COND" FROMINSTANCETYPE ="Source Qualifier" TOFIELD ="cond_type" TOINSTANCE ="EXP_TRIMMING_FIELDS" TOINSTANCETYPE ="Expression"/>
        <CONNECTOR FROMFIELD ="cond_type_desc" FROMINSTANCE ="SQ_SAP_HBI_DW_DLY_INVOICE_COND" FROMINSTANCETYPE ="Source Qualifier" TOFIELD ="cond_type_desc" TOINSTANCE ="EXP_TRIMMING_FIELDS" TOINSTANCETYPE ="Expression"/>
        <CONNECTOR FROMFIELD ="cond_amt_2" FROMINSTANCE ="SQ_SAP_HBI_DW_DLY_INVOICE_COND" FROMINSTANCETYPE ="Source Qualifier" TOFIELD ="cond_amt_2" TOINSTANCE ="EXP_TRIMMING_FIELDS" TOINSTANCETYPE ="Expression"/>
        <CONNECTOR FROMFIELD ="cond_class" FROMINSTANCE ="SQ_SAP_HBI_DW_DLY_INVOICE_COND" FROMINSTANCETYPE ="Source Qualifier" TOFIELD ="cond_class" TOINSTANCE ="EXP_TRIMMING_FIELDS" TOINSTANCETYPE ="Expression"/>
        <CONNECTOR FROMFIELD ="cond_class_desc" FROMINSTANCE ="SQ_SAP_HBI_DW_DLY_INVOICE_COND" FROMINSTANCETYPE ="Source Qualifier" TOFIELD ="cond_class_desc" TOINSTANCE ="EXP_TRIMMING_FIELDS" TOINSTANCETYPE ="Expression"/>
        <CONNECTOR FROMFIELD ="pricing_unit_2" FROMINSTANCE ="SQ_SAP_HBI_DW_DLY_INVOICE_COND" FROMINSTANCETYPE ="Source Qualifier" TOFIELD ="pricing_unit_2" TOINSTANCE ="EXP_TRIMMING_FIELDS" TOINSTANCETYPE ="Expression"/>
        <CONNECTOR FROMFIELD ="doc_cond_unit_2" FROMINSTANCE ="SQ_SAP_HBI_DW_DLY_INVOICE_COND" FROMINSTANCETYPE ="Source Qualifier" TOFIELD ="doc_cond_unit_2" TOINSTANCE ="EXP_TRIMMING_FIELDS" TOINSTANCETYPE ="Expression"/>
        <CONNECTOR FROMFIELD ="doc_cond_unit_desc_2" FROMINSTANCE ="SQ_SAP_HBI_DW_DLY_INVOICE_COND" FROMINSTANCETYPE ="Source Qualifier" TOFIELD ="doc_cond_unit_desc_2" TOINSTANCE ="EXP_TRIMMING_FIELDS" TOINSTANCETYPE ="Expression"/>
        <CONNECTOR FROMFIELD ="gl_acct_num_2" FROMINSTANCE ="SQ_SAP_HBI_DW_DLY_INVOICE_COND" FROMINSTANCETYPE ="Source Qualifier" TOFIELD ="gl_acct_num_2" TOINSTANCE ="EXP_TRIMMING_FIELDS" TOINSTANCETYPE ="Expression"/>
        <CONNECTOR FROMFIELD ="stat_ind" FROMINSTANCE ="SQ_SAP_HBI_DW_DLY_INVOICE_COND" FROMINSTANCETYPE ="Source Qualifier" TOFIELD ="stat_ind" TOINSTANCE ="EXP_TRIMMING_FIELDS" TOINSTANCETYPE ="Expression"/>
        <CONNECTOR FROMFIELD ="curr_key" FROMINSTANCE ="SQ_SAP_HBI_DW_DLY_INVOICE_COND" FROMINSTANCETYPE ="Source Qualifier" TOFIELD ="curr_key" TOINSTANCE ="EXP_TRIMMING_FIELDS" TOINSTANCETYPE ="Expression"/>
        <CONNECTOR FROMFIELD ="curr_exchange_rate" FROMINSTANCE ="SQ_SAP_HBI_DW_DLY_INVOICE_COND" FROMINSTANCETYPE ="Source Qualifier" TOFIELD ="curr_exchange_rate" TOINSTANCE ="EXP_TRIMMING_FIELDS" TOINSTANCETYPE ="Expression"/>
        <CONNECTOR FROMFIELD ="inactive_cond_ind" FROMINSTANCE ="SQ_SAP_HBI_DW_DLY_INVOICE_COND" FROMINSTANCETYPE ="Source Qualifier" TOFIELD ="inactive_cond_ind" TOINSTANCE ="EXP_TRIMMING_FIELDS" TOINSTANCETYPE ="Expression"/>
        <CONNECTOR FROMFIELD ="cond_value" FROMINSTANCE ="SQ_SAP_HBI_DW_DLY_INVOICE_COND" FROMINSTANCETYPE ="Source Qualifier" TOFIELD ="cond_value" TOINSTANCE ="EXP_TRIMMING_FIELDS" TOINSTANCETYPE ="Expression"/>
        <CONNECTOR FROMFIELD ="material_num" FROMINSTANCE ="SQ_SAP_HBI_DW_DLY_INVOICE_COND" FROMINSTANCETYPE ="Source Qualifier" TOFIELD ="material_num" TOINSTANCE ="EXP_TRIMMING_FIELDS" TOINSTANCETYPE ="Expression"/>
        <CONNECTOR FROMFIELD ="grid_value" FROMINSTANCE ="SQ_SAP_HBI_DW_DLY_INVOICE_COND" FROMINSTANCETYPE ="Source Qualifier" TOFIELD ="grid_value" TOINSTANCE ="EXP_TRIMMING_FIELDS" TOINSTANCETYPE ="Expression"/>
        <TARGETLOADORDER ORDER ="1" TARGETINSTANCE ="SAP_DLY_INVOICES_COND_STG"/>
        <ERPINFO/>
        <METADATAEXTENSION DATATYPE ="STRING" DESCRIPTION ="Conversion Mapping Name with version " DOMAINNAME ="User Defined Metadata Domain" ISCLIENTEDITABLE ="YES" ISCLIENTVISIBLE ="YES" ISREUSABLE ="NO" ISSHAREREAD ="NO" ISSHAREWRITE ="NO" MAXLENGTH ="256" NAME ="CONV_MAP_NAME" VALUE ="CR :SAP Daily Invoices v30.4" VENDORNAME ="INFORMATICA"/>
    </MAPPING>
    <CONFIG DESCRIPTION ="Default session configuration object" ISDEFAULT ="YES" NAME ="default_session_config" VERSIONNUMBER ="1">
        <ATTRIBUTE NAME ="Advanced" VALUE =""/>
        <ATTRIBUTE NAME ="Constraint based load ordering" VALUE ="NO"/>
        <ATTRIBUTE NAME ="Cache LOOKUP() function" VALUE ="YES"/>
        <ATTRIBUTE NAME ="Default buffer block size" VALUE ="Auto"/>
        <ATTRIBUTE NAME ="Line Sequential buffer length" VALUE ="1024"/>
        <ATTRIBUTE NAME ="Maximum Memory Allowed For Auto Memory Attributes" VALUE ="512MB"/>
        <ATTRIBUTE NAME ="Maximum Percentage of Total Memory Allowed For Auto Memory Attributes" VALUE ="5"/>
        <ATTRIBUTE NAME ="Additional Concurrent Pipelines for Lookup Cache Creation" VALUE ="Auto"/>
        <ATTRIBUTE NAME ="Custom Properties" VALUE =""/>
        <ATTRIBUTE NAME ="Pre-build lookup cache" VALUE ="Auto"/>
        <ATTRIBUTE NAME ="Optimization Level" VALUE ="Medium"/>
        <ATTRIBUTE NAME ="DateTime Format String" VALUE ="MM/DD/YYYY HH24:MI:SS.US"/>
        <ATTRIBUTE NAME ="Pre 85 Timestamp Compatibility" VALUE ="NO"/>
        <ATTRIBUTE NAME ="Log Options" VALUE ="0"/>
        <ATTRIBUTE NAME ="Save session log by" VALUE ="Session runs"/>
        <ATTRIBUTE NAME ="Save session log for these runs" VALUE ="9"/>
        <ATTRIBUTE NAME ="Session Log File Max Size" VALUE ="0"/>
        <ATTRIBUTE NAME ="Session Log File Max Time Period" VALUE ="0"/>
        <ATTRIBUTE NAME ="Maximum Partial Session Log Files" VALUE ="1"/>
        <ATTRIBUTE NAME ="Writer Commit Statistics Log Frequency" VALUE ="1"/>
        <ATTRIBUTE NAME ="Writer Commit Statistics Log Interval" VALUE ="0"/>
        <ATTRIBUTE NAME ="Error handling" VALUE =""/>
        <ATTRIBUTE NAME ="Stop on errors" VALUE ="1"/>
        <ATTRIBUTE NAME ="Override tracing" VALUE ="None"/>
        <ATTRIBUTE NAME ="On Stored Procedure error" VALUE ="Stop"/>
        <ATTRIBUTE NAME ="On Pre-session command task error" VALUE ="Stop"/>
        <ATTRIBUTE NAME ="On Pre-Post SQL error" VALUE ="Stop"/>
        <ATTRIBUTE NAME ="Enable Recovery" VALUE ="NO"/>
        <ATTRIBUTE NAME ="Error Log Type" VALUE ="None"/>
        <ATTRIBUTE NAME ="Error Log Table Name Prefix" VALUE =""/>
        <ATTRIBUTE NAME ="Error Log File Name" VALUE ="PMError.log"/>
        <ATTRIBUTE NAME ="Log Source Row Data" VALUE ="NO"/>
        <ATTRIBUTE NAME ="Data Column Delimiter" VALUE ="|"/>
        <ATTRIBUTE NAME ="Partitioning Options" VALUE =""/>
        <ATTRIBUTE NAME ="Dynamic Partitioning" VALUE ="Disabled"/>
        <ATTRIBUTE NAME ="Number of Partitions" VALUE ="1"/>
        <ATTRIBUTE NAME ="Multiplication Factor" VALUE ="Auto"/>
        <ATTRIBUTE NAME ="Session on Grid" VALUE =""/>
        <ATTRIBUTE NAME ="Is Enabled" VALUE ="NO"/>
    </CONFIG>
    <SESSION DESCRIPTION ="The session loads the SAP flat file data into SAP_DLY_INVOICES_COND_STG table" ISVALID ="YES" MAPPINGNAME ="m_SAP_DLY_INVOICES_COND_STG" NAME ="s_m_SAP_DLY_INVOICES_COND_STG" REUSABLE ="YES" SORTORDER ="Binary" VERSIONNUMBER ="1">
        <SESSTRANSFORMATIONINST ISREPARTITIONPOINT ="YES" PARTITIONTYPE ="PASS THROUGH" PIPELINE ="1" SINSTANCENAME ="SAP_DLY_INVOICES_COND_STG" STAGE ="1" TRANSFORMATIONNAME ="SAP_DLY_INVOICES_COND_STG" TRANSFORMATIONTYPE ="Target Definition"/>
        <SESSTRANSFORMATIONINST ISREPARTITIONPOINT ="YES" PARTITIONTYPE ="PASS THROUGH" PIPELINE ="1" SINSTANCENAME ="SQ_SAP_HBI_DW_DLY_INVOICE_COND" STAGE ="2" TRANSFORMATIONNAME ="SQ_SAP_HBI_DW_DLY_INVOICE_COND" TRANSFORMATIONTYPE ="Source Qualifier"/>
        <SESSTRANSFORMATIONINST ISREPARTITIONPOINT ="NO" PIPELINE ="0" SINSTANCENAME ="SAP_HBI_DW_DLY_INVOICE_COND" STAGE ="0" TRANSFORMATIONNAME ="SAP_HBI_DW_DLY_INVOICE_COND" TRANSFORMATIONTYPE ="Source Definition">
            <FLATFILE CODEPAGE ="US-ASCII" CONSECDELIMITERSASONE ="NO" DELIMITED ="YES" DELIMITERS ="," ESCAPE_CHARACTER ="" KEEPESCAPECHAR ="NO" LINESEQUENTIAL ="NO" MULTIDELIMITERSASAND ="NO" NULLCHARTYPE ="ASCII" NULL_CHARACTER ="*" PADBYTES ="1" QUOTE_CHARACTER ="DOUBLE" REPEATABLE ="NO" ROWDELIMITER ="0" SKIPROWS ="0" STRIPTRAILINGBLANKS ="NO"/>
        </SESSTRANSFORMATIONINST>
        <SESSTRANSFORMATIONINST ISREPARTITIONPOINT ="NO" PIPELINE ="1" SINSTANCENAME ="EXP_TRIMMING_FIELDS" STAGE ="2" TRANSFORMATIONNAME ="EXP_TRIMMING_FIELDS" TRANSFORMATIONTYPE ="Expression">
            <PARTITION DESCRIPTION ="" NAME ="Partition #1"/>
        </SESSTRANSFORMATIONINST>
        <CONFIGREFERENCE REFOBJECTNAME ="default_session_config" TYPE ="Session config">
            <ATTRIBUTE NAME ="Save session log for these runs" VALUE ="9"/>
            <ATTRIBUTE NAME ="Stop on errors" VALUE ="1"/>
        </CONFIGREFERENCE>
        <SESSIONEXTENSION NAME ="Relational Writer" SINSTANCENAME ="SAP_DLY_INVOICES_COND_STG" SUBTYPE ="Relational Writer" TRANSFORMATIONTYPE ="Target Definition" TYPE ="WRITER">
            <CONNECTIONREFERENCE CNXREFNAME ="DB Connection" CONNECTIONNAME ="SLBADW" CONNECTIONNUMBER ="1" CONNECTIONSUBTYPE ="Oracle" CONNECTIONTYPE ="Relational" VARIABLE =""/>
            <ATTRIBUTE NAME ="Target load type" VALUE ="Normal"/>
            <ATTRIBUTE NAME ="Insert" VALUE ="YES"/>
            <ATTRIBUTE NAME ="Update as Update" VALUE ="NO"/>
            <ATTRIBUTE NAME ="Update as Insert" VALUE ="NO"/>
            <ATTRIBUTE NAME ="Update else Insert" VALUE ="NO"/>
            <ATTRIBUTE NAME ="Delete" VALUE ="NO"/>
            <ATTRIBUTE NAME ="Truncate target table option" VALUE ="NO"/>
            <ATTRIBUTE NAME ="Reject file directory" VALUE ="$PMBadFileDir&#x5c;ONE_ON_ONE_OTC&#x5c;BAD&#x5c;"/>
            <ATTRIBUTE NAME ="Reject filename" VALUE ="s_m_sap_dly_invoices_cond_stg.bad"/>
        </SESSIONEXTENSION>
        <SESSIONEXTENSION NAME ="File Reader" SINSTANCENAME ="SQ_SAP_HBI_DW_DLY_INVOICE_COND" SUBTYPE ="File Reader" TRANSFORMATIONTYPE ="Source Qualifier" TYPE ="READER"/>
        <SESSIONEXTENSION DSQINSTNAME ="SQ_SAP_HBI_DW_DLY_INVOICE_COND" DSQINSTTYPE ="Source Qualifier" NAME ="File Reader" SINSTANCENAME ="SAP_HBI_DW_DLY_INVOICE_COND" SUBTYPE ="File Reader" TRANSFORMATIONTYPE ="Source Definition" TYPE ="READER">
            <CONNECTIONREFERENCE CNXREFNAME ="Connection" CONNECTIONNAME ="" CONNECTIONNUMBER ="1" CONNECTIONSUBTYPE ="" CONNECTIONTYPE ="" VARIABLE =""/>
            <ATTRIBUTE NAME ="Input Type" VALUE ="File"/>
            <ATTRIBUTE NAME ="Concurrent read partitioning" VALUE ="Optimize throughput"/>
            <ATTRIBUTE NAME ="Command Type" VALUE ="Command Generating Data"/>
            <ATTRIBUTE NAME ="Source filetype" VALUE ="Direct"/>
            <ATTRIBUTE NAME ="Source file directory" VALUE ="$PMSourceFileDir&#x5c;ONE_ON_ONE_OTC&#x5c;SRC&#x5c;"/>
            <ATTRIBUTE NAME ="Source filename" VALUE ="SAP_HBI_DW_DLY_INVOICE_COND.txt"/>
            <ATTRIBUTE NAME ="Command" VALUE =""/>
            <ATTRIBUTE NAME ="File Reader Truncate String Null" VALUE ="NO"/>
            <ATTRIBUTE NAME ="Codepage Parameter" VALUE =""/>
        </SESSIONEXTENSION>
        <ATTRIBUTE NAME ="General Options" VALUE =""/>
        <ATTRIBUTE NAME ="Write Backward Compatible Session Log File" VALUE ="YES"/>
        <ATTRIBUTE NAME ="Session Log File Name" VALUE ="s_m_SAP_DLY_INVOICES_COND_STG.log"/>
        <ATTRIBUTE NAME ="Session Log File directory" VALUE ="$PMSessionLogDir&#x5c;ONE_ON_ONE_OTC&#x5c;LOG&#x5c;"/>
        <ATTRIBUTE NAME ="Parameter Filename" VALUE =""/>
        <ATTRIBUTE NAME ="Enable Test Load" VALUE ="NO"/>
        <ATTRIBUTE NAME ="$Source connection value" VALUE =""/>
        <ATTRIBUTE NAME ="$Target connection value" VALUE =""/>
        <ATTRIBUTE NAME ="Treat source rows as" VALUE ="Insert"/>
        <ATTRIBUTE NAME ="Commit Type" VALUE ="Target"/>
        <ATTRIBUTE NAME ="Commit Interval" VALUE ="2000000"/>
        <ATTRIBUTE NAME ="Commit On End Of File" VALUE ="YES"/>
        <ATTRIBUTE NAME ="Rollback Transactions on Errors" VALUE ="NO"/>
        <ATTRIBUTE NAME ="Recovery Strategy" VALUE ="Restart task"/>
        <ATTRIBUTE NAME ="Java Classpath" VALUE =""/>
        <ATTRIBUTE NAME ="Performance" VALUE =""/>
        <ATTRIBUTE NAME ="DTM buffer size" VALUE ="Auto"/>
        <ATTRIBUTE NAME ="Collect performance data" VALUE ="NO"/>
        <ATTRIBUTE NAME ="Write performance data to repository" VALUE ="NO"/>
        <ATTRIBUTE NAME ="Incremental Aggregation" VALUE ="NO"/>
        <ATTRIBUTE NAME ="Enable high precision" VALUE ="NO"/>
        <ATTRIBUTE NAME ="Session retry on deadlock" VALUE ="NO"/>
        <ATTRIBUTE NAME ="Pushdown Optimization" VALUE ="None"/>
        <ATTRIBUTE NAME ="Allow Temporary View for Pushdown" VALUE ="NO"/>
        <ATTRIBUTE NAME ="Allow Temporary Sequence for Pushdown" VALUE ="NO"/>
        <ATTRIBUTE NAME ="Allow Pushdown for User Incompatible Connections" VALUE ="NO"/>
        <METADATAEXTENSION DATATYPE ="STRING" DESCRIPTION ="Conversion Mapping  Name with version " DOMAINNAME ="User Defined Metadata Domain" ISCLIENTEDITABLE ="YES" ISCLIENTVISIBLE ="YES" ISREUSABLE ="NO" ISSHAREREAD ="NO" ISSHAREWRITE ="NO" MAXLENGTH ="256" NAME ="CONV_MAP_NAME" VALUE ="" VENDORNAME ="INFORMATICA"/>
    </SESSION>
    <WORKFLOW DESCRIPTION ="The session loads the SAP flat file data into SAP_DLY_INVOICES_COND_STG table" ISENABLED ="YES" ISRUNNABLESERVICE ="NO" ISSERVICE ="NO" ISVALID ="YES" NAME ="wf_s_m_SAP_DLY_INVOICES_COND_STG" REUSABLE_SCHEDULER ="NO" SCHEDULERNAME ="Scheduler" SERVERNAME ="Domain10_PRD_Int_Svc" SERVER_DOMAINNAME ="Domain10_PRD" SUSPEND_ON_ERROR ="NO" TASKS_MUST_RUN_ON_SERVER ="NO" VERSIONNUMBER ="1">
        <SCHEDULER DESCRIPTION ="" NAME ="Scheduler" REUSABLE ="NO" VERSIONNUMBER ="1">
            <SCHEDULEINFO SCHEDULETYPE ="ONDEMAND"/>
        </SCHEDULER>
        <TASK DESCRIPTION ="" NAME ="Start" REUSABLE ="NO" TYPE ="Start" VERSIONNUMBER ="1"/>
        <TASKINSTANCE DESCRIPTION ="The session loads the SAP flat file data into SAP_DLY_INVOICES_COND_STG table" FAIL_PARENT_IF_INSTANCE_DID_NOT_RUN ="YES" FAIL_PARENT_IF_INSTANCE_FAILS ="YES" ISENABLED ="YES" NAME ="s_m_SAP_DLY_INVOICES_COND_STG" REUSABLE ="YES" TASKNAME ="s_m_SAP_DLY_INVOICES_COND_STG" TASKTYPE ="Session" TREAT_INPUTLINK_AS_AND ="NO"/>
        <TASKINSTANCE DESCRIPTION ="" ISENABLED ="YES" NAME ="Start" REUSABLE ="NO" TASKNAME ="Start" TASKTYPE ="Start"/>
        <WORKFLOWLINK CONDITION ="" FROMTASK ="Start" TOTASK ="s_m_SAP_DLY_INVOICES_COND_STG"/>
        <WORKFLOWVARIABLE DATATYPE ="date/time" DEFAULTVALUE ="" DESCRIPTION ="The time this task started" ISNULL ="NO" ISPERSISTENT ="NO" NAME ="$s_m_SAP_DLY_INVOICES_COND_STG.StartTime" USERDEFINED ="NO"/>
        <WORKFLOWVARIABLE DATATYPE ="date/time" DEFAULTVALUE ="" DESCRIPTION ="The time this task completed" ISNULL ="NO" ISPERSISTENT ="NO" NAME ="$s_m_SAP_DLY_INVOICES_COND_STG.EndTime" USERDEFINED ="NO"/>
        <WORKFLOWVARIABLE DATATYPE ="integer" DEFAULTVALUE ="" DESCRIPTION ="Status of this task&apos;s execution" ISNULL ="NO" ISPERSISTENT ="NO" NAME ="$s_m_SAP_DLY_INVOICES_COND_STG.Status" USERDEFINED ="NO"/>
        <WORKFLOWVARIABLE DATATYPE ="integer" DEFAULTVALUE ="" DESCRIPTION ="Status of the previous task that is not disabled" ISNULL ="NO" ISPERSISTENT ="NO" NAME ="$s_m_SAP_DLY_INVOICES_COND_STG.PrevTaskStatus" USERDEFINED ="NO"/>
        <WORKFLOWVARIABLE DATATYPE ="integer" DEFAULTVALUE ="" DESCRIPTION ="Error code for this task&apos;s execution" ISNULL ="NO" ISPERSISTENT ="NO" NAME ="$s_m_SAP_DLY_INVOICES_COND_STG.ErrorCode" USERDEFINED ="NO"/>
        <WORKFLOWVARIABLE DATATYPE ="string" DEFAULTVALUE ="" DESCRIPTION ="Error message for this task&apos;s execution" ISNULL ="NO" ISPERSISTENT ="NO" NAME ="$s_m_SAP_DLY_INVOICES_COND_STG.ErrorMsg" USERDEFINED ="NO"/>
        <WORKFLOWVARIABLE DATATYPE ="integer" DEFAULTVALUE ="" DESCRIPTION ="Rows successfully read" ISNULL ="NO" ISPERSISTENT ="NO" NAME ="$s_m_SAP_DLY_INVOICES_COND_STG.SrcSuccessRows" USERDEFINED ="NO"/>
        <WORKFLOWVARIABLE DATATYPE ="integer" DEFAULTVALUE ="" DESCRIPTION ="Rows failed to read" ISNULL ="NO" ISPERSISTENT ="NO" NAME ="$s_m_SAP_DLY_INVOICES_COND_STG.SrcFailedRows" USERDEFINED ="NO"/>
        <WORKFLOWVARIABLE DATATYPE ="integer" DEFAULTVALUE ="" DESCRIPTION ="Rows successfully loaded" ISNULL ="NO" ISPERSISTENT ="NO" NAME ="$s_m_SAP_DLY_INVOICES_COND_STG.TgtSuccessRows" USERDEFINED ="NO"/>
        <WORKFLOWVARIABLE DATATYPE ="integer" DEFAULTVALUE ="" DESCRIPTION ="Rows failed to load" ISNULL ="NO" ISPERSISTENT ="NO" NAME ="$s_m_SAP_DLY_INVOICES_COND_STG.TgtFailedRows" USERDEFINED ="NO"/>
        <WORKFLOWVARIABLE DATATYPE ="integer" DEFAULTVALUE ="" DESCRIPTION ="Total number of transformation errors" ISNULL ="NO" ISPERSISTENT ="NO" NAME ="$s_m_SAP_DLY_INVOICES_COND_STG.TotalTransErrors" USERDEFINED ="NO"/>
        <WORKFLOWVARIABLE DATATYPE ="integer" DEFAULTVALUE ="" DESCRIPTION ="First error code" ISNULL ="NO" ISPERSISTENT ="NO" NAME ="$s_m_SAP_DLY_INVOICES_COND_STG.FirstErrorCode" USERDEFINED ="NO"/>
        <WORKFLOWVARIABLE DATATYPE ="string" DEFAULTVALUE ="" DESCRIPTION ="First error message" ISNULL ="NO" ISPERSISTENT ="NO" NAME ="$s_m_SAP_DLY_INVOICES_COND_STG.FirstErrorMsg" USERDEFINED ="NO"/>
        <WORKFLOWVARIABLE DATATYPE ="date/time" DEFAULTVALUE ="" DESCRIPTION ="The time this task started" ISNULL ="NO" ISPERSISTENT ="NO" NAME ="$Start.StartTime" USERDEFINED ="NO"/>
        <WORKFLOWVARIABLE DATATYPE ="date/time" DEFAULTVALUE ="" DESCRIPTION ="The time this task completed" ISNULL ="NO" ISPERSISTENT ="NO" NAME ="$Start.EndTime" USERDEFINED ="NO"/>
        <WORKFLOWVARIABLE DATATYPE ="integer" DEFAULTVALUE ="" DESCRIPTION ="Status of this task&apos;s execution" ISNULL ="NO" ISPERSISTENT ="NO" NAME ="$Start.Status" USERDEFINED ="NO"/>
        <WORKFLOWVARIABLE DATATYPE ="integer" DEFAULTVALUE ="" DESCRIPTION ="Status of the previous task that is not disabled" ISNULL ="NO" ISPERSISTENT ="NO" NAME ="$Start.PrevTaskStatus" USERDEFINED ="NO"/>
        <WORKFLOWVARIABLE DATATYPE ="integer" DEFAULTVALUE ="" DESCRIPTION ="Error code for this task&apos;s execution" ISNULL ="NO" ISPERSISTENT ="NO" NAME ="$Start.ErrorCode" USERDEFINED ="NO"/>
        <WORKFLOWVARIABLE DATATYPE ="string" DEFAULTVALUE ="" DESCRIPTION ="Error message for this task&apos;s execution" ISNULL ="NO" ISPERSISTENT ="NO" NAME ="$Start.ErrorMsg" USERDEFINED ="NO"/>
        <ATTRIBUTE NAME ="Parameter Filename" VALUE =""/>
        <ATTRIBUTE NAME ="Write Backward Compatible Workflow Log File" VALUE ="YES"/>
        <ATTRIBUTE NAME ="Workflow Log File Name" VALUE ="wf_s_m_SAP_DLY_INVOICES_COND_STG.log"/>
        <ATTRIBUTE NAME ="Workflow Log File Directory" VALUE ="$PMWorkflowLogDir&#x5c;ONE_ON_ONE_OTC&#x5c;LOG&#x5c;"/>
        <ATTRIBUTE NAME ="Save Workflow log by" VALUE ="By runs"/>
        <ATTRIBUTE NAME ="Save workflow log for these runs" VALUE ="9"/>
        <ATTRIBUTE NAME ="Service Name" VALUE =""/>
        <ATTRIBUTE NAME ="Service Timeout" VALUE ="0"/>
        <ATTRIBUTE NAME ="Is Service Visible" VALUE ="NO"/>
        <ATTRIBUTE NAME ="Is Service Protected" VALUE ="NO"/>
        <ATTRIBUTE NAME ="Fail task after wait time" VALUE ="0"/>
        <ATTRIBUTE NAME ="Enable HA recovery" VALUE ="NO"/>
        <ATTRIBUTE NAME ="Automatically recover terminated tasks" VALUE ="NO"/>
        <ATTRIBUTE NAME ="Service Level Name" VALUE ="Default"/>
        <ATTRIBUTE NAME ="Allow concurrent run with unique run instance name" VALUE ="NO"/>
        <ATTRIBUTE NAME ="Allow concurrent run with same run instance name" VALUE ="NO"/>
        <ATTRIBUTE NAME ="Maximum number of concurrent runs" VALUE ="0"/>
        <ATTRIBUTE NAME ="Assigned Web Services Hubs" VALUE =""/>
        <ATTRIBUTE NAME ="Maximum number of concurrent runs per Hub" VALUE ="1000"/>
        <ATTRIBUTE NAME ="Expected Service Time" VALUE ="1"/>
        <METADATAEXTENSION DATATYPE ="STRING" DESCRIPTION ="Conversion Mapping Name with version " DOMAINNAME ="User Defined Metadata Domain" ISCLIENTEDITABLE ="YES" ISCLIENTVISIBLE ="YES" ISREUSABLE ="NO" ISSHAREREAD ="NO" ISSHAREWRITE ="NO" MAXLENGTH ="256" NAME ="CONV_MAP_NAME" VALUE ="" VENDORNAME ="INFORMATICA"/>
        <METADATAEXTENSION DATATYPE ="STRING" DESCRIPTION ="" DOMAINNAME ="User Defined Metadata Domain" ISCLIENTEDITABLE ="YES" ISCLIENTVISIBLE ="YES" ISREUSABLE ="NO" ISSHAREREAD ="NO" ISSHAREWRITE ="NO" MAXLENGTH ="256" NAME ="Extension" VALUE ="CM - MarginLoss - stgMarginLossExpenseToStgFactSalesNew v1.0" VENDORNAME ="INFORMATICA"/>
    </WORKFLOW>
</FOLDER>
</REPOSITORY>
</POWERMART>