<?xml version="1.0" encoding="Windows-1252"?>
<!DOCTYPE POWERMART SYSTEM "powrmart.dtd">
<POWERMART CREATION_DATE="05/20/2024 10:33:01" REPOSITORY_VERSION="187.96">
<REPOSITORY NAME="Domain10_Rep_Svc_Prd" VERSION="187" CODEPAGE="MS1252" DATABASETYPE="Microsoft SQL Server">
<FOLDER NAME="ONE_ON_ONE_OTC" GROUP="" OWNER="Administrator" SHARED="NOTSHARED" DESCRIPTION="" PERMISSIONS="rwx---r--" UUID="8627c2fd-2fe8-4f83-88bf-e34259bd5762">
    <SOURCE BUSINESSNAME ="" DATABASETYPE ="Flat File" DBDNAME ="Flat_File" DESCRIPTION ="Source Defintion for SAP_HBI_DW_DLY_SALES_ORDERS" NAME ="SAP_HBI_DW_DLY_SALES_ORDERS" OBJECTVERSION ="1" OWNERNAME ="" VERSIONNUMBER ="1">
        <FLATFILE CODEPAGE ="US-ASCII" CONSECDELIMITERSASONE ="NO" DELIMITED ="YES" DELIMITERS ="," ESCAPE_CHARACTER ="" KEEPESCAPECHAR ="NO" LINESEQUENTIAL ="NO" MULTIDELIMITERSASAND ="NO" NULLCHARTYPE ="ASCII" NULL_CHARACTER ="*" PADBYTES ="1" QUOTE_CHARACTER ="DOUBLE" REPEATABLE ="NO" ROWDELIMITER ="0" SHIFTSENSITIVEDATA ="NO" SKIPROWS ="0" STRIPTRAILINGBLANKS ="NO"/>
        <TABLEATTRIBUTE NAME ="Base Table Name" VALUE =""/>
        <TABLEATTRIBUTE NAME ="Search Specification" VALUE =""/>
        <TABLEATTRIBUTE NAME ="Sort Specification" VALUE =""/>
        <TABLEATTRIBUTE NAME ="Datetime Format" VALUE ="A  19 mm/dd/yyyy hh24:mi:ss"/>
        <TABLEATTRIBUTE NAME ="Thousand Separator" VALUE ="None"/>
        <TABLEATTRIBUTE NAME ="Decimal Separator" VALUE ="."/>
        <TABLEATTRIBUTE NAME ="Add Currently Processed Flat File Name Port" VALUE ="NO"/>
        <TABLEATTRIBUTE NAME ="Source TimeStamp" VALUE =""/>
        <SOURCEFIELD BUSINESSNAME ="" DATATYPE ="string" DESCRIPTION ="" FIELDNUMBER ="1" FIELDPROPERTY ="0" FIELDTYPE ="ELEMITEM" HIDDEN ="NO" KEYTYPE ="NOT A KEY" LENGTH ="10" LEVEL ="0" NAME ="doc_num" NULLABLE ="NULL" OCCURS ="0" OFFSET ="0" PHYSICALLENGTH ="10" PHYSICALOFFSET ="0" PICTURETEXT ="" PRECISION ="10" SCALE ="0" USAGE_FLAGS =""/>
        <SOURCEFIELD BUSINESSNAME ="" DATATYPE ="string" DESCRIPTION ="" FIELDNUMBER ="2" FIELDPROPERTY ="0" FIELDTYPE ="ELEMITEM" HIDDEN ="NO" KEYTYPE ="NOT A KEY" LENGTH ="1" LEVEL ="0" NAME ="proc_stat" NULLABLE ="NULL" OCCURS ="0" OFFSET ="10" PHYSICALLENGTH ="1" PHYSICALOFFSET ="10" PICTURETEXT ="" PRECISION ="1" SCALE ="0" USAGE_FLAGS =""/>
        <SOURCEFIELD BUSINESSNAME ="" DATATYPE ="string" DESCRIPTION ="" FIELDNUMBER ="3" FIELDPROPERTY ="0" FIELDTYPE ="ELEMITEM" HIDDEN ="NO" KEYTYPE ="NOT A KEY" LENGTH ="30" LEVEL ="0" NAME ="proc_stat_desc" NULLABLE ="NULL" OCCURS ="0" OFFSET ="11" PHYSICALLENGTH ="30" PHYSICALOFFSET ="11" PICTURETEXT ="" PRECISION ="30" SCALE ="0" USAGE_FLAGS =""/>
        <SOURCEFIELD BUSINESSNAME ="" DATATYPE ="string" DESCRIPTION ="" FIELDNUMBER ="4" FIELDPROPERTY ="0" FIELDTYPE ="ELEMITEM" HIDDEN ="NO" KEYTYPE ="NOT A KEY" LENGTH ="1" LEVEL ="0" NAME ="doc_typ" NULLABLE ="NULL" OCCURS ="0" OFFSET ="41" PHYSICALLENGTH ="1" PHYSICALOFFSET ="41" PICTURETEXT ="" PRECISION ="1" SCALE ="0" USAGE_FLAGS =""/>
        <SOURCEFIELD BUSINESSNAME ="" DATATYPE ="string" DESCRIPTION ="" FIELDNUMBER ="5" FIELDPROPERTY ="0" FIELDTYPE ="ELEMITEM" HIDDEN ="NO" KEYTYPE ="NOT A KEY" LENGTH ="1" LEVEL ="0" NAME ="delv_stat" NULLABLE ="NULL" OCCURS ="0" OFFSET ="42" PHYSICALLENGTH ="1" PHYSICALOFFSET ="42" PICTURETEXT ="" PRECISION ="1" SCALE ="0" USAGE_FLAGS =""/>
        <SOURCEFIELD BUSINESSNAME ="" DATATYPE ="string" DESCRIPTION ="" FIELDNUMBER ="6" FIELDPROPERTY ="0" FIELDTYPE ="ELEMITEM" HIDDEN ="NO" KEYTYPE ="NOT A KEY" LENGTH ="30" LEVEL ="0" NAME ="delv_stat_desc" NULLABLE ="NULL" OCCURS ="0" OFFSET ="43" PHYSICALLENGTH ="30" PHYSICALOFFSET ="43" PICTURETEXT ="" PRECISION ="30" SCALE ="0" USAGE_FLAGS =""/>
        <SOURCEFIELD BUSINESSNAME ="" DATATYPE ="string" DESCRIPTION ="" FIELDNUMBER ="7" FIELDPROPERTY ="0" FIELDTYPE ="ELEMITEM" HIDDEN ="NO" KEYTYPE ="NOT A KEY" LENGTH ="10" LEVEL ="0" NAME ="soldto_cust" NULLABLE ="NULL" OCCURS ="0" OFFSET ="73" PHYSICALLENGTH ="10" PHYSICALOFFSET ="73" PICTURETEXT ="" PRECISION ="10" SCALE ="0" USAGE_FLAGS =""/>
        <SOURCEFIELD BUSINESSNAME ="" DATATYPE ="string" DESCRIPTION ="" FIELDNUMBER ="8" FIELDPROPERTY ="0" FIELDTYPE ="ELEMITEM" HIDDEN ="NO" KEYTYPE ="NOT A KEY" LENGTH ="10" LEVEL ="0" NAME ="shipto_cust" NULLABLE ="NULL" OCCURS ="0" OFFSET ="83" PHYSICALLENGTH ="10" PHYSICALOFFSET ="83" PICTURETEXT ="" PRECISION ="10" SCALE ="0" USAGE_FLAGS =""/>
        <SOURCEFIELD BUSINESSNAME ="" DATATYPE ="string" DESCRIPTION ="" FIELDNUMBER ="9" FIELDPROPERTY ="0" FIELDTYPE ="ELEMITEM" HIDDEN ="NO" KEYTYPE ="NOT A KEY" LENGTH ="10" LEVEL ="0" NAME ="vend_acct" NULLABLE ="NULL" OCCURS ="0" OFFSET ="93" PHYSICALLENGTH ="10" PHYSICALOFFSET ="93" PICTURETEXT ="" PRECISION ="10" SCALE ="0" USAGE_FLAGS =""/>
        <SOURCEFIELD BUSINESSNAME ="" DATATYPE ="string" DESCRIPTION ="" FIELDNUMBER ="10" FIELDPROPERTY ="0" FIELDTYPE ="ELEMITEM" HIDDEN ="NO" KEYTYPE ="NOT A KEY" LENGTH ="10" LEVEL ="0" NAME ="sales_rep" NULLABLE ="NULL" OCCURS ="0" OFFSET ="103" PHYSICALLENGTH ="10" PHYSICALOFFSET ="103" PICTURETEXT ="" PRECISION ="10" SCALE ="0" USAGE_FLAGS =""/>
        <SOURCEFIELD BUSINESSNAME ="" DATATYPE ="string" DESCRIPTION ="" FIELDNUMBER ="11" FIELDPROPERTY ="0" FIELDTYPE ="ELEMITEM" HIDDEN ="NO" KEYTYPE ="NOT A KEY" LENGTH ="1" LEVEL ="0" NAME ="add_ind" NULLABLE ="NULL" OCCURS ="0" OFFSET ="113" PHYSICALLENGTH ="1" PHYSICALOFFSET ="113" PICTURETEXT ="" PRECISION ="1" SCALE ="0" USAGE_FLAGS =""/>
        <SOURCEFIELD BUSINESSNAME ="" DATATYPE ="string" DESCRIPTION ="" FIELDNUMBER ="12" FIELDPROPERTY ="0" FIELDTYPE ="ELEMITEM" HIDDEN ="NO" KEYTYPE ="NOT A KEY" LENGTH ="50" LEVEL ="0" NAME ="add_ind_desc" NULLABLE ="NULL" OCCURS ="0" OFFSET ="114" PHYSICALLENGTH ="50" PHYSICALOFFSET ="114" PICTURETEXT ="" PRECISION ="50" SCALE ="0" USAGE_FLAGS =""/>
        <SOURCEFIELD BUSINESSNAME ="" DATATYPE ="string" DESCRIPTION ="" FIELDNUMBER ="13" FIELDPROPERTY ="0" FIELDTYPE ="ELEMITEM" HIDDEN ="NO" KEYTYPE ="NOT A KEY" LENGTH ="8" LEVEL ="0" NAME ="doc_create_date" NULLABLE ="NULL" OCCURS ="0" OFFSET ="164" PHYSICALLENGTH ="8" PHYSICALOFFSET ="164" PICTURETEXT ="" PRECISION ="8" SCALE ="0" USAGE_FLAGS =""/>
        <SOURCEFIELD BUSINESSNAME ="" DATATYPE ="string" DESCRIPTION ="" FIELDNUMBER ="14" FIELDPROPERTY ="0" FIELDTYPE ="ELEMITEM" HIDDEN ="NO" KEYTYPE ="NOT A KEY" LENGTH ="6" LEVEL ="0" NAME ="doc_create_time" NULLABLE ="NULL" OCCURS ="0" OFFSET ="172" PHYSICALLENGTH ="6" PHYSICALOFFSET ="172" PICTURETEXT ="" PRECISION ="6" SCALE ="0" USAGE_FLAGS =""/>
        <SOURCEFIELD BUSINESSNAME ="" DATATYPE ="string" DESCRIPTION ="" FIELDNUMBER ="15" FIELDPROPERTY ="0" FIELDTYPE ="ELEMITEM" HIDDEN ="NO" KEYTYPE ="NOT A KEY" LENGTH ="1" LEVEL ="0" NAME ="doc_catg" NULLABLE ="NULL" OCCURS ="0" OFFSET ="178" PHYSICALLENGTH ="1" PHYSICALOFFSET ="178" PICTURETEXT ="" PRECISION ="1" SCALE ="0" USAGE_FLAGS =""/>
        <SOURCEFIELD BUSINESSNAME ="" DATATYPE ="string" DESCRIPTION ="" FIELDNUMBER ="16" FIELDPROPERTY ="0" FIELDTYPE ="ELEMITEM" HIDDEN ="NO" KEYTYPE ="NOT A KEY" LENGTH ="30" LEVEL ="0" NAME ="doc_catg_desc" NULLABLE ="NULL" OCCURS ="0" OFFSET ="179" PHYSICALLENGTH ="30" PHYSICALOFFSET ="179" PICTURETEXT ="" PRECISION ="30" SCALE ="0" USAGE_FLAGS =""/>
        <SOURCEFIELD BUSINESSNAME ="" DATATYPE ="string" DESCRIPTION ="" FIELDNUMBER ="17" FIELDPROPERTY ="0" FIELDTYPE ="ELEMITEM" HIDDEN ="NO" KEYTYPE ="NOT A KEY" LENGTH ="4" LEVEL ="0" NAME ="sales_doc_type" NULLABLE ="NULL" OCCURS ="0" OFFSET ="209" PHYSICALLENGTH ="4" PHYSICALOFFSET ="209" PICTURETEXT ="" PRECISION ="4" SCALE ="0" USAGE_FLAGS =""/>
        <SOURCEFIELD BUSINESSNAME ="" DATATYPE ="string" DESCRIPTION ="" FIELDNUMBER ="18" FIELDPROPERTY ="0" FIELDTYPE ="ELEMITEM" HIDDEN ="NO" KEYTYPE ="NOT A KEY" LENGTH ="30" LEVEL ="0" NAME ="sales_doc_type_desc" NULLABLE ="NULL" OCCURS ="0" OFFSET ="213" PHYSICALLENGTH ="30" PHYSICALOFFSET ="213" PICTURETEXT ="" PRECISION ="30" SCALE ="0" USAGE_FLAGS =""/>
        <SOURCEFIELD BUSINESSNAME ="" DATATYPE ="string" DESCRIPTION ="" FIELDNUMBER ="19" FIELDPROPERTY ="0" FIELDTYPE ="ELEMITEM" HIDDEN ="NO" KEYTYPE ="NOT A KEY" LENGTH ="3" LEVEL ="0" NAME ="order_reas" NULLABLE ="NULL" OCCURS ="0" OFFSET ="243" PHYSICALLENGTH ="3" PHYSICALOFFSET ="243" PICTURETEXT ="" PRECISION ="3" SCALE ="0" USAGE_FLAGS =""/>
        <SOURCEFIELD BUSINESSNAME ="" DATATYPE ="string" DESCRIPTION ="" FIELDNUMBER ="20" FIELDPROPERTY ="0" FIELDTYPE ="ELEMITEM" HIDDEN ="NO" KEYTYPE ="NOT A KEY" LENGTH ="50" LEVEL ="0" NAME ="order_reas_desc" NULLABLE ="NULL" OCCURS ="0" OFFSET ="246" PHYSICALLENGTH ="50" PHYSICALOFFSET ="246" PICTURETEXT ="" PRECISION ="50" SCALE ="0" USAGE_FLAGS =""/>
        <SOURCEFIELD BUSINESSNAME ="" DATATYPE ="string" DESCRIPTION ="" FIELDNUMBER ="21" FIELDPROPERTY ="0" FIELDTYPE ="ELEMITEM" HIDDEN ="NO" KEYTYPE ="NOT A KEY" LENGTH ="5" LEVEL ="0" NAME ="doc_curr" NULLABLE ="NULL" OCCURS ="0" OFFSET ="296" PHYSICALLENGTH ="5" PHYSICALOFFSET ="296" PICTURETEXT ="" PRECISION ="5" SCALE ="0" USAGE_FLAGS =""/>
        <SOURCEFIELD BUSINESSNAME ="" DATATYPE ="string" DESCRIPTION ="" FIELDNUMBER ="22" FIELDPROPERTY ="0" FIELDTYPE ="ELEMITEM" HIDDEN ="NO" KEYTYPE ="NOT A KEY" LENGTH ="30" LEVEL ="0" NAME ="doc_curr_desc" NULLABLE ="NULL" OCCURS ="0" OFFSET ="301" PHYSICALLENGTH ="30" PHYSICALOFFSET ="301" PICTURETEXT ="" PRECISION ="30" SCALE ="0" USAGE_FLAGS =""/>
        <SOURCEFIELD BUSINESSNAME ="" DATATYPE ="string" DESCRIPTION ="" FIELDNUMBER ="23" FIELDPROPERTY ="0" FIELDTYPE ="ELEMITEM" HIDDEN ="NO" KEYTYPE ="NOT A KEY" LENGTH ="4" LEVEL ="0" NAME ="sales_org" NULLABLE ="NULL" OCCURS ="0" OFFSET ="331" PHYSICALLENGTH ="4" PHYSICALOFFSET ="331" PICTURETEXT ="" PRECISION ="4" SCALE ="0" USAGE_FLAGS =""/>
        <SOURCEFIELD BUSINESSNAME ="" DATATYPE ="string" DESCRIPTION ="" FIELDNUMBER ="24" FIELDPROPERTY ="0" FIELDTYPE ="ELEMITEM" HIDDEN ="NO" KEYTYPE ="NOT A KEY" LENGTH ="30" LEVEL ="0" NAME ="sales_org_desc" NULLABLE ="NULL" OCCURS ="0" OFFSET ="335" PHYSICALLENGTH ="30" PHYSICALOFFSET ="335" PICTURETEXT ="" PRECISION ="30" SCALE ="0" USAGE_FLAGS =""/>
        <SOURCEFIELD BUSINESSNAME ="" DATATYPE ="string" DESCRIPTION ="" FIELDNUMBER ="25" FIELDPROPERTY ="0" FIELDTYPE ="ELEMITEM" HIDDEN ="NO" KEYTYPE ="NOT A KEY" LENGTH ="2" LEVEL ="0" NAME ="dist_channel" NULLABLE ="NULL" OCCURS ="0" OFFSET ="365" PHYSICALLENGTH ="2" PHYSICALOFFSET ="365" PICTURETEXT ="" PRECISION ="2" SCALE ="0" USAGE_FLAGS =""/>
        <SOURCEFIELD BUSINESSNAME ="" DATATYPE ="string" DESCRIPTION ="" FIELDNUMBER ="26" FIELDPROPERTY ="0" FIELDTYPE ="ELEMITEM" HIDDEN ="NO" KEYTYPE ="NOT A KEY" LENGTH ="30" LEVEL ="0" NAME ="dist_channel_desc" NULLABLE ="NULL" OCCURS ="0" OFFSET ="367" PHYSICALLENGTH ="30" PHYSICALOFFSET ="367" PICTURETEXT ="" PRECISION ="30" SCALE ="0" USAGE_FLAGS =""/>
        <SOURCEFIELD BUSINESSNAME ="" DATATYPE ="string" DESCRIPTION ="" FIELDNUMBER ="27" FIELDPROPERTY ="0" FIELDTYPE ="ELEMITEM" HIDDEN ="NO" KEYTYPE ="NOT A KEY" LENGTH ="2" LEVEL ="0" NAME ="division" NULLABLE ="NULL" OCCURS ="0" OFFSET ="397" PHYSICALLENGTH ="2" PHYSICALOFFSET ="397" PICTURETEXT ="" PRECISION ="2" SCALE ="0" USAGE_FLAGS =""/>
        <SOURCEFIELD BUSINESSNAME ="" DATATYPE ="string" DESCRIPTION ="" FIELDNUMBER ="28" FIELDPROPERTY ="0" FIELDTYPE ="ELEMITEM" HIDDEN ="NO" KEYTYPE ="NOT A KEY" LENGTH ="30" LEVEL ="0" NAME ="division_desc" NULLABLE ="NULL" OCCURS ="0" OFFSET ="399" PHYSICALLENGTH ="30" PHYSICALOFFSET ="399" PICTURETEXT ="" PRECISION ="30" SCALE ="0" USAGE_FLAGS =""/>
        <SOURCEFIELD BUSINESSNAME ="" DATATYPE ="string" DESCRIPTION ="" FIELDNUMBER ="29" FIELDPROPERTY ="0" FIELDTYPE ="ELEMITEM" HIDDEN ="NO" KEYTYPE ="NOT A KEY" LENGTH ="20" LEVEL ="0" NAME ="po_num" NULLABLE ="NULL" OCCURS ="0" OFFSET ="429" PHYSICALLENGTH ="20" PHYSICALOFFSET ="429" PICTURETEXT ="" PRECISION ="20" SCALE ="0" USAGE_FLAGS =""/>
        <SOURCEFIELD BUSINESSNAME ="" DATATYPE ="string" DESCRIPTION ="" FIELDNUMBER ="30" FIELDPROPERTY ="0" FIELDTYPE ="ELEMITEM" HIDDEN ="NO" KEYTYPE ="NOT A KEY" LENGTH ="4" LEVEL ="0" NAME ="order_meth" NULLABLE ="NULL" OCCURS ="0" OFFSET ="449" PHYSICALLENGTH ="4" PHYSICALOFFSET ="449" PICTURETEXT ="" PRECISION ="4" SCALE ="0" USAGE_FLAGS =""/>
        <SOURCEFIELD BUSINESSNAME ="" DATATYPE ="string" DESCRIPTION ="" FIELDNUMBER ="31" FIELDPROPERTY ="0" FIELDTYPE ="ELEMITEM" HIDDEN ="NO" KEYTYPE ="NOT A KEY" LENGTH ="30" LEVEL ="0" NAME ="order_meth_desc" NULLABLE ="NULL" OCCURS ="0" OFFSET ="453" PHYSICALLENGTH ="30" PHYSICALOFFSET ="453" PICTURETEXT ="" PRECISION ="30" SCALE ="0" USAGE_FLAGS =""/>
        <SOURCEFIELD BUSINESSNAME ="" DATATYPE ="string" DESCRIPTION ="" FIELDNUMBER ="32" FIELDPROPERTY ="0" FIELDTYPE ="ELEMITEM" HIDDEN ="NO" KEYTYPE ="NOT A KEY" LENGTH ="8" LEVEL ="0" NAME ="po_date" NULLABLE ="NULL" OCCURS ="0" OFFSET ="483" PHYSICALLENGTH ="8" PHYSICALOFFSET ="483" PICTURETEXT ="" PRECISION ="8" SCALE ="0" USAGE_FLAGS =""/>
        <SOURCEFIELD BUSINESSNAME ="" DATATYPE ="string" DESCRIPTION ="" FIELDNUMBER ="33" FIELDPROPERTY ="0" FIELDTYPE ="ELEMITEM" HIDDEN ="NO" KEYTYPE ="NOT A KEY" LENGTH ="10" LEVEL ="0" NAME ="cost_ctr" NULLABLE ="NULL" OCCURS ="0" OFFSET ="491" PHYSICALLENGTH ="10" PHYSICALOFFSET ="491" PICTURETEXT ="" PRECISION ="10" SCALE ="0" USAGE_FLAGS =""/>
        <SOURCEFIELD BUSINESSNAME ="" DATATYPE ="string" DESCRIPTION ="" FIELDNUMBER ="34" FIELDPROPERTY ="0" FIELDTYPE ="ELEMITEM" HIDDEN ="NO" KEYTYPE ="NOT A KEY" LENGTH ="8" LEVEL ="0" NAME ="change_date" NULLABLE ="NULL" OCCURS ="0" OFFSET ="501" PHYSICALLENGTH ="8" PHYSICALOFFSET ="501" PICTURETEXT ="" PRECISION ="8" SCALE ="0" USAGE_FLAGS =""/>
        <SOURCEFIELD BUSINESSNAME ="" DATATYPE ="string" DESCRIPTION ="" FIELDNUMBER ="35" FIELDPROPERTY ="0" FIELDTYPE ="ELEMITEM" HIDDEN ="NO" KEYTYPE ="NOT A KEY" LENGTH ="3" LEVEL ="0" NAME ="cred_rep_grp" NULLABLE ="NULL" OCCURS ="0" OFFSET ="509" PHYSICALLENGTH ="3" PHYSICALOFFSET ="509" PICTURETEXT ="" PRECISION ="3" SCALE ="0" USAGE_FLAGS =""/>
        <SOURCEFIELD BUSINESSNAME ="" DATATYPE ="string" DESCRIPTION ="" FIELDNUMBER ="36" FIELDPROPERTY ="0" FIELDTYPE ="ELEMITEM" HIDDEN ="NO" KEYTYPE ="NOT A KEY" LENGTH ="30" LEVEL ="0" NAME ="cred_rep_grp_desc" NULLABLE ="NULL" OCCURS ="0" OFFSET ="512" PHYSICALLENGTH ="30" PHYSICALOFFSET ="512" PICTURETEXT ="" PRECISION ="30" SCALE ="0" USAGE_FLAGS =""/>
        <SOURCEFIELD BUSINESSNAME ="" DATATYPE ="string" DESCRIPTION ="" FIELDNUMBER ="37" FIELDPROPERTY ="0" FIELDTYPE ="ELEMITEM" HIDDEN ="NO" KEYTYPE ="NOT A KEY" LENGTH ="3" LEVEL ="0" NAME ="cred_risk_catg" NULLABLE ="NULL" OCCURS ="0" OFFSET ="542" PHYSICALLENGTH ="3" PHYSICALOFFSET ="542" PICTURETEXT ="" PRECISION ="3" SCALE ="0" USAGE_FLAGS =""/>
        <SOURCEFIELD BUSINESSNAME ="" DATATYPE ="string" DESCRIPTION ="" FIELDNUMBER ="38" FIELDPROPERTY ="0" FIELDTYPE ="ELEMITEM" HIDDEN ="NO" KEYTYPE ="NOT A KEY" LENGTH ="30" LEVEL ="0" NAME ="cred_risk_catg_desc" NULLABLE ="NULL" OCCURS ="0" OFFSET ="545" PHYSICALLENGTH ="30" PHYSICALOFFSET ="545" PICTURETEXT ="" PRECISION ="30" SCALE ="0" USAGE_FLAGS =""/>
        <SOURCEFIELD BUSINESSNAME ="" DATATYPE ="string" DESCRIPTION ="" FIELDNUMBER ="39" FIELDPROPERTY ="0" FIELDTYPE ="ELEMITEM" HIDDEN ="NO" KEYTYPE ="NOT A KEY" LENGTH ="8" LEVEL ="0" NAME ="valid_frm_date" NULLABLE ="NULL" OCCURS ="0" OFFSET ="575" PHYSICALLENGTH ="8" PHYSICALOFFSET ="575" PICTURETEXT ="" PRECISION ="8" SCALE ="0" USAGE_FLAGS =""/>
        <SOURCEFIELD BUSINESSNAME ="" DATATYPE ="string" DESCRIPTION ="" FIELDNUMBER ="40" FIELDPROPERTY ="0" FIELDTYPE ="ELEMITEM" HIDDEN ="NO" KEYTYPE ="NOT A KEY" LENGTH ="8" LEVEL ="0" NAME ="valid_to_date" NULLABLE ="NULL" OCCURS ="0" OFFSET ="583" PHYSICALLENGTH ="8" PHYSICALOFFSET ="583" PICTURETEXT ="" PRECISION ="8" SCALE ="0" USAGE_FLAGS =""/>
        <SOURCEFIELD BUSINESSNAME ="" DATATYPE ="string" DESCRIPTION ="" FIELDNUMBER ="41" FIELDPROPERTY ="0" FIELDTYPE ="ELEMITEM" HIDDEN ="NO" KEYTYPE ="NOT A KEY" LENGTH ="8" LEVEL ="0" NAME ="request_shp_date" NULLABLE ="NULL" OCCURS ="0" OFFSET ="591" PHYSICALLENGTH ="8" PHYSICALOFFSET ="591" PICTURETEXT ="" PRECISION ="8" SCALE ="0" USAGE_FLAGS =""/>
        <SOURCEFIELD BUSINESSNAME ="" DATATYPE ="string" DESCRIPTION ="" FIELDNUMBER ="42" FIELDPROPERTY ="0" FIELDTYPE ="ELEMITEM" HIDDEN ="NO" KEYTYPE ="NOT A KEY" LENGTH ="2" LEVEL ="0" NAME ="delv_block" NULLABLE ="NULL" OCCURS ="0" OFFSET ="599" PHYSICALLENGTH ="2" PHYSICALOFFSET ="599" PICTURETEXT ="" PRECISION ="2" SCALE ="0" USAGE_FLAGS =""/>
        <SOURCEFIELD BUSINESSNAME ="" DATATYPE ="string" DESCRIPTION ="" FIELDNUMBER ="43" FIELDPROPERTY ="0" FIELDTYPE ="ELEMITEM" HIDDEN ="NO" KEYTYPE ="NOT A KEY" LENGTH ="2" LEVEL ="0" NAME ="bill_block" NULLABLE ="NULL" OCCURS ="0" OFFSET ="601" PHYSICALLENGTH ="2" PHYSICALOFFSET ="601" PICTURETEXT ="" PRECISION ="2" SCALE ="0" USAGE_FLAGS =""/>
        <SOURCEFIELD BUSINESSNAME ="" DATATYPE ="string" DESCRIPTION ="" FIELDNUMBER ="44" FIELDPROPERTY ="0" FIELDTYPE ="ELEMITEM" HIDDEN ="NO" KEYTYPE ="NOT A KEY" LENGTH ="8" LEVEL ="0" NAME ="rels_date_by_cred" NULLABLE ="NULL" OCCURS ="0" OFFSET ="603" PHYSICALLENGTH ="8" PHYSICALOFFSET ="603" PICTURETEXT ="" PRECISION ="8" SCALE ="0" USAGE_FLAGS =""/>
        <SOURCEFIELD BUSINESSNAME ="" DATATYPE ="string" DESCRIPTION ="" FIELDNUMBER ="45" FIELDPROPERTY ="0" FIELDTYPE ="ELEMITEM" HIDDEN ="NO" KEYTYPE ="NOT A KEY" LENGTH ="8" LEVEL ="0" NAME ="pick_up_date" NULLABLE ="NULL" OCCURS ="0" OFFSET ="611" PHYSICALLENGTH ="8" PHYSICALOFFSET ="611" PICTURETEXT ="" PRECISION ="8" SCALE ="0" USAGE_FLAGS =""/>
        <SOURCEFIELD BUSINESSNAME ="" DATATYPE ="string" DESCRIPTION ="" FIELDNUMBER ="46" FIELDPROPERTY ="0" FIELDTYPE ="ELEMITEM" HIDDEN ="NO" KEYTYPE ="NOT A KEY" LENGTH ="6" LEVEL ="0" NAME ="pick_up_time" NULLABLE ="NULL" OCCURS ="0" OFFSET ="619" PHYSICALLENGTH ="6" PHYSICALOFFSET ="619" PICTURETEXT ="" PRECISION ="6" SCALE ="0" USAGE_FLAGS =""/>
        <SOURCEFIELD BUSINESSNAME ="" DATATYPE ="string" DESCRIPTION ="" FIELDNUMBER ="47" FIELDPROPERTY ="0" FIELDTYPE ="ELEMITEM" HIDDEN ="NO" KEYTYPE ="NOT A KEY" LENGTH ="10" LEVEL ="0" NAME ="dept" NULLABLE ="NULL" OCCURS ="0" OFFSET ="625" PHYSICALLENGTH ="10" PHYSICALOFFSET ="625" PICTURETEXT ="" PRECISION ="10" SCALE ="0" USAGE_FLAGS =""/>
        <SOURCEFIELD BUSINESSNAME ="" DATATYPE ="string" DESCRIPTION ="" FIELDNUMBER ="48" FIELDPROPERTY ="0" FIELDTYPE ="ELEMITEM" HIDDEN ="NO" KEYTYPE ="NOT A KEY" LENGTH ="6" LEVEL ="0" NAME ="doc_item_num" NULLABLE ="NULL" OCCURS ="0" OFFSET ="635" PHYSICALLENGTH ="6" PHYSICALOFFSET ="635" PICTURETEXT ="" PRECISION ="6" SCALE ="0" USAGE_FLAGS =""/>
        <SOURCEFIELD BUSINESSNAME ="" DATATYPE ="string" DESCRIPTION ="" FIELDNUMBER ="49" FIELDPROPERTY ="0" FIELDTYPE ="ELEMITEM" HIDDEN ="NO" KEYTYPE ="NOT A KEY" LENGTH ="18" LEVEL ="0" NAME ="material_num" NULLABLE ="NULL" OCCURS ="0" OFFSET ="641" PHYSICALLENGTH ="18" PHYSICALOFFSET ="641" PICTURETEXT ="" PRECISION ="18" SCALE ="0" USAGE_FLAGS =""/>
        <SOURCEFIELD BUSINESSNAME ="" DATATYPE ="string" DESCRIPTION ="" FIELDNUMBER ="50" FIELDPROPERTY ="0" FIELDTYPE ="ELEMITEM" HIDDEN ="NO" KEYTYPE ="NOT A KEY" LENGTH ="4" LEVEL ="0" NAME ="doc_item_catg" NULLABLE ="NULL" OCCURS ="0" OFFSET ="659" PHYSICALLENGTH ="4" PHYSICALOFFSET ="659" PICTURETEXT ="" PRECISION ="4" SCALE ="0" USAGE_FLAGS =""/>
        <SOURCEFIELD BUSINESSNAME ="" DATATYPE ="string" DESCRIPTION ="" FIELDNUMBER ="51" FIELDPROPERTY ="0" FIELDTYPE ="ELEMITEM" HIDDEN ="NO" KEYTYPE ="NOT A KEY" LENGTH ="30" LEVEL ="0" NAME ="doc_item_catg_desc" NULLABLE ="NULL" OCCURS ="0" OFFSET ="663" PHYSICALLENGTH ="30" PHYSICALOFFSET ="663" PICTURETEXT ="" PRECISION ="30" SCALE ="0" USAGE_FLAGS =""/>
        <SOURCEFIELD BUSINESSNAME ="" DATATYPE ="string" DESCRIPTION ="" FIELDNUMBER ="52" FIELDPROPERTY ="0" FIELDTYPE ="ELEMITEM" HIDDEN ="NO" KEYTYPE ="NOT A KEY" LENGTH ="18" LEVEL ="0" NAME ="prod_heir" NULLABLE ="NULL" OCCURS ="0" OFFSET ="693" PHYSICALLENGTH ="18" PHYSICALOFFSET ="693" PICTURETEXT ="" PRECISION ="18" SCALE ="0" USAGE_FLAGS =""/>
        <SOURCEFIELD BUSINESSNAME ="" DATATYPE ="string" DESCRIPTION ="" FIELDNUMBER ="53" FIELDPROPERTY ="0" FIELDTYPE ="ELEMITEM" HIDDEN ="NO" KEYTYPE ="NOT A KEY" LENGTH ="4" LEVEL ="0" NAME ="plant" NULLABLE ="NULL" OCCURS ="0" OFFSET ="711" PHYSICALLENGTH ="4" PHYSICALOFFSET ="711" PICTURETEXT ="" PRECISION ="4" SCALE ="0" USAGE_FLAGS =""/>
        <SOURCEFIELD BUSINESSNAME ="" DATATYPE ="string" DESCRIPTION ="" FIELDNUMBER ="54" FIELDPROPERTY ="0" FIELDTYPE ="ELEMITEM" HIDDEN ="NO" KEYTYPE ="NOT A KEY" LENGTH ="4" LEVEL ="0" NAME ="shp_rcv_plant" NULLABLE ="NULL" OCCURS ="0" OFFSET ="715" PHYSICALLENGTH ="4" PHYSICALOFFSET ="715" PICTURETEXT ="" PRECISION ="4" SCALE ="0" USAGE_FLAGS =""/>
        <SOURCEFIELD BUSINESSNAME ="" DATATYPE ="string" DESCRIPTION ="" FIELDNUMBER ="55" FIELDPROPERTY ="0" FIELDTYPE ="ELEMITEM" HIDDEN ="NO" KEYTYPE ="NOT A KEY" LENGTH ="30" LEVEL ="0" NAME ="shp_rcv_plant_desc" NULLABLE ="NULL" OCCURS ="0" OFFSET ="719" PHYSICALLENGTH ="30" PHYSICALOFFSET ="719" PICTURETEXT ="" PRECISION ="30" SCALE ="0" USAGE_FLAGS =""/>
        <SOURCEFIELD BUSINESSNAME ="" DATATYPE ="string" DESCRIPTION ="" FIELDNUMBER ="56" FIELDPROPERTY ="0" FIELDTYPE ="ELEMITEM" HIDDEN ="NO" KEYTYPE ="NOT A KEY" LENGTH ="4" LEVEL ="0" NAME ="schd_line_num" NULLABLE ="NULL" OCCURS ="0" OFFSET ="749" PHYSICALLENGTH ="4" PHYSICALOFFSET ="749" PICTURETEXT ="" PRECISION ="4" SCALE ="0" USAGE_FLAGS =""/>
        <SOURCEFIELD BUSINESSNAME ="" DATATYPE ="string" DESCRIPTION ="" FIELDNUMBER ="57" FIELDPROPERTY ="0" FIELDTYPE ="ELEMITEM" HIDDEN ="NO" KEYTYPE ="NOT A KEY" LENGTH ="8" LEVEL ="0" NAME ="schd_line_date" NULLABLE ="NULL" OCCURS ="0" OFFSET ="753" PHYSICALLENGTH ="8" PHYSICALOFFSET ="753" PICTURETEXT ="" PRECISION ="8" SCALE ="0" USAGE_FLAGS =""/>
        <SOURCEFIELD BUSINESSNAME ="" DATATYPE ="string" DESCRIPTION ="" FIELDNUMBER ="58" FIELDPROPERTY ="0" FIELDTYPE ="ELEMITEM" HIDDEN ="NO" KEYTYPE ="NOT A KEY" LENGTH ="6" LEVEL ="0" NAME ="arriv_time" NULLABLE ="NULL" OCCURS ="0" OFFSET ="761" PHYSICALLENGTH ="6" PHYSICALOFFSET ="761" PICTURETEXT ="" PRECISION ="6" SCALE ="0" USAGE_FLAGS =""/>
        <SOURCEFIELD BUSINESSNAME ="" DATATYPE ="string" DESCRIPTION ="" FIELDNUMBER ="59" FIELDPROPERTY ="0" FIELDTYPE ="ELEMITEM" HIDDEN ="NO" KEYTYPE ="NOT A KEY" LENGTH ="13" LEVEL ="0" NAME ="ord_units" NULLABLE ="NULL" OCCURS ="0" OFFSET ="767" PHYSICALLENGTH ="13" PHYSICALOFFSET ="767" PICTURETEXT ="" PRECISION ="13" SCALE ="0" USAGE_FLAGS =""/>
        <SOURCEFIELD BUSINESSNAME ="" DATATYPE ="string" DESCRIPTION ="" FIELDNUMBER ="60" FIELDPROPERTY ="0" FIELDTYPE ="ELEMITEM" HIDDEN ="NO" KEYTYPE ="NOT A KEY" LENGTH ="13" LEVEL ="0" NAME ="confirmed_units" NULLABLE ="NULL" OCCURS ="0" OFFSET ="780" PHYSICALLENGTH ="13" PHYSICALOFFSET ="780" PICTURETEXT ="" PRECISION ="13" SCALE ="0" USAGE_FLAGS =""/>
        <SOURCEFIELD BUSINESSNAME ="" DATATYPE ="string" DESCRIPTION ="" FIELDNUMBER ="61" FIELDPROPERTY ="0" FIELDTYPE ="ELEMITEM" HIDDEN ="NO" KEYTYPE ="NOT A KEY" LENGTH ="3" LEVEL ="0" NAME ="sales_uom" NULLABLE ="NULL" OCCURS ="0" OFFSET ="793" PHYSICALLENGTH ="3" PHYSICALOFFSET ="793" PICTURETEXT ="" PRECISION ="3" SCALE ="0" USAGE_FLAGS =""/>
        <SOURCEFIELD BUSINESSNAME ="" DATATYPE ="string" DESCRIPTION ="" FIELDNUMBER ="62" FIELDPROPERTY ="0" FIELDTYPE ="ELEMITEM" HIDDEN ="NO" KEYTYPE ="NOT A KEY" LENGTH ="30" LEVEL ="0" NAME ="sales_uom_desc" NULLABLE ="NULL" OCCURS ="0" OFFSET ="796" PHYSICALLENGTH ="30" PHYSICALOFFSET ="796" PICTURETEXT ="" PRECISION ="30" SCALE ="0" USAGE_FLAGS =""/>
        <SOURCEFIELD BUSINESSNAME ="" DATATYPE ="string" DESCRIPTION ="" FIELDNUMBER ="63" FIELDPROPERTY ="0" FIELDTYPE ="ELEMITEM" HIDDEN ="NO" KEYTYPE ="NOT A KEY" LENGTH ="13" LEVEL ="0" NAME ="required_units" NULLABLE ="NULL" OCCURS ="0" OFFSET ="826" PHYSICALLENGTH ="13" PHYSICALOFFSET ="826" PICTURETEXT ="" PRECISION ="13" SCALE ="0" USAGE_FLAGS =""/>
        <SOURCEFIELD BUSINESSNAME ="" DATATYPE ="string" DESCRIPTION ="" FIELDNUMBER ="64" FIELDPROPERTY ="0" FIELDTYPE ="ELEMITEM" HIDDEN ="NO" KEYTYPE ="NOT A KEY" LENGTH ="8" LEVEL ="0" NAME ="trans_plan_date" NULLABLE ="NULL" OCCURS ="0" OFFSET ="839" PHYSICALLENGTH ="8" PHYSICALOFFSET ="839" PICTURETEXT ="" PRECISION ="8" SCALE ="0" USAGE_FLAGS =""/>
        <SOURCEFIELD BUSINESSNAME ="" DATATYPE ="string" DESCRIPTION ="" FIELDNUMBER ="65" FIELDPROPERTY ="0" FIELDTYPE ="ELEMITEM" HIDDEN ="NO" KEYTYPE ="NOT A KEY" LENGTH ="8" LEVEL ="0" NAME ="material_aval_date" NULLABLE ="NULL" OCCURS ="0" OFFSET ="847" PHYSICALLENGTH ="8" PHYSICALOFFSET ="847" PICTURETEXT ="" PRECISION ="8" SCALE ="0" USAGE_FLAGS =""/>
        <SOURCEFIELD BUSINESSNAME ="" DATATYPE ="string" DESCRIPTION ="" FIELDNUMBER ="66" FIELDPROPERTY ="0" FIELDTYPE ="ELEMITEM" HIDDEN ="NO" KEYTYPE ="NOT A KEY" LENGTH ="8" LEVEL ="0" NAME ="load_date" NULLABLE ="NULL" OCCURS ="0" OFFSET ="855" PHYSICALLENGTH ="8" PHYSICALOFFSET ="855" PICTURETEXT ="" PRECISION ="8" SCALE ="0" USAGE_FLAGS =""/>
        <SOURCEFIELD BUSINESSNAME ="" DATATYPE ="string" DESCRIPTION ="" FIELDNUMBER ="67" FIELDPROPERTY ="0" FIELDTYPE ="ELEMITEM" HIDDEN ="NO" KEYTYPE ="NOT A KEY" LENGTH ="8" LEVEL ="0" NAME ="goods_issue_date" NULLABLE ="NULL" OCCURS ="0" OFFSET ="863" PHYSICALLENGTH ="8" PHYSICALOFFSET ="863" PICTURETEXT ="" PRECISION ="8" SCALE ="0" USAGE_FLAGS =""/>
        <SOURCEFIELD BUSINESSNAME ="" DATATYPE ="string" DESCRIPTION ="" FIELDNUMBER ="68" FIELDPROPERTY ="0" FIELDTYPE ="ELEMITEM" HIDDEN ="NO" KEYTYPE ="NOT A KEY" LENGTH ="8" LEVEL ="0" NAME ="grid_value" NULLABLE ="NULL" OCCURS ="0" OFFSET ="871" PHYSICALLENGTH ="8" PHYSICALOFFSET ="871" PICTURETEXT ="" PRECISION ="8" SCALE ="0" USAGE_FLAGS =""/>
        <SOURCEFIELD BUSINESSNAME ="" DATATYPE ="string" DESCRIPTION ="" FIELDNUMBER ="69" FIELDPROPERTY ="0" FIELDTYPE ="ELEMITEM" HIDDEN ="NO" KEYTYPE ="NOT A KEY" LENGTH ="13" LEVEL ="0" NAME ="gross_wgt" NULLABLE ="NULL" OCCURS ="0" OFFSET ="879" PHYSICALLENGTH ="13" PHYSICALOFFSET ="879" PICTURETEXT ="" PRECISION ="13" SCALE ="0" USAGE_FLAGS =""/>
        <SOURCEFIELD BUSINESSNAME ="" DATATYPE ="string" DESCRIPTION ="" FIELDNUMBER ="70" FIELDPROPERTY ="0" FIELDTYPE ="ELEMITEM" HIDDEN ="NO" KEYTYPE ="NOT A KEY" LENGTH ="13" LEVEL ="0" NAME ="net_wgt" NULLABLE ="NULL" OCCURS ="0" OFFSET ="892" PHYSICALLENGTH ="13" PHYSICALOFFSET ="892" PICTURETEXT ="" PRECISION ="13" SCALE ="0" USAGE_FLAGS =""/>
        <SOURCEFIELD BUSINESSNAME ="" DATATYPE ="string" DESCRIPTION ="" FIELDNUMBER ="71" FIELDPROPERTY ="0" FIELDTYPE ="ELEMITEM" HIDDEN ="NO" KEYTYPE ="NOT A KEY" LENGTH ="11" LEVEL ="0" NAME ="net_price" NULLABLE ="NULL" OCCURS ="0" OFFSET ="905" PHYSICALLENGTH ="11" PHYSICALOFFSET ="905" PICTURETEXT ="" PRECISION ="11" SCALE ="0" USAGE_FLAGS =""/>
        <SOURCEFIELD BUSINESSNAME ="" DATATYPE ="string" DESCRIPTION ="" FIELDNUMBER ="72" FIELDPROPERTY ="0" FIELDTYPE ="ELEMITEM" HIDDEN ="NO" KEYTYPE ="NOT A KEY" LENGTH ="15" LEVEL ="0" NAME ="net_value" NULLABLE ="NULL" OCCURS ="0" OFFSET ="916" PHYSICALLENGTH ="15" PHYSICALOFFSET ="916" PICTURETEXT ="" PRECISION ="15" SCALE ="0" USAGE_FLAGS =""/>
        <SOURCEFIELD BUSINESSNAME ="" DATATYPE ="string" DESCRIPTION ="" FIELDNUMBER ="73" FIELDPROPERTY ="0" FIELDTYPE ="ELEMITEM" HIDDEN ="NO" KEYTYPE ="NOT A KEY" LENGTH ="2" LEVEL ="0" NAME ="rej_reas_cde" NULLABLE ="NULL" OCCURS ="0" OFFSET ="931" PHYSICALLENGTH ="2" PHYSICALOFFSET ="931" PICTURETEXT ="" PRECISION ="2" SCALE ="0" USAGE_FLAGS =""/>
        <SOURCEFIELD BUSINESSNAME ="" DATATYPE ="string" DESCRIPTION ="" FIELDNUMBER ="74" FIELDPROPERTY ="0" FIELDTYPE ="ELEMITEM" HIDDEN ="NO" KEYTYPE ="NOT A KEY" LENGTH ="40" LEVEL ="0" NAME ="rej_reas_cde_desc" NULLABLE ="NULL" OCCURS ="0" OFFSET ="933" PHYSICALLENGTH ="40" PHYSICALOFFSET ="933" PICTURETEXT ="" PRECISION ="40" SCALE ="0" USAGE_FLAGS =""/>
        <SOURCEFIELD BUSINESSNAME ="" DATATYPE ="string" DESCRIPTION ="" FIELDNUMBER ="75" FIELDPROPERTY ="0" FIELDTYPE ="ELEMITEM" HIDDEN ="NO" KEYTYPE ="NOT A KEY" LENGTH ="16" LEVEL ="0" NAME ="require_catg" NULLABLE ="NULL" OCCURS ="0" OFFSET ="973" PHYSICALLENGTH ="16" PHYSICALOFFSET ="973" PICTURETEXT ="" PRECISION ="16" SCALE ="0" USAGE_FLAGS =""/>
        <SOURCEFIELD BUSINESSNAME ="" DATATYPE ="string" DESCRIPTION ="" FIELDNUMBER ="76" FIELDPROPERTY ="0" FIELDTYPE ="ELEMITEM" HIDDEN ="NO" KEYTYPE ="NOT A KEY" LENGTH ="18" LEVEL ="0" NAME ="upc_num" NULLABLE ="NULL" OCCURS ="0" OFFSET ="989" PHYSICALLENGTH ="18" PHYSICALOFFSET ="989" PICTURETEXT ="" PRECISION ="18" SCALE ="0" USAGE_FLAGS =""/>
        <SOURCEFIELD BUSINESSNAME ="" DATATYPE ="string" DESCRIPTION ="" FIELDNUMBER ="77" FIELDPROPERTY ="0" FIELDTYPE ="ELEMITEM" HIDDEN ="NO" KEYTYPE ="NOT A KEY" LENGTH ="13" LEVEL ="0" NAME ="allocated_units" NULLABLE ="NULL" OCCURS ="0" OFFSET ="1007" PHYSICALLENGTH ="13" PHYSICALOFFSET ="1007" PICTURETEXT ="" PRECISION ="13" SCALE ="0" USAGE_FLAGS =""/>
        <SOURCEFIELD BUSINESSNAME ="" DATATYPE ="string" DESCRIPTION ="" FIELDNUMBER ="78" FIELDPROPERTY ="0" FIELDTYPE ="ELEMITEM" HIDDEN ="NO" KEYTYPE ="NOT A KEY" LENGTH ="13" LEVEL ="0" NAME ="sku_reqs_qty" NULLABLE ="NULL" OCCURS ="0" OFFSET ="1020" PHYSICALLENGTH ="13" PHYSICALOFFSET ="1020" PICTURETEXT ="" PRECISION ="13" SCALE ="0" USAGE_FLAGS =""/>
        <SOURCEFIELD BUSINESSNAME ="" DATATYPE ="string" DESCRIPTION ="" FIELDNUMBER ="79" FIELDPROPERTY ="0" FIELDTYPE ="ELEMITEM" HIDDEN ="NO" KEYTYPE ="NOT A KEY" LENGTH ="10" LEVEL ="0" NAME ="doc_cond_num" NULLABLE ="NULL" OCCURS ="0" OFFSET ="1033" PHYSICALLENGTH ="10" PHYSICALOFFSET ="1033" PICTURETEXT ="" PRECISION ="10" SCALE ="0" USAGE_FLAGS =""/>
        <SOURCEFIELD BUSINESSNAME ="" DATATYPE ="string" DESCRIPTION ="" FIELDNUMBER ="80" FIELDPROPERTY ="0" FIELDTYPE ="ELEMITEM" HIDDEN ="NO" KEYTYPE ="NOT A KEY" LENGTH ="6" LEVEL ="0" NAME ="doc_cond_item" NULLABLE ="NULL" OCCURS ="0" OFFSET ="1043" PHYSICALLENGTH ="6" PHYSICALOFFSET ="1043" PICTURETEXT ="" PRECISION ="6" SCALE ="0" USAGE_FLAGS =""/>
        <SOURCEFIELD BUSINESSNAME ="" DATATYPE ="string" DESCRIPTION ="" FIELDNUMBER ="81" FIELDPROPERTY ="0" FIELDTYPE ="ELEMITEM" HIDDEN ="NO" KEYTYPE ="NOT A KEY" LENGTH ="3" LEVEL ="0" NAME ="cond_ctr" NULLABLE ="NULL" OCCURS ="0" OFFSET ="1049" PHYSICALLENGTH ="3" PHYSICALOFFSET ="1049" PICTURETEXT ="" PRECISION ="3" SCALE ="0" USAGE_FLAGS =""/>
        <SOURCEFIELD BUSINESSNAME ="" DATATYPE ="string" DESCRIPTION ="" FIELDNUMBER ="82" FIELDPROPERTY ="0" FIELDTYPE ="ELEMITEM" HIDDEN ="NO" KEYTYPE ="NOT A KEY" LENGTH ="11" LEVEL ="0" NAME ="cond_amt" NULLABLE ="NULL" OCCURS ="0" OFFSET ="1052" PHYSICALLENGTH ="11" PHYSICALOFFSET ="1052" PICTURETEXT ="" PRECISION ="11" SCALE ="0" USAGE_FLAGS =""/>
        <SOURCEFIELD BUSINESSNAME ="" DATATYPE ="string" DESCRIPTION ="" FIELDNUMBER ="83" FIELDPROPERTY ="0" FIELDTYPE ="ELEMITEM" HIDDEN ="NO" KEYTYPE ="NOT A KEY" LENGTH ="5" LEVEL ="0" NAME ="pricing_unit" NULLABLE ="NULL" OCCURS ="0" OFFSET ="1063" PHYSICALLENGTH ="5" PHYSICALOFFSET ="1063" PICTURETEXT ="" PRECISION ="5" SCALE ="0" USAGE_FLAGS =""/>
        <SOURCEFIELD BUSINESSNAME ="" DATATYPE ="string" DESCRIPTION ="" FIELDNUMBER ="84" FIELDPROPERTY ="0" FIELDTYPE ="ELEMITEM" HIDDEN ="NO" KEYTYPE ="NOT A KEY" LENGTH ="3" LEVEL ="0" NAME ="doc_cond_unit" NULLABLE ="NULL" OCCURS ="0" OFFSET ="1068" PHYSICALLENGTH ="3" PHYSICALOFFSET ="1068" PICTURETEXT ="" PRECISION ="3" SCALE ="0" USAGE_FLAGS =""/>
        <SOURCEFIELD BUSINESSNAME ="" DATATYPE ="string" DESCRIPTION ="" FIELDNUMBER ="85" FIELDPROPERTY ="0" FIELDTYPE ="ELEMITEM" HIDDEN ="NO" KEYTYPE ="NOT A KEY" LENGTH ="30" LEVEL ="0" NAME ="doc_cond_unit_desc" NULLABLE ="NULL" OCCURS ="0" OFFSET ="1071" PHYSICALLENGTH ="30" PHYSICALOFFSET ="1071" PICTURETEXT ="" PRECISION ="30" SCALE ="0" USAGE_FLAGS =""/>
        <SOURCEFIELD BUSINESSNAME ="" DATATYPE ="string" DESCRIPTION ="" FIELDNUMBER ="86" FIELDPROPERTY ="0" FIELDTYPE ="ELEMITEM" HIDDEN ="NO" KEYTYPE ="NOT A KEY" LENGTH ="13" LEVEL ="0" NAME ="delivered_qty" NULLABLE ="NULL" OCCURS ="0" OFFSET ="1101" PHYSICALLENGTH ="13" PHYSICALOFFSET ="1101" PICTURETEXT ="" PRECISION ="13" SCALE ="0" USAGE_FLAGS =""/>
        <SOURCEFIELD BUSINESSNAME ="" DATATYPE ="string" DESCRIPTION ="" FIELDNUMBER ="87" FIELDPROPERTY ="0" FIELDTYPE ="ELEMITEM" HIDDEN ="NO" KEYTYPE ="NOT A KEY" LENGTH ="13" LEVEL ="0" NAME ="delv_qty" NULLABLE ="NULL" OCCURS ="0" OFFSET ="1114" PHYSICALLENGTH ="13" PHYSICALOFFSET ="1114" PICTURETEXT ="" PRECISION ="13" SCALE ="0" USAGE_FLAGS =""/>
        <SOURCEFIELD BUSINESSNAME ="" DATATYPE ="string" DESCRIPTION ="" FIELDNUMBER ="88" FIELDPROPERTY ="0" FIELDTYPE ="ELEMITEM" HIDDEN ="NO" KEYTYPE ="NOT A KEY" LENGTH ="10" LEVEL ="0" NAME ="profit_ctr_num" NULLABLE ="NULL" OCCURS ="0" OFFSET ="1127" PHYSICALLENGTH ="10" PHYSICALOFFSET ="1127" PICTURETEXT ="" PRECISION ="10" SCALE ="0" USAGE_FLAGS =""/>
        <SOURCEFIELD BUSINESSNAME ="" DATATYPE ="string" DESCRIPTION ="" FIELDNUMBER ="89" FIELDPROPERTY ="0" FIELDTYPE ="ELEMITEM" HIDDEN ="NO" KEYTYPE ="NOT A KEY" LENGTH ="10" LEVEL ="0" NAME ="conv_rate" NULLABLE ="NULL" OCCURS ="0" OFFSET ="1137" PHYSICALLENGTH ="10" PHYSICALOFFSET ="1137" PICTURETEXT ="" PRECISION ="10" SCALE ="0" USAGE_FLAGS =""/>
        <SOURCEFIELD BUSINESSNAME ="" DATATYPE ="string" DESCRIPTION ="" FIELDNUMBER ="90" FIELDPROPERTY ="0" FIELDTYPE ="ELEMITEM" HIDDEN ="NO" KEYTYPE ="NOT A KEY" LENGTH ="10" LEVEL ="0" NAME ="Sales_Deal" NULLABLE ="NULL" OCCURS ="0" OFFSET ="1147" PHYSICALLENGTH ="10" PHYSICALOFFSET ="1147" PICTURETEXT ="" PRECISION ="10" SCALE ="0" USAGE_FLAGS =""/>
        <SOURCEFIELD BUSINESSNAME ="" DATATYPE ="string" DESCRIPTION ="" FIELDNUMBER ="91" FIELDPROPERTY ="0" FIELDTYPE ="ELEMITEM" HIDDEN ="NO" KEYTYPE ="NOT A KEY" LENGTH ="30" LEVEL ="0" NAME ="Entity_ID" NULLABLE ="NULL" OCCURS ="0" OFFSET ="1157" PHYSICALLENGTH ="30" PHYSICALOFFSET ="1157" PICTURETEXT ="" PRECISION ="30" SCALE ="0" USAGE_FLAGS =""/>
        <SOURCEFIELD BUSINESSNAME ="" DATATYPE ="string" DESCRIPTION ="" FIELDNUMBER ="92" FIELDPROPERTY ="0" FIELDTYPE ="ELEMITEM" HIDDEN ="NO" KEYTYPE ="NOT A KEY" LENGTH ="3" LEVEL ="0" NAME ="Program_code" NULLABLE ="NULL" OCCURS ="0" OFFSET ="1187" PHYSICALLENGTH ="3" PHYSICALOFFSET ="1187" PICTURETEXT ="" PRECISION ="3" SCALE ="0" USAGE_FLAGS =""/>
        <SOURCEFIELD BUSINESSNAME ="" DATATYPE ="string" DESCRIPTION ="" FIELDNUMBER ="93" FIELDPROPERTY ="0" FIELDTYPE ="ELEMITEM" HIDDEN ="NO" KEYTYPE ="NOT A KEY" LENGTH ="20" LEVEL ="0" NAME ="Futurmaster_Operation_Code" NULLABLE ="NULL" OCCURS ="0" OFFSET ="1190" PHYSICALLENGTH ="20" PHYSICALOFFSET ="1190" PICTURETEXT ="" PRECISION ="20" SCALE ="0" USAGE_FLAGS =""/>
        <SOURCEFIELD BUSINESSNAME ="" DATATYPE ="string" DESCRIPTION ="" FIELDNUMBER ="94" FIELDPROPERTY ="0" FIELDTYPE ="ELEMITEM" HIDDEN ="NO" KEYTYPE ="NOT A KEY" LENGTH ="35" LEVEL ="0" NAME ="Promo_Code" NULLABLE ="NULL" OCCURS ="0" OFFSET ="1210" PHYSICALLENGTH ="35" PHYSICALOFFSET ="1210" PICTURETEXT ="" PRECISION ="35" SCALE ="0" USAGE_FLAGS =""/>
        <SOURCEFIELD BUSINESSNAME ="" DATATYPE ="string" DESCRIPTION ="" FIELDNUMBER ="95" FIELDPROPERTY ="0" FIELDTYPE ="ELEMITEM" HIDDEN ="NO" KEYTYPE ="NOT A KEY" LENGTH ="80" LEVEL ="0" NAME ="event_name" NULLABLE ="NULL" OCCURS ="0" OFFSET ="1245" PHYSICALLENGTH ="80" PHYSICALOFFSET ="1245" PICTURETEXT ="" PRECISION ="80" SCALE ="0" USAGE_FLAGS =""/>
        <METADATAEXTENSION DATATYPE ="STRING" DESCRIPTION ="" DOMAINNAME ="User Defined Metadata Domain" ISCLIENTEDITABLE ="YES" ISCLIENTVISIBLE ="YES" ISREUSABLE ="NO" ISSHAREREAD ="NO" ISSHAREWRITE ="NO" MAXLENGTH ="256" NAME ="CONV_MAP_NAME" VALUE ="SSO - SAP to STG Conversion Mapping V1.0" VENDORNAME ="INFORMATICA"/>
        <METADATAEXTENSION DATATYPE ="STRING" DESCRIPTION ="" DOMAINNAME ="User Defined Metadata Domain" ISCLIENTEDITABLE ="YES" ISCLIENTVISIBLE ="YES" ISREUSABLE ="NO" ISSHAREREAD ="NO" ISSHAREWRITE ="NO" MAXLENGTH ="256" NAME ="Extension" VALUE ="" VENDORNAME ="INFORMATICA"/>
    </SOURCE>
    <TARGET BUSINESSNAME ="" CONSTRAINT ="" DATABASETYPE ="Oracle" DESCRIPTION ="" NAME ="WEB_PO" OBJECTVERSION ="1" TABLEOPTIONS ="" VERSIONNUMBER ="1">
        <TARGETFIELD BUSINESSNAME ="" DATATYPE ="varchar2" DESCRIPTION ="" FIELDNUMBER ="1" KEYTYPE ="PRIMARY KEY" NAME ="PO_NUM" NULLABLE ="NOTNULL" PICTURETEXT ="" PRECISION ="50" SCALE ="0"/>
        <TARGETFIELD BUSINESSNAME ="" DATATYPE ="date" DESCRIPTION ="" FIELDNUMBER ="2" KEYTYPE ="NOT A KEY" NAME ="ORDER_DATE" NULLABLE ="NOTNULL" PICTURETEXT ="" PRECISION ="19" SCALE ="0"/>
        <TARGETFIELD BUSINESSNAME ="" DATATYPE ="varchar2" DESCRIPTION ="" FIELDNUMBER ="3" KEYTYPE ="NOT A KEY" NAME ="ORDER_SOURCE" NULLABLE ="NULL" PICTURETEXT ="" PRECISION ="15" SCALE ="0"/>
        <TARGETFIELD BUSINESSNAME ="" DATATYPE ="number(p,s)" DESCRIPTION ="" FIELDNUMBER ="4" KEYTYPE ="NOT A KEY" NAME ="MAGENTO_ENTITY_ID" NULLABLE ="NULL" PICTURETEXT ="" PRECISION ="38" SCALE ="0"/>
    </TARGET>
    <MAPPING DESCRIPTION ="This mapping loads data from file to web_po table" ISVALID ="YES" NAME ="m_SAP_WEB_PO_OPN_ORDRS" OBJECTVERSION ="1" VERSIONNUMBER ="1">
        <TRANSFORMATION DESCRIPTION ="Filter records based on condition given.." NAME ="FL_SALES_DOC_TYPE" OBJECTVERSION ="1" REUSABLE ="NO" TYPE ="Filter" VERSIONNUMBER ="1">
            <TRANSFORMFIELD DATATYPE ="date/time" DEFAULTVALUE ="" DESCRIPTION ="" NAME ="DOC_CREATE_DATE" PICTURETEXT ="" PORTTYPE ="INPUT/OUTPUT" PRECISION ="29" SCALE ="9"/>
            <TRANSFORMFIELD DATATYPE ="string" DEFAULTVALUE ="" DESCRIPTION ="" NAME ="SALES_DOC_TYPE" PICTURETEXT ="" PORTTYPE ="INPUT/OUTPUT" PRECISION ="4" SCALE ="0"/>
            <TRANSFORMFIELD DATATYPE ="string" DEFAULTVALUE ="" DESCRIPTION ="" NAME ="O_ORDER_SOURCE" PICTURETEXT ="" PORTTYPE ="INPUT/OUTPUT" PRECISION ="250" SCALE ="0"/>
            <TRANSFORMFIELD DATATYPE ="string" DEFAULTVALUE ="" DESCRIPTION ="" NAME ="PO_NUM" PICTURETEXT ="" PORTTYPE ="INPUT/OUTPUT" PRECISION ="20" SCALE ="0"/>
            <TRANSFORMFIELD DATATYPE ="string" DEFAULTVALUE ="" DESCRIPTION ="" NAME ="ENTITY_ID" PICTURETEXT ="" PORTTYPE ="INPUT/OUTPUT" PRECISION ="30" SCALE ="0"/>
            <TRANSFORMFIELD DATATYPE ="string" DEFAULTVALUE ="" DESCRIPTION ="" NAME ="LKP_PO_NUM" PICTURETEXT ="" PORTTYPE ="INPUT/OUTPUT" PRECISION ="20" SCALE ="0"/>
            <TABLEATTRIBUTE NAME ="Filter Condition" VALUE ="ISNULL(LKP_PO_NUM) AND PO_NUM != &apos;0&apos;  AND (SALES_DOC_TYPE=&apos;Z001&apos; OR SALES_DOC_TYPE= &apos;Z002&apos; OR SALES_DOC_TYPE=&apos;Z006&apos; OR SALES_DOC_TYPE=&apos;Z007&apos; OR SALES_DOC_TYPE=&apos;Z061&apos; OR SALES_DOC_TYPE=&apos;Z100&apos; OR SALES_DOC_TYPE=&apos;Z279&apos;)"/>
            <TABLEATTRIBUTE NAME ="Tracing Level" VALUE ="Normal"/>
        </TRANSFORMATION>
        <TRANSFORMATION DESCRIPTION ="Expression to evaluate values" NAME ="EXP_SOURCE" OBJECTVERSION ="1" REUSABLE ="NO" TYPE ="Expression" VERSIONNUMBER ="1">
            <TRANSFORMFIELD DATATYPE ="string" DEFAULTVALUE ="" DESCRIPTION ="" NAME ="I_PO_NUM" PICTURETEXT ="" PORTTYPE ="INPUT" PRECISION ="20" SCALE ="0"/>
            <TRANSFORMFIELD DATATYPE ="string" DEFAULTVALUE ="" DESCRIPTION ="" EXPRESSION ="IIF(INSTR(I_PO_NUM,&apos;-&apos;) &gt; 0, &apos;T&apos;,&apos;F&apos;)" EXPRESSIONTYPE ="GENERAL" NAME ="V_PO_NUM" PICTURETEXT ="" PORTTYPE ="LOCAL VARIABLE" PRECISION ="20" SCALE ="0"/>
            <TRANSFORMFIELD DATATYPE ="string" DEFAULTVALUE ="ERROR(&apos;transformation error&apos;)" DESCRIPTION ="" EXPRESSION ="IIF(SALES_DOC_TYPE =&apos;Z001&apos; OR SALES_DOC_TYPE =&apos;Z100&apos;,IIF(V_PO_NUM=&apos;F&apos;,I_PO_NUM,SUBSTR(I_PO_NUM,1,INSTR(I_PO_NUM,&apos;-&apos;)-1)),I_PO_NUM)" EXPRESSIONTYPE ="GENERAL" NAME ="O_PO_NUM" PICTURETEXT ="" PORTTYPE ="OUTPUT" PRECISION ="20" SCALE ="0"/>
            <TRANSFORMFIELD DATATYPE ="string" DEFAULTVALUE ="" DESCRIPTION ="" NAME ="I_DOC_CREATE_DATE" PICTURETEXT ="" PORTTYPE ="INPUT" PRECISION ="8" SCALE ="0"/>
            <TRANSFORMFIELD DATATYPE ="date/time" DEFAULTVALUE ="ERROR(&apos;transformation error&apos;)" DESCRIPTION ="" EXPRESSION ="IIF((ISNULL(I_DOC_CREATE_DATE) OR I_DOC_CREATE_DATE=&apos;&apos;),&#xD;&#xA;TO_DATE(TO_CHAR(SYSDATE,&apos;YYYYMMDD&apos;),&apos;YYYYMMDD&apos;),&#xD;&#xA;TO_DATE(I_DOC_CREATE_DATE,&apos;YYYYMMDD&apos;))&#x9;" EXPRESSIONTYPE ="GENERAL" NAME ="O_DOC_CREATE_DATE" PICTURETEXT ="" PORTTYPE ="OUTPUT" PRECISION ="29" SCALE ="9"/>
            <TRANSFORMFIELD DATATYPE ="string" DEFAULTVALUE ="" DESCRIPTION ="" NAME ="I_SOLDTO_CUST" PICTURETEXT ="" PORTTYPE ="INPUT" PRECISION ="10" SCALE ="0"/>
            <TRANSFORMFIELD DATATYPE ="string" DEFAULTVALUE ="" DESCRIPTION ="" EXPRESSION ="SALES_DOC_TYPE" EXPRESSIONTYPE ="GENERAL" NAME ="SALES_DOC_TYPE" PICTURETEXT ="" PORTTYPE ="INPUT/OUTPUT" PRECISION ="4" SCALE ="0"/>
            <TRANSFORMFIELD DATATYPE ="string" DEFAULTVALUE ="" DESCRIPTION ="" EXPRESSION =":LKP.LKP_DBO_REFERENCE_Z001_Z100(LTRIM(RTRIM(SALES_DOC_TYPE)),&apos;WEB&apos;)" EXPRESSIONTYPE ="GENERAL" NAME ="V_REF_Z001_Z100" PICTURETEXT ="" PORTTYPE ="LOCAL VARIABLE" PRECISION ="50" SCALE ="0"/>
            <TRANSFORMFIELD DATATYPE ="string" DEFAULTVALUE ="" DESCRIPTION ="23092019-SG- passing program_code to lookup ." EXPRESSION =":LKP.LKP_DBO_REFERENCE_NON_Z001_Z100(SALES_DOC_TYPE,I_SOLDTO_CUST,I_PROGRAM_CODE)" EXPRESSIONTYPE ="GENERAL" NAME ="V_REF_NON_Z001_Z100" PICTURETEXT ="" PORTTYPE ="LOCAL VARIABLE" PRECISION ="250" SCALE ="0"/>
            <TRANSFORMFIELD DATATYPE ="string" DEFAULTVALUE ="" DESCRIPTION ="23092019-SG- passing program_code to lookup ." EXPRESSION ="IIF((LTRIM(RTRIM(SALES_DOC_TYPE))  = &apos;Z001&apos;  OR  LTRIM(RTRIM(SALES_DOC_TYPE))  = &apos;Z100&apos;),V_REF_Z001_Z100,V_REF_NON_Z001_Z100)" EXPRESSIONTYPE ="GENERAL" NAME ="V_Reference_key" PICTURETEXT ="" PORTTYPE ="LOCAL VARIABLE" PRECISION ="250" SCALE ="0"/>
            <TRANSFORMFIELD DATATYPE ="string" DEFAULTVALUE ="" DESCRIPTION ="" EXPRESSION ="ENTITY_ID" EXPRESSIONTYPE ="GENERAL" NAME ="ENTITY_ID" PICTURETEXT ="" PORTTYPE ="INPUT/OUTPUT" PRECISION ="30" SCALE ="0"/>
            <TRANSFORMFIELD DATATYPE ="string" DEFAULTVALUE ="" DESCRIPTION ="" NAME ="I_PROGRAM_CODE" PICTURETEXT ="" PORTTYPE ="INPUT" PRECISION ="3" SCALE ="0"/>
            <TRANSFORMFIELD DATATYPE ="string" DEFAULTVALUE ="" DESCRIPTION ="23092019-SG- concatenated program_code with unknown when no mathes found ." EXPRESSION ="IIF(ISNULL(V_Reference_key) , &#xD;&#xA;&apos;UNKNOWN&apos; || &apos;-&apos; || I_PROGRAM_CODE, V_Reference_key)" EXPRESSIONTYPE ="GENERAL" NAME ="O_ORDER_SOURCE" PICTURETEXT ="" PORTTYPE ="OUTPUT" PRECISION ="250" SCALE ="0"/>
            <TABLEATTRIBUTE NAME ="Tracing Level" VALUE ="Normal"/>
        </TRANSFORMATION>
        <TRANSFORMATION DESCRIPTION ="Aggregate based on PO_num" NAME ="AGG_PO_NUM" OBJECTVERSION ="1" REUSABLE ="NO" TYPE ="Aggregator" VERSIONNUMBER ="1">
            <TRANSFORMFIELD DATATYPE ="string" DEFAULTVALUE ="" DESCRIPTION ="" EXPRESSION ="PO_NUM" EXPRESSIONTYPE ="GROUPBY" NAME ="PO_NUM" PICTURETEXT ="" PORTTYPE ="INPUT/OUTPUT" PRECISION ="20" SCALE ="0"/>
            <TRANSFORMFIELD DATATYPE ="date/time" DEFAULTVALUE ="" DESCRIPTION ="" NAME ="I_DOC_CREATE_DATE" PICTURETEXT ="" PORTTYPE ="INPUT" PRECISION ="29" SCALE ="9"/>
            <TRANSFORMFIELD DATATYPE ="date/time" DEFAULTVALUE ="ERROR(&apos;transformation error&apos;)" DESCRIPTION ="" EXPRESSION ="MIN(I_DOC_CREATE_DATE)" EXPRESSIONTYPE ="GENERAL" NAME ="O_DOC_CREATE_DATE" PICTURETEXT ="" PORTTYPE ="OUTPUT" PRECISION ="29" SCALE ="9"/>
            <TRANSFORMFIELD DATATYPE ="string" DEFAULTVALUE ="" DESCRIPTION ="" EXPRESSION ="ORDER_SOURCE" EXPRESSIONTYPE ="GENERAL" NAME ="ORDER_SOURCE" PICTURETEXT ="" PORTTYPE ="INPUT/OUTPUT" PRECISION ="250" SCALE ="0"/>
            <TRANSFORMFIELD DATATYPE ="string" DEFAULTVALUE ="" DESCRIPTION ="" EXPRESSION ="ENTITY_ID" EXPRESSIONTYPE ="GENERAL" NAME ="ENTITY_ID" PICTURETEXT ="" PORTTYPE ="INPUT/OUTPUT" PRECISION ="30" SCALE ="0"/>
            <TABLEATTRIBUTE NAME ="Cache Directory" VALUE ="$PMCacheDir"/>
            <TABLEATTRIBUTE NAME ="Tracing Level" VALUE ="Normal"/>
            <TABLEATTRIBUTE NAME ="Sorted Input" VALUE ="NO"/>
            <TABLEATTRIBUTE NAME ="Aggregator Data Cache Size" VALUE ="Auto"/>
            <TABLEATTRIBUTE NAME ="Aggregator Index Cache Size" VALUE ="Auto"/>
            <TABLEATTRIBUTE NAME ="Transformation Scope" VALUE ="All Input"/>
        </TRANSFORMATION>
        <TRANSFORMATION DESCRIPTION ="Sq for the source" NAME ="SQ_SAP_HBI_DW_DLY_SALES_ORDERS" OBJECTVERSION ="1" REUSABLE ="NO" TYPE ="Source Qualifier" VERSIONNUMBER ="1">
            <TRANSFORMFIELD DATATYPE ="string" DEFAULTVALUE ="" DESCRIPTION ="" NAME ="PO_NUM" PICTURETEXT ="" PORTTYPE ="INPUT/OUTPUT" PRECISION ="20" SCALE ="0"/>
            <TRANSFORMFIELD DATATYPE ="string" DEFAULTVALUE ="" DESCRIPTION ="" NAME ="DOC_CREATE_DATE" PICTURETEXT ="" PORTTYPE ="INPUT/OUTPUT" PRECISION ="8" SCALE ="0"/>
            <TRANSFORMFIELD DATATYPE ="string" DEFAULTVALUE ="" DESCRIPTION ="" NAME ="SOLDTO_CUST" PICTURETEXT ="" PORTTYPE ="INPUT/OUTPUT" PRECISION ="10" SCALE ="0"/>
            <TRANSFORMFIELD DATATYPE ="string" DEFAULTVALUE ="" DESCRIPTION ="" NAME ="SALES_DOC_TYPE" PICTURETEXT ="" PORTTYPE ="INPUT/OUTPUT" PRECISION ="4" SCALE ="0"/>
            <TRANSFORMFIELD DATATYPE ="string" DEFAULTVALUE ="" DESCRIPTION ="" NAME ="ENTITY_ID" PICTURETEXT ="" PORTTYPE ="INPUT/OUTPUT" PRECISION ="30" SCALE ="0"/>
            <TRANSFORMFIELD DATATYPE ="string" DEFAULTVALUE ="" DESCRIPTION ="" NAME ="PROGRAM_CODE" PICTURETEXT ="" PORTTYPE ="INPUT/OUTPUT" PRECISION ="3" SCALE ="0"/>
            <TABLEATTRIBUTE NAME ="Sql Query" VALUE =""/>
            <TABLEATTRIBUTE NAME ="User Defined Join" VALUE =""/>
            <TABLEATTRIBUTE NAME ="Source Filter" VALUE =""/>
            <TABLEATTRIBUTE NAME ="Number Of Sorted Ports" VALUE ="0"/>
            <TABLEATTRIBUTE NAME ="Tracing Level" VALUE ="Normal"/>
            <TABLEATTRIBUTE NAME ="Select Distinct" VALUE ="NO"/>
            <TABLEATTRIBUTE NAME ="Is Partitionable" VALUE ="NO"/>
            <TABLEATTRIBUTE NAME ="Pre SQL" VALUE =""/>
            <TABLEATTRIBUTE NAME ="Post SQL" VALUE =""/>
            <TABLEATTRIBUTE NAME ="Output is deterministic" VALUE ="NO"/>
            <TABLEATTRIBUTE NAME ="Output is repeatable" VALUE ="Never"/>
        </TRANSFORMATION>
        <TRANSFORMATION DESCRIPTION ="Lookup on target" NAME ="LKP_TGT" OBJECTVERSION ="1" REUSABLE ="NO" TYPE ="Lookup Procedure" VERSIONNUMBER ="1">
            <TRANSFORMFIELD DATATYPE ="string" DEFAULTVALUE ="" DESCRIPTION ="" NAME ="PO_NUM" PICTURETEXT ="" PORTTYPE ="LOOKUP/OUTPUT" PRECISION ="20" SCALE ="0"/>
            <TRANSFORMFIELD DATATYPE ="string" DEFAULTVALUE ="" DESCRIPTION ="" NAME ="IN_PO_NUM" PICTURETEXT ="" PORTTYPE ="INPUT" PRECISION ="20" SCALE ="0"/>
            <TABLEATTRIBUTE NAME ="Lookup Sql Override" VALUE ="SELECT WEB_PO.PO_NUM as PO_NUM FROM WEB_PO"/>
            <TABLEATTRIBUTE NAME ="Lookup table name" VALUE ="WEB_PO"/>
            <TABLEATTRIBUTE NAME ="Lookup Source Filter" VALUE =""/>
            <TABLEATTRIBUTE NAME ="Lookup caching enabled" VALUE ="YES"/>
            <TABLEATTRIBUTE NAME ="Lookup policy on multiple match" VALUE ="Use Any Value"/>
            <TABLEATTRIBUTE NAME ="Lookup condition" VALUE ="PO_NUM = IN_PO_NUM"/>
            <TABLEATTRIBUTE NAME ="Connection Information" VALUE ="$Target"/>
            <TABLEATTRIBUTE NAME ="Source Type" VALUE ="Database"/>
            <TABLEATTRIBUTE NAME ="Recache if Stale" VALUE ="NO"/>
            <TABLEATTRIBUTE NAME ="Tracing Level" VALUE ="Normal"/>
            <TABLEATTRIBUTE NAME ="Lookup cache directory name" VALUE ="$PMCacheDir"/>
            <TABLEATTRIBUTE NAME ="Lookup cache initialize" VALUE ="NO"/>
            <TABLEATTRIBUTE NAME ="Lookup cache persistent" VALUE ="NO"/>
            <TABLEATTRIBUTE NAME ="Lookup Data Cache Size" VALUE ="Auto"/>
            <TABLEATTRIBUTE NAME ="Lookup Index Cache Size" VALUE ="Auto"/>
            <TABLEATTRIBUTE NAME ="Dynamic Lookup Cache" VALUE ="NO"/>
            <TABLEATTRIBUTE NAME ="Synchronize Dynamic Cache" VALUE ="NO"/>
            <TABLEATTRIBUTE NAME ="Output Old Value On Update" VALUE ="NO"/>
            <TABLEATTRIBUTE NAME ="Update Dynamic Cache Condition" VALUE ="TRUE"/>
            <TABLEATTRIBUTE NAME ="Cache File Name Prefix" VALUE =""/>
            <TABLEATTRIBUTE NAME ="Re-cache from lookup source" VALUE ="NO"/>
            <TABLEATTRIBUTE NAME ="Insert Else Update" VALUE ="NO"/>
            <TABLEATTRIBUTE NAME ="Update Else Insert" VALUE ="NO"/>
            <TABLEATTRIBUTE NAME ="Datetime Format" VALUE =""/>
            <TABLEATTRIBUTE NAME ="Thousand Separator" VALUE ="None"/>
            <TABLEATTRIBUTE NAME ="Decimal Separator" VALUE ="."/>
            <TABLEATTRIBUTE NAME ="Case Sensitive String Comparison" VALUE ="NO"/>
            <TABLEATTRIBUTE NAME ="Null ordering" VALUE ="Null Is Highest Value"/>
            <TABLEATTRIBUTE NAME ="Sorted Input" VALUE ="NO"/>
            <TABLEATTRIBUTE NAME ="Lookup source is static" VALUE ="NO"/>
            <TABLEATTRIBUTE NAME ="Pre-build lookup cache" VALUE ="Auto"/>
            <TABLEATTRIBUTE NAME ="Subsecond Precision" VALUE ="6"/>
        </TRANSFORMATION>
        <TRANSFORMATION DESCRIPTION ="This lookup transformation is used on DBO.Reference table to get desc_1&#xD;&#xA;&#xD;&#xA;23092019-SG- Added program code in look up condition against desc_2 column in reference table." NAME ="LKP_DBO_REFERENCE_Z001_Z100" OBJECTVERSION ="1" REUSABLE ="NO" TYPE ="Lookup Procedure" VERSIONNUMBER ="1">
            <TRANSFORMFIELD DATATYPE ="nstring" DEFAULTVALUE ="" DESCRIPTION ="" NAME ="Reference_sub_key_1" PICTURETEXT ="" PORTTYPE ="LOOKUP" PRECISION ="50" SCALE ="0"/>
            <TRANSFORMFIELD DATATYPE ="nstring" DEFAULTVALUE ="" DESCRIPTION ="" NAME ="Reference_sub_key_2" PICTURETEXT ="" PORTTYPE ="LOOKUP" PRECISION ="50" SCALE ="0"/>
            <TRANSFORMFIELD DATATYPE ="nstring" DEFAULTVALUE ="" DESCRIPTION ="" NAME ="Desc_1" PICTURETEXT ="" PORTTYPE ="LOOKUP/RETURN/OUTPUT" PRECISION ="250" SCALE ="0"/>
            <TRANSFORMFIELD DATATYPE ="nstring" DEFAULTVALUE ="" DESCRIPTION ="" NAME ="I_Reference_sub_key_1" PICTURETEXT ="" PORTTYPE ="INPUT" PRECISION ="50" SCALE ="0"/>
            <TRANSFORMFIELD DATATYPE ="nstring" DEFAULTVALUE ="" DESCRIPTION ="" NAME ="I_Reference_sub_key_2" PICTURETEXT ="" PORTTYPE ="INPUT" PRECISION ="50" SCALE ="0"/>
            <TABLEATTRIBUTE NAME ="Lookup Sql Override" VALUE ="SELECT Reference.Desc_1 as Desc_1, Reference.Reference_sub_key_1 as Reference_sub_key_1, Reference.Reference_sub_key_2 as Reference_sub_key_2 FROM Reference with (NOLOCK)  WHERE reference_key = &apos;Web_Order_Audit&apos;"/>
            <TABLEATTRIBUTE NAME ="Lookup table name" VALUE ="Reference"/>
            <TABLEATTRIBUTE NAME ="Lookup Source Filter" VALUE =""/>
            <TABLEATTRIBUTE NAME ="Lookup caching enabled" VALUE ="YES"/>
            <TABLEATTRIBUTE NAME ="Lookup policy on multiple match" VALUE ="Use Any Value"/>
            <TABLEATTRIBUTE NAME ="Lookup condition" VALUE ="Reference_sub_key_1 = I_Reference_sub_key_1 AND Reference_sub_key_2 = I_Reference_sub_key_2"/>
            <TABLEATTRIBUTE NAME ="Connection Information" VALUE ="bisql1_edm_WSBID1SQLV"/>
            <TABLEATTRIBUTE NAME ="Source Type" VALUE ="Database"/>
            <TABLEATTRIBUTE NAME ="Recache if Stale" VALUE ="NO"/>
            <TABLEATTRIBUTE NAME ="Tracing Level" VALUE ="Normal"/>
            <TABLEATTRIBUTE NAME ="Lookup cache directory name" VALUE ="$PMCacheDir"/>
            <TABLEATTRIBUTE NAME ="Lookup cache initialize" VALUE ="NO"/>
            <TABLEATTRIBUTE NAME ="Lookup cache persistent" VALUE ="NO"/>
            <TABLEATTRIBUTE NAME ="Lookup Data Cache Size" VALUE ="Auto"/>
            <TABLEATTRIBUTE NAME ="Lookup Index Cache Size" VALUE ="Auto"/>
            <TABLEATTRIBUTE NAME ="Dynamic Lookup Cache" VALUE ="NO"/>
            <TABLEATTRIBUTE NAME ="Synchronize Dynamic Cache" VALUE ="NO"/>
            <TABLEATTRIBUTE NAME ="Output Old Value On Update" VALUE ="NO"/>
            <TABLEATTRIBUTE NAME ="Update Dynamic Cache Condition" VALUE ="TRUE"/>
            <TABLEATTRIBUTE NAME ="Cache File Name Prefix" VALUE =""/>
            <TABLEATTRIBUTE NAME ="Re-cache from lookup source" VALUE ="NO"/>
            <TABLEATTRIBUTE NAME ="Insert Else Update" VALUE ="NO"/>
            <TABLEATTRIBUTE NAME ="Update Else Insert" VALUE ="NO"/>
            <TABLEATTRIBUTE NAME ="Datetime Format" VALUE =""/>
            <TABLEATTRIBUTE NAME ="Thousand Separator" VALUE ="None"/>
            <TABLEATTRIBUTE NAME ="Decimal Separator" VALUE ="."/>
            <TABLEATTRIBUTE NAME ="Case Sensitive String Comparison" VALUE ="NO"/>
            <TABLEATTRIBUTE NAME ="Null ordering" VALUE ="Null Is Highest Value"/>
            <TABLEATTRIBUTE NAME ="Sorted Input" VALUE ="NO"/>
            <TABLEATTRIBUTE NAME ="Lookup source is static" VALUE ="NO"/>
            <TABLEATTRIBUTE NAME ="Pre-build lookup cache" VALUE ="Auto"/>
            <TABLEATTRIBUTE NAME ="Subsecond Precision" VALUE ="6"/>
        </TRANSFORMATION>
        <TRANSFORMATION DESCRIPTION ="This lookup transformation is used on DBO.Reference table to get desc_1&#xD;&#xA;&#xD;&#xA;23092019-SG- Added program code in look up condition against desc_2 column in reference table." NAME ="LKP_DBO_REFERENCE_NON_Z001_Z100" OBJECTVERSION ="1" REUSABLE ="NO" TYPE ="Lookup Procedure" VERSIONNUMBER ="1">
            <TRANSFORMFIELD DATATYPE ="nstring" DEFAULTVALUE ="" DESCRIPTION ="" NAME ="Reference_sub_key_1" PICTURETEXT ="" PORTTYPE ="LOOKUP" PRECISION ="50" SCALE ="0"/>
            <TRANSFORMFIELD DATATYPE ="nstring" DEFAULTVALUE ="" DESCRIPTION ="" NAME ="Reference_sub_key_2" PICTURETEXT ="" PORTTYPE ="LOOKUP" PRECISION ="50" SCALE ="0"/>
            <TRANSFORMFIELD DATATYPE ="nstring" DEFAULTVALUE ="" DESCRIPTION ="" NAME ="Desc_1" PICTURETEXT ="" PORTTYPE ="LOOKUP/RETURN/OUTPUT" PRECISION ="250" SCALE ="0"/>
            <TRANSFORMFIELD DATATYPE ="nstring" DEFAULTVALUE ="" DESCRIPTION ="" NAME ="Desc_2" PICTURETEXT ="" PORTTYPE ="LOOKUP" PRECISION ="250" SCALE ="0"/>
            <TRANSFORMFIELD DATATYPE ="nstring" DEFAULTVALUE ="" DESCRIPTION ="" NAME ="I_Reference_sub_key_1" PICTURETEXT ="" PORTTYPE ="INPUT" PRECISION ="50" SCALE ="0"/>
            <TRANSFORMFIELD DATATYPE ="nstring" DEFAULTVALUE ="" DESCRIPTION ="" NAME ="I_Reference_sub_key_2" PICTURETEXT ="" PORTTYPE ="INPUT" PRECISION ="50" SCALE ="0"/>
            <TRANSFORMFIELD DATATYPE ="string" DEFAULTVALUE ="" DESCRIPTION ="" NAME ="I_Program_Code" PICTURETEXT ="" PORTTYPE ="INPUT" PRECISION ="3" SCALE ="0"/>
            <TABLEATTRIBUTE NAME ="Lookup Sql Override" VALUE ="SELECT Reference.Desc_1 as Desc_1, Reference.Reference_sub_key_1 as Reference_sub_key_1, Reference.Reference_sub_key_2 as Reference_sub_key_2,Reference.Desc_2 as Desc_2 FROM Reference with (NOLOCK)  WHERE reference_key = &apos;Web_Order_Audit&apos;"/>
            <TABLEATTRIBUTE NAME ="Lookup table name" VALUE ="Reference"/>
            <TABLEATTRIBUTE NAME ="Lookup Source Filter" VALUE =""/>
            <TABLEATTRIBUTE NAME ="Lookup caching enabled" VALUE ="YES"/>
            <TABLEATTRIBUTE NAME ="Lookup policy on multiple match" VALUE ="Use Any Value"/>
            <TABLEATTRIBUTE NAME ="Lookup condition" VALUE ="Reference_sub_key_1 = I_Reference_sub_key_1 AND Reference_sub_key_2 = I_Reference_sub_key_2 AND Desc_2 = I_Program_Code"/>
            <TABLEATTRIBUTE NAME ="Connection Information" VALUE ="bisql1_edm_WSBID1SQLV"/>
            <TABLEATTRIBUTE NAME ="Source Type" VALUE ="Database"/>
            <TABLEATTRIBUTE NAME ="Recache if Stale" VALUE ="NO"/>
            <TABLEATTRIBUTE NAME ="Tracing Level" VALUE ="Normal"/>
            <TABLEATTRIBUTE NAME ="Lookup cache directory name" VALUE ="$PMCacheDir"/>
            <TABLEATTRIBUTE NAME ="Lookup cache initialize" VALUE ="NO"/>
            <TABLEATTRIBUTE NAME ="Lookup cache persistent" VALUE ="NO"/>
            <TABLEATTRIBUTE NAME ="Lookup Data Cache Size" VALUE ="Auto"/>
            <TABLEATTRIBUTE NAME ="Lookup Index Cache Size" VALUE ="Auto"/>
            <TABLEATTRIBUTE NAME ="Dynamic Lookup Cache" VALUE ="NO"/>
            <TABLEATTRIBUTE NAME ="Synchronize Dynamic Cache" VALUE ="NO"/>
            <TABLEATTRIBUTE NAME ="Output Old Value On Update" VALUE ="NO"/>
            <TABLEATTRIBUTE NAME ="Update Dynamic Cache Condition" VALUE ="TRUE"/>
            <TABLEATTRIBUTE NAME ="Cache File Name Prefix" VALUE =""/>
            <TABLEATTRIBUTE NAME ="Re-cache from lookup source" VALUE ="NO"/>
            <TABLEATTRIBUTE NAME ="Insert Else Update" VALUE ="NO"/>
            <TABLEATTRIBUTE NAME ="Update Else Insert" VALUE ="NO"/>
            <TABLEATTRIBUTE NAME ="Datetime Format" VALUE =""/>
            <TABLEATTRIBUTE NAME ="Thousand Separator" VALUE ="None"/>
            <TABLEATTRIBUTE NAME ="Decimal Separator" VALUE ="."/>
            <TABLEATTRIBUTE NAME ="Case Sensitive String Comparison" VALUE ="NO"/>
            <TABLEATTRIBUTE NAME ="Null ordering" VALUE ="Null Is Highest Value"/>
            <TABLEATTRIBUTE NAME ="Sorted Input" VALUE ="NO"/>
            <TABLEATTRIBUTE NAME ="Lookup source is static" VALUE ="NO"/>
            <TABLEATTRIBUTE NAME ="Pre-build lookup cache" VALUE ="Auto"/>
            <TABLEATTRIBUTE NAME ="Subsecond Precision" VALUE ="6"/>
        </TRANSFORMATION>
        <INSTANCE DESCRIPTION ="Target definition" NAME ="WEB_PO" TRANSFORMATION_NAME ="WEB_PO" TRANSFORMATION_TYPE ="Target Definition" TYPE ="TARGET"/>
        <INSTANCE DBDNAME ="Flat_File" DESCRIPTION ="Source Definition&#xD;&#xA;23092019-SG- Added entity_id &amp; programd_code ports. " NAME ="SAP_HBI_DW_DLY_SALES_ORDERS" TRANSFORMATION_NAME ="SAP_HBI_DW_DLY_SALES_ORDERS" TRANSFORMATION_TYPE ="Source Definition" TYPE ="SOURCE"/>
        <INSTANCE DESCRIPTION ="Filter records based on condition given.." NAME ="FL_SALES_DOC_TYPE" REUSABLE ="NO" TRANSFORMATION_NAME ="FL_SALES_DOC_TYPE" TRANSFORMATION_TYPE ="Filter" TYPE ="TRANSFORMATION"/>
        <INSTANCE DESCRIPTION ="Expression to evaluate values" NAME ="EXP_SOURCE" REUSABLE ="NO" TRANSFORMATION_NAME ="EXP_SOURCE" TRANSFORMATION_TYPE ="Expression" TYPE ="TRANSFORMATION"/>
        <INSTANCE DESCRIPTION ="Aggregate based on PO_num" NAME ="AGG_PO_NUM" REUSABLE ="NO" TRANSFORMATION_NAME ="AGG_PO_NUM" TRANSFORMATION_TYPE ="Aggregator" TYPE ="TRANSFORMATION"/>
        <INSTANCE DESCRIPTION ="Sq for the source" NAME ="SQ_SAP_HBI_DW_DLY_SALES_ORDERS" REUSABLE ="NO" TRANSFORMATION_NAME ="SQ_SAP_HBI_DW_DLY_SALES_ORDERS" TRANSFORMATION_TYPE ="Source Qualifier" TYPE ="TRANSFORMATION">
            <ASSOCIATED_SOURCE_INSTANCE NAME ="SAP_HBI_DW_DLY_SALES_ORDERS"/>
        </INSTANCE>
        <INSTANCE DESCRIPTION ="Lookup on target" NAME ="LKP_TGT" REUSABLE ="NO" TRANSFORMATION_NAME ="LKP_TGT" TRANSFORMATION_TYPE ="Lookup Procedure" TYPE ="TRANSFORMATION"/>
        <INSTANCE DESCRIPTION ="This lookup transformation is used on DBO.Reference table to get desc_1&#xD;&#xA;&#xD;&#xA;23092019-SG- Added program code in look up condition against desc_2 column in reference table." NAME ="LKP_DBO_REFERENCE_Z001_Z100" REUSABLE ="NO" TRANSFORMATION_NAME ="LKP_DBO_REFERENCE_Z001_Z100" TRANSFORMATION_TYPE ="Lookup Procedure" TYPE ="TRANSFORMATION"/>
        <INSTANCE DESCRIPTION ="This lookup transformation is used on DBO.Reference table to get desc_1&#xD;&#xA;&#xD;&#xA;23092019-SG- Added program code in look up condition against desc_2 column in reference table." NAME ="LKP_DBO_REFERENCE_NON_Z001_Z100" REUSABLE ="NO" TRANSFORMATION_NAME ="LKP_DBO_REFERENCE_NON_Z001_Z100" TRANSFORMATION_TYPE ="Lookup Procedure" TYPE ="TRANSFORMATION"/>
        <CONNECTOR FROMFIELD ="PO_NUM" FROMINSTANCE ="AGG_PO_NUM" FROMINSTANCETYPE ="Aggregator" TOFIELD ="PO_NUM" TOINSTANCE ="WEB_PO" TOINSTANCETYPE ="Target Definition"/>
        <CONNECTOR FROMFIELD ="O_DOC_CREATE_DATE" FROMINSTANCE ="AGG_PO_NUM" FROMINSTANCETYPE ="Aggregator" TOFIELD ="ORDER_DATE" TOINSTANCE ="WEB_PO" TOINSTANCETYPE ="Target Definition"/>
        <CONNECTOR FROMFIELD ="ORDER_SOURCE" FROMINSTANCE ="AGG_PO_NUM" FROMINSTANCETYPE ="Aggregator" TOFIELD ="ORDER_SOURCE" TOINSTANCE ="WEB_PO" TOINSTANCETYPE ="Target Definition"/>
        <CONNECTOR FROMFIELD ="ENTITY_ID" FROMINSTANCE ="AGG_PO_NUM" FROMINSTANCETYPE ="Aggregator" TOFIELD ="MAGENTO_ENTITY_ID" TOINSTANCE ="WEB_PO" TOINSTANCETYPE ="Target Definition"/>
        <CONNECTOR FROMFIELD ="doc_create_date" FROMINSTANCE ="SAP_HBI_DW_DLY_SALES_ORDERS" FROMINSTANCETYPE ="Source Definition" TOFIELD ="DOC_CREATE_DATE" TOINSTANCE ="SQ_SAP_HBI_DW_DLY_SALES_ORDERS" TOINSTANCETYPE ="Source Qualifier"/>
        <CONNECTOR FROMFIELD ="po_num" FROMINSTANCE ="SAP_HBI_DW_DLY_SALES_ORDERS" FROMINSTANCETYPE ="Source Definition" TOFIELD ="PO_NUM" TOINSTANCE ="SQ_SAP_HBI_DW_DLY_SALES_ORDERS" TOINSTANCETYPE ="Source Qualifier"/>
        <CONNECTOR FROMFIELD ="soldto_cust" FROMINSTANCE ="SAP_HBI_DW_DLY_SALES_ORDERS" FROMINSTANCETYPE ="Source Definition" TOFIELD ="SOLDTO_CUST" TOINSTANCE ="SQ_SAP_HBI_DW_DLY_SALES_ORDERS" TOINSTANCETYPE ="Source Qualifier"/>
        <CONNECTOR FROMFIELD ="sales_doc_type" FROMINSTANCE ="SAP_HBI_DW_DLY_SALES_ORDERS" FROMINSTANCETYPE ="Source Definition" TOFIELD ="SALES_DOC_TYPE" TOINSTANCE ="SQ_SAP_HBI_DW_DLY_SALES_ORDERS" TOINSTANCETYPE ="Source Qualifier"/>
        <CONNECTOR FROMFIELD ="Entity_ID" FROMINSTANCE ="SAP_HBI_DW_DLY_SALES_ORDERS" FROMINSTANCETYPE ="Source Definition" TOFIELD ="ENTITY_ID" TOINSTANCE ="SQ_SAP_HBI_DW_DLY_SALES_ORDERS" TOINSTANCETYPE ="Source Qualifier"/>
        <CONNECTOR FROMFIELD ="Program_code" FROMINSTANCE ="SAP_HBI_DW_DLY_SALES_ORDERS" FROMINSTANCETYPE ="Source Definition" TOFIELD ="PROGRAM_CODE" TOINSTANCE ="SQ_SAP_HBI_DW_DLY_SALES_ORDERS" TOINSTANCETYPE ="Source Qualifier"/>
        <CONNECTOR FROMFIELD ="O_DOC_CREATE_DATE" FROMINSTANCE ="EXP_SOURCE" FROMINSTANCETYPE ="Expression" TOFIELD ="DOC_CREATE_DATE" TOINSTANCE ="FL_SALES_DOC_TYPE" TOINSTANCETYPE ="Filter"/>
        <CONNECTOR FROMFIELD ="SALES_DOC_TYPE" FROMINSTANCE ="EXP_SOURCE" FROMINSTANCETYPE ="Expression" TOFIELD ="SALES_DOC_TYPE" TOINSTANCE ="FL_SALES_DOC_TYPE" TOINSTANCETYPE ="Filter"/>
        <CONNECTOR FROMFIELD ="O_ORDER_SOURCE" FROMINSTANCE ="EXP_SOURCE" FROMINSTANCETYPE ="Expression" TOFIELD ="O_ORDER_SOURCE" TOINSTANCE ="FL_SALES_DOC_TYPE" TOINSTANCETYPE ="Filter"/>
        <CONNECTOR FROMFIELD ="ENTITY_ID" FROMINSTANCE ="EXP_SOURCE" FROMINSTANCETYPE ="Expression" TOFIELD ="ENTITY_ID" TOINSTANCE ="FL_SALES_DOC_TYPE" TOINSTANCETYPE ="Filter"/>
        <CONNECTOR FROMFIELD ="O_PO_NUM" FROMINSTANCE ="EXP_SOURCE" FROMINSTANCETYPE ="Expression" TOFIELD ="PO_NUM" TOINSTANCE ="FL_SALES_DOC_TYPE" TOINSTANCETYPE ="Filter"/>
        <CONNECTOR FROMFIELD ="PO_NUM" FROMINSTANCE ="LKP_TGT" FROMINSTANCETYPE ="Lookup Procedure" TOFIELD ="LKP_PO_NUM" TOINSTANCE ="FL_SALES_DOC_TYPE" TOINSTANCETYPE ="Filter"/>
        <CONNECTOR FROMFIELD ="PO_NUM" FROMINSTANCE ="FL_SALES_DOC_TYPE" FROMINSTANCETYPE ="Filter" TOFIELD ="PO_NUM" TOINSTANCE ="AGG_PO_NUM" TOINSTANCETYPE ="Aggregator"/>
        <CONNECTOR FROMFIELD ="DOC_CREATE_DATE" FROMINSTANCE ="FL_SALES_DOC_TYPE" FROMINSTANCETYPE ="Filter" TOFIELD ="I_DOC_CREATE_DATE" TOINSTANCE ="AGG_PO_NUM" TOINSTANCETYPE ="Aggregator"/>
        <CONNECTOR FROMFIELD ="O_ORDER_SOURCE" FROMINSTANCE ="FL_SALES_DOC_TYPE" FROMINSTANCETYPE ="Filter" TOFIELD ="ORDER_SOURCE" TOINSTANCE ="AGG_PO_NUM" TOINSTANCETYPE ="Aggregator"/>
        <CONNECTOR FROMFIELD ="ENTITY_ID" FROMINSTANCE ="FL_SALES_DOC_TYPE" FROMINSTANCETYPE ="Filter" TOFIELD ="ENTITY_ID" TOINSTANCE ="AGG_PO_NUM" TOINSTANCETYPE ="Aggregator"/>
        <CONNECTOR FROMFIELD ="O_PO_NUM" FROMINSTANCE ="EXP_SOURCE" FROMINSTANCETYPE ="Expression" TOFIELD ="IN_PO_NUM" TOINSTANCE ="LKP_TGT" TOINSTANCETYPE ="Lookup Procedure"/>
        <CONNECTOR FROMFIELD ="DOC_CREATE_DATE" FROMINSTANCE ="SQ_SAP_HBI_DW_DLY_SALES_ORDERS" FROMINSTANCETYPE ="Source Qualifier" TOFIELD ="I_DOC_CREATE_DATE" TOINSTANCE ="EXP_SOURCE" TOINSTANCETYPE ="Expression"/>
        <CONNECTOR FROMFIELD ="SOLDTO_CUST" FROMINSTANCE ="SQ_SAP_HBI_DW_DLY_SALES_ORDERS" FROMINSTANCETYPE ="Source Qualifier" TOFIELD ="I_SOLDTO_CUST" TOINSTANCE ="EXP_SOURCE" TOINSTANCETYPE ="Expression"/>
        <CONNECTOR FROMFIELD ="SALES_DOC_TYPE" FROMINSTANCE ="SQ_SAP_HBI_DW_DLY_SALES_ORDERS" FROMINSTANCETYPE ="Source Qualifier" TOFIELD ="SALES_DOC_TYPE" TOINSTANCE ="EXP_SOURCE" TOINSTANCETYPE ="Expression"/>
        <CONNECTOR FROMFIELD ="ENTITY_ID" FROMINSTANCE ="SQ_SAP_HBI_DW_DLY_SALES_ORDERS" FROMINSTANCETYPE ="Source Qualifier" TOFIELD ="ENTITY_ID" TOINSTANCE ="EXP_SOURCE" TOINSTANCETYPE ="Expression"/>
        <CONNECTOR FROMFIELD ="PROGRAM_CODE" FROMINSTANCE ="SQ_SAP_HBI_DW_DLY_SALES_ORDERS" FROMINSTANCETYPE ="Source Qualifier" TOFIELD ="I_PROGRAM_CODE" TOINSTANCE ="EXP_SOURCE" TOINSTANCETYPE ="Expression"/>
        <CONNECTOR FROMFIELD ="PO_NUM" FROMINSTANCE ="SQ_SAP_HBI_DW_DLY_SALES_ORDERS" FROMINSTANCETYPE ="Source Qualifier" TOFIELD ="I_PO_NUM" TOINSTANCE ="EXP_SOURCE" TOINSTANCETYPE ="Expression"/>
        <TARGETLOADORDER ORDER ="1" TARGETINSTANCE ="WEB_PO"/>
        <ERPINFO/>
        <METADATAEXTENSION DATATYPE ="STRING" DESCRIPTION ="Conversion Mapping Name with version " DOMAINNAME ="User Defined Metadata Domain" ISCLIENTEDITABLE ="YES" ISCLIENTVISIBLE ="YES" ISREUSABLE ="NO" ISSHAREREAD ="NO" ISSHAREWRITE ="NO" MAXLENGTH ="256" NAME ="CONV_MAP_NAME" VALUE ="SAP Web_PO from Open Orders load V6.0&#xD;&#xA;" VENDORNAME ="INFORMATICA"/>
    </MAPPING>
    <CONFIG DESCRIPTION ="Default session configuration object" ISDEFAULT ="YES" NAME ="default_session_config" VERSIONNUMBER ="1">
        <ATTRIBUTE NAME ="Advanced" VALUE =""/>
        <ATTRIBUTE NAME ="Constraint based load ordering" VALUE ="NO"/>
        <ATTRIBUTE NAME ="Cache LOOKUP() function" VALUE ="YES"/>
        <ATTRIBUTE NAME ="Default buffer block size" VALUE ="Auto"/>
        <ATTRIBUTE NAME ="Line Sequential buffer length" VALUE ="1024"/>
        <ATTRIBUTE NAME ="Maximum Memory Allowed For Auto Memory Attributes" VALUE ="512MB"/>
        <ATTRIBUTE NAME ="Maximum Percentage of Total Memory Allowed For Auto Memory Attributes" VALUE ="5"/>
        <ATTRIBUTE NAME ="Additional Concurrent Pipelines for Lookup Cache Creation" VALUE ="Auto"/>
        <ATTRIBUTE NAME ="Custom Properties" VALUE =""/>
        <ATTRIBUTE NAME ="Pre-build lookup cache" VALUE ="Auto"/>
        <ATTRIBUTE NAME ="Optimization Level" VALUE ="Medium"/>
        <ATTRIBUTE NAME ="DateTime Format String" VALUE ="MM/DD/YYYY HH24:MI:SS.US"/>
        <ATTRIBUTE NAME ="Pre 85 Timestamp Compatibility" VALUE ="NO"/>
        <ATTRIBUTE NAME ="Log Options" VALUE ="0"/>
        <ATTRIBUTE NAME ="Save session log by" VALUE ="Session runs"/>
        <ATTRIBUTE NAME ="Save session log for these runs" VALUE ="9"/>
        <ATTRIBUTE NAME ="Session Log File Max Size" VALUE ="0"/>
        <ATTRIBUTE NAME ="Session Log File Max Time Period" VALUE ="0"/>
        <ATTRIBUTE NAME ="Maximum Partial Session Log Files" VALUE ="1"/>
        <ATTRIBUTE NAME ="Writer Commit Statistics Log Frequency" VALUE ="1"/>
        <ATTRIBUTE NAME ="Writer Commit Statistics Log Interval" VALUE ="0"/>
        <ATTRIBUTE NAME ="Error handling" VALUE =""/>
        <ATTRIBUTE NAME ="Stop on errors" VALUE ="1"/>
        <ATTRIBUTE NAME ="Override tracing" VALUE ="None"/>
        <ATTRIBUTE NAME ="On Stored Procedure error" VALUE ="Stop"/>
        <ATTRIBUTE NAME ="On Pre-session command task error" VALUE ="Stop"/>
        <ATTRIBUTE NAME ="On Pre-Post SQL error" VALUE ="Stop"/>
        <ATTRIBUTE NAME ="Enable Recovery" VALUE ="NO"/>
        <ATTRIBUTE NAME ="Error Log Type" VALUE ="None"/>
        <ATTRIBUTE NAME ="Error Log Table Name Prefix" VALUE =""/>
        <ATTRIBUTE NAME ="Error Log File Name" VALUE ="PMError.log"/>
        <ATTRIBUTE NAME ="Log Source Row Data" VALUE ="NO"/>
        <ATTRIBUTE NAME ="Data Column Delimiter" VALUE ="|"/>
        <ATTRIBUTE NAME ="Partitioning Options" VALUE =""/>
        <ATTRIBUTE NAME ="Dynamic Partitioning" VALUE ="Disabled"/>
        <ATTRIBUTE NAME ="Number of Partitions" VALUE ="1"/>
        <ATTRIBUTE NAME ="Multiplication Factor" VALUE ="Auto"/>
        <ATTRIBUTE NAME ="Session on Grid" VALUE =""/>
        <ATTRIBUTE NAME ="Is Enabled" VALUE ="NO"/>
    </CONFIG>
    <SESSION DESCRIPTION ="This session runs the mapping m_SAP_WEB_PO_OPN_ORDRS" ISVALID ="YES" MAPPINGNAME ="m_SAP_WEB_PO_OPN_ORDRS" NAME ="s_m_SAP_WEB_PO_OPN_ORDRS" REUSABLE ="YES" SORTORDER ="Binary" VERSIONNUMBER ="1">
        <SESSTRANSFORMATIONINST ISREPARTITIONPOINT ="YES" PARTITIONTYPE ="PASS THROUGH" PIPELINE ="1" SINSTANCENAME ="WEB_PO" STAGE ="1" TRANSFORMATIONNAME ="WEB_PO" TRANSFORMATIONTYPE ="Target Definition">
            <ATTRIBUTE NAME ="Post SQL" VALUE ="DELETE FROM WEB_PO WHERE ORDER_DATE&lt;SYSDATE-90;&#xD;&#xA;&#xD;&#xA;COMMIT;"/>
        </SESSTRANSFORMATIONINST>
        <SESSTRANSFORMATIONINST ISREPARTITIONPOINT ="NO" PIPELINE ="0" SINSTANCENAME ="SAP_HBI_DW_DLY_SALES_ORDERS" STAGE ="0" TRANSFORMATIONNAME ="SAP_HBI_DW_DLY_SALES_ORDERS" TRANSFORMATIONTYPE ="Source Definition">
            <FLATFILE CODEPAGE ="US-ASCII" CONSECDELIMITERSASONE ="NO" DELIMITED ="YES" DELIMITERS ="," ESCAPE_CHARACTER ="" KEEPESCAPECHAR ="NO" LINESEQUENTIAL ="NO" MULTIDELIMITERSASAND ="NO" NULLCHARTYPE ="ASCII" NULL_CHARACTER ="*" PADBYTES ="1" QUOTE_CHARACTER ="DOUBLE" REPEATABLE ="NO" ROWDELIMITER ="0" SKIPROWS ="0" STRIPTRAILINGBLANKS ="NO"/>
        </SESSTRANSFORMATIONINST>
        <SESSTRANSFORMATIONINST ISREPARTITIONPOINT ="YES" PARTITIONTYPE ="PASS THROUGH" PIPELINE ="1" SINSTANCENAME ="SQ_SAP_HBI_DW_DLY_SALES_ORDERS" STAGE ="2" TRANSFORMATIONNAME ="SQ_SAP_HBI_DW_DLY_SALES_ORDERS" TRANSFORMATIONTYPE ="Source Qualifier"/>
        <SESSTRANSFORMATIONINST ISREPARTITIONPOINT ="NO" PIPELINE ="1" SINSTANCENAME ="EXP_SOURCE" STAGE ="2" TRANSFORMATIONNAME ="EXP_SOURCE" TRANSFORMATIONTYPE ="Expression">
            <PARTITION DESCRIPTION ="" NAME ="Partition #1"/>
        </SESSTRANSFORMATIONINST>
        <SESSTRANSFORMATIONINST ISREPARTITIONPOINT ="YES" PARTITIONTYPE ="HASH AUTO KEYS" PIPELINE ="1" SINSTANCENAME ="AGG_PO_NUM" STAGE ="3" TRANSFORMATIONNAME ="AGG_PO_NUM" TRANSFORMATIONTYPE ="Aggregator">
            <PARTITION DESCRIPTION ="" NAME ="Partition #1"/>
        </SESSTRANSFORMATIONINST>
        <SESSTRANSFORMATIONINST ISREPARTITIONPOINT ="NO" PIPELINE ="1" SINSTANCENAME ="FL_SALES_DOC_TYPE" STAGE ="2" TRANSFORMATIONNAME ="FL_SALES_DOC_TYPE" TRANSFORMATIONTYPE ="Filter">
            <PARTITION DESCRIPTION ="" NAME ="Partition #1"/>
        </SESSTRANSFORMATIONINST>
        <SESSTRANSFORMATIONINST ISREPARTITIONPOINT ="NO" PIPELINE ="1" SINSTANCENAME ="LKP_TGT" STAGE ="2" TRANSFORMATIONNAME ="LKP_TGT" TRANSFORMATIONTYPE ="Lookup Procedure">
            <PARTITION DESCRIPTION ="" NAME ="Partition #1"/>
            <ATTRIBUTE NAME ="Connection Information" VALUE ="Relational:SLBADW"/>
        </SESSTRANSFORMATIONINST>
        <SESSTRANSFORMATIONINST ISREPARTITIONPOINT ="NO" PIPELINE ="0" SINSTANCENAME ="LKP_DBO_REFERENCE_Z001_Z100" STAGE ="0" TRANSFORMATIONNAME ="LKP_DBO_REFERENCE_Z001_Z100" TRANSFORMATIONTYPE ="Lookup Procedure">
            <ATTRIBUTE NAME ="Connection Information" VALUE ="Relational:bisql1_edm"/>
        </SESSTRANSFORMATIONINST>
        <SESSTRANSFORMATIONINST ISREPARTITIONPOINT ="NO" PIPELINE ="0" SINSTANCENAME ="LKP_DBO_REFERENCE_NON_Z001_Z100" STAGE ="0" TRANSFORMATIONNAME ="LKP_DBO_REFERENCE_NON_Z001_Z100" TRANSFORMATIONTYPE ="Lookup Procedure">
            <ATTRIBUTE NAME ="Connection Information" VALUE ="Relational:bisql1_edm"/>
        </SESSTRANSFORMATIONINST>
        <CONFIGREFERENCE REFOBJECTNAME ="default_session_config" TYPE ="Session config">
            <ATTRIBUTE NAME ="Save session log for these runs" VALUE ="9"/>
            <ATTRIBUTE NAME ="Stop on errors" VALUE ="0"/>
        </CONFIGREFERENCE>
        <SESSIONEXTENSION NAME ="Relational Writer" SINSTANCENAME ="WEB_PO" SUBTYPE ="Relational Writer" TRANSFORMATIONTYPE ="Target Definition" TYPE ="WRITER">
            <CONNECTIONREFERENCE CNXREFNAME ="DB Connection" CONNECTIONNAME ="SLBADW" CONNECTIONNUMBER ="1" CONNECTIONSUBTYPE ="Oracle" CONNECTIONTYPE ="Relational" VARIABLE =""/>
            <ATTRIBUTE NAME ="Target load type" VALUE ="Normal"/>
            <ATTRIBUTE NAME ="Insert" VALUE ="YES"/>
            <ATTRIBUTE NAME ="Update as Update" VALUE ="NO"/>
            <ATTRIBUTE NAME ="Update as Insert" VALUE ="NO"/>
            <ATTRIBUTE NAME ="Update else Insert" VALUE ="NO"/>
            <ATTRIBUTE NAME ="Delete" VALUE ="NO"/>
            <ATTRIBUTE NAME ="Truncate target table option" VALUE ="NO"/>
            <ATTRIBUTE NAME ="Reject file directory" VALUE ="$PMBadFileDir&#x5c;ONE_ON_ONE_OTC&#x5c;BAD&#x5c;"/>
            <ATTRIBUTE NAME ="Reject filename" VALUE ="s_m_SAP_WEB_PO_OPN_ORDRS.bad"/>
        </SESSIONEXTENSION>
        <SESSIONEXTENSION DSQINSTNAME ="SQ_SAP_HBI_DW_DLY_SALES_ORDERS" DSQINSTTYPE ="Source Qualifier" NAME ="File Reader" SINSTANCENAME ="SAP_HBI_DW_DLY_SALES_ORDERS" SUBTYPE ="File Reader" TRANSFORMATIONTYPE ="Source Definition" TYPE ="READER">
            <CONNECTIONREFERENCE CNXREFNAME ="Connection" CONNECTIONNAME ="" CONNECTIONNUMBER ="1" CONNECTIONSUBTYPE ="" CONNECTIONTYPE ="" VARIABLE =""/>
            <ATTRIBUTE NAME ="Input Type" VALUE ="File"/>
            <ATTRIBUTE NAME ="Concurrent read partitioning" VALUE ="Optimize throughput"/>
            <ATTRIBUTE NAME ="Command Type" VALUE ="Command Generating Data"/>
            <ATTRIBUTE NAME ="Source filetype" VALUE ="Direct"/>
            <ATTRIBUTE NAME ="Source file directory" VALUE ="$PMSourceFileDir&#x5c;&#x5c;ONE_ON_ONE_OTC&#x5c;SRC"/>
            <ATTRIBUTE NAME ="Source filename" VALUE ="SAP_HBI_DW_DLY_SALES_ORDERS.TXT"/>
            <ATTRIBUTE NAME ="Command" VALUE =""/>
            <ATTRIBUTE NAME ="File Reader Truncate String Null" VALUE ="NO"/>
            <ATTRIBUTE NAME ="Codepage Parameter" VALUE =""/>
        </SESSIONEXTENSION>
        <SESSIONEXTENSION NAME ="File Reader" SINSTANCENAME ="SQ_SAP_HBI_DW_DLY_SALES_ORDERS" SUBTYPE ="File Reader" TRANSFORMATIONTYPE ="Source Qualifier" TYPE ="READER"/>
        <SESSIONEXTENSION NAME ="Relational Lookup" SINSTANCENAME ="LKP_TGT" SUBTYPE ="Relational Lookup" TRANSFORMATIONTYPE ="Lookup Procedure" TYPE ="LOOKUPEXTENSION">
            <CONNECTIONREFERENCE CNXREFNAME ="DB Connection" CONNECTIONNAME ="SLBADW" CONNECTIONNUMBER ="1" CONNECTIONSUBTYPE ="Oracle" CONNECTIONTYPE ="Relational" VARIABLE =""/>
        </SESSIONEXTENSION>
        <SESSIONEXTENSION NAME ="Relational Lookup" SINSTANCENAME ="LKP_DBO_REFERENCE_Z001_Z100" SUBTYPE ="Relational Lookup" TRANSFORMATIONTYPE ="Lookup Procedure" TYPE ="LOOKUPEXTENSION">
            <CONNECTIONREFERENCE CNXREFNAME ="DB Connection" CONNECTIONNAME ="bisql1_edm" CONNECTIONNUMBER ="1" CONNECTIONSUBTYPE ="Microsoft SQL Server" CONNECTIONTYPE ="Relational" VARIABLE =""/>
        </SESSIONEXTENSION>
        <SESSIONEXTENSION NAME ="Relational Lookup" SINSTANCENAME ="LKP_DBO_REFERENCE_NON_Z001_Z100" SUBTYPE ="Relational Lookup" TRANSFORMATIONTYPE ="Lookup Procedure" TYPE ="LOOKUPEXTENSION">
            <CONNECTIONREFERENCE CNXREFNAME ="DB Connection" CONNECTIONNAME ="bisql1_edm" CONNECTIONNUMBER ="1" CONNECTIONSUBTYPE ="Microsoft SQL Server" CONNECTIONTYPE ="Relational" VARIABLE =""/>
        </SESSIONEXTENSION>
        <ATTRIBUTE NAME ="General Options" VALUE =""/>
        <ATTRIBUTE NAME ="Write Backward Compatible Session Log File" VALUE ="YES"/>
        <ATTRIBUTE NAME ="Session Log File Name" VALUE ="s_m_SAP_WEB_PO_OPN_ORDRS.log"/>
        <ATTRIBUTE NAME ="Session Log File directory" VALUE ="$PMSessionLogDir&#x5c;&#x5c;ONE_ON_ONE_OTC&#x5c;LOG&#x5c;"/>
        <ATTRIBUTE NAME ="Parameter Filename" VALUE =""/>
        <ATTRIBUTE NAME ="Enable Test Load" VALUE ="NO"/>
        <ATTRIBUTE NAME ="$Source connection value" VALUE =""/>
        <ATTRIBUTE NAME ="$Target connection value" VALUE =""/>
        <ATTRIBUTE NAME ="Treat source rows as" VALUE ="Insert"/>
        <ATTRIBUTE NAME ="Commit Type" VALUE ="Target"/>
        <ATTRIBUTE NAME ="Commit Interval" VALUE ="2000000"/>
        <ATTRIBUTE NAME ="Commit On End Of File" VALUE ="YES"/>
        <ATTRIBUTE NAME ="Rollback Transactions on Errors" VALUE ="NO"/>
        <ATTRIBUTE NAME ="Recovery Strategy" VALUE ="Restart task"/>
        <ATTRIBUTE NAME ="Java Classpath" VALUE =""/>
        <ATTRIBUTE NAME ="Performance" VALUE =""/>
        <ATTRIBUTE NAME ="DTM buffer size" VALUE ="Auto"/>
        <ATTRIBUTE NAME ="Collect performance data" VALUE ="NO"/>
        <ATTRIBUTE NAME ="Write performance data to repository" VALUE ="NO"/>
        <ATTRIBUTE NAME ="Incremental Aggregation" VALUE ="NO"/>
        <ATTRIBUTE NAME ="Enable high precision" VALUE ="NO"/>
        <ATTRIBUTE NAME ="Session retry on deadlock" VALUE ="NO"/>
        <ATTRIBUTE NAME ="Pushdown Optimization" VALUE ="None"/>
        <ATTRIBUTE NAME ="Allow Temporary View for Pushdown" VALUE ="NO"/>
        <ATTRIBUTE NAME ="Allow Temporary Sequence for Pushdown" VALUE ="NO"/>
        <ATTRIBUTE NAME ="Allow Pushdown for User Incompatible Connections" VALUE ="NO"/>
        <METADATAEXTENSION COMPONENTVERSION ="1000000" DATATYPE ="STRING" DESCRIPTION ="Conversion Mapping  Name with version " DOMAINNAME ="User Defined Metadata Domain" ISCLIENTEDITABLE ="YES" ISCLIENTVISIBLE ="YES" ISREUSABLE ="NO" ISSHAREREAD ="NO" ISSHAREWRITE ="NO" MAXLENGTH ="256" NAME ="CONV_MAP_NAME" VALUE ="SAP to Web_po load from Open Orders V6.0" VENDORNAME ="INFORMATICA"/>
    </SESSION>
    <WORKFLOW DESCRIPTION ="Workflow executes session s_m_SAP_WEB_PO_OPN_ORDRS" ISENABLED ="YES" ISRUNNABLESERVICE ="NO" ISSERVICE ="NO" ISVALID ="YES" NAME ="wf_s_m_SAP_WEB_PO_OPN_ORDRS" REUSABLE_SCHEDULER ="NO" SCHEDULERNAME ="Scheduler" SERVERNAME ="Domain10_PRD_Int_Svc" SERVER_DOMAINNAME ="Domain10_PRD" SUSPEND_ON_ERROR ="NO" TASKS_MUST_RUN_ON_SERVER ="NO" VERSIONNUMBER ="1">
        <SCHEDULER DESCRIPTION ="" NAME ="Scheduler" REUSABLE ="NO" VERSIONNUMBER ="1">
            <SCHEDULEINFO SCHEDULETYPE ="ONDEMAND"/>
        </SCHEDULER>
        <TASK DESCRIPTION ="" NAME ="Start" REUSABLE ="NO" TYPE ="Start" VERSIONNUMBER ="1"/>
        <TASKINSTANCE DESCRIPTION ="This session runs the mapping m_SAP_WEB_PO_OPN_ORDRS" FAIL_PARENT_IF_INSTANCE_DID_NOT_RUN ="YES" FAIL_PARENT_IF_INSTANCE_FAILS ="YES" ISENABLED ="YES" NAME ="s_m_SAP_WEB_PO_OPN_ORDRS" REUSABLE ="YES" TASKNAME ="s_m_SAP_WEB_PO_OPN_ORDRS" TASKTYPE ="Session" TREAT_INPUTLINK_AS_AND ="NO"/>
        <TASKINSTANCE DESCRIPTION ="" ISENABLED ="YES" NAME ="Start" REUSABLE ="NO" TASKNAME ="Start" TASKTYPE ="Start"/>
        <WORKFLOWLINK CONDITION ="" FROMTASK ="Start" TOTASK ="s_m_SAP_WEB_PO_OPN_ORDRS"/>
        <WORKFLOWVARIABLE DATATYPE ="date/time" DEFAULTVALUE ="" DESCRIPTION ="The time this task started" ISNULL ="NO" ISPERSISTENT ="NO" NAME ="$s_m_SAP_WEB_PO_OPN_ORDRS.StartTime" USERDEFINED ="NO"/>
        <WORKFLOWVARIABLE DATATYPE ="date/time" DEFAULTVALUE ="" DESCRIPTION ="The time this task completed" ISNULL ="NO" ISPERSISTENT ="NO" NAME ="$s_m_SAP_WEB_PO_OPN_ORDRS.EndTime" USERDEFINED ="NO"/>
        <WORKFLOWVARIABLE DATATYPE ="integer" DEFAULTVALUE ="" DESCRIPTION ="Status of this task&apos;s execution" ISNULL ="NO" ISPERSISTENT ="NO" NAME ="$s_m_SAP_WEB_PO_OPN_ORDRS.Status" USERDEFINED ="NO"/>
        <WORKFLOWVARIABLE DATATYPE ="integer" DEFAULTVALUE ="" DESCRIPTION ="Status of the previous task that is not disabled" ISNULL ="NO" ISPERSISTENT ="NO" NAME ="$s_m_SAP_WEB_PO_OPN_ORDRS.PrevTaskStatus" USERDEFINED ="NO"/>
        <WORKFLOWVARIABLE DATATYPE ="integer" DEFAULTVALUE ="" DESCRIPTION ="Error code for this task&apos;s execution" ISNULL ="NO" ISPERSISTENT ="NO" NAME ="$s_m_SAP_WEB_PO_OPN_ORDRS.ErrorCode" USERDEFINED ="NO"/>
        <WORKFLOWVARIABLE DATATYPE ="string" DEFAULTVALUE ="" DESCRIPTION ="Error message for this task&apos;s execution" ISNULL ="NO" ISPERSISTENT ="NO" NAME ="$s_m_SAP_WEB_PO_OPN_ORDRS.ErrorMsg" USERDEFINED ="NO"/>
        <WORKFLOWVARIABLE DATATYPE ="integer" DEFAULTVALUE ="" DESCRIPTION ="Rows successfully read" ISNULL ="NO" ISPERSISTENT ="NO" NAME ="$s_m_SAP_WEB_PO_OPN_ORDRS.SrcSuccessRows" USERDEFINED ="NO"/>
        <WORKFLOWVARIABLE DATATYPE ="integer" DEFAULTVALUE ="" DESCRIPTION ="Rows failed to read" ISNULL ="NO" ISPERSISTENT ="NO" NAME ="$s_m_SAP_WEB_PO_OPN_ORDRS.SrcFailedRows" USERDEFINED ="NO"/>
        <WORKFLOWVARIABLE DATATYPE ="integer" DEFAULTVALUE ="" DESCRIPTION ="Rows successfully loaded" ISNULL ="NO" ISPERSISTENT ="NO" NAME ="$s_m_SAP_WEB_PO_OPN_ORDRS.TgtSuccessRows" USERDEFINED ="NO"/>
        <WORKFLOWVARIABLE DATATYPE ="integer" DEFAULTVALUE ="" DESCRIPTION ="Rows failed to load" ISNULL ="NO" ISPERSISTENT ="NO" NAME ="$s_m_SAP_WEB_PO_OPN_ORDRS.TgtFailedRows" USERDEFINED ="NO"/>
        <WORKFLOWVARIABLE DATATYPE ="integer" DEFAULTVALUE ="" DESCRIPTION ="Total number of transformation errors" ISNULL ="NO" ISPERSISTENT ="NO" NAME ="$s_m_SAP_WEB_PO_OPN_ORDRS.TotalTransErrors" USERDEFINED ="NO"/>
        <WORKFLOWVARIABLE DATATYPE ="integer" DEFAULTVALUE ="" DESCRIPTION ="First error code" ISNULL ="NO" ISPERSISTENT ="NO" NAME ="$s_m_SAP_WEB_PO_OPN_ORDRS.FirstErrorCode" USERDEFINED ="NO"/>
        <WORKFLOWVARIABLE DATATYPE ="string" DEFAULTVALUE ="" DESCRIPTION ="First error message" ISNULL ="NO" ISPERSISTENT ="NO" NAME ="$s_m_SAP_WEB_PO_OPN_ORDRS.FirstErrorMsg" USERDEFINED ="NO"/>
        <WORKFLOWVARIABLE DATATYPE ="date/time" DEFAULTVALUE ="" DESCRIPTION ="The time this task started" ISNULL ="NO" ISPERSISTENT ="NO" NAME ="$Start.StartTime" USERDEFINED ="NO"/>
        <WORKFLOWVARIABLE DATATYPE ="date/time" DEFAULTVALUE ="" DESCRIPTION ="The time this task completed" ISNULL ="NO" ISPERSISTENT ="NO" NAME ="$Start.EndTime" USERDEFINED ="NO"/>
        <WORKFLOWVARIABLE DATATYPE ="integer" DEFAULTVALUE ="" DESCRIPTION ="Status of this task&apos;s execution" ISNULL ="NO" ISPERSISTENT ="NO" NAME ="$Start.Status" USERDEFINED ="NO"/>
        <WORKFLOWVARIABLE DATATYPE ="integer" DEFAULTVALUE ="" DESCRIPTION ="Status of the previous task that is not disabled" ISNULL ="NO" ISPERSISTENT ="NO" NAME ="$Start.PrevTaskStatus" USERDEFINED ="NO"/>
        <WORKFLOWVARIABLE DATATYPE ="integer" DEFAULTVALUE ="" DESCRIPTION ="Error code for this task&apos;s execution" ISNULL ="NO" ISPERSISTENT ="NO" NAME ="$Start.ErrorCode" USERDEFINED ="NO"/>
        <WORKFLOWVARIABLE DATATYPE ="string" DEFAULTVALUE ="" DESCRIPTION ="Error message for this task&apos;s execution" ISNULL ="NO" ISPERSISTENT ="NO" NAME ="$Start.ErrorMsg" USERDEFINED ="NO"/>
        <ATTRIBUTE NAME ="Parameter Filename" VALUE =""/>
        <ATTRIBUTE NAME ="Write Backward Compatible Workflow Log File" VALUE ="YES"/>
        <ATTRIBUTE NAME ="Workflow Log File Name" VALUE ="wf_s_m_SAP_WEB_PO_OPN_ORDRS.log"/>
        <ATTRIBUTE NAME ="Workflow Log File Directory" VALUE ="$PMWorkflowLogDir&#x5c;ONE_ON_ONE_OTC&#x5c;LOG&#x5c;"/>
        <ATTRIBUTE NAME ="Save Workflow log by" VALUE ="By runs"/>
        <ATTRIBUTE NAME ="Save workflow log for these runs" VALUE ="9"/>
        <ATTRIBUTE NAME ="Service Name" VALUE =""/>
        <ATTRIBUTE NAME ="Service Timeout" VALUE ="0"/>
        <ATTRIBUTE NAME ="Is Service Visible" VALUE ="NO"/>
        <ATTRIBUTE NAME ="Is Service Protected" VALUE ="NO"/>
        <ATTRIBUTE NAME ="Fail task after wait time" VALUE ="0"/>
        <ATTRIBUTE NAME ="Enable HA recovery" VALUE ="NO"/>
        <ATTRIBUTE NAME ="Automatically recover terminated tasks" VALUE ="NO"/>
        <ATTRIBUTE NAME ="Service Level Name" VALUE ="Default"/>
        <ATTRIBUTE NAME ="Allow concurrent run with unique run instance name" VALUE ="NO"/>
        <ATTRIBUTE NAME ="Allow concurrent run with same run instance name" VALUE ="NO"/>
        <ATTRIBUTE NAME ="Maximum number of concurrent runs" VALUE ="0"/>
        <ATTRIBUTE NAME ="Assigned Web Services Hubs" VALUE =""/>
        <ATTRIBUTE NAME ="Maximum number of concurrent runs per Hub" VALUE ="1000"/>
        <ATTRIBUTE NAME ="Expected Service Time" VALUE ="1"/>
        <METADATAEXTENSION COMPONENTVERSION ="1000000" DATATYPE ="STRING" DESCRIPTION ="Conversion Mapping Name with version " DOMAINNAME ="User Defined Metadata Domain" ISCLIENTEDITABLE ="YES" ISCLIENTVISIBLE ="YES" ISREUSABLE ="NO" ISSHAREREAD ="NO" ISSHAREWRITE ="NO" MAXLENGTH ="256" NAME ="CONV_MAP_NAME" VALUE ="SAP to Web_po load from Open Orders v1.0" VENDORNAME ="INFORMATICA"/>
        <METADATAEXTENSION COMPONENTVERSION ="1000000" DATATYPE ="STRING" DESCRIPTION ="" DOMAINNAME ="User Defined Metadata Domain" ISCLIENTEDITABLE ="YES" ISCLIENTVISIBLE ="YES" ISREUSABLE ="NO" ISSHAREREAD ="NO" ISSHAREWRITE ="NO" MAXLENGTH ="256" NAME ="Extension" VALUE ="" VENDORNAME ="INFORMATICA"/>
    </WORKFLOW>
</FOLDER>
</REPOSITORY>
</POWERMART>