<?xml version="1.0" encoding="Windows-1252"?>
<!DOCTYPE POWERMART SYSTEM "powrmart.dtd">
<POWERMART CREATION_DATE="05/20/2024 10:24:35" REPOSITORY_VERSION="187.96">
<REPOSITORY NAME="Domain10_Rep_Svc_Prd" VERSION="187" CODEPAGE="MS1252" DATABASETYPE="Microsoft SQL Server">
<FOLDER NAME="ONE_ON_ONE_OTC" GROUP="" OWNER="Administrator" SHARED="NOTSHARED" DESCRIPTION="" PERMISSIONS="rwx---r--" UUID="8627c2fd-2fe8-4f83-88bf-e34259bd5762">
    <SOURCE BUSINESSNAME ="" DATABASETYPE ="Flat File" DBDNAME ="Flat_File" DESCRIPTION ="" NAME ="SAP_BI_HBI_DW_VALID_GL" OBJECTVERSION ="1" OWNERNAME ="" VERSIONNUMBER ="1">
        <FLATFILE CODEPAGE ="US-ASCII" CONSECDELIMITERSASONE ="NO" DELIMITED ="YES" DELIMITERS ="^" ESCAPE_CHARACTER ="" KEEPESCAPECHAR ="NO" LINESEQUENTIAL ="NO" MULTIDELIMITERSASAND ="NO" NULLCHARTYPE ="ASCII" NULL_CHARACTER ="*" PADBYTES ="1" QUOTE_CHARACTER ="NONE" REPEATABLE ="NO" ROWDELIMITER ="0" SHIFTSENSITIVEDATA ="NO" SKIPROWS ="0" STRIPTRAILINGBLANKS ="NO"/>
        <TABLEATTRIBUTE NAME ="Base Table Name" VALUE =""/>
        <TABLEATTRIBUTE NAME ="Search Specification" VALUE =""/>
        <TABLEATTRIBUTE NAME ="Sort Specification" VALUE =""/>
        <TABLEATTRIBUTE NAME ="Datetime Format" VALUE ="A  19 mm/dd/yyyy hh24:mi:ss"/>
        <TABLEATTRIBUTE NAME ="Thousand Separator" VALUE ="None"/>
        <TABLEATTRIBUTE NAME ="Decimal Separator" VALUE ="."/>
        <TABLEATTRIBUTE NAME ="Add Currently Processed Flat File Name Port" VALUE ="NO"/>
        <TABLEATTRIBUTE NAME ="Source TimeStamp" VALUE =""/>
        <SOURCEFIELD BUSINESSNAME ="" DATATYPE ="string" DESCRIPTION ="" FIELDNUMBER ="1" FIELDPROPERTY ="0" FIELDTYPE ="ELEMITEM" HIDDEN ="NO" KEYTYPE ="NOT A KEY" LENGTH ="18" LEVEL ="0" NAME ="BALANCE" NULLABLE ="NULL" OCCURS ="0" OFFSET ="0" PHYSICALLENGTH ="18" PHYSICALOFFSET ="0" PICTURETEXT ="" PRECISION ="18" SCALE ="0" USAGE_FLAGS =""/>
        <SOURCEFIELD BUSINESSNAME ="" DATATYPE ="string" DESCRIPTION ="" FIELDNUMBER ="2" FIELDPROPERTY ="0" FIELDTYPE ="ELEMITEM" HIDDEN ="NO" KEYTYPE ="NOT A KEY" LENGTH ="3" LEVEL ="0" NAME ="CURRENCY" NULLABLE ="NULL" OCCURS ="0" OFFSET ="18" PHYSICALLENGTH ="3" PHYSICALOFFSET ="18" PICTURETEXT ="" PRECISION ="3" SCALE ="0" USAGE_FLAGS =""/>
        <SOURCEFIELD BUSINESSNAME ="" DATATYPE ="string" DESCRIPTION ="" FIELDNUMBER ="3" FIELDPROPERTY ="0" FIELDTYPE ="ELEMITEM" HIDDEN ="NO" KEYTYPE ="NOT A KEY" LENGTH ="20" LEVEL ="0" NAME ="SOURCE_SYSTEM" NULLABLE ="NULL" OCCURS ="0" OFFSET ="21" PHYSICALLENGTH ="20" PHYSICALOFFSET ="21" PICTURETEXT ="" PRECISION ="20" SCALE ="0" USAGE_FLAGS =""/>
        <SOURCEFIELD BUSINESSNAME ="" DATATYPE ="string" DESCRIPTION ="" FIELDNUMBER ="4" FIELDPROPERTY ="0" FIELDTYPE ="ELEMITEM" HIDDEN ="NO" KEYTYPE ="NOT A KEY" LENGTH ="20" LEVEL ="0" NAME ="SOURCE_SYSTEM_DATE" NULLABLE ="NULL" OCCURS ="0" OFFSET ="41" PHYSICALLENGTH ="20" PHYSICALOFFSET ="41" PICTURETEXT ="" PRECISION ="20" SCALE ="0" USAGE_FLAGS =""/>
        <SOURCEFIELD BUSINESSNAME ="" DATATYPE ="string" DESCRIPTION ="" FIELDNUMBER ="5" FIELDPROPERTY ="0" FIELDTYPE ="ELEMITEM" HIDDEN ="NO" KEYTYPE ="NOT A KEY" LENGTH ="10" LEVEL ="0" NAME ="GL_ACCOUNT" NULLABLE ="NULL" OCCURS ="0" OFFSET ="61" PHYSICALLENGTH ="10" PHYSICALOFFSET ="61" PICTURETEXT ="" PRECISION ="10" SCALE ="0" USAGE_FLAGS =""/>
        <SOURCEFIELD BUSINESSNAME ="" DATATYPE ="string" DESCRIPTION ="" FIELDNUMBER ="6" FIELDPROPERTY ="0" FIELDTYPE ="ELEMITEM" HIDDEN ="NO" KEYTYPE ="NOT A KEY" LENGTH ="10" LEVEL ="0" NAME ="PROFIT_CENTER" NULLABLE ="NULL" OCCURS ="0" OFFSET ="71" PHYSICALLENGTH ="10" PHYSICALOFFSET ="71" PICTURETEXT ="" PRECISION ="10" SCALE ="0" USAGE_FLAGS =""/>
        <SOURCEFIELD BUSINESSNAME ="" DATATYPE ="string" DESCRIPTION ="" FIELDNUMBER ="7" FIELDPROPERTY ="0" FIELDTYPE ="ELEMITEM" HIDDEN ="NO" KEYTYPE ="NOT A KEY" LENGTH ="4" LEVEL ="0" NAME ="FISCAL_YEAR" NULLABLE ="NULL" OCCURS ="0" OFFSET ="81" PHYSICALLENGTH ="4" PHYSICALOFFSET ="81" PICTURETEXT ="" PRECISION ="4" SCALE ="0" USAGE_FLAGS =""/>
        <SOURCEFIELD BUSINESSNAME ="" DATATYPE ="string" DESCRIPTION ="" FIELDNUMBER ="8" FIELDPROPERTY ="0" FIELDTYPE ="ELEMITEM" HIDDEN ="NO" KEYTYPE ="NOT A KEY" LENGTH ="3" LEVEL ="0" NAME ="FIACAL_PERIOD" NULLABLE ="NULL" OCCURS ="0" OFFSET ="85" PHYSICALLENGTH ="3" PHYSICALOFFSET ="85" PICTURETEXT ="" PRECISION ="3" SCALE ="0" USAGE_FLAGS =""/>
        <SOURCEFIELD BUSINESSNAME ="" DATATYPE ="string" DESCRIPTION ="" FIELDNUMBER ="9" FIELDPROPERTY ="0" FIELDTYPE ="ELEMITEM" HIDDEN ="NO" KEYTYPE ="NOT A KEY" LENGTH ="4" LEVEL ="0" NAME ="SALES_ORG" NULLABLE ="NULL" OCCURS ="0" OFFSET ="88" PHYSICALLENGTH ="4" PHYSICALOFFSET ="88" PICTURETEXT ="" PRECISION ="4" SCALE ="0" USAGE_FLAGS =""/>
    </SOURCE>
    <TARGET BUSINESSNAME ="" CONSTRAINT ="" DATABASETYPE ="Oracle" DESCRIPTION ="" NAME ="GL_BALANCE" OBJECTVERSION ="1" TABLEOPTIONS ="" VERSIONNUMBER ="1">
        <TARGETFIELD BUSINESSNAME ="" DATATYPE ="number(p,s)" DESCRIPTION ="" FIELDNUMBER ="1" KEYTYPE ="NOT A KEY" NAME ="BALANCE" NULLABLE ="NULL" PICTURETEXT ="" PRECISION ="18" SCALE ="6"/>
        <TARGETFIELD BUSINESSNAME ="" DATATYPE ="varchar2" DESCRIPTION ="" FIELDNUMBER ="2" KEYTYPE ="NOT A KEY" NAME ="SOURCE_SYSTEM" NULLABLE ="NULL" PICTURETEXT ="" PRECISION ="20" SCALE ="0"/>
        <TARGETFIELD BUSINESSNAME ="" DATATYPE ="date" DESCRIPTION ="" FIELDNUMBER ="3" KEYTYPE ="NOT A KEY" NAME ="SOURCE_SYSTEM_DATE" NULLABLE ="NULL" PICTURETEXT ="" PRECISION ="19" SCALE ="0"/>
        <TARGETFIELD BUSINESSNAME ="" DATATYPE ="varchar2" DESCRIPTION ="" FIELDNUMBER ="4" KEYTYPE ="NOT A KEY" NAME ="CURRENCY" NULLABLE ="NULL" PICTURETEXT ="" PRECISION ="3" SCALE ="0"/>
        <TARGETFIELD BUSINESSNAME ="" DATATYPE ="varchar2" DESCRIPTION ="" FIELDNUMBER ="5" KEYTYPE ="NOT A KEY" NAME ="PROFIT_CENTER" NULLABLE ="NULL" PICTURETEXT ="" PRECISION ="10" SCALE ="0"/>
        <TARGETFIELD BUSINESSNAME ="" DATATYPE ="varchar2" DESCRIPTION ="" FIELDNUMBER ="6" KEYTYPE ="NOT A KEY" NAME ="GL_ACCOUNT" NULLABLE ="NULL" PICTURETEXT ="" PRECISION ="30" SCALE ="0"/>
        <TARGETFIELD BUSINESSNAME ="" DATATYPE ="number(p,s)" DESCRIPTION ="" FIELDNUMBER ="7" KEYTYPE ="NOT A KEY" NAME ="FISCAL_YEAR" NULLABLE ="NULL" PICTURETEXT ="" PRECISION ="4" SCALE ="0"/>
        <TARGETFIELD BUSINESSNAME ="" DATATYPE ="number(p,s)" DESCRIPTION ="" FIELDNUMBER ="8" KEYTYPE ="NOT A KEY" NAME ="FISCAL_PERIOD" NULLABLE ="NULL" PICTURETEXT ="" PRECISION ="2" SCALE ="0"/>
        <TARGETFIELD BUSINESSNAME ="" DATATYPE ="date" DESCRIPTION ="" FIELDNUMBER ="9" KEYTYPE ="NOT A KEY" NAME ="UPDATE_TIMESTAMP" NULLABLE ="NULL" PICTURETEXT ="" PRECISION ="19" SCALE ="0"/>
        <TARGETFIELD BUSINESSNAME ="" DATATYPE ="varchar2" DESCRIPTION ="" FIELDNUMBER ="10" KEYTYPE ="NOT A KEY" NAME ="SALES_ORG" NULLABLE ="NULL" PICTURETEXT ="" PRECISION ="4" SCALE ="0"/>
    </TARGET>
    <MAPPING DESCRIPTION ="" ISVALID ="YES" NAME ="m_GM_SAP_GL_BALANCE" OBJECTVERSION ="1" VERSIONNUMBER ="1">
        <TRANSFORMATION DESCRIPTION ="This transformation fetch the record from source table." NAME ="SQ_SAP_BI_HBI_DW_VALID_GL" OBJECTVERSION ="1" REUSABLE ="NO" TYPE ="Source Qualifier" VERSIONNUMBER ="1">
            <TRANSFORMFIELD DATATYPE ="string" DEFAULTVALUE ="" DESCRIPTION ="" NAME ="balance" PICTURETEXT ="" PORTTYPE ="INPUT/OUTPUT" PRECISION ="18" SCALE ="0"/>
            <TRANSFORMFIELD DATATYPE ="string" DEFAULTVALUE ="" DESCRIPTION ="" NAME ="currency" PICTURETEXT ="" PORTTYPE ="INPUT/OUTPUT" PRECISION ="3" SCALE ="0"/>
            <TRANSFORMFIELD DATATYPE ="string" DEFAULTVALUE ="" DESCRIPTION ="" NAME ="source_system" PICTURETEXT ="" PORTTYPE ="INPUT/OUTPUT" PRECISION ="20" SCALE ="0"/>
            <TRANSFORMFIELD DATATYPE ="string" DEFAULTVALUE ="" DESCRIPTION ="" NAME ="source_system_date" PICTURETEXT ="" PORTTYPE ="INPUT/OUTPUT" PRECISION ="20" SCALE ="0"/>
            <TRANSFORMFIELD DATATYPE ="string" DEFAULTVALUE ="" DESCRIPTION ="" NAME ="GL_Account" PICTURETEXT ="" PORTTYPE ="INPUT/OUTPUT" PRECISION ="10" SCALE ="0"/>
            <TRANSFORMFIELD DATATYPE ="string" DEFAULTVALUE ="" DESCRIPTION ="" NAME ="profit_center" PICTURETEXT ="" PORTTYPE ="INPUT/OUTPUT" PRECISION ="10" SCALE ="0"/>
            <TRANSFORMFIELD DATATYPE ="string" DEFAULTVALUE ="" DESCRIPTION ="" NAME ="fiscal_year" PICTURETEXT ="" PORTTYPE ="INPUT/OUTPUT" PRECISION ="4" SCALE ="0"/>
            <TRANSFORMFIELD DATATYPE ="string" DEFAULTVALUE ="" DESCRIPTION ="" NAME ="fiscal_period" PICTURETEXT ="" PORTTYPE ="INPUT/OUTPUT" PRECISION ="3" SCALE ="0"/>
            <TRANSFORMFIELD DATATYPE ="string" DEFAULTVALUE ="" DESCRIPTION ="" NAME ="SALES_ORG" PICTURETEXT ="" PORTTYPE ="INPUT/OUTPUT" PRECISION ="4" SCALE ="0"/>
            <TABLEATTRIBUTE NAME ="Sql Query" VALUE =""/>
            <TABLEATTRIBUTE NAME ="User Defined Join" VALUE =""/>
            <TABLEATTRIBUTE NAME ="Source Filter" VALUE =""/>
            <TABLEATTRIBUTE NAME ="Number Of Sorted Ports" VALUE ="0"/>
            <TABLEATTRIBUTE NAME ="Tracing Level" VALUE ="Normal"/>
            <TABLEATTRIBUTE NAME ="Select Distinct" VALUE ="NO"/>
            <TABLEATTRIBUTE NAME ="Is Partitionable" VALUE ="NO"/>
            <TABLEATTRIBUTE NAME ="Pre SQL" VALUE =""/>
            <TABLEATTRIBUTE NAME ="Post SQL" VALUE =""/>
            <TABLEATTRIBUTE NAME ="Output is deterministic" VALUE ="NO"/>
            <TABLEATTRIBUTE NAME ="Output is repeatable" VALUE ="Never"/>
        </TRANSFORMATION>
        <TRANSFORMATION DESCRIPTION ="The Expression transformation is hardcode the value for update_timestamp." NAME ="EXP_GL_BAL" OBJECTVERSION ="1" REUSABLE ="NO" TYPE ="Expression" VERSIONNUMBER ="1">
            <TRANSFORMFIELD DATATYPE ="string" DEFAULTVALUE ="" DESCRIPTION ="" NAME ="I_SALES_ORG" PICTURETEXT ="" PORTTYPE ="INPUT" PRECISION ="4" SCALE ="0"/>
            <TRANSFORMFIELD DATATYPE ="decimal" DEFAULTVALUE ="" DESCRIPTION ="" NAME ="I_PEG_RATE" PICTURETEXT ="" PORTTYPE ="INPUT" PRECISION ="18" SCALE ="10"/>
            <TRANSFORMFIELD DATATYPE ="string" DEFAULTVALUE ="" DESCRIPTION ="" NAME ="I_currency" PICTURETEXT ="" PORTTYPE ="INPUT" PRECISION ="3" SCALE ="0"/>
            <TRANSFORMFIELD DATATYPE ="string" DEFAULTVALUE ="" DESCRIPTION ="" NAME ="I_balance" PICTURETEXT ="" PORTTYPE ="INPUT" PRECISION ="18" SCALE ="0"/>
            <TRANSFORMFIELD DATATYPE ="string" DEFAULTVALUE ="" DESCRIPTION ="" NAME ="I_profit_center" PICTURETEXT ="" PORTTYPE ="INPUT" PRECISION ="10" SCALE ="0"/>
            <TRANSFORMFIELD DATATYPE ="decimal" DEFAULTVALUE ="" DESCRIPTION ="" EXPRESSION ="TO_DECIMAL( REPLACECHR(0, I_balance,&apos;,&apos;,&apos;&apos;))" EXPRESSIONTYPE ="GENERAL" NAME ="V_balance" PICTURETEXT ="" PORTTYPE ="LOCAL VARIABLE" PRECISION ="18" SCALE ="6"/>
            <TRANSFORMFIELD DATATYPE ="string" DEFAULTVALUE ="" DESCRIPTION ="" EXPRESSION ="SUBSTR(REPLACECHR(0, I_balance,&apos;,&apos;,&apos;&apos;),LENGTH(REPLACECHR(0, I_balance,&apos;,&apos;,&apos;&apos;)))" EXPRESSIONTYPE ="GENERAL" NAME ="V_balance_sign" PICTURETEXT ="" PORTTYPE ="LOCAL VARIABLE" PRECISION ="18" SCALE ="0"/>
            <TRANSFORMFIELD DATATYPE ="decimal" DEFAULTVALUE ="ERROR(&apos;transformation error&apos;)" DESCRIPTION ="" EXPRESSION ="IIF(I_SALES_ORG = &apos;2100&apos; and I_currency != &apos;USD&apos;, IIF(V_balance_sign=&apos;-&apos;,TO_DECIMAL(V_balance,2)*-1,TO_DECIMAL(V_balance,2)) * I_PEG_RATE, &#xD;&#xA;IIF(V_balance_sign=&apos;-&apos;,TO_DECIMAL(V_balance,2)*-1,TO_DECIMAL(V_balance,2))&#xD;&#xA;)" EXPRESSIONTYPE ="GENERAL" NAME ="O_balance" PICTURETEXT ="" PORTTYPE ="OUTPUT" PRECISION ="18" SCALE ="6"/>
            <TRANSFORMFIELD DATATYPE ="string" DEFAULTVALUE ="" DESCRIPTION ="" EXPRESSION ="source_system" EXPRESSIONTYPE ="GENERAL" NAME ="source_system" PICTURETEXT ="" PORTTYPE ="INPUT/OUTPUT" PRECISION ="20" SCALE ="0"/>
            <TRANSFORMFIELD DATATYPE ="string" DEFAULTVALUE ="" DESCRIPTION ="" NAME ="I_source_system_date" PICTURETEXT ="" PORTTYPE ="INPUT" PRECISION ="20" SCALE ="0"/>
            <TRANSFORMFIELD DATATYPE ="date/time" DEFAULTVALUE ="ERROR(&apos;transformation error&apos;)" DESCRIPTION ="" EXPRESSION ="TO_DATE(I_source_system_date,&apos;yyyymmdd&apos;)" EXPRESSIONTYPE ="GENERAL" NAME ="O_source_system_date" PICTURETEXT ="" PORTTYPE ="OUTPUT" PRECISION ="29" SCALE ="9"/>
            <TRANSFORMFIELD DATATYPE ="string" DEFAULTVALUE ="ERROR(&apos;transformation error&apos;)" DESCRIPTION ="" EXPRESSION ="I_currency" EXPRESSIONTYPE ="GENERAL" NAME ="O_currency" PICTURETEXT ="" PORTTYPE ="OUTPUT" PRECISION ="3" SCALE ="0"/>
            <TRANSFORMFIELD DATATYPE ="string" DEFAULTVALUE ="ERROR(&apos;transformation error&apos;)" DESCRIPTION ="" EXPRESSION ="IIF(I_SALES_ORG = &apos;2100&apos;, &#xD;&#xA;IIF(substr(I_profit_center,5,3) = &apos;100&apos;, substr(I_profit_center,1,4)||&apos;41&apos;||substr(I_profit_center,7,4),&#xD;&#xA;IIF(substr(I_profit_center,5,3) = &apos;200&apos;, substr(I_profit_center,1,4)||&apos;42&apos;||substr(I_profit_center,7,4),&#xD;&#xA;IIF(substr(I_profit_center,5,3) = &apos;700&apos;, substr(I_profit_center,1,4)||&apos;47&apos;||substr(I_profit_center,7,4)&#xD;&#xA;, I_profit_center)&#xD;&#xA;)&#xD;&#xA;),&#xD;&#xA;I_profit_center)" EXPRESSIONTYPE ="GENERAL" NAME ="O_profit_center" PICTURETEXT ="" PORTTYPE ="OUTPUT" PRECISION ="10" SCALE ="0"/>
            <TRANSFORMFIELD DATATYPE ="string" DEFAULTVALUE ="" DESCRIPTION ="" NAME ="fiscal_year" PICTURETEXT ="" PORTTYPE ="INPUT" PRECISION ="4" SCALE ="0"/>
            <TRANSFORMFIELD DATATYPE ="string" DEFAULTVALUE ="" DESCRIPTION ="" EXPRESSION ="GL_Account" EXPRESSIONTYPE ="GENERAL" NAME ="GL_Account" PICTURETEXT ="" PORTTYPE ="INPUT/OUTPUT" PRECISION ="10" SCALE ="0"/>
            <TRANSFORMFIELD DATATYPE ="decimal" DEFAULTVALUE ="ERROR(&apos;transformation error&apos;)" DESCRIPTION ="" EXPRESSION ="TO_DECIMAL(LTRIM(RTRIM(fiscal_year)))" EXPRESSIONTYPE ="GENERAL" NAME ="O_fiscal_year" PICTURETEXT ="" PORTTYPE ="OUTPUT" PRECISION ="4" SCALE ="0"/>
            <TRANSFORMFIELD DATATYPE ="string" DEFAULTVALUE ="" DESCRIPTION ="" NAME ="fiscal_period" PICTURETEXT ="" PORTTYPE ="INPUT" PRECISION ="3" SCALE ="0"/>
            <TRANSFORMFIELD DATATYPE ="decimal" DEFAULTVALUE ="ERROR(&apos;transformation error&apos;)" DESCRIPTION ="" EXPRESSION ="TO_DECIMAL(LTRIM(RTRIM(fiscal_period)))" EXPRESSIONTYPE ="GENERAL" NAME ="O_fiscal_period" PICTURETEXT ="" PORTTYPE ="OUTPUT" PRECISION ="2" SCALE ="0"/>
            <TRANSFORMFIELD DATATYPE ="date/time" DEFAULTVALUE ="ERROR(&apos;transformation error&apos;)" DESCRIPTION ="" EXPRESSION ="SYSDATE" EXPRESSIONTYPE ="GENERAL" NAME ="UPDATE_TIMESTAMP" PICTURETEXT ="" PORTTYPE ="OUTPUT" PRECISION ="29" SCALE ="9"/>
            <TRANSFORMFIELD DATATYPE ="string" DEFAULTVALUE ="" DESCRIPTION ="" EXPRESSION ="SALES_ORG" EXPRESSIONTYPE ="GENERAL" NAME ="SALES_ORG" PICTURETEXT ="" PORTTYPE ="INPUT/OUTPUT" PRECISION ="4" SCALE ="0"/>
            <TABLEATTRIBUTE NAME ="Tracing Level" VALUE ="Normal"/>
        </TRANSFORMATION>
        <TRANSFORMATION DESCRIPTION ="" NAME ="LKP_PEG_RATE" OBJECTVERSION ="1" REUSABLE ="NO" TYPE ="Lookup Procedure" VERSIONNUMBER ="1">
            <TRANSFORMFIELD DATATYPE ="decimal" DEFAULTVALUE ="" DESCRIPTION ="" NAME ="FISCAL_YEAR" PICTURETEXT ="" PORTTYPE ="LOOKUP" PRECISION ="4" SCALE ="0"/>
            <TRANSFORMFIELD DATATYPE ="string" DEFAULTVALUE ="" DESCRIPTION ="" NAME ="CURRENCY" PICTURETEXT ="" PORTTYPE ="LOOKUP" PRECISION ="3" SCALE ="0"/>
            <TRANSFORMFIELD DATATYPE ="decimal" DEFAULTVALUE ="" DESCRIPTION ="" NAME ="PEG_RATE" PICTURETEXT ="" PORTTYPE ="LOOKUP/OUTPUT" PRECISION ="18" SCALE ="10"/>
            <TRANSFORMFIELD DATATYPE ="decimal" DEFAULTVALUE ="" DESCRIPTION ="" NAME ="I_fiscal_year" PICTURETEXT ="" PORTTYPE ="INPUT" PRECISION ="4" SCALE ="0"/>
            <TRANSFORMFIELD DATATYPE ="string" DEFAULTVALUE ="" DESCRIPTION ="" NAME ="I_currency" PICTURETEXT ="" PORTTYPE ="INPUT" PRECISION ="3" SCALE ="0"/>
            <TABLEATTRIBUTE NAME ="Lookup Sql Override" VALUE ="SELECT &#xD;&#xA;PEG_RATE.PEG_RATE as PEG_RATE, &#xD;&#xA;PEG_RATE.FISCAL_YEAR as FISCAL_YEAR, &#xD;&#xA;PEG_RATE.CURRENCY as CURRENCY &#xD;&#xA;FROM &#xD;&#xA;PEG_RATE"/>
            <TABLEATTRIBUTE NAME ="Lookup table name" VALUE ="PEG_RATE"/>
            <TABLEATTRIBUTE NAME ="Lookup Source Filter" VALUE =""/>
            <TABLEATTRIBUTE NAME ="Lookup caching enabled" VALUE ="YES"/>
            <TABLEATTRIBUTE NAME ="Lookup policy on multiple match" VALUE ="Use Any Value"/>
            <TABLEATTRIBUTE NAME ="Lookup condition" VALUE ="FISCAL_YEAR = I_fiscal_year AND CURRENCY = I_currency"/>
            <TABLEATTRIBUTE NAME ="Connection Information" VALUE ="$Source"/>
            <TABLEATTRIBUTE NAME ="Source Type" VALUE ="Database"/>
            <TABLEATTRIBUTE NAME ="Recache if Stale" VALUE ="NO"/>
            <TABLEATTRIBUTE NAME ="Tracing Level" VALUE ="Normal"/>
            <TABLEATTRIBUTE NAME ="Lookup cache directory name" VALUE ="$PMCacheDir"/>
            <TABLEATTRIBUTE NAME ="Lookup cache initialize" VALUE ="NO"/>
            <TABLEATTRIBUTE NAME ="Lookup cache persistent" VALUE ="NO"/>
            <TABLEATTRIBUTE NAME ="Lookup Data Cache Size" VALUE ="Auto"/>
            <TABLEATTRIBUTE NAME ="Lookup Index Cache Size" VALUE ="Auto"/>
            <TABLEATTRIBUTE NAME ="Dynamic Lookup Cache" VALUE ="NO"/>
            <TABLEATTRIBUTE NAME ="Synchronize Dynamic Cache" VALUE ="NO"/>
            <TABLEATTRIBUTE NAME ="Output Old Value On Update" VALUE ="NO"/>
            <TABLEATTRIBUTE NAME ="Update Dynamic Cache Condition" VALUE ="TRUE"/>
            <TABLEATTRIBUTE NAME ="Cache File Name Prefix" VALUE =""/>
            <TABLEATTRIBUTE NAME ="Re-cache from lookup source" VALUE ="NO"/>
            <TABLEATTRIBUTE NAME ="Insert Else Update" VALUE ="NO"/>
            <TABLEATTRIBUTE NAME ="Update Else Insert" VALUE ="NO"/>
            <TABLEATTRIBUTE NAME ="Datetime Format" VALUE =""/>
            <TABLEATTRIBUTE NAME ="Thousand Separator" VALUE ="None"/>
            <TABLEATTRIBUTE NAME ="Decimal Separator" VALUE ="."/>
            <TABLEATTRIBUTE NAME ="Case Sensitive String Comparison" VALUE ="NO"/>
            <TABLEATTRIBUTE NAME ="Null ordering" VALUE ="Null Is Highest Value"/>
            <TABLEATTRIBUTE NAME ="Sorted Input" VALUE ="NO"/>
            <TABLEATTRIBUTE NAME ="Lookup source is static" VALUE ="NO"/>
            <TABLEATTRIBUTE NAME ="Pre-build lookup cache" VALUE ="Auto"/>
            <TABLEATTRIBUTE NAME ="Subsecond Precision" VALUE ="6"/>
        </TRANSFORMATION>
        <INSTANCE DESCRIPTION ="" NAME ="GL_BALANCE" TRANSFORMATION_NAME ="GL_BALANCE" TRANSFORMATION_TYPE ="Target Definition" TYPE ="TARGET"/>
        <INSTANCE DBDNAME ="Flat_File" DESCRIPTION ="" NAME ="SAP_BI_HBI_DW_VALID_GL" TRANSFORMATION_NAME ="SAP_BI_HBI_DW_VALID_GL" TRANSFORMATION_TYPE ="Source Definition" TYPE ="SOURCE"/>
        <INSTANCE DESCRIPTION ="This transformation fetch the record from source table." NAME ="SQ_SAP_BI_HBI_DW_VALID_GL" REUSABLE ="NO" TRANSFORMATION_NAME ="SQ_SAP_BI_HBI_DW_VALID_GL" TRANSFORMATION_TYPE ="Source Qualifier" TYPE ="TRANSFORMATION">
            <ASSOCIATED_SOURCE_INSTANCE NAME ="SAP_BI_HBI_DW_VALID_GL"/>
        </INSTANCE>
        <INSTANCE DESCRIPTION ="The Expression transformation is hardcode the value for update_timestamp." NAME ="EXP_GL_BAL" REUSABLE ="NO" TRANSFORMATION_NAME ="EXP_GL_BAL" TRANSFORMATION_TYPE ="Expression" TYPE ="TRANSFORMATION"/>
        <INSTANCE DESCRIPTION ="" NAME ="LKP_PEG_RATE" REUSABLE ="NO" TRANSFORMATION_NAME ="LKP_PEG_RATE" TRANSFORMATION_TYPE ="Lookup Procedure" TYPE ="TRANSFORMATION"/>
        <CONNECTOR FROMFIELD ="source_system" FROMINSTANCE ="EXP_GL_BAL" FROMINSTANCETYPE ="Expression" TOFIELD ="SOURCE_SYSTEM" TOINSTANCE ="GL_BALANCE" TOINSTANCETYPE ="Target Definition"/>
        <CONNECTOR FROMFIELD ="GL_Account" FROMINSTANCE ="EXP_GL_BAL" FROMINSTANCETYPE ="Expression" TOFIELD ="GL_ACCOUNT" TOINSTANCE ="GL_BALANCE" TOINSTANCETYPE ="Target Definition"/>
        <CONNECTOR FROMFIELD ="UPDATE_TIMESTAMP" FROMINSTANCE ="EXP_GL_BAL" FROMINSTANCETYPE ="Expression" TOFIELD ="UPDATE_TIMESTAMP" TOINSTANCE ="GL_BALANCE" TOINSTANCETYPE ="Target Definition"/>
        <CONNECTOR FROMFIELD ="O_source_system_date" FROMINSTANCE ="EXP_GL_BAL" FROMINSTANCETYPE ="Expression" TOFIELD ="SOURCE_SYSTEM_DATE" TOINSTANCE ="GL_BALANCE" TOINSTANCETYPE ="Target Definition"/>
        <CONNECTOR FROMFIELD ="O_balance" FROMINSTANCE ="EXP_GL_BAL" FROMINSTANCETYPE ="Expression" TOFIELD ="BALANCE" TOINSTANCE ="GL_BALANCE" TOINSTANCETYPE ="Target Definition"/>
        <CONNECTOR FROMFIELD ="O_fiscal_period" FROMINSTANCE ="EXP_GL_BAL" FROMINSTANCETYPE ="Expression" TOFIELD ="FISCAL_PERIOD" TOINSTANCE ="GL_BALANCE" TOINSTANCETYPE ="Target Definition"/>
        <CONNECTOR FROMFIELD ="O_fiscal_year" FROMINSTANCE ="EXP_GL_BAL" FROMINSTANCETYPE ="Expression" TOFIELD ="FISCAL_YEAR" TOINSTANCE ="GL_BALANCE" TOINSTANCETYPE ="Target Definition"/>
        <CONNECTOR FROMFIELD ="O_currency" FROMINSTANCE ="EXP_GL_BAL" FROMINSTANCETYPE ="Expression" TOFIELD ="CURRENCY" TOINSTANCE ="GL_BALANCE" TOINSTANCETYPE ="Target Definition"/>
        <CONNECTOR FROMFIELD ="O_profit_center" FROMINSTANCE ="EXP_GL_BAL" FROMINSTANCETYPE ="Expression" TOFIELD ="PROFIT_CENTER" TOINSTANCE ="GL_BALANCE" TOINSTANCETYPE ="Target Definition"/>
        <CONNECTOR FROMFIELD ="SALES_ORG" FROMINSTANCE ="EXP_GL_BAL" FROMINSTANCETYPE ="Expression" TOFIELD ="SALES_ORG" TOINSTANCE ="GL_BALANCE" TOINSTANCETYPE ="Target Definition"/>
        <CONNECTOR FROMFIELD ="BALANCE" FROMINSTANCE ="SAP_BI_HBI_DW_VALID_GL" FROMINSTANCETYPE ="Source Definition" TOFIELD ="balance" TOINSTANCE ="SQ_SAP_BI_HBI_DW_VALID_GL" TOINSTANCETYPE ="Source Qualifier"/>
        <CONNECTOR FROMFIELD ="CURRENCY" FROMINSTANCE ="SAP_BI_HBI_DW_VALID_GL" FROMINSTANCETYPE ="Source Definition" TOFIELD ="currency" TOINSTANCE ="SQ_SAP_BI_HBI_DW_VALID_GL" TOINSTANCETYPE ="Source Qualifier"/>
        <CONNECTOR FROMFIELD ="SOURCE_SYSTEM" FROMINSTANCE ="SAP_BI_HBI_DW_VALID_GL" FROMINSTANCETYPE ="Source Definition" TOFIELD ="source_system" TOINSTANCE ="SQ_SAP_BI_HBI_DW_VALID_GL" TOINSTANCETYPE ="Source Qualifier"/>
        <CONNECTOR FROMFIELD ="SOURCE_SYSTEM_DATE" FROMINSTANCE ="SAP_BI_HBI_DW_VALID_GL" FROMINSTANCETYPE ="Source Definition" TOFIELD ="source_system_date" TOINSTANCE ="SQ_SAP_BI_HBI_DW_VALID_GL" TOINSTANCETYPE ="Source Qualifier"/>
        <CONNECTOR FROMFIELD ="GL_ACCOUNT" FROMINSTANCE ="SAP_BI_HBI_DW_VALID_GL" FROMINSTANCETYPE ="Source Definition" TOFIELD ="GL_Account" TOINSTANCE ="SQ_SAP_BI_HBI_DW_VALID_GL" TOINSTANCETYPE ="Source Qualifier"/>
        <CONNECTOR FROMFIELD ="PROFIT_CENTER" FROMINSTANCE ="SAP_BI_HBI_DW_VALID_GL" FROMINSTANCETYPE ="Source Definition" TOFIELD ="profit_center" TOINSTANCE ="SQ_SAP_BI_HBI_DW_VALID_GL" TOINSTANCETYPE ="Source Qualifier"/>
        <CONNECTOR FROMFIELD ="FISCAL_YEAR" FROMINSTANCE ="SAP_BI_HBI_DW_VALID_GL" FROMINSTANCETYPE ="Source Definition" TOFIELD ="fiscal_year" TOINSTANCE ="SQ_SAP_BI_HBI_DW_VALID_GL" TOINSTANCETYPE ="Source Qualifier"/>
        <CONNECTOR FROMFIELD ="FIACAL_PERIOD" FROMINSTANCE ="SAP_BI_HBI_DW_VALID_GL" FROMINSTANCETYPE ="Source Definition" TOFIELD ="fiscal_period" TOINSTANCE ="SQ_SAP_BI_HBI_DW_VALID_GL" TOINSTANCETYPE ="Source Qualifier"/>
        <CONNECTOR FROMFIELD ="SALES_ORG" FROMINSTANCE ="SAP_BI_HBI_DW_VALID_GL" FROMINSTANCETYPE ="Source Definition" TOFIELD ="SALES_ORG" TOINSTANCE ="SQ_SAP_BI_HBI_DW_VALID_GL" TOINSTANCETYPE ="Source Qualifier"/>
        <CONNECTOR FROMFIELD ="GL_Account" FROMINSTANCE ="SQ_SAP_BI_HBI_DW_VALID_GL" FROMINSTANCETYPE ="Source Qualifier" TOFIELD ="GL_Account" TOINSTANCE ="EXP_GL_BAL" TOINSTANCETYPE ="Expression"/>
        <CONNECTOR FROMFIELD ="profit_center" FROMINSTANCE ="SQ_SAP_BI_HBI_DW_VALID_GL" FROMINSTANCETYPE ="Source Qualifier" TOFIELD ="I_profit_center" TOINSTANCE ="EXP_GL_BAL" TOINSTANCETYPE ="Expression"/>
        <CONNECTOR FROMFIELD ="fiscal_year" FROMINSTANCE ="SQ_SAP_BI_HBI_DW_VALID_GL" FROMINSTANCETYPE ="Source Qualifier" TOFIELD ="fiscal_year" TOINSTANCE ="EXP_GL_BAL" TOINSTANCETYPE ="Expression"/>
        <CONNECTOR FROMFIELD ="fiscal_period" FROMINSTANCE ="SQ_SAP_BI_HBI_DW_VALID_GL" FROMINSTANCETYPE ="Source Qualifier" TOFIELD ="fiscal_period" TOINSTANCE ="EXP_GL_BAL" TOINSTANCETYPE ="Expression"/>
        <CONNECTOR FROMFIELD ="SALES_ORG" FROMINSTANCE ="SQ_SAP_BI_HBI_DW_VALID_GL" FROMINSTANCETYPE ="Source Qualifier" TOFIELD ="I_SALES_ORG" TOINSTANCE ="EXP_GL_BAL" TOINSTANCETYPE ="Expression"/>
        <CONNECTOR FROMFIELD ="SALES_ORG" FROMINSTANCE ="SQ_SAP_BI_HBI_DW_VALID_GL" FROMINSTANCETYPE ="Source Qualifier" TOFIELD ="SALES_ORG" TOINSTANCE ="EXP_GL_BAL" TOINSTANCETYPE ="Expression"/>
        <CONNECTOR FROMFIELD ="balance" FROMINSTANCE ="SQ_SAP_BI_HBI_DW_VALID_GL" FROMINSTANCETYPE ="Source Qualifier" TOFIELD ="I_balance" TOINSTANCE ="EXP_GL_BAL" TOINSTANCETYPE ="Expression"/>
        <CONNECTOR FROMFIELD ="currency" FROMINSTANCE ="SQ_SAP_BI_HBI_DW_VALID_GL" FROMINSTANCETYPE ="Source Qualifier" TOFIELD ="I_currency" TOINSTANCE ="EXP_GL_BAL" TOINSTANCETYPE ="Expression"/>
        <CONNECTOR FROMFIELD ="source_system" FROMINSTANCE ="SQ_SAP_BI_HBI_DW_VALID_GL" FROMINSTANCETYPE ="Source Qualifier" TOFIELD ="source_system" TOINSTANCE ="EXP_GL_BAL" TOINSTANCETYPE ="Expression"/>
        <CONNECTOR FROMFIELD ="source_system_date" FROMINSTANCE ="SQ_SAP_BI_HBI_DW_VALID_GL" FROMINSTANCETYPE ="Source Qualifier" TOFIELD ="I_source_system_date" TOINSTANCE ="EXP_GL_BAL" TOINSTANCETYPE ="Expression"/>
        <CONNECTOR FROMFIELD ="currency" FROMINSTANCE ="SQ_SAP_BI_HBI_DW_VALID_GL" FROMINSTANCETYPE ="Source Qualifier" TOFIELD ="I_currency" TOINSTANCE ="LKP_PEG_RATE" TOINSTANCETYPE ="Lookup Procedure"/>
        <CONNECTOR FROMFIELD ="fiscal_year" FROMINSTANCE ="SQ_SAP_BI_HBI_DW_VALID_GL" FROMINSTANCETYPE ="Source Qualifier" TOFIELD ="I_fiscal_year" TOINSTANCE ="LKP_PEG_RATE" TOINSTANCETYPE ="Lookup Procedure"/>
        <CONNECTOR FROMFIELD ="PEG_RATE" FROMINSTANCE ="LKP_PEG_RATE" FROMINSTANCETYPE ="Lookup Procedure" TOFIELD ="I_PEG_RATE" TOINSTANCE ="EXP_GL_BAL" TOINSTANCETYPE ="Expression"/>
        <TARGETLOADORDER ORDER ="1" TARGETINSTANCE ="GL_BALANCE"/>
        <ERPINFO/>
        <METADATAEXTENSION DATATYPE ="STRING" DESCRIPTION ="Conversion Mapping Name with version " DOMAINNAME ="User Defined Metadata Domain" ISCLIENTEDITABLE ="YES" ISCLIENTVISIBLE ="YES" ISREUSABLE ="NO" ISSHAREREAD ="NO" ISSHAREWRITE ="NO" MAXLENGTH ="256" NAME ="CONV_MAP_NAME" VALUE ="SAP - validate_GM_to_sap_by_GL v11.1" VENDORNAME ="INFORMATICA"/>
    </MAPPING>
    <CONFIG DESCRIPTION ="Default session configuration object" ISDEFAULT ="YES" NAME ="default_session_config" VERSIONNUMBER ="1">
        <ATTRIBUTE NAME ="Advanced" VALUE =""/>
        <ATTRIBUTE NAME ="Constraint based load ordering" VALUE ="NO"/>
        <ATTRIBUTE NAME ="Cache LOOKUP() function" VALUE ="YES"/>
        <ATTRIBUTE NAME ="Default buffer block size" VALUE ="Auto"/>
        <ATTRIBUTE NAME ="Line Sequential buffer length" VALUE ="1024"/>
        <ATTRIBUTE NAME ="Maximum Memory Allowed For Auto Memory Attributes" VALUE ="512MB"/>
        <ATTRIBUTE NAME ="Maximum Percentage of Total Memory Allowed For Auto Memory Attributes" VALUE ="5"/>
        <ATTRIBUTE NAME ="Additional Concurrent Pipelines for Lookup Cache Creation" VALUE ="Auto"/>
        <ATTRIBUTE NAME ="Custom Properties" VALUE =""/>
        <ATTRIBUTE NAME ="Pre-build lookup cache" VALUE ="Auto"/>
        <ATTRIBUTE NAME ="Optimization Level" VALUE ="Medium"/>
        <ATTRIBUTE NAME ="DateTime Format String" VALUE ="MM/DD/YYYY HH24:MI:SS.US"/>
        <ATTRIBUTE NAME ="Pre 85 Timestamp Compatibility" VALUE ="NO"/>
        <ATTRIBUTE NAME ="Log Options" VALUE ="0"/>
        <ATTRIBUTE NAME ="Save session log by" VALUE ="Session runs"/>
        <ATTRIBUTE NAME ="Save session log for these runs" VALUE ="9"/>
        <ATTRIBUTE NAME ="Session Log File Max Size" VALUE ="0"/>
        <ATTRIBUTE NAME ="Session Log File Max Time Period" VALUE ="0"/>
        <ATTRIBUTE NAME ="Maximum Partial Session Log Files" VALUE ="1"/>
        <ATTRIBUTE NAME ="Writer Commit Statistics Log Frequency" VALUE ="1"/>
        <ATTRIBUTE NAME ="Writer Commit Statistics Log Interval" VALUE ="0"/>
        <ATTRIBUTE NAME ="Error handling" VALUE =""/>
        <ATTRIBUTE NAME ="Stop on errors" VALUE ="1"/>
        <ATTRIBUTE NAME ="Override tracing" VALUE ="None"/>
        <ATTRIBUTE NAME ="On Stored Procedure error" VALUE ="Stop"/>
        <ATTRIBUTE NAME ="On Pre-session command task error" VALUE ="Stop"/>
        <ATTRIBUTE NAME ="On Pre-Post SQL error" VALUE ="Stop"/>
        <ATTRIBUTE NAME ="Enable Recovery" VALUE ="NO"/>
        <ATTRIBUTE NAME ="Error Log Type" VALUE ="None"/>
        <ATTRIBUTE NAME ="Error Log Table Name Prefix" VALUE =""/>
        <ATTRIBUTE NAME ="Error Log File Name" VALUE ="PMError.log"/>
        <ATTRIBUTE NAME ="Log Source Row Data" VALUE ="NO"/>
        <ATTRIBUTE NAME ="Data Column Delimiter" VALUE ="|"/>
        <ATTRIBUTE NAME ="Partitioning Options" VALUE =""/>
        <ATTRIBUTE NAME ="Dynamic Partitioning" VALUE ="Disabled"/>
        <ATTRIBUTE NAME ="Number of Partitions" VALUE ="1"/>
        <ATTRIBUTE NAME ="Multiplication Factor" VALUE ="Auto"/>
        <ATTRIBUTE NAME ="Session on Grid" VALUE =""/>
        <ATTRIBUTE NAME ="Is Enabled" VALUE ="NO"/>
    </CONFIG>
    <SESSION DESCRIPTION ="This session loads the record from  flat file into GL_BALNCE." ISVALID ="YES" MAPPINGNAME ="m_GM_SAP_GL_BALANCE" NAME ="s_m_GM_SAP_GL_BALANCE" REUSABLE ="YES" SORTORDER ="Binary" VERSIONNUMBER ="1">
        <SESSTRANSFORMATIONINST ISREPARTITIONPOINT ="YES" PARTITIONTYPE ="PASS THROUGH" PIPELINE ="1" SINSTANCENAME ="GL_BALANCE" STAGE ="1" TRANSFORMATIONNAME ="GL_BALANCE" TRANSFORMATIONTYPE ="Target Definition">
            <ATTRIBUTE NAME ="Pre SQL" VALUE ="DELETE FROM GL_BALANCE"/>
        </SESSTRANSFORMATIONINST>
        <SESSTRANSFORMATIONINST ISREPARTITIONPOINT ="YES" PARTITIONTYPE ="PASS THROUGH" PIPELINE ="1" SINSTANCENAME ="SQ_SAP_BI_HBI_DW_VALID_GL" STAGE ="2" TRANSFORMATIONNAME ="SQ_SAP_BI_HBI_DW_VALID_GL" TRANSFORMATIONTYPE ="Source Qualifier"/>
        <SESSTRANSFORMATIONINST ISREPARTITIONPOINT ="NO" PIPELINE ="1" SINSTANCENAME ="EXP_GL_BAL" STAGE ="2" TRANSFORMATIONNAME ="EXP_GL_BAL" TRANSFORMATIONTYPE ="Expression">
            <PARTITION DESCRIPTION ="" NAME ="Partition #1"/>
        </SESSTRANSFORMATIONINST>
        <SESSTRANSFORMATIONINST ISREPARTITIONPOINT ="NO" PIPELINE ="0" SINSTANCENAME ="SAP_BI_HBI_DW_VALID_GL" STAGE ="0" TRANSFORMATIONNAME ="SAP_BI_HBI_DW_VALID_GL" TRANSFORMATIONTYPE ="Source Definition">
            <FLATFILE CODEPAGE ="US-ASCII" CONSECDELIMITERSASONE ="NO" DELIMITED ="YES" DELIMITERS ="^" ESCAPE_CHARACTER ="" KEEPESCAPECHAR ="NO" LINESEQUENTIAL ="NO" MULTIDELIMITERSASAND ="NO" NULLCHARTYPE ="ASCII" NULL_CHARACTER ="*" PADBYTES ="1" QUOTE_CHARACTER ="NONE" REPEATABLE ="NO" ROWDELIMITER ="0" SKIPROWS ="0" STRIPTRAILINGBLANKS ="NO"/>
        </SESSTRANSFORMATIONINST>
        <SESSTRANSFORMATIONINST ISREPARTITIONPOINT ="NO" PIPELINE ="1" SINSTANCENAME ="LKP_PEG_RATE" STAGE ="2" TRANSFORMATIONNAME ="LKP_PEG_RATE" TRANSFORMATIONTYPE ="Lookup Procedure">
            <PARTITION DESCRIPTION ="" NAME ="Partition #1"/>
            <ATTRIBUTE NAME ="Connection Information" VALUE ="Relational:SLBADW"/>
        </SESSTRANSFORMATIONINST>
        <CONFIGREFERENCE REFOBJECTNAME ="default_session_config" TYPE ="Session config">
            <ATTRIBUTE NAME ="Save session log for these runs" VALUE ="9"/>
            <ATTRIBUTE NAME ="Stop on errors" VALUE ="1"/>
        </CONFIGREFERENCE>
        <SESSIONEXTENSION NAME ="Relational Writer" SINSTANCENAME ="GL_BALANCE" SUBTYPE ="Relational Writer" TRANSFORMATIONTYPE ="Target Definition" TYPE ="WRITER">
            <CONNECTIONREFERENCE CNXREFNAME ="DB Connection" CONNECTIONNAME ="SLBADW" CONNECTIONNUMBER ="1" CONNECTIONSUBTYPE ="Oracle" CONNECTIONTYPE ="Relational" VARIABLE =""/>
            <ATTRIBUTE NAME ="Target load type" VALUE ="Normal"/>
            <ATTRIBUTE NAME ="Insert" VALUE ="YES"/>
            <ATTRIBUTE NAME ="Update as Update" VALUE ="NO"/>
            <ATTRIBUTE NAME ="Update as Insert" VALUE ="NO"/>
            <ATTRIBUTE NAME ="Update else Insert" VALUE ="NO"/>
            <ATTRIBUTE NAME ="Delete" VALUE ="NO"/>
            <ATTRIBUTE NAME ="Truncate target table option" VALUE ="NO"/>
            <ATTRIBUTE NAME ="Reject file directory" VALUE ="$PMBadFileDir&#x5c;ONE_ON_ONE_OTC&#x5c;BAD&#x5c;"/>
            <ATTRIBUTE NAME ="Reject filename" VALUE ="s_m_GM_SAP_GL_BALANCE.bad"/>
        </SESSIONEXTENSION>
        <SESSIONEXTENSION NAME ="File Reader" SINSTANCENAME ="SQ_SAP_BI_HBI_DW_VALID_GL" SUBTYPE ="File Reader" TRANSFORMATIONTYPE ="Source Qualifier" TYPE ="READER"/>
        <SESSIONEXTENSION DSQINSTNAME ="SQ_SAP_BI_HBI_DW_VALID_GL" DSQINSTTYPE ="Source Qualifier" NAME ="File Reader" SINSTANCENAME ="SAP_BI_HBI_DW_VALID_GL" SUBTYPE ="File Reader" TRANSFORMATIONTYPE ="Source Definition" TYPE ="READER">
            <CONNECTIONREFERENCE CNXREFNAME ="Connection" CONNECTIONNAME ="" CONNECTIONNUMBER ="1" CONNECTIONSUBTYPE ="" CONNECTIONTYPE ="" VARIABLE =""/>
            <ATTRIBUTE NAME ="Input Type" VALUE ="File"/>
            <ATTRIBUTE NAME ="Concurrent read partitioning" VALUE ="Optimize throughput"/>
            <ATTRIBUTE NAME ="Command Type" VALUE ="Command Generating Data"/>
            <ATTRIBUTE NAME ="Source filetype" VALUE ="Direct"/>
            <ATTRIBUTE NAME ="Source file directory" VALUE ="$PMSourceFileDir&#x5c;ONE_ON_ONE_OTC&#x5c;SRC&#x5c;"/>
            <ATTRIBUTE NAME ="Source filename" VALUE ="Z_SAP_BI_HBI_DW_VALID_GL.CSV"/>
            <ATTRIBUTE NAME ="Command" VALUE =""/>
            <ATTRIBUTE NAME ="File Reader Truncate String Null" VALUE ="NO"/>
            <ATTRIBUTE NAME ="Codepage Parameter" VALUE =""/>
        </SESSIONEXTENSION>
        <SESSIONEXTENSION NAME ="Relational Lookup" SINSTANCENAME ="LKP_PEG_RATE" SUBTYPE ="Relational Lookup" TRANSFORMATIONTYPE ="Lookup Procedure" TYPE ="LOOKUPEXTENSION">
            <CONNECTIONREFERENCE CNXREFNAME ="DB Connection" CONNECTIONNAME ="SLBADW" CONNECTIONNUMBER ="1" CONNECTIONSUBTYPE ="Oracle" CONNECTIONTYPE ="Relational" VARIABLE =""/>
        </SESSIONEXTENSION>
        <ATTRIBUTE NAME ="General Options" VALUE =""/>
        <ATTRIBUTE NAME ="Write Backward Compatible Session Log File" VALUE ="YES"/>
        <ATTRIBUTE NAME ="Session Log File Name" VALUE ="s_m_GM_SAP_GL_BALANCE.log"/>
        <ATTRIBUTE NAME ="Session Log File directory" VALUE ="$PMSessionLogDir&#x5c;ONE_ON_ONE_OTC&#x5c;LOG&#x5c;"/>
        <ATTRIBUTE NAME ="Parameter Filename" VALUE =""/>
        <ATTRIBUTE NAME ="Enable Test Load" VALUE ="NO"/>
        <ATTRIBUTE NAME ="$Source connection value" VALUE =""/>
        <ATTRIBUTE NAME ="$Target connection value" VALUE =""/>
        <ATTRIBUTE NAME ="Treat source rows as" VALUE ="Insert"/>
        <ATTRIBUTE NAME ="Commit Type" VALUE ="Target"/>
        <ATTRIBUTE NAME ="Commit Interval" VALUE ="2000000"/>
        <ATTRIBUTE NAME ="Commit On End Of File" VALUE ="YES"/>
        <ATTRIBUTE NAME ="Rollback Transactions on Errors" VALUE ="NO"/>
        <ATTRIBUTE NAME ="Recovery Strategy" VALUE ="Fail task and continue workflow"/>
        <ATTRIBUTE NAME ="Java Classpath" VALUE =""/>
        <ATTRIBUTE NAME ="Performance" VALUE =""/>
        <ATTRIBUTE NAME ="DTM buffer size" VALUE ="Auto"/>
        <ATTRIBUTE NAME ="Collect performance data" VALUE ="NO"/>
        <ATTRIBUTE NAME ="Write performance data to repository" VALUE ="NO"/>
        <ATTRIBUTE NAME ="Incremental Aggregation" VALUE ="NO"/>
        <ATTRIBUTE NAME ="Enable high precision" VALUE ="NO"/>
        <ATTRIBUTE NAME ="Session retry on deadlock" VALUE ="NO"/>
        <ATTRIBUTE NAME ="Pushdown Optimization" VALUE ="None"/>
        <ATTRIBUTE NAME ="Allow Temporary View for Pushdown" VALUE ="NO"/>
        <ATTRIBUTE NAME ="Allow Temporary Sequence for Pushdown" VALUE ="NO"/>
        <ATTRIBUTE NAME ="Allow Pushdown for User Incompatible Connections" VALUE ="NO"/>
        <METADATAEXTENSION DATATYPE ="STRING" DESCRIPTION ="Conversion Mapping  Name with version " DOMAINNAME ="User Defined Metadata Domain" ISCLIENTEDITABLE ="YES" ISCLIENTVISIBLE ="YES" ISREUSABLE ="NO" ISSHAREREAD ="NO" ISSHAREWRITE ="NO" MAXLENGTH ="256" NAME ="CONV_MAP_NAME" VALUE ="SAP - validate_GM_to_sap_by_GL v11.1" VENDORNAME ="INFORMATICA"/>
    </SESSION>
    <WORKFLOW DESCRIPTION ="The workflow runs session  and loads the data into target table." ISENABLED ="YES" ISRUNNABLESERVICE ="NO" ISSERVICE ="NO" ISVALID ="YES" NAME ="wf_s_m_GM_SAP_GL_BALANCE" REUSABLE_SCHEDULER ="NO" SCHEDULERNAME ="Scheduler" SERVERNAME ="Domain10_PRD_Int_Svc" SERVER_DOMAINNAME ="Domain10_PRD" SUSPEND_ON_ERROR ="NO" TASKS_MUST_RUN_ON_SERVER ="NO" VERSIONNUMBER ="1">
        <SCHEDULER DESCRIPTION ="" NAME ="Scheduler" REUSABLE ="NO" VERSIONNUMBER ="1">
            <SCHEDULEINFO SCHEDULETYPE ="ONDEMAND"/>
        </SCHEDULER>
        <TASK DESCRIPTION ="" NAME ="Start" REUSABLE ="NO" TYPE ="Start" VERSIONNUMBER ="1"/>
        <TASKINSTANCE DESCRIPTION ="" ISENABLED ="YES" NAME ="Start" REUSABLE ="NO" TASKNAME ="Start" TASKTYPE ="Start"/>
        <TASKINSTANCE DESCRIPTION ="" FAIL_PARENT_IF_INSTANCE_DID_NOT_RUN ="YES" FAIL_PARENT_IF_INSTANCE_FAILS ="YES" ISENABLED ="YES" NAME ="s_m_GM_SAP_GL_BALANCE" REUSABLE ="YES" TASKNAME ="s_m_GM_SAP_GL_BALANCE" TASKTYPE ="Session" TREAT_INPUTLINK_AS_AND ="YES"/>
        <WORKFLOWLINK CONDITION ="" FROMTASK ="Start" TOTASK ="s_m_GM_SAP_GL_BALANCE"/>
        <WORKFLOWVARIABLE DATATYPE ="date/time" DEFAULTVALUE ="" DESCRIPTION ="The time this task started" ISNULL ="NO" ISPERSISTENT ="NO" NAME ="$Start.StartTime" USERDEFINED ="NO"/>
        <WORKFLOWVARIABLE DATATYPE ="date/time" DEFAULTVALUE ="" DESCRIPTION ="The time this task completed" ISNULL ="NO" ISPERSISTENT ="NO" NAME ="$Start.EndTime" USERDEFINED ="NO"/>
        <WORKFLOWVARIABLE DATATYPE ="integer" DEFAULTVALUE ="" DESCRIPTION ="Status of this task&apos;s execution" ISNULL ="NO" ISPERSISTENT ="NO" NAME ="$Start.Status" USERDEFINED ="NO"/>
        <WORKFLOWVARIABLE DATATYPE ="integer" DEFAULTVALUE ="" DESCRIPTION ="Status of the previous task that is not disabled" ISNULL ="NO" ISPERSISTENT ="NO" NAME ="$Start.PrevTaskStatus" USERDEFINED ="NO"/>
        <WORKFLOWVARIABLE DATATYPE ="integer" DEFAULTVALUE ="" DESCRIPTION ="Error code for this task&apos;s execution" ISNULL ="NO" ISPERSISTENT ="NO" NAME ="$Start.ErrorCode" USERDEFINED ="NO"/>
        <WORKFLOWVARIABLE DATATYPE ="string" DEFAULTVALUE ="" DESCRIPTION ="Error message for this task&apos;s execution" ISNULL ="NO" ISPERSISTENT ="NO" NAME ="$Start.ErrorMsg" USERDEFINED ="NO"/>
        <WORKFLOWVARIABLE DATATYPE ="date/time" DEFAULTVALUE ="" DESCRIPTION ="The time this task started" ISNULL ="NO" ISPERSISTENT ="NO" NAME ="$s_m_GM_SAP_GL_BALANCE.StartTime" USERDEFINED ="NO"/>
        <WORKFLOWVARIABLE DATATYPE ="date/time" DEFAULTVALUE ="" DESCRIPTION ="The time this task completed" ISNULL ="NO" ISPERSISTENT ="NO" NAME ="$s_m_GM_SAP_GL_BALANCE.EndTime" USERDEFINED ="NO"/>
        <WORKFLOWVARIABLE DATATYPE ="integer" DEFAULTVALUE ="" DESCRIPTION ="Status of this task&apos;s execution" ISNULL ="NO" ISPERSISTENT ="NO" NAME ="$s_m_GM_SAP_GL_BALANCE.Status" USERDEFINED ="NO"/>
        <WORKFLOWVARIABLE DATATYPE ="integer" DEFAULTVALUE ="" DESCRIPTION ="Status of the previous task that is not disabled" ISNULL ="NO" ISPERSISTENT ="NO" NAME ="$s_m_GM_SAP_GL_BALANCE.PrevTaskStatus" USERDEFINED ="NO"/>
        <WORKFLOWVARIABLE DATATYPE ="integer" DEFAULTVALUE ="" DESCRIPTION ="Error code for this task&apos;s execution" ISNULL ="NO" ISPERSISTENT ="NO" NAME ="$s_m_GM_SAP_GL_BALANCE.ErrorCode" USERDEFINED ="NO"/>
        <WORKFLOWVARIABLE DATATYPE ="string" DEFAULTVALUE ="" DESCRIPTION ="Error message for this task&apos;s execution" ISNULL ="NO" ISPERSISTENT ="NO" NAME ="$s_m_GM_SAP_GL_BALANCE.ErrorMsg" USERDEFINED ="NO"/>
        <WORKFLOWVARIABLE DATATYPE ="integer" DEFAULTVALUE ="" DESCRIPTION ="Rows successfully read" ISNULL ="NO" ISPERSISTENT ="NO" NAME ="$s_m_GM_SAP_GL_BALANCE.SrcSuccessRows" USERDEFINED ="NO"/>
        <WORKFLOWVARIABLE DATATYPE ="integer" DEFAULTVALUE ="" DESCRIPTION ="Rows failed to read" ISNULL ="NO" ISPERSISTENT ="NO" NAME ="$s_m_GM_SAP_GL_BALANCE.SrcFailedRows" USERDEFINED ="NO"/>
        <WORKFLOWVARIABLE DATATYPE ="integer" DEFAULTVALUE ="" DESCRIPTION ="Rows successfully loaded" ISNULL ="NO" ISPERSISTENT ="NO" NAME ="$s_m_GM_SAP_GL_BALANCE.TgtSuccessRows" USERDEFINED ="NO"/>
        <WORKFLOWVARIABLE DATATYPE ="integer" DEFAULTVALUE ="" DESCRIPTION ="Rows failed to load" ISNULL ="NO" ISPERSISTENT ="NO" NAME ="$s_m_GM_SAP_GL_BALANCE.TgtFailedRows" USERDEFINED ="NO"/>
        <WORKFLOWVARIABLE DATATYPE ="integer" DEFAULTVALUE ="" DESCRIPTION ="Total number of transformation errors" ISNULL ="NO" ISPERSISTENT ="NO" NAME ="$s_m_GM_SAP_GL_BALANCE.TotalTransErrors" USERDEFINED ="NO"/>
        <WORKFLOWVARIABLE DATATYPE ="integer" DEFAULTVALUE ="" DESCRIPTION ="First error code" ISNULL ="NO" ISPERSISTENT ="NO" NAME ="$s_m_GM_SAP_GL_BALANCE.FirstErrorCode" USERDEFINED ="NO"/>
        <WORKFLOWVARIABLE DATATYPE ="string" DEFAULTVALUE ="" DESCRIPTION ="First error message" ISNULL ="NO" ISPERSISTENT ="NO" NAME ="$s_m_GM_SAP_GL_BALANCE.FirstErrorMsg" USERDEFINED ="NO"/>
        <ATTRIBUTE NAME ="Parameter Filename" VALUE =""/>
        <ATTRIBUTE NAME ="Write Backward Compatible Workflow Log File" VALUE ="YES"/>
        <ATTRIBUTE NAME ="Workflow Log File Name" VALUE ="wf_s_m_GM_SAP_GL_BALANCE.log"/>
        <ATTRIBUTE NAME ="Workflow Log File Directory" VALUE ="$PMWorkflowLogDir&#x5c;ONE_ON_ONE_OTC&#x5c;LOG&#x5c;"/>
        <ATTRIBUTE NAME ="Save Workflow log by" VALUE ="By runs"/>
        <ATTRIBUTE NAME ="Save workflow log for these runs" VALUE ="9"/>
        <ATTRIBUTE NAME ="Service Name" VALUE =""/>
        <ATTRIBUTE NAME ="Service Timeout" VALUE ="0"/>
        <ATTRIBUTE NAME ="Is Service Visible" VALUE ="NO"/>
        <ATTRIBUTE NAME ="Is Service Protected" VALUE ="NO"/>
        <ATTRIBUTE NAME ="Fail task after wait time" VALUE ="0"/>
        <ATTRIBUTE NAME ="Enable HA recovery" VALUE ="NO"/>
        <ATTRIBUTE NAME ="Automatically recover terminated tasks" VALUE ="NO"/>
        <ATTRIBUTE NAME ="Service Level Name" VALUE ="Default"/>
        <ATTRIBUTE NAME ="Allow concurrent run with unique run instance name" VALUE ="NO"/>
        <ATTRIBUTE NAME ="Allow concurrent run with same run instance name" VALUE ="NO"/>
        <ATTRIBUTE NAME ="Maximum number of concurrent runs" VALUE ="0"/>
        <ATTRIBUTE NAME ="Assigned Web Services Hubs" VALUE =""/>
        <ATTRIBUTE NAME ="Maximum number of concurrent runs per Hub" VALUE ="1000"/>
        <ATTRIBUTE NAME ="Expected Service Time" VALUE ="1"/>
        <METADATAEXTENSION DATATYPE ="STRING" DESCRIPTION ="Conversion Mapping Name with version " DOMAINNAME ="User Defined Metadata Domain" ISCLIENTEDITABLE ="YES" ISCLIENTVISIBLE ="YES" ISREUSABLE ="NO" ISSHAREREAD ="NO" ISSHAREWRITE ="NO" MAXLENGTH ="256" NAME ="CONV_MAP_NAME" VALUE ="" VENDORNAME ="INFORMATICA"/>
        <METADATAEXTENSION DATATYPE ="STRING" DESCRIPTION ="" DOMAINNAME ="User Defined Metadata Domain" ISCLIENTEDITABLE ="YES" ISCLIENTVISIBLE ="YES" ISREUSABLE ="NO" ISSHAREREAD ="NO" ISSHAREWRITE ="NO" MAXLENGTH ="256" NAME ="Extension" VALUE ="CM - MarginLoss - stgMarginLossExpenseToStgFactSalesNew v1.0" VENDORNAME ="INFORMATICA"/>
    </WORKFLOW>
</FOLDER>
</REPOSITORY>
</POWERMART>