<?xml version="1.0" encoding="Windows-1252"?>
<!DOCTYPE POWERMART SYSTEM "powrmart.dtd">
<POWERMART CREATION_DATE="05/20/2024 10:25:59" REPOSITORY_VERSION="187.96">
<REPOSITORY NAME="Domain10_Rep_Svc_Prd" VERSION="187" CODEPAGE="MS1252" DATABASETYPE="Microsoft SQL Server">
<FOLDER NAME="ONE_ON_ONE_OTC" GROUP="" OWNER="Administrator" SHARED="NOTSHARED" DESCRIPTION="" PERMISSIONS="rwx---r--" UUID="8627c2fd-2fe8-4f83-88bf-e34259bd5762">
    <SOURCE BUSINESSNAME ="" DATABASETYPE ="Oracle" DBDNAME ="TPROD1" DESCRIPTION ="" NAME ="EXTERNAL_SKU_XREF" OBJECTVERSION ="1" OWNERNAME ="DA" VERSIONNUMBER ="1">
        <SOURCEFIELD BUSINESSNAME ="" DATATYPE ="varchar2" DESCRIPTION ="" FIELDNUMBER ="1" FIELDPROPERTY ="0" FIELDTYPE ="ELEMITEM" HIDDEN ="NO" KEYTYPE ="NOT A KEY" LENGTH ="0" LEVEL ="0" NAME ="CORP_DIVISION_CODE" NULLABLE ="NULL" OCCURS ="0" OFFSET ="0" PHYSICALLENGTH ="2" PHYSICALOFFSET ="0" PICTURETEXT ="" PRECISION ="2" SCALE ="0" USAGE_FLAGS =""/>
        <SOURCEFIELD BUSINESSNAME ="" DATATYPE ="varchar2" DESCRIPTION ="" FIELDNUMBER ="2" FIELDPROPERTY ="0" FIELDTYPE ="ELEMITEM" HIDDEN ="NO" KEYTYPE ="PRIMARY KEY" LENGTH ="0" LEVEL ="0" NAME ="EXTERNAL_SKU" NULLABLE ="NOTNULL" OCCURS ="0" OFFSET ="0" PHYSICALLENGTH ="50" PHYSICALOFFSET ="2" PICTURETEXT ="" PRECISION ="50" SCALE ="0" USAGE_FLAGS =""/>
        <SOURCEFIELD BUSINESSNAME ="" DATATYPE ="varchar2" DESCRIPTION ="" FIELDNUMBER ="3" FIELDPROPERTY ="0" FIELDTYPE ="ELEMITEM" HIDDEN ="NO" KEYTYPE ="NOT A KEY" LENGTH ="0" LEVEL ="0" NAME ="EXTERNAL_STYLE" NULLABLE ="NULL" OCCURS ="0" OFFSET ="0" PHYSICALLENGTH ="30" PHYSICALOFFSET ="52" PICTURETEXT ="" PRECISION ="30" SCALE ="0" USAGE_FLAGS =""/>
        <SOURCEFIELD BUSINESSNAME ="" DATATYPE ="varchar2" DESCRIPTION ="" FIELDNUMBER ="4" FIELDPROPERTY ="0" FIELDTYPE ="ELEMITEM" HIDDEN ="NO" KEYTYPE ="NOT A KEY" LENGTH ="0" LEVEL ="0" NAME ="EXTERNAL_COLOR" NULLABLE ="NULL" OCCURS ="0" OFFSET ="0" PHYSICALLENGTH ="30" PHYSICALOFFSET ="82" PICTURETEXT ="" PRECISION ="30" SCALE ="0" USAGE_FLAGS =""/>
        <SOURCEFIELD BUSINESSNAME ="" DATATYPE ="varchar2" DESCRIPTION ="" FIELDNUMBER ="5" FIELDPROPERTY ="0" FIELDTYPE ="ELEMITEM" HIDDEN ="NO" KEYTYPE ="NOT A KEY" LENGTH ="0" LEVEL ="0" NAME ="EXTERNAL_ATTRIBUTE" NULLABLE ="NULL" OCCURS ="0" OFFSET ="0" PHYSICALLENGTH ="30" PHYSICALOFFSET ="112" PICTURETEXT ="" PRECISION ="30" SCALE ="0" USAGE_FLAGS =""/>
        <SOURCEFIELD BUSINESSNAME ="" DATATYPE ="varchar2" DESCRIPTION ="" FIELDNUMBER ="6" FIELDPROPERTY ="0" FIELDTYPE ="ELEMITEM" HIDDEN ="NO" KEYTYPE ="NOT A KEY" LENGTH ="0" LEVEL ="0" NAME ="EXTERNAL_SIZE" NULLABLE ="NULL" OCCURS ="0" OFFSET ="0" PHYSICALLENGTH ="30" PHYSICALOFFSET ="142" PICTURETEXT ="" PRECISION ="30" SCALE ="0" USAGE_FLAGS =""/>
        <SOURCEFIELD BUSINESSNAME ="" DATATYPE ="varchar2" DESCRIPTION ="" FIELDNUMBER ="7" FIELDPROPERTY ="0" FIELDTYPE ="ELEMITEM" HIDDEN ="NO" KEYTYPE ="NOT A KEY" LENGTH ="0" LEVEL ="0" NAME ="EXTERNAL_BRAND" NULLABLE ="NULL" OCCURS ="0" OFFSET ="0" PHYSICALLENGTH ="30" PHYSICALOFFSET ="172" PICTURETEXT ="" PRECISION ="30" SCALE ="0" USAGE_FLAGS =""/>
        <SOURCEFIELD BUSINESSNAME ="" DATATYPE ="varchar2" DESCRIPTION ="" FIELDNUMBER ="8" FIELDPROPERTY ="0" FIELDTYPE ="ELEMITEM" HIDDEN ="NO" KEYTYPE ="NOT A KEY" LENGTH ="0" LEVEL ="0" NAME ="EXTERNAL_VERSION" NULLABLE ="NULL" OCCURS ="0" OFFSET ="0" PHYSICALLENGTH ="30" PHYSICALOFFSET ="202" PICTURETEXT ="" PRECISION ="30" SCALE ="0" USAGE_FLAGS =""/>
        <SOURCEFIELD BUSINESSNAME ="" DATATYPE ="varchar2" DESCRIPTION ="" FIELDNUMBER ="9" FIELDPROPERTY ="0" FIELDTYPE ="ELEMITEM" HIDDEN ="NO" KEYTYPE ="NOT A KEY" LENGTH ="0" LEVEL ="0" NAME ="EXTERNAL_COLOR_SHORT_DESC" NULLABLE ="NULL" OCCURS ="0" OFFSET ="0" PHYSICALLENGTH ="30" PHYSICALOFFSET ="232" PICTURETEXT ="" PRECISION ="30" SCALE ="0" USAGE_FLAGS =""/>
        <SOURCEFIELD BUSINESSNAME ="" DATATYPE ="varchar2" DESCRIPTION ="" FIELDNUMBER ="10" FIELDPROPERTY ="0" FIELDTYPE ="ELEMITEM" HIDDEN ="NO" KEYTYPE ="NOT A KEY" LENGTH ="0" LEVEL ="0" NAME ="EXTERNAL_COLOR_LONG_DESC" NULLABLE ="NULL" OCCURS ="0" OFFSET ="0" PHYSICALLENGTH ="50" PHYSICALOFFSET ="262" PICTURETEXT ="" PRECISION ="50" SCALE ="0" USAGE_FLAGS =""/>
        <SOURCEFIELD BUSINESSNAME ="" DATATYPE ="varchar2" DESCRIPTION ="" FIELDNUMBER ="11" FIELDPROPERTY ="0" FIELDTYPE ="ELEMITEM" HIDDEN ="NO" KEYTYPE ="NOT A KEY" LENGTH ="0" LEVEL ="0" NAME ="STYLE_CD" NULLABLE ="NULL" OCCURS ="0" OFFSET ="0" PHYSICALLENGTH ="6" PHYSICALOFFSET ="312" PICTURETEXT ="" PRECISION ="6" SCALE ="0" USAGE_FLAGS =""/>
        <SOURCEFIELD BUSINESSNAME ="" DATATYPE ="varchar2" DESCRIPTION ="" FIELDNUMBER ="12" FIELDPROPERTY ="0" FIELDTYPE ="ELEMITEM" HIDDEN ="NO" KEYTYPE ="NOT A KEY" LENGTH ="0" LEVEL ="0" NAME ="COLOR_CD" NULLABLE ="NULL" OCCURS ="0" OFFSET ="0" PHYSICALLENGTH ="4" PHYSICALOFFSET ="318" PICTURETEXT ="" PRECISION ="4" SCALE ="0" USAGE_FLAGS =""/>
        <SOURCEFIELD BUSINESSNAME ="" DATATYPE ="varchar2" DESCRIPTION ="" FIELDNUMBER ="13" FIELDPROPERTY ="0" FIELDTYPE ="ELEMITEM" HIDDEN ="NO" KEYTYPE ="NOT A KEY" LENGTH ="0" LEVEL ="0" NAME ="ATTRIBUTE_CD" NULLABLE ="NULL" OCCURS ="0" OFFSET ="0" PHYSICALLENGTH ="6" PHYSICALOFFSET ="322" PICTURETEXT ="" PRECISION ="6" SCALE ="0" USAGE_FLAGS =""/>
        <SOURCEFIELD BUSINESSNAME ="" DATATYPE ="varchar2" DESCRIPTION ="" FIELDNUMBER ="14" FIELDPROPERTY ="0" FIELDTYPE ="ELEMITEM" HIDDEN ="NO" KEYTYPE ="NOT A KEY" LENGTH ="0" LEVEL ="0" NAME ="SIZE_CD" NULLABLE ="NULL" OCCURS ="0" OFFSET ="0" PHYSICALLENGTH ="3" PHYSICALOFFSET ="328" PICTURETEXT ="" PRECISION ="3" SCALE ="0" USAGE_FLAGS =""/>
        <SOURCEFIELD BUSINESSNAME ="" DATATYPE ="number(p,s)" DESCRIPTION ="" FIELDNUMBER ="15" FIELDPROPERTY ="0" FIELDTYPE ="ELEMITEM" HIDDEN ="NO" KEYTYPE ="NOT A KEY" LENGTH ="5" LEVEL ="0" NAME ="REVISION_NO" NULLABLE ="NULL" OCCURS ="0" OFFSET ="0" PHYSICALLENGTH ="3" PHYSICALOFFSET ="331" PICTURETEXT ="" PRECISION ="3" SCALE ="0" USAGE_FLAGS =""/>
        <SOURCEFIELD BUSINESSNAME ="" DATATYPE ="varchar2" DESCRIPTION ="" FIELDNUMBER ="16" FIELDPROPERTY ="0" FIELDTYPE ="ELEMITEM" HIDDEN ="NO" KEYTYPE ="NOT A KEY" LENGTH ="0" LEVEL ="0" NAME ="EXTERNAL_TEMPLATE_ID" NULLABLE ="NULL" OCCURS ="0" OFFSET ="5" PHYSICALLENGTH ="20" PHYSICALOFFSET ="334" PICTURETEXT ="" PRECISION ="20" SCALE ="0" USAGE_FLAGS =""/>
        <SOURCEFIELD BUSINESSNAME ="" DATATYPE ="varchar2" DESCRIPTION ="" FIELDNUMBER ="17" FIELDPROPERTY ="0" FIELDTYPE ="ELEMITEM" HIDDEN ="NO" KEYTYPE ="NOT A KEY" LENGTH ="0" LEVEL ="0" NAME ="EXTERNAL_PROCESS_KEY1" NULLABLE ="NULL" OCCURS ="0" OFFSET ="5" PHYSICALLENGTH ="20" PHYSICALOFFSET ="354" PICTURETEXT ="" PRECISION ="20" SCALE ="0" USAGE_FLAGS =""/>
        <SOURCEFIELD BUSINESSNAME ="" DATATYPE ="varchar2" DESCRIPTION ="" FIELDNUMBER ="18" FIELDPROPERTY ="0" FIELDTYPE ="ELEMITEM" HIDDEN ="NO" KEYTYPE ="NOT A KEY" LENGTH ="0" LEVEL ="0" NAME ="EXTERNAL_PROCESS_KEY2" NULLABLE ="NULL" OCCURS ="0" OFFSET ="5" PHYSICALLENGTH ="20" PHYSICALOFFSET ="374" PICTURETEXT ="" PRECISION ="20" SCALE ="0" USAGE_FLAGS =""/>
        <SOURCEFIELD BUSINESSNAME ="" DATATYPE ="varchar2" DESCRIPTION ="" FIELDNUMBER ="19" FIELDPROPERTY ="0" FIELDTYPE ="ELEMITEM" HIDDEN ="NO" KEYTYPE ="NOT A KEY" LENGTH ="0" LEVEL ="0" NAME ="EXTERNAL_PROCESS_KEY3" NULLABLE ="NULL" OCCURS ="0" OFFSET ="5" PHYSICALLENGTH ="20" PHYSICALOFFSET ="394" PICTURETEXT ="" PRECISION ="20" SCALE ="0" USAGE_FLAGS =""/>
        <SOURCEFIELD BUSINESSNAME ="" DATATYPE ="varchar2" DESCRIPTION ="" FIELDNUMBER ="20" FIELDPROPERTY ="0" FIELDTYPE ="ELEMITEM" HIDDEN ="NO" KEYTYPE ="NOT A KEY" LENGTH ="0" LEVEL ="0" NAME ="EXTERNAL_PROCESS_KEY4" NULLABLE ="NULL" OCCURS ="0" OFFSET ="5" PHYSICALLENGTH ="20" PHYSICALOFFSET ="414" PICTURETEXT ="" PRECISION ="20" SCALE ="0" USAGE_FLAGS =""/>
        <SOURCEFIELD BUSINESSNAME ="" DATATYPE ="varchar2" DESCRIPTION ="" FIELDNUMBER ="21" FIELDPROPERTY ="0" FIELDTYPE ="ELEMITEM" HIDDEN ="NO" KEYTYPE ="NOT A KEY" LENGTH ="0" LEVEL ="0" NAME ="USER_ID" NULLABLE ="NULL" OCCURS ="0" OFFSET ="5" PHYSICALLENGTH ="10" PHYSICALOFFSET ="434" PICTURETEXT ="" PRECISION ="10" SCALE ="0" USAGE_FLAGS =""/>
        <SOURCEFIELD BUSINESSNAME ="" DATATYPE ="date" DESCRIPTION ="" FIELDNUMBER ="22" FIELDPROPERTY ="0" FIELDTYPE ="ELEMITEM" HIDDEN ="NO" KEYTYPE ="NOT A KEY" LENGTH ="19" LEVEL ="0" NAME ="CREATE_DATE" NULLABLE ="NULL" OCCURS ="0" OFFSET ="5" PHYSICALLENGTH ="19" PHYSICALOFFSET ="444" PICTURETEXT ="" PRECISION ="19" SCALE ="0" USAGE_FLAGS =""/>
        <SOURCEFIELD BUSINESSNAME ="" DATATYPE ="date" DESCRIPTION ="" FIELDNUMBER ="23" FIELDPROPERTY ="0" FIELDTYPE ="ELEMITEM" HIDDEN ="NO" KEYTYPE ="NOT A KEY" LENGTH ="19" LEVEL ="0" NAME ="UPDATE_DATE" NULLABLE ="NULL" OCCURS ="0" OFFSET ="24" PHYSICALLENGTH ="19" PHYSICALOFFSET ="463" PICTURETEXT ="" PRECISION ="19" SCALE ="0" USAGE_FLAGS =""/>
        <SOURCEFIELD BUSINESSNAME ="" DATATYPE ="varchar2" DESCRIPTION ="" FIELDNUMBER ="24" FIELDPROPERTY ="0" FIELDTYPE ="ELEMITEM" HIDDEN ="NO" KEYTYPE ="NOT A KEY" LENGTH ="0" LEVEL ="0" NAME ="LEGACY_DIVISION" NULLABLE ="NULL" OCCURS ="0" OFFSET ="43" PHYSICALLENGTH ="10" PHYSICALOFFSET ="482" PICTURETEXT ="" PRECISION ="10" SCALE ="0" USAGE_FLAGS =""/>
        <SOURCEFIELD BUSINESSNAME ="" DATATYPE ="varchar2" DESCRIPTION ="" FIELDNUMBER ="25" FIELDPROPERTY ="0" FIELDTYPE ="ELEMITEM" HIDDEN ="NO" KEYTYPE ="NOT A KEY" LENGTH ="0" LEVEL ="0" NAME ="PUTUP_CD" NULLABLE ="NULL" OCCURS ="0" OFFSET ="43" PHYSICALLENGTH ="3" PHYSICALOFFSET ="492" PICTURETEXT ="" PRECISION ="3" SCALE ="0" USAGE_FLAGS =""/>
        <SOURCEFIELD BUSINESSNAME ="" DATATYPE ="varchar2" DESCRIPTION ="" FIELDNUMBER ="26" FIELDPROPERTY ="0" FIELDTYPE ="ELEMITEM" HIDDEN ="NO" KEYTYPE ="NOT A KEY" LENGTH ="0" LEVEL ="0" NAME ="EXTERNAL_PUTUP_CD" NULLABLE ="NULL" OCCURS ="0" OFFSET ="43" PHYSICALLENGTH ="30" PHYSICALOFFSET ="495" PICTURETEXT ="" PRECISION ="30" SCALE ="0" USAGE_FLAGS =""/>
        <SOURCEFIELD BUSINESSNAME ="" DATATYPE ="varchar2" DESCRIPTION ="" FIELDNUMBER ="27" FIELDPROPERTY ="0" FIELDTYPE ="ELEMITEM" HIDDEN ="NO" KEYTYPE ="NOT A KEY" LENGTH ="0" LEVEL ="0" NAME ="EXTERNAL_XSIZE_CD" NULLABLE ="NULL" OCCURS ="0" OFFSET ="43" PHYSICALLENGTH ="30" PHYSICALOFFSET ="525" PICTURETEXT ="" PRECISION ="30" SCALE ="0" USAGE_FLAGS =""/>
        <SOURCEFIELD BUSINESSNAME ="" DATATYPE ="varchar2" DESCRIPTION ="" FIELDNUMBER ="28" FIELDPROPERTY ="0" FIELDTYPE ="ELEMITEM" HIDDEN ="NO" KEYTYPE ="NOT A KEY" LENGTH ="0" LEVEL ="0" NAME ="EXTERNAL_PACK_CD" NULLABLE ="NULL" OCCURS ="0" OFFSET ="43" PHYSICALLENGTH ="30" PHYSICALOFFSET ="555" PICTURETEXT ="" PRECISION ="30" SCALE ="0" USAGE_FLAGS =""/>
        <SOURCEFIELD BUSINESSNAME ="" DATATYPE ="varchar2" DESCRIPTION ="" FIELDNUMBER ="29" FIELDPROPERTY ="0" FIELDTYPE ="ELEMITEM" HIDDEN ="NO" KEYTYPE ="NOT A KEY" LENGTH ="0" LEVEL ="0" NAME ="EXTERNAL_ALTERNATE_SKU" NULLABLE ="NULL" OCCURS ="0" OFFSET ="43" PHYSICALLENGTH ="30" PHYSICALOFFSET ="585" PICTURETEXT ="" PRECISION ="30" SCALE ="0" USAGE_FLAGS =""/>
        <SOURCEFIELD BUSINESSNAME ="" DATATYPE ="varchar2" DESCRIPTION ="" FIELDNUMBER ="30" FIELDPROPERTY ="0" FIELDTYPE ="ELEMITEM" HIDDEN ="NO" KEYTYPE ="NOT A KEY" LENGTH ="0" LEVEL ="0" NAME ="EXTERNAL_FACILITY" NULLABLE ="NULL" OCCURS ="0" OFFSET ="43" PHYSICALLENGTH ="30" PHYSICALOFFSET ="615" PICTURETEXT ="" PRECISION ="30" SCALE ="0" USAGE_FLAGS =""/>
        <SOURCEFIELD BUSINESSNAME ="" DATATYPE ="varchar2" DESCRIPTION ="" FIELDNUMBER ="31" FIELDPROPERTY ="0" FIELDTYPE ="ELEMITEM" HIDDEN ="NO" KEYTYPE ="NOT A KEY" LENGTH ="0" LEVEL ="0" NAME ="EXTERNAL_REP_STYLE" NULLABLE ="NULL" OCCURS ="0" OFFSET ="43" PHYSICALLENGTH ="30" PHYSICALOFFSET ="645" PICTURETEXT ="" PRECISION ="30" SCALE ="0" USAGE_FLAGS =""/>
        <SOURCEFIELD BUSINESSNAME ="" DATATYPE ="varchar2" DESCRIPTION ="" FIELDNUMBER ="32" FIELDPROPERTY ="0" FIELDTYPE ="ELEMITEM" HIDDEN ="NO" KEYTYPE ="NOT A KEY" LENGTH ="0" LEVEL ="0" NAME ="EXTERNAL_FORECAST_FLAG" NULLABLE ="NULL" OCCURS ="0" OFFSET ="43" PHYSICALLENGTH ="30" PHYSICALOFFSET ="675" PICTURETEXT ="" PRECISION ="30" SCALE ="0" USAGE_FLAGS =""/>
        <SOURCEFIELD BUSINESSNAME ="" DATATYPE ="varchar2" DESCRIPTION ="" FIELDNUMBER ="33" FIELDPROPERTY ="0" FIELDTYPE ="ELEMITEM" HIDDEN ="NO" KEYTYPE ="NOT A KEY" LENGTH ="0" LEVEL ="0" NAME ="EXTERNAL_LOCATOR_FLAG" NULLABLE ="NULL" OCCURS ="0" OFFSET ="43" PHYSICALLENGTH ="30" PHYSICALOFFSET ="705" PICTURETEXT ="" PRECISION ="30" SCALE ="0" USAGE_FLAGS =""/>
        <SOURCEFIELD BUSINESSNAME ="" DATATYPE ="varchar2" DESCRIPTION ="" FIELDNUMBER ="34" FIELDPROPERTY ="0" FIELDTYPE ="ELEMITEM" HIDDEN ="NO" KEYTYPE ="NOT A KEY" LENGTH ="0" LEVEL ="0" NAME ="EXTERNAL_SHORT_SIZE_DESC" NULLABLE ="NULL" OCCURS ="0" OFFSET ="43" PHYSICALLENGTH ="30" PHYSICALOFFSET ="735" PICTURETEXT ="" PRECISION ="30" SCALE ="0" USAGE_FLAGS =""/>
        <SOURCEFIELD BUSINESSNAME ="" DATATYPE ="varchar2" DESCRIPTION ="" FIELDNUMBER ="35" FIELDPROPERTY ="0" FIELDTYPE ="ELEMITEM" HIDDEN ="NO" KEYTYPE ="NOT A KEY" LENGTH ="0" LEVEL ="0" NAME ="SOURCE_TRIGGER" NULLABLE ="NULL" OCCURS ="0" OFFSET ="43" PHYSICALLENGTH ="3" PHYSICALOFFSET ="765" PICTURETEXT ="" PRECISION ="3" SCALE ="0" USAGE_FLAGS =""/>
    </SOURCE>
    <TARGET BUSINESSNAME ="" CONSTRAINT ="" DATABASETYPE ="Oracle" DESCRIPTION ="" NAME ="EXTERNAL_SKU_XREF" OBJECTVERSION ="1" TABLEOPTIONS ="" VERSIONNUMBER ="1">
        <TARGETFIELD BUSINESSNAME ="" DATATYPE ="varchar2" DESCRIPTION ="" FIELDNUMBER ="1" KEYTYPE ="NOT A KEY" NAME ="CORP_DIVISION_CODE" NULLABLE ="NULL" PICTURETEXT ="" PRECISION ="2" SCALE ="0"/>
        <TARGETFIELD BUSINESSNAME ="" DATATYPE ="varchar2" DESCRIPTION ="" FIELDNUMBER ="2" KEYTYPE ="NOT A KEY" NAME ="EXTERNAL_SKU" NULLABLE ="NOTNULL" PICTURETEXT ="" PRECISION ="50" SCALE ="0"/>
        <TARGETFIELD BUSINESSNAME ="" DATATYPE ="varchar2" DESCRIPTION ="" FIELDNUMBER ="3" KEYTYPE ="NOT A KEY" NAME ="EXTERNAL_STYLE" NULLABLE ="NULL" PICTURETEXT ="" PRECISION ="30" SCALE ="0"/>
        <TARGETFIELD BUSINESSNAME ="" DATATYPE ="varchar2" DESCRIPTION ="" FIELDNUMBER ="4" KEYTYPE ="NOT A KEY" NAME ="EXTERNAL_COLOR" NULLABLE ="NULL" PICTURETEXT ="" PRECISION ="30" SCALE ="0"/>
        <TARGETFIELD BUSINESSNAME ="" DATATYPE ="varchar2" DESCRIPTION ="" FIELDNUMBER ="5" KEYTYPE ="NOT A KEY" NAME ="EXTERNAL_ATTRIBUTE" NULLABLE ="NULL" PICTURETEXT ="" PRECISION ="30" SCALE ="0"/>
        <TARGETFIELD BUSINESSNAME ="" DATATYPE ="varchar2" DESCRIPTION ="" FIELDNUMBER ="6" KEYTYPE ="NOT A KEY" NAME ="EXTERNAL_SIZE" NULLABLE ="NULL" PICTURETEXT ="" PRECISION ="30" SCALE ="0"/>
        <TARGETFIELD BUSINESSNAME ="" DATATYPE ="varchar2" DESCRIPTION ="" FIELDNUMBER ="7" KEYTYPE ="NOT A KEY" NAME ="EXTERNAL_BRAND" NULLABLE ="NULL" PICTURETEXT ="" PRECISION ="30" SCALE ="0"/>
        <TARGETFIELD BUSINESSNAME ="" DATATYPE ="varchar2" DESCRIPTION ="" FIELDNUMBER ="8" KEYTYPE ="NOT A KEY" NAME ="EXTERNAL_VERSION" NULLABLE ="NULL" PICTURETEXT ="" PRECISION ="30" SCALE ="0"/>
        <TARGETFIELD BUSINESSNAME ="" DATATYPE ="varchar2" DESCRIPTION ="" FIELDNUMBER ="9" KEYTYPE ="NOT A KEY" NAME ="EXTERNAL_COLOR_SHORT_DESC" NULLABLE ="NULL" PICTURETEXT ="" PRECISION ="30" SCALE ="0"/>
        <TARGETFIELD BUSINESSNAME ="" DATATYPE ="varchar2" DESCRIPTION ="" FIELDNUMBER ="10" KEYTYPE ="NOT A KEY" NAME ="EXTERNAL_COLOR_LONG_DESC" NULLABLE ="NULL" PICTURETEXT ="" PRECISION ="50" SCALE ="0"/>
        <TARGETFIELD BUSINESSNAME ="" DATATYPE ="varchar2" DESCRIPTION ="" FIELDNUMBER ="11" KEYTYPE ="NOT A KEY" NAME ="STYLE_CD" NULLABLE ="NULL" PICTURETEXT ="" PRECISION ="6" SCALE ="0"/>
        <TARGETFIELD BUSINESSNAME ="" DATATYPE ="varchar2" DESCRIPTION ="" FIELDNUMBER ="12" KEYTYPE ="NOT A KEY" NAME ="COLOR_CD" NULLABLE ="NULL" PICTURETEXT ="" PRECISION ="4" SCALE ="0"/>
        <TARGETFIELD BUSINESSNAME ="" DATATYPE ="varchar2" DESCRIPTION ="" FIELDNUMBER ="13" KEYTYPE ="NOT A KEY" NAME ="ATTRIBUTE_CD" NULLABLE ="NULL" PICTURETEXT ="" PRECISION ="6" SCALE ="0"/>
        <TARGETFIELD BUSINESSNAME ="" DATATYPE ="varchar2" DESCRIPTION ="" FIELDNUMBER ="14" KEYTYPE ="NOT A KEY" NAME ="SIZE_CD" NULLABLE ="NULL" PICTURETEXT ="" PRECISION ="3" SCALE ="0"/>
        <TARGETFIELD BUSINESSNAME ="" DATATYPE ="number(p,s)" DESCRIPTION ="" FIELDNUMBER ="15" KEYTYPE ="NOT A KEY" NAME ="REVISION_NO" NULLABLE ="NULL" PICTURETEXT ="" PRECISION ="3" SCALE ="0"/>
        <TARGETFIELD BUSINESSNAME ="" DATATYPE ="varchar2" DESCRIPTION ="" FIELDNUMBER ="16" KEYTYPE ="NOT A KEY" NAME ="EXTERNAL_TEMPLATE_ID" NULLABLE ="NULL" PICTURETEXT ="" PRECISION ="20" SCALE ="0"/>
        <TARGETFIELD BUSINESSNAME ="" DATATYPE ="varchar2" DESCRIPTION ="" FIELDNUMBER ="17" KEYTYPE ="NOT A KEY" NAME ="EXTERNAL_PROCESS_KEY1" NULLABLE ="NULL" PICTURETEXT ="" PRECISION ="20" SCALE ="0"/>
        <TARGETFIELD BUSINESSNAME ="" DATATYPE ="varchar2" DESCRIPTION ="" FIELDNUMBER ="18" KEYTYPE ="NOT A KEY" NAME ="EXTERNAL_PROCESS_KEY2" NULLABLE ="NULL" PICTURETEXT ="" PRECISION ="20" SCALE ="0"/>
        <TARGETFIELD BUSINESSNAME ="" DATATYPE ="varchar2" DESCRIPTION ="" FIELDNUMBER ="19" KEYTYPE ="NOT A KEY" NAME ="EXTERNAL_PROCESS_KEY3" NULLABLE ="NULL" PICTURETEXT ="" PRECISION ="20" SCALE ="0"/>
        <TARGETFIELD BUSINESSNAME ="" DATATYPE ="varchar2" DESCRIPTION ="" FIELDNUMBER ="20" KEYTYPE ="NOT A KEY" NAME ="EXTERNAL_PROCESS_KEY4" NULLABLE ="NULL" PICTURETEXT ="" PRECISION ="20" SCALE ="0"/>
        <TARGETFIELD BUSINESSNAME ="" DATATYPE ="varchar2" DESCRIPTION ="" FIELDNUMBER ="21" KEYTYPE ="NOT A KEY" NAME ="USER_ID" NULLABLE ="NULL" PICTURETEXT ="" PRECISION ="10" SCALE ="0"/>
        <TARGETFIELD BUSINESSNAME ="" DATATYPE ="date" DESCRIPTION ="" FIELDNUMBER ="22" KEYTYPE ="NOT A KEY" NAME ="CREATE_DATE" NULLABLE ="NULL" PICTURETEXT ="" PRECISION ="19" SCALE ="0"/>
        <TARGETFIELD BUSINESSNAME ="" DATATYPE ="date" DESCRIPTION ="" FIELDNUMBER ="23" KEYTYPE ="NOT A KEY" NAME ="UPDATE_DATE" NULLABLE ="NULL" PICTURETEXT ="" PRECISION ="19" SCALE ="0"/>
        <TARGETFIELD BUSINESSNAME ="" DATATYPE ="varchar2" DESCRIPTION ="" FIELDNUMBER ="24" KEYTYPE ="NOT A KEY" NAME ="LEGACY_DIVISION" NULLABLE ="NULL" PICTURETEXT ="" PRECISION ="10" SCALE ="0"/>
        <TARGETFIELD BUSINESSNAME ="" DATATYPE ="varchar2" DESCRIPTION ="" FIELDNUMBER ="25" KEYTYPE ="NOT A KEY" NAME ="PUTUP_CD" NULLABLE ="NULL" PICTURETEXT ="" PRECISION ="3" SCALE ="0"/>
        <TARGETFIELD BUSINESSNAME ="" DATATYPE ="varchar2" DESCRIPTION ="" FIELDNUMBER ="26" KEYTYPE ="NOT A KEY" NAME ="EXTERNAL_PUTUP_CD" NULLABLE ="NULL" PICTURETEXT ="" PRECISION ="30" SCALE ="0"/>
        <TARGETFIELD BUSINESSNAME ="" DATATYPE ="varchar2" DESCRIPTION ="" FIELDNUMBER ="27" KEYTYPE ="NOT A KEY" NAME ="EXTERNAL_XSIZE_CD" NULLABLE ="NULL" PICTURETEXT ="" PRECISION ="30" SCALE ="0"/>
        <TARGETFIELD BUSINESSNAME ="" DATATYPE ="varchar2" DESCRIPTION ="" FIELDNUMBER ="28" KEYTYPE ="NOT A KEY" NAME ="EXTERNAL_PACK_CD" NULLABLE ="NULL" PICTURETEXT ="" PRECISION ="30" SCALE ="0"/>
        <TARGETFIELD BUSINESSNAME ="" DATATYPE ="varchar2" DESCRIPTION ="" FIELDNUMBER ="29" KEYTYPE ="NOT A KEY" NAME ="EXTERNAL_ALTERNATE_SKU" NULLABLE ="NULL" PICTURETEXT ="" PRECISION ="30" SCALE ="0"/>
        <TARGETFIELD BUSINESSNAME ="" DATATYPE ="varchar2" DESCRIPTION ="" FIELDNUMBER ="30" KEYTYPE ="NOT A KEY" NAME ="EXTERNAL_FACILITY" NULLABLE ="NULL" PICTURETEXT ="" PRECISION ="30" SCALE ="0"/>
        <TARGETFIELD BUSINESSNAME ="" DATATYPE ="varchar2" DESCRIPTION ="" FIELDNUMBER ="31" KEYTYPE ="NOT A KEY" NAME ="EXTERNAL_REP_STYLE" NULLABLE ="NULL" PICTURETEXT ="" PRECISION ="30" SCALE ="0"/>
        <TARGETFIELD BUSINESSNAME ="" DATATYPE ="varchar2" DESCRIPTION ="" FIELDNUMBER ="32" KEYTYPE ="NOT A KEY" NAME ="EXTERNAL_FORECAST_FLAG" NULLABLE ="NULL" PICTURETEXT ="" PRECISION ="30" SCALE ="0"/>
        <TARGETFIELD BUSINESSNAME ="" DATATYPE ="varchar2" DESCRIPTION ="" FIELDNUMBER ="33" KEYTYPE ="NOT A KEY" NAME ="EXTERNAL_LOCATOR_FLAG" NULLABLE ="NULL" PICTURETEXT ="" PRECISION ="30" SCALE ="0"/>
        <TARGETFIELD BUSINESSNAME ="" DATATYPE ="varchar2" DESCRIPTION ="" FIELDNUMBER ="34" KEYTYPE ="NOT A KEY" NAME ="EXTERNAL_SHORT_SIZE_DESC" NULLABLE ="NULL" PICTURETEXT ="" PRECISION ="30" SCALE ="0"/>
        <TARGETFIELD BUSINESSNAME ="" DATATYPE ="varchar2" DESCRIPTION ="" FIELDNUMBER ="35" KEYTYPE ="NOT A KEY" NAME ="SOURCE_TRIGGER" NULLABLE ="NULL" PICTURETEXT ="" PRECISION ="3" SCALE ="0"/>
        <TARGETFIELD BUSINESSNAME ="" DATATYPE ="number(p,s)" DESCRIPTION ="" FIELDNUMBER ="36" KEYTYPE ="NOT A KEY" NAME ="EXTERNAL_REVISION_NO" NULLABLE ="NULL" PICTURETEXT ="" PRECISION ="3" SCALE ="0"/>
    </TARGET>
    <MAPPING DESCRIPTION ="Mapping to truncate and load to the target table SLBA.EXTERNAL_SKU_XREF from DA.EXTERNAL_SKU_XREF" ISVALID ="YES" NAME ="m_LOAD_EXT_SKU_XREF" OBJECTVERSION ="1" VERSIONNUMBER ="1">
        <TRANSFORMATION DESCRIPTION ="SQ tranformation to pull data from the table DA.EXTERNAL_SKU_XREF" NAME ="SQ_EXTERNAL_SKU_XREF" OBJECTVERSION ="1" REUSABLE ="NO" TYPE ="Source Qualifier" VERSIONNUMBER ="1">
            <TRANSFORMFIELD DATATYPE ="string" DEFAULTVALUE ="" DESCRIPTION ="" NAME ="CORP_DIVISION_CODE" PICTURETEXT ="" PORTTYPE ="INPUT/OUTPUT" PRECISION ="2" SCALE ="0"/>
            <TRANSFORMFIELD DATATYPE ="string" DEFAULTVALUE ="" DESCRIPTION ="" NAME ="EXTERNAL_SKU" PICTURETEXT ="" PORTTYPE ="INPUT/OUTPUT" PRECISION ="50" SCALE ="0"/>
            <TRANSFORMFIELD DATATYPE ="string" DEFAULTVALUE ="" DESCRIPTION ="" NAME ="EXTERNAL_STYLE" PICTURETEXT ="" PORTTYPE ="INPUT/OUTPUT" PRECISION ="30" SCALE ="0"/>
            <TRANSFORMFIELD DATATYPE ="string" DEFAULTVALUE ="" DESCRIPTION ="" NAME ="EXTERNAL_COLOR" PICTURETEXT ="" PORTTYPE ="INPUT/OUTPUT" PRECISION ="30" SCALE ="0"/>
            <TRANSFORMFIELD DATATYPE ="string" DEFAULTVALUE ="" DESCRIPTION ="" NAME ="EXTERNAL_ATTRIBUTE" PICTURETEXT ="" PORTTYPE ="INPUT/OUTPUT" PRECISION ="30" SCALE ="0"/>
            <TRANSFORMFIELD DATATYPE ="string" DEFAULTVALUE ="" DESCRIPTION ="" NAME ="EXTERNAL_SIZE" PICTURETEXT ="" PORTTYPE ="INPUT/OUTPUT" PRECISION ="30" SCALE ="0"/>
            <TRANSFORMFIELD DATATYPE ="string" DEFAULTVALUE ="" DESCRIPTION ="" NAME ="EXTERNAL_BRAND" PICTURETEXT ="" PORTTYPE ="INPUT/OUTPUT" PRECISION ="30" SCALE ="0"/>
            <TRANSFORMFIELD DATATYPE ="string" DEFAULTVALUE ="" DESCRIPTION ="" NAME ="EXTERNAL_VERSION" PICTURETEXT ="" PORTTYPE ="INPUT/OUTPUT" PRECISION ="30" SCALE ="0"/>
            <TRANSFORMFIELD DATATYPE ="string" DEFAULTVALUE ="" DESCRIPTION ="" NAME ="EXTERNAL_COLOR_SHORT_DESC" PICTURETEXT ="" PORTTYPE ="INPUT/OUTPUT" PRECISION ="30" SCALE ="0"/>
            <TRANSFORMFIELD DATATYPE ="string" DEFAULTVALUE ="" DESCRIPTION ="" NAME ="EXTERNAL_COLOR_LONG_DESC" PICTURETEXT ="" PORTTYPE ="INPUT/OUTPUT" PRECISION ="50" SCALE ="0"/>
            <TRANSFORMFIELD DATATYPE ="string" DEFAULTVALUE ="" DESCRIPTION ="" NAME ="STYLE_CD" PICTURETEXT ="" PORTTYPE ="INPUT/OUTPUT" PRECISION ="6" SCALE ="0"/>
            <TRANSFORMFIELD DATATYPE ="string" DEFAULTVALUE ="" DESCRIPTION ="" NAME ="COLOR_CD" PICTURETEXT ="" PORTTYPE ="INPUT/OUTPUT" PRECISION ="4" SCALE ="0"/>
            <TRANSFORMFIELD DATATYPE ="string" DEFAULTVALUE ="" DESCRIPTION ="" NAME ="ATTRIBUTE_CD" PICTURETEXT ="" PORTTYPE ="INPUT/OUTPUT" PRECISION ="6" SCALE ="0"/>
            <TRANSFORMFIELD DATATYPE ="string" DEFAULTVALUE ="" DESCRIPTION ="" NAME ="SIZE_CD" PICTURETEXT ="" PORTTYPE ="INPUT/OUTPUT" PRECISION ="3" SCALE ="0"/>
            <TRANSFORMFIELD DATATYPE ="decimal" DEFAULTVALUE ="" DESCRIPTION ="" NAME ="REVISION_NO" PICTURETEXT ="" PORTTYPE ="INPUT/OUTPUT" PRECISION ="3" SCALE ="0"/>
            <TRANSFORMFIELD DATATYPE ="string" DEFAULTVALUE ="" DESCRIPTION ="" NAME ="EXTERNAL_TEMPLATE_ID" PICTURETEXT ="" PORTTYPE ="INPUT/OUTPUT" PRECISION ="20" SCALE ="0"/>
            <TRANSFORMFIELD DATATYPE ="string" DEFAULTVALUE ="" DESCRIPTION ="" NAME ="EXTERNAL_PROCESS_KEY1" PICTURETEXT ="" PORTTYPE ="INPUT/OUTPUT" PRECISION ="20" SCALE ="0"/>
            <TRANSFORMFIELD DATATYPE ="string" DEFAULTVALUE ="" DESCRIPTION ="" NAME ="EXTERNAL_PROCESS_KEY2" PICTURETEXT ="" PORTTYPE ="INPUT/OUTPUT" PRECISION ="20" SCALE ="0"/>
            <TRANSFORMFIELD DATATYPE ="string" DEFAULTVALUE ="" DESCRIPTION ="" NAME ="EXTERNAL_PROCESS_KEY3" PICTURETEXT ="" PORTTYPE ="INPUT/OUTPUT" PRECISION ="20" SCALE ="0"/>
            <TRANSFORMFIELD DATATYPE ="string" DEFAULTVALUE ="" DESCRIPTION ="" NAME ="EXTERNAL_PROCESS_KEY4" PICTURETEXT ="" PORTTYPE ="INPUT/OUTPUT" PRECISION ="20" SCALE ="0"/>
            <TRANSFORMFIELD DATATYPE ="string" DEFAULTVALUE ="" DESCRIPTION ="" NAME ="USER_ID" PICTURETEXT ="" PORTTYPE ="INPUT/OUTPUT" PRECISION ="10" SCALE ="0"/>
            <TRANSFORMFIELD DATATYPE ="date/time" DEFAULTVALUE ="" DESCRIPTION ="" NAME ="CREATE_DATE" PICTURETEXT ="" PORTTYPE ="INPUT/OUTPUT" PRECISION ="29" SCALE ="9"/>
            <TRANSFORMFIELD DATATYPE ="date/time" DEFAULTVALUE ="" DESCRIPTION ="" NAME ="UPDATE_DATE" PICTURETEXT ="" PORTTYPE ="INPUT/OUTPUT" PRECISION ="29" SCALE ="9"/>
            <TRANSFORMFIELD DATATYPE ="string" DEFAULTVALUE ="" DESCRIPTION ="" NAME ="LEGACY_DIVISION" PICTURETEXT ="" PORTTYPE ="INPUT/OUTPUT" PRECISION ="10" SCALE ="0"/>
            <TRANSFORMFIELD DATATYPE ="string" DEFAULTVALUE ="" DESCRIPTION ="" NAME ="PUTUP_CD" PICTURETEXT ="" PORTTYPE ="INPUT/OUTPUT" PRECISION ="3" SCALE ="0"/>
            <TRANSFORMFIELD DATATYPE ="string" DEFAULTVALUE ="" DESCRIPTION ="" NAME ="EXTERNAL_PUTUP_CD" PICTURETEXT ="" PORTTYPE ="INPUT/OUTPUT" PRECISION ="30" SCALE ="0"/>
            <TRANSFORMFIELD DATATYPE ="string" DEFAULTVALUE ="" DESCRIPTION ="" NAME ="EXTERNAL_XSIZE_CD" PICTURETEXT ="" PORTTYPE ="INPUT/OUTPUT" PRECISION ="30" SCALE ="0"/>
            <TRANSFORMFIELD DATATYPE ="string" DEFAULTVALUE ="" DESCRIPTION ="" NAME ="EXTERNAL_PACK_CD" PICTURETEXT ="" PORTTYPE ="INPUT/OUTPUT" PRECISION ="30" SCALE ="0"/>
            <TRANSFORMFIELD DATATYPE ="string" DEFAULTVALUE ="" DESCRIPTION ="" NAME ="EXTERNAL_ALTERNATE_SKU" PICTURETEXT ="" PORTTYPE ="INPUT/OUTPUT" PRECISION ="30" SCALE ="0"/>
            <TRANSFORMFIELD DATATYPE ="string" DEFAULTVALUE ="" DESCRIPTION ="" NAME ="EXTERNAL_FACILITY" PICTURETEXT ="" PORTTYPE ="INPUT/OUTPUT" PRECISION ="30" SCALE ="0"/>
            <TRANSFORMFIELD DATATYPE ="string" DEFAULTVALUE ="" DESCRIPTION ="" NAME ="EXTERNAL_REP_STYLE" PICTURETEXT ="" PORTTYPE ="INPUT/OUTPUT" PRECISION ="30" SCALE ="0"/>
            <TRANSFORMFIELD DATATYPE ="string" DEFAULTVALUE ="" DESCRIPTION ="" NAME ="EXTERNAL_FORECAST_FLAG" PICTURETEXT ="" PORTTYPE ="INPUT/OUTPUT" PRECISION ="30" SCALE ="0"/>
            <TRANSFORMFIELD DATATYPE ="string" DEFAULTVALUE ="" DESCRIPTION ="" NAME ="EXTERNAL_LOCATOR_FLAG" PICTURETEXT ="" PORTTYPE ="INPUT/OUTPUT" PRECISION ="30" SCALE ="0"/>
            <TRANSFORMFIELD DATATYPE ="string" DEFAULTVALUE ="" DESCRIPTION ="" NAME ="EXTERNAL_SHORT_SIZE_DESC" PICTURETEXT ="" PORTTYPE ="INPUT/OUTPUT" PRECISION ="30" SCALE ="0"/>
            <TRANSFORMFIELD DATATYPE ="string" DEFAULTVALUE ="" DESCRIPTION ="" NAME ="SOURCE_TRIGGER" PICTURETEXT ="" PORTTYPE ="INPUT/OUTPUT" PRECISION ="3" SCALE ="0"/>
            <TABLEATTRIBUTE NAME ="Sql Query" VALUE =""/>
            <TABLEATTRIBUTE NAME ="User Defined Join" VALUE =""/>
            <TABLEATTRIBUTE NAME ="Source Filter" VALUE =""/>
            <TABLEATTRIBUTE NAME ="Number Of Sorted Ports" VALUE ="0"/>
            <TABLEATTRIBUTE NAME ="Tracing Level" VALUE ="Normal"/>
            <TABLEATTRIBUTE NAME ="Select Distinct" VALUE ="NO"/>
            <TABLEATTRIBUTE NAME ="Is Partitionable" VALUE ="NO"/>
            <TABLEATTRIBUTE NAME ="Pre SQL" VALUE =""/>
            <TABLEATTRIBUTE NAME ="Post SQL" VALUE =""/>
            <TABLEATTRIBUTE NAME ="Output is deterministic" VALUE ="NO"/>
            <TABLEATTRIBUTE NAME ="Output is repeatable" VALUE ="Never"/>
        </TRANSFORMATION>
        <TRANSFORMATION DESCRIPTION ="This transformation i used to add column logic if any." NAME ="EXP_DEFAULT" OBJECTVERSION ="1" REUSABLE ="NO" TYPE ="Expression" VERSIONNUMBER ="1">
            <TRANSFORMFIELD DATATYPE ="string" DEFAULTVALUE ="" DESCRIPTION ="" EXPRESSION ="CORP_DIVISION_CODE" EXPRESSIONTYPE ="GENERAL" NAME ="CORP_DIVISION_CODE" PICTURETEXT ="" PORTTYPE ="INPUT/OUTPUT" PRECISION ="2" SCALE ="0"/>
            <TRANSFORMFIELD DATATYPE ="string" DEFAULTVALUE ="" DESCRIPTION ="" EXPRESSION ="EXTERNAL_SKU" EXPRESSIONTYPE ="GENERAL" NAME ="EXTERNAL_SKU" PICTURETEXT ="" PORTTYPE ="INPUT/OUTPUT" PRECISION ="50" SCALE ="0"/>
            <TRANSFORMFIELD DATATYPE ="string" DEFAULTVALUE ="" DESCRIPTION ="" EXPRESSION ="EXTERNAL_STYLE" EXPRESSIONTYPE ="GENERAL" NAME ="EXTERNAL_STYLE" PICTURETEXT ="" PORTTYPE ="INPUT/OUTPUT" PRECISION ="30" SCALE ="0"/>
            <TRANSFORMFIELD DATATYPE ="string" DEFAULTVALUE ="" DESCRIPTION ="" EXPRESSION ="EXTERNAL_COLOR" EXPRESSIONTYPE ="GENERAL" NAME ="EXTERNAL_COLOR" PICTURETEXT ="" PORTTYPE ="INPUT/OUTPUT" PRECISION ="30" SCALE ="0"/>
            <TRANSFORMFIELD DATATYPE ="string" DEFAULTVALUE ="" DESCRIPTION ="" EXPRESSION ="EXTERNAL_ATTRIBUTE" EXPRESSIONTYPE ="GENERAL" NAME ="EXTERNAL_ATTRIBUTE" PICTURETEXT ="" PORTTYPE ="INPUT/OUTPUT" PRECISION ="30" SCALE ="0"/>
            <TRANSFORMFIELD DATATYPE ="string" DEFAULTVALUE ="" DESCRIPTION ="" EXPRESSION ="EXTERNAL_SIZE" EXPRESSIONTYPE ="GENERAL" NAME ="EXTERNAL_SIZE" PICTURETEXT ="" PORTTYPE ="INPUT/OUTPUT" PRECISION ="30" SCALE ="0"/>
            <TRANSFORMFIELD DATATYPE ="string" DEFAULTVALUE ="" DESCRIPTION ="" EXPRESSION ="EXTERNAL_BRAND" EXPRESSIONTYPE ="GENERAL" NAME ="EXTERNAL_BRAND" PICTURETEXT ="" PORTTYPE ="INPUT/OUTPUT" PRECISION ="30" SCALE ="0"/>
            <TRANSFORMFIELD DATATYPE ="string" DEFAULTVALUE ="" DESCRIPTION ="" EXPRESSION ="EXTERNAL_VERSION" EXPRESSIONTYPE ="GENERAL" NAME ="EXTERNAL_VERSION" PICTURETEXT ="" PORTTYPE ="INPUT/OUTPUT" PRECISION ="30" SCALE ="0"/>
            <TRANSFORMFIELD DATATYPE ="string" DEFAULTVALUE ="" DESCRIPTION ="" EXPRESSION ="EXTERNAL_COLOR_SHORT_DESC" EXPRESSIONTYPE ="GENERAL" NAME ="EXTERNAL_COLOR_SHORT_DESC" PICTURETEXT ="" PORTTYPE ="INPUT/OUTPUT" PRECISION ="30" SCALE ="0"/>
            <TRANSFORMFIELD DATATYPE ="string" DEFAULTVALUE ="" DESCRIPTION ="" EXPRESSION ="EXTERNAL_COLOR_LONG_DESC" EXPRESSIONTYPE ="GENERAL" NAME ="EXTERNAL_COLOR_LONG_DESC" PICTURETEXT ="" PORTTYPE ="INPUT/OUTPUT" PRECISION ="50" SCALE ="0"/>
            <TRANSFORMFIELD DATATYPE ="string" DEFAULTVALUE ="" DESCRIPTION ="" EXPRESSION ="STYLE_CD" EXPRESSIONTYPE ="GENERAL" NAME ="STYLE_CD" PICTURETEXT ="" PORTTYPE ="INPUT/OUTPUT" PRECISION ="6" SCALE ="0"/>
            <TRANSFORMFIELD DATATYPE ="string" DEFAULTVALUE ="" DESCRIPTION ="" EXPRESSION ="COLOR_CD" EXPRESSIONTYPE ="GENERAL" NAME ="COLOR_CD" PICTURETEXT ="" PORTTYPE ="INPUT/OUTPUT" PRECISION ="4" SCALE ="0"/>
            <TRANSFORMFIELD DATATYPE ="string" DEFAULTVALUE ="" DESCRIPTION ="" EXPRESSION ="ATTRIBUTE_CD" EXPRESSIONTYPE ="GENERAL" NAME ="ATTRIBUTE_CD" PICTURETEXT ="" PORTTYPE ="INPUT/OUTPUT" PRECISION ="6" SCALE ="0"/>
            <TRANSFORMFIELD DATATYPE ="string" DEFAULTVALUE ="" DESCRIPTION ="" EXPRESSION ="SIZE_CD" EXPRESSIONTYPE ="GENERAL" NAME ="SIZE_CD" PICTURETEXT ="" PORTTYPE ="INPUT/OUTPUT" PRECISION ="3" SCALE ="0"/>
            <TRANSFORMFIELD DATATYPE ="decimal" DEFAULTVALUE ="" DESCRIPTION ="" EXPRESSION ="REVISION_NO" EXPRESSIONTYPE ="GENERAL" NAME ="REVISION_NO" PICTURETEXT ="" PORTTYPE ="INPUT/OUTPUT" PRECISION ="3" SCALE ="0"/>
            <TRANSFORMFIELD DATATYPE ="string" DEFAULTVALUE ="" DESCRIPTION ="" EXPRESSION ="EXTERNAL_TEMPLATE_ID" EXPRESSIONTYPE ="GENERAL" NAME ="EXTERNAL_TEMPLATE_ID" PICTURETEXT ="" PORTTYPE ="INPUT/OUTPUT" PRECISION ="20" SCALE ="0"/>
            <TRANSFORMFIELD DATATYPE ="string" DEFAULTVALUE ="" DESCRIPTION ="" EXPRESSION ="EXTERNAL_PROCESS_KEY1" EXPRESSIONTYPE ="GENERAL" NAME ="EXTERNAL_PROCESS_KEY1" PICTURETEXT ="" PORTTYPE ="INPUT/OUTPUT" PRECISION ="20" SCALE ="0"/>
            <TRANSFORMFIELD DATATYPE ="string" DEFAULTVALUE ="" DESCRIPTION ="" EXPRESSION ="EXTERNAL_PROCESS_KEY2" EXPRESSIONTYPE ="GENERAL" NAME ="EXTERNAL_PROCESS_KEY2" PICTURETEXT ="" PORTTYPE ="INPUT/OUTPUT" PRECISION ="20" SCALE ="0"/>
            <TRANSFORMFIELD DATATYPE ="string" DEFAULTVALUE ="" DESCRIPTION ="" EXPRESSION ="EXTERNAL_PROCESS_KEY3" EXPRESSIONTYPE ="GENERAL" NAME ="EXTERNAL_PROCESS_KEY3" PICTURETEXT ="" PORTTYPE ="INPUT/OUTPUT" PRECISION ="20" SCALE ="0"/>
            <TRANSFORMFIELD DATATYPE ="string" DEFAULTVALUE ="" DESCRIPTION ="" EXPRESSION ="EXTERNAL_PROCESS_KEY4" EXPRESSIONTYPE ="GENERAL" NAME ="EXTERNAL_PROCESS_KEY4" PICTURETEXT ="" PORTTYPE ="INPUT/OUTPUT" PRECISION ="20" SCALE ="0"/>
            <TRANSFORMFIELD DATATYPE ="string" DEFAULTVALUE ="" DESCRIPTION ="" EXPRESSION ="USER_ID" EXPRESSIONTYPE ="GENERAL" NAME ="USER_ID" PICTURETEXT ="" PORTTYPE ="INPUT/OUTPUT" PRECISION ="10" SCALE ="0"/>
            <TRANSFORMFIELD DATATYPE ="date/time" DEFAULTVALUE ="" DESCRIPTION ="" EXPRESSION ="CREATE_DATE" EXPRESSIONTYPE ="GENERAL" NAME ="CREATE_DATE" PICTURETEXT ="" PORTTYPE ="INPUT/OUTPUT" PRECISION ="29" SCALE ="9"/>
            <TRANSFORMFIELD DATATYPE ="date/time" DEFAULTVALUE ="" DESCRIPTION ="" EXPRESSION ="UPDATE_DATE" EXPRESSIONTYPE ="GENERAL" NAME ="UPDATE_DATE" PICTURETEXT ="" PORTTYPE ="INPUT/OUTPUT" PRECISION ="29" SCALE ="9"/>
            <TRANSFORMFIELD DATATYPE ="string" DEFAULTVALUE ="" DESCRIPTION ="" EXPRESSION ="LEGACY_DIVISION" EXPRESSIONTYPE ="GENERAL" NAME ="LEGACY_DIVISION" PICTURETEXT ="" PORTTYPE ="INPUT/OUTPUT" PRECISION ="10" SCALE ="0"/>
            <TRANSFORMFIELD DATATYPE ="string" DEFAULTVALUE ="" DESCRIPTION ="" EXPRESSION ="PUTUP_CD" EXPRESSIONTYPE ="GENERAL" NAME ="PUTUP_CD" PICTURETEXT ="" PORTTYPE ="INPUT/OUTPUT" PRECISION ="3" SCALE ="0"/>
            <TRANSFORMFIELD DATATYPE ="string" DEFAULTVALUE ="" DESCRIPTION ="" EXPRESSION ="EXTERNAL_PUTUP_CD" EXPRESSIONTYPE ="GENERAL" NAME ="EXTERNAL_PUTUP_CD" PICTURETEXT ="" PORTTYPE ="INPUT/OUTPUT" PRECISION ="30" SCALE ="0"/>
            <TRANSFORMFIELD DATATYPE ="string" DEFAULTVALUE ="" DESCRIPTION ="" EXPRESSION ="EXTERNAL_XSIZE_CD" EXPRESSIONTYPE ="GENERAL" NAME ="EXTERNAL_XSIZE_CD" PICTURETEXT ="" PORTTYPE ="INPUT/OUTPUT" PRECISION ="30" SCALE ="0"/>
            <TRANSFORMFIELD DATATYPE ="string" DEFAULTVALUE ="" DESCRIPTION ="" EXPRESSION ="EXTERNAL_PACK_CD" EXPRESSIONTYPE ="GENERAL" NAME ="EXTERNAL_PACK_CD" PICTURETEXT ="" PORTTYPE ="INPUT/OUTPUT" PRECISION ="30" SCALE ="0"/>
            <TRANSFORMFIELD DATATYPE ="string" DEFAULTVALUE ="" DESCRIPTION ="" EXPRESSION ="EXTERNAL_ALTERNATE_SKU" EXPRESSIONTYPE ="GENERAL" NAME ="EXTERNAL_ALTERNATE_SKU" PICTURETEXT ="" PORTTYPE ="INPUT/OUTPUT" PRECISION ="30" SCALE ="0"/>
            <TRANSFORMFIELD DATATYPE ="string" DEFAULTVALUE ="" DESCRIPTION ="" EXPRESSION ="EXTERNAL_FACILITY" EXPRESSIONTYPE ="GENERAL" NAME ="EXTERNAL_FACILITY" PICTURETEXT ="" PORTTYPE ="INPUT/OUTPUT" PRECISION ="30" SCALE ="0"/>
            <TRANSFORMFIELD DATATYPE ="string" DEFAULTVALUE ="" DESCRIPTION ="" EXPRESSION ="EXTERNAL_REP_STYLE" EXPRESSIONTYPE ="GENERAL" NAME ="EXTERNAL_REP_STYLE" PICTURETEXT ="" PORTTYPE ="INPUT/OUTPUT" PRECISION ="30" SCALE ="0"/>
            <TRANSFORMFIELD DATATYPE ="string" DEFAULTVALUE ="" DESCRIPTION ="" EXPRESSION ="EXTERNAL_FORECAST_FLAG" EXPRESSIONTYPE ="GENERAL" NAME ="EXTERNAL_FORECAST_FLAG" PICTURETEXT ="" PORTTYPE ="INPUT/OUTPUT" PRECISION ="30" SCALE ="0"/>
            <TRANSFORMFIELD DATATYPE ="string" DEFAULTVALUE ="" DESCRIPTION ="" EXPRESSION ="EXTERNAL_LOCATOR_FLAG" EXPRESSIONTYPE ="GENERAL" NAME ="EXTERNAL_LOCATOR_FLAG" PICTURETEXT ="" PORTTYPE ="INPUT/OUTPUT" PRECISION ="30" SCALE ="0"/>
            <TRANSFORMFIELD DATATYPE ="string" DEFAULTVALUE ="" DESCRIPTION ="" EXPRESSION ="EXTERNAL_SHORT_SIZE_DESC" EXPRESSIONTYPE ="GENERAL" NAME ="EXTERNAL_SHORT_SIZE_DESC" PICTURETEXT ="" PORTTYPE ="INPUT/OUTPUT" PRECISION ="30" SCALE ="0"/>
            <TRANSFORMFIELD DATATYPE ="string" DEFAULTVALUE ="" DESCRIPTION ="" EXPRESSION ="SOURCE_TRIGGER" EXPRESSIONTYPE ="GENERAL" NAME ="SOURCE_TRIGGER" PICTURETEXT ="" PORTTYPE ="INPUT/OUTPUT" PRECISION ="3" SCALE ="0"/>
            <TABLEATTRIBUTE NAME ="Tracing Level" VALUE ="Normal"/>
        </TRANSFORMATION>
        <INSTANCE DESCRIPTION ="Target Definition" NAME ="EXTERNAL_SKU_XREF" TRANSFORMATION_NAME ="EXTERNAL_SKU_XREF" TRANSFORMATION_TYPE ="Target Definition" TYPE ="TARGET"/>
        <INSTANCE DBDNAME ="TPROD1" DESCRIPTION ="Source table DA.EXTERNAL_SKU_XREF" NAME ="EXTERNAL_SKU_XREF1" TRANSFORMATION_NAME ="EXTERNAL_SKU_XREF" TRANSFORMATION_TYPE ="Source Definition" TYPE ="SOURCE"/>
        <INSTANCE DESCRIPTION ="SQ tranformation to pull data from the table DA.EXTERNAL_SKU_XREF" NAME ="SQ_EXTERNAL_SKU_XREF" REUSABLE ="NO" TRANSFORMATION_NAME ="SQ_EXTERNAL_SKU_XREF" TRANSFORMATION_TYPE ="Source Qualifier" TYPE ="TRANSFORMATION">
            <ASSOCIATED_SOURCE_INSTANCE NAME ="EXTERNAL_SKU_XREF1"/>
        </INSTANCE>
        <INSTANCE DESCRIPTION ="This transformation i used to add column logic if any." NAME ="EXP_DEFAULT" REUSABLE ="NO" TRANSFORMATION_NAME ="EXP_DEFAULT" TRANSFORMATION_TYPE ="Expression" TYPE ="TRANSFORMATION"/>
        <CONNECTOR FROMFIELD ="CORP_DIVISION_CODE" FROMINSTANCE ="EXP_DEFAULT" FROMINSTANCETYPE ="Expression" TOFIELD ="CORP_DIVISION_CODE" TOINSTANCE ="EXTERNAL_SKU_XREF" TOINSTANCETYPE ="Target Definition"/>
        <CONNECTOR FROMFIELD ="EXTERNAL_SKU" FROMINSTANCE ="EXP_DEFAULT" FROMINSTANCETYPE ="Expression" TOFIELD ="EXTERNAL_SKU" TOINSTANCE ="EXTERNAL_SKU_XREF" TOINSTANCETYPE ="Target Definition"/>
        <CONNECTOR FROMFIELD ="EXTERNAL_STYLE" FROMINSTANCE ="EXP_DEFAULT" FROMINSTANCETYPE ="Expression" TOFIELD ="EXTERNAL_STYLE" TOINSTANCE ="EXTERNAL_SKU_XREF" TOINSTANCETYPE ="Target Definition"/>
        <CONNECTOR FROMFIELD ="EXTERNAL_COLOR" FROMINSTANCE ="EXP_DEFAULT" FROMINSTANCETYPE ="Expression" TOFIELD ="EXTERNAL_COLOR" TOINSTANCE ="EXTERNAL_SKU_XREF" TOINSTANCETYPE ="Target Definition"/>
        <CONNECTOR FROMFIELD ="EXTERNAL_ATTRIBUTE" FROMINSTANCE ="EXP_DEFAULT" FROMINSTANCETYPE ="Expression" TOFIELD ="EXTERNAL_ATTRIBUTE" TOINSTANCE ="EXTERNAL_SKU_XREF" TOINSTANCETYPE ="Target Definition"/>
        <CONNECTOR FROMFIELD ="EXTERNAL_SIZE" FROMINSTANCE ="EXP_DEFAULT" FROMINSTANCETYPE ="Expression" TOFIELD ="EXTERNAL_SIZE" TOINSTANCE ="EXTERNAL_SKU_XREF" TOINSTANCETYPE ="Target Definition"/>
        <CONNECTOR FROMFIELD ="EXTERNAL_BRAND" FROMINSTANCE ="EXP_DEFAULT" FROMINSTANCETYPE ="Expression" TOFIELD ="EXTERNAL_BRAND" TOINSTANCE ="EXTERNAL_SKU_XREF" TOINSTANCETYPE ="Target Definition"/>
        <CONNECTOR FROMFIELD ="EXTERNAL_VERSION" FROMINSTANCE ="EXP_DEFAULT" FROMINSTANCETYPE ="Expression" TOFIELD ="EXTERNAL_VERSION" TOINSTANCE ="EXTERNAL_SKU_XREF" TOINSTANCETYPE ="Target Definition"/>
        <CONNECTOR FROMFIELD ="EXTERNAL_COLOR_SHORT_DESC" FROMINSTANCE ="EXP_DEFAULT" FROMINSTANCETYPE ="Expression" TOFIELD ="EXTERNAL_COLOR_SHORT_DESC" TOINSTANCE ="EXTERNAL_SKU_XREF" TOINSTANCETYPE ="Target Definition"/>
        <CONNECTOR FROMFIELD ="EXTERNAL_COLOR_LONG_DESC" FROMINSTANCE ="EXP_DEFAULT" FROMINSTANCETYPE ="Expression" TOFIELD ="EXTERNAL_COLOR_LONG_DESC" TOINSTANCE ="EXTERNAL_SKU_XREF" TOINSTANCETYPE ="Target Definition"/>
        <CONNECTOR FROMFIELD ="STYLE_CD" FROMINSTANCE ="EXP_DEFAULT" FROMINSTANCETYPE ="Expression" TOFIELD ="STYLE_CD" TOINSTANCE ="EXTERNAL_SKU_XREF" TOINSTANCETYPE ="Target Definition"/>
        <CONNECTOR FROMFIELD ="COLOR_CD" FROMINSTANCE ="EXP_DEFAULT" FROMINSTANCETYPE ="Expression" TOFIELD ="COLOR_CD" TOINSTANCE ="EXTERNAL_SKU_XREF" TOINSTANCETYPE ="Target Definition"/>
        <CONNECTOR FROMFIELD ="ATTRIBUTE_CD" FROMINSTANCE ="EXP_DEFAULT" FROMINSTANCETYPE ="Expression" TOFIELD ="ATTRIBUTE_CD" TOINSTANCE ="EXTERNAL_SKU_XREF" TOINSTANCETYPE ="Target Definition"/>
        <CONNECTOR FROMFIELD ="SIZE_CD" FROMINSTANCE ="EXP_DEFAULT" FROMINSTANCETYPE ="Expression" TOFIELD ="SIZE_CD" TOINSTANCE ="EXTERNAL_SKU_XREF" TOINSTANCETYPE ="Target Definition"/>
        <CONNECTOR FROMFIELD ="REVISION_NO" FROMINSTANCE ="EXP_DEFAULT" FROMINSTANCETYPE ="Expression" TOFIELD ="REVISION_NO" TOINSTANCE ="EXTERNAL_SKU_XREF" TOINSTANCETYPE ="Target Definition"/>
        <CONNECTOR FROMFIELD ="EXTERNAL_TEMPLATE_ID" FROMINSTANCE ="EXP_DEFAULT" FROMINSTANCETYPE ="Expression" TOFIELD ="EXTERNAL_TEMPLATE_ID" TOINSTANCE ="EXTERNAL_SKU_XREF" TOINSTANCETYPE ="Target Definition"/>
        <CONNECTOR FROMFIELD ="EXTERNAL_PROCESS_KEY1" FROMINSTANCE ="EXP_DEFAULT" FROMINSTANCETYPE ="Expression" TOFIELD ="EXTERNAL_PROCESS_KEY1" TOINSTANCE ="EXTERNAL_SKU_XREF" TOINSTANCETYPE ="Target Definition"/>
        <CONNECTOR FROMFIELD ="EXTERNAL_PROCESS_KEY2" FROMINSTANCE ="EXP_DEFAULT" FROMINSTANCETYPE ="Expression" TOFIELD ="EXTERNAL_PROCESS_KEY2" TOINSTANCE ="EXTERNAL_SKU_XREF" TOINSTANCETYPE ="Target Definition"/>
        <CONNECTOR FROMFIELD ="EXTERNAL_PROCESS_KEY3" FROMINSTANCE ="EXP_DEFAULT" FROMINSTANCETYPE ="Expression" TOFIELD ="EXTERNAL_PROCESS_KEY3" TOINSTANCE ="EXTERNAL_SKU_XREF" TOINSTANCETYPE ="Target Definition"/>
        <CONNECTOR FROMFIELD ="EXTERNAL_PROCESS_KEY4" FROMINSTANCE ="EXP_DEFAULT" FROMINSTANCETYPE ="Expression" TOFIELD ="EXTERNAL_PROCESS_KEY4" TOINSTANCE ="EXTERNAL_SKU_XREF" TOINSTANCETYPE ="Target Definition"/>
        <CONNECTOR FROMFIELD ="USER_ID" FROMINSTANCE ="EXP_DEFAULT" FROMINSTANCETYPE ="Expression" TOFIELD ="USER_ID" TOINSTANCE ="EXTERNAL_SKU_XREF" TOINSTANCETYPE ="Target Definition"/>
        <CONNECTOR FROMFIELD ="CREATE_DATE" FROMINSTANCE ="EXP_DEFAULT" FROMINSTANCETYPE ="Expression" TOFIELD ="CREATE_DATE" TOINSTANCE ="EXTERNAL_SKU_XREF" TOINSTANCETYPE ="Target Definition"/>
        <CONNECTOR FROMFIELD ="UPDATE_DATE" FROMINSTANCE ="EXP_DEFAULT" FROMINSTANCETYPE ="Expression" TOFIELD ="UPDATE_DATE" TOINSTANCE ="EXTERNAL_SKU_XREF" TOINSTANCETYPE ="Target Definition"/>
        <CONNECTOR FROMFIELD ="LEGACY_DIVISION" FROMINSTANCE ="EXP_DEFAULT" FROMINSTANCETYPE ="Expression" TOFIELD ="LEGACY_DIVISION" TOINSTANCE ="EXTERNAL_SKU_XREF" TOINSTANCETYPE ="Target Definition"/>
        <CONNECTOR FROMFIELD ="PUTUP_CD" FROMINSTANCE ="EXP_DEFAULT" FROMINSTANCETYPE ="Expression" TOFIELD ="PUTUP_CD" TOINSTANCE ="EXTERNAL_SKU_XREF" TOINSTANCETYPE ="Target Definition"/>
        <CONNECTOR FROMFIELD ="EXTERNAL_PUTUP_CD" FROMINSTANCE ="EXP_DEFAULT" FROMINSTANCETYPE ="Expression" TOFIELD ="EXTERNAL_PUTUP_CD" TOINSTANCE ="EXTERNAL_SKU_XREF" TOINSTANCETYPE ="Target Definition"/>
        <CONNECTOR FROMFIELD ="EXTERNAL_XSIZE_CD" FROMINSTANCE ="EXP_DEFAULT" FROMINSTANCETYPE ="Expression" TOFIELD ="EXTERNAL_XSIZE_CD" TOINSTANCE ="EXTERNAL_SKU_XREF" TOINSTANCETYPE ="Target Definition"/>
        <CONNECTOR FROMFIELD ="EXTERNAL_PACK_CD" FROMINSTANCE ="EXP_DEFAULT" FROMINSTANCETYPE ="Expression" TOFIELD ="EXTERNAL_PACK_CD" TOINSTANCE ="EXTERNAL_SKU_XREF" TOINSTANCETYPE ="Target Definition"/>
        <CONNECTOR FROMFIELD ="EXTERNAL_ALTERNATE_SKU" FROMINSTANCE ="EXP_DEFAULT" FROMINSTANCETYPE ="Expression" TOFIELD ="EXTERNAL_ALTERNATE_SKU" TOINSTANCE ="EXTERNAL_SKU_XREF" TOINSTANCETYPE ="Target Definition"/>
        <CONNECTOR FROMFIELD ="EXTERNAL_FACILITY" FROMINSTANCE ="EXP_DEFAULT" FROMINSTANCETYPE ="Expression" TOFIELD ="EXTERNAL_FACILITY" TOINSTANCE ="EXTERNAL_SKU_XREF" TOINSTANCETYPE ="Target Definition"/>
        <CONNECTOR FROMFIELD ="EXTERNAL_REP_STYLE" FROMINSTANCE ="EXP_DEFAULT" FROMINSTANCETYPE ="Expression" TOFIELD ="EXTERNAL_REP_STYLE" TOINSTANCE ="EXTERNAL_SKU_XREF" TOINSTANCETYPE ="Target Definition"/>
        <CONNECTOR FROMFIELD ="EXTERNAL_FORECAST_FLAG" FROMINSTANCE ="EXP_DEFAULT" FROMINSTANCETYPE ="Expression" TOFIELD ="EXTERNAL_FORECAST_FLAG" TOINSTANCE ="EXTERNAL_SKU_XREF" TOINSTANCETYPE ="Target Definition"/>
        <CONNECTOR FROMFIELD ="EXTERNAL_LOCATOR_FLAG" FROMINSTANCE ="EXP_DEFAULT" FROMINSTANCETYPE ="Expression" TOFIELD ="EXTERNAL_LOCATOR_FLAG" TOINSTANCE ="EXTERNAL_SKU_XREF" TOINSTANCETYPE ="Target Definition"/>
        <CONNECTOR FROMFIELD ="EXTERNAL_SHORT_SIZE_DESC" FROMINSTANCE ="EXP_DEFAULT" FROMINSTANCETYPE ="Expression" TOFIELD ="EXTERNAL_SHORT_SIZE_DESC" TOINSTANCE ="EXTERNAL_SKU_XREF" TOINSTANCETYPE ="Target Definition"/>
        <CONNECTOR FROMFIELD ="SOURCE_TRIGGER" FROMINSTANCE ="EXP_DEFAULT" FROMINSTANCETYPE ="Expression" TOFIELD ="SOURCE_TRIGGER" TOINSTANCE ="EXTERNAL_SKU_XREF" TOINSTANCETYPE ="Target Definition"/>
        <CONNECTOR FROMFIELD ="STYLE_CD" FROMINSTANCE ="EXTERNAL_SKU_XREF1" FROMINSTANCETYPE ="Source Definition" TOFIELD ="STYLE_CD" TOINSTANCE ="SQ_EXTERNAL_SKU_XREF" TOINSTANCETYPE ="Source Qualifier"/>
        <CONNECTOR FROMFIELD ="COLOR_CD" FROMINSTANCE ="EXTERNAL_SKU_XREF1" FROMINSTANCETYPE ="Source Definition" TOFIELD ="COLOR_CD" TOINSTANCE ="SQ_EXTERNAL_SKU_XREF" TOINSTANCETYPE ="Source Qualifier"/>
        <CONNECTOR FROMFIELD ="ATTRIBUTE_CD" FROMINSTANCE ="EXTERNAL_SKU_XREF1" FROMINSTANCETYPE ="Source Definition" TOFIELD ="ATTRIBUTE_CD" TOINSTANCE ="SQ_EXTERNAL_SKU_XREF" TOINSTANCETYPE ="Source Qualifier"/>
        <CONNECTOR FROMFIELD ="SIZE_CD" FROMINSTANCE ="EXTERNAL_SKU_XREF1" FROMINSTANCETYPE ="Source Definition" TOFIELD ="SIZE_CD" TOINSTANCE ="SQ_EXTERNAL_SKU_XREF" TOINSTANCETYPE ="Source Qualifier"/>
        <CONNECTOR FROMFIELD ="REVISION_NO" FROMINSTANCE ="EXTERNAL_SKU_XREF1" FROMINSTANCETYPE ="Source Definition" TOFIELD ="REVISION_NO" TOINSTANCE ="SQ_EXTERNAL_SKU_XREF" TOINSTANCETYPE ="Source Qualifier"/>
        <CONNECTOR FROMFIELD ="EXTERNAL_TEMPLATE_ID" FROMINSTANCE ="EXTERNAL_SKU_XREF1" FROMINSTANCETYPE ="Source Definition" TOFIELD ="EXTERNAL_TEMPLATE_ID" TOINSTANCE ="SQ_EXTERNAL_SKU_XREF" TOINSTANCETYPE ="Source Qualifier"/>
        <CONNECTOR FROMFIELD ="EXTERNAL_PROCESS_KEY1" FROMINSTANCE ="EXTERNAL_SKU_XREF1" FROMINSTANCETYPE ="Source Definition" TOFIELD ="EXTERNAL_PROCESS_KEY1" TOINSTANCE ="SQ_EXTERNAL_SKU_XREF" TOINSTANCETYPE ="Source Qualifier"/>
        <CONNECTOR FROMFIELD ="EXTERNAL_PROCESS_KEY2" FROMINSTANCE ="EXTERNAL_SKU_XREF1" FROMINSTANCETYPE ="Source Definition" TOFIELD ="EXTERNAL_PROCESS_KEY2" TOINSTANCE ="SQ_EXTERNAL_SKU_XREF" TOINSTANCETYPE ="Source Qualifier"/>
        <CONNECTOR FROMFIELD ="EXTERNAL_PROCESS_KEY3" FROMINSTANCE ="EXTERNAL_SKU_XREF1" FROMINSTANCETYPE ="Source Definition" TOFIELD ="EXTERNAL_PROCESS_KEY3" TOINSTANCE ="SQ_EXTERNAL_SKU_XREF" TOINSTANCETYPE ="Source Qualifier"/>
        <CONNECTOR FROMFIELD ="CORP_DIVISION_CODE" FROMINSTANCE ="EXTERNAL_SKU_XREF1" FROMINSTANCETYPE ="Source Definition" TOFIELD ="CORP_DIVISION_CODE" TOINSTANCE ="SQ_EXTERNAL_SKU_XREF" TOINSTANCETYPE ="Source Qualifier"/>
        <CONNECTOR FROMFIELD ="EXTERNAL_SKU" FROMINSTANCE ="EXTERNAL_SKU_XREF1" FROMINSTANCETYPE ="Source Definition" TOFIELD ="EXTERNAL_SKU" TOINSTANCE ="SQ_EXTERNAL_SKU_XREF" TOINSTANCETYPE ="Source Qualifier"/>
        <CONNECTOR FROMFIELD ="EXTERNAL_STYLE" FROMINSTANCE ="EXTERNAL_SKU_XREF1" FROMINSTANCETYPE ="Source Definition" TOFIELD ="EXTERNAL_STYLE" TOINSTANCE ="SQ_EXTERNAL_SKU_XREF" TOINSTANCETYPE ="Source Qualifier"/>
        <CONNECTOR FROMFIELD ="EXTERNAL_COLOR" FROMINSTANCE ="EXTERNAL_SKU_XREF1" FROMINSTANCETYPE ="Source Definition" TOFIELD ="EXTERNAL_COLOR" TOINSTANCE ="SQ_EXTERNAL_SKU_XREF" TOINSTANCETYPE ="Source Qualifier"/>
        <CONNECTOR FROMFIELD ="EXTERNAL_ATTRIBUTE" FROMINSTANCE ="EXTERNAL_SKU_XREF1" FROMINSTANCETYPE ="Source Definition" TOFIELD ="EXTERNAL_ATTRIBUTE" TOINSTANCE ="SQ_EXTERNAL_SKU_XREF" TOINSTANCETYPE ="Source Qualifier"/>
        <CONNECTOR FROMFIELD ="EXTERNAL_SIZE" FROMINSTANCE ="EXTERNAL_SKU_XREF1" FROMINSTANCETYPE ="Source Definition" TOFIELD ="EXTERNAL_SIZE" TOINSTANCE ="SQ_EXTERNAL_SKU_XREF" TOINSTANCETYPE ="Source Qualifier"/>
        <CONNECTOR FROMFIELD ="EXTERNAL_BRAND" FROMINSTANCE ="EXTERNAL_SKU_XREF1" FROMINSTANCETYPE ="Source Definition" TOFIELD ="EXTERNAL_BRAND" TOINSTANCE ="SQ_EXTERNAL_SKU_XREF" TOINSTANCETYPE ="Source Qualifier"/>
        <CONNECTOR FROMFIELD ="EXTERNAL_VERSION" FROMINSTANCE ="EXTERNAL_SKU_XREF1" FROMINSTANCETYPE ="Source Definition" TOFIELD ="EXTERNAL_VERSION" TOINSTANCE ="SQ_EXTERNAL_SKU_XREF" TOINSTANCETYPE ="Source Qualifier"/>
        <CONNECTOR FROMFIELD ="EXTERNAL_COLOR_SHORT_DESC" FROMINSTANCE ="EXTERNAL_SKU_XREF1" FROMINSTANCETYPE ="Source Definition" TOFIELD ="EXTERNAL_COLOR_SHORT_DESC" TOINSTANCE ="SQ_EXTERNAL_SKU_XREF" TOINSTANCETYPE ="Source Qualifier"/>
        <CONNECTOR FROMFIELD ="EXTERNAL_COLOR_LONG_DESC" FROMINSTANCE ="EXTERNAL_SKU_XREF1" FROMINSTANCETYPE ="Source Definition" TOFIELD ="EXTERNAL_COLOR_LONG_DESC" TOINSTANCE ="SQ_EXTERNAL_SKU_XREF" TOINSTANCETYPE ="Source Qualifier"/>
        <CONNECTOR FROMFIELD ="EXTERNAL_PROCESS_KEY4" FROMINSTANCE ="EXTERNAL_SKU_XREF1" FROMINSTANCETYPE ="Source Definition" TOFIELD ="EXTERNAL_PROCESS_KEY4" TOINSTANCE ="SQ_EXTERNAL_SKU_XREF" TOINSTANCETYPE ="Source Qualifier"/>
        <CONNECTOR FROMFIELD ="USER_ID" FROMINSTANCE ="EXTERNAL_SKU_XREF1" FROMINSTANCETYPE ="Source Definition" TOFIELD ="USER_ID" TOINSTANCE ="SQ_EXTERNAL_SKU_XREF" TOINSTANCETYPE ="Source Qualifier"/>
        <CONNECTOR FROMFIELD ="CREATE_DATE" FROMINSTANCE ="EXTERNAL_SKU_XREF1" FROMINSTANCETYPE ="Source Definition" TOFIELD ="CREATE_DATE" TOINSTANCE ="SQ_EXTERNAL_SKU_XREF" TOINSTANCETYPE ="Source Qualifier"/>
        <CONNECTOR FROMFIELD ="UPDATE_DATE" FROMINSTANCE ="EXTERNAL_SKU_XREF1" FROMINSTANCETYPE ="Source Definition" TOFIELD ="UPDATE_DATE" TOINSTANCE ="SQ_EXTERNAL_SKU_XREF" TOINSTANCETYPE ="Source Qualifier"/>
        <CONNECTOR FROMFIELD ="LEGACY_DIVISION" FROMINSTANCE ="EXTERNAL_SKU_XREF1" FROMINSTANCETYPE ="Source Definition" TOFIELD ="LEGACY_DIVISION" TOINSTANCE ="SQ_EXTERNAL_SKU_XREF" TOINSTANCETYPE ="Source Qualifier"/>
        <CONNECTOR FROMFIELD ="PUTUP_CD" FROMINSTANCE ="EXTERNAL_SKU_XREF1" FROMINSTANCETYPE ="Source Definition" TOFIELD ="PUTUP_CD" TOINSTANCE ="SQ_EXTERNAL_SKU_XREF" TOINSTANCETYPE ="Source Qualifier"/>
        <CONNECTOR FROMFIELD ="EXTERNAL_PUTUP_CD" FROMINSTANCE ="EXTERNAL_SKU_XREF1" FROMINSTANCETYPE ="Source Definition" TOFIELD ="EXTERNAL_PUTUP_CD" TOINSTANCE ="SQ_EXTERNAL_SKU_XREF" TOINSTANCETYPE ="Source Qualifier"/>
        <CONNECTOR FROMFIELD ="EXTERNAL_XSIZE_CD" FROMINSTANCE ="EXTERNAL_SKU_XREF1" FROMINSTANCETYPE ="Source Definition" TOFIELD ="EXTERNAL_XSIZE_CD" TOINSTANCE ="SQ_EXTERNAL_SKU_XREF" TOINSTANCETYPE ="Source Qualifier"/>
        <CONNECTOR FROMFIELD ="EXTERNAL_PACK_CD" FROMINSTANCE ="EXTERNAL_SKU_XREF1" FROMINSTANCETYPE ="Source Definition" TOFIELD ="EXTERNAL_PACK_CD" TOINSTANCE ="SQ_EXTERNAL_SKU_XREF" TOINSTANCETYPE ="Source Qualifier"/>
        <CONNECTOR FROMFIELD ="EXTERNAL_ALTERNATE_SKU" FROMINSTANCE ="EXTERNAL_SKU_XREF1" FROMINSTANCETYPE ="Source Definition" TOFIELD ="EXTERNAL_ALTERNATE_SKU" TOINSTANCE ="SQ_EXTERNAL_SKU_XREF" TOINSTANCETYPE ="Source Qualifier"/>
        <CONNECTOR FROMFIELD ="EXTERNAL_FACILITY" FROMINSTANCE ="EXTERNAL_SKU_XREF1" FROMINSTANCETYPE ="Source Definition" TOFIELD ="EXTERNAL_FACILITY" TOINSTANCE ="SQ_EXTERNAL_SKU_XREF" TOINSTANCETYPE ="Source Qualifier"/>
        <CONNECTOR FROMFIELD ="EXTERNAL_REP_STYLE" FROMINSTANCE ="EXTERNAL_SKU_XREF1" FROMINSTANCETYPE ="Source Definition" TOFIELD ="EXTERNAL_REP_STYLE" TOINSTANCE ="SQ_EXTERNAL_SKU_XREF" TOINSTANCETYPE ="Source Qualifier"/>
        <CONNECTOR FROMFIELD ="EXTERNAL_FORECAST_FLAG" FROMINSTANCE ="EXTERNAL_SKU_XREF1" FROMINSTANCETYPE ="Source Definition" TOFIELD ="EXTERNAL_FORECAST_FLAG" TOINSTANCE ="SQ_EXTERNAL_SKU_XREF" TOINSTANCETYPE ="Source Qualifier"/>
        <CONNECTOR FROMFIELD ="EXTERNAL_LOCATOR_FLAG" FROMINSTANCE ="EXTERNAL_SKU_XREF1" FROMINSTANCETYPE ="Source Definition" TOFIELD ="EXTERNAL_LOCATOR_FLAG" TOINSTANCE ="SQ_EXTERNAL_SKU_XREF" TOINSTANCETYPE ="Source Qualifier"/>
        <CONNECTOR FROMFIELD ="EXTERNAL_SHORT_SIZE_DESC" FROMINSTANCE ="EXTERNAL_SKU_XREF1" FROMINSTANCETYPE ="Source Definition" TOFIELD ="EXTERNAL_SHORT_SIZE_DESC" TOINSTANCE ="SQ_EXTERNAL_SKU_XREF" TOINSTANCETYPE ="Source Qualifier"/>
        <CONNECTOR FROMFIELD ="SOURCE_TRIGGER" FROMINSTANCE ="EXTERNAL_SKU_XREF1" FROMINSTANCETYPE ="Source Definition" TOFIELD ="SOURCE_TRIGGER" TOINSTANCE ="SQ_EXTERNAL_SKU_XREF" TOINSTANCETYPE ="Source Qualifier"/>
        <CONNECTOR FROMFIELD ="EXTERNAL_PUTUP_CD" FROMINSTANCE ="SQ_EXTERNAL_SKU_XREF" FROMINSTANCETYPE ="Source Qualifier" TOFIELD ="EXTERNAL_PUTUP_CD" TOINSTANCE ="EXP_DEFAULT" TOINSTANCETYPE ="Expression"/>
        <CONNECTOR FROMFIELD ="EXTERNAL_XSIZE_CD" FROMINSTANCE ="SQ_EXTERNAL_SKU_XREF" FROMINSTANCETYPE ="Source Qualifier" TOFIELD ="EXTERNAL_XSIZE_CD" TOINSTANCE ="EXP_DEFAULT" TOINSTANCETYPE ="Expression"/>
        <CONNECTOR FROMFIELD ="EXTERNAL_PACK_CD" FROMINSTANCE ="SQ_EXTERNAL_SKU_XREF" FROMINSTANCETYPE ="Source Qualifier" TOFIELD ="EXTERNAL_PACK_CD" TOINSTANCE ="EXP_DEFAULT" TOINSTANCETYPE ="Expression"/>
        <CONNECTOR FROMFIELD ="EXTERNAL_ALTERNATE_SKU" FROMINSTANCE ="SQ_EXTERNAL_SKU_XREF" FROMINSTANCETYPE ="Source Qualifier" TOFIELD ="EXTERNAL_ALTERNATE_SKU" TOINSTANCE ="EXP_DEFAULT" TOINSTANCETYPE ="Expression"/>
        <CONNECTOR FROMFIELD ="EXTERNAL_FACILITY" FROMINSTANCE ="SQ_EXTERNAL_SKU_XREF" FROMINSTANCETYPE ="Source Qualifier" TOFIELD ="EXTERNAL_FACILITY" TOINSTANCE ="EXP_DEFAULT" TOINSTANCETYPE ="Expression"/>
        <CONNECTOR FROMFIELD ="EXTERNAL_REP_STYLE" FROMINSTANCE ="SQ_EXTERNAL_SKU_XREF" FROMINSTANCETYPE ="Source Qualifier" TOFIELD ="EXTERNAL_REP_STYLE" TOINSTANCE ="EXP_DEFAULT" TOINSTANCETYPE ="Expression"/>
        <CONNECTOR FROMFIELD ="EXTERNAL_FORECAST_FLAG" FROMINSTANCE ="SQ_EXTERNAL_SKU_XREF" FROMINSTANCETYPE ="Source Qualifier" TOFIELD ="EXTERNAL_FORECAST_FLAG" TOINSTANCE ="EXP_DEFAULT" TOINSTANCETYPE ="Expression"/>
        <CONNECTOR FROMFIELD ="EXTERNAL_LOCATOR_FLAG" FROMINSTANCE ="SQ_EXTERNAL_SKU_XREF" FROMINSTANCETYPE ="Source Qualifier" TOFIELD ="EXTERNAL_LOCATOR_FLAG" TOINSTANCE ="EXP_DEFAULT" TOINSTANCETYPE ="Expression"/>
        <CONNECTOR FROMFIELD ="EXTERNAL_SHORT_SIZE_DESC" FROMINSTANCE ="SQ_EXTERNAL_SKU_XREF" FROMINSTANCETYPE ="Source Qualifier" TOFIELD ="EXTERNAL_SHORT_SIZE_DESC" TOINSTANCE ="EXP_DEFAULT" TOINSTANCETYPE ="Expression"/>
        <CONNECTOR FROMFIELD ="SOURCE_TRIGGER" FROMINSTANCE ="SQ_EXTERNAL_SKU_XREF" FROMINSTANCETYPE ="Source Qualifier" TOFIELD ="SOURCE_TRIGGER" TOINSTANCE ="EXP_DEFAULT" TOINSTANCETYPE ="Expression"/>
        <CONNECTOR FROMFIELD ="CORP_DIVISION_CODE" FROMINSTANCE ="SQ_EXTERNAL_SKU_XREF" FROMINSTANCETYPE ="Source Qualifier" TOFIELD ="CORP_DIVISION_CODE" TOINSTANCE ="EXP_DEFAULT" TOINSTANCETYPE ="Expression"/>
        <CONNECTOR FROMFIELD ="EXTERNAL_SKU" FROMINSTANCE ="SQ_EXTERNAL_SKU_XREF" FROMINSTANCETYPE ="Source Qualifier" TOFIELD ="EXTERNAL_SKU" TOINSTANCE ="EXP_DEFAULT" TOINSTANCETYPE ="Expression"/>
        <CONNECTOR FROMFIELD ="EXTERNAL_STYLE" FROMINSTANCE ="SQ_EXTERNAL_SKU_XREF" FROMINSTANCETYPE ="Source Qualifier" TOFIELD ="EXTERNAL_STYLE" TOINSTANCE ="EXP_DEFAULT" TOINSTANCETYPE ="Expression"/>
        <CONNECTOR FROMFIELD ="EXTERNAL_COLOR" FROMINSTANCE ="SQ_EXTERNAL_SKU_XREF" FROMINSTANCETYPE ="Source Qualifier" TOFIELD ="EXTERNAL_COLOR" TOINSTANCE ="EXP_DEFAULT" TOINSTANCETYPE ="Expression"/>
        <CONNECTOR FROMFIELD ="EXTERNAL_ATTRIBUTE" FROMINSTANCE ="SQ_EXTERNAL_SKU_XREF" FROMINSTANCETYPE ="Source Qualifier" TOFIELD ="EXTERNAL_ATTRIBUTE" TOINSTANCE ="EXP_DEFAULT" TOINSTANCETYPE ="Expression"/>
        <CONNECTOR FROMFIELD ="EXTERNAL_SIZE" FROMINSTANCE ="SQ_EXTERNAL_SKU_XREF" FROMINSTANCETYPE ="Source Qualifier" TOFIELD ="EXTERNAL_SIZE" TOINSTANCE ="EXP_DEFAULT" TOINSTANCETYPE ="Expression"/>
        <CONNECTOR FROMFIELD ="EXTERNAL_BRAND" FROMINSTANCE ="SQ_EXTERNAL_SKU_XREF" FROMINSTANCETYPE ="Source Qualifier" TOFIELD ="EXTERNAL_BRAND" TOINSTANCE ="EXP_DEFAULT" TOINSTANCETYPE ="Expression"/>
        <CONNECTOR FROMFIELD ="EXTERNAL_VERSION" FROMINSTANCE ="SQ_EXTERNAL_SKU_XREF" FROMINSTANCETYPE ="Source Qualifier" TOFIELD ="EXTERNAL_VERSION" TOINSTANCE ="EXP_DEFAULT" TOINSTANCETYPE ="Expression"/>
        <CONNECTOR FROMFIELD ="EXTERNAL_COLOR_SHORT_DESC" FROMINSTANCE ="SQ_EXTERNAL_SKU_XREF" FROMINSTANCETYPE ="Source Qualifier" TOFIELD ="EXTERNAL_COLOR_SHORT_DESC" TOINSTANCE ="EXP_DEFAULT" TOINSTANCETYPE ="Expression"/>
        <CONNECTOR FROMFIELD ="EXTERNAL_COLOR_LONG_DESC" FROMINSTANCE ="SQ_EXTERNAL_SKU_XREF" FROMINSTANCETYPE ="Source Qualifier" TOFIELD ="EXTERNAL_COLOR_LONG_DESC" TOINSTANCE ="EXP_DEFAULT" TOINSTANCETYPE ="Expression"/>
        <CONNECTOR FROMFIELD ="STYLE_CD" FROMINSTANCE ="SQ_EXTERNAL_SKU_XREF" FROMINSTANCETYPE ="Source Qualifier" TOFIELD ="STYLE_CD" TOINSTANCE ="EXP_DEFAULT" TOINSTANCETYPE ="Expression"/>
        <CONNECTOR FROMFIELD ="COLOR_CD" FROMINSTANCE ="SQ_EXTERNAL_SKU_XREF" FROMINSTANCETYPE ="Source Qualifier" TOFIELD ="COLOR_CD" TOINSTANCE ="EXP_DEFAULT" TOINSTANCETYPE ="Expression"/>
        <CONNECTOR FROMFIELD ="ATTRIBUTE_CD" FROMINSTANCE ="SQ_EXTERNAL_SKU_XREF" FROMINSTANCETYPE ="Source Qualifier" TOFIELD ="ATTRIBUTE_CD" TOINSTANCE ="EXP_DEFAULT" TOINSTANCETYPE ="Expression"/>
        <CONNECTOR FROMFIELD ="SIZE_CD" FROMINSTANCE ="SQ_EXTERNAL_SKU_XREF" FROMINSTANCETYPE ="Source Qualifier" TOFIELD ="SIZE_CD" TOINSTANCE ="EXP_DEFAULT" TOINSTANCETYPE ="Expression"/>
        <CONNECTOR FROMFIELD ="REVISION_NO" FROMINSTANCE ="SQ_EXTERNAL_SKU_XREF" FROMINSTANCETYPE ="Source Qualifier" TOFIELD ="REVISION_NO" TOINSTANCE ="EXP_DEFAULT" TOINSTANCETYPE ="Expression"/>
        <CONNECTOR FROMFIELD ="EXTERNAL_TEMPLATE_ID" FROMINSTANCE ="SQ_EXTERNAL_SKU_XREF" FROMINSTANCETYPE ="Source Qualifier" TOFIELD ="EXTERNAL_TEMPLATE_ID" TOINSTANCE ="EXP_DEFAULT" TOINSTANCETYPE ="Expression"/>
        <CONNECTOR FROMFIELD ="EXTERNAL_PROCESS_KEY1" FROMINSTANCE ="SQ_EXTERNAL_SKU_XREF" FROMINSTANCETYPE ="Source Qualifier" TOFIELD ="EXTERNAL_PROCESS_KEY1" TOINSTANCE ="EXP_DEFAULT" TOINSTANCETYPE ="Expression"/>
        <CONNECTOR FROMFIELD ="EXTERNAL_PROCESS_KEY2" FROMINSTANCE ="SQ_EXTERNAL_SKU_XREF" FROMINSTANCETYPE ="Source Qualifier" TOFIELD ="EXTERNAL_PROCESS_KEY2" TOINSTANCE ="EXP_DEFAULT" TOINSTANCETYPE ="Expression"/>
        <CONNECTOR FROMFIELD ="EXTERNAL_PROCESS_KEY3" FROMINSTANCE ="SQ_EXTERNAL_SKU_XREF" FROMINSTANCETYPE ="Source Qualifier" TOFIELD ="EXTERNAL_PROCESS_KEY3" TOINSTANCE ="EXP_DEFAULT" TOINSTANCETYPE ="Expression"/>
        <CONNECTOR FROMFIELD ="EXTERNAL_PROCESS_KEY4" FROMINSTANCE ="SQ_EXTERNAL_SKU_XREF" FROMINSTANCETYPE ="Source Qualifier" TOFIELD ="EXTERNAL_PROCESS_KEY4" TOINSTANCE ="EXP_DEFAULT" TOINSTANCETYPE ="Expression"/>
        <CONNECTOR FROMFIELD ="USER_ID" FROMINSTANCE ="SQ_EXTERNAL_SKU_XREF" FROMINSTANCETYPE ="Source Qualifier" TOFIELD ="USER_ID" TOINSTANCE ="EXP_DEFAULT" TOINSTANCETYPE ="Expression"/>
        <CONNECTOR FROMFIELD ="CREATE_DATE" FROMINSTANCE ="SQ_EXTERNAL_SKU_XREF" FROMINSTANCETYPE ="Source Qualifier" TOFIELD ="CREATE_DATE" TOINSTANCE ="EXP_DEFAULT" TOINSTANCETYPE ="Expression"/>
        <CONNECTOR FROMFIELD ="UPDATE_DATE" FROMINSTANCE ="SQ_EXTERNAL_SKU_XREF" FROMINSTANCETYPE ="Source Qualifier" TOFIELD ="UPDATE_DATE" TOINSTANCE ="EXP_DEFAULT" TOINSTANCETYPE ="Expression"/>
        <CONNECTOR FROMFIELD ="LEGACY_DIVISION" FROMINSTANCE ="SQ_EXTERNAL_SKU_XREF" FROMINSTANCETYPE ="Source Qualifier" TOFIELD ="LEGACY_DIVISION" TOINSTANCE ="EXP_DEFAULT" TOINSTANCETYPE ="Expression"/>
        <CONNECTOR FROMFIELD ="PUTUP_CD" FROMINSTANCE ="SQ_EXTERNAL_SKU_XREF" FROMINSTANCETYPE ="Source Qualifier" TOFIELD ="PUTUP_CD" TOINSTANCE ="EXP_DEFAULT" TOINSTANCETYPE ="Expression"/>
        <TARGETLOADORDER ORDER ="1" TARGETINSTANCE ="EXTERNAL_SKU_XREF"/>
        <ERPINFO/>
        <METADATAEXTENSION DATATYPE ="STRING" DESCRIPTION ="Conversion Mapping Name with version " DOMAINNAME ="User Defined Metadata Domain" ISCLIENTEDITABLE ="YES" ISCLIENTVISIBLE ="YES" ISREUSABLE ="NO" ISSHAREREAD ="NO" ISSHAREWRITE ="NO" MAXLENGTH ="256" NAME ="CONV_MAP_NAME" VALUE ="Conersion Map - LOAD_EXTERNAL_SKU_XREF v2.0" VENDORNAME ="INFORMATICA"/>
    </MAPPING>
    <CONFIG DESCRIPTION ="Default session configuration object" ISDEFAULT ="YES" NAME ="default_session_config" VERSIONNUMBER ="1">
        <ATTRIBUTE NAME ="Advanced" VALUE =""/>
        <ATTRIBUTE NAME ="Constraint based load ordering" VALUE ="NO"/>
        <ATTRIBUTE NAME ="Cache LOOKUP() function" VALUE ="YES"/>
        <ATTRIBUTE NAME ="Default buffer block size" VALUE ="Auto"/>
        <ATTRIBUTE NAME ="Line Sequential buffer length" VALUE ="1024"/>
        <ATTRIBUTE NAME ="Maximum Memory Allowed For Auto Memory Attributes" VALUE ="512MB"/>
        <ATTRIBUTE NAME ="Maximum Percentage of Total Memory Allowed For Auto Memory Attributes" VALUE ="5"/>
        <ATTRIBUTE NAME ="Additional Concurrent Pipelines for Lookup Cache Creation" VALUE ="Auto"/>
        <ATTRIBUTE NAME ="Custom Properties" VALUE =""/>
        <ATTRIBUTE NAME ="Pre-build lookup cache" VALUE ="Auto"/>
        <ATTRIBUTE NAME ="Optimization Level" VALUE ="Medium"/>
        <ATTRIBUTE NAME ="DateTime Format String" VALUE ="MM/DD/YYYY HH24:MI:SS.US"/>
        <ATTRIBUTE NAME ="Pre 85 Timestamp Compatibility" VALUE ="NO"/>
        <ATTRIBUTE NAME ="Log Options" VALUE ="0"/>
        <ATTRIBUTE NAME ="Save session log by" VALUE ="Session runs"/>
        <ATTRIBUTE NAME ="Save session log for these runs" VALUE ="9"/>
        <ATTRIBUTE NAME ="Session Log File Max Size" VALUE ="0"/>
        <ATTRIBUTE NAME ="Session Log File Max Time Period" VALUE ="0"/>
        <ATTRIBUTE NAME ="Maximum Partial Session Log Files" VALUE ="1"/>
        <ATTRIBUTE NAME ="Writer Commit Statistics Log Frequency" VALUE ="1"/>
        <ATTRIBUTE NAME ="Writer Commit Statistics Log Interval" VALUE ="0"/>
        <ATTRIBUTE NAME ="Error handling" VALUE =""/>
        <ATTRIBUTE NAME ="Stop on errors" VALUE ="1"/>
        <ATTRIBUTE NAME ="Override tracing" VALUE ="None"/>
        <ATTRIBUTE NAME ="On Stored Procedure error" VALUE ="Stop"/>
        <ATTRIBUTE NAME ="On Pre-session command task error" VALUE ="Stop"/>
        <ATTRIBUTE NAME ="On Pre-Post SQL error" VALUE ="Stop"/>
        <ATTRIBUTE NAME ="Enable Recovery" VALUE ="NO"/>
        <ATTRIBUTE NAME ="Error Log Type" VALUE ="None"/>
        <ATTRIBUTE NAME ="Error Log Table Name Prefix" VALUE =""/>
        <ATTRIBUTE NAME ="Error Log File Name" VALUE ="PMError.log"/>
        <ATTRIBUTE NAME ="Log Source Row Data" VALUE ="NO"/>
        <ATTRIBUTE NAME ="Data Column Delimiter" VALUE ="|"/>
        <ATTRIBUTE NAME ="Partitioning Options" VALUE =""/>
        <ATTRIBUTE NAME ="Dynamic Partitioning" VALUE ="Disabled"/>
        <ATTRIBUTE NAME ="Number of Partitions" VALUE ="1"/>
        <ATTRIBUTE NAME ="Multiplication Factor" VALUE ="Auto"/>
        <ATTRIBUTE NAME ="Session on Grid" VALUE =""/>
        <ATTRIBUTE NAME ="Is Enabled" VALUE ="NO"/>
    </CONFIG>
    <SESSION DESCRIPTION ="Session which holds the mapping to load the table SLBA.EXTERNAL_SKU_XREF" ISVALID ="YES" MAPPINGNAME ="m_LOAD_EXT_SKU_XREF" NAME ="s_m_LOAD_EXT_SKU_XREF" REUSABLE ="YES" SORTORDER ="Binary" VERSIONNUMBER ="1">
        <SESSTRANSFORMATIONINST ISREPARTITIONPOINT ="YES" PARTITIONTYPE ="PASS THROUGH" PIPELINE ="1" SINSTANCENAME ="EXTERNAL_SKU_XREF" STAGE ="1" TRANSFORMATIONNAME ="EXTERNAL_SKU_XREF" TRANSFORMATIONTYPE ="Target Definition">
            <ATTRIBUTE NAME ="Table Name Prefix" VALUE ="SLBA"/>
        </SESSTRANSFORMATIONINST>
        <SESSTRANSFORMATIONINST ISREPARTITIONPOINT ="NO" PIPELINE ="0" SINSTANCENAME ="EXTERNAL_SKU_XREF1" STAGE ="0" TRANSFORMATIONNAME ="EXTERNAL_SKU_XREF1" TRANSFORMATIONTYPE ="Source Definition"/>
        <SESSTRANSFORMATIONINST ISREPARTITIONPOINT ="YES" PARTITIONTYPE ="PASS THROUGH" PIPELINE ="1" SINSTANCENAME ="SQ_EXTERNAL_SKU_XREF" STAGE ="2" TRANSFORMATIONNAME ="SQ_EXTERNAL_SKU_XREF" TRANSFORMATIONTYPE ="Source Qualifier"/>
        <SESSTRANSFORMATIONINST ISREPARTITIONPOINT ="NO" PIPELINE ="1" SINSTANCENAME ="EXP_DEFAULT" STAGE ="2" TRANSFORMATIONNAME ="EXP_DEFAULT" TRANSFORMATIONTYPE ="Expression">
            <PARTITION DESCRIPTION ="" NAME ="Partition #1"/>
        </SESSTRANSFORMATIONINST>
        <CONFIGREFERENCE REFOBJECTNAME ="default_session_config" TYPE ="Session config">
            <ATTRIBUTE NAME ="Save session log for these runs" VALUE ="9"/>
            <ATTRIBUTE NAME ="Stop on errors" VALUE ="1"/>
        </CONFIGREFERENCE>
        <SESSIONEXTENSION NAME ="Relational Writer" SINSTANCENAME ="EXTERNAL_SKU_XREF" SUBTYPE ="Relational Writer" TRANSFORMATIONTYPE ="Target Definition" TYPE ="WRITER">
            <CONNECTIONREFERENCE CNXREFNAME ="DB Connection" CONNECTIONNAME ="SLBADW" CONNECTIONNUMBER ="1" CONNECTIONSUBTYPE ="Oracle" CONNECTIONTYPE ="Relational" VARIABLE =""/>
            <ATTRIBUTE NAME ="Target load type" VALUE ="Normal"/>
            <ATTRIBUTE NAME ="Insert" VALUE ="YES"/>
            <ATTRIBUTE NAME ="Update as Update" VALUE ="NO"/>
            <ATTRIBUTE NAME ="Update as Insert" VALUE ="NO"/>
            <ATTRIBUTE NAME ="Update else Insert" VALUE ="NO"/>
            <ATTRIBUTE NAME ="Delete" VALUE ="NO"/>
            <ATTRIBUTE NAME ="Truncate target table option" VALUE ="YES"/>
            <ATTRIBUTE NAME ="Reject file directory" VALUE ="$PMBadFileDir&#x5c;ONE_ON_ONE_OTC&#x5c;BAD&#x5c;"/>
            <ATTRIBUTE NAME ="Reject filename" VALUE ="s_m_LOAD_EXT_SKU_XREF.bad"/>
        </SESSIONEXTENSION>
        <SESSIONEXTENSION DSQINSTNAME ="SQ_EXTERNAL_SKU_XREF" DSQINSTTYPE ="Source Qualifier" NAME ="Relational Reader" SINSTANCENAME ="EXTERNAL_SKU_XREF1" SUBTYPE ="Relational Reader" TRANSFORMATIONTYPE ="Source Definition" TYPE ="READER"/>
        <SESSIONEXTENSION NAME ="Relational Reader" SINSTANCENAME ="SQ_EXTERNAL_SKU_XREF" SUBTYPE ="Relational Reader" TRANSFORMATIONTYPE ="Source Qualifier" TYPE ="READER">
            <CONNECTIONREFERENCE CNXREFNAME ="DB Connection" CONNECTIONNAME ="PROD1" CONNECTIONNUMBER ="1" CONNECTIONSUBTYPE ="Oracle" CONNECTIONTYPE ="Relational" VARIABLE =""/>
        </SESSIONEXTENSION>
        <ATTRIBUTE NAME ="General Options" VALUE =""/>
        <ATTRIBUTE NAME ="Write Backward Compatible Session Log File" VALUE ="YES"/>
        <ATTRIBUTE NAME ="Session Log File Name" VALUE ="s_m_LOAD_EXT_SKU_XREF.log"/>
        <ATTRIBUTE NAME ="Session Log File directory" VALUE ="$PMSessionLogDir&#x5c;ONE_ON_ONE_OTC&#x5c;LOG&#x5c;"/>
        <ATTRIBUTE NAME ="Parameter Filename" VALUE =""/>
        <ATTRIBUTE NAME ="Enable Test Load" VALUE ="NO"/>
        <ATTRIBUTE NAME ="$Source connection value" VALUE =""/>
        <ATTRIBUTE NAME ="$Target connection value" VALUE ="Relational:SLBADW"/>
        <ATTRIBUTE NAME ="Treat source rows as" VALUE ="Insert"/>
        <ATTRIBUTE NAME ="Commit Type" VALUE ="Target"/>
        <ATTRIBUTE NAME ="Commit Interval" VALUE ="2000000"/>
        <ATTRIBUTE NAME ="Commit On End Of File" VALUE ="YES"/>
        <ATTRIBUTE NAME ="Rollback Transactions on Errors" VALUE ="NO"/>
        <ATTRIBUTE NAME ="Recovery Strategy" VALUE ="Restart task"/>
        <ATTRIBUTE NAME ="Java Classpath" VALUE =""/>
        <ATTRIBUTE NAME ="Performance" VALUE =""/>
        <ATTRIBUTE NAME ="DTM buffer size" VALUE ="Auto"/>
        <ATTRIBUTE NAME ="Collect performance data" VALUE ="NO"/>
        <ATTRIBUTE NAME ="Write performance data to repository" VALUE ="NO"/>
        <ATTRIBUTE NAME ="Incremental Aggregation" VALUE ="NO"/>
        <ATTRIBUTE NAME ="Enable high precision" VALUE ="NO"/>
        <ATTRIBUTE NAME ="Session retry on deadlock" VALUE ="NO"/>
        <ATTRIBUTE NAME ="Pushdown Optimization" VALUE ="None"/>
        <ATTRIBUTE NAME ="Allow Temporary View for Pushdown" VALUE ="NO"/>
        <ATTRIBUTE NAME ="Allow Temporary Sequence for Pushdown" VALUE ="NO"/>
        <ATTRIBUTE NAME ="Allow Pushdown for User Incompatible Connections" VALUE ="NO"/>
        <METADATAEXTENSION COMPONENTVERSION ="1000000" DATATYPE ="STRING" DESCRIPTION ="Conversion Mapping  Name with version " DOMAINNAME ="User Defined Metadata Domain" ISCLIENTEDITABLE ="YES" ISCLIENTVISIBLE ="YES" ISREUSABLE ="NO" ISSHAREREAD ="NO" ISSHAREWRITE ="NO" MAXLENGTH ="256" NAME ="CONV_MAP_NAME" VALUE ="Conversion Map - LOAD_EXTERNAL_SKU_XREF v2.0" VENDORNAME ="INFORMATICA"/>
    </SESSION>
    <WORKFLOW DESCRIPTION ="The workflow runs session and loads the data into target table SLBA.EXTERNAL_SKU_XREF." ISENABLED ="YES" ISRUNNABLESERVICE ="NO" ISSERVICE ="NO" ISVALID ="YES" NAME ="wf_s_m_LOAD_EXT_SKU_XREF" REUSABLE_SCHEDULER ="NO" SCHEDULERNAME ="Scheduler" SERVERNAME ="Domain10_PRD_Int_Svc" SERVER_DOMAINNAME ="Domain10_PRD" SUSPEND_ON_ERROR ="NO" TASKS_MUST_RUN_ON_SERVER ="NO" VERSIONNUMBER ="1">
        <SCHEDULER DESCRIPTION ="" NAME ="Scheduler" REUSABLE ="NO" VERSIONNUMBER ="1">
            <SCHEDULEINFO SCHEDULETYPE ="ONDEMAND"/>
        </SCHEDULER>
        <TASK DESCRIPTION ="" NAME ="Start" REUSABLE ="NO" TYPE ="Start" VERSIONNUMBER ="1"/>
        <TASKINSTANCE DESCRIPTION ="" ISENABLED ="YES" NAME ="Start" REUSABLE ="NO" TASKNAME ="Start" TASKTYPE ="Start"/>
        <TASKINSTANCE DESCRIPTION ="Session which holds the mapping to load the table SLBA.EXTERNAL_SKU_XREF" FAIL_PARENT_IF_INSTANCE_DID_NOT_RUN ="YES" FAIL_PARENT_IF_INSTANCE_FAILS ="YES" ISENABLED ="YES" NAME ="s_m_LOAD_EXT_SKU_XREF" REUSABLE ="YES" TASKNAME ="s_m_LOAD_EXT_SKU_XREF" TASKTYPE ="Session" TREAT_INPUTLINK_AS_AND ="NO"/>
        <WORKFLOWLINK CONDITION ="" FROMTASK ="Start" TOTASK ="s_m_LOAD_EXT_SKU_XREF"/>
        <WORKFLOWVARIABLE DATATYPE ="date/time" DEFAULTVALUE ="" DESCRIPTION ="The time this task started" ISNULL ="NO" ISPERSISTENT ="NO" NAME ="$Start.StartTime" USERDEFINED ="NO"/>
        <WORKFLOWVARIABLE DATATYPE ="date/time" DEFAULTVALUE ="" DESCRIPTION ="The time this task completed" ISNULL ="NO" ISPERSISTENT ="NO" NAME ="$Start.EndTime" USERDEFINED ="NO"/>
        <WORKFLOWVARIABLE DATATYPE ="integer" DEFAULTVALUE ="" DESCRIPTION ="Status of this task&apos;s execution" ISNULL ="NO" ISPERSISTENT ="NO" NAME ="$Start.Status" USERDEFINED ="NO"/>
        <WORKFLOWVARIABLE DATATYPE ="integer" DEFAULTVALUE ="" DESCRIPTION ="Status of the previous task that is not disabled" ISNULL ="NO" ISPERSISTENT ="NO" NAME ="$Start.PrevTaskStatus" USERDEFINED ="NO"/>
        <WORKFLOWVARIABLE DATATYPE ="integer" DEFAULTVALUE ="" DESCRIPTION ="Error code for this task&apos;s execution" ISNULL ="NO" ISPERSISTENT ="NO" NAME ="$Start.ErrorCode" USERDEFINED ="NO"/>
        <WORKFLOWVARIABLE DATATYPE ="string" DEFAULTVALUE ="" DESCRIPTION ="Error message for this task&apos;s execution" ISNULL ="NO" ISPERSISTENT ="NO" NAME ="$Start.ErrorMsg" USERDEFINED ="NO"/>
        <WORKFLOWVARIABLE DATATYPE ="date/time" DEFAULTVALUE ="" DESCRIPTION ="The time this task started" ISNULL ="NO" ISPERSISTENT ="NO" NAME ="$s_m_LOAD_EXT_SKU_XREF.StartTime" USERDEFINED ="NO"/>
        <WORKFLOWVARIABLE DATATYPE ="date/time" DEFAULTVALUE ="" DESCRIPTION ="The time this task completed" ISNULL ="NO" ISPERSISTENT ="NO" NAME ="$s_m_LOAD_EXT_SKU_XREF.EndTime" USERDEFINED ="NO"/>
        <WORKFLOWVARIABLE DATATYPE ="integer" DEFAULTVALUE ="" DESCRIPTION ="Status of this task&apos;s execution" ISNULL ="NO" ISPERSISTENT ="NO" NAME ="$s_m_LOAD_EXT_SKU_XREF.Status" USERDEFINED ="NO"/>
        <WORKFLOWVARIABLE DATATYPE ="integer" DEFAULTVALUE ="" DESCRIPTION ="Status of the previous task that is not disabled" ISNULL ="NO" ISPERSISTENT ="NO" NAME ="$s_m_LOAD_EXT_SKU_XREF.PrevTaskStatus" USERDEFINED ="NO"/>
        <WORKFLOWVARIABLE DATATYPE ="integer" DEFAULTVALUE ="" DESCRIPTION ="Error code for this task&apos;s execution" ISNULL ="NO" ISPERSISTENT ="NO" NAME ="$s_m_LOAD_EXT_SKU_XREF.ErrorCode" USERDEFINED ="NO"/>
        <WORKFLOWVARIABLE DATATYPE ="string" DEFAULTVALUE ="" DESCRIPTION ="Error message for this task&apos;s execution" ISNULL ="NO" ISPERSISTENT ="NO" NAME ="$s_m_LOAD_EXT_SKU_XREF.ErrorMsg" USERDEFINED ="NO"/>
        <WORKFLOWVARIABLE DATATYPE ="integer" DEFAULTVALUE ="" DESCRIPTION ="Rows successfully read" ISNULL ="NO" ISPERSISTENT ="NO" NAME ="$s_m_LOAD_EXT_SKU_XREF.SrcSuccessRows" USERDEFINED ="NO"/>
        <WORKFLOWVARIABLE DATATYPE ="integer" DEFAULTVALUE ="" DESCRIPTION ="Rows failed to read" ISNULL ="NO" ISPERSISTENT ="NO" NAME ="$s_m_LOAD_EXT_SKU_XREF.SrcFailedRows" USERDEFINED ="NO"/>
        <WORKFLOWVARIABLE DATATYPE ="integer" DEFAULTVALUE ="" DESCRIPTION ="Rows successfully loaded" ISNULL ="NO" ISPERSISTENT ="NO" NAME ="$s_m_LOAD_EXT_SKU_XREF.TgtSuccessRows" USERDEFINED ="NO"/>
        <WORKFLOWVARIABLE DATATYPE ="integer" DEFAULTVALUE ="" DESCRIPTION ="Rows failed to load" ISNULL ="NO" ISPERSISTENT ="NO" NAME ="$s_m_LOAD_EXT_SKU_XREF.TgtFailedRows" USERDEFINED ="NO"/>
        <WORKFLOWVARIABLE DATATYPE ="integer" DEFAULTVALUE ="" DESCRIPTION ="Total number of transformation errors" ISNULL ="NO" ISPERSISTENT ="NO" NAME ="$s_m_LOAD_EXT_SKU_XREF.TotalTransErrors" USERDEFINED ="NO"/>
        <WORKFLOWVARIABLE DATATYPE ="integer" DEFAULTVALUE ="" DESCRIPTION ="First error code" ISNULL ="NO" ISPERSISTENT ="NO" NAME ="$s_m_LOAD_EXT_SKU_XREF.FirstErrorCode" USERDEFINED ="NO"/>
        <WORKFLOWVARIABLE DATATYPE ="string" DEFAULTVALUE ="" DESCRIPTION ="First error message" ISNULL ="NO" ISPERSISTENT ="NO" NAME ="$s_m_LOAD_EXT_SKU_XREF.FirstErrorMsg" USERDEFINED ="NO"/>
        <ATTRIBUTE NAME ="Parameter Filename" VALUE =""/>
        <ATTRIBUTE NAME ="Write Backward Compatible Workflow Log File" VALUE ="YES"/>
        <ATTRIBUTE NAME ="Workflow Log File Name" VALUE ="wf_s_m_LOAD_EXT_SKU_XREF.log"/>
        <ATTRIBUTE NAME ="Workflow Log File Directory" VALUE ="$PMWorkflowLogDir&#x5c;ONE_ON_ONE_OTC&#x5c;LOG&#x5c;"/>
        <ATTRIBUTE NAME ="Save Workflow log by" VALUE ="By runs"/>
        <ATTRIBUTE NAME ="Save workflow log for these runs" VALUE ="9"/>
        <ATTRIBUTE NAME ="Service Name" VALUE =""/>
        <ATTRIBUTE NAME ="Service Timeout" VALUE ="0"/>
        <ATTRIBUTE NAME ="Is Service Visible" VALUE ="NO"/>
        <ATTRIBUTE NAME ="Is Service Protected" VALUE ="NO"/>
        <ATTRIBUTE NAME ="Fail task after wait time" VALUE ="0"/>
        <ATTRIBUTE NAME ="Enable HA recovery" VALUE ="NO"/>
        <ATTRIBUTE NAME ="Automatically recover terminated tasks" VALUE ="NO"/>
        <ATTRIBUTE NAME ="Service Level Name" VALUE ="Default"/>
        <ATTRIBUTE NAME ="Allow concurrent run with unique run instance name" VALUE ="NO"/>
        <ATTRIBUTE NAME ="Allow concurrent run with same run instance name" VALUE ="NO"/>
        <ATTRIBUTE NAME ="Maximum number of concurrent runs" VALUE ="0"/>
        <ATTRIBUTE NAME ="Assigned Web Services Hubs" VALUE =""/>
        <ATTRIBUTE NAME ="Maximum number of concurrent runs per Hub" VALUE ="1000"/>
        <ATTRIBUTE NAME ="Expected Service Time" VALUE ="1"/>
        <METADATAEXTENSION COMPONENTVERSION ="1000000" DATATYPE ="STRING" DESCRIPTION ="Conversion Mapping Name with version " DOMAINNAME ="User Defined Metadata Domain" ISCLIENTEDITABLE ="YES" ISCLIENTVISIBLE ="YES" ISREUSABLE ="NO" ISSHAREREAD ="NO" ISSHAREWRITE ="NO" MAXLENGTH ="256" NAME ="CONV_MAP_NAME" VALUE ="Conversion Map - LOAD_EXTERNAL_SKU_XREF v1.0" VENDORNAME ="INFORMATICA"/>
        <METADATAEXTENSION COMPONENTVERSION ="1000000" DATATYPE ="STRING" DESCRIPTION ="" DOMAINNAME ="User Defined Metadata Domain" ISCLIENTEDITABLE ="YES" ISCLIENTVISIBLE ="YES" ISREUSABLE ="NO" ISSHAREREAD ="NO" ISSHAREWRITE ="NO" MAXLENGTH ="256" NAME ="Extension" VALUE ="CM - MarginLoss - stgMarginLossExpenseToStgFactSalesNew v1.0" VENDORNAME ="INFORMATICA"/>
    </WORKFLOW>
</FOLDER>
</REPOSITORY>
</POWERMART>