<?xml version="1.0" encoding="Windows-1252"?>
<!DOCTYPE POWERMART SYSTEM "powrmart.dtd">
<POWERMART CREATION_DATE="05/20/2024 10:35:18" REPOSITORY_VERSION="187.96">
<REPOSITORY NAME="Domain10_Rep_Svc_Prd" VERSION="187" CODEPAGE="MS1252" DATABASETYPE="Microsoft SQL Server">
<FOLDER NAME="ONE_ON_ONE_OTC" GROUP="" OWNER="Administrator" SHARED="NOTSHARED" DESCRIPTION="" PERMISSIONS="rwx---r--" UUID="8627c2fd-2fe8-4f83-88bf-e34259bd5762">
    <SOURCE BUSINESSNAME ="" DATABASETYPE ="Flat File" DBDNAME ="FlatFile" DESCRIPTION ="Source Definition: Flat File DWC_Z_BOM_PPK_COMP.CSV" NAME ="FF_DWC_Z_BOM_PPK_COMP" OBJECTVERSION ="1" OWNERNAME ="" VERSIONNUMBER ="1">
        <FLATFILE CODEPAGE ="MS1252" CONSECDELIMITERSASONE ="NO" DELIMITED ="YES" DELIMITERS ="," ESCAPE_CHARACTER ="" KEEPESCAPECHAR ="NO" LINESEQUENTIAL ="NO" MULTIDELIMITERSASAND ="NO" NULLCHARTYPE ="ASCII" NULL_CHARACTER ="*" PADBYTES ="1" QUOTE_CHARACTER ="DOUBLE" REPEATABLE ="NO" ROWDELIMITER ="0" SHIFTSENSITIVEDATA ="NO" SKIPROWS ="1" STRIPTRAILINGBLANKS ="NO"/>
        <TABLEATTRIBUTE NAME ="Base Table Name" VALUE =""/>
        <TABLEATTRIBUTE NAME ="Search Specification" VALUE =""/>
        <TABLEATTRIBUTE NAME ="Sort Specification" VALUE =""/>
        <TABLEATTRIBUTE NAME ="Datetime Format" VALUE ="A  19 mm/dd/yyyy hh24:mi:ss"/>
        <TABLEATTRIBUTE NAME ="Thousand Separator" VALUE ="None"/>
        <TABLEATTRIBUTE NAME ="Decimal Separator" VALUE ="."/>
        <TABLEATTRIBUTE NAME ="Add Currently Processed Flat File Name Port" VALUE ="NO"/>
        <TABLEATTRIBUTE NAME ="Source TimeStamp" VALUE =""/>
        <SOURCEFIELD BUSINESSNAME ="" DATATYPE ="string" DESCRIPTION ="" FIELDNUMBER ="1" FIELDPROPERTY ="0" FIELDTYPE ="ELEMITEM" HIDDEN ="NO" KEYTYPE ="NOT A KEY" LENGTH ="256" LEVEL ="0" NAME ="GRID_VALUE" NULLABLE ="NULL" OCCURS ="0" OFFSET ="0" PHYSICALLENGTH ="256" PHYSICALOFFSET ="0" PICTURETEXT ="" PRECISION ="256" SCALE ="0" USAGE_FLAGS =""/>
        <SOURCEFIELD BUSINESSNAME ="" DATATYPE ="string" DESCRIPTION ="" FIELDNUMBER ="2" FIELDPROPERTY ="0" FIELDTYPE ="ELEMITEM" HIDDEN ="NO" KEYTYPE ="NOT A KEY" LENGTH ="256" LEVEL ="0" NAME ="ALTERNATIVE_BOM" NULLABLE ="NULL" OCCURS ="0" OFFSET ="256" PHYSICALLENGTH ="256" PHYSICALOFFSET ="256" PICTURETEXT ="" PRECISION ="256" SCALE ="0" USAGE_FLAGS =""/>
        <SOURCEFIELD BUSINESSNAME ="" DATATYPE ="string" DESCRIPTION ="" FIELDNUMBER ="3" FIELDPROPERTY ="0" FIELDTYPE ="ELEMITEM" HIDDEN ="NO" KEYTYPE ="NOT A KEY" LENGTH ="256" LEVEL ="0" NAME ="BOM_CATEGORY" NULLABLE ="NULL" OCCURS ="0" OFFSET ="512" PHYSICALLENGTH ="256" PHYSICALOFFSET ="512" PICTURETEXT ="" PRECISION ="256" SCALE ="0" USAGE_FLAGS =""/>
        <SOURCEFIELD BUSINESSNAME ="" DATATYPE ="string" DESCRIPTION ="" FIELDNUMBER ="4" FIELDPROPERTY ="0" FIELDTYPE ="ELEMITEM" HIDDEN ="NO" KEYTYPE ="NOT A KEY" LENGTH ="256" LEVEL ="0" NAME ="BOM_INTERNAL_COUNTER" NULLABLE ="NULL" OCCURS ="0" OFFSET ="768" PHYSICALLENGTH ="256" PHYSICALOFFSET ="768" PICTURETEXT ="" PRECISION ="256" SCALE ="0" USAGE_FLAGS =""/>
        <SOURCEFIELD BUSINESSNAME ="" DATATYPE ="string" DESCRIPTION ="" FIELDNUMBER ="5" FIELDPROPERTY ="0" FIELDTYPE ="ELEMITEM" HIDDEN ="NO" KEYTYPE ="NOT A KEY" LENGTH ="256" LEVEL ="0" NAME ="BOM_ITEM_NODE_NUMBER" NULLABLE ="NULL" OCCURS ="0" OFFSET ="1024" PHYSICALLENGTH ="256" PHYSICALOFFSET ="1024" PICTURETEXT ="" PRECISION ="256" SCALE ="0" USAGE_FLAGS =""/>
        <SOURCEFIELD BUSINESSNAME ="" DATATYPE ="string" DESCRIPTION ="" FIELDNUMBER ="6" FIELDPROPERTY ="0" FIELDTYPE ="ELEMITEM" HIDDEN ="NO" KEYTYPE ="NOT A KEY" LENGTH ="256" LEVEL ="0" NAME ="BOM_ITEM_CATEGORY" NULLABLE ="NULL" OCCURS ="0" OFFSET ="1280" PHYSICALLENGTH ="256" PHYSICALOFFSET ="1280" PICTURETEXT ="" PRECISION ="256" SCALE ="0" USAGE_FLAGS =""/>
        <SOURCEFIELD BUSINESSNAME ="" DATATYPE ="string" DESCRIPTION ="" FIELDNUMBER ="7" FIELDPROPERTY ="0" FIELDTYPE ="ELEMITEM" HIDDEN ="NO" KEYTYPE ="NOT A KEY" LENGTH ="256" LEVEL ="0" NAME ="BOM_ITEM_NUMBER" NULLABLE ="NULL" OCCURS ="0" OFFSET ="1536" PHYSICALLENGTH ="256" PHYSICALOFFSET ="1536" PICTURETEXT ="" PRECISION ="256" SCALE ="0" USAGE_FLAGS =""/>
        <SOURCEFIELD BUSINESSNAME ="" DATATYPE ="string" DESCRIPTION ="" FIELDNUMBER ="8" FIELDPROPERTY ="0" FIELDTYPE ="ELEMITEM" HIDDEN ="NO" KEYTYPE ="NOT A KEY" LENGTH ="256" LEVEL ="0" NAME ="BOM_USAGE" NULLABLE ="NULL" OCCURS ="0" OFFSET ="1792" PHYSICALLENGTH ="256" PHYSICALOFFSET ="1792" PICTURETEXT ="" PRECISION ="256" SCALE ="0" USAGE_FLAGS =""/>
        <SOURCEFIELD BUSINESSNAME ="" DATATYPE ="string" DESCRIPTION ="" FIELDNUMBER ="9" FIELDPROPERTY ="0" FIELDTYPE ="ELEMITEM" HIDDEN ="NO" KEYTYPE ="NOT A KEY" LENGTH ="256" LEVEL ="0" NAME ="BILL_OF_MATERIAL" NULLABLE ="NULL" OCCURS ="0" OFFSET ="2048" PHYSICALLENGTH ="256" PHYSICALOFFSET ="2048" PICTURETEXT ="" PRECISION ="256" SCALE ="0" USAGE_FLAGS =""/>
        <SOURCEFIELD BUSINESSNAME ="" DATATYPE ="string" DESCRIPTION ="" FIELDNUMBER ="10" FIELDPROPERTY ="0" FIELDTYPE ="ELEMITEM" HIDDEN ="NO" KEYTYPE ="NOT A KEY" LENGTH ="256" LEVEL ="0" NAME ="COMPONENT" NULLABLE ="NULL" OCCURS ="0" OFFSET ="2304" PHYSICALLENGTH ="256" PHYSICALOFFSET ="2304" PICTURETEXT ="" PRECISION ="256" SCALE ="0" USAGE_FLAGS =""/>
        <SOURCEFIELD BUSINESSNAME ="" DATATYPE ="string" DESCRIPTION ="" FIELDNUMBER ="11" FIELDPROPERTY ="0" FIELDTYPE ="ELEMITEM" HIDDEN ="NO" KEYTYPE ="NOT A KEY" LENGTH ="256" LEVEL ="0" NAME ="BOM_COMPONENT_MATERIAL" NULLABLE ="NULL" OCCURS ="0" OFFSET ="2560" PHYSICALLENGTH ="256" PHYSICALOFFSET ="2560" PICTURETEXT ="" PRECISION ="256" SCALE ="0" USAGE_FLAGS =""/>
        <SOURCEFIELD BUSINESSNAME ="" DATATYPE ="string" DESCRIPTION ="" FIELDNUMBER ="12" FIELDPROPERTY ="0" FIELDTYPE ="ELEMITEM" HIDDEN ="NO" KEYTYPE ="NOT A KEY" LENGTH ="256" LEVEL ="0" NAME ="CREATED_ON" NULLABLE ="NULL" OCCURS ="0" OFFSET ="2816" PHYSICALLENGTH ="256" PHYSICALOFFSET ="2816" PICTURETEXT ="" PRECISION ="256" SCALE ="0" USAGE_FLAGS =""/>
        <SOURCEFIELD BUSINESSNAME ="" DATATYPE ="string" DESCRIPTION ="" FIELDNUMBER ="13" FIELDPROPERTY ="0" FIELDTYPE ="ELEMITEM" HIDDEN ="NO" KEYTYPE ="NOT A KEY" LENGTH ="256" LEVEL ="0" NAME ="ISSUING_PLANT" NULLABLE ="NULL" OCCURS ="0" OFFSET ="3072" PHYSICALLENGTH ="256" PHYSICALOFFSET ="3072" PICTURETEXT ="" PRECISION ="256" SCALE ="0" USAGE_FLAGS =""/>
        <SOURCEFIELD BUSINESSNAME ="" DATATYPE ="string" DESCRIPTION ="" FIELDNUMBER ="14" FIELDPROPERTY ="0" FIELDTYPE ="ELEMITEM" HIDDEN ="NO" KEYTYPE ="NOT A KEY" LENGTH ="256" LEVEL ="0" NAME ="CHANGED_ON" NULLABLE ="NULL" OCCURS ="0" OFFSET ="3328" PHYSICALLENGTH ="256" PHYSICALOFFSET ="3328" PICTURETEXT ="" PRECISION ="256" SCALE ="0" USAGE_FLAGS =""/>
        <SOURCEFIELD BUSINESSNAME ="" DATATYPE ="string" DESCRIPTION ="" FIELDNUMBER ="15" FIELDPROPERTY ="0" FIELDTYPE ="ELEMITEM" HIDDEN ="NO" KEYTYPE ="NOT A KEY" LENGTH ="256" LEVEL ="0" NAME ="MATERIAL" NULLABLE ="NULL" OCCURS ="0" OFFSET ="3584" PHYSICALLENGTH ="256" PHYSICALOFFSET ="3584" PICTURETEXT ="" PRECISION ="256" SCALE ="0" USAGE_FLAGS =""/>
        <SOURCEFIELD BUSINESSNAME ="" DATATYPE ="string" DESCRIPTION ="" FIELDNUMBER ="16" FIELDPROPERTY ="0" FIELDTYPE ="ELEMITEM" HIDDEN ="NO" KEYTYPE ="NOT A KEY" LENGTH ="256" LEVEL ="0" NAME ="MATERIAL_GRID_NUMBER" NULLABLE ="NULL" OCCURS ="0" OFFSET ="3840" PHYSICALLENGTH ="256" PHYSICALOFFSET ="3840" PICTURETEXT ="" PRECISION ="256" SCALE ="0" USAGE_FLAGS =""/>
        <SOURCEFIELD BUSINESSNAME ="" DATATYPE ="string" DESCRIPTION ="" FIELDNUMBER ="17" FIELDPROPERTY ="0" FIELDTYPE ="ELEMITEM" HIDDEN ="NO" KEYTYPE ="NOT A KEY" LENGTH ="256" LEVEL ="0" NAME ="PLANT" NULLABLE ="NULL" OCCURS ="0" OFFSET ="4096" PHYSICALLENGTH ="256" PHYSICALOFFSET ="4096" PICTURETEXT ="" PRECISION ="256" SCALE ="0" USAGE_FLAGS =""/>
        <SOURCEFIELD BUSINESSNAME ="" DATATYPE ="string" DESCRIPTION ="" FIELDNUMBER ="18" FIELDPROPERTY ="0" FIELDTYPE ="ELEMITEM" HIDDEN ="NO" KEYTYPE ="NOT A KEY" LENGTH ="256" LEVEL ="0" NAME ="USER_NAME" NULLABLE ="NULL" OCCURS ="0" OFFSET ="4352" PHYSICALLENGTH ="256" PHYSICALOFFSET ="4352" PICTURETEXT ="" PRECISION ="256" SCALE ="0" USAGE_FLAGS =""/>
        <SOURCEFIELD BUSINESSNAME ="" DATATYPE ="string" DESCRIPTION ="" FIELDNUMBER ="19" FIELDPROPERTY ="0" FIELDTYPE ="ELEMITEM" HIDDEN ="NO" KEYTYPE ="NOT A KEY" LENGTH ="256" LEVEL ="0" NAME ="VALID_FROM" NULLABLE ="NULL" OCCURS ="0" OFFSET ="4608" PHYSICALLENGTH ="256" PHYSICALOFFSET ="4608" PICTURETEXT ="" PRECISION ="256" SCALE ="0" USAGE_FLAGS =""/>
        <SOURCEFIELD BUSINESSNAME ="" DATATYPE ="string" DESCRIPTION ="" FIELDNUMBER ="20" FIELDPROPERTY ="0" FIELDTYPE ="ELEMITEM" HIDDEN ="NO" KEYTYPE ="NOT A KEY" LENGTH ="256" LEVEL ="0" NAME ="AFS_COMPONENT_QTY" NULLABLE ="NULL" OCCURS ="0" OFFSET ="4864" PHYSICALLENGTH ="256" PHYSICALOFFSET ="4864" PICTURETEXT ="" PRECISION ="256" SCALE ="0" USAGE_FLAGS =""/>
        <SOURCEFIELD BUSINESSNAME ="" DATATYPE ="string" DESCRIPTION ="" FIELDNUMBER ="21" FIELDPROPERTY ="0" FIELDTYPE ="ELEMITEM" HIDDEN ="NO" KEYTYPE ="NOT A KEY" LENGTH ="256" LEVEL ="0" NAME ="BOM_COMP_QTY" NULLABLE ="NULL" OCCURS ="0" OFFSET ="5120" PHYSICALLENGTH ="256" PHYSICALOFFSET ="5120" PICTURETEXT ="" PRECISION ="256" SCALE ="0" USAGE_FLAGS =""/>
        <SOURCEFIELD BUSINESSNAME ="" DATATYPE ="string" DESCRIPTION ="" FIELDNUMBER ="22" FIELDPROPERTY ="0" FIELDTYPE ="ELEMITEM" HIDDEN ="NO" KEYTYPE ="NOT A KEY" LENGTH ="256" LEVEL ="0" NAME ="QTY_IN_BASE_UOM" NULLABLE ="NULL" OCCURS ="0" OFFSET ="5376" PHYSICALLENGTH ="256" PHYSICALOFFSET ="5376" PICTURETEXT ="" PRECISION ="256" SCALE ="0" USAGE_FLAGS =""/>
        <SOURCEFIELD BUSINESSNAME ="" DATATYPE ="string" DESCRIPTION ="" FIELDNUMBER ="23" FIELDPROPERTY ="0" FIELDTYPE ="ELEMITEM" HIDDEN ="NO" KEYTYPE ="NOT A KEY" LENGTH ="256" LEVEL ="0" NAME ="UPDATE_MODE" NULLABLE ="NULL" OCCURS ="0" OFFSET ="5632" PHYSICALLENGTH ="256" PHYSICALOFFSET ="5632" PICTURETEXT ="" PRECISION ="256" SCALE ="0" USAGE_FLAGS =""/>
        <SOURCEFIELD BUSINESSNAME ="" DATATYPE ="string" DESCRIPTION ="" FIELDNUMBER ="24" FIELDPROPERTY ="0" FIELDTYPE ="ELEMITEM" HIDDEN ="NO" KEYTYPE ="NOT A KEY" LENGTH ="256" LEVEL ="0" NAME ="COMPONENT_UNITS_OF_MEASURE" NULLABLE ="NULL" OCCURS ="0" OFFSET ="5888" PHYSICALLENGTH ="256" PHYSICALOFFSET ="5888" PICTURETEXT ="" PRECISION ="256" SCALE ="0" USAGE_FLAGS =""/>
        <SOURCEFIELD BUSINESSNAME ="" DATATYPE ="string" DESCRIPTION ="" FIELDNUMBER ="25" FIELDPROPERTY ="0" FIELDTYPE ="ELEMITEM" HIDDEN ="NO" KEYTYPE ="NOT A KEY" LENGTH ="256" LEVEL ="0" NAME ="BOM_COMPONENT_UOM" NULLABLE ="NULL" OCCURS ="0" OFFSET ="6144" PHYSICALLENGTH ="256" PHYSICALOFFSET ="6144" PICTURETEXT ="" PRECISION ="256" SCALE ="0" USAGE_FLAGS =""/>
        <SOURCEFIELD BUSINESSNAME ="" DATATYPE ="string" DESCRIPTION ="" FIELDNUMBER ="26" FIELDPROPERTY ="0" FIELDTYPE ="ELEMITEM" HIDDEN ="NO" KEYTYPE ="NOT A KEY" LENGTH ="256" LEVEL ="0" NAME ="BASE_UNIT" NULLABLE ="NULL" OCCURS ="0" OFFSET ="6400" PHYSICALLENGTH ="256" PHYSICALOFFSET ="6400" PICTURETEXT ="" PRECISION ="256" SCALE ="0" USAGE_FLAGS =""/>
        <SOURCEFIELD BUSINESSNAME ="" DATATYPE ="string" DESCRIPTION ="" FIELDNUMBER ="27" FIELDPROPERTY ="0" FIELDTYPE ="ELEMITEM" HIDDEN ="NO" KEYTYPE ="NOT A KEY" LENGTH ="256" LEVEL ="0" NAME ="STANDARD_PRICE" NULLABLE ="NULL" OCCURS ="0" OFFSET ="6656" PHYSICALLENGTH ="256" PHYSICALOFFSET ="6656" PICTURETEXT ="" PRECISION ="256" SCALE ="0" USAGE_FLAGS =""/>
        <SOURCEFIELD BUSINESSNAME ="" DATATYPE ="string" DESCRIPTION ="" FIELDNUMBER ="28" FIELDPROPERTY ="0" FIELDTYPE ="ELEMITEM" HIDDEN ="NO" KEYTYPE ="NOT A KEY" LENGTH ="256" LEVEL ="0" NAME ="GARMENT_QUANTITY" NULLABLE ="NULL" OCCURS ="0" OFFSET ="6912" PHYSICALLENGTH ="256" PHYSICALOFFSET ="6912" PICTURETEXT ="" PRECISION ="256" SCALE ="0" USAGE_FLAGS =""/>
        <SOURCEFIELD BUSINESSNAME ="" DATATYPE ="string" DESCRIPTION ="" FIELDNUMBER ="29" FIELDPROPERTY ="0" FIELDTYPE ="ELEMITEM" HIDDEN ="NO" KEYTYPE ="NOT A KEY" LENGTH ="256" LEVEL ="0" NAME ="FREE_GOOD_QTY" NULLABLE ="NULL" OCCURS ="0" OFFSET ="7168" PHYSICALLENGTH ="256" PHYSICALOFFSET ="7168" PICTURETEXT ="" PRECISION ="256" SCALE ="0" USAGE_FLAGS =""/>
        <SOURCEFIELD BUSINESSNAME ="" DATATYPE ="string" DESCRIPTION ="" FIELDNUMBER ="30" FIELDPROPERTY ="0" FIELDTYPE ="ELEMITEM" HIDDEN ="NO" KEYTYPE ="NOT A KEY" LENGTH ="256" LEVEL ="0" NAME ="CURRENCY" NULLABLE ="NULL" OCCURS ="0" OFFSET ="7424" PHYSICALLENGTH ="256" PHYSICALOFFSET ="7424" PICTURETEXT ="" PRECISION ="256" SCALE ="0" USAGE_FLAGS =""/>
        <SOURCEFIELD BUSINESSNAME ="" DATATYPE ="string" DESCRIPTION ="" FIELDNUMBER ="31" FIELDPROPERTY ="0" FIELDTYPE ="ELEMITEM" HIDDEN ="NO" KEYTYPE ="NOT A KEY" LENGTH ="256" LEVEL ="0" NAME ="TARGET_QTY_UOM" NULLABLE ="NULL" OCCURS ="0" OFFSET ="7680" PHYSICALLENGTH ="256" PHYSICALOFFSET ="7680" PICTURETEXT ="" PRECISION ="256" SCALE ="0" USAGE_FLAGS =""/>
        <SOURCEFIELD BUSINESSNAME ="" DATATYPE ="string" DESCRIPTION ="" FIELDNUMBER ="32" FIELDPROPERTY ="0" FIELDTYPE ="ELEMITEM" HIDDEN ="NO" KEYTYPE ="NOT A KEY" LENGTH ="256" LEVEL ="0" NAME ="STANDARD_PRICE_CAD" NULLABLE ="NULL" OCCURS ="0" OFFSET ="7936" PHYSICALLENGTH ="256" PHYSICALOFFSET ="7936" PICTURETEXT ="" PRECISION ="256" SCALE ="0" USAGE_FLAGS =""/>
    </SOURCE>
    <TARGET BUSINESSNAME ="" CONSTRAINT ="" DATABASETYPE ="Oracle" DESCRIPTION ="Target - STG_S4_BOM_PPK table" NAME ="STG_S4_BOM_PPK" OBJECTVERSION ="1" TABLEOPTIONS ="" VERSIONNUMBER ="1">
        <TARGETFIELD BUSINESSNAME ="" DATATYPE ="varchar2" DESCRIPTION ="" FIELDNUMBER ="1" KEYTYPE ="NOT A KEY" NAME ="GRIDVALUE" NULLABLE ="NULL" PICTURETEXT ="" PRECISION ="8" SCALE ="0"/>
        <TARGETFIELD BUSINESSNAME ="" DATATYPE ="varchar2" DESCRIPTION ="" FIELDNUMBER ="2" KEYTYPE ="NOT A KEY" NAME ="ALTERNATIVEBOM" NULLABLE ="NULL" PICTURETEXT ="" PRECISION ="2" SCALE ="0"/>
        <TARGETFIELD BUSINESSNAME ="" DATATYPE ="varchar2" DESCRIPTION ="" FIELDNUMBER ="3" KEYTYPE ="NOT A KEY" NAME ="BOMCATEGORY" NULLABLE ="NULL" PICTURETEXT ="" PRECISION ="1" SCALE ="0"/>
        <TARGETFIELD BUSINESSNAME ="" DATATYPE ="varchar2" DESCRIPTION ="" FIELDNUMBER ="4" KEYTYPE ="NOT A KEY" NAME ="BOMINTERNALCOUNTER" NULLABLE ="NULL" PICTURETEXT ="" PRECISION ="8" SCALE ="0"/>
        <TARGETFIELD BUSINESSNAME ="" DATATYPE ="varchar2" DESCRIPTION ="" FIELDNUMBER ="5" KEYTYPE ="NOT A KEY" NAME ="BOMITEMNODENUMBER" NULLABLE ="NULL" PICTURETEXT ="" PRECISION ="8" SCALE ="0"/>
        <TARGETFIELD BUSINESSNAME ="" DATATYPE ="varchar2" DESCRIPTION ="" FIELDNUMBER ="6" KEYTYPE ="NOT A KEY" NAME ="BOMITEMCATEGORY" NULLABLE ="NULL" PICTURETEXT ="" PRECISION ="1" SCALE ="0"/>
        <TARGETFIELD BUSINESSNAME ="" DATATYPE ="varchar2" DESCRIPTION ="" FIELDNUMBER ="7" KEYTYPE ="NOT A KEY" NAME ="BOMITEMNUMBER" NULLABLE ="NULL" PICTURETEXT ="" PRECISION ="4" SCALE ="0"/>
        <TARGETFIELD BUSINESSNAME ="" DATATYPE ="varchar2" DESCRIPTION ="" FIELDNUMBER ="8" KEYTYPE ="NOT A KEY" NAME ="BOMUSAGE" NULLABLE ="NULL" PICTURETEXT ="" PRECISION ="1" SCALE ="0"/>
        <TARGETFIELD BUSINESSNAME ="" DATATYPE ="varchar2" DESCRIPTION ="" FIELDNUMBER ="9" KEYTYPE ="NOT A KEY" NAME ="BILLOFMATERIAL" NULLABLE ="NULL" PICTURETEXT ="" PRECISION ="8" SCALE ="0"/>
        <TARGETFIELD BUSINESSNAME ="" DATATYPE ="varchar2" DESCRIPTION ="" FIELDNUMBER ="10" KEYTYPE ="NOT A KEY" NAME ="COMPONENT" NULLABLE ="NULL" PICTURETEXT ="" PRECISION ="18" SCALE ="0"/>
        <TARGETFIELD BUSINESSNAME ="" DATATYPE ="varchar2" DESCRIPTION ="" FIELDNUMBER ="11" KEYTYPE ="NOT A KEY" NAME ="BOMCOMPONENTMATERIAL" NULLABLE ="NULL" PICTURETEXT ="" PRECISION ="8" SCALE ="0"/>
        <TARGETFIELD BUSINESSNAME ="" DATATYPE ="varchar2" DESCRIPTION ="" FIELDNUMBER ="12" KEYTYPE ="NOT A KEY" NAME ="CREATEDON" NULLABLE ="NULL" PICTURETEXT ="" PRECISION ="8" SCALE ="0"/>
        <TARGETFIELD BUSINESSNAME ="" DATATYPE ="varchar2" DESCRIPTION ="" FIELDNUMBER ="13" KEYTYPE ="NOT A KEY" NAME ="ISSUINGPLANT" NULLABLE ="NULL" PICTURETEXT ="" PRECISION ="4" SCALE ="0"/>
        <TARGETFIELD BUSINESSNAME ="" DATATYPE ="varchar2" DESCRIPTION ="" FIELDNUMBER ="14" KEYTYPE ="NOT A KEY" NAME ="CHANGEDON" NULLABLE ="NULL" PICTURETEXT ="" PRECISION ="8" SCALE ="0"/>
        <TARGETFIELD BUSINESSNAME ="" DATATYPE ="varchar2" DESCRIPTION ="" FIELDNUMBER ="15" KEYTYPE ="NOT A KEY" NAME ="MATERIAL" NULLABLE ="NULL" PICTURETEXT ="" PRECISION ="18" SCALE ="0"/>
        <TARGETFIELD BUSINESSNAME ="" DATATYPE ="varchar2" DESCRIPTION ="" FIELDNUMBER ="16" KEYTYPE ="NOT A KEY" NAME ="MATERIALGRIDNUMBER" NULLABLE ="NULL" PICTURETEXT ="" PRECISION ="18" SCALE ="0"/>
        <TARGETFIELD BUSINESSNAME ="" DATATYPE ="varchar2" DESCRIPTION ="" FIELDNUMBER ="17" KEYTYPE ="NOT A KEY" NAME ="PLANT" NULLABLE ="NULL" PICTURETEXT ="" PRECISION ="4" SCALE ="0"/>
        <TARGETFIELD BUSINESSNAME ="" DATATYPE ="varchar2" DESCRIPTION ="" FIELDNUMBER ="18" KEYTYPE ="NOT A KEY" NAME ="USERNAME" NULLABLE ="NULL" PICTURETEXT ="" PRECISION ="12" SCALE ="0"/>
        <TARGETFIELD BUSINESSNAME ="" DATATYPE ="varchar2" DESCRIPTION ="" FIELDNUMBER ="19" KEYTYPE ="NOT A KEY" NAME ="VALIDFROM" NULLABLE ="NULL" PICTURETEXT ="" PRECISION ="8" SCALE ="0"/>
        <TARGETFIELD BUSINESSNAME ="" DATATYPE ="number(p,s)" DESCRIPTION ="" FIELDNUMBER ="20" KEYTYPE ="NOT A KEY" NAME ="AFSCOMPONENTQTY" NULLABLE ="NULL" PICTURETEXT ="" PRECISION ="17" SCALE ="3"/>
        <TARGETFIELD BUSINESSNAME ="" DATATYPE ="number(p,s)" DESCRIPTION ="" FIELDNUMBER ="21" KEYTYPE ="NOT A KEY" NAME ="BOMCOMPQTY" NULLABLE ="NULL" PICTURETEXT ="" PRECISION ="17" SCALE ="3"/>
        <TARGETFIELD BUSINESSNAME ="" DATATYPE ="number(p,s)" DESCRIPTION ="" FIELDNUMBER ="22" KEYTYPE ="NOT A KEY" NAME ="QTYINBASEUOM" NULLABLE ="NULL" PICTURETEXT ="" PRECISION ="17" SCALE ="3"/>
        <TARGETFIELD BUSINESSNAME ="" DATATYPE ="varchar2" DESCRIPTION ="" FIELDNUMBER ="23" KEYTYPE ="NOT A KEY" NAME ="UPDATEMODE" NULLABLE ="NULL" PICTURETEXT ="" PRECISION ="1" SCALE ="0"/>
        <TARGETFIELD BUSINESSNAME ="" DATATYPE ="varchar2" DESCRIPTION ="" FIELDNUMBER ="24" KEYTYPE ="NOT A KEY" NAME ="COMPONENTUNITSOFMEASURE" NULLABLE ="NULL" PICTURETEXT ="" PRECISION ="3" SCALE ="0"/>
        <TARGETFIELD BUSINESSNAME ="" DATATYPE ="varchar2" DESCRIPTION ="" FIELDNUMBER ="25" KEYTYPE ="NOT A KEY" NAME ="BOMCOMPONENTUOM" NULLABLE ="NULL" PICTURETEXT ="" PRECISION ="3" SCALE ="0"/>
        <TARGETFIELD BUSINESSNAME ="" DATATYPE ="varchar2" DESCRIPTION ="" FIELDNUMBER ="26" KEYTYPE ="NOT A KEY" NAME ="BASEUNIT" NULLABLE ="NULL" PICTURETEXT ="" PRECISION ="3" SCALE ="0"/>
        <TARGETFIELD BUSINESSNAME ="" DATATYPE ="number(p,s)" DESCRIPTION ="" FIELDNUMBER ="27" KEYTYPE ="NOT A KEY" NAME ="STANDARDPRICE" NULLABLE ="NULL" PICTURETEXT ="" PRECISION ="17" SCALE ="2"/>
        <TARGETFIELD BUSINESSNAME ="" DATATYPE ="number(p,s)" DESCRIPTION ="" FIELDNUMBER ="28" KEYTYPE ="NOT A KEY" NAME ="GARMENTQUANTITY" NULLABLE ="NULL" PICTURETEXT ="" PRECISION ="17" SCALE ="3"/>
        <TARGETFIELD BUSINESSNAME ="" DATATYPE ="number(p,s)" DESCRIPTION ="" FIELDNUMBER ="29" KEYTYPE ="NOT A KEY" NAME ="FREEGOODQTY" NULLABLE ="NULL" PICTURETEXT ="" PRECISION ="17" SCALE ="3"/>
        <TARGETFIELD BUSINESSNAME ="" DATATYPE ="varchar2" DESCRIPTION ="" FIELDNUMBER ="30" KEYTYPE ="NOT A KEY" NAME ="CURRENCY" NULLABLE ="NULL" PICTURETEXT ="" PRECISION ="5" SCALE ="0"/>
        <TARGETFIELD BUSINESSNAME ="" DATATYPE ="varchar2" DESCRIPTION ="" FIELDNUMBER ="31" KEYTYPE ="NOT A KEY" NAME ="TARGETQTYUOM" NULLABLE ="NULL" PICTURETEXT ="" PRECISION ="3" SCALE ="0"/>
        <TARGETFIELD BUSINESSNAME ="" DATATYPE ="date" DESCRIPTION ="" FIELDNUMBER ="32" KEYTYPE ="NOT A KEY" NAME ="CREATEDDATE" NULLABLE ="NULL" PICTURETEXT ="" PRECISION ="19" SCALE ="0"/>
        <TARGETFIELD BUSINESSNAME ="" DATATYPE ="date" DESCRIPTION ="" FIELDNUMBER ="33" KEYTYPE ="NOT A KEY" NAME ="MODIFIEDDATE" NULLABLE ="NULL" PICTURETEXT ="" PRECISION ="19" SCALE ="0"/>
        <TARGETFIELD BUSINESSNAME ="" DATATYPE ="number(p,s)" DESCRIPTION ="" FIELDNUMBER ="34" KEYTYPE ="NOT A KEY" NAME ="STANDARDPRICECAD" NULLABLE ="NULL" PICTURETEXT ="" PRECISION ="17" SCALE ="2"/>
    </TARGET>
    <TRANSFORMATION DESCRIPTION ="" NAME ="PR_TRUNC_STG_TBLS" OBJECTVERSION ="1" REUSABLE ="YES" TYPE ="Stored Procedure" VERSIONNUMBER ="1">
        <TRANSFORMFIELD DATATYPE ="string" DEFAULTVALUE ="" DESCRIPTION ="" NAME ="I_TABLE_NAME" PICTURETEXT ="" PORTTYPE ="INPUT" PRECISION ="4000" SCALE ="0"/>
        <TABLEATTRIBUTE NAME ="Stored Procedure Name" VALUE ="PR_TRUNC_STG_TBLS"/>
        <TABLEATTRIBUTE NAME ="Connection Information" VALUE ="$Target"/>
        <TABLEATTRIBUTE NAME ="Call Text" VALUE =""/>
        <TABLEATTRIBUTE NAME ="Stored Procedure Type" VALUE ="Normal"/>
        <TABLEATTRIBUTE NAME ="Execution Order" VALUE ="1"/>
        <TABLEATTRIBUTE NAME ="Tracing Level" VALUE ="Normal"/>
        <TABLEATTRIBUTE NAME ="Subsecond Precision" VALUE ="6"/>
        <TABLEATTRIBUTE NAME ="Output is Repeatable" VALUE ="Based On Input Order"/>
        <TABLEATTRIBUTE NAME ="Output is Deterministic" VALUE ="NO"/>
    </TRANSFORMATION>
    <MAPPING DESCRIPTION ="Load S4 data from source file to STG_S4_BOM_PPK table" ISVALID ="YES" NAME ="m_STG_S4_BOM_PPK" OBJECTVERSION ="1" VERSIONNUMBER ="1">
        <TRANSFORMATION DESCRIPTION ="Source Qualifier: Flat File DWC_Z_BOM_PPK_COMP.CSV" NAME ="SQ_FF_DWC_Z_BOM_PPK_COMP" OBJECTVERSION ="1" REUSABLE ="NO" TYPE ="Source Qualifier" VERSIONNUMBER ="1">
            <TRANSFORMFIELD DATATYPE ="string" DEFAULTVALUE ="" DESCRIPTION ="" NAME ="GRID_VALUE" PICTURETEXT ="" PORTTYPE ="INPUT/OUTPUT" PRECISION ="256" SCALE ="0"/>
            <TRANSFORMFIELD DATATYPE ="string" DEFAULTVALUE ="" DESCRIPTION ="" NAME ="ALTERNATIVE_BOM" PICTURETEXT ="" PORTTYPE ="INPUT/OUTPUT" PRECISION ="256" SCALE ="0"/>
            <TRANSFORMFIELD DATATYPE ="string" DEFAULTVALUE ="" DESCRIPTION ="" NAME ="BOM_CATEGORY" PICTURETEXT ="" PORTTYPE ="INPUT/OUTPUT" PRECISION ="256" SCALE ="0"/>
            <TRANSFORMFIELD DATATYPE ="string" DEFAULTVALUE ="" DESCRIPTION ="" NAME ="BOM_INTERNAL_COUNTER" PICTURETEXT ="" PORTTYPE ="INPUT/OUTPUT" PRECISION ="256" SCALE ="0"/>
            <TRANSFORMFIELD DATATYPE ="string" DEFAULTVALUE ="" DESCRIPTION ="" NAME ="BOM_ITEM_NODE_NUMBER" PICTURETEXT ="" PORTTYPE ="INPUT/OUTPUT" PRECISION ="256" SCALE ="0"/>
            <TRANSFORMFIELD DATATYPE ="string" DEFAULTVALUE ="" DESCRIPTION ="" NAME ="BOM_ITEM_CATEGORY" PICTURETEXT ="" PORTTYPE ="INPUT/OUTPUT" PRECISION ="256" SCALE ="0"/>
            <TRANSFORMFIELD DATATYPE ="string" DEFAULTVALUE ="" DESCRIPTION ="" NAME ="BOM_ITEM_NUMBER" PICTURETEXT ="" PORTTYPE ="INPUT/OUTPUT" PRECISION ="256" SCALE ="0"/>
            <TRANSFORMFIELD DATATYPE ="string" DEFAULTVALUE ="" DESCRIPTION ="" NAME ="BOM_USAGE" PICTURETEXT ="" PORTTYPE ="INPUT/OUTPUT" PRECISION ="256" SCALE ="0"/>
            <TRANSFORMFIELD DATATYPE ="string" DEFAULTVALUE ="" DESCRIPTION ="" NAME ="BILL_OF_MATERIAL" PICTURETEXT ="" PORTTYPE ="INPUT/OUTPUT" PRECISION ="256" SCALE ="0"/>
            <TRANSFORMFIELD DATATYPE ="string" DEFAULTVALUE ="" DESCRIPTION ="" NAME ="COMPONENT" PICTURETEXT ="" PORTTYPE ="INPUT/OUTPUT" PRECISION ="256" SCALE ="0"/>
            <TRANSFORMFIELD DATATYPE ="string" DEFAULTVALUE ="" DESCRIPTION ="" NAME ="BOM_COMPONENT_MATERIAL" PICTURETEXT ="" PORTTYPE ="INPUT/OUTPUT" PRECISION ="256" SCALE ="0"/>
            <TRANSFORMFIELD DATATYPE ="string" DEFAULTVALUE ="" DESCRIPTION ="" NAME ="CREATED_ON" PICTURETEXT ="" PORTTYPE ="INPUT/OUTPUT" PRECISION ="256" SCALE ="0"/>
            <TRANSFORMFIELD DATATYPE ="string" DEFAULTVALUE ="" DESCRIPTION ="" NAME ="ISSUING_PLANT" PICTURETEXT ="" PORTTYPE ="INPUT/OUTPUT" PRECISION ="256" SCALE ="0"/>
            <TRANSFORMFIELD DATATYPE ="string" DEFAULTVALUE ="" DESCRIPTION ="" NAME ="CHANGED_ON" PICTURETEXT ="" PORTTYPE ="INPUT/OUTPUT" PRECISION ="256" SCALE ="0"/>
            <TRANSFORMFIELD DATATYPE ="string" DEFAULTVALUE ="" DESCRIPTION ="" NAME ="MATERIAL" PICTURETEXT ="" PORTTYPE ="INPUT/OUTPUT" PRECISION ="256" SCALE ="0"/>
            <TRANSFORMFIELD DATATYPE ="string" DEFAULTVALUE ="" DESCRIPTION ="" NAME ="MATERIAL_GRID_NUMBER" PICTURETEXT ="" PORTTYPE ="INPUT/OUTPUT" PRECISION ="256" SCALE ="0"/>
            <TRANSFORMFIELD DATATYPE ="string" DEFAULTVALUE ="" DESCRIPTION ="" NAME ="PLANT" PICTURETEXT ="" PORTTYPE ="INPUT/OUTPUT" PRECISION ="256" SCALE ="0"/>
            <TRANSFORMFIELD DATATYPE ="string" DEFAULTVALUE ="" DESCRIPTION ="" NAME ="USER_NAME" PICTURETEXT ="" PORTTYPE ="INPUT/OUTPUT" PRECISION ="256" SCALE ="0"/>
            <TRANSFORMFIELD DATATYPE ="string" DEFAULTVALUE ="" DESCRIPTION ="" NAME ="VALID_FROM" PICTURETEXT ="" PORTTYPE ="INPUT/OUTPUT" PRECISION ="256" SCALE ="0"/>
            <TRANSFORMFIELD DATATYPE ="string" DEFAULTVALUE ="" DESCRIPTION ="" NAME ="AFS_COMPONENT_QTY" PICTURETEXT ="" PORTTYPE ="INPUT/OUTPUT" PRECISION ="256" SCALE ="0"/>
            <TRANSFORMFIELD DATATYPE ="string" DEFAULTVALUE ="" DESCRIPTION ="" NAME ="BOM_COMP_QTY" PICTURETEXT ="" PORTTYPE ="INPUT/OUTPUT" PRECISION ="256" SCALE ="0"/>
            <TRANSFORMFIELD DATATYPE ="string" DEFAULTVALUE ="" DESCRIPTION ="" NAME ="QTY_IN_BASE_UOM" PICTURETEXT ="" PORTTYPE ="INPUT/OUTPUT" PRECISION ="256" SCALE ="0"/>
            <TRANSFORMFIELD DATATYPE ="string" DEFAULTVALUE ="" DESCRIPTION ="" NAME ="UPDATE_MODE" PICTURETEXT ="" PORTTYPE ="INPUT/OUTPUT" PRECISION ="256" SCALE ="0"/>
            <TRANSFORMFIELD DATATYPE ="string" DEFAULTVALUE ="" DESCRIPTION ="" NAME ="COMPONENT_UNITS_OF_MEASURE" PICTURETEXT ="" PORTTYPE ="INPUT/OUTPUT" PRECISION ="256" SCALE ="0"/>
            <TRANSFORMFIELD DATATYPE ="string" DEFAULTVALUE ="" DESCRIPTION ="" NAME ="BOM_COMPONENT_UOM" PICTURETEXT ="" PORTTYPE ="INPUT/OUTPUT" PRECISION ="256" SCALE ="0"/>
            <TRANSFORMFIELD DATATYPE ="string" DEFAULTVALUE ="" DESCRIPTION ="" NAME ="BASE_UNIT" PICTURETEXT ="" PORTTYPE ="INPUT/OUTPUT" PRECISION ="256" SCALE ="0"/>
            <TRANSFORMFIELD DATATYPE ="string" DEFAULTVALUE ="" DESCRIPTION ="" NAME ="STANDARD_PRICE" PICTURETEXT ="" PORTTYPE ="INPUT/OUTPUT" PRECISION ="256" SCALE ="0"/>
            <TRANSFORMFIELD DATATYPE ="string" DEFAULTVALUE ="" DESCRIPTION ="" NAME ="GARMENT_QUANTITY" PICTURETEXT ="" PORTTYPE ="INPUT/OUTPUT" PRECISION ="256" SCALE ="0"/>
            <TRANSFORMFIELD DATATYPE ="string" DEFAULTVALUE ="" DESCRIPTION ="" NAME ="FREE_GOOD_QTY" PICTURETEXT ="" PORTTYPE ="INPUT/OUTPUT" PRECISION ="256" SCALE ="0"/>
            <TRANSFORMFIELD DATATYPE ="string" DEFAULTVALUE ="" DESCRIPTION ="" NAME ="CURRENCY" PICTURETEXT ="" PORTTYPE ="INPUT/OUTPUT" PRECISION ="256" SCALE ="0"/>
            <TRANSFORMFIELD DATATYPE ="string" DEFAULTVALUE ="" DESCRIPTION ="" NAME ="TARGET_QTY_UOM" PICTURETEXT ="" PORTTYPE ="INPUT/OUTPUT" PRECISION ="256" SCALE ="0"/>
            <TRANSFORMFIELD DATATYPE ="string" DEFAULTVALUE ="" DESCRIPTION ="" NAME ="STANDARD_PRICE_CAD" PICTURETEXT ="" PORTTYPE ="INPUT/OUTPUT" PRECISION ="256" SCALE ="0"/>
            <TABLEATTRIBUTE NAME ="Sql Query" VALUE =""/>
            <TABLEATTRIBUTE NAME ="User Defined Join" VALUE =""/>
            <TABLEATTRIBUTE NAME ="Source Filter" VALUE =""/>
            <TABLEATTRIBUTE NAME ="Number Of Sorted Ports" VALUE ="0"/>
            <TABLEATTRIBUTE NAME ="Tracing Level" VALUE ="Normal"/>
            <TABLEATTRIBUTE NAME ="Is Partitionable" VALUE ="NO"/>
            <TABLEATTRIBUTE NAME ="Pre SQL" VALUE =""/>
            <TABLEATTRIBUTE NAME ="Post SQL" VALUE =""/>
            <TABLEATTRIBUTE NAME ="Output is deterministic" VALUE ="NO"/>
            <TABLEATTRIBUTE NAME ="Output is repeatable" VALUE ="Never"/>
        </TRANSFORMATION>
        <TRANSFORMATION DESCRIPTION ="Remove space and convert datatype" NAME ="EXP_DEFAULT" OBJECTVERSION ="1" REUSABLE ="NO" TYPE ="Expression" VERSIONNUMBER ="1">
            <TRANSFORMFIELD DATATYPE ="string" DEFAULTVALUE ="" DESCRIPTION ="" NAME ="I_GRID_VALUE" PICTURETEXT ="" PORTTYPE ="INPUT" PRECISION ="256" SCALE ="0"/>
            <TRANSFORMFIELD DATATYPE ="string" DEFAULTVALUE ="" DESCRIPTION ="" NAME ="I_ALTERNATIVE_BOM" PICTURETEXT ="" PORTTYPE ="INPUT" PRECISION ="256" SCALE ="0"/>
            <TRANSFORMFIELD DATATYPE ="string" DEFAULTVALUE ="" DESCRIPTION ="" NAME ="I_BOM_CATEGORY" PICTURETEXT ="" PORTTYPE ="INPUT" PRECISION ="256" SCALE ="0"/>
            <TRANSFORMFIELD DATATYPE ="string" DEFAULTVALUE ="" DESCRIPTION ="" NAME ="I_BOM_INTERNAL_COUNTER" PICTURETEXT ="" PORTTYPE ="INPUT" PRECISION ="256" SCALE ="0"/>
            <TRANSFORMFIELD DATATYPE ="string" DEFAULTVALUE ="" DESCRIPTION ="" NAME ="I_BOM_ITEM_NODE_NUMBER" PICTURETEXT ="" PORTTYPE ="INPUT" PRECISION ="256" SCALE ="0"/>
            <TRANSFORMFIELD DATATYPE ="string" DEFAULTVALUE ="" DESCRIPTION ="" NAME ="I_BOM_ITEM_CATEGORY" PICTURETEXT ="" PORTTYPE ="INPUT" PRECISION ="256" SCALE ="0"/>
            <TRANSFORMFIELD DATATYPE ="string" DEFAULTVALUE ="" DESCRIPTION ="" NAME ="I_BOM_ITEM_NUMBER" PICTURETEXT ="" PORTTYPE ="INPUT" PRECISION ="256" SCALE ="0"/>
            <TRANSFORMFIELD DATATYPE ="string" DEFAULTVALUE ="" DESCRIPTION ="" NAME ="I_BOM_USAGE" PICTURETEXT ="" PORTTYPE ="INPUT" PRECISION ="256" SCALE ="0"/>
            <TRANSFORMFIELD DATATYPE ="string" DEFAULTVALUE ="" DESCRIPTION ="" NAME ="I_BILL_OF_MATERIAL" PICTURETEXT ="" PORTTYPE ="INPUT" PRECISION ="256" SCALE ="0"/>
            <TRANSFORMFIELD DATATYPE ="string" DEFAULTVALUE ="" DESCRIPTION ="" NAME ="I_COMPONENT" PICTURETEXT ="" PORTTYPE ="INPUT" PRECISION ="256" SCALE ="0"/>
            <TRANSFORMFIELD DATATYPE ="string" DEFAULTVALUE ="" DESCRIPTION ="" NAME ="I_BOM_COMPONENT_MATERIAL" PICTURETEXT ="" PORTTYPE ="INPUT" PRECISION ="256" SCALE ="0"/>
            <TRANSFORMFIELD DATATYPE ="string" DEFAULTVALUE ="" DESCRIPTION ="" NAME ="I_CREATED_ON" PICTURETEXT ="" PORTTYPE ="INPUT" PRECISION ="256" SCALE ="0"/>
            <TRANSFORMFIELD DATATYPE ="string" DEFAULTVALUE ="" DESCRIPTION ="" NAME ="I_ISSUING_PLANT" PICTURETEXT ="" PORTTYPE ="INPUT" PRECISION ="256" SCALE ="0"/>
            <TRANSFORMFIELD DATATYPE ="string" DEFAULTVALUE ="" DESCRIPTION ="" NAME ="I_CHANGED_ON" PICTURETEXT ="" PORTTYPE ="INPUT" PRECISION ="256" SCALE ="0"/>
            <TRANSFORMFIELD DATATYPE ="string" DEFAULTVALUE ="" DESCRIPTION ="" NAME ="I_MATERIAL" PICTURETEXT ="" PORTTYPE ="INPUT" PRECISION ="256" SCALE ="0"/>
            <TRANSFORMFIELD DATATYPE ="string" DEFAULTVALUE ="" DESCRIPTION ="" NAME ="I_MATERIAL_GRID_NUMBER" PICTURETEXT ="" PORTTYPE ="INPUT" PRECISION ="256" SCALE ="0"/>
            <TRANSFORMFIELD DATATYPE ="string" DEFAULTVALUE ="" DESCRIPTION ="" NAME ="I_PLANT" PICTURETEXT ="" PORTTYPE ="INPUT" PRECISION ="256" SCALE ="0"/>
            <TRANSFORMFIELD DATATYPE ="string" DEFAULTVALUE ="" DESCRIPTION ="" NAME ="I_USER_NAME" PICTURETEXT ="" PORTTYPE ="INPUT" PRECISION ="256" SCALE ="0"/>
            <TRANSFORMFIELD DATATYPE ="string" DEFAULTVALUE ="" DESCRIPTION ="" NAME ="I_VALID_FROM" PICTURETEXT ="" PORTTYPE ="INPUT" PRECISION ="256" SCALE ="0"/>
            <TRANSFORMFIELD DATATYPE ="string" DEFAULTVALUE ="" DESCRIPTION ="" NAME ="I_AFS_COMPONENT_QTY" PICTURETEXT ="" PORTTYPE ="INPUT" PRECISION ="256" SCALE ="0"/>
            <TRANSFORMFIELD DATATYPE ="string" DEFAULTVALUE ="" DESCRIPTION ="" NAME ="I_BOM_COMP_QTY" PICTURETEXT ="" PORTTYPE ="INPUT" PRECISION ="256" SCALE ="0"/>
            <TRANSFORMFIELD DATATYPE ="string" DEFAULTVALUE ="" DESCRIPTION ="" NAME ="I_QTY_IN_BASE_UOM" PICTURETEXT ="" PORTTYPE ="INPUT" PRECISION ="256" SCALE ="0"/>
            <TRANSFORMFIELD DATATYPE ="string" DEFAULTVALUE ="" DESCRIPTION ="" NAME ="I_UPDATE_MODE" PICTURETEXT ="" PORTTYPE ="INPUT" PRECISION ="256" SCALE ="0"/>
            <TRANSFORMFIELD DATATYPE ="string" DEFAULTVALUE ="" DESCRIPTION ="" NAME ="I_COMPONENT_UNITS_OF_MEASURE" PICTURETEXT ="" PORTTYPE ="INPUT" PRECISION ="256" SCALE ="0"/>
            <TRANSFORMFIELD DATATYPE ="string" DEFAULTVALUE ="" DESCRIPTION ="" NAME ="I_BOM_COMPONENT_UOM" PICTURETEXT ="" PORTTYPE ="INPUT" PRECISION ="256" SCALE ="0"/>
            <TRANSFORMFIELD DATATYPE ="string" DEFAULTVALUE ="" DESCRIPTION ="" NAME ="I_BASE_UNIT" PICTURETEXT ="" PORTTYPE ="INPUT" PRECISION ="256" SCALE ="0"/>
            <TRANSFORMFIELD DATATYPE ="string" DEFAULTVALUE ="" DESCRIPTION ="" NAME ="I_STANDARD_PRICE" PICTURETEXT ="" PORTTYPE ="INPUT" PRECISION ="256" SCALE ="0"/>
            <TRANSFORMFIELD DATATYPE ="string" DEFAULTVALUE ="" DESCRIPTION ="" NAME ="I_GARMENT_QUANTITY" PICTURETEXT ="" PORTTYPE ="INPUT" PRECISION ="256" SCALE ="0"/>
            <TRANSFORMFIELD DATATYPE ="string" DEFAULTVALUE ="" DESCRIPTION ="" NAME ="I_FREE_GOOD_QTY" PICTURETEXT ="" PORTTYPE ="INPUT" PRECISION ="256" SCALE ="0"/>
            <TRANSFORMFIELD DATATYPE ="string" DEFAULTVALUE ="" DESCRIPTION ="" NAME ="I_CURRENCY" PICTURETEXT ="" PORTTYPE ="INPUT" PRECISION ="256" SCALE ="0"/>
            <TRANSFORMFIELD DATATYPE ="string" DEFAULTVALUE ="" DESCRIPTION ="" NAME ="I_TARGET_QTY_UOM" PICTURETEXT ="" PORTTYPE ="INPUT" PRECISION ="256" SCALE ="0"/>
            <TRANSFORMFIELD DATATYPE ="string" DEFAULTVALUE ="" DESCRIPTION ="" NAME ="I_STANDARD_PRICE_CAD" PICTURETEXT ="" PORTTYPE ="INPUT" PRECISION ="256" SCALE ="0"/>
            <TRANSFORMFIELD DATATYPE ="string" DEFAULTVALUE ="ERROR(&apos;transformation error&apos;)" DESCRIPTION ="" EXPRESSION ="LTRIM(RTRIM(I_GRID_VALUE))" EXPRESSIONTYPE ="GENERAL" NAME ="O_GRID_VALUE" PICTURETEXT ="" PORTTYPE ="OUTPUT" PRECISION ="256" SCALE ="0"/>
            <TRANSFORMFIELD DATATYPE ="string" DEFAULTVALUE ="ERROR(&apos;transformation error&apos;)" DESCRIPTION ="" EXPRESSION ="LTRIM(RTRIM(I_ALTERNATIVE_BOM))" EXPRESSIONTYPE ="GENERAL" NAME ="O_ALTERNATIVE_BOM" PICTURETEXT ="" PORTTYPE ="OUTPUT" PRECISION ="256" SCALE ="0"/>
            <TRANSFORMFIELD DATATYPE ="string" DEFAULTVALUE ="ERROR(&apos;transformation error&apos;)" DESCRIPTION ="" EXPRESSION ="LTRIM(RTRIM(I_BOM_CATEGORY))" EXPRESSIONTYPE ="GENERAL" NAME ="O_BOM_CATEGORY" PICTURETEXT ="" PORTTYPE ="OUTPUT" PRECISION ="256" SCALE ="0"/>
            <TRANSFORMFIELD DATATYPE ="string" DEFAULTVALUE ="ERROR(&apos;transformation error&apos;)" DESCRIPTION ="" EXPRESSION ="LTRIM(RTRIM(I_BOM_INTERNAL_COUNTER))" EXPRESSIONTYPE ="GENERAL" NAME ="O_BOM_INTERNAL_COUNTER" PICTURETEXT ="" PORTTYPE ="OUTPUT" PRECISION ="256" SCALE ="0"/>
            <TRANSFORMFIELD DATATYPE ="string" DEFAULTVALUE ="ERROR(&apos;transformation error&apos;)" DESCRIPTION ="" EXPRESSION ="LTRIM(RTRIM(I_BOM_ITEM_NODE_NUMBER))" EXPRESSIONTYPE ="GENERAL" NAME ="O_BOM_ITEM_NODE_NUMBER" PICTURETEXT ="" PORTTYPE ="OUTPUT" PRECISION ="256" SCALE ="0"/>
            <TRANSFORMFIELD DATATYPE ="string" DEFAULTVALUE ="ERROR(&apos;transformation error&apos;)" DESCRIPTION ="" EXPRESSION ="LTRIM(RTRIM(I_BOM_ITEM_CATEGORY))" EXPRESSIONTYPE ="GENERAL" NAME ="O_BOM_ITEM_CATEGORY" PICTURETEXT ="" PORTTYPE ="OUTPUT" PRECISION ="256" SCALE ="0"/>
            <TRANSFORMFIELD DATATYPE ="string" DEFAULTVALUE ="ERROR(&apos;transformation error&apos;)" DESCRIPTION ="" EXPRESSION ="LTRIM(RTRIM(I_BOM_ITEM_NUMBER))" EXPRESSIONTYPE ="GENERAL" NAME ="O_BOM_ITEM_NUMBER" PICTURETEXT ="" PORTTYPE ="OUTPUT" PRECISION ="256" SCALE ="0"/>
            <TRANSFORMFIELD DATATYPE ="string" DEFAULTVALUE ="ERROR(&apos;transformation error&apos;)" DESCRIPTION ="" EXPRESSION ="LTRIM(RTRIM(I_BOM_USAGE))&#xD;&#xA;&#xD;&#xA;&#xD;&#xA;--TO_CHAR(TO_INTEGER(LTRIM(RTRIM(I_BOM_Usage))))" EXPRESSIONTYPE ="GENERAL" NAME ="O_BOM_USAGE" PICTURETEXT ="" PORTTYPE ="OUTPUT" PRECISION ="256" SCALE ="0"/>
            <TRANSFORMFIELD DATATYPE ="string" DEFAULTVALUE ="ERROR(&apos;transformation error&apos;)" DESCRIPTION ="" EXPRESSION ="LTRIM(RTRIM(I_BILL_OF_MATERIAL))" EXPRESSIONTYPE ="GENERAL" NAME ="O_BILL_OF_MATERIAL" PICTURETEXT ="" PORTTYPE ="OUTPUT" PRECISION ="256" SCALE ="0"/>
            <TRANSFORMFIELD DATATYPE ="string" DEFAULTVALUE ="ERROR(&apos;transformation error&apos;)" DESCRIPTION ="" EXPRESSION ="LTRIM(RTRIM(I_COMPONENT))" EXPRESSIONTYPE ="GENERAL" NAME ="O_COMPONENT" PICTURETEXT ="" PORTTYPE ="OUTPUT" PRECISION ="256" SCALE ="0"/>
            <TRANSFORMFIELD DATATYPE ="string" DEFAULTVALUE ="ERROR(&apos;transformation error&apos;)" DESCRIPTION ="" EXPRESSION ="LTRIM(RTRIM(I_BOM_COMPONENT_MATERIAL))" EXPRESSIONTYPE ="GENERAL" NAME ="O_BOM_COMPONENT_MATERIAL" PICTURETEXT ="" PORTTYPE ="OUTPUT" PRECISION ="256" SCALE ="0"/>
            <TRANSFORMFIELD DATATYPE ="string" DEFAULTVALUE ="ERROR(&apos;transformation error&apos;)" DESCRIPTION ="" EXPRESSION ="LTRIM(RTRIM(I_CREATED_ON))" EXPRESSIONTYPE ="GENERAL" NAME ="O_CREATED_ON" PICTURETEXT ="" PORTTYPE ="OUTPUT" PRECISION ="256" SCALE ="0"/>
            <TRANSFORMFIELD DATATYPE ="string" DEFAULTVALUE ="ERROR(&apos;transformation error&apos;)" DESCRIPTION ="" EXPRESSION ="LTRIM(RTRIM(I_ISSUING_PLANT))" EXPRESSIONTYPE ="GENERAL" NAME ="O_ISSUING_PLANT" PICTURETEXT ="" PORTTYPE ="OUTPUT" PRECISION ="256" SCALE ="0"/>
            <TRANSFORMFIELD DATATYPE ="string" DEFAULTVALUE ="ERROR(&apos;transformation error&apos;)" DESCRIPTION ="" EXPRESSION ="LTRIM(RTRIM(I_CHANGED_ON))" EXPRESSIONTYPE ="GENERAL" NAME ="O_CHANGED_ON" PICTURETEXT ="" PORTTYPE ="OUTPUT" PRECISION ="256" SCALE ="0"/>
            <TRANSFORMFIELD DATATYPE ="string" DEFAULTVALUE ="ERROR(&apos;transformation error&apos;)" DESCRIPTION ="" EXPRESSION ="LTRIM(RTRIM(I_MATERIAL))" EXPRESSIONTYPE ="GENERAL" NAME ="O_MATERIAL" PICTURETEXT ="" PORTTYPE ="OUTPUT" PRECISION ="256" SCALE ="0"/>
            <TRANSFORMFIELD DATATYPE ="string" DEFAULTVALUE ="ERROR(&apos;transformation error&apos;)" DESCRIPTION ="" EXPRESSION ="LTRIM(RTRIM(I_MATERIAL_GRID_NUMBER))" EXPRESSIONTYPE ="GENERAL" NAME ="O_MATERIAL_GRID_NUMBER" PICTURETEXT ="" PORTTYPE ="OUTPUT" PRECISION ="256" SCALE ="0"/>
            <TRANSFORMFIELD DATATYPE ="string" DEFAULTVALUE ="ERROR(&apos;transformation error&apos;)" DESCRIPTION ="" EXPRESSION ="LTRIM(RTRIM(I_PLANT))" EXPRESSIONTYPE ="GENERAL" NAME ="O_PLANT" PICTURETEXT ="" PORTTYPE ="OUTPUT" PRECISION ="256" SCALE ="0"/>
            <TRANSFORMFIELD DATATYPE ="string" DEFAULTVALUE ="ERROR(&apos;transformation error&apos;)" DESCRIPTION ="" EXPRESSION ="LTRIM(RTRIM(I_USER_NAME))" EXPRESSIONTYPE ="GENERAL" NAME ="O_USER_NAME" PICTURETEXT ="" PORTTYPE ="OUTPUT" PRECISION ="256" SCALE ="0"/>
            <TRANSFORMFIELD DATATYPE ="string" DEFAULTVALUE ="ERROR(&apos;transformation error&apos;)" DESCRIPTION ="" EXPRESSION ="LTRIM(RTRIM(I_VALID_FROM))" EXPRESSIONTYPE ="GENERAL" NAME ="O_VALID_FROM" PICTURETEXT ="" PORTTYPE ="OUTPUT" PRECISION ="256" SCALE ="0"/>
            <TRANSFORMFIELD DATATYPE ="decimal" DEFAULTVALUE ="ERROR(&apos;transformation error&apos;)" DESCRIPTION ="" EXPRESSION ="TO_DECIMAL(LTRIM(RTRIM(I_AFS_COMPONENT_QTY)))" EXPRESSIONTYPE ="GENERAL" NAME ="O_AFS_COMPONENT_QTY" PICTURETEXT ="" PORTTYPE ="OUTPUT" PRECISION ="17" SCALE ="3"/>
            <TRANSFORMFIELD DATATYPE ="decimal" DEFAULTVALUE ="ERROR(&apos;transformation error&apos;)" DESCRIPTION ="" EXPRESSION ="TO_DECIMAL(LTRIM(RTRIM(I_BOM_COMP_QTY)))" EXPRESSIONTYPE ="GENERAL" NAME ="O_BOM_COMP_QTY" PICTURETEXT ="" PORTTYPE ="OUTPUT" PRECISION ="17" SCALE ="3"/>
            <TRANSFORMFIELD DATATYPE ="decimal" DEFAULTVALUE ="ERROR(&apos;transformation error&apos;)" DESCRIPTION ="" EXPRESSION ="TO_DECIMAL(LTRIM(RTRIM(I_QTY_IN_BASE_UOM)))" EXPRESSIONTYPE ="GENERAL" NAME ="O_QTY_IN_BASE_UOM" PICTURETEXT ="" PORTTYPE ="OUTPUT" PRECISION ="17" SCALE ="3"/>
            <TRANSFORMFIELD DATATYPE ="string" DEFAULTVALUE ="ERROR(&apos;transformation error&apos;)" DESCRIPTION ="" EXPRESSION ="LTRIM(RTRIM(I_UPDATE_MODE))" EXPRESSIONTYPE ="GENERAL" NAME ="O_UPDATE_MODE" PICTURETEXT ="" PORTTYPE ="OUTPUT" PRECISION ="256" SCALE ="0"/>
            <TRANSFORMFIELD DATATYPE ="string" DEFAULTVALUE ="ERROR(&apos;transformation error&apos;)" DESCRIPTION ="" EXPRESSION ="LTRIM(RTRIM(I_COMPONENT_UNITS_OF_MEASURE))" EXPRESSIONTYPE ="GENERAL" NAME ="O_COMPONENT_UNITS_OF_MEASURE" PICTURETEXT ="" PORTTYPE ="OUTPUT" PRECISION ="256" SCALE ="0"/>
            <TRANSFORMFIELD DATATYPE ="string" DEFAULTVALUE ="ERROR(&apos;transformation error&apos;)" DESCRIPTION ="" EXPRESSION ="LTRIM(RTRIM(I_BOM_COMPONENT_UOM))" EXPRESSIONTYPE ="GENERAL" NAME ="O_BOM_COMPONENT_UOM" PICTURETEXT ="" PORTTYPE ="OUTPUT" PRECISION ="256" SCALE ="0"/>
            <TRANSFORMFIELD DATATYPE ="string" DEFAULTVALUE ="ERROR(&apos;transformation error&apos;)" DESCRIPTION ="" EXPRESSION ="LTRIM(RTRIM(I_BASE_UNIT))" EXPRESSIONTYPE ="GENERAL" NAME ="O_BASE_UNIT" PICTURETEXT ="" PORTTYPE ="OUTPUT" PRECISION ="256" SCALE ="0"/>
            <TRANSFORMFIELD DATATYPE ="decimal" DEFAULTVALUE ="ERROR(&apos;transformation error&apos;)" DESCRIPTION ="" EXPRESSION ="TO_DECIMAL(LTRIM(RTRIM(I_STANDARD_PRICE)))" EXPRESSIONTYPE ="GENERAL" NAME ="O_STANDARD_PRICE" PICTURETEXT ="" PORTTYPE ="OUTPUT" PRECISION ="17" SCALE ="2"/>
            <TRANSFORMFIELD DATATYPE ="decimal" DEFAULTVALUE ="ERROR(&apos;transformation error&apos;)" DESCRIPTION ="" EXPRESSION ="TO_DECIMAL(LTRIM(RTRIM(I_GARMENT_QUANTITY)))" EXPRESSIONTYPE ="GENERAL" NAME ="O_GARMENT_QUANTITY" PICTURETEXT ="" PORTTYPE ="OUTPUT" PRECISION ="17" SCALE ="3"/>
            <TRANSFORMFIELD DATATYPE ="decimal" DEFAULTVALUE ="ERROR(&apos;transformation error&apos;)" DESCRIPTION ="" EXPRESSION ="TO_DECIMAL(LTRIM(RTRIM(I_FREE_GOOD_QTY)))" EXPRESSIONTYPE ="GENERAL" NAME ="O_FREE_GOOD_QTY" PICTURETEXT ="" PORTTYPE ="OUTPUT" PRECISION ="17" SCALE ="3"/>
            <TRANSFORMFIELD DATATYPE ="string" DEFAULTVALUE ="ERROR(&apos;transformation error&apos;)" DESCRIPTION ="" EXPRESSION ="LTRIM(RTRIM(I_CURRENCY))" EXPRESSIONTYPE ="GENERAL" NAME ="O_CURRENCY" PICTURETEXT ="" PORTTYPE ="OUTPUT" PRECISION ="256" SCALE ="0"/>
            <TRANSFORMFIELD DATATYPE ="string" DEFAULTVALUE ="ERROR(&apos;transformation error&apos;)" DESCRIPTION ="" EXPRESSION ="LTRIM(RTRIM(I_TARGET_QTY_UOM))" EXPRESSIONTYPE ="GENERAL" NAME ="O_TARGET_QTY_UOM" PICTURETEXT ="" PORTTYPE ="OUTPUT" PRECISION ="256" SCALE ="0"/>
            <TRANSFORMFIELD DATATYPE ="date/time" DEFAULTVALUE ="ERROR(&apos;transformation error&apos;)" DESCRIPTION ="" EXPRESSION ="SESSSTARTTIME" EXPRESSIONTYPE ="GENERAL" NAME ="O_CREATEDDATE" PICTURETEXT ="" PORTTYPE ="OUTPUT" PRECISION ="29" SCALE ="9"/>
            <TRANSFORMFIELD DATATYPE ="date/time" DEFAULTVALUE ="ERROR(&apos;transformation error&apos;)" DESCRIPTION ="" EXPRESSION ="SESSSTARTTIME" EXPRESSIONTYPE ="GENERAL" NAME ="O_MODIFIEDDATE" PICTURETEXT ="" PORTTYPE ="OUTPUT" PRECISION ="29" SCALE ="9"/>
            <TRANSFORMFIELD DATATYPE ="decimal" DEFAULTVALUE ="ERROR(&apos;transformation error&apos;)" DESCRIPTION ="" EXPRESSION ="TO_DECIMAL(LTRIM(RTRIM(I_STANDARD_PRICE_CAD)))" EXPRESSIONTYPE ="GENERAL" NAME ="O_STANDARD_PRICE_CAD" PICTURETEXT ="" PORTTYPE ="OUTPUT" PRECISION ="17" SCALE ="2"/>
            <TABLEATTRIBUTE NAME ="Tracing Level" VALUE ="Normal"/>
        </TRANSFORMATION>
        <INSTANCE DESCRIPTION ="Target- STG_S4_BOM_PPK" NAME ="STG_S4_BOM_PPK" TRANSFORMATION_NAME ="STG_S4_BOM_PPK" TRANSFORMATION_TYPE ="Target Definition" TYPE ="TARGET"/>
        <INSTANCE DBDNAME ="FlatFile" DESCRIPTION ="Source Definition: Flat File DWC_Z_BOM_PPK_COMP.CSV" NAME ="FF_DWC_Z_BOM_PPK_COMP" TRANSFORMATION_NAME ="FF_DWC_Z_BOM_PPK_COMP" TRANSFORMATION_TYPE ="Source Definition" TYPE ="SOURCE"/>
        <INSTANCE DESCRIPTION ="PR_TRUNC_STG_TBLS" NAME ="PR_TRUNC_STG_TBLS" REUSABLE ="YES" TRANSFORMATION_NAME ="PR_TRUNC_STG_TBLS" TRANSFORMATION_TYPE ="Stored Procedure" TYPE ="TRANSFORMATION">
            <TABLEATTRIBUTE NAME ="Call Text" VALUE ="STAGING.PR_TRUNC_STG_TBLS(STG_S4_BOM_PPK)"/>
            <TABLEATTRIBUTE NAME ="Stored Procedure Type" VALUE ="Target Pre Load "/>
        </INSTANCE>
        <INSTANCE DESCRIPTION ="Source Qualifier: Flat File DWC_Z_BOM_PPK_COMP.CSV" NAME ="SQ_FF_DWC_Z_BOM_PPK_COMP" REUSABLE ="NO" TRANSFORMATION_NAME ="SQ_FF_DWC_Z_BOM_PPK_COMP" TRANSFORMATION_TYPE ="Source Qualifier" TYPE ="TRANSFORMATION">
            <ASSOCIATED_SOURCE_INSTANCE NAME ="FF_DWC_Z_BOM_PPK_COMP"/>
        </INSTANCE>
        <INSTANCE DESCRIPTION ="Remove space and convert datatype" NAME ="EXP_DEFAULT" REUSABLE ="NO" TRANSFORMATION_NAME ="EXP_DEFAULT" TRANSFORMATION_TYPE ="Expression" TYPE ="TRANSFORMATION"/>
        <CONNECTOR FROMFIELD ="O_GRID_VALUE" FROMINSTANCE ="EXP_DEFAULT" FROMINSTANCETYPE ="Expression" TOFIELD ="GRIDVALUE" TOINSTANCE ="STG_S4_BOM_PPK" TOINSTANCETYPE ="Target Definition"/>
        <CONNECTOR FROMFIELD ="O_ALTERNATIVE_BOM" FROMINSTANCE ="EXP_DEFAULT" FROMINSTANCETYPE ="Expression" TOFIELD ="ALTERNATIVEBOM" TOINSTANCE ="STG_S4_BOM_PPK" TOINSTANCETYPE ="Target Definition"/>
        <CONNECTOR FROMFIELD ="O_BOM_CATEGORY" FROMINSTANCE ="EXP_DEFAULT" FROMINSTANCETYPE ="Expression" TOFIELD ="BOMCATEGORY" TOINSTANCE ="STG_S4_BOM_PPK" TOINSTANCETYPE ="Target Definition"/>
        <CONNECTOR FROMFIELD ="O_BOM_INTERNAL_COUNTER" FROMINSTANCE ="EXP_DEFAULT" FROMINSTANCETYPE ="Expression" TOFIELD ="BOMINTERNALCOUNTER" TOINSTANCE ="STG_S4_BOM_PPK" TOINSTANCETYPE ="Target Definition"/>
        <CONNECTOR FROMFIELD ="O_BOM_ITEM_NODE_NUMBER" FROMINSTANCE ="EXP_DEFAULT" FROMINSTANCETYPE ="Expression" TOFIELD ="BOMITEMNODENUMBER" TOINSTANCE ="STG_S4_BOM_PPK" TOINSTANCETYPE ="Target Definition"/>
        <CONNECTOR FROMFIELD ="O_BOM_ITEM_CATEGORY" FROMINSTANCE ="EXP_DEFAULT" FROMINSTANCETYPE ="Expression" TOFIELD ="BOMITEMCATEGORY" TOINSTANCE ="STG_S4_BOM_PPK" TOINSTANCETYPE ="Target Definition"/>
        <CONNECTOR FROMFIELD ="O_BOM_ITEM_NUMBER" FROMINSTANCE ="EXP_DEFAULT" FROMINSTANCETYPE ="Expression" TOFIELD ="BOMITEMNUMBER" TOINSTANCE ="STG_S4_BOM_PPK" TOINSTANCETYPE ="Target Definition"/>
        <CONNECTOR FROMFIELD ="O_BOM_USAGE" FROMINSTANCE ="EXP_DEFAULT" FROMINSTANCETYPE ="Expression" TOFIELD ="BOMUSAGE" TOINSTANCE ="STG_S4_BOM_PPK" TOINSTANCETYPE ="Target Definition"/>
        <CONNECTOR FROMFIELD ="O_BILL_OF_MATERIAL" FROMINSTANCE ="EXP_DEFAULT" FROMINSTANCETYPE ="Expression" TOFIELD ="BILLOFMATERIAL" TOINSTANCE ="STG_S4_BOM_PPK" TOINSTANCETYPE ="Target Definition"/>
        <CONNECTOR FROMFIELD ="O_BOM_COMPONENT_MATERIAL" FROMINSTANCE ="EXP_DEFAULT" FROMINSTANCETYPE ="Expression" TOFIELD ="BOMCOMPONENTMATERIAL" TOINSTANCE ="STG_S4_BOM_PPK" TOINSTANCETYPE ="Target Definition"/>
        <CONNECTOR FROMFIELD ="O_CREATED_ON" FROMINSTANCE ="EXP_DEFAULT" FROMINSTANCETYPE ="Expression" TOFIELD ="CREATEDON" TOINSTANCE ="STG_S4_BOM_PPK" TOINSTANCETYPE ="Target Definition"/>
        <CONNECTOR FROMFIELD ="O_ISSUING_PLANT" FROMINSTANCE ="EXP_DEFAULT" FROMINSTANCETYPE ="Expression" TOFIELD ="ISSUINGPLANT" TOINSTANCE ="STG_S4_BOM_PPK" TOINSTANCETYPE ="Target Definition"/>
        <CONNECTOR FROMFIELD ="O_CHANGED_ON" FROMINSTANCE ="EXP_DEFAULT" FROMINSTANCETYPE ="Expression" TOFIELD ="CHANGEDON" TOINSTANCE ="STG_S4_BOM_PPK" TOINSTANCETYPE ="Target Definition"/>
        <CONNECTOR FROMFIELD ="O_MATERIAL" FROMINSTANCE ="EXP_DEFAULT" FROMINSTANCETYPE ="Expression" TOFIELD ="MATERIAL" TOINSTANCE ="STG_S4_BOM_PPK" TOINSTANCETYPE ="Target Definition"/>
        <CONNECTOR FROMFIELD ="O_MATERIAL_GRID_NUMBER" FROMINSTANCE ="EXP_DEFAULT" FROMINSTANCETYPE ="Expression" TOFIELD ="MATERIALGRIDNUMBER" TOINSTANCE ="STG_S4_BOM_PPK" TOINSTANCETYPE ="Target Definition"/>
        <CONNECTOR FROMFIELD ="O_PLANT" FROMINSTANCE ="EXP_DEFAULT" FROMINSTANCETYPE ="Expression" TOFIELD ="PLANT" TOINSTANCE ="STG_S4_BOM_PPK" TOINSTANCETYPE ="Target Definition"/>
        <CONNECTOR FROMFIELD ="O_USER_NAME" FROMINSTANCE ="EXP_DEFAULT" FROMINSTANCETYPE ="Expression" TOFIELD ="USERNAME" TOINSTANCE ="STG_S4_BOM_PPK" TOINSTANCETYPE ="Target Definition"/>
        <CONNECTOR FROMFIELD ="O_VALID_FROM" FROMINSTANCE ="EXP_DEFAULT" FROMINSTANCETYPE ="Expression" TOFIELD ="VALIDFROM" TOINSTANCE ="STG_S4_BOM_PPK" TOINSTANCETYPE ="Target Definition"/>
        <CONNECTOR FROMFIELD ="O_AFS_COMPONENT_QTY" FROMINSTANCE ="EXP_DEFAULT" FROMINSTANCETYPE ="Expression" TOFIELD ="AFSCOMPONENTQTY" TOINSTANCE ="STG_S4_BOM_PPK" TOINSTANCETYPE ="Target Definition"/>
        <CONNECTOR FROMFIELD ="O_BOM_COMP_QTY" FROMINSTANCE ="EXP_DEFAULT" FROMINSTANCETYPE ="Expression" TOFIELD ="BOMCOMPQTY" TOINSTANCE ="STG_S4_BOM_PPK" TOINSTANCETYPE ="Target Definition"/>
        <CONNECTOR FROMFIELD ="O_QTY_IN_BASE_UOM" FROMINSTANCE ="EXP_DEFAULT" FROMINSTANCETYPE ="Expression" TOFIELD ="QTYINBASEUOM" TOINSTANCE ="STG_S4_BOM_PPK" TOINSTANCETYPE ="Target Definition"/>
        <CONNECTOR FROMFIELD ="O_UPDATE_MODE" FROMINSTANCE ="EXP_DEFAULT" FROMINSTANCETYPE ="Expression" TOFIELD ="UPDATEMODE" TOINSTANCE ="STG_S4_BOM_PPK" TOINSTANCETYPE ="Target Definition"/>
        <CONNECTOR FROMFIELD ="O_COMPONENT_UNITS_OF_MEASURE" FROMINSTANCE ="EXP_DEFAULT" FROMINSTANCETYPE ="Expression" TOFIELD ="COMPONENTUNITSOFMEASURE" TOINSTANCE ="STG_S4_BOM_PPK" TOINSTANCETYPE ="Target Definition"/>
        <CONNECTOR FROMFIELD ="O_BOM_COMPONENT_UOM" FROMINSTANCE ="EXP_DEFAULT" FROMINSTANCETYPE ="Expression" TOFIELD ="BOMCOMPONENTUOM" TOINSTANCE ="STG_S4_BOM_PPK" TOINSTANCETYPE ="Target Definition"/>
        <CONNECTOR FROMFIELD ="O_BASE_UNIT" FROMINSTANCE ="EXP_DEFAULT" FROMINSTANCETYPE ="Expression" TOFIELD ="BASEUNIT" TOINSTANCE ="STG_S4_BOM_PPK" TOINSTANCETYPE ="Target Definition"/>
        <CONNECTOR FROMFIELD ="O_STANDARD_PRICE" FROMINSTANCE ="EXP_DEFAULT" FROMINSTANCETYPE ="Expression" TOFIELD ="STANDARDPRICE" TOINSTANCE ="STG_S4_BOM_PPK" TOINSTANCETYPE ="Target Definition"/>
        <CONNECTOR FROMFIELD ="O_GARMENT_QUANTITY" FROMINSTANCE ="EXP_DEFAULT" FROMINSTANCETYPE ="Expression" TOFIELD ="GARMENTQUANTITY" TOINSTANCE ="STG_S4_BOM_PPK" TOINSTANCETYPE ="Target Definition"/>
        <CONNECTOR FROMFIELD ="O_CURRENCY" FROMINSTANCE ="EXP_DEFAULT" FROMINSTANCETYPE ="Expression" TOFIELD ="CURRENCY" TOINSTANCE ="STG_S4_BOM_PPK" TOINSTANCETYPE ="Target Definition"/>
        <CONNECTOR FROMFIELD ="O_FREE_GOOD_QTY" FROMINSTANCE ="EXP_DEFAULT" FROMINSTANCETYPE ="Expression" TOFIELD ="FREEGOODQTY" TOINSTANCE ="STG_S4_BOM_PPK" TOINSTANCETYPE ="Target Definition"/>
        <CONNECTOR FROMFIELD ="O_TARGET_QTY_UOM" FROMINSTANCE ="EXP_DEFAULT" FROMINSTANCETYPE ="Expression" TOFIELD ="TARGETQTYUOM" TOINSTANCE ="STG_S4_BOM_PPK" TOINSTANCETYPE ="Target Definition"/>
        <CONNECTOR FROMFIELD ="O_CREATEDDATE" FROMINSTANCE ="EXP_DEFAULT" FROMINSTANCETYPE ="Expression" TOFIELD ="CREATEDDATE" TOINSTANCE ="STG_S4_BOM_PPK" TOINSTANCETYPE ="Target Definition"/>
        <CONNECTOR FROMFIELD ="O_MODIFIEDDATE" FROMINSTANCE ="EXP_DEFAULT" FROMINSTANCETYPE ="Expression" TOFIELD ="MODIFIEDDATE" TOINSTANCE ="STG_S4_BOM_PPK" TOINSTANCETYPE ="Target Definition"/>
        <CONNECTOR FROMFIELD ="O_COMPONENT" FROMINSTANCE ="EXP_DEFAULT" FROMINSTANCETYPE ="Expression" TOFIELD ="COMPONENT" TOINSTANCE ="STG_S4_BOM_PPK" TOINSTANCETYPE ="Target Definition"/>
        <CONNECTOR FROMFIELD ="O_STANDARD_PRICE_CAD" FROMINSTANCE ="EXP_DEFAULT" FROMINSTANCETYPE ="Expression" TOFIELD ="STANDARDPRICECAD" TOINSTANCE ="STG_S4_BOM_PPK" TOINSTANCETYPE ="Target Definition"/>
        <CONNECTOR FROMFIELD ="GRID_VALUE" FROMINSTANCE ="FF_DWC_Z_BOM_PPK_COMP" FROMINSTANCETYPE ="Source Definition" TOFIELD ="GRID_VALUE" TOINSTANCE ="SQ_FF_DWC_Z_BOM_PPK_COMP" TOINSTANCETYPE ="Source Qualifier"/>
        <CONNECTOR FROMFIELD ="ALTERNATIVE_BOM" FROMINSTANCE ="FF_DWC_Z_BOM_PPK_COMP" FROMINSTANCETYPE ="Source Definition" TOFIELD ="ALTERNATIVE_BOM" TOINSTANCE ="SQ_FF_DWC_Z_BOM_PPK_COMP" TOINSTANCETYPE ="Source Qualifier"/>
        <CONNECTOR FROMFIELD ="BOM_CATEGORY" FROMINSTANCE ="FF_DWC_Z_BOM_PPK_COMP" FROMINSTANCETYPE ="Source Definition" TOFIELD ="BOM_CATEGORY" TOINSTANCE ="SQ_FF_DWC_Z_BOM_PPK_COMP" TOINSTANCETYPE ="Source Qualifier"/>
        <CONNECTOR FROMFIELD ="BOM_INTERNAL_COUNTER" FROMINSTANCE ="FF_DWC_Z_BOM_PPK_COMP" FROMINSTANCETYPE ="Source Definition" TOFIELD ="BOM_INTERNAL_COUNTER" TOINSTANCE ="SQ_FF_DWC_Z_BOM_PPK_COMP" TOINSTANCETYPE ="Source Qualifier"/>
        <CONNECTOR FROMFIELD ="BOM_ITEM_NODE_NUMBER" FROMINSTANCE ="FF_DWC_Z_BOM_PPK_COMP" FROMINSTANCETYPE ="Source Definition" TOFIELD ="BOM_ITEM_NODE_NUMBER" TOINSTANCE ="SQ_FF_DWC_Z_BOM_PPK_COMP" TOINSTANCETYPE ="Source Qualifier"/>
        <CONNECTOR FROMFIELD ="BOM_ITEM_CATEGORY" FROMINSTANCE ="FF_DWC_Z_BOM_PPK_COMP" FROMINSTANCETYPE ="Source Definition" TOFIELD ="BOM_ITEM_CATEGORY" TOINSTANCE ="SQ_FF_DWC_Z_BOM_PPK_COMP" TOINSTANCETYPE ="Source Qualifier"/>
        <CONNECTOR FROMFIELD ="BOM_ITEM_NUMBER" FROMINSTANCE ="FF_DWC_Z_BOM_PPK_COMP" FROMINSTANCETYPE ="Source Definition" TOFIELD ="BOM_ITEM_NUMBER" TOINSTANCE ="SQ_FF_DWC_Z_BOM_PPK_COMP" TOINSTANCETYPE ="Source Qualifier"/>
        <CONNECTOR FROMFIELD ="BOM_USAGE" FROMINSTANCE ="FF_DWC_Z_BOM_PPK_COMP" FROMINSTANCETYPE ="Source Definition" TOFIELD ="BOM_USAGE" TOINSTANCE ="SQ_FF_DWC_Z_BOM_PPK_COMP" TOINSTANCETYPE ="Source Qualifier"/>
        <CONNECTOR FROMFIELD ="BILL_OF_MATERIAL" FROMINSTANCE ="FF_DWC_Z_BOM_PPK_COMP" FROMINSTANCETYPE ="Source Definition" TOFIELD ="BILL_OF_MATERIAL" TOINSTANCE ="SQ_FF_DWC_Z_BOM_PPK_COMP" TOINSTANCETYPE ="Source Qualifier"/>
        <CONNECTOR FROMFIELD ="COMPONENT" FROMINSTANCE ="FF_DWC_Z_BOM_PPK_COMP" FROMINSTANCETYPE ="Source Definition" TOFIELD ="COMPONENT" TOINSTANCE ="SQ_FF_DWC_Z_BOM_PPK_COMP" TOINSTANCETYPE ="Source Qualifier"/>
        <CONNECTOR FROMFIELD ="BOM_COMPONENT_MATERIAL" FROMINSTANCE ="FF_DWC_Z_BOM_PPK_COMP" FROMINSTANCETYPE ="Source Definition" TOFIELD ="BOM_COMPONENT_MATERIAL" TOINSTANCE ="SQ_FF_DWC_Z_BOM_PPK_COMP" TOINSTANCETYPE ="Source Qualifier"/>
        <CONNECTOR FROMFIELD ="CREATED_ON" FROMINSTANCE ="FF_DWC_Z_BOM_PPK_COMP" FROMINSTANCETYPE ="Source Definition" TOFIELD ="CREATED_ON" TOINSTANCE ="SQ_FF_DWC_Z_BOM_PPK_COMP" TOINSTANCETYPE ="Source Qualifier"/>
        <CONNECTOR FROMFIELD ="ISSUING_PLANT" FROMINSTANCE ="FF_DWC_Z_BOM_PPK_COMP" FROMINSTANCETYPE ="Source Definition" TOFIELD ="ISSUING_PLANT" TOINSTANCE ="SQ_FF_DWC_Z_BOM_PPK_COMP" TOINSTANCETYPE ="Source Qualifier"/>
        <CONNECTOR FROMFIELD ="CHANGED_ON" FROMINSTANCE ="FF_DWC_Z_BOM_PPK_COMP" FROMINSTANCETYPE ="Source Definition" TOFIELD ="CHANGED_ON" TOINSTANCE ="SQ_FF_DWC_Z_BOM_PPK_COMP" TOINSTANCETYPE ="Source Qualifier"/>
        <CONNECTOR FROMFIELD ="MATERIAL" FROMINSTANCE ="FF_DWC_Z_BOM_PPK_COMP" FROMINSTANCETYPE ="Source Definition" TOFIELD ="MATERIAL" TOINSTANCE ="SQ_FF_DWC_Z_BOM_PPK_COMP" TOINSTANCETYPE ="Source Qualifier"/>
        <CONNECTOR FROMFIELD ="MATERIAL_GRID_NUMBER" FROMINSTANCE ="FF_DWC_Z_BOM_PPK_COMP" FROMINSTANCETYPE ="Source Definition" TOFIELD ="MATERIAL_GRID_NUMBER" TOINSTANCE ="SQ_FF_DWC_Z_BOM_PPK_COMP" TOINSTANCETYPE ="Source Qualifier"/>
        <CONNECTOR FROMFIELD ="PLANT" FROMINSTANCE ="FF_DWC_Z_BOM_PPK_COMP" FROMINSTANCETYPE ="Source Definition" TOFIELD ="PLANT" TOINSTANCE ="SQ_FF_DWC_Z_BOM_PPK_COMP" TOINSTANCETYPE ="Source Qualifier"/>
        <CONNECTOR FROMFIELD ="USER_NAME" FROMINSTANCE ="FF_DWC_Z_BOM_PPK_COMP" FROMINSTANCETYPE ="Source Definition" TOFIELD ="USER_NAME" TOINSTANCE ="SQ_FF_DWC_Z_BOM_PPK_COMP" TOINSTANCETYPE ="Source Qualifier"/>
        <CONNECTOR FROMFIELD ="VALID_FROM" FROMINSTANCE ="FF_DWC_Z_BOM_PPK_COMP" FROMINSTANCETYPE ="Source Definition" TOFIELD ="VALID_FROM" TOINSTANCE ="SQ_FF_DWC_Z_BOM_PPK_COMP" TOINSTANCETYPE ="Source Qualifier"/>
        <CONNECTOR FROMFIELD ="AFS_COMPONENT_QTY" FROMINSTANCE ="FF_DWC_Z_BOM_PPK_COMP" FROMINSTANCETYPE ="Source Definition" TOFIELD ="AFS_COMPONENT_QTY" TOINSTANCE ="SQ_FF_DWC_Z_BOM_PPK_COMP" TOINSTANCETYPE ="Source Qualifier"/>
        <CONNECTOR FROMFIELD ="BOM_COMP_QTY" FROMINSTANCE ="FF_DWC_Z_BOM_PPK_COMP" FROMINSTANCETYPE ="Source Definition" TOFIELD ="BOM_COMP_QTY" TOINSTANCE ="SQ_FF_DWC_Z_BOM_PPK_COMP" TOINSTANCETYPE ="Source Qualifier"/>
        <CONNECTOR FROMFIELD ="QTY_IN_BASE_UOM" FROMINSTANCE ="FF_DWC_Z_BOM_PPK_COMP" FROMINSTANCETYPE ="Source Definition" TOFIELD ="QTY_IN_BASE_UOM" TOINSTANCE ="SQ_FF_DWC_Z_BOM_PPK_COMP" TOINSTANCETYPE ="Source Qualifier"/>
        <CONNECTOR FROMFIELD ="UPDATE_MODE" FROMINSTANCE ="FF_DWC_Z_BOM_PPK_COMP" FROMINSTANCETYPE ="Source Definition" TOFIELD ="UPDATE_MODE" TOINSTANCE ="SQ_FF_DWC_Z_BOM_PPK_COMP" TOINSTANCETYPE ="Source Qualifier"/>
        <CONNECTOR FROMFIELD ="COMPONENT_UNITS_OF_MEASURE" FROMINSTANCE ="FF_DWC_Z_BOM_PPK_COMP" FROMINSTANCETYPE ="Source Definition" TOFIELD ="COMPONENT_UNITS_OF_MEASURE" TOINSTANCE ="SQ_FF_DWC_Z_BOM_PPK_COMP" TOINSTANCETYPE ="Source Qualifier"/>
        <CONNECTOR FROMFIELD ="BOM_COMPONENT_UOM" FROMINSTANCE ="FF_DWC_Z_BOM_PPK_COMP" FROMINSTANCETYPE ="Source Definition" TOFIELD ="BOM_COMPONENT_UOM" TOINSTANCE ="SQ_FF_DWC_Z_BOM_PPK_COMP" TOINSTANCETYPE ="Source Qualifier"/>
        <CONNECTOR FROMFIELD ="BASE_UNIT" FROMINSTANCE ="FF_DWC_Z_BOM_PPK_COMP" FROMINSTANCETYPE ="Source Definition" TOFIELD ="BASE_UNIT" TOINSTANCE ="SQ_FF_DWC_Z_BOM_PPK_COMP" TOINSTANCETYPE ="Source Qualifier"/>
        <CONNECTOR FROMFIELD ="STANDARD_PRICE" FROMINSTANCE ="FF_DWC_Z_BOM_PPK_COMP" FROMINSTANCETYPE ="Source Definition" TOFIELD ="STANDARD_PRICE" TOINSTANCE ="SQ_FF_DWC_Z_BOM_PPK_COMP" TOINSTANCETYPE ="Source Qualifier"/>
        <CONNECTOR FROMFIELD ="GARMENT_QUANTITY" FROMINSTANCE ="FF_DWC_Z_BOM_PPK_COMP" FROMINSTANCETYPE ="Source Definition" TOFIELD ="GARMENT_QUANTITY" TOINSTANCE ="SQ_FF_DWC_Z_BOM_PPK_COMP" TOINSTANCETYPE ="Source Qualifier"/>
        <CONNECTOR FROMFIELD ="CURRENCY" FROMINSTANCE ="FF_DWC_Z_BOM_PPK_COMP" FROMINSTANCETYPE ="Source Definition" TOFIELD ="CURRENCY" TOINSTANCE ="SQ_FF_DWC_Z_BOM_PPK_COMP" TOINSTANCETYPE ="Source Qualifier"/>
        <CONNECTOR FROMFIELD ="FREE_GOOD_QTY" FROMINSTANCE ="FF_DWC_Z_BOM_PPK_COMP" FROMINSTANCETYPE ="Source Definition" TOFIELD ="FREE_GOOD_QTY" TOINSTANCE ="SQ_FF_DWC_Z_BOM_PPK_COMP" TOINSTANCETYPE ="Source Qualifier"/>
        <CONNECTOR FROMFIELD ="TARGET_QTY_UOM" FROMINSTANCE ="FF_DWC_Z_BOM_PPK_COMP" FROMINSTANCETYPE ="Source Definition" TOFIELD ="TARGET_QTY_UOM" TOINSTANCE ="SQ_FF_DWC_Z_BOM_PPK_COMP" TOINSTANCETYPE ="Source Qualifier"/>
        <CONNECTOR FROMFIELD ="STANDARD_PRICE_CAD" FROMINSTANCE ="FF_DWC_Z_BOM_PPK_COMP" FROMINSTANCETYPE ="Source Definition" TOFIELD ="STANDARD_PRICE_CAD" TOINSTANCE ="SQ_FF_DWC_Z_BOM_PPK_COMP" TOINSTANCETYPE ="Source Qualifier"/>
        <CONNECTOR FROMFIELD ="GRID_VALUE" FROMINSTANCE ="SQ_FF_DWC_Z_BOM_PPK_COMP" FROMINSTANCETYPE ="Source Qualifier" TOFIELD ="I_GRID_VALUE" TOINSTANCE ="EXP_DEFAULT" TOINSTANCETYPE ="Expression"/>
        <CONNECTOR FROMFIELD ="ALTERNATIVE_BOM" FROMINSTANCE ="SQ_FF_DWC_Z_BOM_PPK_COMP" FROMINSTANCETYPE ="Source Qualifier" TOFIELD ="I_ALTERNATIVE_BOM" TOINSTANCE ="EXP_DEFAULT" TOINSTANCETYPE ="Expression"/>
        <CONNECTOR FROMFIELD ="BOM_CATEGORY" FROMINSTANCE ="SQ_FF_DWC_Z_BOM_PPK_COMP" FROMINSTANCETYPE ="Source Qualifier" TOFIELD ="I_BOM_CATEGORY" TOINSTANCE ="EXP_DEFAULT" TOINSTANCETYPE ="Expression"/>
        <CONNECTOR FROMFIELD ="BOM_INTERNAL_COUNTER" FROMINSTANCE ="SQ_FF_DWC_Z_BOM_PPK_COMP" FROMINSTANCETYPE ="Source Qualifier" TOFIELD ="I_BOM_INTERNAL_COUNTER" TOINSTANCE ="EXP_DEFAULT" TOINSTANCETYPE ="Expression"/>
        <CONNECTOR FROMFIELD ="BOM_ITEM_NODE_NUMBER" FROMINSTANCE ="SQ_FF_DWC_Z_BOM_PPK_COMP" FROMINSTANCETYPE ="Source Qualifier" TOFIELD ="I_BOM_ITEM_NODE_NUMBER" TOINSTANCE ="EXP_DEFAULT" TOINSTANCETYPE ="Expression"/>
        <CONNECTOR FROMFIELD ="BOM_ITEM_CATEGORY" FROMINSTANCE ="SQ_FF_DWC_Z_BOM_PPK_COMP" FROMINSTANCETYPE ="Source Qualifier" TOFIELD ="I_BOM_ITEM_CATEGORY" TOINSTANCE ="EXP_DEFAULT" TOINSTANCETYPE ="Expression"/>
        <CONNECTOR FROMFIELD ="BOM_ITEM_NUMBER" FROMINSTANCE ="SQ_FF_DWC_Z_BOM_PPK_COMP" FROMINSTANCETYPE ="Source Qualifier" TOFIELD ="I_BOM_ITEM_NUMBER" TOINSTANCE ="EXP_DEFAULT" TOINSTANCETYPE ="Expression"/>
        <CONNECTOR FROMFIELD ="BOM_USAGE" FROMINSTANCE ="SQ_FF_DWC_Z_BOM_PPK_COMP" FROMINSTANCETYPE ="Source Qualifier" TOFIELD ="I_BOM_USAGE" TOINSTANCE ="EXP_DEFAULT" TOINSTANCETYPE ="Expression"/>
        <CONNECTOR FROMFIELD ="BILL_OF_MATERIAL" FROMINSTANCE ="SQ_FF_DWC_Z_BOM_PPK_COMP" FROMINSTANCETYPE ="Source Qualifier" TOFIELD ="I_BILL_OF_MATERIAL" TOINSTANCE ="EXP_DEFAULT" TOINSTANCETYPE ="Expression"/>
        <CONNECTOR FROMFIELD ="COMPONENT" FROMINSTANCE ="SQ_FF_DWC_Z_BOM_PPK_COMP" FROMINSTANCETYPE ="Source Qualifier" TOFIELD ="I_COMPONENT" TOINSTANCE ="EXP_DEFAULT" TOINSTANCETYPE ="Expression"/>
        <CONNECTOR FROMFIELD ="BOM_COMPONENT_MATERIAL" FROMINSTANCE ="SQ_FF_DWC_Z_BOM_PPK_COMP" FROMINSTANCETYPE ="Source Qualifier" TOFIELD ="I_BOM_COMPONENT_MATERIAL" TOINSTANCE ="EXP_DEFAULT" TOINSTANCETYPE ="Expression"/>
        <CONNECTOR FROMFIELD ="CREATED_ON" FROMINSTANCE ="SQ_FF_DWC_Z_BOM_PPK_COMP" FROMINSTANCETYPE ="Source Qualifier" TOFIELD ="I_CREATED_ON" TOINSTANCE ="EXP_DEFAULT" TOINSTANCETYPE ="Expression"/>
        <CONNECTOR FROMFIELD ="ISSUING_PLANT" FROMINSTANCE ="SQ_FF_DWC_Z_BOM_PPK_COMP" FROMINSTANCETYPE ="Source Qualifier" TOFIELD ="I_ISSUING_PLANT" TOINSTANCE ="EXP_DEFAULT" TOINSTANCETYPE ="Expression"/>
        <CONNECTOR FROMFIELD ="CHANGED_ON" FROMINSTANCE ="SQ_FF_DWC_Z_BOM_PPK_COMP" FROMINSTANCETYPE ="Source Qualifier" TOFIELD ="I_CHANGED_ON" TOINSTANCE ="EXP_DEFAULT" TOINSTANCETYPE ="Expression"/>
        <CONNECTOR FROMFIELD ="MATERIAL" FROMINSTANCE ="SQ_FF_DWC_Z_BOM_PPK_COMP" FROMINSTANCETYPE ="Source Qualifier" TOFIELD ="I_MATERIAL" TOINSTANCE ="EXP_DEFAULT" TOINSTANCETYPE ="Expression"/>
        <CONNECTOR FROMFIELD ="MATERIAL_GRID_NUMBER" FROMINSTANCE ="SQ_FF_DWC_Z_BOM_PPK_COMP" FROMINSTANCETYPE ="Source Qualifier" TOFIELD ="I_MATERIAL_GRID_NUMBER" TOINSTANCE ="EXP_DEFAULT" TOINSTANCETYPE ="Expression"/>
        <CONNECTOR FROMFIELD ="PLANT" FROMINSTANCE ="SQ_FF_DWC_Z_BOM_PPK_COMP" FROMINSTANCETYPE ="Source Qualifier" TOFIELD ="I_PLANT" TOINSTANCE ="EXP_DEFAULT" TOINSTANCETYPE ="Expression"/>
        <CONNECTOR FROMFIELD ="USER_NAME" FROMINSTANCE ="SQ_FF_DWC_Z_BOM_PPK_COMP" FROMINSTANCETYPE ="Source Qualifier" TOFIELD ="I_USER_NAME" TOINSTANCE ="EXP_DEFAULT" TOINSTANCETYPE ="Expression"/>
        <CONNECTOR FROMFIELD ="VALID_FROM" FROMINSTANCE ="SQ_FF_DWC_Z_BOM_PPK_COMP" FROMINSTANCETYPE ="Source Qualifier" TOFIELD ="I_VALID_FROM" TOINSTANCE ="EXP_DEFAULT" TOINSTANCETYPE ="Expression"/>
        <CONNECTOR FROMFIELD ="AFS_COMPONENT_QTY" FROMINSTANCE ="SQ_FF_DWC_Z_BOM_PPK_COMP" FROMINSTANCETYPE ="Source Qualifier" TOFIELD ="I_AFS_COMPONENT_QTY" TOINSTANCE ="EXP_DEFAULT" TOINSTANCETYPE ="Expression"/>
        <CONNECTOR FROMFIELD ="BOM_COMP_QTY" FROMINSTANCE ="SQ_FF_DWC_Z_BOM_PPK_COMP" FROMINSTANCETYPE ="Source Qualifier" TOFIELD ="I_BOM_COMP_QTY" TOINSTANCE ="EXP_DEFAULT" TOINSTANCETYPE ="Expression"/>
        <CONNECTOR FROMFIELD ="QTY_IN_BASE_UOM" FROMINSTANCE ="SQ_FF_DWC_Z_BOM_PPK_COMP" FROMINSTANCETYPE ="Source Qualifier" TOFIELD ="I_QTY_IN_BASE_UOM" TOINSTANCE ="EXP_DEFAULT" TOINSTANCETYPE ="Expression"/>
        <CONNECTOR FROMFIELD ="UPDATE_MODE" FROMINSTANCE ="SQ_FF_DWC_Z_BOM_PPK_COMP" FROMINSTANCETYPE ="Source Qualifier" TOFIELD ="I_UPDATE_MODE" TOINSTANCE ="EXP_DEFAULT" TOINSTANCETYPE ="Expression"/>
        <CONNECTOR FROMFIELD ="COMPONENT_UNITS_OF_MEASURE" FROMINSTANCE ="SQ_FF_DWC_Z_BOM_PPK_COMP" FROMINSTANCETYPE ="Source Qualifier" TOFIELD ="I_COMPONENT_UNITS_OF_MEASURE" TOINSTANCE ="EXP_DEFAULT" TOINSTANCETYPE ="Expression"/>
        <CONNECTOR FROMFIELD ="BOM_COMPONENT_UOM" FROMINSTANCE ="SQ_FF_DWC_Z_BOM_PPK_COMP" FROMINSTANCETYPE ="Source Qualifier" TOFIELD ="I_BOM_COMPONENT_UOM" TOINSTANCE ="EXP_DEFAULT" TOINSTANCETYPE ="Expression"/>
        <CONNECTOR FROMFIELD ="BASE_UNIT" FROMINSTANCE ="SQ_FF_DWC_Z_BOM_PPK_COMP" FROMINSTANCETYPE ="Source Qualifier" TOFIELD ="I_BASE_UNIT" TOINSTANCE ="EXP_DEFAULT" TOINSTANCETYPE ="Expression"/>
        <CONNECTOR FROMFIELD ="STANDARD_PRICE" FROMINSTANCE ="SQ_FF_DWC_Z_BOM_PPK_COMP" FROMINSTANCETYPE ="Source Qualifier" TOFIELD ="I_STANDARD_PRICE" TOINSTANCE ="EXP_DEFAULT" TOINSTANCETYPE ="Expression"/>
        <CONNECTOR FROMFIELD ="GARMENT_QUANTITY" FROMINSTANCE ="SQ_FF_DWC_Z_BOM_PPK_COMP" FROMINSTANCETYPE ="Source Qualifier" TOFIELD ="I_GARMENT_QUANTITY" TOINSTANCE ="EXP_DEFAULT" TOINSTANCETYPE ="Expression"/>
        <CONNECTOR FROMFIELD ="CURRENCY" FROMINSTANCE ="SQ_FF_DWC_Z_BOM_PPK_COMP" FROMINSTANCETYPE ="Source Qualifier" TOFIELD ="I_CURRENCY" TOINSTANCE ="EXP_DEFAULT" TOINSTANCETYPE ="Expression"/>
        <CONNECTOR FROMFIELD ="FREE_GOOD_QTY" FROMINSTANCE ="SQ_FF_DWC_Z_BOM_PPK_COMP" FROMINSTANCETYPE ="Source Qualifier" TOFIELD ="I_FREE_GOOD_QTY" TOINSTANCE ="EXP_DEFAULT" TOINSTANCETYPE ="Expression"/>
        <CONNECTOR FROMFIELD ="TARGET_QTY_UOM" FROMINSTANCE ="SQ_FF_DWC_Z_BOM_PPK_COMP" FROMINSTANCETYPE ="Source Qualifier" TOFIELD ="I_TARGET_QTY_UOM" TOINSTANCE ="EXP_DEFAULT" TOINSTANCETYPE ="Expression"/>
        <CONNECTOR FROMFIELD ="STANDARD_PRICE_CAD" FROMINSTANCE ="SQ_FF_DWC_Z_BOM_PPK_COMP" FROMINSTANCETYPE ="Source Qualifier" TOFIELD ="I_STANDARD_PRICE_CAD" TOINSTANCE ="EXP_DEFAULT" TOINSTANCETYPE ="Expression"/>
        <TARGETLOADORDER ORDER ="1" TARGETINSTANCE ="STG_S4_BOM_PPK"/>
        <ERPINFO/>
        <METADATAEXTENSION COMPONENTVERSION ="1000000" DATATYPE ="STRING" DESCRIPTION ="" DOMAINNAME ="User Defined Metadata Domain" ISCLIENTEDITABLE ="YES" ISCLIENTVISIBLE ="YES" ISREUSABLE ="NO" ISSHAREREAD ="NO" ISSHAREWRITE ="NO" MAXLENGTH ="256" NAME ="Extension" VALUE ="S4_Integration_stg_S4_BOM_PPK v1.3" VENDORNAME ="INFORMATICA"/>
    </MAPPING>
    <CONFIG DESCRIPTION ="Default session configuration object" ISDEFAULT ="YES" NAME ="default_session_config" VERSIONNUMBER ="1">
        <ATTRIBUTE NAME ="Advanced" VALUE =""/>
        <ATTRIBUTE NAME ="Constraint based load ordering" VALUE ="NO"/>
        <ATTRIBUTE NAME ="Cache LOOKUP() function" VALUE ="YES"/>
        <ATTRIBUTE NAME ="Default buffer block size" VALUE ="Auto"/>
        <ATTRIBUTE NAME ="Line Sequential buffer length" VALUE ="1024"/>
        <ATTRIBUTE NAME ="Maximum Memory Allowed For Auto Memory Attributes" VALUE ="512MB"/>
        <ATTRIBUTE NAME ="Maximum Percentage of Total Memory Allowed For Auto Memory Attributes" VALUE ="5"/>
        <ATTRIBUTE NAME ="Additional Concurrent Pipelines for Lookup Cache Creation" VALUE ="Auto"/>
        <ATTRIBUTE NAME ="Custom Properties" VALUE =""/>
        <ATTRIBUTE NAME ="Pre-build lookup cache" VALUE ="Auto"/>
        <ATTRIBUTE NAME ="Optimization Level" VALUE ="Medium"/>
        <ATTRIBUTE NAME ="DateTime Format String" VALUE ="MM/DD/YYYY HH24:MI:SS.US"/>
        <ATTRIBUTE NAME ="Pre 85 Timestamp Compatibility" VALUE ="NO"/>
        <ATTRIBUTE NAME ="Log Options" VALUE ="0"/>
        <ATTRIBUTE NAME ="Save session log by" VALUE ="Session runs"/>
        <ATTRIBUTE NAME ="Save session log for these runs" VALUE ="9"/>
        <ATTRIBUTE NAME ="Session Log File Max Size" VALUE ="0"/>
        <ATTRIBUTE NAME ="Session Log File Max Time Period" VALUE ="0"/>
        <ATTRIBUTE NAME ="Maximum Partial Session Log Files" VALUE ="1"/>
        <ATTRIBUTE NAME ="Writer Commit Statistics Log Frequency" VALUE ="1"/>
        <ATTRIBUTE NAME ="Writer Commit Statistics Log Interval" VALUE ="0"/>
        <ATTRIBUTE NAME ="Error handling" VALUE =""/>
        <ATTRIBUTE NAME ="Stop on errors" VALUE ="1"/>
        <ATTRIBUTE NAME ="Override tracing" VALUE ="None"/>
        <ATTRIBUTE NAME ="On Stored Procedure error" VALUE ="Stop"/>
        <ATTRIBUTE NAME ="On Pre-session command task error" VALUE ="Stop"/>
        <ATTRIBUTE NAME ="On Pre-Post SQL error" VALUE ="Stop"/>
        <ATTRIBUTE NAME ="Enable Recovery" VALUE ="NO"/>
        <ATTRIBUTE NAME ="Error Log Type" VALUE ="None"/>
        <ATTRIBUTE NAME ="Error Log Table Name Prefix" VALUE =""/>
        <ATTRIBUTE NAME ="Error Log File Name" VALUE ="PMError.log"/>
        <ATTRIBUTE NAME ="Log Source Row Data" VALUE ="NO"/>
        <ATTRIBUTE NAME ="Data Column Delimiter" VALUE ="|"/>
        <ATTRIBUTE NAME ="Partitioning Options" VALUE =""/>
        <ATTRIBUTE NAME ="Dynamic Partitioning" VALUE ="Disabled"/>
        <ATTRIBUTE NAME ="Number of Partitions" VALUE ="1"/>
        <ATTRIBUTE NAME ="Multiplication Factor" VALUE ="Auto"/>
        <ATTRIBUTE NAME ="Session on Grid" VALUE =""/>
        <ATTRIBUTE NAME ="Is Enabled" VALUE ="NO"/>
    </CONFIG>
    <SESSION DESCRIPTION ="Session to load S4 data from source file to STG_S4_BOM_PPK table" ISVALID ="YES" MAPPINGNAME ="m_STG_S4_BOM_PPK" NAME ="s_m_STG_S4_BOM_PPK" REUSABLE ="YES" SORTORDER ="Binary" VERSIONNUMBER ="1">
        <SESSTRANSFORMATIONINST ISREPARTITIONPOINT ="YES" PARTITIONTYPE ="PASS THROUGH" PIPELINE ="2" SINSTANCENAME ="STG_S4_BOM_PPK" STAGE ="1" TRANSFORMATIONNAME ="STG_S4_BOM_PPK" TRANSFORMATIONTYPE ="Target Definition"/>
        <SESSTRANSFORMATIONINST ISREPARTITIONPOINT ="NO" PIPELINE ="2" SINSTANCENAME ="EXP_DEFAULT" STAGE ="3" TRANSFORMATIONNAME ="EXP_DEFAULT" TRANSFORMATIONTYPE ="Expression">
            <PARTITION DESCRIPTION ="" NAME ="Partition #1"/>
        </SESSTRANSFORMATIONINST>
        <SESSTRANSFORMATIONINST ISREPARTITIONPOINT ="NO" PIPELINE ="0" SINSTANCENAME ="PR_TRUNC_STG_TBLS" STAGE ="0" TRANSFORMATIONNAME ="PR_TRUNC_STG_TBLS" TRANSFORMATIONTYPE ="Stored Procedure">
            <ATTRIBUTE NAME ="Connection Information" VALUE ="Relational:SLBADW"/>
        </SESSTRANSFORMATIONINST>
        <SESSTRANSFORMATIONINST ISREPARTITIONPOINT ="NO" PIPELINE ="0" SINSTANCENAME ="FF_DWC_Z_BOM_PPK_COMP" STAGE ="0" TRANSFORMATIONNAME ="FF_DWC_Z_BOM_PPK_COMP" TRANSFORMATIONTYPE ="Source Definition">
            <FLATFILE CODEPAGE ="MS1252" CONSECDELIMITERSASONE ="NO" DELIMITED ="YES" DELIMITERS ="," ESCAPE_CHARACTER ="" KEEPESCAPECHAR ="NO" LINESEQUENTIAL ="NO" MULTIDELIMITERSASAND ="NO" NULLCHARTYPE ="ASCII" NULL_CHARACTER ="*" PADBYTES ="1" QUOTE_CHARACTER ="DOUBLE" REPEATABLE ="NO" ROWDELIMITER ="0" SKIPROWS ="1" STRIPTRAILINGBLANKS ="NO"/>
        </SESSTRANSFORMATIONINST>
        <SESSTRANSFORMATIONINST ISREPARTITIONPOINT ="YES" PARTITIONTYPE ="PASS THROUGH" PIPELINE ="2" SINSTANCENAME ="SQ_FF_DWC_Z_BOM_PPK_COMP" STAGE ="3" TRANSFORMATIONNAME ="SQ_FF_DWC_Z_BOM_PPK_COMP" TRANSFORMATIONTYPE ="Source Qualifier"/>
        <CONFIGREFERENCE REFOBJECTNAME ="default_session_config" TYPE ="Session config"/>
        <SESSIONEXTENSION NAME ="Relational Writer" SINSTANCENAME ="STG_S4_BOM_PPK" SUBTYPE ="Relational Writer" TRANSFORMATIONTYPE ="Target Definition" TYPE ="WRITER">
            <CONNECTIONREFERENCE CNXREFNAME ="DB Connection" CONNECTIONNAME ="SLBADW" CONNECTIONNUMBER ="1" CONNECTIONSUBTYPE ="Oracle" CONNECTIONTYPE ="Relational" VARIABLE =""/>
            <ATTRIBUTE NAME ="Target load type" VALUE ="Normal"/>
            <ATTRIBUTE NAME ="Insert" VALUE ="YES"/>
            <ATTRIBUTE NAME ="Update as Update" VALUE ="NO"/>
            <ATTRIBUTE NAME ="Update as Insert" VALUE ="NO"/>
            <ATTRIBUTE NAME ="Update else Insert" VALUE ="NO"/>
            <ATTRIBUTE NAME ="Delete" VALUE ="NO"/>
            <ATTRIBUTE NAME ="Truncate target table option" VALUE ="NO"/>
            <ATTRIBUTE NAME ="Reject file directory" VALUE ="$PMBadFileDir&#x5c;ONE_ON_ONE_OTC&#x5c;BAD&#x5c;"/>
            <ATTRIBUTE NAME ="Reject filename" VALUE ="s_m_STG_S4_BOM_PPK.bad"/>
        </SESSIONEXTENSION>
        <SESSIONEXTENSION DSQINSTNAME ="SQ_FF_DWC_Z_BOM_PPK_COMP" DSQINSTTYPE ="Source Qualifier" NAME ="File Reader" SINSTANCENAME ="FF_DWC_Z_BOM_PPK_COMP" SUBTYPE ="File Reader" TRANSFORMATIONTYPE ="Source Definition" TYPE ="READER">
            <CONNECTIONREFERENCE CNXREFNAME ="Connection" CONNECTIONNAME ="" CONNECTIONNUMBER ="1" CONNECTIONSUBTYPE ="" CONNECTIONTYPE ="" VARIABLE =""/>
            <ATTRIBUTE NAME ="Input Type" VALUE ="File"/>
            <ATTRIBUTE NAME ="Concurrent read partitioning" VALUE ="Optimize throughput"/>
            <ATTRIBUTE NAME ="Command Type" VALUE ="Command Generating Data"/>
            <ATTRIBUTE NAME ="Source filetype" VALUE ="Direct"/>
            <ATTRIBUTE NAME ="Source file directory" VALUE ="$PMSourceFileDir&#x5c;ONE_ON_ONE_OTC&#x5c;SRC"/>
            <ATTRIBUTE NAME ="Source filename" VALUE ="DWC_Z_BOM_PPK_COMP.CSV"/>
            <ATTRIBUTE NAME ="Command" VALUE =""/>
            <ATTRIBUTE NAME ="File Reader Truncate String Null" VALUE ="NO"/>
            <ATTRIBUTE NAME ="Codepage Parameter" VALUE =""/>
        </SESSIONEXTENSION>
        <SESSIONEXTENSION NAME ="File Reader" SINSTANCENAME ="SQ_FF_DWC_Z_BOM_PPK_COMP" SUBTYPE ="File Reader" TRANSFORMATIONTYPE ="Source Qualifier" TYPE ="READER"/>
        <ATTRIBUTE NAME ="General Options" VALUE =""/>
        <ATTRIBUTE NAME ="Write Backward Compatible Session Log File" VALUE ="YES"/>
        <ATTRIBUTE NAME ="Session Log File Name" VALUE ="s_m_STG_S4_BOM_PPK.log"/>
        <ATTRIBUTE NAME ="Session Log File directory" VALUE ="$PMSessionLogDir&#x5c;ONE_ON_ONE_OTC&#x5c;LOG&#x5c;"/>
        <ATTRIBUTE NAME ="Parameter Filename" VALUE =""/>
        <ATTRIBUTE NAME ="Enable Test Load" VALUE ="NO"/>
        <ATTRIBUTE NAME ="$Source connection value" VALUE =""/>
        <ATTRIBUTE NAME ="$Target connection value" VALUE =""/>
        <ATTRIBUTE NAME ="Treat source rows as" VALUE ="Insert"/>
        <ATTRIBUTE NAME ="Commit Type" VALUE ="Target"/>
        <ATTRIBUTE NAME ="Commit Interval" VALUE ="2000000"/>
        <ATTRIBUTE NAME ="Commit On End Of File" VALUE ="YES"/>
        <ATTRIBUTE NAME ="Rollback Transactions on Errors" VALUE ="NO"/>
        <ATTRIBUTE NAME ="Recovery Strategy" VALUE ="Restart task"/>
        <ATTRIBUTE NAME ="Java Classpath" VALUE =""/>
        <ATTRIBUTE NAME ="Performance" VALUE =""/>
        <ATTRIBUTE NAME ="DTM buffer size" VALUE ="Auto"/>
        <ATTRIBUTE NAME ="Collect performance data" VALUE ="NO"/>
        <ATTRIBUTE NAME ="Write performance data to repository" VALUE ="NO"/>
        <ATTRIBUTE NAME ="Incremental Aggregation" VALUE ="NO"/>
        <ATTRIBUTE NAME ="Enable high precision" VALUE ="NO"/>
        <ATTRIBUTE NAME ="Session retry on deadlock" VALUE ="NO"/>
        <ATTRIBUTE NAME ="Pushdown Optimization" VALUE ="None"/>
        <ATTRIBUTE NAME ="Allow Temporary View for Pushdown" VALUE ="NO"/>
        <ATTRIBUTE NAME ="Allow Temporary Sequence for Pushdown" VALUE ="NO"/>
        <ATTRIBUTE NAME ="Allow Pushdown for User Incompatible Connections" VALUE ="NO"/>
        <METADATAEXTENSION COMPONENTVERSION ="1000000" DATATYPE ="STRING" DESCRIPTION ="" DOMAINNAME ="User Defined Metadata Domain" ISCLIENTEDITABLE ="YES" ISCLIENTVISIBLE ="YES" ISREUSABLE ="NO" ISSHAREREAD ="NO" ISSHAREWRITE ="NO" MAXLENGTH ="256" NAME ="Extension" VALUE ="S4_Integration_stg_S4_BOM_PPK v1.3" VENDORNAME ="INFORMATICA"/>
    </SESSION>
    <WORKFLOW DESCRIPTION ="Run the session s_m_STG_S4_BOM_PPK to load S4 data from source file to STG_S4_BOM_PPK table" ISENABLED ="YES" ISRUNNABLESERVICE ="NO" ISSERVICE ="NO" ISVALID ="YES" NAME ="wf_s_m_STG_S4_BOM_PPK" REUSABLE_SCHEDULER ="NO" SCHEDULERNAME ="Scheduler" SERVERNAME ="Domain10_PRD_Int_Svc" SERVER_DOMAINNAME ="Domain10_PRD" SUSPEND_ON_ERROR ="NO" TASKS_MUST_RUN_ON_SERVER ="NO" VERSIONNUMBER ="1">
        <SCHEDULER DESCRIPTION ="" NAME ="Scheduler" REUSABLE ="NO" VERSIONNUMBER ="1">
            <SCHEDULEINFO SCHEDULETYPE ="ONDEMAND"/>
        </SCHEDULER>
        <TASK DESCRIPTION ="" NAME ="Start" REUSABLE ="NO" TYPE ="Start" VERSIONNUMBER ="1"/>
        <TASKINSTANCE DESCRIPTION ="Session to load S4 data from source file to STG_S4_BOM_PPK table" FAIL_PARENT_IF_INSTANCE_DID_NOT_RUN ="YES" FAIL_PARENT_IF_INSTANCE_FAILS ="YES" ISENABLED ="YES" NAME ="s_m_STG_S4_BOM_PPK" REUSABLE ="YES" TASKNAME ="s_m_STG_S4_BOM_PPK" TASKTYPE ="Session" TREAT_INPUTLINK_AS_AND ="NO"/>
        <TASKINSTANCE DESCRIPTION ="" ISENABLED ="YES" NAME ="Start" REUSABLE ="NO" TASKNAME ="Start" TASKTYPE ="Start"/>
        <WORKFLOWLINK CONDITION ="" FROMTASK ="Start" TOTASK ="s_m_STG_S4_BOM_PPK"/>
        <WORKFLOWVARIABLE DATATYPE ="date/time" DEFAULTVALUE ="" DESCRIPTION ="The time this task started" ISNULL ="NO" ISPERSISTENT ="NO" NAME ="$s_m_STG_S4_BOM_PPK.StartTime" USERDEFINED ="NO"/>
        <WORKFLOWVARIABLE DATATYPE ="date/time" DEFAULTVALUE ="" DESCRIPTION ="The time this task completed" ISNULL ="NO" ISPERSISTENT ="NO" NAME ="$s_m_STG_S4_BOM_PPK.EndTime" USERDEFINED ="NO"/>
        <WORKFLOWVARIABLE DATATYPE ="integer" DEFAULTVALUE ="" DESCRIPTION ="Status of this task&apos;s execution" ISNULL ="NO" ISPERSISTENT ="NO" NAME ="$s_m_STG_S4_BOM_PPK.Status" USERDEFINED ="NO"/>
        <WORKFLOWVARIABLE DATATYPE ="integer" DEFAULTVALUE ="" DESCRIPTION ="Status of the previous task that is not disabled" ISNULL ="NO" ISPERSISTENT ="NO" NAME ="$s_m_STG_S4_BOM_PPK.PrevTaskStatus" USERDEFINED ="NO"/>
        <WORKFLOWVARIABLE DATATYPE ="integer" DEFAULTVALUE ="" DESCRIPTION ="Error code for this task&apos;s execution" ISNULL ="NO" ISPERSISTENT ="NO" NAME ="$s_m_STG_S4_BOM_PPK.ErrorCode" USERDEFINED ="NO"/>
        <WORKFLOWVARIABLE DATATYPE ="string" DEFAULTVALUE ="" DESCRIPTION ="Error message for this task&apos;s execution" ISNULL ="NO" ISPERSISTENT ="NO" NAME ="$s_m_STG_S4_BOM_PPK.ErrorMsg" USERDEFINED ="NO"/>
        <WORKFLOWVARIABLE DATATYPE ="integer" DEFAULTVALUE ="" DESCRIPTION ="Rows successfully read" ISNULL ="NO" ISPERSISTENT ="NO" NAME ="$s_m_STG_S4_BOM_PPK.SrcSuccessRows" USERDEFINED ="NO"/>
        <WORKFLOWVARIABLE DATATYPE ="integer" DEFAULTVALUE ="" DESCRIPTION ="Rows failed to read" ISNULL ="NO" ISPERSISTENT ="NO" NAME ="$s_m_STG_S4_BOM_PPK.SrcFailedRows" USERDEFINED ="NO"/>
        <WORKFLOWVARIABLE DATATYPE ="integer" DEFAULTVALUE ="" DESCRIPTION ="Rows successfully loaded" ISNULL ="NO" ISPERSISTENT ="NO" NAME ="$s_m_STG_S4_BOM_PPK.TgtSuccessRows" USERDEFINED ="NO"/>
        <WORKFLOWVARIABLE DATATYPE ="integer" DEFAULTVALUE ="" DESCRIPTION ="Rows failed to load" ISNULL ="NO" ISPERSISTENT ="NO" NAME ="$s_m_STG_S4_BOM_PPK.TgtFailedRows" USERDEFINED ="NO"/>
        <WORKFLOWVARIABLE DATATYPE ="integer" DEFAULTVALUE ="" DESCRIPTION ="Total number of transformation errors" ISNULL ="NO" ISPERSISTENT ="NO" NAME ="$s_m_STG_S4_BOM_PPK.TotalTransErrors" USERDEFINED ="NO"/>
        <WORKFLOWVARIABLE DATATYPE ="integer" DEFAULTVALUE ="" DESCRIPTION ="First error code" ISNULL ="NO" ISPERSISTENT ="NO" NAME ="$s_m_STG_S4_BOM_PPK.FirstErrorCode" USERDEFINED ="NO"/>
        <WORKFLOWVARIABLE DATATYPE ="string" DEFAULTVALUE ="" DESCRIPTION ="First error message" ISNULL ="NO" ISPERSISTENT ="NO" NAME ="$s_m_STG_S4_BOM_PPK.FirstErrorMsg" USERDEFINED ="NO"/>
        <WORKFLOWVARIABLE DATATYPE ="date/time" DEFAULTVALUE ="" DESCRIPTION ="The time this task started" ISNULL ="NO" ISPERSISTENT ="NO" NAME ="$Start.StartTime" USERDEFINED ="NO"/>
        <WORKFLOWVARIABLE DATATYPE ="date/time" DEFAULTVALUE ="" DESCRIPTION ="The time this task completed" ISNULL ="NO" ISPERSISTENT ="NO" NAME ="$Start.EndTime" USERDEFINED ="NO"/>
        <WORKFLOWVARIABLE DATATYPE ="integer" DEFAULTVALUE ="" DESCRIPTION ="Status of this task&apos;s execution" ISNULL ="NO" ISPERSISTENT ="NO" NAME ="$Start.Status" USERDEFINED ="NO"/>
        <WORKFLOWVARIABLE DATATYPE ="integer" DEFAULTVALUE ="" DESCRIPTION ="Status of the previous task that is not disabled" ISNULL ="NO" ISPERSISTENT ="NO" NAME ="$Start.PrevTaskStatus" USERDEFINED ="NO"/>
        <WORKFLOWVARIABLE DATATYPE ="integer" DEFAULTVALUE ="" DESCRIPTION ="Error code for this task&apos;s execution" ISNULL ="NO" ISPERSISTENT ="NO" NAME ="$Start.ErrorCode" USERDEFINED ="NO"/>
        <WORKFLOWVARIABLE DATATYPE ="string" DEFAULTVALUE ="" DESCRIPTION ="Error message for this task&apos;s execution" ISNULL ="NO" ISPERSISTENT ="NO" NAME ="$Start.ErrorMsg" USERDEFINED ="NO"/>
        <ATTRIBUTE NAME ="Parameter Filename" VALUE =""/>
        <ATTRIBUTE NAME ="Write Backward Compatible Workflow Log File" VALUE ="YES"/>
        <ATTRIBUTE NAME ="Workflow Log File Name" VALUE ="wf_s_m_STG_S4_BOM_PPK.log"/>
        <ATTRIBUTE NAME ="Workflow Log File Directory" VALUE ="$PMWorkflowLogDir&#x5c;ONE_ON_ONE_OTC&#x5c;LOG&#x5c;"/>
        <ATTRIBUTE NAME ="Save Workflow log by" VALUE ="By runs"/>
        <ATTRIBUTE NAME ="Save workflow log for these runs" VALUE ="9"/>
        <ATTRIBUTE NAME ="Service Name" VALUE =""/>
        <ATTRIBUTE NAME ="Service Timeout" VALUE ="0"/>
        <ATTRIBUTE NAME ="Is Service Visible" VALUE ="NO"/>
        <ATTRIBUTE NAME ="Is Service Protected" VALUE ="NO"/>
        <ATTRIBUTE NAME ="Fail task after wait time" VALUE ="0"/>
        <ATTRIBUTE NAME ="Enable HA recovery" VALUE ="NO"/>
        <ATTRIBUTE NAME ="Automatically recover terminated tasks" VALUE ="NO"/>
        <ATTRIBUTE NAME ="Service Level Name" VALUE ="Default"/>
        <ATTRIBUTE NAME ="Allow concurrent run with unique run instance name" VALUE ="NO"/>
        <ATTRIBUTE NAME ="Allow concurrent run with same run instance name" VALUE ="NO"/>
        <ATTRIBUTE NAME ="Maximum number of concurrent runs" VALUE ="0"/>
        <ATTRIBUTE NAME ="Assigned Web Services Hubs" VALUE =""/>
        <ATTRIBUTE NAME ="Maximum number of concurrent runs per Hub" VALUE ="1000"/>
        <ATTRIBUTE NAME ="Expected Service Time" VALUE ="1"/>
        <METADATAEXTENSION COMPONENTVERSION ="1000000" DATATYPE ="STRING" DESCRIPTION ="" DOMAINNAME ="User Defined Metadata Domain" ISCLIENTEDITABLE ="YES" ISCLIENTVISIBLE ="YES" ISREUSABLE ="NO" ISSHAREREAD ="NO" ISSHAREWRITE ="NO" MAXLENGTH ="256" NAME ="Extension" VALUE ="S4_Integration_stg_S4_BOM_PPK v1.0" VENDORNAME ="INFORMATICA"/>
    </WORKFLOW>
</FOLDER>
</REPOSITORY>
</POWERMART>