<?xml version="1.0" encoding="Windows-1252"?>
<!DOCTYPE POWERMART SYSTEM "powrmart.dtd">
<POWERMART CREATION_DATE="05/20/2024 10:36:32" REPOSITORY_VERSION="187.96">
<REPOSITORY NAME="Domain10_Rep_Svc_Prd" VERSION="187" CODEPAGE="MS1252" DATABASETYPE="Microsoft SQL Server">
<FOLDER NAME="ONE_ON_ONE_OTC" GROUP="" OWNER="Administrator" SHARED="NOTSHARED" DESCRIPTION="" PERMISSIONS="rwx---r--" UUID="8627c2fd-2fe8-4f83-88bf-e34259bd5762">
    <SOURCE BUSINESSNAME ="" DATABASETYPE ="Flat File" DBDNAME ="FlatFile" DESCRIPTION ="" NAME ="DWC_SALES_CMP_GMI" OBJECTVERSION ="1" OWNERNAME ="" VERSIONNUMBER ="1">
        <FLATFILE CODEPAGE ="MS1252" CONSECDELIMITERSASONE ="NO" DELIMITED ="YES" DELIMITERS ="&#x5c;011|" ESCAPE_CHARACTER ="" KEEPESCAPECHAR ="NO" LINESEQUENTIAL ="NO" MULTIDELIMITERSASAND ="NO" NULLCHARTYPE ="ASCII" NULL_CHARACTER ="*" PADBYTES ="1" QUOTE_CHARACTER ="DOUBLE" REPEATABLE ="NO" ROWDELIMITER ="0" SHIFTSENSITIVEDATA ="NO" SKIPROWS ="1" STRIPTRAILINGBLANKS ="NO"/>
        <TABLEATTRIBUTE NAME ="Base Table Name" VALUE =""/>
        <TABLEATTRIBUTE NAME ="Search Specification" VALUE =""/>
        <TABLEATTRIBUTE NAME ="Sort Specification" VALUE =""/>
        <TABLEATTRIBUTE NAME ="Datetime Format" VALUE ="A  19 mm/dd/yyyy hh24:mi:ss"/>
        <TABLEATTRIBUTE NAME ="Thousand Separator" VALUE ="None"/>
        <TABLEATTRIBUTE NAME ="Decimal Separator" VALUE ="."/>
        <TABLEATTRIBUTE NAME ="Add Currently Processed Flat File Name Port" VALUE ="NO"/>
        <TABLEATTRIBUTE NAME ="Source TimeStamp" VALUE =""/>
        <SOURCEFIELD BUSINESSNAME ="" DATATYPE ="string" DESCRIPTION ="" FIELDNUMBER ="1" FIELDPROPERTY ="0" FIELDTYPE ="ELEMITEM" HIDDEN ="NO" KEYTYPE ="NOT A KEY" LENGTH ="100" LEVEL ="0" NAME ="Sales_Document" NULLABLE ="NULL" OCCURS ="0" OFFSET ="0" PHYSICALLENGTH ="100" PHYSICALOFFSET ="0" PICTURETEXT ="" PRECISION ="100" SCALE ="0" USAGE_FLAGS =""/>
        <SOURCEFIELD BUSINESSNAME ="" DATATYPE ="string" DESCRIPTION ="" FIELDNUMBER ="2" FIELDPROPERTY ="0" FIELDTYPE ="ELEMITEM" HIDDEN ="NO" KEYTYPE ="NOT A KEY" LENGTH ="100" LEVEL ="0" NAME ="Sales_Doc_Item" NULLABLE ="NULL" OCCURS ="0" OFFSET ="100" PHYSICALLENGTH ="100" PHYSICALOFFSET ="100" PICTURETEXT ="" PRECISION ="100" SCALE ="0" USAGE_FLAGS =""/>
        <SOURCEFIELD BUSINESSNAME ="" DATATYPE ="string" DESCRIPTION ="" FIELDNUMBER ="3" FIELDPROPERTY ="0" FIELDTYPE ="ELEMITEM" HIDDEN ="NO" KEYTYPE ="NOT A KEY" LENGTH ="100" LEVEL ="0" NAME ="Sales_Doc_Schedule_Line" NULLABLE ="NULL" OCCURS ="0" OFFSET ="200" PHYSICALLENGTH ="100" PHYSICALOFFSET ="200" PICTURETEXT ="" PRECISION ="100" SCALE ="0" USAGE_FLAGS =""/>
        <SOURCEFIELD BUSINESSNAME ="" DATATYPE ="string" DESCRIPTION ="" FIELDNUMBER ="4" FIELDPROPERTY ="0" FIELDTYPE ="ELEMITEM" HIDDEN ="NO" KEYTYPE ="NOT A KEY" LENGTH ="100" LEVEL ="0" NAME ="Goods_Issue_Date" NULLABLE ="NULL" OCCURS ="0" OFFSET ="300" PHYSICALLENGTH ="100" PHYSICALOFFSET ="300" PICTURETEXT ="" PRECISION ="100" SCALE ="0" USAGE_FLAGS =""/>
        <SOURCEFIELD BUSINESSNAME ="" DATATYPE ="string" DESCRIPTION ="" FIELDNUMBER ="5" FIELDPROPERTY ="0" FIELDTYPE ="ELEMITEM" HIDDEN ="NO" KEYTYPE ="NOT A KEY" LENGTH ="100" LEVEL ="0" NAME ="Distribution_Channel" NULLABLE ="NULL" OCCURS ="0" OFFSET ="400" PHYSICALLENGTH ="100" PHYSICALOFFSET ="400" PICTURETEXT ="" PRECISION ="100" SCALE ="0" USAGE_FLAGS =""/>
        <SOURCEFIELD BUSINESSNAME ="" DATATYPE ="string" DESCRIPTION ="" FIELDNUMBER ="6" FIELDPROPERTY ="0" FIELDTYPE ="ELEMITEM" HIDDEN ="NO" KEYTYPE ="NOT A KEY" LENGTH ="100" LEVEL ="0" NAME ="Division" NULLABLE ="NULL" OCCURS ="0" OFFSET ="500" PHYSICALLENGTH ="100" PHYSICALOFFSET ="500" PICTURETEXT ="" PRECISION ="100" SCALE ="0" USAGE_FLAGS =""/>
        <SOURCEFIELD BUSINESSNAME ="" DATATYPE ="string" DESCRIPTION ="" FIELDNUMBER ="7" FIELDPROPERTY ="0" FIELDTYPE ="ELEMITEM" HIDDEN ="NO" KEYTYPE ="NOT A KEY" LENGTH ="100" LEVEL ="0" NAME ="Plant" NULLABLE ="NULL" OCCURS ="0" OFFSET ="600" PHYSICALLENGTH ="100" PHYSICALOFFSET ="600" PICTURETEXT ="" PRECISION ="100" SCALE ="0" USAGE_FLAGS =""/>
        <SOURCEFIELD BUSINESSNAME ="" DATATYPE ="string" DESCRIPTION ="" FIELDNUMBER ="8" FIELDPROPERTY ="0" FIELDTYPE ="ELEMITEM" HIDDEN ="NO" KEYTYPE ="NOT A KEY" LENGTH ="100" LEVEL ="0" NAME ="Currency_Key" NULLABLE ="NULL" OCCURS ="0" OFFSET ="700" PHYSICALLENGTH ="100" PHYSICALOFFSET ="700" PICTURETEXT ="" PRECISION ="100" SCALE ="0" USAGE_FLAGS =""/>
        <SOURCEFIELD BUSINESSNAME ="" DATATYPE ="string" DESCRIPTION ="" FIELDNUMBER ="9" FIELDPROPERTY ="0" FIELDTYPE ="ELEMITEM" HIDDEN ="NO" KEYTYPE ="NOT A KEY" LENGTH ="100" LEVEL ="0" NAME ="Material_Number" NULLABLE ="NULL" OCCURS ="0" OFFSET ="800" PHYSICALLENGTH ="100" PHYSICALOFFSET ="800" PICTURETEXT ="" PRECISION ="100" SCALE ="0" USAGE_FLAGS =""/>
        <SOURCEFIELD BUSINESSNAME ="" DATATYPE ="string" DESCRIPTION ="" FIELDNUMBER ="10" FIELDPROPERTY ="0" FIELDTYPE ="ELEMITEM" HIDDEN ="NO" KEYTYPE ="NOT A KEY" LENGTH ="100" LEVEL ="0" NAME ="BOM_component" NULLABLE ="NULL" OCCURS ="0" OFFSET ="900" PHYSICALLENGTH ="100" PHYSICALOFFSET ="900" PICTURETEXT ="" PRECISION ="100" SCALE ="0" USAGE_FLAGS =""/>
        <SOURCEFIELD BUSINESSNAME ="" DATATYPE ="string" DESCRIPTION ="" FIELDNUMBER ="11" FIELDPROPERTY ="0" FIELDTYPE ="ELEMITEM" HIDDEN ="NO" KEYTYPE ="NOT A KEY" LENGTH ="100" LEVEL ="0" NAME ="Material_Status" NULLABLE ="NULL" OCCURS ="0" OFFSET ="1000" PHYSICALLENGTH ="100" PHYSICALOFFSET ="1000" PICTURETEXT ="" PRECISION ="100" SCALE ="0" USAGE_FLAGS =""/>
        <SOURCEFIELD BUSINESSNAME ="" DATATYPE ="string" DESCRIPTION ="" FIELDNUMBER ="12" FIELDPROPERTY ="0" FIELDTYPE ="ELEMITEM" HIDDEN ="NO" KEYTYPE ="NOT A KEY" LENGTH ="100" LEVEL ="0" NAME ="Sales_Organization" NULLABLE ="NULL" OCCURS ="0" OFFSET ="1100" PHYSICALLENGTH ="100" PHYSICALOFFSET ="1100" PICTURETEXT ="" PRECISION ="100" SCALE ="0" USAGE_FLAGS =""/>
        <SOURCEFIELD BUSINESSNAME ="" DATATYPE ="string" DESCRIPTION ="" FIELDNUMBER ="13" FIELDPROPERTY ="0" FIELDTYPE ="ELEMITEM" HIDDEN ="NO" KEYTYPE ="NOT A KEY" LENGTH ="100" LEVEL ="0" NAME ="Profit_Center" NULLABLE ="NULL" OCCURS ="0" OFFSET ="1200" PHYSICALLENGTH ="100" PHYSICALOFFSET ="1200" PICTURETEXT ="" PRECISION ="100" SCALE ="0" USAGE_FLAGS =""/>
        <SOURCEFIELD BUSINESSNAME ="" DATATYPE ="string" DESCRIPTION ="" FIELDNUMBER ="14" FIELDPROPERTY ="0" FIELDTYPE ="ELEMITEM" HIDDEN ="NO" KEYTYPE ="NOT A KEY" LENGTH ="100" LEVEL ="0" NAME ="Sold_To_Party" NULLABLE ="NULL" OCCURS ="0" OFFSET ="1300" PHYSICALLENGTH ="100" PHYSICALOFFSET ="1300" PICTURETEXT ="" PRECISION ="100" SCALE ="0" USAGE_FLAGS =""/>
        <SOURCEFIELD BUSINESSNAME ="" DATATYPE ="string" DESCRIPTION ="" FIELDNUMBER ="15" FIELDPROPERTY ="0" FIELDTYPE ="ELEMITEM" HIDDEN ="NO" KEYTYPE ="NOT A KEY" LENGTH ="100" LEVEL ="0" NAME ="Ship_to_Party" NULLABLE ="NULL" OCCURS ="0" OFFSET ="1400" PHYSICALLENGTH ="100" PHYSICALOFFSET ="1400" PICTURETEXT ="" PRECISION ="100" SCALE ="0" USAGE_FLAGS =""/>
        <SOURCEFIELD BUSINESSNAME ="" DATATYPE ="string" DESCRIPTION ="" FIELDNUMBER ="16" FIELDPROPERTY ="0" FIELDTYPE ="ELEMITEM" HIDDEN ="NO" KEYTYPE ="NOT A KEY" LENGTH ="100" LEVEL ="0" NAME ="CMP_Ship_Qty" NULLABLE ="NULL" OCCURS ="0" OFFSET ="1500" PHYSICALLENGTH ="100" PHYSICALOFFSET ="1500" PICTURETEXT ="" PRECISION ="100" SCALE ="0" USAGE_FLAGS =""/>
        <SOURCEFIELD BUSINESSNAME ="" DATATYPE ="string" DESCRIPTION ="" FIELDNUMBER ="17" FIELDPROPERTY ="0" FIELDTYPE ="ELEMITEM" HIDDEN ="NO" KEYTYPE ="NOT A KEY" LENGTH ="100" LEVEL ="0" NAME ="Distribution_Channel_Desc" NULLABLE ="NULL" OCCURS ="0" OFFSET ="1600" PHYSICALLENGTH ="100" PHYSICALOFFSET ="1600" PICTURETEXT ="" PRECISION ="100" SCALE ="0" USAGE_FLAGS =""/>
        <SOURCEFIELD BUSINESSNAME ="" DATATYPE ="string" DESCRIPTION ="" FIELDNUMBER ="18" FIELDPROPERTY ="0" FIELDTYPE ="ELEMITEM" HIDDEN ="NO" KEYTYPE ="NOT A KEY" LENGTH ="50" LEVEL ="0" NAME ="PO_Type" NULLABLE ="NULL" OCCURS ="0" OFFSET ="1700" PHYSICALLENGTH ="50" PHYSICALOFFSET ="1700" PICTURETEXT ="" PRECISION ="50" SCALE ="0" USAGE_FLAGS =""/>
        <SOURCEFIELD BUSINESSNAME ="" DATATYPE ="string" DESCRIPTION ="" FIELDNUMBER ="19" FIELDPROPERTY ="0" FIELDTYPE ="ELEMITEM" HIDDEN ="NO" KEYTYPE ="NOT A KEY" LENGTH ="4" LEVEL ="0" NAME ="SOURCE_DOCUMENT_TYPE" NULLABLE ="NULL" OCCURS ="0" OFFSET ="1750" PHYSICALLENGTH ="4" PHYSICALOFFSET ="1750" PICTURETEXT ="" PRECISION ="4" SCALE ="0" USAGE_FLAGS =""/>
    </SOURCE>
    <TARGET BUSINESSNAME ="" CONSTRAINT ="" DATABASETYPE ="Oracle" DESCRIPTION ="" NAME ="STG_S4_GMI_COMPONENT" OBJECTVERSION ="1" TABLEOPTIONS ="" VERSIONNUMBER ="1">
        <TARGETFIELD BUSINESSNAME ="" DATATYPE ="varchar2" DESCRIPTION ="" FIELDNUMBER ="1" KEYTYPE ="NOT A KEY" NAME ="SALES_DOCUMENT" NULLABLE ="NULL" PICTURETEXT ="" PRECISION ="100" SCALE ="0"/>
        <TARGETFIELD BUSINESSNAME ="" DATATYPE ="varchar2" DESCRIPTION ="" FIELDNUMBER ="2" KEYTYPE ="NOT A KEY" NAME ="SALES_DOC_ITEM" NULLABLE ="NULL" PICTURETEXT ="" PRECISION ="100" SCALE ="0"/>
        <TARGETFIELD BUSINESSNAME ="" DATATYPE ="varchar2" DESCRIPTION ="" FIELDNUMBER ="3" KEYTYPE ="NOT A KEY" NAME ="SALES_DOC_SCHEDULE_LINE" NULLABLE ="NULL" PICTURETEXT ="" PRECISION ="100" SCALE ="0"/>
        <TARGETFIELD BUSINESSNAME ="" DATATYPE ="date" DESCRIPTION ="" FIELDNUMBER ="4" KEYTYPE ="NOT A KEY" NAME ="GOODS_ISSUE_DATE" NULLABLE ="NULL" PICTURETEXT ="" PRECISION ="19" SCALE ="0"/>
        <TARGETFIELD BUSINESSNAME ="" DATATYPE ="varchar2" DESCRIPTION ="" FIELDNUMBER ="5" KEYTYPE ="NOT A KEY" NAME ="DISTRIBUTION_CHANNEL" NULLABLE ="NULL" PICTURETEXT ="" PRECISION ="100" SCALE ="0"/>
        <TARGETFIELD BUSINESSNAME ="" DATATYPE ="varchar2" DESCRIPTION ="" FIELDNUMBER ="6" KEYTYPE ="NOT A KEY" NAME ="DIVISION" NULLABLE ="NULL" PICTURETEXT ="" PRECISION ="100" SCALE ="0"/>
        <TARGETFIELD BUSINESSNAME ="" DATATYPE ="varchar2" DESCRIPTION ="" FIELDNUMBER ="7" KEYTYPE ="NOT A KEY" NAME ="PLANT" NULLABLE ="NULL" PICTURETEXT ="" PRECISION ="100" SCALE ="0"/>
        <TARGETFIELD BUSINESSNAME ="" DATATYPE ="varchar2" DESCRIPTION ="" FIELDNUMBER ="8" KEYTYPE ="NOT A KEY" NAME ="CURRENCY_KEY" NULLABLE ="NULL" PICTURETEXT ="" PRECISION ="100" SCALE ="0"/>
        <TARGETFIELD BUSINESSNAME ="" DATATYPE ="varchar2" DESCRIPTION ="" FIELDNUMBER ="9" KEYTYPE ="NOT A KEY" NAME ="MATERIAL_NUMBER" NULLABLE ="NULL" PICTURETEXT ="" PRECISION ="100" SCALE ="0"/>
        <TARGETFIELD BUSINESSNAME ="" DATATYPE ="varchar2" DESCRIPTION ="" FIELDNUMBER ="10" KEYTYPE ="NOT A KEY" NAME ="BOM_COMPONENT" NULLABLE ="NULL" PICTURETEXT ="" PRECISION ="100" SCALE ="0"/>
        <TARGETFIELD BUSINESSNAME ="" DATATYPE ="varchar2" DESCRIPTION ="" FIELDNUMBER ="11" KEYTYPE ="NOT A KEY" NAME ="MATERIAL_STATUS" NULLABLE ="NULL" PICTURETEXT ="" PRECISION ="100" SCALE ="0"/>
        <TARGETFIELD BUSINESSNAME ="" DATATYPE ="varchar2" DESCRIPTION ="" FIELDNUMBER ="12" KEYTYPE ="NOT A KEY" NAME ="SALES_ORGANIZATION" NULLABLE ="NULL" PICTURETEXT ="" PRECISION ="100" SCALE ="0"/>
        <TARGETFIELD BUSINESSNAME ="" DATATYPE ="varchar2" DESCRIPTION ="" FIELDNUMBER ="13" KEYTYPE ="NOT A KEY" NAME ="PROFIT_CENTER" NULLABLE ="NULL" PICTURETEXT ="" PRECISION ="100" SCALE ="0"/>
        <TARGETFIELD BUSINESSNAME ="" DATATYPE ="varchar2" DESCRIPTION ="" FIELDNUMBER ="14" KEYTYPE ="NOT A KEY" NAME ="SOLD_TO_PARTY" NULLABLE ="NULL" PICTURETEXT ="" PRECISION ="100" SCALE ="0"/>
        <TARGETFIELD BUSINESSNAME ="" DATATYPE ="varchar2" DESCRIPTION ="" FIELDNUMBER ="15" KEYTYPE ="NOT A KEY" NAME ="SHIP_TO_PARTY" NULLABLE ="NULL" PICTURETEXT ="" PRECISION ="100" SCALE ="0"/>
        <TARGETFIELD BUSINESSNAME ="" DATATYPE ="varchar2" DESCRIPTION ="" FIELDNUMBER ="16" KEYTYPE ="NOT A KEY" NAME ="CMP_SHIP_QTY" NULLABLE ="NULL" PICTURETEXT ="" PRECISION ="100" SCALE ="0"/>
        <TARGETFIELD BUSINESSNAME ="" DATATYPE ="varchar2" DESCRIPTION ="" FIELDNUMBER ="17" KEYTYPE ="NOT A KEY" NAME ="CREATE_USERID" NULLABLE ="NULL" PICTURETEXT ="" PRECISION ="50" SCALE ="0"/>
        <TARGETFIELD BUSINESSNAME ="" DATATYPE ="date" DESCRIPTION ="" FIELDNUMBER ="18" KEYTYPE ="NOT A KEY" NAME ="CREATE_DATE" NULLABLE ="NULL" PICTURETEXT ="" PRECISION ="19" SCALE ="0"/>
        <TARGETFIELD BUSINESSNAME ="" DATATYPE ="varchar2" DESCRIPTION ="" FIELDNUMBER ="19" KEYTYPE ="NOT A KEY" NAME ="DISTRIBUTION_CHANNEL_DESC" NULLABLE ="NULL" PICTURETEXT ="" PRECISION ="20" SCALE ="0"/>
        <TARGETFIELD BUSINESSNAME ="" DATATYPE ="varchar2" DESCRIPTION ="" FIELDNUMBER ="20" KEYTYPE ="NOT A KEY" NAME ="POTYPE" NULLABLE ="NULL" PICTURETEXT ="" PRECISION ="50" SCALE ="0"/>
        <TARGETFIELD BUSINESSNAME ="" DATATYPE ="varchar2" DESCRIPTION ="" FIELDNUMBER ="21" KEYTYPE ="NOT A KEY" NAME ="SOURCE_ORDER_TYPE" NULLABLE ="NULL" PICTURETEXT ="" PRECISION ="4" SCALE ="0"/>
    </TARGET>
    <TRANSFORMATION DESCRIPTION ="" NAME ="PR_TRUNC_STG_TBLS" OBJECTVERSION ="1" REUSABLE ="YES" TYPE ="Stored Procedure" VERSIONNUMBER ="1">
        <TRANSFORMFIELD DATATYPE ="string" DEFAULTVALUE ="" DESCRIPTION ="" NAME ="I_TABLE_NAME" PICTURETEXT ="" PORTTYPE ="INPUT" PRECISION ="4000" SCALE ="0"/>
        <TABLEATTRIBUTE NAME ="Stored Procedure Name" VALUE ="PR_TRUNC_STG_TBLS"/>
        <TABLEATTRIBUTE NAME ="Connection Information" VALUE ="$Target"/>
        <TABLEATTRIBUTE NAME ="Call Text" VALUE =""/>
        <TABLEATTRIBUTE NAME ="Stored Procedure Type" VALUE ="Normal"/>
        <TABLEATTRIBUTE NAME ="Execution Order" VALUE ="1"/>
        <TABLEATTRIBUTE NAME ="Tracing Level" VALUE ="Normal"/>
        <TABLEATTRIBUTE NAME ="Subsecond Precision" VALUE ="6"/>
        <TABLEATTRIBUTE NAME ="Output is Repeatable" VALUE ="Based On Input Order"/>
        <TABLEATTRIBUTE NAME ="Output is Deterministic" VALUE ="NO"/>
    </TRANSFORMATION>
    <MAPPING DESCRIPTION ="Mapping to load the target STG_S4_GMI_COMPONENT" ISVALID ="YES" NAME ="m_STG_S4_GMI_COMPONENT" OBJECTVERSION ="1" VERSIONNUMBER ="1">
        <TRANSFORMATION DESCRIPTION ="SQ DWC_SALES_CMP_GMI" NAME ="SQ_DWC_SALES_CMP_GMI" OBJECTVERSION ="1" REUSABLE ="NO" TYPE ="Source Qualifier" VERSIONNUMBER ="1">
            <TRANSFORMFIELD DATATYPE ="string" DEFAULTVALUE ="" DESCRIPTION ="" NAME ="Sales_Document" PICTURETEXT ="" PORTTYPE ="INPUT/OUTPUT" PRECISION ="100" SCALE ="0"/>
            <TRANSFORMFIELD DATATYPE ="string" DEFAULTVALUE ="" DESCRIPTION ="" NAME ="Sales_Doc_Item" PICTURETEXT ="" PORTTYPE ="INPUT/OUTPUT" PRECISION ="100" SCALE ="0"/>
            <TRANSFORMFIELD DATATYPE ="string" DEFAULTVALUE ="" DESCRIPTION ="" NAME ="Sales_Doc_Schedule_Line" PICTURETEXT ="" PORTTYPE ="INPUT/OUTPUT" PRECISION ="100" SCALE ="0"/>
            <TRANSFORMFIELD DATATYPE ="string" DEFAULTVALUE ="" DESCRIPTION ="" NAME ="Goods_Issue_Date" PICTURETEXT ="" PORTTYPE ="INPUT/OUTPUT" PRECISION ="100" SCALE ="0"/>
            <TRANSFORMFIELD DATATYPE ="string" DEFAULTVALUE ="" DESCRIPTION ="" NAME ="Distribution_Channel" PICTURETEXT ="" PORTTYPE ="INPUT/OUTPUT" PRECISION ="100" SCALE ="0"/>
            <TRANSFORMFIELD DATATYPE ="string" DEFAULTVALUE ="" DESCRIPTION ="" NAME ="Division" PICTURETEXT ="" PORTTYPE ="INPUT/OUTPUT" PRECISION ="100" SCALE ="0"/>
            <TRANSFORMFIELD DATATYPE ="string" DEFAULTVALUE ="" DESCRIPTION ="" NAME ="Plant" PICTURETEXT ="" PORTTYPE ="INPUT/OUTPUT" PRECISION ="100" SCALE ="0"/>
            <TRANSFORMFIELD DATATYPE ="string" DEFAULTVALUE ="" DESCRIPTION ="" NAME ="Currency_Key" PICTURETEXT ="" PORTTYPE ="INPUT/OUTPUT" PRECISION ="100" SCALE ="0"/>
            <TRANSFORMFIELD DATATYPE ="string" DEFAULTVALUE ="" DESCRIPTION ="" NAME ="Material_Number" PICTURETEXT ="" PORTTYPE ="INPUT/OUTPUT" PRECISION ="100" SCALE ="0"/>
            <TRANSFORMFIELD DATATYPE ="string" DEFAULTVALUE ="" DESCRIPTION ="" NAME ="BOM_component" PICTURETEXT ="" PORTTYPE ="INPUT/OUTPUT" PRECISION ="100" SCALE ="0"/>
            <TRANSFORMFIELD DATATYPE ="string" DEFAULTVALUE ="" DESCRIPTION ="" NAME ="Material_Status" PICTURETEXT ="" PORTTYPE ="INPUT/OUTPUT" PRECISION ="100" SCALE ="0"/>
            <TRANSFORMFIELD DATATYPE ="string" DEFAULTVALUE ="" DESCRIPTION ="" NAME ="Sales_Organization" PICTURETEXT ="" PORTTYPE ="INPUT/OUTPUT" PRECISION ="100" SCALE ="0"/>
            <TRANSFORMFIELD DATATYPE ="string" DEFAULTVALUE ="" DESCRIPTION ="" NAME ="Profit_Center" PICTURETEXT ="" PORTTYPE ="INPUT/OUTPUT" PRECISION ="100" SCALE ="0"/>
            <TRANSFORMFIELD DATATYPE ="string" DEFAULTVALUE ="" DESCRIPTION ="" NAME ="Sold_To_Party" PICTURETEXT ="" PORTTYPE ="INPUT/OUTPUT" PRECISION ="100" SCALE ="0"/>
            <TRANSFORMFIELD DATATYPE ="string" DEFAULTVALUE ="" DESCRIPTION ="" NAME ="Ship_to_Party" PICTURETEXT ="" PORTTYPE ="INPUT/OUTPUT" PRECISION ="100" SCALE ="0"/>
            <TRANSFORMFIELD DATATYPE ="string" DEFAULTVALUE ="" DESCRIPTION ="" NAME ="CMP_Ship_Qty" PICTURETEXT ="" PORTTYPE ="INPUT/OUTPUT" PRECISION ="100" SCALE ="0"/>
            <TRANSFORMFIELD DATATYPE ="string" DEFAULTVALUE ="" DESCRIPTION ="" NAME ="Distribution_Channel_Desc" PICTURETEXT ="" PORTTYPE ="INPUT/OUTPUT" PRECISION ="100" SCALE ="0"/>
            <TRANSFORMFIELD DATATYPE ="string" DEFAULTVALUE ="" DESCRIPTION ="" NAME ="PO_Type" PICTURETEXT ="" PORTTYPE ="INPUT/OUTPUT" PRECISION ="50" SCALE ="0"/>
            <TRANSFORMFIELD DATATYPE ="string" DEFAULTVALUE ="" DESCRIPTION ="" NAME ="SOURCE_DOCUMENT_TYPE" PICTURETEXT ="" PORTTYPE ="INPUT/OUTPUT" PRECISION ="4" SCALE ="0"/>
            <TABLEATTRIBUTE NAME ="Sql Query" VALUE =""/>
            <TABLEATTRIBUTE NAME ="User Defined Join" VALUE =""/>
            <TABLEATTRIBUTE NAME ="Source Filter" VALUE =""/>
            <TABLEATTRIBUTE NAME ="Number Of Sorted Ports" VALUE ="0"/>
            <TABLEATTRIBUTE NAME ="Tracing Level" VALUE ="Normal"/>
            <TABLEATTRIBUTE NAME ="Is Partitionable" VALUE ="NO"/>
            <TABLEATTRIBUTE NAME ="Pre SQL" VALUE =""/>
            <TABLEATTRIBUTE NAME ="Post SQL" VALUE =""/>
            <TABLEATTRIBUTE NAME ="Output is deterministic" VALUE ="NO"/>
            <TABLEATTRIBUTE NAME ="Output is repeatable" VALUE ="Never"/>
        </TRANSFORMATION>
        <TRANSFORMATION DESCRIPTION ="Default Expression" NAME ="EXP_TRANSFORM" OBJECTVERSION ="1" REUSABLE ="NO" TYPE ="Expression" VERSIONNUMBER ="1">
            <TRANSFORMFIELD DATATYPE ="string" DEFAULTVALUE ="" DESCRIPTION ="" EXPRESSION ="Sales_Document" EXPRESSIONTYPE ="GENERAL" NAME ="Sales_Document" PICTURETEXT ="" PORTTYPE ="INPUT/OUTPUT" PRECISION ="100" SCALE ="0"/>
            <TRANSFORMFIELD DATATYPE ="string" DEFAULTVALUE ="" DESCRIPTION ="" EXPRESSION ="Sales_Doc_Item" EXPRESSIONTYPE ="GENERAL" NAME ="Sales_Doc_Item" PICTURETEXT ="" PORTTYPE ="INPUT/OUTPUT" PRECISION ="100" SCALE ="0"/>
            <TRANSFORMFIELD DATATYPE ="string" DEFAULTVALUE ="" DESCRIPTION ="" EXPRESSION ="Sales_Doc_Schedule_Line" EXPRESSIONTYPE ="GENERAL" NAME ="Sales_Doc_Schedule_Line" PICTURETEXT ="" PORTTYPE ="INPUT/OUTPUT" PRECISION ="100" SCALE ="0"/>
            <TRANSFORMFIELD DATATYPE ="string" DEFAULTVALUE ="" DESCRIPTION ="" EXPRESSION ="Distribution_Channel" EXPRESSIONTYPE ="GENERAL" NAME ="Distribution_Channel" PICTURETEXT ="" PORTTYPE ="INPUT/OUTPUT" PRECISION ="100" SCALE ="0"/>
            <TRANSFORMFIELD DATATYPE ="string" DEFAULTVALUE ="" DESCRIPTION ="" EXPRESSION ="Division" EXPRESSIONTYPE ="GENERAL" NAME ="Division" PICTURETEXT ="" PORTTYPE ="INPUT/OUTPUT" PRECISION ="100" SCALE ="0"/>
            <TRANSFORMFIELD DATATYPE ="string" DEFAULTVALUE ="" DESCRIPTION ="" EXPRESSION ="Plant" EXPRESSIONTYPE ="GENERAL" NAME ="Plant" PICTURETEXT ="" PORTTYPE ="INPUT/OUTPUT" PRECISION ="100" SCALE ="0"/>
            <TRANSFORMFIELD DATATYPE ="string" DEFAULTVALUE ="" DESCRIPTION ="" EXPRESSION ="Currency_Key" EXPRESSIONTYPE ="GENERAL" NAME ="Currency_Key" PICTURETEXT ="" PORTTYPE ="INPUT/OUTPUT" PRECISION ="100" SCALE ="0"/>
            <TRANSFORMFIELD DATATYPE ="string" DEFAULTVALUE ="" DESCRIPTION ="" EXPRESSION ="Material_Number" EXPRESSIONTYPE ="GENERAL" NAME ="Material_Number" PICTURETEXT ="" PORTTYPE ="INPUT/OUTPUT" PRECISION ="100" SCALE ="0"/>
            <TRANSFORMFIELD DATATYPE ="string" DEFAULTVALUE ="" DESCRIPTION ="" EXPRESSION ="BOM_component" EXPRESSIONTYPE ="GENERAL" NAME ="BOM_component" PICTURETEXT ="" PORTTYPE ="INPUT/OUTPUT" PRECISION ="100" SCALE ="0"/>
            <TRANSFORMFIELD DATATYPE ="string" DEFAULTVALUE ="" DESCRIPTION ="" EXPRESSION ="Material_Status" EXPRESSIONTYPE ="GENERAL" NAME ="Material_Status" PICTURETEXT ="" PORTTYPE ="INPUT/OUTPUT" PRECISION ="100" SCALE ="0"/>
            <TRANSFORMFIELD DATATYPE ="string" DEFAULTVALUE ="" DESCRIPTION ="" EXPRESSION ="Sales_Organization" EXPRESSIONTYPE ="GENERAL" NAME ="Sales_Organization" PICTURETEXT ="" PORTTYPE ="INPUT/OUTPUT" PRECISION ="100" SCALE ="0"/>
            <TRANSFORMFIELD DATATYPE ="string" DEFAULTVALUE ="" DESCRIPTION ="" EXPRESSION ="Profit_Center" EXPRESSIONTYPE ="GENERAL" NAME ="Profit_Center" PICTURETEXT ="" PORTTYPE ="INPUT/OUTPUT" PRECISION ="100" SCALE ="0"/>
            <TRANSFORMFIELD DATATYPE ="string" DEFAULTVALUE ="" DESCRIPTION ="" EXPRESSION ="Sold_To_Party" EXPRESSIONTYPE ="GENERAL" NAME ="Sold_To_Party" PICTURETEXT ="" PORTTYPE ="INPUT/OUTPUT" PRECISION ="100" SCALE ="0"/>
            <TRANSFORMFIELD DATATYPE ="string" DEFAULTVALUE ="" DESCRIPTION ="" EXPRESSION ="Ship_to_Party" EXPRESSIONTYPE ="GENERAL" NAME ="Ship_to_Party" PICTURETEXT ="" PORTTYPE ="INPUT/OUTPUT" PRECISION ="100" SCALE ="0"/>
            <TRANSFORMFIELD DATATYPE ="string" DEFAULTVALUE ="" DESCRIPTION ="" EXPRESSION ="CMP_Ship_Qty" EXPRESSIONTYPE ="GENERAL" NAME ="CMP_Ship_Qty" PICTURETEXT ="" PORTTYPE ="INPUT/OUTPUT" PRECISION ="100" SCALE ="0"/>
            <TRANSFORMFIELD DATATYPE ="string" DEFAULTVALUE ="" DESCRIPTION ="" NAME ="I_Goods_Issue_Date" PICTURETEXT ="" PORTTYPE ="INPUT" PRECISION ="100" SCALE ="0"/>
            <TRANSFORMFIELD DATATYPE ="date/time" DEFAULTVALUE ="ERROR(&apos;transformation error&apos;)" DESCRIPTION ="" EXPRESSION ="TO_DATE(I_Goods_Issue_Date,&apos;YYYY-MM-DD&apos;)" EXPRESSIONTYPE ="GENERAL" NAME ="O_Goods_Issue_Date" PICTURETEXT ="" PORTTYPE ="OUTPUT" PRECISION ="29" SCALE ="9"/>
            <TRANSFORMFIELD DATATYPE ="string" DEFAULTVALUE ="ERROR(&apos;transformation error&apos;)" DESCRIPTION ="" EXPRESSION ="&apos;STG_S4_GMI_CMP&apos;" EXPRESSIONTYPE ="GENERAL" NAME ="O_CREATE_USERID" PICTURETEXT ="" PORTTYPE ="OUTPUT" PRECISION ="100" SCALE ="0"/>
            <TRANSFORMFIELD DATATYPE ="date/time" DEFAULTVALUE ="" DESCRIPTION ="" EXPRESSION ="SESSSTARTTIME" EXPRESSIONTYPE ="GENERAL" NAME ="O_CREATE_DATE" PICTURETEXT ="" PORTTYPE ="OUTPUT" PRECISION ="29" SCALE ="9"/>
            <TRANSFORMFIELD DATATYPE ="string" DEFAULTVALUE ="" DESCRIPTION ="" EXPRESSION ="Distribution_Channel_Desc" EXPRESSIONTYPE ="GENERAL" NAME ="Distribution_Channel_Desc" PICTURETEXT ="" PORTTYPE ="INPUT/OUTPUT" PRECISION ="100" SCALE ="0"/>
            <TRANSFORMFIELD DATATYPE ="string" DEFAULTVALUE ="" DESCRIPTION ="" EXPRESSION ="PO_Type" EXPRESSIONTYPE ="GENERAL" NAME ="PO_Type" PICTURETEXT ="" PORTTYPE ="INPUT/OUTPUT" PRECISION ="50" SCALE ="0"/>
            <TRANSFORMFIELD DATATYPE ="string" DEFAULTVALUE ="" DESCRIPTION ="" EXPRESSION ="SOURCE_DOCUMENT_TYPE" EXPRESSIONTYPE ="GENERAL" NAME ="SOURCE_DOCUMENT_TYPE" PICTURETEXT ="" PORTTYPE ="INPUT/OUTPUT" PRECISION ="4" SCALE ="0"/>
            <TABLEATTRIBUTE NAME ="Tracing Level" VALUE ="Normal"/>
        </TRANSFORMATION>
        <INSTANCE DESCRIPTION ="Target Instance" NAME ="STG_S4_GMI_COMPONENT" TRANSFORMATION_NAME ="STG_S4_GMI_COMPONENT" TRANSFORMATION_TYPE ="Target Definition" TYPE ="TARGET"/>
        <INSTANCE DBDNAME ="FlatFile" DESCRIPTION ="Source DWC_SALES_CMP_GMI" NAME ="DWC_SALES_CMP_GMI" TRANSFORMATION_NAME ="DWC_SALES_CMP_GMI" TRANSFORMATION_TYPE ="Source Definition" TYPE ="SOURCE"/>
        <INSTANCE DESCRIPTION ="PR_TRUNC_STG_TBLS" NAME ="PR_TRUNC_STG_TBLS" REUSABLE ="YES" TRANSFORMATION_NAME ="PR_TRUNC_STG_TBLS" TRANSFORMATION_TYPE ="Stored Procedure" TYPE ="TRANSFORMATION">
            <TABLEATTRIBUTE NAME ="Call Text" VALUE ="STAGING.PR_TRUNC_STG_TBLS(STG_S4_GMI_COMPONENT)"/>
            <TABLEATTRIBUTE NAME ="Stored Procedure Type" VALUE ="Target Pre Load "/>
        </INSTANCE>
        <INSTANCE DESCRIPTION ="SQ DWC_SALES_CMP_GMI" NAME ="SQ_DWC_SALES_CMP_GMI" REUSABLE ="NO" TRANSFORMATION_NAME ="SQ_DWC_SALES_CMP_GMI" TRANSFORMATION_TYPE ="Source Qualifier" TYPE ="TRANSFORMATION">
            <ASSOCIATED_SOURCE_INSTANCE NAME ="DWC_SALES_CMP_GMI"/>
        </INSTANCE>
        <INSTANCE DESCRIPTION ="Default Expression" NAME ="EXP_TRANSFORM" REUSABLE ="NO" TRANSFORMATION_NAME ="EXP_TRANSFORM" TRANSFORMATION_TYPE ="Expression" TYPE ="TRANSFORMATION"/>
        <CONNECTOR FROMFIELD ="Sales_Document" FROMINSTANCE ="EXP_TRANSFORM" FROMINSTANCETYPE ="Expression" TOFIELD ="SALES_DOCUMENT" TOINSTANCE ="STG_S4_GMI_COMPONENT" TOINSTANCETYPE ="Target Definition"/>
        <CONNECTOR FROMFIELD ="Sales_Doc_Item" FROMINSTANCE ="EXP_TRANSFORM" FROMINSTANCETYPE ="Expression" TOFIELD ="SALES_DOC_ITEM" TOINSTANCE ="STG_S4_GMI_COMPONENT" TOINSTANCETYPE ="Target Definition"/>
        <CONNECTOR FROMFIELD ="Sales_Doc_Schedule_Line" FROMINSTANCE ="EXP_TRANSFORM" FROMINSTANCETYPE ="Expression" TOFIELD ="SALES_DOC_SCHEDULE_LINE" TOINSTANCE ="STG_S4_GMI_COMPONENT" TOINSTANCETYPE ="Target Definition"/>
        <CONNECTOR FROMFIELD ="O_Goods_Issue_Date" FROMINSTANCE ="EXP_TRANSFORM" FROMINSTANCETYPE ="Expression" TOFIELD ="GOODS_ISSUE_DATE" TOINSTANCE ="STG_S4_GMI_COMPONENT" TOINSTANCETYPE ="Target Definition"/>
        <CONNECTOR FROMFIELD ="Distribution_Channel" FROMINSTANCE ="EXP_TRANSFORM" FROMINSTANCETYPE ="Expression" TOFIELD ="DISTRIBUTION_CHANNEL" TOINSTANCE ="STG_S4_GMI_COMPONENT" TOINSTANCETYPE ="Target Definition"/>
        <CONNECTOR FROMFIELD ="Division" FROMINSTANCE ="EXP_TRANSFORM" FROMINSTANCETYPE ="Expression" TOFIELD ="DIVISION" TOINSTANCE ="STG_S4_GMI_COMPONENT" TOINSTANCETYPE ="Target Definition"/>
        <CONNECTOR FROMFIELD ="Plant" FROMINSTANCE ="EXP_TRANSFORM" FROMINSTANCETYPE ="Expression" TOFIELD ="PLANT" TOINSTANCE ="STG_S4_GMI_COMPONENT" TOINSTANCETYPE ="Target Definition"/>
        <CONNECTOR FROMFIELD ="Currency_Key" FROMINSTANCE ="EXP_TRANSFORM" FROMINSTANCETYPE ="Expression" TOFIELD ="CURRENCY_KEY" TOINSTANCE ="STG_S4_GMI_COMPONENT" TOINSTANCETYPE ="Target Definition"/>
        <CONNECTOR FROMFIELD ="Material_Number" FROMINSTANCE ="EXP_TRANSFORM" FROMINSTANCETYPE ="Expression" TOFIELD ="MATERIAL_NUMBER" TOINSTANCE ="STG_S4_GMI_COMPONENT" TOINSTANCETYPE ="Target Definition"/>
        <CONNECTOR FROMFIELD ="BOM_component" FROMINSTANCE ="EXP_TRANSFORM" FROMINSTANCETYPE ="Expression" TOFIELD ="BOM_COMPONENT" TOINSTANCE ="STG_S4_GMI_COMPONENT" TOINSTANCETYPE ="Target Definition"/>
        <CONNECTOR FROMFIELD ="Material_Status" FROMINSTANCE ="EXP_TRANSFORM" FROMINSTANCETYPE ="Expression" TOFIELD ="MATERIAL_STATUS" TOINSTANCE ="STG_S4_GMI_COMPONENT" TOINSTANCETYPE ="Target Definition"/>
        <CONNECTOR FROMFIELD ="Sales_Organization" FROMINSTANCE ="EXP_TRANSFORM" FROMINSTANCETYPE ="Expression" TOFIELD ="SALES_ORGANIZATION" TOINSTANCE ="STG_S4_GMI_COMPONENT" TOINSTANCETYPE ="Target Definition"/>
        <CONNECTOR FROMFIELD ="Profit_Center" FROMINSTANCE ="EXP_TRANSFORM" FROMINSTANCETYPE ="Expression" TOFIELD ="PROFIT_CENTER" TOINSTANCE ="STG_S4_GMI_COMPONENT" TOINSTANCETYPE ="Target Definition"/>
        <CONNECTOR FROMFIELD ="Sold_To_Party" FROMINSTANCE ="EXP_TRANSFORM" FROMINSTANCETYPE ="Expression" TOFIELD ="SOLD_TO_PARTY" TOINSTANCE ="STG_S4_GMI_COMPONENT" TOINSTANCETYPE ="Target Definition"/>
        <CONNECTOR FROMFIELD ="Ship_to_Party" FROMINSTANCE ="EXP_TRANSFORM" FROMINSTANCETYPE ="Expression" TOFIELD ="SHIP_TO_PARTY" TOINSTANCE ="STG_S4_GMI_COMPONENT" TOINSTANCETYPE ="Target Definition"/>
        <CONNECTOR FROMFIELD ="CMP_Ship_Qty" FROMINSTANCE ="EXP_TRANSFORM" FROMINSTANCETYPE ="Expression" TOFIELD ="CMP_SHIP_QTY" TOINSTANCE ="STG_S4_GMI_COMPONENT" TOINSTANCETYPE ="Target Definition"/>
        <CONNECTOR FROMFIELD ="O_CREATE_USERID" FROMINSTANCE ="EXP_TRANSFORM" FROMINSTANCETYPE ="Expression" TOFIELD ="CREATE_USERID" TOINSTANCE ="STG_S4_GMI_COMPONENT" TOINSTANCETYPE ="Target Definition"/>
        <CONNECTOR FROMFIELD ="O_CREATE_DATE" FROMINSTANCE ="EXP_TRANSFORM" FROMINSTANCETYPE ="Expression" TOFIELD ="CREATE_DATE" TOINSTANCE ="STG_S4_GMI_COMPONENT" TOINSTANCETYPE ="Target Definition"/>
        <CONNECTOR FROMFIELD ="Distribution_Channel_Desc" FROMINSTANCE ="EXP_TRANSFORM" FROMINSTANCETYPE ="Expression" TOFIELD ="DISTRIBUTION_CHANNEL_DESC" TOINSTANCE ="STG_S4_GMI_COMPONENT" TOINSTANCETYPE ="Target Definition"/>
        <CONNECTOR FROMFIELD ="PO_Type" FROMINSTANCE ="EXP_TRANSFORM" FROMINSTANCETYPE ="Expression" TOFIELD ="POTYPE" TOINSTANCE ="STG_S4_GMI_COMPONENT" TOINSTANCETYPE ="Target Definition"/>
        <CONNECTOR FROMFIELD ="SOURCE_DOCUMENT_TYPE" FROMINSTANCE ="EXP_TRANSFORM" FROMINSTANCETYPE ="Expression" TOFIELD ="SOURCE_ORDER_TYPE" TOINSTANCE ="STG_S4_GMI_COMPONENT" TOINSTANCETYPE ="Target Definition"/>
        <CONNECTOR FROMFIELD ="Sales_Document" FROMINSTANCE ="DWC_SALES_CMP_GMI" FROMINSTANCETYPE ="Source Definition" TOFIELD ="Sales_Document" TOINSTANCE ="SQ_DWC_SALES_CMP_GMI" TOINSTANCETYPE ="Source Qualifier"/>
        <CONNECTOR FROMFIELD ="Sales_Doc_Item" FROMINSTANCE ="DWC_SALES_CMP_GMI" FROMINSTANCETYPE ="Source Definition" TOFIELD ="Sales_Doc_Item" TOINSTANCE ="SQ_DWC_SALES_CMP_GMI" TOINSTANCETYPE ="Source Qualifier"/>
        <CONNECTOR FROMFIELD ="Sales_Doc_Schedule_Line" FROMINSTANCE ="DWC_SALES_CMP_GMI" FROMINSTANCETYPE ="Source Definition" TOFIELD ="Sales_Doc_Schedule_Line" TOINSTANCE ="SQ_DWC_SALES_CMP_GMI" TOINSTANCETYPE ="Source Qualifier"/>
        <CONNECTOR FROMFIELD ="Goods_Issue_Date" FROMINSTANCE ="DWC_SALES_CMP_GMI" FROMINSTANCETYPE ="Source Definition" TOFIELD ="Goods_Issue_Date" TOINSTANCE ="SQ_DWC_SALES_CMP_GMI" TOINSTANCETYPE ="Source Qualifier"/>
        <CONNECTOR FROMFIELD ="Distribution_Channel" FROMINSTANCE ="DWC_SALES_CMP_GMI" FROMINSTANCETYPE ="Source Definition" TOFIELD ="Distribution_Channel" TOINSTANCE ="SQ_DWC_SALES_CMP_GMI" TOINSTANCETYPE ="Source Qualifier"/>
        <CONNECTOR FROMFIELD ="Division" FROMINSTANCE ="DWC_SALES_CMP_GMI" FROMINSTANCETYPE ="Source Definition" TOFIELD ="Division" TOINSTANCE ="SQ_DWC_SALES_CMP_GMI" TOINSTANCETYPE ="Source Qualifier"/>
        <CONNECTOR FROMFIELD ="Plant" FROMINSTANCE ="DWC_SALES_CMP_GMI" FROMINSTANCETYPE ="Source Definition" TOFIELD ="Plant" TOINSTANCE ="SQ_DWC_SALES_CMP_GMI" TOINSTANCETYPE ="Source Qualifier"/>
        <CONNECTOR FROMFIELD ="Currency_Key" FROMINSTANCE ="DWC_SALES_CMP_GMI" FROMINSTANCETYPE ="Source Definition" TOFIELD ="Currency_Key" TOINSTANCE ="SQ_DWC_SALES_CMP_GMI" TOINSTANCETYPE ="Source Qualifier"/>
        <CONNECTOR FROMFIELD ="Material_Number" FROMINSTANCE ="DWC_SALES_CMP_GMI" FROMINSTANCETYPE ="Source Definition" TOFIELD ="Material_Number" TOINSTANCE ="SQ_DWC_SALES_CMP_GMI" TOINSTANCETYPE ="Source Qualifier"/>
        <CONNECTOR FROMFIELD ="BOM_component" FROMINSTANCE ="DWC_SALES_CMP_GMI" FROMINSTANCETYPE ="Source Definition" TOFIELD ="BOM_component" TOINSTANCE ="SQ_DWC_SALES_CMP_GMI" TOINSTANCETYPE ="Source Qualifier"/>
        <CONNECTOR FROMFIELD ="Material_Status" FROMINSTANCE ="DWC_SALES_CMP_GMI" FROMINSTANCETYPE ="Source Definition" TOFIELD ="Material_Status" TOINSTANCE ="SQ_DWC_SALES_CMP_GMI" TOINSTANCETYPE ="Source Qualifier"/>
        <CONNECTOR FROMFIELD ="Sales_Organization" FROMINSTANCE ="DWC_SALES_CMP_GMI" FROMINSTANCETYPE ="Source Definition" TOFIELD ="Sales_Organization" TOINSTANCE ="SQ_DWC_SALES_CMP_GMI" TOINSTANCETYPE ="Source Qualifier"/>
        <CONNECTOR FROMFIELD ="Profit_Center" FROMINSTANCE ="DWC_SALES_CMP_GMI" FROMINSTANCETYPE ="Source Definition" TOFIELD ="Profit_Center" TOINSTANCE ="SQ_DWC_SALES_CMP_GMI" TOINSTANCETYPE ="Source Qualifier"/>
        <CONNECTOR FROMFIELD ="Sold_To_Party" FROMINSTANCE ="DWC_SALES_CMP_GMI" FROMINSTANCETYPE ="Source Definition" TOFIELD ="Sold_To_Party" TOINSTANCE ="SQ_DWC_SALES_CMP_GMI" TOINSTANCETYPE ="Source Qualifier"/>
        <CONNECTOR FROMFIELD ="Ship_to_Party" FROMINSTANCE ="DWC_SALES_CMP_GMI" FROMINSTANCETYPE ="Source Definition" TOFIELD ="Ship_to_Party" TOINSTANCE ="SQ_DWC_SALES_CMP_GMI" TOINSTANCETYPE ="Source Qualifier"/>
        <CONNECTOR FROMFIELD ="CMP_Ship_Qty" FROMINSTANCE ="DWC_SALES_CMP_GMI" FROMINSTANCETYPE ="Source Definition" TOFIELD ="CMP_Ship_Qty" TOINSTANCE ="SQ_DWC_SALES_CMP_GMI" TOINSTANCETYPE ="Source Qualifier"/>
        <CONNECTOR FROMFIELD ="Distribution_Channel_Desc" FROMINSTANCE ="DWC_SALES_CMP_GMI" FROMINSTANCETYPE ="Source Definition" TOFIELD ="Distribution_Channel_Desc" TOINSTANCE ="SQ_DWC_SALES_CMP_GMI" TOINSTANCETYPE ="Source Qualifier"/>
        <CONNECTOR FROMFIELD ="PO_Type" FROMINSTANCE ="DWC_SALES_CMP_GMI" FROMINSTANCETYPE ="Source Definition" TOFIELD ="PO_Type" TOINSTANCE ="SQ_DWC_SALES_CMP_GMI" TOINSTANCETYPE ="Source Qualifier"/>
        <CONNECTOR FROMFIELD ="SOURCE_DOCUMENT_TYPE" FROMINSTANCE ="DWC_SALES_CMP_GMI" FROMINSTANCETYPE ="Source Definition" TOFIELD ="SOURCE_DOCUMENT_TYPE" TOINSTANCE ="SQ_DWC_SALES_CMP_GMI" TOINSTANCETYPE ="Source Qualifier"/>
        <CONNECTOR FROMFIELD ="Sales_Document" FROMINSTANCE ="SQ_DWC_SALES_CMP_GMI" FROMINSTANCETYPE ="Source Qualifier" TOFIELD ="Sales_Document" TOINSTANCE ="EXP_TRANSFORM" TOINSTANCETYPE ="Expression"/>
        <CONNECTOR FROMFIELD ="Sales_Doc_Item" FROMINSTANCE ="SQ_DWC_SALES_CMP_GMI" FROMINSTANCETYPE ="Source Qualifier" TOFIELD ="Sales_Doc_Item" TOINSTANCE ="EXP_TRANSFORM" TOINSTANCETYPE ="Expression"/>
        <CONNECTOR FROMFIELD ="Sales_Doc_Schedule_Line" FROMINSTANCE ="SQ_DWC_SALES_CMP_GMI" FROMINSTANCETYPE ="Source Qualifier" TOFIELD ="Sales_Doc_Schedule_Line" TOINSTANCE ="EXP_TRANSFORM" TOINSTANCETYPE ="Expression"/>
        <CONNECTOR FROMFIELD ="Goods_Issue_Date" FROMINSTANCE ="SQ_DWC_SALES_CMP_GMI" FROMINSTANCETYPE ="Source Qualifier" TOFIELD ="I_Goods_Issue_Date" TOINSTANCE ="EXP_TRANSFORM" TOINSTANCETYPE ="Expression"/>
        <CONNECTOR FROMFIELD ="Distribution_Channel" FROMINSTANCE ="SQ_DWC_SALES_CMP_GMI" FROMINSTANCETYPE ="Source Qualifier" TOFIELD ="Distribution_Channel" TOINSTANCE ="EXP_TRANSFORM" TOINSTANCETYPE ="Expression"/>
        <CONNECTOR FROMFIELD ="Division" FROMINSTANCE ="SQ_DWC_SALES_CMP_GMI" FROMINSTANCETYPE ="Source Qualifier" TOFIELD ="Division" TOINSTANCE ="EXP_TRANSFORM" TOINSTANCETYPE ="Expression"/>
        <CONNECTOR FROMFIELD ="Plant" FROMINSTANCE ="SQ_DWC_SALES_CMP_GMI" FROMINSTANCETYPE ="Source Qualifier" TOFIELD ="Plant" TOINSTANCE ="EXP_TRANSFORM" TOINSTANCETYPE ="Expression"/>
        <CONNECTOR FROMFIELD ="Currency_Key" FROMINSTANCE ="SQ_DWC_SALES_CMP_GMI" FROMINSTANCETYPE ="Source Qualifier" TOFIELD ="Currency_Key" TOINSTANCE ="EXP_TRANSFORM" TOINSTANCETYPE ="Expression"/>
        <CONNECTOR FROMFIELD ="Material_Number" FROMINSTANCE ="SQ_DWC_SALES_CMP_GMI" FROMINSTANCETYPE ="Source Qualifier" TOFIELD ="Material_Number" TOINSTANCE ="EXP_TRANSFORM" TOINSTANCETYPE ="Expression"/>
        <CONNECTOR FROMFIELD ="BOM_component" FROMINSTANCE ="SQ_DWC_SALES_CMP_GMI" FROMINSTANCETYPE ="Source Qualifier" TOFIELD ="BOM_component" TOINSTANCE ="EXP_TRANSFORM" TOINSTANCETYPE ="Expression"/>
        <CONNECTOR FROMFIELD ="Material_Status" FROMINSTANCE ="SQ_DWC_SALES_CMP_GMI" FROMINSTANCETYPE ="Source Qualifier" TOFIELD ="Material_Status" TOINSTANCE ="EXP_TRANSFORM" TOINSTANCETYPE ="Expression"/>
        <CONNECTOR FROMFIELD ="Sales_Organization" FROMINSTANCE ="SQ_DWC_SALES_CMP_GMI" FROMINSTANCETYPE ="Source Qualifier" TOFIELD ="Sales_Organization" TOINSTANCE ="EXP_TRANSFORM" TOINSTANCETYPE ="Expression"/>
        <CONNECTOR FROMFIELD ="Profit_Center" FROMINSTANCE ="SQ_DWC_SALES_CMP_GMI" FROMINSTANCETYPE ="Source Qualifier" TOFIELD ="Profit_Center" TOINSTANCE ="EXP_TRANSFORM" TOINSTANCETYPE ="Expression"/>
        <CONNECTOR FROMFIELD ="Sold_To_Party" FROMINSTANCE ="SQ_DWC_SALES_CMP_GMI" FROMINSTANCETYPE ="Source Qualifier" TOFIELD ="Sold_To_Party" TOINSTANCE ="EXP_TRANSFORM" TOINSTANCETYPE ="Expression"/>
        <CONNECTOR FROMFIELD ="Ship_to_Party" FROMINSTANCE ="SQ_DWC_SALES_CMP_GMI" FROMINSTANCETYPE ="Source Qualifier" TOFIELD ="Ship_to_Party" TOINSTANCE ="EXP_TRANSFORM" TOINSTANCETYPE ="Expression"/>
        <CONNECTOR FROMFIELD ="CMP_Ship_Qty" FROMINSTANCE ="SQ_DWC_SALES_CMP_GMI" FROMINSTANCETYPE ="Source Qualifier" TOFIELD ="CMP_Ship_Qty" TOINSTANCE ="EXP_TRANSFORM" TOINSTANCETYPE ="Expression"/>
        <CONNECTOR FROMFIELD ="Distribution_Channel_Desc" FROMINSTANCE ="SQ_DWC_SALES_CMP_GMI" FROMINSTANCETYPE ="Source Qualifier" TOFIELD ="Distribution_Channel_Desc" TOINSTANCE ="EXP_TRANSFORM" TOINSTANCETYPE ="Expression"/>
        <CONNECTOR FROMFIELD ="PO_Type" FROMINSTANCE ="SQ_DWC_SALES_CMP_GMI" FROMINSTANCETYPE ="Source Qualifier" TOFIELD ="PO_Type" TOINSTANCE ="EXP_TRANSFORM" TOINSTANCETYPE ="Expression"/>
        <CONNECTOR FROMFIELD ="SOURCE_DOCUMENT_TYPE" FROMINSTANCE ="SQ_DWC_SALES_CMP_GMI" FROMINSTANCETYPE ="Source Qualifier" TOFIELD ="SOURCE_DOCUMENT_TYPE" TOINSTANCE ="EXP_TRANSFORM" TOINSTANCETYPE ="Expression"/>
        <TARGETLOADORDER ORDER ="1" TARGETINSTANCE ="STG_S4_GMI_COMPONENT"/>
        <ERPINFO/>
        <METADATAEXTENSION COMPONENTVERSION ="1000000" DATATYPE ="STRING" DESCRIPTION ="" DOMAINNAME ="User Defined Metadata Domain" ISCLIENTEDITABLE ="YES" ISCLIENTVISIBLE ="YES" ISREUSABLE ="NO" ISSHAREREAD ="NO" ISSHAREWRITE ="NO" MAXLENGTH ="256" NAME ="Extension" VALUE ="S4_Integration_Bi_GMI_Component_v1.1" VENDORNAME ="INFORMATICA"/>
    </MAPPING>
    <CONFIG DESCRIPTION ="Default session configuration object" ISDEFAULT ="YES" NAME ="default_session_config" VERSIONNUMBER ="1">
        <ATTRIBUTE NAME ="Advanced" VALUE =""/>
        <ATTRIBUTE NAME ="Constraint based load ordering" VALUE ="NO"/>
        <ATTRIBUTE NAME ="Cache LOOKUP() function" VALUE ="YES"/>
        <ATTRIBUTE NAME ="Default buffer block size" VALUE ="Auto"/>
        <ATTRIBUTE NAME ="Line Sequential buffer length" VALUE ="1024"/>
        <ATTRIBUTE NAME ="Maximum Memory Allowed For Auto Memory Attributes" VALUE ="512MB"/>
        <ATTRIBUTE NAME ="Maximum Percentage of Total Memory Allowed For Auto Memory Attributes" VALUE ="5"/>
        <ATTRIBUTE NAME ="Additional Concurrent Pipelines for Lookup Cache Creation" VALUE ="Auto"/>
        <ATTRIBUTE NAME ="Custom Properties" VALUE =""/>
        <ATTRIBUTE NAME ="Pre-build lookup cache" VALUE ="Auto"/>
        <ATTRIBUTE NAME ="Optimization Level" VALUE ="Medium"/>
        <ATTRIBUTE NAME ="DateTime Format String" VALUE ="MM/DD/YYYY HH24:MI:SS.US"/>
        <ATTRIBUTE NAME ="Pre 85 Timestamp Compatibility" VALUE ="NO"/>
        <ATTRIBUTE NAME ="Log Options" VALUE ="0"/>
        <ATTRIBUTE NAME ="Save session log by" VALUE ="Session runs"/>
        <ATTRIBUTE NAME ="Save session log for these runs" VALUE ="9"/>
        <ATTRIBUTE NAME ="Session Log File Max Size" VALUE ="0"/>
        <ATTRIBUTE NAME ="Session Log File Max Time Period" VALUE ="0"/>
        <ATTRIBUTE NAME ="Maximum Partial Session Log Files" VALUE ="1"/>
        <ATTRIBUTE NAME ="Writer Commit Statistics Log Frequency" VALUE ="1"/>
        <ATTRIBUTE NAME ="Writer Commit Statistics Log Interval" VALUE ="0"/>
        <ATTRIBUTE NAME ="Error handling" VALUE =""/>
        <ATTRIBUTE NAME ="Stop on errors" VALUE ="1"/>
        <ATTRIBUTE NAME ="Override tracing" VALUE ="None"/>
        <ATTRIBUTE NAME ="On Stored Procedure error" VALUE ="Stop"/>
        <ATTRIBUTE NAME ="On Pre-session command task error" VALUE ="Stop"/>
        <ATTRIBUTE NAME ="On Pre-Post SQL error" VALUE ="Stop"/>
        <ATTRIBUTE NAME ="Enable Recovery" VALUE ="NO"/>
        <ATTRIBUTE NAME ="Error Log Type" VALUE ="None"/>
        <ATTRIBUTE NAME ="Error Log Table Name Prefix" VALUE =""/>
        <ATTRIBUTE NAME ="Error Log File Name" VALUE ="PMError.log"/>
        <ATTRIBUTE NAME ="Log Source Row Data" VALUE ="NO"/>
        <ATTRIBUTE NAME ="Data Column Delimiter" VALUE ="|"/>
        <ATTRIBUTE NAME ="Partitioning Options" VALUE =""/>
        <ATTRIBUTE NAME ="Dynamic Partitioning" VALUE ="Disabled"/>
        <ATTRIBUTE NAME ="Number of Partitions" VALUE ="1"/>
        <ATTRIBUTE NAME ="Multiplication Factor" VALUE ="Auto"/>
        <ATTRIBUTE NAME ="Session on Grid" VALUE =""/>
        <ATTRIBUTE NAME ="Is Enabled" VALUE ="NO"/>
    </CONFIG>
    <SESSION DESCRIPTION ="Session holds the mapping m_STG_S4_GMI_COMPONENT" ISVALID ="YES" MAPPINGNAME ="m_STG_S4_GMI_COMPONENT" NAME ="s_m_STG_S4_GMI_COMPONENT" REUSABLE ="YES" SORTORDER ="Binary" VERSIONNUMBER ="1">
        <SESSTRANSFORMATIONINST ISREPARTITIONPOINT ="YES" PARTITIONTYPE ="PASS THROUGH" PIPELINE ="1" SINSTANCENAME ="STG_S4_GMI_COMPONENT" STAGE ="1" TRANSFORMATIONNAME ="STG_S4_GMI_COMPONENT" TRANSFORMATIONTYPE ="Target Definition"/>
        <SESSTRANSFORMATIONINST ISREPARTITIONPOINT ="NO" PIPELINE ="0" SINSTANCENAME ="DWC_SALES_CMP_GMI" STAGE ="0" TRANSFORMATIONNAME ="DWC_SALES_CMP_GMI" TRANSFORMATIONTYPE ="Source Definition">
            <FLATFILE CODEPAGE ="MS1252" CONSECDELIMITERSASONE ="NO" DELIMITED ="YES" DELIMITERS ="&#x5c;011|" ESCAPE_CHARACTER ="" KEEPESCAPECHAR ="NO" LINESEQUENTIAL ="NO" MULTIDELIMITERSASAND ="NO" NULLCHARTYPE ="ASCII" NULL_CHARACTER ="*" PADBYTES ="1" QUOTE_CHARACTER ="DOUBLE" REPEATABLE ="NO" ROWDELIMITER ="0" SKIPROWS ="1" STRIPTRAILINGBLANKS ="NO"/>
        </SESSTRANSFORMATIONINST>
        <SESSTRANSFORMATIONINST ISREPARTITIONPOINT ="YES" PARTITIONTYPE ="PASS THROUGH" PIPELINE ="1" SINSTANCENAME ="SQ_DWC_SALES_CMP_GMI" STAGE ="2" TRANSFORMATIONNAME ="SQ_DWC_SALES_CMP_GMI" TRANSFORMATIONTYPE ="Source Qualifier"/>
        <SESSTRANSFORMATIONINST ISREPARTITIONPOINT ="NO" PIPELINE ="1" SINSTANCENAME ="EXP_TRANSFORM" STAGE ="2" TRANSFORMATIONNAME ="EXP_TRANSFORM" TRANSFORMATIONTYPE ="Expression">
            <PARTITION DESCRIPTION ="" NAME ="Partition #1"/>
        </SESSTRANSFORMATIONINST>
        <SESSTRANSFORMATIONINST ISREPARTITIONPOINT ="NO" PIPELINE ="0" SINSTANCENAME ="PR_TRUNC_STG_TBLS" STAGE ="0" TRANSFORMATIONNAME ="PR_TRUNC_STG_TBLS" TRANSFORMATIONTYPE ="Stored Procedure">
            <ATTRIBUTE NAME ="Connection Information" VALUE ="Relational:SLBADW"/>
        </SESSTRANSFORMATIONINST>
        <CONFIGREFERENCE REFOBJECTNAME ="default_session_config" TYPE ="Session config"/>
        <SESSIONEXTENSION NAME ="Relational Writer" SINSTANCENAME ="STG_S4_GMI_COMPONENT" SUBTYPE ="Relational Writer" TRANSFORMATIONTYPE ="Target Definition" TYPE ="WRITER">
            <CONNECTIONREFERENCE CNXREFNAME ="DB Connection" CONNECTIONNAME ="SLBADW" CONNECTIONNUMBER ="1" CONNECTIONSUBTYPE ="Oracle" CONNECTIONTYPE ="Relational" VARIABLE =""/>
            <ATTRIBUTE NAME ="Target load type" VALUE ="Normal"/>
            <ATTRIBUTE NAME ="Insert" VALUE ="YES"/>
            <ATTRIBUTE NAME ="Update as Update" VALUE ="NO"/>
            <ATTRIBUTE NAME ="Update as Insert" VALUE ="NO"/>
            <ATTRIBUTE NAME ="Update else Insert" VALUE ="NO"/>
            <ATTRIBUTE NAME ="Delete" VALUE ="NO"/>
            <ATTRIBUTE NAME ="Truncate target table option" VALUE ="NO"/>
            <ATTRIBUTE NAME ="Reject file directory" VALUE ="$PMBadFileDir&#x5c;ONE_ON_ONE_OTC&#x5c;BAD&#x5c;"/>
            <ATTRIBUTE NAME ="Reject filename" VALUE ="s_m_STG_S4_GMI_COMPONENT.bad"/>
        </SESSIONEXTENSION>
        <SESSIONEXTENSION DSQINSTNAME ="SQ_DWC_SALES_CMP_GMI" DSQINSTTYPE ="Source Qualifier" NAME ="File Reader" SINSTANCENAME ="DWC_SALES_CMP_GMI" SUBTYPE ="File Reader" TRANSFORMATIONTYPE ="Source Definition" TYPE ="READER">
            <CONNECTIONREFERENCE CNXREFNAME ="Connection" CONNECTIONNAME ="" CONNECTIONNUMBER ="1" CONNECTIONSUBTYPE ="" CONNECTIONTYPE ="" VARIABLE =""/>
            <ATTRIBUTE NAME ="Input Type" VALUE ="File"/>
            <ATTRIBUTE NAME ="Concurrent read partitioning" VALUE ="Optimize throughput"/>
            <ATTRIBUTE NAME ="Command Type" VALUE ="Command Generating Data"/>
            <ATTRIBUTE NAME ="Source filetype" VALUE ="Direct"/>
            <ATTRIBUTE NAME ="Source file directory" VALUE ="$PMSourceFileDir&#x5c;ONE_ON_ONE_OTC&#x5c;SRC&#x5c;"/>
            <ATTRIBUTE NAME ="Source filename" VALUE ="DWC_SALES_CMP_GMI.CSV"/>
            <ATTRIBUTE NAME ="Command" VALUE =""/>
            <ATTRIBUTE NAME ="File Reader Truncate String Null" VALUE ="NO"/>
            <ATTRIBUTE NAME ="Codepage Parameter" VALUE =""/>
        </SESSIONEXTENSION>
        <SESSIONEXTENSION NAME ="File Reader" SINSTANCENAME ="SQ_DWC_SALES_CMP_GMI" SUBTYPE ="File Reader" TRANSFORMATIONTYPE ="Source Qualifier" TYPE ="READER"/>
        <ATTRIBUTE NAME ="General Options" VALUE =""/>
        <ATTRIBUTE NAME ="Write Backward Compatible Session Log File" VALUE ="YES"/>
        <ATTRIBUTE NAME ="Session Log File Name" VALUE ="s_m_STG_S4_GMI_COMPONENT.log"/>
        <ATTRIBUTE NAME ="Session Log File directory" VALUE ="$PMSessionLogDir&#x5c;ONE_ON_ONE_OTC&#x5c;LOG&#x5c;"/>
        <ATTRIBUTE NAME ="Parameter Filename" VALUE =""/>
        <ATTRIBUTE NAME ="Enable Test Load" VALUE ="NO"/>
        <ATTRIBUTE NAME ="$Source connection value" VALUE =""/>
        <ATTRIBUTE NAME ="$Target connection value" VALUE =""/>
        <ATTRIBUTE NAME ="Treat source rows as" VALUE ="Insert"/>
        <ATTRIBUTE NAME ="Commit Type" VALUE ="Target"/>
        <ATTRIBUTE NAME ="Commit Interval" VALUE ="2000000"/>
        <ATTRIBUTE NAME ="Commit On End Of File" VALUE ="YES"/>
        <ATTRIBUTE NAME ="Rollback Transactions on Errors" VALUE ="NO"/>
        <ATTRIBUTE NAME ="Recovery Strategy" VALUE ="Restart task"/>
        <ATTRIBUTE NAME ="Java Classpath" VALUE =""/>
        <ATTRIBUTE NAME ="Performance" VALUE =""/>
        <ATTRIBUTE NAME ="DTM buffer size" VALUE ="Auto"/>
        <ATTRIBUTE NAME ="Collect performance data" VALUE ="NO"/>
        <ATTRIBUTE NAME ="Write performance data to repository" VALUE ="NO"/>
        <ATTRIBUTE NAME ="Incremental Aggregation" VALUE ="NO"/>
        <ATTRIBUTE NAME ="Enable high precision" VALUE ="NO"/>
        <ATTRIBUTE NAME ="Session retry on deadlock" VALUE ="NO"/>
        <ATTRIBUTE NAME ="Pushdown Optimization" VALUE ="None"/>
        <ATTRIBUTE NAME ="Allow Temporary View for Pushdown" VALUE ="NO"/>
        <ATTRIBUTE NAME ="Allow Temporary Sequence for Pushdown" VALUE ="NO"/>
        <ATTRIBUTE NAME ="Allow Pushdown for User Incompatible Connections" VALUE ="NO"/>
        <METADATAEXTENSION COMPONENTVERSION ="1000000" DATATYPE ="STRING" DESCRIPTION ="" DOMAINNAME ="User Defined Metadata Domain" ISCLIENTEDITABLE ="YES" ISCLIENTVISIBLE ="YES" ISREUSABLE ="NO" ISSHAREREAD ="NO" ISSHAREWRITE ="NO" MAXLENGTH ="256" NAME ="Extension" VALUE ="S4_Integration_Bi_GMI_Component_v1.1" VENDORNAME ="INFORMATICA"/>
    </SESSION>
    <WORKFLOW DESCRIPTION ="" ISENABLED ="YES" ISRUNNABLESERVICE ="NO" ISSERVICE ="NO" ISVALID ="YES" NAME ="wf_s_m_STG_S4_GMI_COMPONENT" REUSABLE_SCHEDULER ="NO" SCHEDULERNAME ="Scheduler" SERVERNAME ="Domain10_PRD_Int_Svc" SERVER_DOMAINNAME ="Domain10_PRD" SUSPEND_ON_ERROR ="NO" TASKS_MUST_RUN_ON_SERVER ="NO" VERSIONNUMBER ="1">
        <SCHEDULER DESCRIPTION ="" NAME ="Scheduler" REUSABLE ="NO" VERSIONNUMBER ="1">
            <SCHEDULEINFO SCHEDULETYPE ="ONDEMAND"/>
        </SCHEDULER>
        <TASK DESCRIPTION ="" NAME ="Start" REUSABLE ="NO" TYPE ="Start" VERSIONNUMBER ="1"/>
        <TASKINSTANCE DESCRIPTION ="" FAIL_PARENT_IF_INSTANCE_DID_NOT_RUN ="YES" FAIL_PARENT_IF_INSTANCE_FAILS ="YES" ISENABLED ="YES" NAME ="s_m_STG_S4_GMI_COMPONENT" REUSABLE ="YES" TASKNAME ="s_m_STG_S4_GMI_COMPONENT" TASKTYPE ="Session" TREAT_INPUTLINK_AS_AND ="NO"/>
        <TASKINSTANCE DESCRIPTION ="" ISENABLED ="YES" NAME ="Start" REUSABLE ="NO" TASKNAME ="Start" TASKTYPE ="Start"/>
        <WORKFLOWLINK CONDITION ="" FROMTASK ="Start" TOTASK ="s_m_STG_S4_GMI_COMPONENT"/>
        <WORKFLOWVARIABLE DATATYPE ="date/time" DEFAULTVALUE ="" DESCRIPTION ="The time this task started" ISNULL ="NO" ISPERSISTENT ="NO" NAME ="$s_m_STG_S4_GMI_COMPONENT.StartTime" USERDEFINED ="NO"/>
        <WORKFLOWVARIABLE DATATYPE ="date/time" DEFAULTVALUE ="" DESCRIPTION ="The time this task completed" ISNULL ="NO" ISPERSISTENT ="NO" NAME ="$s_m_STG_S4_GMI_COMPONENT.EndTime" USERDEFINED ="NO"/>
        <WORKFLOWVARIABLE DATATYPE ="integer" DEFAULTVALUE ="" DESCRIPTION ="Status of this task&apos;s execution" ISNULL ="NO" ISPERSISTENT ="NO" NAME ="$s_m_STG_S4_GMI_COMPONENT.Status" USERDEFINED ="NO"/>
        <WORKFLOWVARIABLE DATATYPE ="integer" DEFAULTVALUE ="" DESCRIPTION ="Status of the previous task that is not disabled" ISNULL ="NO" ISPERSISTENT ="NO" NAME ="$s_m_STG_S4_GMI_COMPONENT.PrevTaskStatus" USERDEFINED ="NO"/>
        <WORKFLOWVARIABLE DATATYPE ="integer" DEFAULTVALUE ="" DESCRIPTION ="Error code for this task&apos;s execution" ISNULL ="NO" ISPERSISTENT ="NO" NAME ="$s_m_STG_S4_GMI_COMPONENT.ErrorCode" USERDEFINED ="NO"/>
        <WORKFLOWVARIABLE DATATYPE ="string" DEFAULTVALUE ="" DESCRIPTION ="Error message for this task&apos;s execution" ISNULL ="NO" ISPERSISTENT ="NO" NAME ="$s_m_STG_S4_GMI_COMPONENT.ErrorMsg" USERDEFINED ="NO"/>
        <WORKFLOWVARIABLE DATATYPE ="integer" DEFAULTVALUE ="" DESCRIPTION ="Rows successfully read" ISNULL ="NO" ISPERSISTENT ="NO" NAME ="$s_m_STG_S4_GMI_COMPONENT.SrcSuccessRows" USERDEFINED ="NO"/>
        <WORKFLOWVARIABLE DATATYPE ="integer" DEFAULTVALUE ="" DESCRIPTION ="Rows failed to read" ISNULL ="NO" ISPERSISTENT ="NO" NAME ="$s_m_STG_S4_GMI_COMPONENT.SrcFailedRows" USERDEFINED ="NO"/>
        <WORKFLOWVARIABLE DATATYPE ="integer" DEFAULTVALUE ="" DESCRIPTION ="Rows successfully loaded" ISNULL ="NO" ISPERSISTENT ="NO" NAME ="$s_m_STG_S4_GMI_COMPONENT.TgtSuccessRows" USERDEFINED ="NO"/>
        <WORKFLOWVARIABLE DATATYPE ="integer" DEFAULTVALUE ="" DESCRIPTION ="Rows failed to load" ISNULL ="NO" ISPERSISTENT ="NO" NAME ="$s_m_STG_S4_GMI_COMPONENT.TgtFailedRows" USERDEFINED ="NO"/>
        <WORKFLOWVARIABLE DATATYPE ="integer" DEFAULTVALUE ="" DESCRIPTION ="Total number of transformation errors" ISNULL ="NO" ISPERSISTENT ="NO" NAME ="$s_m_STG_S4_GMI_COMPONENT.TotalTransErrors" USERDEFINED ="NO"/>
        <WORKFLOWVARIABLE DATATYPE ="integer" DEFAULTVALUE ="" DESCRIPTION ="First error code" ISNULL ="NO" ISPERSISTENT ="NO" NAME ="$s_m_STG_S4_GMI_COMPONENT.FirstErrorCode" USERDEFINED ="NO"/>
        <WORKFLOWVARIABLE DATATYPE ="string" DEFAULTVALUE ="" DESCRIPTION ="First error message" ISNULL ="NO" ISPERSISTENT ="NO" NAME ="$s_m_STG_S4_GMI_COMPONENT.FirstErrorMsg" USERDEFINED ="NO"/>
        <WORKFLOWVARIABLE DATATYPE ="date/time" DEFAULTVALUE ="" DESCRIPTION ="The time this task started" ISNULL ="NO" ISPERSISTENT ="NO" NAME ="$Start.StartTime" USERDEFINED ="NO"/>
        <WORKFLOWVARIABLE DATATYPE ="date/time" DEFAULTVALUE ="" DESCRIPTION ="The time this task completed" ISNULL ="NO" ISPERSISTENT ="NO" NAME ="$Start.EndTime" USERDEFINED ="NO"/>
        <WORKFLOWVARIABLE DATATYPE ="integer" DEFAULTVALUE ="" DESCRIPTION ="Status of this task&apos;s execution" ISNULL ="NO" ISPERSISTENT ="NO" NAME ="$Start.Status" USERDEFINED ="NO"/>
        <WORKFLOWVARIABLE DATATYPE ="integer" DEFAULTVALUE ="" DESCRIPTION ="Status of the previous task that is not disabled" ISNULL ="NO" ISPERSISTENT ="NO" NAME ="$Start.PrevTaskStatus" USERDEFINED ="NO"/>
        <WORKFLOWVARIABLE DATATYPE ="integer" DEFAULTVALUE ="" DESCRIPTION ="Error code for this task&apos;s execution" ISNULL ="NO" ISPERSISTENT ="NO" NAME ="$Start.ErrorCode" USERDEFINED ="NO"/>
        <WORKFLOWVARIABLE DATATYPE ="string" DEFAULTVALUE ="" DESCRIPTION ="Error message for this task&apos;s execution" ISNULL ="NO" ISPERSISTENT ="NO" NAME ="$Start.ErrorMsg" USERDEFINED ="NO"/>
        <ATTRIBUTE NAME ="Parameter Filename" VALUE =""/>
        <ATTRIBUTE NAME ="Write Backward Compatible Workflow Log File" VALUE ="YES"/>
        <ATTRIBUTE NAME ="Workflow Log File Name" VALUE ="wf_s_m_STG_S4_GMI_COMPONENT.log"/>
        <ATTRIBUTE NAME ="Workflow Log File Directory" VALUE ="$PMWorkflowLogDir&#x5c;ONE_ON_ONE_OTC&#x5c;LOG&#x5c;"/>
        <ATTRIBUTE NAME ="Save Workflow log by" VALUE ="By runs"/>
        <ATTRIBUTE NAME ="Save workflow log for these runs" VALUE ="9"/>
        <ATTRIBUTE NAME ="Service Name" VALUE =""/>
        <ATTRIBUTE NAME ="Service Timeout" VALUE ="0"/>
        <ATTRIBUTE NAME ="Is Service Visible" VALUE ="NO"/>
        <ATTRIBUTE NAME ="Is Service Protected" VALUE ="NO"/>
        <ATTRIBUTE NAME ="Fail task after wait time" VALUE ="0"/>
        <ATTRIBUTE NAME ="Enable HA recovery" VALUE ="NO"/>
        <ATTRIBUTE NAME ="Automatically recover terminated tasks" VALUE ="NO"/>
        <ATTRIBUTE NAME ="Service Level Name" VALUE ="Default"/>
        <ATTRIBUTE NAME ="Allow concurrent run with unique run instance name" VALUE ="NO"/>
        <ATTRIBUTE NAME ="Allow concurrent run with same run instance name" VALUE ="NO"/>
        <ATTRIBUTE NAME ="Maximum number of concurrent runs" VALUE ="0"/>
        <ATTRIBUTE NAME ="Assigned Web Services Hubs" VALUE =""/>
        <ATTRIBUTE NAME ="Maximum number of concurrent runs per Hub" VALUE ="1000"/>
        <ATTRIBUTE NAME ="Expected Service Time" VALUE ="1"/>
    </WORKFLOW>
</FOLDER>
</REPOSITORY>
</POWERMART>