<?xml version="1.0" encoding="Windows-1252"?>
<!DOCTYPE POWERMART SYSTEM "powrmart.dtd">
<POWERMART CREATION_DATE="05/20/2024 10:27:05" REPOSITORY_VERSION="187.96">
<REPOSITORY NAME="Domain10_Rep_Svc_Prd" VERSION="187" CODEPAGE="MS1252" DATABASETYPE="Microsoft SQL Server">
<FOLDER NAME="ONE_ON_ONE_OTC" GROUP="" OWNER="Administrator" SHARED="NOTSHARED" DESCRIPTION="" PERMISSIONS="rwx---r--" UUID="8627c2fd-2fe8-4f83-88bf-e34259bd5762">
    <SOURCE BUSINESSNAME ="" DATABASETYPE ="Oracle" DBDNAME ="oakdwhd1" DESCRIPTION ="Source - STG_S4_BOM_PPK table" NAME ="STG_S4_BOM_PPK" OBJECTVERSION ="1" OWNERNAME ="STAGING" VERSIONNUMBER ="1">
        <SOURCEFIELD BUSINESSNAME ="" DATATYPE ="varchar2" DESCRIPTION ="" FIELDNUMBER ="1" FIELDPROPERTY ="0" FIELDTYPE ="ELEMITEM" HIDDEN ="NO" KEYTYPE ="NOT A KEY" LENGTH ="0" LEVEL ="0" NAME ="GRIDVALUE" NULLABLE ="NULL" OCCURS ="0" OFFSET ="0" PHYSICALLENGTH ="8" PHYSICALOFFSET ="0" PICTURETEXT ="" PRECISION ="8" SCALE ="0" USAGE_FLAGS =""/>
        <SOURCEFIELD BUSINESSNAME ="" DATATYPE ="varchar2" DESCRIPTION ="" FIELDNUMBER ="2" FIELDPROPERTY ="0" FIELDTYPE ="ELEMITEM" HIDDEN ="NO" KEYTYPE ="NOT A KEY" LENGTH ="0" LEVEL ="0" NAME ="ALTERNATIVEBOM" NULLABLE ="NULL" OCCURS ="0" OFFSET ="0" PHYSICALLENGTH ="2" PHYSICALOFFSET ="8" PICTURETEXT ="" PRECISION ="2" SCALE ="0" USAGE_FLAGS =""/>
        <SOURCEFIELD BUSINESSNAME ="" DATATYPE ="varchar2" DESCRIPTION ="" FIELDNUMBER ="3" FIELDPROPERTY ="0" FIELDTYPE ="ELEMITEM" HIDDEN ="NO" KEYTYPE ="NOT A KEY" LENGTH ="0" LEVEL ="0" NAME ="BOMCATEGORY" NULLABLE ="NULL" OCCURS ="0" OFFSET ="0" PHYSICALLENGTH ="1" PHYSICALOFFSET ="10" PICTURETEXT ="" PRECISION ="1" SCALE ="0" USAGE_FLAGS =""/>
        <SOURCEFIELD BUSINESSNAME ="" DATATYPE ="varchar2" DESCRIPTION ="" FIELDNUMBER ="4" FIELDPROPERTY ="0" FIELDTYPE ="ELEMITEM" HIDDEN ="NO" KEYTYPE ="NOT A KEY" LENGTH ="0" LEVEL ="0" NAME ="BOMINTERNALCOUNTER" NULLABLE ="NULL" OCCURS ="0" OFFSET ="0" PHYSICALLENGTH ="8" PHYSICALOFFSET ="11" PICTURETEXT ="" PRECISION ="8" SCALE ="0" USAGE_FLAGS =""/>
        <SOURCEFIELD BUSINESSNAME ="" DATATYPE ="varchar2" DESCRIPTION ="" FIELDNUMBER ="5" FIELDPROPERTY ="0" FIELDTYPE ="ELEMITEM" HIDDEN ="NO" KEYTYPE ="NOT A KEY" LENGTH ="0" LEVEL ="0" NAME ="BOMITEMNODENUMBER" NULLABLE ="NULL" OCCURS ="0" OFFSET ="0" PHYSICALLENGTH ="8" PHYSICALOFFSET ="19" PICTURETEXT ="" PRECISION ="8" SCALE ="0" USAGE_FLAGS =""/>
        <SOURCEFIELD BUSINESSNAME ="" DATATYPE ="varchar2" DESCRIPTION ="" FIELDNUMBER ="6" FIELDPROPERTY ="0" FIELDTYPE ="ELEMITEM" HIDDEN ="NO" KEYTYPE ="NOT A KEY" LENGTH ="0" LEVEL ="0" NAME ="BOMITEMCATEGORY" NULLABLE ="NULL" OCCURS ="0" OFFSET ="0" PHYSICALLENGTH ="1" PHYSICALOFFSET ="27" PICTURETEXT ="" PRECISION ="1" SCALE ="0" USAGE_FLAGS =""/>
        <SOURCEFIELD BUSINESSNAME ="" DATATYPE ="varchar2" DESCRIPTION ="" FIELDNUMBER ="7" FIELDPROPERTY ="0" FIELDTYPE ="ELEMITEM" HIDDEN ="NO" KEYTYPE ="NOT A KEY" LENGTH ="0" LEVEL ="0" NAME ="BOMITEMNUMBER" NULLABLE ="NULL" OCCURS ="0" OFFSET ="0" PHYSICALLENGTH ="4" PHYSICALOFFSET ="28" PICTURETEXT ="" PRECISION ="4" SCALE ="0" USAGE_FLAGS =""/>
        <SOURCEFIELD BUSINESSNAME ="" DATATYPE ="varchar2" DESCRIPTION ="" FIELDNUMBER ="8" FIELDPROPERTY ="0" FIELDTYPE ="ELEMITEM" HIDDEN ="NO" KEYTYPE ="NOT A KEY" LENGTH ="0" LEVEL ="0" NAME ="BOMUSAGE" NULLABLE ="NULL" OCCURS ="0" OFFSET ="0" PHYSICALLENGTH ="1" PHYSICALOFFSET ="32" PICTURETEXT ="" PRECISION ="1" SCALE ="0" USAGE_FLAGS =""/>
        <SOURCEFIELD BUSINESSNAME ="" DATATYPE ="varchar2" DESCRIPTION ="" FIELDNUMBER ="9" FIELDPROPERTY ="0" FIELDTYPE ="ELEMITEM" HIDDEN ="NO" KEYTYPE ="NOT A KEY" LENGTH ="0" LEVEL ="0" NAME ="BILLOFMATERIAL" NULLABLE ="NULL" OCCURS ="0" OFFSET ="0" PHYSICALLENGTH ="8" PHYSICALOFFSET ="33" PICTURETEXT ="" PRECISION ="8" SCALE ="0" USAGE_FLAGS =""/>
        <SOURCEFIELD BUSINESSNAME ="" DATATYPE ="varchar2" DESCRIPTION ="" FIELDNUMBER ="10" FIELDPROPERTY ="0" FIELDTYPE ="ELEMITEM" HIDDEN ="NO" KEYTYPE ="NOT A KEY" LENGTH ="0" LEVEL ="0" NAME ="COMPONENT" NULLABLE ="NULL" OCCURS ="0" OFFSET ="0" PHYSICALLENGTH ="18" PHYSICALOFFSET ="41" PICTURETEXT ="" PRECISION ="18" SCALE ="0" USAGE_FLAGS =""/>
        <SOURCEFIELD BUSINESSNAME ="" DATATYPE ="varchar2" DESCRIPTION ="" FIELDNUMBER ="11" FIELDPROPERTY ="0" FIELDTYPE ="ELEMITEM" HIDDEN ="NO" KEYTYPE ="NOT A KEY" LENGTH ="0" LEVEL ="0" NAME ="BOMCOMPONENTMATERIAL" NULLABLE ="NULL" OCCURS ="0" OFFSET ="0" PHYSICALLENGTH ="8" PHYSICALOFFSET ="59" PICTURETEXT ="" PRECISION ="8" SCALE ="0" USAGE_FLAGS =""/>
        <SOURCEFIELD BUSINESSNAME ="" DATATYPE ="varchar2" DESCRIPTION ="" FIELDNUMBER ="12" FIELDPROPERTY ="0" FIELDTYPE ="ELEMITEM" HIDDEN ="NO" KEYTYPE ="NOT A KEY" LENGTH ="0" LEVEL ="0" NAME ="CREATEDON" NULLABLE ="NULL" OCCURS ="0" OFFSET ="0" PHYSICALLENGTH ="8" PHYSICALOFFSET ="67" PICTURETEXT ="" PRECISION ="8" SCALE ="0" USAGE_FLAGS =""/>
        <SOURCEFIELD BUSINESSNAME ="" DATATYPE ="varchar2" DESCRIPTION ="" FIELDNUMBER ="13" FIELDPROPERTY ="0" FIELDTYPE ="ELEMITEM" HIDDEN ="NO" KEYTYPE ="NOT A KEY" LENGTH ="0" LEVEL ="0" NAME ="ISSUINGPLANT" NULLABLE ="NULL" OCCURS ="0" OFFSET ="0" PHYSICALLENGTH ="4" PHYSICALOFFSET ="75" PICTURETEXT ="" PRECISION ="4" SCALE ="0" USAGE_FLAGS =""/>
        <SOURCEFIELD BUSINESSNAME ="" DATATYPE ="varchar2" DESCRIPTION ="" FIELDNUMBER ="14" FIELDPROPERTY ="0" FIELDTYPE ="ELEMITEM" HIDDEN ="NO" KEYTYPE ="NOT A KEY" LENGTH ="0" LEVEL ="0" NAME ="CHANGEDON" NULLABLE ="NULL" OCCURS ="0" OFFSET ="0" PHYSICALLENGTH ="8" PHYSICALOFFSET ="79" PICTURETEXT ="" PRECISION ="8" SCALE ="0" USAGE_FLAGS =""/>
        <SOURCEFIELD BUSINESSNAME ="" DATATYPE ="varchar2" DESCRIPTION ="" FIELDNUMBER ="15" FIELDPROPERTY ="0" FIELDTYPE ="ELEMITEM" HIDDEN ="NO" KEYTYPE ="NOT A KEY" LENGTH ="0" LEVEL ="0" NAME ="MATERIAL" NULLABLE ="NULL" OCCURS ="0" OFFSET ="0" PHYSICALLENGTH ="18" PHYSICALOFFSET ="87" PICTURETEXT ="" PRECISION ="18" SCALE ="0" USAGE_FLAGS =""/>
        <SOURCEFIELD BUSINESSNAME ="" DATATYPE ="varchar2" DESCRIPTION ="" FIELDNUMBER ="16" FIELDPROPERTY ="0" FIELDTYPE ="ELEMITEM" HIDDEN ="NO" KEYTYPE ="NOT A KEY" LENGTH ="0" LEVEL ="0" NAME ="MATERIALGRIDNUMBER" NULLABLE ="NULL" OCCURS ="0" OFFSET ="0" PHYSICALLENGTH ="18" PHYSICALOFFSET ="105" PICTURETEXT ="" PRECISION ="18" SCALE ="0" USAGE_FLAGS =""/>
        <SOURCEFIELD BUSINESSNAME ="" DATATYPE ="varchar2" DESCRIPTION ="" FIELDNUMBER ="17" FIELDPROPERTY ="0" FIELDTYPE ="ELEMITEM" HIDDEN ="NO" KEYTYPE ="NOT A KEY" LENGTH ="0" LEVEL ="0" NAME ="PLANT" NULLABLE ="NULL" OCCURS ="0" OFFSET ="0" PHYSICALLENGTH ="4" PHYSICALOFFSET ="123" PICTURETEXT ="" PRECISION ="4" SCALE ="0" USAGE_FLAGS =""/>
        <SOURCEFIELD BUSINESSNAME ="" DATATYPE ="varchar2" DESCRIPTION ="" FIELDNUMBER ="18" FIELDPROPERTY ="0" FIELDTYPE ="ELEMITEM" HIDDEN ="NO" KEYTYPE ="NOT A KEY" LENGTH ="0" LEVEL ="0" NAME ="USERNAME" NULLABLE ="NULL" OCCURS ="0" OFFSET ="0" PHYSICALLENGTH ="12" PHYSICALOFFSET ="127" PICTURETEXT ="" PRECISION ="12" SCALE ="0" USAGE_FLAGS =""/>
        <SOURCEFIELD BUSINESSNAME ="" DATATYPE ="varchar2" DESCRIPTION ="" FIELDNUMBER ="19" FIELDPROPERTY ="0" FIELDTYPE ="ELEMITEM" HIDDEN ="NO" KEYTYPE ="NOT A KEY" LENGTH ="0" LEVEL ="0" NAME ="VALIDFROM" NULLABLE ="NULL" OCCURS ="0" OFFSET ="0" PHYSICALLENGTH ="8" PHYSICALOFFSET ="139" PICTURETEXT ="" PRECISION ="8" SCALE ="0" USAGE_FLAGS =""/>
        <SOURCEFIELD BUSINESSNAME ="" DATATYPE ="number(p,s)" DESCRIPTION ="" FIELDNUMBER ="20" FIELDPROPERTY ="0" FIELDTYPE ="ELEMITEM" HIDDEN ="NO" KEYTYPE ="NOT A KEY" LENGTH ="19" LEVEL ="0" NAME ="AFSCOMPONENTQTY" NULLABLE ="NULL" OCCURS ="0" OFFSET ="0" PHYSICALLENGTH ="17" PHYSICALOFFSET ="147" PICTURETEXT ="" PRECISION ="17" SCALE ="3" USAGE_FLAGS =""/>
        <SOURCEFIELD BUSINESSNAME ="" DATATYPE ="number(p,s)" DESCRIPTION ="" FIELDNUMBER ="21" FIELDPROPERTY ="0" FIELDTYPE ="ELEMITEM" HIDDEN ="NO" KEYTYPE ="NOT A KEY" LENGTH ="19" LEVEL ="0" NAME ="BOMCOMPQTY" NULLABLE ="NULL" OCCURS ="0" OFFSET ="19" PHYSICALLENGTH ="17" PHYSICALOFFSET ="164" PICTURETEXT ="" PRECISION ="17" SCALE ="3" USAGE_FLAGS =""/>
        <SOURCEFIELD BUSINESSNAME ="" DATATYPE ="number(p,s)" DESCRIPTION ="" FIELDNUMBER ="22" FIELDPROPERTY ="0" FIELDTYPE ="ELEMITEM" HIDDEN ="NO" KEYTYPE ="NOT A KEY" LENGTH ="19" LEVEL ="0" NAME ="QTYINBASEUOM" NULLABLE ="NULL" OCCURS ="0" OFFSET ="38" PHYSICALLENGTH ="17" PHYSICALOFFSET ="181" PICTURETEXT ="" PRECISION ="17" SCALE ="3" USAGE_FLAGS =""/>
        <SOURCEFIELD BUSINESSNAME ="" DATATYPE ="varchar2" DESCRIPTION ="" FIELDNUMBER ="23" FIELDPROPERTY ="0" FIELDTYPE ="ELEMITEM" HIDDEN ="NO" KEYTYPE ="NOT A KEY" LENGTH ="0" LEVEL ="0" NAME ="UPDATEMODE" NULLABLE ="NULL" OCCURS ="0" OFFSET ="57" PHYSICALLENGTH ="1" PHYSICALOFFSET ="198" PICTURETEXT ="" PRECISION ="1" SCALE ="0" USAGE_FLAGS =""/>
        <SOURCEFIELD BUSINESSNAME ="" DATATYPE ="varchar2" DESCRIPTION ="" FIELDNUMBER ="24" FIELDPROPERTY ="0" FIELDTYPE ="ELEMITEM" HIDDEN ="NO" KEYTYPE ="NOT A KEY" LENGTH ="0" LEVEL ="0" NAME ="COMPONENTUNITSOFMEASURE" NULLABLE ="NULL" OCCURS ="0" OFFSET ="57" PHYSICALLENGTH ="3" PHYSICALOFFSET ="199" PICTURETEXT ="" PRECISION ="3" SCALE ="0" USAGE_FLAGS =""/>
        <SOURCEFIELD BUSINESSNAME ="" DATATYPE ="varchar2" DESCRIPTION ="" FIELDNUMBER ="25" FIELDPROPERTY ="0" FIELDTYPE ="ELEMITEM" HIDDEN ="NO" KEYTYPE ="NOT A KEY" LENGTH ="0" LEVEL ="0" NAME ="BOMCOMPONENTUOM" NULLABLE ="NULL" OCCURS ="0" OFFSET ="57" PHYSICALLENGTH ="3" PHYSICALOFFSET ="202" PICTURETEXT ="" PRECISION ="3" SCALE ="0" USAGE_FLAGS =""/>
        <SOURCEFIELD BUSINESSNAME ="" DATATYPE ="varchar2" DESCRIPTION ="" FIELDNUMBER ="26" FIELDPROPERTY ="0" FIELDTYPE ="ELEMITEM" HIDDEN ="NO" KEYTYPE ="NOT A KEY" LENGTH ="0" LEVEL ="0" NAME ="BASEUNIT" NULLABLE ="NULL" OCCURS ="0" OFFSET ="57" PHYSICALLENGTH ="3" PHYSICALOFFSET ="205" PICTURETEXT ="" PRECISION ="3" SCALE ="0" USAGE_FLAGS =""/>
        <SOURCEFIELD BUSINESSNAME ="" DATATYPE ="number(p,s)" DESCRIPTION ="" FIELDNUMBER ="27" FIELDPROPERTY ="0" FIELDTYPE ="ELEMITEM" HIDDEN ="NO" KEYTYPE ="NOT A KEY" LENGTH ="19" LEVEL ="0" NAME ="STANDARDPRICE" NULLABLE ="NULL" OCCURS ="0" OFFSET ="57" PHYSICALLENGTH ="17" PHYSICALOFFSET ="208" PICTURETEXT ="" PRECISION ="17" SCALE ="2" USAGE_FLAGS =""/>
        <SOURCEFIELD BUSINESSNAME ="" DATATYPE ="number(p,s)" DESCRIPTION ="" FIELDNUMBER ="28" FIELDPROPERTY ="0" FIELDTYPE ="ELEMITEM" HIDDEN ="NO" KEYTYPE ="NOT A KEY" LENGTH ="19" LEVEL ="0" NAME ="GARMENTQUANTITY" NULLABLE ="NULL" OCCURS ="0" OFFSET ="76" PHYSICALLENGTH ="17" PHYSICALOFFSET ="225" PICTURETEXT ="" PRECISION ="17" SCALE ="3" USAGE_FLAGS =""/>
        <SOURCEFIELD BUSINESSNAME ="" DATATYPE ="number(p,s)" DESCRIPTION ="" FIELDNUMBER ="29" FIELDPROPERTY ="0" FIELDTYPE ="ELEMITEM" HIDDEN ="NO" KEYTYPE ="NOT A KEY" LENGTH ="19" LEVEL ="0" NAME ="FREEGOODQTY" NULLABLE ="NULL" OCCURS ="0" OFFSET ="95" PHYSICALLENGTH ="17" PHYSICALOFFSET ="242" PICTURETEXT ="" PRECISION ="17" SCALE ="3" USAGE_FLAGS =""/>
        <SOURCEFIELD BUSINESSNAME ="" DATATYPE ="varchar2" DESCRIPTION ="" FIELDNUMBER ="30" FIELDPROPERTY ="0" FIELDTYPE ="ELEMITEM" HIDDEN ="NO" KEYTYPE ="NOT A KEY" LENGTH ="0" LEVEL ="0" NAME ="CURRENCY" NULLABLE ="NULL" OCCURS ="0" OFFSET ="114" PHYSICALLENGTH ="5" PHYSICALOFFSET ="259" PICTURETEXT ="" PRECISION ="5" SCALE ="0" USAGE_FLAGS =""/>
        <SOURCEFIELD BUSINESSNAME ="" DATATYPE ="varchar2" DESCRIPTION ="" FIELDNUMBER ="31" FIELDPROPERTY ="0" FIELDTYPE ="ELEMITEM" HIDDEN ="NO" KEYTYPE ="NOT A KEY" LENGTH ="0" LEVEL ="0" NAME ="TARGETQTYUOM" NULLABLE ="NULL" OCCURS ="0" OFFSET ="114" PHYSICALLENGTH ="3" PHYSICALOFFSET ="264" PICTURETEXT ="" PRECISION ="3" SCALE ="0" USAGE_FLAGS =""/>
        <SOURCEFIELD BUSINESSNAME ="" DATATYPE ="date" DESCRIPTION ="" FIELDNUMBER ="32" FIELDPROPERTY ="0" FIELDTYPE ="ELEMITEM" HIDDEN ="NO" KEYTYPE ="NOT A KEY" LENGTH ="19" LEVEL ="0" NAME ="CREATEDDATE" NULLABLE ="NULL" OCCURS ="0" OFFSET ="114" PHYSICALLENGTH ="19" PHYSICALOFFSET ="267" PICTURETEXT ="" PRECISION ="19" SCALE ="0" USAGE_FLAGS =""/>
        <SOURCEFIELD BUSINESSNAME ="" DATATYPE ="date" DESCRIPTION ="" FIELDNUMBER ="33" FIELDPROPERTY ="0" FIELDTYPE ="ELEMITEM" HIDDEN ="NO" KEYTYPE ="NOT A KEY" LENGTH ="19" LEVEL ="0" NAME ="MODIFIEDDATE" NULLABLE ="NULL" OCCURS ="0" OFFSET ="133" PHYSICALLENGTH ="19" PHYSICALOFFSET ="286" PICTURETEXT ="" PRECISION ="19" SCALE ="0" USAGE_FLAGS =""/>
        <SOURCEFIELD BUSINESSNAME ="" DATATYPE ="number(p,s)" DESCRIPTION ="" FIELDNUMBER ="34" FIELDPROPERTY ="0" FIELDTYPE ="ELEMITEM" HIDDEN ="NO" KEYTYPE ="NOT A KEY" LENGTH ="19" LEVEL ="0" NAME ="STANDARDPRICECAD" NULLABLE ="NULL" OCCURS ="0" OFFSET ="152" PHYSICALLENGTH ="17" PHYSICALOFFSET ="305" PICTURETEXT ="" PRECISION ="17" SCALE ="2" USAGE_FLAGS =""/>
    </SOURCE>
    <TARGET BUSINESSNAME ="" CONSTRAINT ="" DATABASETYPE ="Oracle" DESCRIPTION ="" NAME ="PREPACK_COMP_XREF" OBJECTVERSION ="1" TABLEOPTIONS ="" VERSIONNUMBER ="1">
        <TARGETFIELD BUSINESSNAME ="" DATATYPE ="varchar2" DESCRIPTION ="" FIELDNUMBER ="1" KEYTYPE ="PRIMARY KEY" NAME ="AF_GRID" NULLABLE ="NOTNULL" PICTURETEXT ="" PRECISION ="8" SCALE ="0"/>
        <TARGETFIELD BUSINESSNAME ="" DATATYPE ="varchar2" DESCRIPTION ="" FIELDNUMBER ="2" KEYTYPE ="PRIMARY KEY" NAME ="MATERIAL" NULLABLE ="NOTNULL" PICTURETEXT ="" PRECISION ="18" SCALE ="0"/>
        <TARGETFIELD BUSINESSNAME ="" DATATYPE ="number(p,s)" DESCRIPTION ="" FIELDNUMBER ="3" KEYTYPE ="NOT A KEY" NAME ="ZITEMID" NULLABLE ="NOTNULL" PICTURETEXT ="" PRECISION ="38" SCALE ="0"/>
        <TARGETFIELD BUSINESSNAME ="" DATATYPE ="varchar2" DESCRIPTION ="" FIELDNUMBER ="4" KEYTYPE ="PRIMARY KEY" NAME ="COMPONENT" NULLABLE ="NOTNULL" PICTURETEXT ="" PRECISION ="18" SCALE ="0"/>
        <TARGETFIELD BUSINESSNAME ="" DATATYPE ="varchar2" DESCRIPTION ="" FIELDNUMBER ="5" KEYTYPE ="PRIMARY KEY" NAME ="ZCMP_GRID" NULLABLE ="NOTNULL" PICTURETEXT ="" PRECISION ="18" SCALE ="0"/>
        <TARGETFIELD BUSINESSNAME ="" DATATYPE ="number(p,s)" DESCRIPTION ="" FIELDNUMBER ="6" KEYTYPE ="NOT A KEY" NAME ="COMPITEMID" NULLABLE ="NOTNULL" PICTURETEXT ="" PRECISION ="38" SCALE ="0"/>
        <TARGETFIELD BUSINESSNAME ="" DATATYPE ="varchar2" DESCRIPTION ="" FIELDNUMBER ="7" KEYTYPE ="PRIMARY KEY" NAME ="PLANT" NULLABLE ="NOTNULL" PICTURETEXT ="" PRECISION ="4" SCALE ="0"/>
        <TARGETFIELD BUSINESSNAME ="" DATATYPE ="number(p,s)" DESCRIPTION ="" FIELDNUMBER ="8" KEYTYPE ="NOT A KEY" NAME ="ZCOMP_QTY" NULLABLE ="NULL" PICTURETEXT ="" PRECISION ="17" SCALE ="3"/>
        <TARGETFIELD BUSINESSNAME ="" DATATYPE ="number(p,s)" DESCRIPTION ="" FIELDNUMBER ="9" KEYTYPE ="NOT A KEY" NAME ="STANDARD_PRICE" NULLABLE ="NULL" PICTURETEXT ="" PRECISION ="17" SCALE ="3"/>
        <TARGETFIELD BUSINESSNAME ="" DATATYPE ="number(p,s)" DESCRIPTION ="" FIELDNUMBER ="10" KEYTYPE ="NOT A KEY" NAME ="GARMENTS_QTY" NULLABLE ="NULL" PICTURETEXT ="" PRECISION ="17" SCALE ="0"/>
        <TARGETFIELD BUSINESSNAME ="" DATATYPE ="number(p,s)" DESCRIPTION ="" FIELDNUMBER ="11" KEYTYPE ="NOT A KEY" NAME ="FREE_QTY" NULLABLE ="NULL" PICTURETEXT ="" PRECISION ="17" SCALE ="0"/>
        <TARGETFIELD BUSINESSNAME ="" DATATYPE ="varchar2" DESCRIPTION ="" FIELDNUMBER ="12" KEYTYPE ="NOT A KEY" NAME ="BOMINTERNALCOUNTER" NULLABLE ="NULL" PICTURETEXT ="" PRECISION ="8" SCALE ="0"/>
        <TARGETFIELD BUSINESSNAME ="" DATATYPE ="varchar2" DESCRIPTION ="" FIELDNUMBER ="13" KEYTYPE ="NOT A KEY" NAME ="BILLOFMATERIAL" NULLABLE ="NULL" PICTURETEXT ="" PRECISION ="8" SCALE ="0"/>
        <TARGETFIELD BUSINESSNAME ="" DATATYPE ="number(p,s)" DESCRIPTION ="" FIELDNUMBER ="14" KEYTYPE ="NOT A KEY" NAME ="STANDARD_PRICE_CAD" NULLABLE ="NULL" PICTURETEXT ="" PRECISION ="17" SCALE ="2"/>
    </TARGET>
    <MAPPING DESCRIPTION ="Mapping to load staging.stg_S4_BOM_PPK into PREPACK_COMP_XREF" ISVALID ="YES" NAME ="m_S4_INT_BI_BOM_PPK" OBJECTVERSION ="1" VERSIONNUMBER ="1">
        <TRANSFORMATION DESCRIPTION ="Expression to calc ZITEMID and COMPITEMID" NAME ="EXP_CALC" OBJECTVERSION ="1" REUSABLE ="NO" TYPE ="Expression" VERSIONNUMBER ="1">
            <TRANSFORMFIELD DATATYPE ="string" DEFAULTVALUE ="" DESCRIPTION ="" NAME ="I_GRIDVALUE" PICTURETEXT ="" PORTTYPE ="INPUT" PRECISION ="8" SCALE ="0"/>
            <TRANSFORMFIELD DATATYPE ="string" DEFAULTVALUE ="" DESCRIPTION ="" NAME ="I_BOMCOMPONENTMATERIAL" PICTURETEXT ="" PORTTYPE ="INPUT" PRECISION ="8" SCALE ="0"/>
            <TRANSFORMFIELD DATATYPE ="string" DEFAULTVALUE ="" DESCRIPTION ="" EXPRESSION ="MATERIAL" EXPRESSIONTYPE ="GENERAL" NAME ="MATERIAL" PICTURETEXT ="" PORTTYPE ="INPUT/OUTPUT" PRECISION ="18" SCALE ="0"/>
            <TRANSFORMFIELD DATATYPE ="string" DEFAULTVALUE ="" DESCRIPTION ="" EXPRESSION ="COMPONENT" EXPRESSIONTYPE ="GENERAL" NAME ="COMPONENT" PICTURETEXT ="" PORTTYPE ="INPUT/OUTPUT" PRECISION ="18" SCALE ="0"/>
            <TRANSFORMFIELD DATATYPE ="string" DEFAULTVALUE ="" DESCRIPTION ="" EXPRESSION ="PLANT" EXPRESSIONTYPE ="GENERAL" NAME ="PLANT" PICTURETEXT ="" PORTTYPE ="INPUT/OUTPUT" PRECISION ="4" SCALE ="0"/>
            <TRANSFORMFIELD DATATYPE ="decimal" DEFAULTVALUE ="" DESCRIPTION ="" EXPRESSION ="BOMCOMPQTY" EXPRESSIONTYPE ="GENERAL" NAME ="BOMCOMPQTY" PICTURETEXT ="" PORTTYPE ="INPUT/OUTPUT" PRECISION ="17" SCALE ="3"/>
            <TRANSFORMFIELD DATATYPE ="decimal" DEFAULTVALUE ="" DESCRIPTION ="" EXPRESSION ="STANDARDPRICE" EXPRESSIONTYPE ="GENERAL" NAME ="STANDARDPRICE" PICTURETEXT ="" PORTTYPE ="INPUT/OUTPUT" PRECISION ="17" SCALE ="2"/>
            <TRANSFORMFIELD DATATYPE ="decimal" DEFAULTVALUE ="" DESCRIPTION ="" EXPRESSION ="QTYINBASEUOM" EXPRESSIONTYPE ="GENERAL" NAME ="QTYINBASEUOM" PICTURETEXT ="" PORTTYPE ="INPUT/OUTPUT" PRECISION ="17" SCALE ="3"/>
            <TRANSFORMFIELD DATATYPE ="decimal" DEFAULTVALUE ="" DESCRIPTION ="" EXPRESSION ="FREEGOODQTY" EXPRESSIONTYPE ="GENERAL" NAME ="FREEGOODQTY" PICTURETEXT ="" PORTTYPE ="INPUT/OUTPUT" PRECISION ="17" SCALE ="3"/>
            <TRANSFORMFIELD DATATYPE ="string" DEFAULTVALUE ="" DESCRIPTION ="" EXPRESSION ="BOMINTERNALCOUNTER" EXPRESSIONTYPE ="GENERAL" NAME ="BOMINTERNALCOUNTER" PICTURETEXT ="" PORTTYPE ="INPUT/OUTPUT" PRECISION ="8" SCALE ="0"/>
            <TRANSFORMFIELD DATATYPE ="string" DEFAULTVALUE ="" DESCRIPTION ="" EXPRESSION ="BILLOFMATERIAL" EXPRESSIONTYPE ="GENERAL" NAME ="BILLOFMATERIAL" PICTURETEXT ="" PORTTYPE ="INPUT/OUTPUT" PRECISION ="8" SCALE ="0"/>
            <TRANSFORMFIELD DATATYPE ="string" DEFAULTVALUE ="ERROR(&apos;transformation error&apos;)" DESCRIPTION ="" EXPRESSION ="IIF(ISNULL(LTRIM(RTRIM(I_GRIDVALUE))),&apos;0000&apos;,I_GRIDVALUE)" EXPRESSIONTYPE ="GENERAL" NAME ="O_GRIDVALUE" PICTURETEXT ="" PORTTYPE ="OUTPUT" PRECISION ="8" SCALE ="0"/>
            <TRANSFORMFIELD DATATYPE ="string" DEFAULTVALUE ="ERROR(&apos;transformation error&apos;)" DESCRIPTION ="" EXPRESSION ="IIF(ISNULL(LTRIM(RTRIM(I_BOMCOMPONENTMATERIAL))),&apos;0000&apos;,I_BOMCOMPONENTMATERIAL)" EXPRESSIONTYPE ="GENERAL" NAME ="O_BOMCOMPONENTMATERIAL" PICTURETEXT ="" PORTTYPE ="OUTPUT" PRECISION ="10" SCALE ="0"/>
            <TRANSFORMFIELD DATATYPE ="decimal" DEFAULTVALUE ="ERROR(&apos;transformation error&apos;)" DESCRIPTION ="" EXPRESSION =":LKP.LKP_SLBA_ITEM(MATERIAL)&#xD;&#xA;&#xD;&#xA;&#xD;&#xA;--I_LKP_ITEM_ID_ZITEMID" EXPRESSIONTYPE ="GENERAL" NAME ="O_ZITEMID" PICTURETEXT ="" PORTTYPE ="OUTPUT" PRECISION ="38" SCALE ="0"/>
            <TRANSFORMFIELD DATATYPE ="decimal" DEFAULTVALUE ="ERROR(&apos;transformation error&apos;)" DESCRIPTION ="" EXPRESSION =":LKP.LKP_SLBA_ITEM(COMPONENT)&#xD;&#xA;&#xD;&#xA;--I_LKP_ITEM_ID_COMPITEMID" EXPRESSIONTYPE ="GENERAL" NAME ="O_COMPITEMID" PICTURETEXT ="" PORTTYPE ="OUTPUT" PRECISION ="38" SCALE ="0"/>
            <TRANSFORMFIELD DATATYPE ="decimal" DEFAULTVALUE ="" DESCRIPTION ="" EXPRESSION ="STANDARDPRICECAD" EXPRESSIONTYPE ="GENERAL" NAME ="STANDARDPRICECAD" PICTURETEXT ="" PORTTYPE ="INPUT/OUTPUT" PRECISION ="17" SCALE ="2"/>
            <TABLEATTRIBUTE NAME ="Tracing Level" VALUE ="Normal"/>
        </TRANSFORMATION>
        <TRANSFORMATION DESCRIPTION ="Lookup of SLBA_ITEM table to get ZITEMID and COMPITEMID" NAME ="LKP_SLBA_ITEM" OBJECTVERSION ="1" REUSABLE ="NO" TYPE ="Lookup Procedure" VERSIONNUMBER ="1">
            <TRANSFORMFIELD DATATYPE ="decimal" DEFAULTVALUE ="" DESCRIPTION ="" NAME ="ITEM_ID" PICTURETEXT ="" PORTTYPE ="LOOKUP/RETURN/OUTPUT" PRECISION ="38" SCALE ="0"/>
            <TRANSFORMFIELD DATATYPE ="string" DEFAULTVALUE ="" DESCRIPTION ="" NAME ="SAP_MATERIAL_NUM" PICTURETEXT ="" PORTTYPE ="LOOKUP" PRECISION ="18" SCALE ="0"/>
            <TRANSFORMFIELD DATATYPE ="string" DEFAULTVALUE ="" DESCRIPTION ="" NAME ="I_MATERIAL_COMPONENT" PICTURETEXT ="" PORTTYPE ="INPUT" PRECISION ="18" SCALE ="0"/>
            <TABLEATTRIBUTE NAME ="Lookup Sql Override" VALUE ="SELECT &#xD;&#xA;SLBA_ITEM.ITEM_ID as ITEM_ID, &#xD;&#xA;SLBA_ITEM.SAP_MATERIAL_NUM as SAP_MATERIAL_NUM&#xD;&#xA;FROM SLBA_ITEM WHERE UPPER(DIVISION_GROUP) = &apos;S4&apos;--"/>
            <TABLEATTRIBUTE NAME ="Lookup table name" VALUE ="SLBA_ITEM"/>
            <TABLEATTRIBUTE NAME ="Lookup Source Filter" VALUE =""/>
            <TABLEATTRIBUTE NAME ="Lookup caching enabled" VALUE ="YES"/>
            <TABLEATTRIBUTE NAME ="Lookup policy on multiple match" VALUE ="Use Any Value"/>
            <TABLEATTRIBUTE NAME ="Lookup condition" VALUE ="SAP_MATERIAL_NUM = I_MATERIAL_COMPONENT"/>
            <TABLEATTRIBUTE NAME ="Connection Information" VALUE ="$Source"/>
            <TABLEATTRIBUTE NAME ="Source Type" VALUE ="Database"/>
            <TABLEATTRIBUTE NAME ="Recache if Stale" VALUE ="NO"/>
            <TABLEATTRIBUTE NAME ="Tracing Level" VALUE ="Normal"/>
            <TABLEATTRIBUTE NAME ="Lookup cache directory name" VALUE ="$PMCacheDir"/>
            <TABLEATTRIBUTE NAME ="Lookup cache initialize" VALUE ="NO"/>
            <TABLEATTRIBUTE NAME ="Lookup cache persistent" VALUE ="NO"/>
            <TABLEATTRIBUTE NAME ="Lookup Data Cache Size" VALUE ="Auto"/>
            <TABLEATTRIBUTE NAME ="Lookup Index Cache Size" VALUE ="Auto"/>
            <TABLEATTRIBUTE NAME ="Dynamic Lookup Cache" VALUE ="NO"/>
            <TABLEATTRIBUTE NAME ="Synchronize Dynamic Cache" VALUE ="NO"/>
            <TABLEATTRIBUTE NAME ="Output Old Value On Update" VALUE ="NO"/>
            <TABLEATTRIBUTE NAME ="Update Dynamic Cache Condition" VALUE ="TRUE"/>
            <TABLEATTRIBUTE NAME ="Cache File Name Prefix" VALUE =""/>
            <TABLEATTRIBUTE NAME ="Re-cache from lookup source" VALUE ="NO"/>
            <TABLEATTRIBUTE NAME ="Insert Else Update" VALUE ="NO"/>
            <TABLEATTRIBUTE NAME ="Update Else Insert" VALUE ="NO"/>
            <TABLEATTRIBUTE NAME ="Datetime Format" VALUE =""/>
            <TABLEATTRIBUTE NAME ="Thousand Separator" VALUE ="None"/>
            <TABLEATTRIBUTE NAME ="Decimal Separator" VALUE ="."/>
            <TABLEATTRIBUTE NAME ="Case Sensitive String Comparison" VALUE ="NO"/>
            <TABLEATTRIBUTE NAME ="Null ordering" VALUE ="Null Is Highest Value"/>
            <TABLEATTRIBUTE NAME ="Sorted Input" VALUE ="NO"/>
            <TABLEATTRIBUTE NAME ="Lookup source is static" VALUE ="NO"/>
            <TABLEATTRIBUTE NAME ="Pre-build lookup cache" VALUE ="Auto"/>
            <TABLEATTRIBUTE NAME ="Subsecond Precision" VALUE ="6"/>
        </TRANSFORMATION>
        <TRANSFORMATION DESCRIPTION ="SQ - STG_S4_BOM_PPK table" NAME ="SQ_STG_S4_BOM_PPK" OBJECTVERSION ="1" REUSABLE ="NO" TYPE ="Source Qualifier" VERSIONNUMBER ="1">
            <TRANSFORMFIELD DATATYPE ="string" DEFAULTVALUE ="" DESCRIPTION ="" NAME ="GRIDVALUE" PICTURETEXT ="" PORTTYPE ="INPUT/OUTPUT" PRECISION ="8" SCALE ="0"/>
            <TRANSFORMFIELD DATATYPE ="string" DEFAULTVALUE ="" DESCRIPTION ="" NAME ="MATERIAL" PICTURETEXT ="" PORTTYPE ="INPUT/OUTPUT" PRECISION ="18" SCALE ="0"/>
            <TRANSFORMFIELD DATATYPE ="string" DEFAULTVALUE ="" DESCRIPTION ="" NAME ="COMPONENT" PICTURETEXT ="" PORTTYPE ="INPUT/OUTPUT" PRECISION ="18" SCALE ="0"/>
            <TRANSFORMFIELD DATATYPE ="string" DEFAULTVALUE ="" DESCRIPTION ="" NAME ="BOMCOMPONENTMATERIAL" PICTURETEXT ="" PORTTYPE ="INPUT/OUTPUT" PRECISION ="8" SCALE ="0"/>
            <TRANSFORMFIELD DATATYPE ="string" DEFAULTVALUE ="" DESCRIPTION ="" NAME ="PLANT" PICTURETEXT ="" PORTTYPE ="INPUT/OUTPUT" PRECISION ="4" SCALE ="0"/>
            <TRANSFORMFIELD DATATYPE ="decimal" DEFAULTVALUE ="" DESCRIPTION ="" NAME ="BOMCOMPQTY" PICTURETEXT ="" PORTTYPE ="INPUT/OUTPUT" PRECISION ="17" SCALE ="3"/>
            <TRANSFORMFIELD DATATYPE ="decimal" DEFAULTVALUE ="" DESCRIPTION ="" NAME ="STANDARDPRICE" PICTURETEXT ="" PORTTYPE ="INPUT/OUTPUT" PRECISION ="17" SCALE ="2"/>
            <TRANSFORMFIELD DATATYPE ="decimal" DEFAULTVALUE ="" DESCRIPTION ="" NAME ="FREEGOODQTY" PICTURETEXT ="" PORTTYPE ="INPUT/OUTPUT" PRECISION ="17" SCALE ="3"/>
            <TRANSFORMFIELD DATATYPE ="decimal" DEFAULTVALUE ="" DESCRIPTION ="" NAME ="QTYINBASEUOM" PICTURETEXT ="" PORTTYPE ="INPUT/OUTPUT" PRECISION ="17" SCALE ="3"/>
            <TRANSFORMFIELD DATATYPE ="string" DEFAULTVALUE ="" DESCRIPTION ="" NAME ="BOMINTERNALCOUNTER" PICTURETEXT ="" PORTTYPE ="INPUT/OUTPUT" PRECISION ="8" SCALE ="0"/>
            <TRANSFORMFIELD DATATYPE ="string" DEFAULTVALUE ="" DESCRIPTION ="" NAME ="BILLOFMATERIAL" PICTURETEXT ="" PORTTYPE ="INPUT/OUTPUT" PRECISION ="8" SCALE ="0"/>
            <TRANSFORMFIELD DATATYPE ="decimal" DEFAULTVALUE ="" DESCRIPTION ="" NAME ="STANDARDPRICECAD" PICTURETEXT ="" PORTTYPE ="INPUT/OUTPUT" PRECISION ="17" SCALE ="2"/>
            <TABLEATTRIBUTE NAME ="Sql Query" VALUE ="select &#xD;&#xA;GRIDVALUE, &#xD;&#xA;MATERIAL, &#xD;&#xA;COMPONENT, &#xD;&#xA;BOMCOMPONENTMATERIAL, &#xD;&#xA;NVL(PLANT,&apos;9999&apos;),&#xD;&#xA;BOMCOMPQTY,&#xD;&#xA;STANDARDPRICE, &#xD;&#xA;FREEGOODQTY,&#xD;&#xA;QTYINBASEUOM,&#xD;&#xA;BOMINTERNALCOUNTER,&#xD;&#xA;BILLOFMATERIAL,&#xD;&#xA;STANDARDPRICECAD&#xD;&#xA;from &#xD;&#xA;(with onebom as(&#xD;&#xA;select MATERIAL,COMPONENT,min(BOMInternalCounter)BOMInternalCounter,min(BillOfMaterial)BillOfMaterial,nvl(plant,&apos;9999&apos;) plant&#xD;&#xA;from STG_S4_BOM_PPK&#xD;&#xA;group by MATERIAL,COMPONENT,nvl(plant,&apos;9999&apos;)&#xD;&#xA;)&#xD;&#xA;select p.*&#xD;&#xA;from STG_S4_BOM_PPK p&#xD;&#xA;join onebom b on p.MATERIAL=b.MATERIAL&#xD;&#xA;and b.COMPONENT=p.COMPONENT&#xD;&#xA;and b.BOMInternalCounter=p.BOMInternalCounter&#xD;&#xA;and b.BillOfMaterial=p.BillOfMaterial&#xD;&#xA;and b.plant=nvl(p.plant,&apos;9999&apos;)&#xD;&#xA;) result"/>
            <TABLEATTRIBUTE NAME ="User Defined Join" VALUE =""/>
            <TABLEATTRIBUTE NAME ="Source Filter" VALUE =""/>
            <TABLEATTRIBUTE NAME ="Number Of Sorted Ports" VALUE ="0"/>
            <TABLEATTRIBUTE NAME ="Tracing Level" VALUE ="Normal"/>
            <TABLEATTRIBUTE NAME ="Select Distinct" VALUE ="NO"/>
            <TABLEATTRIBUTE NAME ="Is Partitionable" VALUE ="NO"/>
            <TABLEATTRIBUTE NAME ="Pre SQL" VALUE =""/>
            <TABLEATTRIBUTE NAME ="Post SQL" VALUE =""/>
            <TABLEATTRIBUTE NAME ="Output is deterministic" VALUE ="NO"/>
            <TABLEATTRIBUTE NAME ="Output is repeatable" VALUE ="Never"/>
        </TRANSFORMATION>
        <INSTANCE DESCRIPTION ="Insert data into hbirpt.dbo.PREPACK_COMP_XREF table" NAME ="PREPACK_COMP_XREF_SQL" TRANSFORMATION_NAME ="PREPACK_COMP_XREF" TRANSFORMATION_TYPE ="Target Definition" TYPE ="TARGET"/>
        <INSTANCE DESCRIPTION ="Insert data into SLBA.PREPACK_COMP_XREF table" NAME ="PREPACK_COMP_XREF" TRANSFORMATION_NAME ="PREPACK_COMP_XREF" TRANSFORMATION_TYPE ="Target Definition" TYPE ="TARGET"/>
        <INSTANCE DBDNAME ="oakdwhd1" DESCRIPTION ="SD - STG_S4_BOM_PPK table" NAME ="STG_S4_BOM_PPK" TRANSFORMATION_NAME ="STG_S4_BOM_PPK" TRANSFORMATION_TYPE ="Source Definition" TYPE ="SOURCE"/>
        <INSTANCE DESCRIPTION ="Expression to calc ZITEMID and COMPITEMID" NAME ="EXP_CALC" REUSABLE ="NO" TRANSFORMATION_NAME ="EXP_CALC" TRANSFORMATION_TYPE ="Expression" TYPE ="TRANSFORMATION"/>
        <INSTANCE DESCRIPTION ="Lookup of SLBA_ITEM table to get ZITEMID and COMPITEMID" NAME ="LKP_SLBA_ITEM" REUSABLE ="NO" TRANSFORMATION_NAME ="LKP_SLBA_ITEM" TRANSFORMATION_TYPE ="Lookup Procedure" TYPE ="TRANSFORMATION"/>
        <INSTANCE DESCRIPTION ="SQ - STG_S4_BOM_PPK table" NAME ="SQ_STG_S4_BOM_PPK" REUSABLE ="NO" TRANSFORMATION_NAME ="SQ_STG_S4_BOM_PPK" TRANSFORMATION_TYPE ="Source Qualifier" TYPE ="TRANSFORMATION">
            <ASSOCIATED_SOURCE_INSTANCE NAME ="STG_S4_BOM_PPK"/>
        </INSTANCE>
        <CONNECTOR FROMFIELD ="MATERIAL" FROMINSTANCE ="EXP_CALC" FROMINSTANCETYPE ="Expression" TOFIELD ="MATERIAL" TOINSTANCE ="PREPACK_COMP_XREF_SQL" TOINSTANCETYPE ="Target Definition"/>
        <CONNECTOR FROMFIELD ="COMPONENT" FROMINSTANCE ="EXP_CALC" FROMINSTANCETYPE ="Expression" TOFIELD ="COMPONENT" TOINSTANCE ="PREPACK_COMP_XREF_SQL" TOINSTANCETYPE ="Target Definition"/>
        <CONNECTOR FROMFIELD ="PLANT" FROMINSTANCE ="EXP_CALC" FROMINSTANCETYPE ="Expression" TOFIELD ="PLANT" TOINSTANCE ="PREPACK_COMP_XREF_SQL" TOINSTANCETYPE ="Target Definition"/>
        <CONNECTOR FROMFIELD ="STANDARDPRICE" FROMINSTANCE ="EXP_CALC" FROMINSTANCETYPE ="Expression" TOFIELD ="STANDARD_PRICE" TOINSTANCE ="PREPACK_COMP_XREF_SQL" TOINSTANCETYPE ="Target Definition"/>
        <CONNECTOR FROMFIELD ="FREEGOODQTY" FROMINSTANCE ="EXP_CALC" FROMINSTANCETYPE ="Expression" TOFIELD ="FREE_QTY" TOINSTANCE ="PREPACK_COMP_XREF_SQL" TOINSTANCETYPE ="Target Definition"/>
        <CONNECTOR FROMFIELD ="O_GRIDVALUE" FROMINSTANCE ="EXP_CALC" FROMINSTANCETYPE ="Expression" TOFIELD ="AF_GRID" TOINSTANCE ="PREPACK_COMP_XREF_SQL" TOINSTANCETYPE ="Target Definition"/>
        <CONNECTOR FROMFIELD ="O_ZITEMID" FROMINSTANCE ="EXP_CALC" FROMINSTANCETYPE ="Expression" TOFIELD ="ZITEMID" TOINSTANCE ="PREPACK_COMP_XREF_SQL" TOINSTANCETYPE ="Target Definition"/>
        <CONNECTOR FROMFIELD ="O_COMPITEMID" FROMINSTANCE ="EXP_CALC" FROMINSTANCETYPE ="Expression" TOFIELD ="COMPITEMID" TOINSTANCE ="PREPACK_COMP_XREF_SQL" TOINSTANCETYPE ="Target Definition"/>
        <CONNECTOR FROMFIELD ="BOMINTERNALCOUNTER" FROMINSTANCE ="EXP_CALC" FROMINSTANCETYPE ="Expression" TOFIELD ="BOMINTERNALCOUNTER" TOINSTANCE ="PREPACK_COMP_XREF_SQL" TOINSTANCETYPE ="Target Definition"/>
        <CONNECTOR FROMFIELD ="BILLOFMATERIAL" FROMINSTANCE ="EXP_CALC" FROMINSTANCETYPE ="Expression" TOFIELD ="BILLOFMATERIAL" TOINSTANCE ="PREPACK_COMP_XREF_SQL" TOINSTANCETYPE ="Target Definition"/>
        <CONNECTOR FROMFIELD ="O_BOMCOMPONENTMATERIAL" FROMINSTANCE ="EXP_CALC" FROMINSTANCETYPE ="Expression" TOFIELD ="ZCMP_GRID" TOINSTANCE ="PREPACK_COMP_XREF_SQL" TOINSTANCETYPE ="Target Definition"/>
        <CONNECTOR FROMFIELD ="BOMCOMPQTY" FROMINSTANCE ="EXP_CALC" FROMINSTANCETYPE ="Expression" TOFIELD ="ZCOMP_QTY" TOINSTANCE ="PREPACK_COMP_XREF_SQL" TOINSTANCETYPE ="Target Definition"/>
        <CONNECTOR FROMFIELD ="QTYINBASEUOM" FROMINSTANCE ="EXP_CALC" FROMINSTANCETYPE ="Expression" TOFIELD ="GARMENTS_QTY" TOINSTANCE ="PREPACK_COMP_XREF_SQL" TOINSTANCETYPE ="Target Definition"/>
        <CONNECTOR FROMFIELD ="STANDARDPRICECAD" FROMINSTANCE ="EXP_CALC" FROMINSTANCETYPE ="Expression" TOFIELD ="STANDARD_PRICE_CAD" TOINSTANCE ="PREPACK_COMP_XREF_SQL" TOINSTANCETYPE ="Target Definition"/>
        <CONNECTOR FROMFIELD ="MATERIAL" FROMINSTANCE ="EXP_CALC" FROMINSTANCETYPE ="Expression" TOFIELD ="MATERIAL" TOINSTANCE ="PREPACK_COMP_XREF" TOINSTANCETYPE ="Target Definition"/>
        <CONNECTOR FROMFIELD ="COMPONENT" FROMINSTANCE ="EXP_CALC" FROMINSTANCETYPE ="Expression" TOFIELD ="COMPONENT" TOINSTANCE ="PREPACK_COMP_XREF" TOINSTANCETYPE ="Target Definition"/>
        <CONNECTOR FROMFIELD ="PLANT" FROMINSTANCE ="EXP_CALC" FROMINSTANCETYPE ="Expression" TOFIELD ="PLANT" TOINSTANCE ="PREPACK_COMP_XREF" TOINSTANCETYPE ="Target Definition"/>
        <CONNECTOR FROMFIELD ="O_GRIDVALUE" FROMINSTANCE ="EXP_CALC" FROMINSTANCETYPE ="Expression" TOFIELD ="AF_GRID" TOINSTANCE ="PREPACK_COMP_XREF" TOINSTANCETYPE ="Target Definition"/>
        <CONNECTOR FROMFIELD ="O_BOMCOMPONENTMATERIAL" FROMINSTANCE ="EXP_CALC" FROMINSTANCETYPE ="Expression" TOFIELD ="ZCMP_GRID" TOINSTANCE ="PREPACK_COMP_XREF" TOINSTANCETYPE ="Target Definition"/>
        <CONNECTOR FROMFIELD ="O_ZITEMID" FROMINSTANCE ="EXP_CALC" FROMINSTANCETYPE ="Expression" TOFIELD ="ZITEMID" TOINSTANCE ="PREPACK_COMP_XREF" TOINSTANCETYPE ="Target Definition"/>
        <CONNECTOR FROMFIELD ="O_COMPITEMID" FROMINSTANCE ="EXP_CALC" FROMINSTANCETYPE ="Expression" TOFIELD ="COMPITEMID" TOINSTANCE ="PREPACK_COMP_XREF" TOINSTANCETYPE ="Target Definition"/>
        <CONNECTOR FROMFIELD ="STANDARDPRICE" FROMINSTANCE ="EXP_CALC" FROMINSTANCETYPE ="Expression" TOFIELD ="STANDARD_PRICE" TOINSTANCE ="PREPACK_COMP_XREF" TOINSTANCETYPE ="Target Definition"/>
        <CONNECTOR FROMFIELD ="FREEGOODQTY" FROMINSTANCE ="EXP_CALC" FROMINSTANCETYPE ="Expression" TOFIELD ="FREE_QTY" TOINSTANCE ="PREPACK_COMP_XREF" TOINSTANCETYPE ="Target Definition"/>
        <CONNECTOR FROMFIELD ="STANDARDPRICECAD" FROMINSTANCE ="EXP_CALC" FROMINSTANCETYPE ="Expression" TOFIELD ="STANDARD_PRICE_CAD" TOINSTANCE ="PREPACK_COMP_XREF" TOINSTANCETYPE ="Target Definition"/>
        <CONNECTOR FROMFIELD ="QTYINBASEUOM" FROMINSTANCE ="EXP_CALC" FROMINSTANCETYPE ="Expression" TOFIELD ="GARMENTS_QTY" TOINSTANCE ="PREPACK_COMP_XREF" TOINSTANCETYPE ="Target Definition"/>
        <CONNECTOR FROMFIELD ="BOMCOMPQTY" FROMINSTANCE ="EXP_CALC" FROMINSTANCETYPE ="Expression" TOFIELD ="ZCOMP_QTY" TOINSTANCE ="PREPACK_COMP_XREF" TOINSTANCETYPE ="Target Definition"/>
        <CONNECTOR FROMFIELD ="BILLOFMATERIAL" FROMINSTANCE ="EXP_CALC" FROMINSTANCETYPE ="Expression" TOFIELD ="BILLOFMATERIAL" TOINSTANCE ="PREPACK_COMP_XREF" TOINSTANCETYPE ="Target Definition"/>
        <CONNECTOR FROMFIELD ="BOMINTERNALCOUNTER" FROMINSTANCE ="EXP_CALC" FROMINSTANCETYPE ="Expression" TOFIELD ="BOMINTERNALCOUNTER" TOINSTANCE ="PREPACK_COMP_XREF" TOINSTANCETYPE ="Target Definition"/>
        <CONNECTOR FROMFIELD ="STANDARDPRICECAD" FROMINSTANCE ="STG_S4_BOM_PPK" FROMINSTANCETYPE ="Source Definition" TOFIELD ="STANDARDPRICECAD" TOINSTANCE ="SQ_STG_S4_BOM_PPK" TOINSTANCETYPE ="Source Qualifier"/>
        <CONNECTOR FROMFIELD ="QTYINBASEUOM" FROMINSTANCE ="STG_S4_BOM_PPK" FROMINSTANCETYPE ="Source Definition" TOFIELD ="QTYINBASEUOM" TOINSTANCE ="SQ_STG_S4_BOM_PPK" TOINSTANCETYPE ="Source Qualifier"/>
        <CONNECTOR FROMFIELD ="BOMCOMPQTY" FROMINSTANCE ="STG_S4_BOM_PPK" FROMINSTANCETYPE ="Source Definition" TOFIELD ="BOMCOMPQTY" TOINSTANCE ="SQ_STG_S4_BOM_PPK" TOINSTANCETYPE ="Source Qualifier"/>
        <CONNECTOR FROMFIELD ="BOMINTERNALCOUNTER" FROMINSTANCE ="STG_S4_BOM_PPK" FROMINSTANCETYPE ="Source Definition" TOFIELD ="BOMINTERNALCOUNTER" TOINSTANCE ="SQ_STG_S4_BOM_PPK" TOINSTANCETYPE ="Source Qualifier"/>
        <CONNECTOR FROMFIELD ="BILLOFMATERIAL" FROMINSTANCE ="STG_S4_BOM_PPK" FROMINSTANCETYPE ="Source Definition" TOFIELD ="BILLOFMATERIAL" TOINSTANCE ="SQ_STG_S4_BOM_PPK" TOINSTANCETYPE ="Source Qualifier"/>
        <CONNECTOR FROMFIELD ="FREEGOODQTY" FROMINSTANCE ="STG_S4_BOM_PPK" FROMINSTANCETYPE ="Source Definition" TOFIELD ="FREEGOODQTY" TOINSTANCE ="SQ_STG_S4_BOM_PPK" TOINSTANCETYPE ="Source Qualifier"/>
        <CONNECTOR FROMFIELD ="STANDARDPRICE" FROMINSTANCE ="STG_S4_BOM_PPK" FROMINSTANCETYPE ="Source Definition" TOFIELD ="STANDARDPRICE" TOINSTANCE ="SQ_STG_S4_BOM_PPK" TOINSTANCETYPE ="Source Qualifier"/>
        <CONNECTOR FROMFIELD ="PLANT" FROMINSTANCE ="STG_S4_BOM_PPK" FROMINSTANCETYPE ="Source Definition" TOFIELD ="PLANT" TOINSTANCE ="SQ_STG_S4_BOM_PPK" TOINSTANCETYPE ="Source Qualifier"/>
        <CONNECTOR FROMFIELD ="MATERIAL" FROMINSTANCE ="STG_S4_BOM_PPK" FROMINSTANCETYPE ="Source Definition" TOFIELD ="MATERIAL" TOINSTANCE ="SQ_STG_S4_BOM_PPK" TOINSTANCETYPE ="Source Qualifier"/>
        <CONNECTOR FROMFIELD ="BOMCOMPONENTMATERIAL" FROMINSTANCE ="STG_S4_BOM_PPK" FROMINSTANCETYPE ="Source Definition" TOFIELD ="BOMCOMPONENTMATERIAL" TOINSTANCE ="SQ_STG_S4_BOM_PPK" TOINSTANCETYPE ="Source Qualifier"/>
        <CONNECTOR FROMFIELD ="COMPONENT" FROMINSTANCE ="STG_S4_BOM_PPK" FROMINSTANCETYPE ="Source Definition" TOFIELD ="COMPONENT" TOINSTANCE ="SQ_STG_S4_BOM_PPK" TOINSTANCETYPE ="Source Qualifier"/>
        <CONNECTOR FROMFIELD ="GRIDVALUE" FROMINSTANCE ="STG_S4_BOM_PPK" FROMINSTANCETYPE ="Source Definition" TOFIELD ="GRIDVALUE" TOINSTANCE ="SQ_STG_S4_BOM_PPK" TOINSTANCETYPE ="Source Qualifier"/>
        <CONNECTOR FROMFIELD ="BOMINTERNALCOUNTER" FROMINSTANCE ="SQ_STG_S4_BOM_PPK" FROMINSTANCETYPE ="Source Qualifier" TOFIELD ="BOMINTERNALCOUNTER" TOINSTANCE ="EXP_CALC" TOINSTANCETYPE ="Expression"/>
        <CONNECTOR FROMFIELD ="BILLOFMATERIAL" FROMINSTANCE ="SQ_STG_S4_BOM_PPK" FROMINSTANCETYPE ="Source Qualifier" TOFIELD ="BILLOFMATERIAL" TOINSTANCE ="EXP_CALC" TOINSTANCETYPE ="Expression"/>
        <CONNECTOR FROMFIELD ="BOMCOMPQTY" FROMINSTANCE ="SQ_STG_S4_BOM_PPK" FROMINSTANCETYPE ="Source Qualifier" TOFIELD ="BOMCOMPQTY" TOINSTANCE ="EXP_CALC" TOINSTANCETYPE ="Expression"/>
        <CONNECTOR FROMFIELD ="QTYINBASEUOM" FROMINSTANCE ="SQ_STG_S4_BOM_PPK" FROMINSTANCETYPE ="Source Qualifier" TOFIELD ="QTYINBASEUOM" TOINSTANCE ="EXP_CALC" TOINSTANCETYPE ="Expression"/>
        <CONNECTOR FROMFIELD ="STANDARDPRICECAD" FROMINSTANCE ="SQ_STG_S4_BOM_PPK" FROMINSTANCETYPE ="Source Qualifier" TOFIELD ="STANDARDPRICECAD" TOINSTANCE ="EXP_CALC" TOINSTANCETYPE ="Expression"/>
        <CONNECTOR FROMFIELD ="FREEGOODQTY" FROMINSTANCE ="SQ_STG_S4_BOM_PPK" FROMINSTANCETYPE ="Source Qualifier" TOFIELD ="FREEGOODQTY" TOINSTANCE ="EXP_CALC" TOINSTANCETYPE ="Expression"/>
        <CONNECTOR FROMFIELD ="STANDARDPRICE" FROMINSTANCE ="SQ_STG_S4_BOM_PPK" FROMINSTANCETYPE ="Source Qualifier" TOFIELD ="STANDARDPRICE" TOINSTANCE ="EXP_CALC" TOINSTANCETYPE ="Expression"/>
        <CONNECTOR FROMFIELD ="PLANT" FROMINSTANCE ="SQ_STG_S4_BOM_PPK" FROMINSTANCETYPE ="Source Qualifier" TOFIELD ="PLANT" TOINSTANCE ="EXP_CALC" TOINSTANCETYPE ="Expression"/>
        <CONNECTOR FROMFIELD ="BOMCOMPONENTMATERIAL" FROMINSTANCE ="SQ_STG_S4_BOM_PPK" FROMINSTANCETYPE ="Source Qualifier" TOFIELD ="I_BOMCOMPONENTMATERIAL" TOINSTANCE ="EXP_CALC" TOINSTANCETYPE ="Expression"/>
        <CONNECTOR FROMFIELD ="COMPONENT" FROMINSTANCE ="SQ_STG_S4_BOM_PPK" FROMINSTANCETYPE ="Source Qualifier" TOFIELD ="COMPONENT" TOINSTANCE ="EXP_CALC" TOINSTANCETYPE ="Expression"/>
        <CONNECTOR FROMFIELD ="MATERIAL" FROMINSTANCE ="SQ_STG_S4_BOM_PPK" FROMINSTANCETYPE ="Source Qualifier" TOFIELD ="MATERIAL" TOINSTANCE ="EXP_CALC" TOINSTANCETYPE ="Expression"/>
        <CONNECTOR FROMFIELD ="GRIDVALUE" FROMINSTANCE ="SQ_STG_S4_BOM_PPK" FROMINSTANCETYPE ="Source Qualifier" TOFIELD ="I_GRIDVALUE" TOINSTANCE ="EXP_CALC" TOINSTANCETYPE ="Expression"/>
        <TARGETLOADORDER ORDER ="1" TARGETINSTANCE ="PREPACK_COMP_XREF_SQL"/>
        <TARGETLOADORDER ORDER ="1" TARGETINSTANCE ="PREPACK_COMP_XREF"/>
        <ERPINFO/>
        <METADATAEXTENSION COMPONENTVERSION ="1000000" DATATYPE ="STRING" DESCRIPTION ="" DOMAINNAME ="User Defined Metadata Domain" ISCLIENTEDITABLE ="YES" ISCLIENTVISIBLE ="YES" ISREUSABLE ="NO" ISSHAREREAD ="NO" ISSHAREWRITE ="NO" MAXLENGTH ="256" NAME ="Extension" VALUE ="S4_Integration_Bi_BOM_PPK v1.8" VENDORNAME ="INFORMATICA"/>
    </MAPPING>
    <CONFIG DESCRIPTION ="Default session configuration object" ISDEFAULT ="YES" NAME ="default_session_config" VERSIONNUMBER ="1">
        <ATTRIBUTE NAME ="Advanced" VALUE =""/>
        <ATTRIBUTE NAME ="Constraint based load ordering" VALUE ="NO"/>
        <ATTRIBUTE NAME ="Cache LOOKUP() function" VALUE ="YES"/>
        <ATTRIBUTE NAME ="Default buffer block size" VALUE ="Auto"/>
        <ATTRIBUTE NAME ="Line Sequential buffer length" VALUE ="1024"/>
        <ATTRIBUTE NAME ="Maximum Memory Allowed For Auto Memory Attributes" VALUE ="512MB"/>
        <ATTRIBUTE NAME ="Maximum Percentage of Total Memory Allowed For Auto Memory Attributes" VALUE ="5"/>
        <ATTRIBUTE NAME ="Additional Concurrent Pipelines for Lookup Cache Creation" VALUE ="Auto"/>
        <ATTRIBUTE NAME ="Custom Properties" VALUE =""/>
        <ATTRIBUTE NAME ="Pre-build lookup cache" VALUE ="Auto"/>
        <ATTRIBUTE NAME ="Optimization Level" VALUE ="Medium"/>
        <ATTRIBUTE NAME ="DateTime Format String" VALUE ="MM/DD/YYYY HH24:MI:SS.US"/>
        <ATTRIBUTE NAME ="Pre 85 Timestamp Compatibility" VALUE ="NO"/>
        <ATTRIBUTE NAME ="Log Options" VALUE ="0"/>
        <ATTRIBUTE NAME ="Save session log by" VALUE ="Session runs"/>
        <ATTRIBUTE NAME ="Save session log for these runs" VALUE ="9"/>
        <ATTRIBUTE NAME ="Session Log File Max Size" VALUE ="0"/>
        <ATTRIBUTE NAME ="Session Log File Max Time Period" VALUE ="0"/>
        <ATTRIBUTE NAME ="Maximum Partial Session Log Files" VALUE ="1"/>
        <ATTRIBUTE NAME ="Writer Commit Statistics Log Frequency" VALUE ="1"/>
        <ATTRIBUTE NAME ="Writer Commit Statistics Log Interval" VALUE ="0"/>
        <ATTRIBUTE NAME ="Error handling" VALUE =""/>
        <ATTRIBUTE NAME ="Stop on errors" VALUE ="1"/>
        <ATTRIBUTE NAME ="Override tracing" VALUE ="None"/>
        <ATTRIBUTE NAME ="On Stored Procedure error" VALUE ="Stop"/>
        <ATTRIBUTE NAME ="On Pre-session command task error" VALUE ="Stop"/>
        <ATTRIBUTE NAME ="On Pre-Post SQL error" VALUE ="Stop"/>
        <ATTRIBUTE NAME ="Enable Recovery" VALUE ="NO"/>
        <ATTRIBUTE NAME ="Error Log Type" VALUE ="None"/>
        <ATTRIBUTE NAME ="Error Log Table Name Prefix" VALUE =""/>
        <ATTRIBUTE NAME ="Error Log File Name" VALUE ="PMError.log"/>
        <ATTRIBUTE NAME ="Log Source Row Data" VALUE ="NO"/>
        <ATTRIBUTE NAME ="Data Column Delimiter" VALUE ="|"/>
        <ATTRIBUTE NAME ="Partitioning Options" VALUE =""/>
        <ATTRIBUTE NAME ="Dynamic Partitioning" VALUE ="Disabled"/>
        <ATTRIBUTE NAME ="Number of Partitions" VALUE ="1"/>
        <ATTRIBUTE NAME ="Multiplication Factor" VALUE ="Auto"/>
        <ATTRIBUTE NAME ="Session on Grid" VALUE =""/>
        <ATTRIBUTE NAME ="Is Enabled" VALUE ="NO"/>
    </CONFIG>
    <SESSION DESCRIPTION ="Session to load staging.stg_S4_BOM_PPK into PREPACK_COMP_XREF" ISVALID ="YES" MAPPINGNAME ="m_S4_INT_BI_BOM_PPK" NAME ="s_m_S4_INT_BI_BOM_PPK" REUSABLE ="YES" SORTORDER ="Binary" VERSIONNUMBER ="1">
        <SESSTRANSFORMATIONINST ISREPARTITIONPOINT ="NO" PIPELINE ="0" SINSTANCENAME ="STG_S4_BOM_PPK" STAGE ="0" TRANSFORMATIONNAME ="STG_S4_BOM_PPK" TRANSFORMATIONTYPE ="Source Definition"/>
        <SESSTRANSFORMATIONINST ISREPARTITIONPOINT ="YES" PARTITIONTYPE ="PASS THROUGH" PIPELINE ="1" SINSTANCENAME ="SQ_STG_S4_BOM_PPK" STAGE ="3" TRANSFORMATIONNAME ="SQ_STG_S4_BOM_PPK" TRANSFORMATIONTYPE ="Source Qualifier"/>
        <SESSTRANSFORMATIONINST ISREPARTITIONPOINT ="NO" PIPELINE ="0" SINSTANCENAME ="LKP_SLBA_ITEM" STAGE ="0" TRANSFORMATIONNAME ="LKP_SLBA_ITEM" TRANSFORMATIONTYPE ="Lookup Procedure">
            <ATTRIBUTE NAME ="Connection Information" VALUE ="Relational:SLBADW"/>
        </SESSTRANSFORMATIONINST>
        <SESSTRANSFORMATIONINST ISREPARTITIONPOINT ="NO" PIPELINE ="1" SINSTANCENAME ="EXP_CALC" STAGE ="3" TRANSFORMATIONNAME ="EXP_CALC" TRANSFORMATIONTYPE ="Expression">
            <PARTITION DESCRIPTION ="" NAME ="Partition #1"/>
        </SESSTRANSFORMATIONINST>
        <SESSTRANSFORMATIONINST ISREPARTITIONPOINT ="YES" PARTITIONTYPE ="PASS THROUGH" PIPELINE ="1" SINSTANCENAME ="PREPACK_COMP_XREF_SQL" STAGE ="4" TRANSFORMATIONNAME ="PREPACK_COMP_XREF_SQL" TRANSFORMATIONTYPE ="Target Definition">
            <ATTRIBUTE NAME ="Pre SQL" VALUE ="Delete from hbirpt.dbo.PREPACK_COMP_XREF&#xD;&#xA;where zitemid in (select item_id from hbidw.dbo.dim_item&#xD;&#xA;where Division_Group = &apos;S4&apos;)"/>
        </SESSTRANSFORMATIONINST>
        <SESSTRANSFORMATIONINST ISREPARTITIONPOINT ="YES" PARTITIONTYPE ="PASS THROUGH" PIPELINE ="1" SINSTANCENAME ="PREPACK_COMP_XREF" STAGE ="5" TRANSFORMATIONNAME ="PREPACK_COMP_XREF" TRANSFORMATIONTYPE ="Target Definition">
            <ATTRIBUTE NAME ="Pre SQL" VALUE ="Delete from prepack_comp_xref &#xD;&#xA;where zitemid in (select item_id from slba_item where division_group=&apos;S4&apos;);&#xD;&#xA;&#xD;&#xA;Commit;"/>
        </SESSTRANSFORMATIONINST>
        <CONFIGREFERENCE REFOBJECTNAME ="default_session_config" TYPE ="Session config"/>
        <SESSIONEXTENSION DSQINSTNAME ="SQ_STG_S4_BOM_PPK" DSQINSTTYPE ="Source Qualifier" NAME ="Relational Reader" SINSTANCENAME ="STG_S4_BOM_PPK" SUBTYPE ="Relational Reader" TRANSFORMATIONTYPE ="Source Definition" TYPE ="READER"/>
        <SESSIONEXTENSION NAME ="Relational Reader" SINSTANCENAME ="SQ_STG_S4_BOM_PPK" SUBTYPE ="Relational Reader" TRANSFORMATIONTYPE ="Source Qualifier" TYPE ="READER">
            <CONNECTIONREFERENCE CNXREFNAME ="DB Connection" CONNECTIONNAME ="SLBADW" CONNECTIONNUMBER ="1" CONNECTIONSUBTYPE ="Oracle" CONNECTIONTYPE ="Relational" VARIABLE =""/>
        </SESSIONEXTENSION>
        <SESSIONEXTENSION NAME ="Relational Lookup" SINSTANCENAME ="LKP_SLBA_ITEM" SUBTYPE ="Relational Lookup" TRANSFORMATIONTYPE ="Lookup Procedure" TYPE ="LOOKUPEXTENSION">
            <CONNECTIONREFERENCE CNXREFNAME ="DB Connection" CONNECTIONNAME ="SLBADW" CONNECTIONNUMBER ="1" CONNECTIONSUBTYPE ="Oracle" CONNECTIONTYPE ="Relational" VARIABLE =""/>
        </SESSIONEXTENSION>
        <SESSIONEXTENSION NAME ="Relational Writer" SINSTANCENAME ="PREPACK_COMP_XREF_SQL" SUBTYPE ="Relational Writer" TRANSFORMATIONTYPE ="Target Definition" TYPE ="WRITER">
            <CONNECTIONREFERENCE CNXREFNAME ="DB Connection" CONNECTIONNAME ="bisql1_hbirpt" CONNECTIONNUMBER ="1" CONNECTIONSUBTYPE ="Microsoft SQL Server" CONNECTIONTYPE ="Relational" VARIABLE =""/>
            <ATTRIBUTE NAME ="Target load type" VALUE ="Normal"/>
            <ATTRIBUTE NAME ="Insert" VALUE ="YES"/>
            <ATTRIBUTE NAME ="Update as Update" VALUE ="NO"/>
            <ATTRIBUTE NAME ="Update as Insert" VALUE ="NO"/>
            <ATTRIBUTE NAME ="Update else Insert" VALUE ="NO"/>
            <ATTRIBUTE NAME ="Delete" VALUE ="NO"/>
            <ATTRIBUTE NAME ="Truncate target table option" VALUE ="NO"/>
            <ATTRIBUTE NAME ="Reject file directory" VALUE ="$PMBadFileDir&#x5c;ONE_ON_ONE_OTC&#x5c;BAD&#x5c;"/>
            <ATTRIBUTE NAME ="Reject filename" VALUE ="s_m_S4_INT_BI_BOM_PPK_SQL.bad"/>
        </SESSIONEXTENSION>
        <SESSIONEXTENSION NAME ="Relational Writer" SINSTANCENAME ="PREPACK_COMP_XREF" SUBTYPE ="Relational Writer" TRANSFORMATIONTYPE ="Target Definition" TYPE ="WRITER">
            <CONNECTIONREFERENCE CNXREFNAME ="DB Connection" CONNECTIONNAME ="SLBADW" CONNECTIONNUMBER ="1" CONNECTIONSUBTYPE ="Oracle" CONNECTIONTYPE ="Relational" VARIABLE =""/>
            <ATTRIBUTE NAME ="Target load type" VALUE ="Normal"/>
            <ATTRIBUTE NAME ="Insert" VALUE ="YES"/>
            <ATTRIBUTE NAME ="Update as Update" VALUE ="NO"/>
            <ATTRIBUTE NAME ="Update as Insert" VALUE ="NO"/>
            <ATTRIBUTE NAME ="Update else Insert" VALUE ="NO"/>
            <ATTRIBUTE NAME ="Delete" VALUE ="NO"/>
            <ATTRIBUTE NAME ="Truncate target table option" VALUE ="NO"/>
            <ATTRIBUTE NAME ="Reject file directory" VALUE ="$PMBadFileDir&#x5c;ONE_ON_ONE_OTC&#x5c;BAD&#x5c;"/>
            <ATTRIBUTE NAME ="Reject filename" VALUE ="s_m_S4_INT_BI_BOM_PPK.bad"/>
        </SESSIONEXTENSION>
        <ATTRIBUTE NAME ="General Options" VALUE =""/>
        <ATTRIBUTE NAME ="Write Backward Compatible Session Log File" VALUE ="YES"/>
        <ATTRIBUTE NAME ="Session Log File Name" VALUE ="s_m_S4_INT_BI_BOM_PPK.log"/>
        <ATTRIBUTE NAME ="Session Log File directory" VALUE ="$PMSessionLogDir&#x5c;ONE_ON_ONE_OTC&#x5c;LOG&#x5c;"/>
        <ATTRIBUTE NAME ="Parameter Filename" VALUE =""/>
        <ATTRIBUTE NAME ="Enable Test Load" VALUE ="NO"/>
        <ATTRIBUTE NAME ="$Source connection value" VALUE =""/>
        <ATTRIBUTE NAME ="$Target connection value" VALUE =""/>
        <ATTRIBUTE NAME ="Treat source rows as" VALUE ="Insert"/>
        <ATTRIBUTE NAME ="Commit Type" VALUE ="Target"/>
        <ATTRIBUTE NAME ="Commit Interval" VALUE ="10000"/>
        <ATTRIBUTE NAME ="Commit On End Of File" VALUE ="YES"/>
        <ATTRIBUTE NAME ="Rollback Transactions on Errors" VALUE ="NO"/>
        <ATTRIBUTE NAME ="Recovery Strategy" VALUE ="Restart task"/>
        <ATTRIBUTE NAME ="Java Classpath" VALUE =""/>
        <ATTRIBUTE NAME ="Performance" VALUE =""/>
        <ATTRIBUTE NAME ="DTM buffer size" VALUE ="Auto"/>
        <ATTRIBUTE NAME ="Collect performance data" VALUE ="NO"/>
        <ATTRIBUTE NAME ="Write performance data to repository" VALUE ="NO"/>
        <ATTRIBUTE NAME ="Incremental Aggregation" VALUE ="NO"/>
        <ATTRIBUTE NAME ="Enable high precision" VALUE ="NO"/>
        <ATTRIBUTE NAME ="Session retry on deadlock" VALUE ="NO"/>
        <ATTRIBUTE NAME ="Pushdown Optimization" VALUE ="None"/>
        <ATTRIBUTE NAME ="Allow Temporary View for Pushdown" VALUE ="NO"/>
        <ATTRIBUTE NAME ="Allow Temporary Sequence for Pushdown" VALUE ="NO"/>
        <ATTRIBUTE NAME ="Allow Pushdown for User Incompatible Connections" VALUE ="NO"/>
        <METADATAEXTENSION COMPONENTVERSION ="1000000" DATATYPE ="STRING" DESCRIPTION ="" DOMAINNAME ="User Defined Metadata Domain" ISCLIENTEDITABLE ="YES" ISCLIENTVISIBLE ="YES" ISREUSABLE ="NO" ISSHAREREAD ="NO" ISSHAREWRITE ="NO" MAXLENGTH ="256" NAME ="Extension" VALUE ="S4_Integration_Bi_BOM_PPK v1.8" VENDORNAME ="INFORMATICA"/>
    </SESSION>
    <WORKFLOW DESCRIPTION ="Workflow to load staging.stg_S4_BOM_PPK into PREPACK_COMP_XREF" ISENABLED ="YES" ISRUNNABLESERVICE ="NO" ISSERVICE ="NO" ISVALID ="YES" NAME ="wf_s_m_S4_INT_BI_BOM_PPK" REUSABLE_SCHEDULER ="NO" SCHEDULERNAME ="Scheduler" SERVERNAME ="Domain10_PRD_Int_Svc" SERVER_DOMAINNAME ="Domain10_PRD" SUSPEND_ON_ERROR ="NO" TASKS_MUST_RUN_ON_SERVER ="NO" VERSIONNUMBER ="1">
        <SCHEDULER DESCRIPTION ="" NAME ="Scheduler" REUSABLE ="NO" VERSIONNUMBER ="1">
            <SCHEDULEINFO SCHEDULETYPE ="ONDEMAND"/>
        </SCHEDULER>
        <TASK DESCRIPTION ="" NAME ="Start" REUSABLE ="NO" TYPE ="Start" VERSIONNUMBER ="1"/>
        <TASKINSTANCE DESCRIPTION ="" ISENABLED ="YES" NAME ="Start" REUSABLE ="NO" TASKNAME ="Start" TASKTYPE ="Start"/>
        <TASKINSTANCE DESCRIPTION ="Session to load staging.stg_S4_BOM_PPK into PREPACK_COMP_XREF" FAIL_PARENT_IF_INSTANCE_DID_NOT_RUN ="YES" FAIL_PARENT_IF_INSTANCE_FAILS ="YES" ISENABLED ="YES" NAME ="s_m_S4_INT_BI_BOM_PPK" REUSABLE ="YES" TASKNAME ="s_m_S4_INT_BI_BOM_PPK" TASKTYPE ="Session" TREAT_INPUTLINK_AS_AND ="NO"/>
        <WORKFLOWLINK CONDITION ="" FROMTASK ="Start" TOTASK ="s_m_S4_INT_BI_BOM_PPK"/>
        <WORKFLOWVARIABLE DATATYPE ="date/time" DEFAULTVALUE ="" DESCRIPTION ="The time this task started" ISNULL ="NO" ISPERSISTENT ="NO" NAME ="$Start.StartTime" USERDEFINED ="NO"/>
        <WORKFLOWVARIABLE DATATYPE ="date/time" DEFAULTVALUE ="" DESCRIPTION ="The time this task completed" ISNULL ="NO" ISPERSISTENT ="NO" NAME ="$Start.EndTime" USERDEFINED ="NO"/>
        <WORKFLOWVARIABLE DATATYPE ="integer" DEFAULTVALUE ="" DESCRIPTION ="Status of this task&apos;s execution" ISNULL ="NO" ISPERSISTENT ="NO" NAME ="$Start.Status" USERDEFINED ="NO"/>
        <WORKFLOWVARIABLE DATATYPE ="integer" DEFAULTVALUE ="" DESCRIPTION ="Status of the previous task that is not disabled" ISNULL ="NO" ISPERSISTENT ="NO" NAME ="$Start.PrevTaskStatus" USERDEFINED ="NO"/>
        <WORKFLOWVARIABLE DATATYPE ="integer" DEFAULTVALUE ="" DESCRIPTION ="Error code for this task&apos;s execution" ISNULL ="NO" ISPERSISTENT ="NO" NAME ="$Start.ErrorCode" USERDEFINED ="NO"/>
        <WORKFLOWVARIABLE DATATYPE ="string" DEFAULTVALUE ="" DESCRIPTION ="Error message for this task&apos;s execution" ISNULL ="NO" ISPERSISTENT ="NO" NAME ="$Start.ErrorMsg" USERDEFINED ="NO"/>
        <WORKFLOWVARIABLE DATATYPE ="date/time" DEFAULTVALUE ="" DESCRIPTION ="The time this task started" ISNULL ="NO" ISPERSISTENT ="NO" NAME ="$s_m_S4_INT_BI_BOM_PPK.StartTime" USERDEFINED ="NO"/>
        <WORKFLOWVARIABLE DATATYPE ="date/time" DEFAULTVALUE ="" DESCRIPTION ="The time this task completed" ISNULL ="NO" ISPERSISTENT ="NO" NAME ="$s_m_S4_INT_BI_BOM_PPK.EndTime" USERDEFINED ="NO"/>
        <WORKFLOWVARIABLE DATATYPE ="integer" DEFAULTVALUE ="" DESCRIPTION ="Status of this task&apos;s execution" ISNULL ="NO" ISPERSISTENT ="NO" NAME ="$s_m_S4_INT_BI_BOM_PPK.Status" USERDEFINED ="NO"/>
        <WORKFLOWVARIABLE DATATYPE ="integer" DEFAULTVALUE ="" DESCRIPTION ="Status of the previous task that is not disabled" ISNULL ="NO" ISPERSISTENT ="NO" NAME ="$s_m_S4_INT_BI_BOM_PPK.PrevTaskStatus" USERDEFINED ="NO"/>
        <WORKFLOWVARIABLE DATATYPE ="integer" DEFAULTVALUE ="" DESCRIPTION ="Error code for this task&apos;s execution" ISNULL ="NO" ISPERSISTENT ="NO" NAME ="$s_m_S4_INT_BI_BOM_PPK.ErrorCode" USERDEFINED ="NO"/>
        <WORKFLOWVARIABLE DATATYPE ="string" DEFAULTVALUE ="" DESCRIPTION ="Error message for this task&apos;s execution" ISNULL ="NO" ISPERSISTENT ="NO" NAME ="$s_m_S4_INT_BI_BOM_PPK.ErrorMsg" USERDEFINED ="NO"/>
        <WORKFLOWVARIABLE DATATYPE ="integer" DEFAULTVALUE ="" DESCRIPTION ="Rows successfully read" ISNULL ="NO" ISPERSISTENT ="NO" NAME ="$s_m_S4_INT_BI_BOM_PPK.SrcSuccessRows" USERDEFINED ="NO"/>
        <WORKFLOWVARIABLE DATATYPE ="integer" DEFAULTVALUE ="" DESCRIPTION ="Rows failed to read" ISNULL ="NO" ISPERSISTENT ="NO" NAME ="$s_m_S4_INT_BI_BOM_PPK.SrcFailedRows" USERDEFINED ="NO"/>
        <WORKFLOWVARIABLE DATATYPE ="integer" DEFAULTVALUE ="" DESCRIPTION ="Rows successfully loaded" ISNULL ="NO" ISPERSISTENT ="NO" NAME ="$s_m_S4_INT_BI_BOM_PPK.TgtSuccessRows" USERDEFINED ="NO"/>
        <WORKFLOWVARIABLE DATATYPE ="integer" DEFAULTVALUE ="" DESCRIPTION ="Rows failed to load" ISNULL ="NO" ISPERSISTENT ="NO" NAME ="$s_m_S4_INT_BI_BOM_PPK.TgtFailedRows" USERDEFINED ="NO"/>
        <WORKFLOWVARIABLE DATATYPE ="integer" DEFAULTVALUE ="" DESCRIPTION ="Total number of transformation errors" ISNULL ="NO" ISPERSISTENT ="NO" NAME ="$s_m_S4_INT_BI_BOM_PPK.TotalTransErrors" USERDEFINED ="NO"/>
        <WORKFLOWVARIABLE DATATYPE ="integer" DEFAULTVALUE ="" DESCRIPTION ="First error code" ISNULL ="NO" ISPERSISTENT ="NO" NAME ="$s_m_S4_INT_BI_BOM_PPK.FirstErrorCode" USERDEFINED ="NO"/>
        <WORKFLOWVARIABLE DATATYPE ="string" DEFAULTVALUE ="" DESCRIPTION ="First error message" ISNULL ="NO" ISPERSISTENT ="NO" NAME ="$s_m_S4_INT_BI_BOM_PPK.FirstErrorMsg" USERDEFINED ="NO"/>
        <ATTRIBUTE NAME ="Parameter Filename" VALUE =""/>
        <ATTRIBUTE NAME ="Write Backward Compatible Workflow Log File" VALUE ="YES"/>
        <ATTRIBUTE NAME ="Workflow Log File Name" VALUE ="wf_s_m_S4_INT_BI_BOM_PPK.log"/>
        <ATTRIBUTE NAME ="Workflow Log File Directory" VALUE ="$PMWorkflowLogDir&#x5c;ONE_ON_ONE_OTC&#x5c;LOG&#x5c;"/>
        <ATTRIBUTE NAME ="Save Workflow log by" VALUE ="By runs"/>
        <ATTRIBUTE NAME ="Save workflow log for these runs" VALUE ="9"/>
        <ATTRIBUTE NAME ="Service Name" VALUE =""/>
        <ATTRIBUTE NAME ="Service Timeout" VALUE ="0"/>
        <ATTRIBUTE NAME ="Is Service Visible" VALUE ="NO"/>
        <ATTRIBUTE NAME ="Is Service Protected" VALUE ="NO"/>
        <ATTRIBUTE NAME ="Fail task after wait time" VALUE ="0"/>
        <ATTRIBUTE NAME ="Enable HA recovery" VALUE ="NO"/>
        <ATTRIBUTE NAME ="Automatically recover terminated tasks" VALUE ="NO"/>
        <ATTRIBUTE NAME ="Service Level Name" VALUE ="Default"/>
        <ATTRIBUTE NAME ="Allow concurrent run with unique run instance name" VALUE ="NO"/>
        <ATTRIBUTE NAME ="Allow concurrent run with same run instance name" VALUE ="NO"/>
        <ATTRIBUTE NAME ="Maximum number of concurrent runs" VALUE ="0"/>
        <ATTRIBUTE NAME ="Assigned Web Services Hubs" VALUE =""/>
        <ATTRIBUTE NAME ="Maximum number of concurrent runs per Hub" VALUE ="1000"/>
        <ATTRIBUTE NAME ="Expected Service Time" VALUE ="1"/>
        <METADATAEXTENSION COMPONENTVERSION ="1000000" DATATYPE ="STRING" DESCRIPTION ="" DOMAINNAME ="User Defined Metadata Domain" ISCLIENTEDITABLE ="YES" ISCLIENTVISIBLE ="YES" ISREUSABLE ="NO" ISSHAREREAD ="NO" ISSHAREWRITE ="NO" MAXLENGTH ="256" NAME ="Extension" VALUE ="S4_Integration_Bi_BOM_PPK v1.0,1.1,1.2,1.3" VENDORNAME ="INFORMATICA"/>
    </WORKFLOW>
</FOLDER>
</REPOSITORY>
</POWERMART>