<?xml version="1.0" encoding="Windows-1252"?>
<!DOCTYPE POWERMART SYSTEM "powrmart.dtd">
<POWERMART CREATION_DATE="05/20/2024 10:25:06" REPOSITORY_VERSION="187.96">
<REPOSITORY NAME="Domain10_Rep_Svc_Prd" VERSION="187" CODEPAGE="MS1252" DATABASETYPE="Microsoft SQL Server">
<FOLDER NAME="ONE_ON_ONE_OTC" GROUP="" OWNER="Administrator" SHARED="NOTSHARED" DESCRIPTION="" PERMISSIONS="rwx---r--" UUID="8627c2fd-2fe8-4f83-88bf-e34259bd5762">
    <SOURCE BUSINESSNAME ="" DATABASETYPE ="Oracle" DBDNAME ="slbadw" DESCRIPTION ="" NAME ="GROSS_MARGIN_PPK" OBJECTVERSION ="1" OWNERNAME ="SLBA" VERSIONNUMBER ="1">
        <SOURCEFIELD BUSINESSNAME ="" DATATYPE ="number(p,s)" DESCRIPTION ="" FIELDNUMBER ="1" FIELDPROPERTY ="0" FIELDTYPE ="ELEMITEM" HIDDEN ="NO" KEYTYPE ="NOT A KEY" LENGTH ="6" LEVEL ="0" NAME ="FISCAL_YEAR" NULLABLE ="NOTNULL" OCCURS ="0" OFFSET ="0" PHYSICALLENGTH ="4" PHYSICALOFFSET ="0" PICTURETEXT ="" PRECISION ="4" SCALE ="0" USAGE_FLAGS =""/>
        <SOURCEFIELD BUSINESSNAME ="" DATATYPE ="number(p,s)" DESCRIPTION ="" FIELDNUMBER ="2" FIELDPROPERTY ="0" FIELDTYPE ="ELEMITEM" HIDDEN ="NO" KEYTYPE ="NOT A KEY" LENGTH ="4" LEVEL ="0" NAME ="FISCAL_PERIOD" NULLABLE ="NOTNULL" OCCURS ="0" OFFSET ="6" PHYSICALLENGTH ="2" PHYSICALOFFSET ="4" PICTURETEXT ="" PRECISION ="2" SCALE ="0" USAGE_FLAGS =""/>
        <SOURCEFIELD BUSINESSNAME ="" DATATYPE ="varchar2" DESCRIPTION ="" FIELDNUMBER ="3" FIELDPROPERTY ="0" FIELDTYPE ="ELEMITEM" HIDDEN ="NO" KEYTYPE ="NOT A KEY" LENGTH ="0" LEVEL ="0" NAME ="SLBA_DIVISION_CODE" NULLABLE ="NOTNULL" OCCURS ="0" OFFSET ="10" PHYSICALLENGTH ="2" PHYSICALOFFSET ="6" PICTURETEXT ="" PRECISION ="2" SCALE ="0" USAGE_FLAGS =""/>
        <SOURCEFIELD BUSINESSNAME ="" DATATYPE ="date" DESCRIPTION ="" FIELDNUMBER ="4" FIELDPROPERTY ="0" FIELDTYPE ="ELEMITEM" HIDDEN ="NO" KEYTYPE ="NOT A KEY" LENGTH ="19" LEVEL ="0" NAME ="INVOICE_DATE" NULLABLE ="NOTNULL" OCCURS ="0" OFFSET ="10" PHYSICALLENGTH ="19" PHYSICALOFFSET ="8" PICTURETEXT ="" PRECISION ="19" SCALE ="0" USAGE_FLAGS =""/>
        <SOURCEFIELD BUSINESSNAME ="" DATATYPE ="varchar2" DESCRIPTION ="" FIELDNUMBER ="5" FIELDPROPERTY ="0" FIELDTYPE ="ELEMITEM" HIDDEN ="NO" KEYTYPE ="NOT A KEY" LENGTH ="0" LEVEL ="0" NAME ="INVOICE_NUM" NULLABLE ="NOTNULL" OCCURS ="0" OFFSET ="29" PHYSICALLENGTH ="11" PHYSICALOFFSET ="27" PICTURETEXT ="" PRECISION ="11" SCALE ="0" USAGE_FLAGS =""/>
        <SOURCEFIELD BUSINESSNAME ="" DATATYPE ="varchar2" DESCRIPTION ="" FIELDNUMBER ="6" FIELDPROPERTY ="0" FIELDTYPE ="ELEMITEM" HIDDEN ="NO" KEYTYPE ="NOT A KEY" LENGTH ="0" LEVEL ="0" NAME ="SAP_BILLING_ITEM" NULLABLE ="NOTNULL" OCCURS ="0" OFFSET ="29" PHYSICALLENGTH ="6" PHYSICALOFFSET ="38" PICTURETEXT ="" PRECISION ="6" SCALE ="0" USAGE_FLAGS =""/>
        <SOURCEFIELD BUSINESSNAME ="" DATATYPE ="varchar2" DESCRIPTION ="" FIELDNUMBER ="7" FIELDPROPERTY ="0" FIELDTYPE ="ELEMITEM" HIDDEN ="NO" KEYTYPE ="NOT A KEY" LENGTH ="0" LEVEL ="0" NAME ="SAP_BILLING_SCH_LINE" NULLABLE ="NOTNULL" OCCURS ="0" OFFSET ="29" PHYSICALLENGTH ="4" PHYSICALOFFSET ="44" PICTURETEXT ="" PRECISION ="4" SCALE ="0" USAGE_FLAGS =""/>
        <SOURCEFIELD BUSINESSNAME ="" DATATYPE ="varchar2" DESCRIPTION ="" FIELDNUMBER ="8" FIELDPROPERTY ="0" FIELDTYPE ="ELEMITEM" HIDDEN ="NO" KEYTYPE ="NOT A KEY" LENGTH ="0" LEVEL ="0" NAME ="BILLING_COND_TYPE" NULLABLE ="NOTNULL" OCCURS ="0" OFFSET ="29" PHYSICALLENGTH ="4" PHYSICALOFFSET ="48" PICTURETEXT ="" PRECISION ="4" SCALE ="0" USAGE_FLAGS =""/>
        <SOURCEFIELD BUSINESSNAME ="" DATATYPE ="varchar2" DESCRIPTION ="" FIELDNUMBER ="9" FIELDPROPERTY ="0" FIELDTYPE ="ELEMITEM" HIDDEN ="NO" KEYTYPE ="NOT A KEY" LENGTH ="0" LEVEL ="0" NAME ="SAP_MATERIAL_NUM" NULLABLE ="NOTNULL" OCCURS ="0" OFFSET ="29" PHYSICALLENGTH ="18" PHYSICALOFFSET ="52" PICTURETEXT ="" PRECISION ="18" SCALE ="0" USAGE_FLAGS =""/>
        <SOURCEFIELD BUSINESSNAME ="" DATATYPE ="varchar2" DESCRIPTION ="" FIELDNUMBER ="10" FIELDPROPERTY ="0" FIELDTYPE ="ELEMITEM" HIDDEN ="NO" KEYTYPE ="NOT A KEY" LENGTH ="0" LEVEL ="0" NAME ="SAP_COMP_MATERIAL_NUM" NULLABLE ="NOTNULL" OCCURS ="0" OFFSET ="29" PHYSICALLENGTH ="18" PHYSICALOFFSET ="70" PICTURETEXT ="" PRECISION ="18" SCALE ="0" USAGE_FLAGS =""/>
        <SOURCEFIELD BUSINESSNAME ="" DATATYPE ="varchar2" DESCRIPTION ="" FIELDNUMBER ="11" FIELDPROPERTY ="0" FIELDTYPE ="ELEMITEM" HIDDEN ="NO" KEYTYPE ="NOT A KEY" LENGTH ="0" LEVEL ="0" NAME ="SAP_GRID_VALUE" NULLABLE ="NOTNULL" OCCURS ="0" OFFSET ="29" PHYSICALLENGTH ="18" PHYSICALOFFSET ="88" PICTURETEXT ="" PRECISION ="18" SCALE ="0" USAGE_FLAGS =""/>
        <SOURCEFIELD BUSINESSNAME ="" DATATYPE ="number(p,s)" DESCRIPTION ="" FIELDNUMBER ="12" FIELDPROPERTY ="0" FIELDTYPE ="ELEMITEM" HIDDEN ="NO" KEYTYPE ="NOT A KEY" LENGTH ="10" LEVEL ="0" NAME ="KEY_COUNTER" NULLABLE ="NOTNULL" OCCURS ="0" OFFSET ="29" PHYSICALLENGTH ="8" PHYSICALOFFSET ="106" PICTURETEXT ="" PRECISION ="8" SCALE ="0" USAGE_FLAGS =""/>
        <SOURCEFIELD BUSINESSNAME ="" DATATYPE ="varchar2" DESCRIPTION ="" FIELDNUMBER ="13" FIELDPROPERTY ="0" FIELDTYPE ="ELEMITEM" HIDDEN ="NO" KEYTYPE ="NOT A KEY" LENGTH ="0" LEVEL ="0" NAME ="ORDER_NUM" NULLABLE ="NULL" OCCURS ="0" OFFSET ="39" PHYSICALLENGTH ="20" PHYSICALOFFSET ="114" PICTURETEXT ="" PRECISION ="20" SCALE ="0" USAGE_FLAGS =""/>
        <SOURCEFIELD BUSINESSNAME ="" DATATYPE ="number(p,s)" DESCRIPTION ="" FIELDNUMBER ="14" FIELDPROPERTY ="0" FIELDTYPE ="ELEMITEM" HIDDEN ="NO" KEYTYPE ="NOT A KEY" LENGTH ="40" LEVEL ="0" NAME ="ITEM_ID" NULLABLE ="NOTNULL" OCCURS ="0" OFFSET ="39" PHYSICALLENGTH ="38" PHYSICALOFFSET ="134" PICTURETEXT ="" PRECISION ="38" SCALE ="0" USAGE_FLAGS =""/>
        <SOURCEFIELD BUSINESSNAME ="" DATATYPE ="number(p,s)" DESCRIPTION ="" FIELDNUMBER ="15" FIELDPROPERTY ="0" FIELDTYPE ="ELEMITEM" HIDDEN ="NO" KEYTYPE ="NOT A KEY" LENGTH ="40" LEVEL ="0" NAME ="LEVEL_1_ITEM_ID" NULLABLE ="NOTNULL" OCCURS ="0" OFFSET ="79" PHYSICALLENGTH ="38" PHYSICALOFFSET ="172" PICTURETEXT ="" PRECISION ="38" SCALE ="0" USAGE_FLAGS =""/>
        <SOURCEFIELD BUSINESSNAME ="" DATATYPE ="number(p,s)" DESCRIPTION ="" FIELDNUMBER ="16" FIELDPROPERTY ="0" FIELDTYPE ="ELEMITEM" HIDDEN ="NO" KEYTYPE ="NOT A KEY" LENGTH ="40" LEVEL ="0" NAME ="LEVEL_2_ITEM_ID" NULLABLE ="NOTNULL" OCCURS ="0" OFFSET ="119" PHYSICALLENGTH ="38" PHYSICALOFFSET ="210" PICTURETEXT ="" PRECISION ="38" SCALE ="0" USAGE_FLAGS =""/>
        <SOURCEFIELD BUSINESSNAME ="" DATATYPE ="number(p,s)" DESCRIPTION ="" FIELDNUMBER ="17" FIELDPROPERTY ="0" FIELDTYPE ="ELEMITEM" HIDDEN ="NO" KEYTYPE ="NOT A KEY" LENGTH ="20" LEVEL ="0" NAME ="ADJ_EXTENDED_COST_DOLLARS" NULLABLE ="NOTNULL" OCCURS ="0" OFFSET ="159" PHYSICALLENGTH ="18" PHYSICALOFFSET ="248" PICTURETEXT ="" PRECISION ="18" SCALE ="6" USAGE_FLAGS =""/>
        <SOURCEFIELD BUSINESSNAME ="" DATATYPE ="date" DESCRIPTION ="" FIELDNUMBER ="18" FIELDPROPERTY ="0" FIELDTYPE ="ELEMITEM" HIDDEN ="NO" KEYTYPE ="NOT A KEY" LENGTH ="19" LEVEL ="0" NAME ="AS_OF_DATE" NULLABLE ="NOTNULL" OCCURS ="0" OFFSET ="179" PHYSICALLENGTH ="19" PHYSICALOFFSET ="266" PICTURETEXT ="" PRECISION ="19" SCALE ="0" USAGE_FLAGS =""/>
        <SOURCEFIELD BUSINESSNAME ="" DATATYPE ="varchar2" DESCRIPTION ="" FIELDNUMBER ="19" FIELDPROPERTY ="0" FIELDTYPE ="ELEMITEM" HIDDEN ="NO" KEYTYPE ="NOT A KEY" LENGTH ="0" LEVEL ="0" NAME ="CHARGE_ALLOWANCE_CODE" NULLABLE ="NULL" OCCURS ="0" OFFSET ="198" PHYSICALLENGTH ="4" PHYSICALOFFSET ="285" PICTURETEXT ="" PRECISION ="4" SCALE ="0" USAGE_FLAGS =""/>
        <SOURCEFIELD BUSINESSNAME ="" DATATYPE ="varchar2" DESCRIPTION ="" FIELDNUMBER ="20" FIELDPROPERTY ="0" FIELDTYPE ="ELEMITEM" HIDDEN ="NO" KEYTYPE ="NOT A KEY" LENGTH ="0" LEVEL ="0" NAME ="CHARGE_ALLOWANCE_PREFIX_DESC" NULLABLE ="NULL" OCCURS ="0" OFFSET ="198" PHYSICALLENGTH ="40" PHYSICALOFFSET ="289" PICTURETEXT ="" PRECISION ="40" SCALE ="0" USAGE_FLAGS =""/>
        <SOURCEFIELD BUSINESSNAME ="" DATATYPE ="varchar2" DESCRIPTION ="" FIELDNUMBER ="21" FIELDPROPERTY ="0" FIELDTYPE ="ELEMITEM" HIDDEN ="NO" KEYTYPE ="NOT A KEY" LENGTH ="0" LEVEL ="0" NAME ="DIVISION_GROUP" NULLABLE ="NOTNULL" OCCURS ="0" OFFSET ="198" PHYSICALLENGTH ="4" PHYSICALOFFSET ="329" PICTURETEXT ="" PRECISION ="4" SCALE ="0" USAGE_FLAGS =""/>
        <SOURCEFIELD BUSINESSNAME ="" DATATYPE ="number(p,s)" DESCRIPTION ="" FIELDNUMBER ="22" FIELDPROPERTY ="0" FIELDTYPE ="ELEMITEM" HIDDEN ="NO" KEYTYPE ="NOT A KEY" LENGTH ="20" LEVEL ="0" NAME ="DOLLARS" NULLABLE ="NOTNULL" OCCURS ="0" OFFSET ="198" PHYSICALLENGTH ="18" PHYSICALOFFSET ="333" PICTURETEXT ="" PRECISION ="18" SCALE ="6" USAGE_FLAGS =""/>
        <SOURCEFIELD BUSINESSNAME ="" DATATYPE ="number(p,s)" DESCRIPTION ="" FIELDNUMBER ="23" FIELDPROPERTY ="0" FIELDTYPE ="ELEMITEM" HIDDEN ="NO" KEYTYPE ="NOT A KEY" LENGTH ="17" LEVEL ="0" NAME ="DOZENS" NULLABLE ="NOTNULL" OCCURS ="0" OFFSET ="218" PHYSICALLENGTH ="15" PHYSICALOFFSET ="351" PICTURETEXT ="" PRECISION ="15" SCALE ="7" USAGE_FLAGS =""/>
        <SOURCEFIELD BUSINESSNAME ="" DATATYPE ="varchar2" DESCRIPTION ="" FIELDNUMBER ="24" FIELDPROPERTY ="0" FIELDTYPE ="ELEMITEM" HIDDEN ="NO" KEYTYPE ="NOT A KEY" LENGTH ="0" LEVEL ="0" NAME ="FINADJ_MEASURE_TYPE" NULLABLE ="NULL" OCCURS ="0" OFFSET ="235" PHYSICALLENGTH ="15" PHYSICALOFFSET ="366" PICTURETEXT ="" PRECISION ="15" SCALE ="0" USAGE_FLAGS =""/>
        <SOURCEFIELD BUSINESSNAME ="" DATATYPE ="varchar2" DESCRIPTION ="" FIELDNUMBER ="25" FIELDPROPERTY ="0" FIELDTYPE ="ELEMITEM" HIDDEN ="NO" KEYTYPE ="NOT A KEY" LENGTH ="0" LEVEL ="0" NAME ="FINADJ_MEASURE_NAME" NULLABLE ="NULL" OCCURS ="0" OFFSET ="235" PHYSICALLENGTH ="100" PHYSICALOFFSET ="381" PICTURETEXT ="" PRECISION ="100" SCALE ="0" USAGE_FLAGS =""/>
        <SOURCEFIELD BUSINESSNAME ="" DATATYPE ="number(p,s)" DESCRIPTION ="" FIELDNUMBER ="26" FIELDPROPERTY ="0" FIELDTYPE ="ELEMITEM" HIDDEN ="NO" KEYTYPE ="NOT A KEY" LENGTH ="4" LEVEL ="0" NAME ="FISCAL_WEEK" NULLABLE ="NOTNULL" OCCURS ="0" OFFSET ="235" PHYSICALLENGTH ="2" PHYSICALOFFSET ="481" PICTURETEXT ="" PRECISION ="2" SCALE ="0" USAGE_FLAGS =""/>
        <SOURCEFIELD BUSINESSNAME ="" DATATYPE ="number(p,s)" DESCRIPTION ="" FIELDNUMBER ="27" FIELDPROPERTY ="0" FIELDTYPE ="ELEMITEM" HIDDEN ="NO" KEYTYPE ="NOT A KEY" LENGTH ="12" LEVEL ="0" NAME ="GARMENTS" NULLABLE ="NOTNULL" OCCURS ="0" OFFSET ="239" PHYSICALLENGTH ="10" PHYSICALOFFSET ="483" PICTURETEXT ="" PRECISION ="10" SCALE ="0" USAGE_FLAGS =""/>
        <SOURCEFIELD BUSINESSNAME ="" DATATYPE ="varchar2" DESCRIPTION ="" FIELDNUMBER ="28" FIELDPROPERTY ="0" FIELDTYPE ="ELEMITEM" HIDDEN ="NO" KEYTYPE ="NOT A KEY" LENGTH ="0" LEVEL ="0" NAME ="GL_ACCT_NUM_1" NULLABLE ="NULL" OCCURS ="0" OFFSET ="251" PHYSICALLENGTH ="30" PHYSICALOFFSET ="493" PICTURETEXT ="" PRECISION ="30" SCALE ="0" USAGE_FLAGS =""/>
        <SOURCEFIELD BUSINESSNAME ="" DATATYPE ="varchar2" DESCRIPTION ="" FIELDNUMBER ="29" FIELDPROPERTY ="0" FIELDTYPE ="ELEMITEM" HIDDEN ="NO" KEYTYPE ="NOT A KEY" LENGTH ="0" LEVEL ="0" NAME ="GL_ACCT_NUM_2" NULLABLE ="NULL" OCCURS ="0" OFFSET ="251" PHYSICALLENGTH ="30" PHYSICALOFFSET ="523" PICTURETEXT ="" PRECISION ="30" SCALE ="0" USAGE_FLAGS =""/>
        <SOURCEFIELD BUSINESSNAME ="" DATATYPE ="varchar2" DESCRIPTION ="" FIELDNUMBER ="30" FIELDPROPERTY ="0" FIELDTYPE ="ELEMITEM" HIDDEN ="NO" KEYTYPE ="NOT A KEY" LENGTH ="0" LEVEL ="0" NAME ="GROSS_MARGIN_IND" NULLABLE ="NOTNULL" OCCURS ="0" OFFSET ="251" PHYSICALLENGTH ="1" PHYSICALOFFSET ="553" PICTURETEXT ="" PRECISION ="1" SCALE ="0" USAGE_FLAGS =""/>
        <SOURCEFIELD BUSINESSNAME ="" DATATYPE ="date" DESCRIPTION ="" FIELDNUMBER ="31" FIELDPROPERTY ="0" FIELDTYPE ="ELEMITEM" HIDDEN ="NO" KEYTYPE ="NOT A KEY" LENGTH ="19" LEVEL ="0" NAME ="REQUESTED_SHIP_DATE" NULLABLE ="NOTNULL" OCCURS ="0" OFFSET ="251" PHYSICALLENGTH ="19" PHYSICALOFFSET ="554" PICTURETEXT ="" PRECISION ="19" SCALE ="0" USAGE_FLAGS =""/>
        <SOURCEFIELD BUSINESSNAME ="" DATATYPE ="varchar2" DESCRIPTION ="" FIELDNUMBER ="32" FIELDPROPERTY ="0" FIELDTYPE ="ELEMITEM" HIDDEN ="NO" KEYTYPE ="NOT A KEY" LENGTH ="0" LEVEL ="0" NAME ="SOURCE_ACCOUNT_NUM" NULLABLE ="NOTNULL" OCCURS ="0" OFFSET ="270" PHYSICALLENGTH ="10" PHYSICALOFFSET ="573" PICTURETEXT ="" PRECISION ="10" SCALE ="0" USAGE_FLAGS =""/>
        <SOURCEFIELD BUSINESSNAME ="" DATATYPE ="number(p,s)" DESCRIPTION ="" FIELDNUMBER ="33" FIELDPROPERTY ="0" FIELDTYPE ="ELEMITEM" HIDDEN ="NO" KEYTYPE ="NOT A KEY" LENGTH ="12" LEVEL ="0" NAME ="UNITS" NULLABLE ="NOTNULL" OCCURS ="0" OFFSET ="270" PHYSICALLENGTH ="10" PHYSICALOFFSET ="583" PICTURETEXT ="" PRECISION ="10" SCALE ="0" USAGE_FLAGS =""/>
        <SOURCEFIELD BUSINESSNAME ="" DATATYPE ="date" DESCRIPTION ="" FIELDNUMBER ="34" FIELDPROPERTY ="0" FIELDTYPE ="ELEMITEM" HIDDEN ="NO" KEYTYPE ="NOT A KEY" LENGTH ="19" LEVEL ="0" NAME ="UPDATE_TIMESTAMP" NULLABLE ="NOTNULL" OCCURS ="0" OFFSET ="282" PHYSICALLENGTH ="19" PHYSICALOFFSET ="593" PICTURETEXT ="" PRECISION ="19" SCALE ="0" USAGE_FLAGS =""/>
        <SOURCEFIELD BUSINESSNAME ="" DATATYPE ="varchar2" DESCRIPTION ="" FIELDNUMBER ="35" FIELDPROPERTY ="0" FIELDTYPE ="ELEMITEM" HIDDEN ="NO" KEYTYPE ="NOT A KEY" LENGTH ="0" LEVEL ="0" NAME ="UPDATE_USERID" NULLABLE ="NOTNULL" OCCURS ="0" OFFSET ="301" PHYSICALLENGTH ="50" PHYSICALOFFSET ="612" PICTURETEXT ="" PRECISION ="50" SCALE ="0" USAGE_FLAGS =""/>
        <SOURCEFIELD BUSINESSNAME ="" DATATYPE ="varchar2" DESCRIPTION ="" FIELDNUMBER ="36" FIELDPROPERTY ="0" FIELDTYPE ="ELEMITEM" HIDDEN ="NO" KEYTYPE ="NOT A KEY" LENGTH ="0" LEVEL ="0" NAME ="SALES_MEASURE_NAME" NULLABLE ="NULL" OCCURS ="0" OFFSET ="301" PHYSICALLENGTH ="20" PHYSICALOFFSET ="662" PICTURETEXT ="" PRECISION ="20" SCALE ="0" USAGE_FLAGS =""/>
        <SOURCEFIELD BUSINESSNAME ="" DATATYPE ="varchar2" DESCRIPTION ="" FIELDNUMBER ="37" FIELDPROPERTY ="0" FIELDTYPE ="ELEMITEM" HIDDEN ="NO" KEYTYPE ="NOT A KEY" LENGTH ="0" LEVEL ="0" NAME ="COST_MEASURE_NAME" NULLABLE ="NULL" OCCURS ="0" OFFSET ="301" PHYSICALLENGTH ="20" PHYSICALOFFSET ="682" PICTURETEXT ="" PRECISION ="20" SCALE ="0" USAGE_FLAGS =""/>
        <SOURCEFIELD BUSINESSNAME ="" DATATYPE ="varchar2" DESCRIPTION ="" FIELDNUMBER ="38" FIELDPROPERTY ="0" FIELDTYPE ="ELEMITEM" HIDDEN ="NO" KEYTYPE ="NOT A KEY" LENGTH ="0" LEVEL ="0" NAME ="SAP_SOLDTO_CUST" NULLABLE ="NULL" OCCURS ="0" OFFSET ="301" PHYSICALLENGTH ="10" PHYSICALOFFSET ="702" PICTURETEXT ="" PRECISION ="10" SCALE ="0" USAGE_FLAGS =""/>
        <SOURCEFIELD BUSINESSNAME ="" DATATYPE ="varchar2" DESCRIPTION ="" FIELDNUMBER ="39" FIELDPROPERTY ="0" FIELDTYPE ="ELEMITEM" HIDDEN ="NO" KEYTYPE ="NOT A KEY" LENGTH ="0" LEVEL ="0" NAME ="SAP_SHIPTO_CUST" NULLABLE ="NULL" OCCURS ="0" OFFSET ="301" PHYSICALLENGTH ="10" PHYSICALOFFSET ="712" PICTURETEXT ="" PRECISION ="10" SCALE ="0" USAGE_FLAGS =""/>
        <SOURCEFIELD BUSINESSNAME ="" DATATYPE ="varchar2" DESCRIPTION ="" FIELDNUMBER ="40" FIELDPROPERTY ="0" FIELDTYPE ="ELEMITEM" HIDDEN ="NO" KEYTYPE ="NOT A KEY" LENGTH ="0" LEVEL ="0" NAME ="SAP_PROFIT_CENTER_NUM" NULLABLE ="NULL" OCCURS ="0" OFFSET ="301" PHYSICALLENGTH ="10" PHYSICALOFFSET ="722" PICTURETEXT ="" PRECISION ="10" SCALE ="0" USAGE_FLAGS =""/>
        <SOURCEFIELD BUSINESSNAME ="" DATATYPE ="number(p,s)" DESCRIPTION ="" FIELDNUMBER ="41" FIELDPROPERTY ="0" FIELDTYPE ="ELEMITEM" HIDDEN ="NO" KEYTYPE ="NOT A KEY" LENGTH ="20" LEVEL ="0" NAME ="PY_ADJ_EXTENDED_COST_DOLLARS" NULLABLE ="NULL" OCCURS ="0" OFFSET ="301" PHYSICALLENGTH ="18" PHYSICALOFFSET ="732" PICTURETEXT ="" PRECISION ="18" SCALE ="6" USAGE_FLAGS =""/>
        <SOURCEFIELD BUSINESSNAME ="" DATATYPE ="number(p,s)" DESCRIPTION ="" FIELDNUMBER ="42" FIELDPROPERTY ="0" FIELDTYPE ="ELEMITEM" HIDDEN ="NO" KEYTYPE ="NOT A KEY" LENGTH ="20" LEVEL ="0" NAME ="PY_DOLLARS" NULLABLE ="NULL" OCCURS ="0" OFFSET ="321" PHYSICALLENGTH ="18" PHYSICALOFFSET ="750" PICTURETEXT ="" PRECISION ="18" SCALE ="6" USAGE_FLAGS =""/>
        <SOURCEFIELD BUSINESSNAME ="" DATATYPE ="varchar2" DESCRIPTION ="" FIELDNUMBER ="43" FIELDPROPERTY ="0" FIELDTYPE ="ELEMITEM" HIDDEN ="NO" KEYTYPE ="NOT A KEY" LENGTH ="0" LEVEL ="0" NAME ="CORE_IND" NULLABLE ="NULL" OCCURS ="0" OFFSET ="341" PHYSICALLENGTH ="1" PHYSICALOFFSET ="768" PICTURETEXT ="" PRECISION ="1" SCALE ="0" USAGE_FLAGS =""/>
        <SOURCEFIELD BUSINESSNAME ="" DATATYPE ="number" DESCRIPTION ="" FIELDNUMBER ="44" FIELDPROPERTY ="0" FIELDTYPE ="ELEMITEM" HIDDEN ="NO" KEYTYPE ="NOT A KEY" LENGTH ="24" LEVEL ="0" NAME ="DISTRIBUTION_CTR_FACILITY_ID" NULLABLE ="NULL" OCCURS ="0" OFFSET ="341" PHYSICALLENGTH ="15" PHYSICALOFFSET ="769" PICTURETEXT ="" PRECISION ="15" SCALE ="0" USAGE_FLAGS =""/>
        <SOURCEFIELD BUSINESSNAME ="" DATATYPE ="varchar2" DESCRIPTION ="" FIELDNUMBER ="45" FIELDPROPERTY ="0" FIELDTYPE ="ELEMITEM" HIDDEN ="NO" KEYTYPE ="NOT A KEY" LENGTH ="0" LEVEL ="0" NAME ="INVOICED_QUALITY_CODE" NULLABLE ="NULL" OCCURS ="0" OFFSET ="365" PHYSICALLENGTH ="1" PHYSICALOFFSET ="784" PICTURETEXT ="" PRECISION ="1" SCALE ="0" USAGE_FLAGS =""/>
        <SOURCEFIELD BUSINESSNAME ="" DATATYPE ="varchar2" DESCRIPTION ="" FIELDNUMBER ="46" FIELDPROPERTY ="0" FIELDTYPE ="ELEMITEM" HIDDEN ="NO" KEYTYPE ="NOT A KEY" LENGTH ="0" LEVEL ="0" NAME ="SALES_ORG" NULLABLE ="NULL" OCCURS ="0" OFFSET ="365" PHYSICALLENGTH ="4" PHYSICALOFFSET ="785" PICTURETEXT ="" PRECISION ="4" SCALE ="0" USAGE_FLAGS =""/>
        <SOURCEFIELD BUSINESSNAME ="" DATATYPE ="number(p,s)" DESCRIPTION ="" FIELDNUMBER ="47" FIELDPROPERTY ="0" FIELDTYPE ="ELEMITEM" HIDDEN ="NO" KEYTYPE ="NOT A KEY" LENGTH ="20" LEVEL ="0" NAME ="DOLLARS_LOCAL_CURRENCY" NULLABLE ="NULL" OCCURS ="0" OFFSET ="365" PHYSICALLENGTH ="18" PHYSICALOFFSET ="789" PICTURETEXT ="" PRECISION ="18" SCALE ="6" USAGE_FLAGS =""/>
        <SOURCEFIELD BUSINESSNAME ="" DATATYPE ="number(p,s)" DESCRIPTION ="" FIELDNUMBER ="48" FIELDPROPERTY ="0" FIELDTYPE ="ELEMITEM" HIDDEN ="NO" KEYTYPE ="NOT A KEY" LENGTH ="20" LEVEL ="0" NAME ="ADJ_EXT_CST_DOL_LOCAL_CURRENCY" NULLABLE ="NULL" OCCURS ="0" OFFSET ="385" PHYSICALLENGTH ="18" PHYSICALOFFSET ="807" PICTURETEXT ="" PRECISION ="18" SCALE ="6" USAGE_FLAGS =""/>
        <SOURCEFIELD BUSINESSNAME ="" DATATYPE ="varchar2" DESCRIPTION ="" FIELDNUMBER ="49" FIELDPROPERTY ="0" FIELDTYPE ="ELEMITEM" HIDDEN ="NO" KEYTYPE ="NOT A KEY" LENGTH ="0" LEVEL ="0" NAME ="GL_CURRENCY_CODE" NULLABLE ="NULL" OCCURS ="0" OFFSET ="405" PHYSICALLENGTH ="5" PHYSICALOFFSET ="825" PICTURETEXT ="" PRECISION ="5" SCALE ="0" USAGE_FLAGS =""/>
    </SOURCE>
    <TARGET BUSINESSNAME ="" CONSTRAINT ="" DATABASETYPE ="Oracle" DESCRIPTION ="" NAME ="GROSS_MARGIN_PPK_ARCHIVE" OBJECTVERSION ="1" TABLEOPTIONS ="" VERSIONNUMBER ="1">
        <TARGETFIELD BUSINESSNAME ="" DATATYPE ="number(p,s)" DESCRIPTION ="" FIELDNUMBER ="1" KEYTYPE ="NOT A KEY" NAME ="FISCAL_YEAR" NULLABLE ="NOTNULL" PICTURETEXT ="" PRECISION ="4" SCALE ="0"/>
        <TARGETFIELD BUSINESSNAME ="" DATATYPE ="number(p,s)" DESCRIPTION ="" FIELDNUMBER ="2" KEYTYPE ="NOT A KEY" NAME ="FISCAL_PERIOD" NULLABLE ="NOTNULL" PICTURETEXT ="" PRECISION ="2" SCALE ="0"/>
        <TARGETFIELD BUSINESSNAME ="" DATATYPE ="varchar2" DESCRIPTION ="" FIELDNUMBER ="3" KEYTYPE ="NOT A KEY" NAME ="SLBA_DIVISION_CODE" NULLABLE ="NOTNULL" PICTURETEXT ="" PRECISION ="2" SCALE ="0"/>
        <TARGETFIELD BUSINESSNAME ="" DATATYPE ="date" DESCRIPTION ="" FIELDNUMBER ="4" KEYTYPE ="NOT A KEY" NAME ="INVOICE_DATE" NULLABLE ="NOTNULL" PICTURETEXT ="" PRECISION ="19" SCALE ="0"/>
        <TARGETFIELD BUSINESSNAME ="" DATATYPE ="varchar2" DESCRIPTION ="" FIELDNUMBER ="5" KEYTYPE ="NOT A KEY" NAME ="INVOICE_NUM" NULLABLE ="NOTNULL" PICTURETEXT ="" PRECISION ="11" SCALE ="0"/>
        <TARGETFIELD BUSINESSNAME ="" DATATYPE ="varchar2" DESCRIPTION ="" FIELDNUMBER ="6" KEYTYPE ="NOT A KEY" NAME ="SAP_BILLING_ITEM" NULLABLE ="NOTNULL" PICTURETEXT ="" PRECISION ="6" SCALE ="0"/>
        <TARGETFIELD BUSINESSNAME ="" DATATYPE ="varchar2" DESCRIPTION ="" FIELDNUMBER ="7" KEYTYPE ="NOT A KEY" NAME ="SAP_BILLING_SCH_LINE" NULLABLE ="NOTNULL" PICTURETEXT ="" PRECISION ="4" SCALE ="0"/>
        <TARGETFIELD BUSINESSNAME ="" DATATYPE ="varchar2" DESCRIPTION ="" FIELDNUMBER ="8" KEYTYPE ="NOT A KEY" NAME ="BILLING_COND_TYPE" NULLABLE ="NOTNULL" PICTURETEXT ="" PRECISION ="4" SCALE ="0"/>
        <TARGETFIELD BUSINESSNAME ="" DATATYPE ="varchar2" DESCRIPTION ="" FIELDNUMBER ="9" KEYTYPE ="NOT A KEY" NAME ="SAP_MATERIAL_NUM" NULLABLE ="NOTNULL" PICTURETEXT ="" PRECISION ="18" SCALE ="0"/>
        <TARGETFIELD BUSINESSNAME ="" DATATYPE ="varchar2" DESCRIPTION ="" FIELDNUMBER ="10" KEYTYPE ="NOT A KEY" NAME ="SAP_COMP_MATERIAL_NUM" NULLABLE ="NOTNULL" PICTURETEXT ="" PRECISION ="18" SCALE ="0"/>
        <TARGETFIELD BUSINESSNAME ="" DATATYPE ="varchar2" DESCRIPTION ="" FIELDNUMBER ="11" KEYTYPE ="NOT A KEY" NAME ="SAP_GRID_VALUE" NULLABLE ="NOTNULL" PICTURETEXT ="" PRECISION ="18" SCALE ="0"/>
        <TARGETFIELD BUSINESSNAME ="" DATATYPE ="number(p,s)" DESCRIPTION ="" FIELDNUMBER ="12" KEYTYPE ="NOT A KEY" NAME ="KEY_COUNTER" NULLABLE ="NOTNULL" PICTURETEXT ="" PRECISION ="8" SCALE ="0"/>
        <TARGETFIELD BUSINESSNAME ="" DATATYPE ="varchar2" DESCRIPTION ="" FIELDNUMBER ="13" KEYTYPE ="NOT A KEY" NAME ="ORDER_NUM" NULLABLE ="NULL" PICTURETEXT ="" PRECISION ="20" SCALE ="0"/>
        <TARGETFIELD BUSINESSNAME ="" DATATYPE ="number(p,s)" DESCRIPTION ="" FIELDNUMBER ="14" KEYTYPE ="NOT A KEY" NAME ="ITEM_ID" NULLABLE ="NOTNULL" PICTURETEXT ="" PRECISION ="38" SCALE ="0"/>
        <TARGETFIELD BUSINESSNAME ="" DATATYPE ="number(p,s)" DESCRIPTION ="" FIELDNUMBER ="15" KEYTYPE ="NOT A KEY" NAME ="LEVEL_1_ITEM_ID" NULLABLE ="NOTNULL" PICTURETEXT ="" PRECISION ="38" SCALE ="0"/>
        <TARGETFIELD BUSINESSNAME ="" DATATYPE ="number(p,s)" DESCRIPTION ="" FIELDNUMBER ="16" KEYTYPE ="NOT A KEY" NAME ="LEVEL_2_ITEM_ID" NULLABLE ="NOTNULL" PICTURETEXT ="" PRECISION ="38" SCALE ="0"/>
        <TARGETFIELD BUSINESSNAME ="" DATATYPE ="number(p,s)" DESCRIPTION ="" FIELDNUMBER ="17" KEYTYPE ="NOT A KEY" NAME ="ADJ_EXTENDED_COST_DOLLARS" NULLABLE ="NOTNULL" PICTURETEXT ="" PRECISION ="18" SCALE ="6"/>
        <TARGETFIELD BUSINESSNAME ="" DATATYPE ="date" DESCRIPTION ="" FIELDNUMBER ="18" KEYTYPE ="NOT A KEY" NAME ="AS_OF_DATE" NULLABLE ="NOTNULL" PICTURETEXT ="" PRECISION ="19" SCALE ="0"/>
        <TARGETFIELD BUSINESSNAME ="" DATATYPE ="varchar2" DESCRIPTION ="" FIELDNUMBER ="19" KEYTYPE ="NOT A KEY" NAME ="CHARGE_ALLOWANCE_CODE" NULLABLE ="NULL" PICTURETEXT ="" PRECISION ="4" SCALE ="0"/>
        <TARGETFIELD BUSINESSNAME ="" DATATYPE ="varchar2" DESCRIPTION ="" FIELDNUMBER ="20" KEYTYPE ="NOT A KEY" NAME ="CHARGE_ALLOWANCE_PREFIX_DESC" NULLABLE ="NULL" PICTURETEXT ="" PRECISION ="40" SCALE ="0"/>
        <TARGETFIELD BUSINESSNAME ="" DATATYPE ="varchar2" DESCRIPTION ="" FIELDNUMBER ="21" KEYTYPE ="NOT A KEY" NAME ="DIVISION_GROUP" NULLABLE ="NOTNULL" PICTURETEXT ="" PRECISION ="4" SCALE ="0"/>
        <TARGETFIELD BUSINESSNAME ="" DATATYPE ="number(p,s)" DESCRIPTION ="" FIELDNUMBER ="22" KEYTYPE ="NOT A KEY" NAME ="DOLLARS" NULLABLE ="NOTNULL" PICTURETEXT ="" PRECISION ="18" SCALE ="6"/>
        <TARGETFIELD BUSINESSNAME ="" DATATYPE ="number(p,s)" DESCRIPTION ="" FIELDNUMBER ="23" KEYTYPE ="NOT A KEY" NAME ="DOZENS" NULLABLE ="NOTNULL" PICTURETEXT ="" PRECISION ="15" SCALE ="7"/>
        <TARGETFIELD BUSINESSNAME ="" DATATYPE ="varchar2" DESCRIPTION ="" FIELDNUMBER ="24" KEYTYPE ="NOT A KEY" NAME ="FINADJ_MEASURE_TYPE" NULLABLE ="NULL" PICTURETEXT ="" PRECISION ="15" SCALE ="0"/>
        <TARGETFIELD BUSINESSNAME ="" DATATYPE ="varchar2" DESCRIPTION ="" FIELDNUMBER ="25" KEYTYPE ="NOT A KEY" NAME ="FINADJ_MEASURE_NAME" NULLABLE ="NULL" PICTURETEXT ="" PRECISION ="100" SCALE ="0"/>
        <TARGETFIELD BUSINESSNAME ="" DATATYPE ="number(p,s)" DESCRIPTION ="" FIELDNUMBER ="26" KEYTYPE ="NOT A KEY" NAME ="FISCAL_WEEK" NULLABLE ="NOTNULL" PICTURETEXT ="" PRECISION ="2" SCALE ="0"/>
        <TARGETFIELD BUSINESSNAME ="" DATATYPE ="number(p,s)" DESCRIPTION ="" FIELDNUMBER ="27" KEYTYPE ="NOT A KEY" NAME ="GARMENTS" NULLABLE ="NOTNULL" PICTURETEXT ="" PRECISION ="10" SCALE ="0"/>
        <TARGETFIELD BUSINESSNAME ="" DATATYPE ="varchar2" DESCRIPTION ="" FIELDNUMBER ="28" KEYTYPE ="NOT A KEY" NAME ="GL_ACCT_NUM_1" NULLABLE ="NULL" PICTURETEXT ="" PRECISION ="30" SCALE ="0"/>
        <TARGETFIELD BUSINESSNAME ="" DATATYPE ="varchar2" DESCRIPTION ="" FIELDNUMBER ="29" KEYTYPE ="NOT A KEY" NAME ="GL_ACCT_NUM_2" NULLABLE ="NULL" PICTURETEXT ="" PRECISION ="30" SCALE ="0"/>
        <TARGETFIELD BUSINESSNAME ="" DATATYPE ="varchar2" DESCRIPTION ="" FIELDNUMBER ="30" KEYTYPE ="NOT A KEY" NAME ="GROSS_MARGIN_IND" NULLABLE ="NOTNULL" PICTURETEXT ="" PRECISION ="1" SCALE ="0"/>
        <TARGETFIELD BUSINESSNAME ="" DATATYPE ="date" DESCRIPTION ="" FIELDNUMBER ="31" KEYTYPE ="NOT A KEY" NAME ="REQUESTED_SHIP_DATE" NULLABLE ="NOTNULL" PICTURETEXT ="" PRECISION ="19" SCALE ="0"/>
        <TARGETFIELD BUSINESSNAME ="" DATATYPE ="varchar2" DESCRIPTION ="" FIELDNUMBER ="32" KEYTYPE ="NOT A KEY" NAME ="SOURCE_ACCOUNT_NUM" NULLABLE ="NOTNULL" PICTURETEXT ="" PRECISION ="10" SCALE ="0"/>
        <TARGETFIELD BUSINESSNAME ="" DATATYPE ="number(p,s)" DESCRIPTION ="" FIELDNUMBER ="33" KEYTYPE ="NOT A KEY" NAME ="UNITS" NULLABLE ="NOTNULL" PICTURETEXT ="" PRECISION ="10" SCALE ="0"/>
        <TARGETFIELD BUSINESSNAME ="" DATATYPE ="date" DESCRIPTION ="" FIELDNUMBER ="34" KEYTYPE ="NOT A KEY" NAME ="UPDATE_TIMESTAMP" NULLABLE ="NOTNULL" PICTURETEXT ="" PRECISION ="19" SCALE ="0"/>
        <TARGETFIELD BUSINESSNAME ="" DATATYPE ="varchar2" DESCRIPTION ="" FIELDNUMBER ="35" KEYTYPE ="NOT A KEY" NAME ="UPDATE_USERID" NULLABLE ="NOTNULL" PICTURETEXT ="" PRECISION ="50" SCALE ="0"/>
        <TARGETFIELD BUSINESSNAME ="" DATATYPE ="varchar2" DESCRIPTION ="" FIELDNUMBER ="36" KEYTYPE ="NOT A KEY" NAME ="SALES_MEASURE_NAME" NULLABLE ="NULL" PICTURETEXT ="" PRECISION ="20" SCALE ="0"/>
        <TARGETFIELD BUSINESSNAME ="" DATATYPE ="varchar2" DESCRIPTION ="" FIELDNUMBER ="37" KEYTYPE ="NOT A KEY" NAME ="COST_MEASURE_NAME" NULLABLE ="NULL" PICTURETEXT ="" PRECISION ="20" SCALE ="0"/>
        <TARGETFIELD BUSINESSNAME ="" DATATYPE ="varchar2" DESCRIPTION ="" FIELDNUMBER ="38" KEYTYPE ="NOT A KEY" NAME ="SAP_SOLDTO_CUST" NULLABLE ="NULL" PICTURETEXT ="" PRECISION ="10" SCALE ="0"/>
        <TARGETFIELD BUSINESSNAME ="" DATATYPE ="varchar2" DESCRIPTION ="" FIELDNUMBER ="39" KEYTYPE ="NOT A KEY" NAME ="SAP_SHIPTO_CUST" NULLABLE ="NULL" PICTURETEXT ="" PRECISION ="10" SCALE ="0"/>
        <TARGETFIELD BUSINESSNAME ="" DATATYPE ="varchar2" DESCRIPTION ="" FIELDNUMBER ="40" KEYTYPE ="NOT A KEY" NAME ="SAP_PROFIT_CENTER_NUM" NULLABLE ="NULL" PICTURETEXT ="" PRECISION ="10" SCALE ="0"/>
        <TARGETFIELD BUSINESSNAME ="" DATATYPE ="number(p,s)" DESCRIPTION ="" FIELDNUMBER ="41" KEYTYPE ="NOT A KEY" NAME ="PY_ADJ_EXTENDED_COST_DOLLARS" NULLABLE ="NULL" PICTURETEXT ="" PRECISION ="18" SCALE ="6"/>
        <TARGETFIELD BUSINESSNAME ="" DATATYPE ="number(p,s)" DESCRIPTION ="" FIELDNUMBER ="42" KEYTYPE ="NOT A KEY" NAME ="PY_DOLLARS" NULLABLE ="NULL" PICTURETEXT ="" PRECISION ="18" SCALE ="6"/>
        <TARGETFIELD BUSINESSNAME ="" DATATYPE ="varchar2" DESCRIPTION ="" FIELDNUMBER ="43" KEYTYPE ="NOT A KEY" NAME ="CORE_IND" NULLABLE ="NULL" PICTURETEXT ="" PRECISION ="1" SCALE ="0"/>
        <TARGETFIELD BUSINESSNAME ="" DATATYPE ="number" DESCRIPTION ="" FIELDNUMBER ="44" KEYTYPE ="NOT A KEY" NAME ="DISTRIBUTION_CTR_FACILITY_ID" NULLABLE ="NULL" PICTURETEXT ="" PRECISION ="15" SCALE ="0"/>
        <TARGETFIELD BUSINESSNAME ="" DATATYPE ="varchar2" DESCRIPTION ="" FIELDNUMBER ="45" KEYTYPE ="NOT A KEY" NAME ="INVOICED_QUALITY_CODE" NULLABLE ="NULL" PICTURETEXT ="" PRECISION ="1" SCALE ="0"/>
        <TARGETFIELD BUSINESSNAME ="" DATATYPE ="varchar2" DESCRIPTION ="" FIELDNUMBER ="46" KEYTYPE ="NOT A KEY" NAME ="SALES_ORG" NULLABLE ="NULL" PICTURETEXT ="" PRECISION ="4" SCALE ="0"/>
        <TARGETFIELD BUSINESSNAME ="" DATATYPE ="number(p,s)" DESCRIPTION ="" FIELDNUMBER ="47" KEYTYPE ="NOT A KEY" NAME ="DOLLARS_LOCAL_CURRENCY" NULLABLE ="NULL" PICTURETEXT ="" PRECISION ="18" SCALE ="6"/>
        <TARGETFIELD BUSINESSNAME ="" DATATYPE ="number(p,s)" DESCRIPTION ="" FIELDNUMBER ="48" KEYTYPE ="NOT A KEY" NAME ="ADJ_EXT_CST_DOL_LOCAL_CURRENCY" NULLABLE ="NULL" PICTURETEXT ="" PRECISION ="18" SCALE ="6"/>
        <TARGETFIELD BUSINESSNAME ="" DATATYPE ="varchar2" DESCRIPTION ="" FIELDNUMBER ="49" KEYTYPE ="NOT A KEY" NAME ="GL_CURRENCY_CODE" NULLABLE ="NULL" PICTURETEXT ="" PRECISION ="5" SCALE ="0"/>
    </TARGET>
    <MAPPING DESCRIPTION ="This mapping is used to load the data for archiving from GROSS_MARGIN_PPK to GROSS_MARGIN_PPK_ARCHIVE" ISVALID ="YES" NAME ="m_GROSS_MARGIN_PPK_ARCHIVE" OBJECTVERSION ="1" VERSIONNUMBER ="1">
        <TRANSFORMATION DESCRIPTION ="This source qualifier is used to get the data from source for data older than 2 years" NAME ="SQ_GROSS_MARGIN_PPK" OBJECTVERSION ="1" REUSABLE ="NO" TYPE ="Source Qualifier" VERSIONNUMBER ="1">
            <TRANSFORMFIELD DATATYPE ="decimal" DEFAULTVALUE ="" DESCRIPTION ="" NAME ="FISCAL_YEAR" PICTURETEXT ="" PORTTYPE ="INPUT/OUTPUT" PRECISION ="4" SCALE ="0"/>
            <TRANSFORMFIELD DATATYPE ="decimal" DEFAULTVALUE ="" DESCRIPTION ="" NAME ="FISCAL_PERIOD" PICTURETEXT ="" PORTTYPE ="INPUT/OUTPUT" PRECISION ="2" SCALE ="0"/>
            <TRANSFORMFIELD DATATYPE ="string" DEFAULTVALUE ="" DESCRIPTION ="" NAME ="SLBA_DIVISION_CODE" PICTURETEXT ="" PORTTYPE ="INPUT/OUTPUT" PRECISION ="2" SCALE ="0"/>
            <TRANSFORMFIELD DATATYPE ="date/time" DEFAULTVALUE ="" DESCRIPTION ="" NAME ="INVOICE_DATE" PICTURETEXT ="" PORTTYPE ="INPUT/OUTPUT" PRECISION ="29" SCALE ="9"/>
            <TRANSFORMFIELD DATATYPE ="string" DEFAULTVALUE ="" DESCRIPTION ="" NAME ="INVOICE_NUM" PICTURETEXT ="" PORTTYPE ="INPUT/OUTPUT" PRECISION ="11" SCALE ="0"/>
            <TRANSFORMFIELD DATATYPE ="string" DEFAULTVALUE ="" DESCRIPTION ="" NAME ="SAP_BILLING_ITEM" PICTURETEXT ="" PORTTYPE ="INPUT/OUTPUT" PRECISION ="6" SCALE ="0"/>
            <TRANSFORMFIELD DATATYPE ="string" DEFAULTVALUE ="" DESCRIPTION ="" NAME ="SAP_BILLING_SCH_LINE" PICTURETEXT ="" PORTTYPE ="INPUT/OUTPUT" PRECISION ="4" SCALE ="0"/>
            <TRANSFORMFIELD DATATYPE ="string" DEFAULTVALUE ="" DESCRIPTION ="" NAME ="BILLING_COND_TYPE" PICTURETEXT ="" PORTTYPE ="INPUT/OUTPUT" PRECISION ="4" SCALE ="0"/>
            <TRANSFORMFIELD DATATYPE ="string" DEFAULTVALUE ="" DESCRIPTION ="" NAME ="SAP_MATERIAL_NUM" PICTURETEXT ="" PORTTYPE ="INPUT/OUTPUT" PRECISION ="18" SCALE ="0"/>
            <TRANSFORMFIELD DATATYPE ="string" DEFAULTVALUE ="" DESCRIPTION ="" NAME ="SAP_COMP_MATERIAL_NUM" PICTURETEXT ="" PORTTYPE ="INPUT/OUTPUT" PRECISION ="18" SCALE ="0"/>
            <TRANSFORMFIELD DATATYPE ="string" DEFAULTVALUE ="" DESCRIPTION ="" NAME ="SAP_GRID_VALUE" PICTURETEXT ="" PORTTYPE ="INPUT/OUTPUT" PRECISION ="18" SCALE ="0"/>
            <TRANSFORMFIELD DATATYPE ="decimal" DEFAULTVALUE ="" DESCRIPTION ="" NAME ="KEY_COUNTER" PICTURETEXT ="" PORTTYPE ="INPUT/OUTPUT" PRECISION ="8" SCALE ="0"/>
            <TRANSFORMFIELD DATATYPE ="string" DEFAULTVALUE ="" DESCRIPTION ="" NAME ="ORDER_NUM" PICTURETEXT ="" PORTTYPE ="INPUT/OUTPUT" PRECISION ="20" SCALE ="0"/>
            <TRANSFORMFIELD DATATYPE ="decimal" DEFAULTVALUE ="" DESCRIPTION ="" NAME ="ITEM_ID" PICTURETEXT ="" PORTTYPE ="INPUT/OUTPUT" PRECISION ="38" SCALE ="0"/>
            <TRANSFORMFIELD DATATYPE ="decimal" DEFAULTVALUE ="" DESCRIPTION ="" NAME ="LEVEL_1_ITEM_ID" PICTURETEXT ="" PORTTYPE ="INPUT/OUTPUT" PRECISION ="38" SCALE ="0"/>
            <TRANSFORMFIELD DATATYPE ="decimal" DEFAULTVALUE ="" DESCRIPTION ="" NAME ="LEVEL_2_ITEM_ID" PICTURETEXT ="" PORTTYPE ="INPUT/OUTPUT" PRECISION ="38" SCALE ="0"/>
            <TRANSFORMFIELD DATATYPE ="decimal" DEFAULTVALUE ="" DESCRIPTION ="" NAME ="ADJ_EXTENDED_COST_DOLLARS" PICTURETEXT ="" PORTTYPE ="INPUT/OUTPUT" PRECISION ="18" SCALE ="6"/>
            <TRANSFORMFIELD DATATYPE ="date/time" DEFAULTVALUE ="" DESCRIPTION ="" NAME ="AS_OF_DATE" PICTURETEXT ="" PORTTYPE ="INPUT/OUTPUT" PRECISION ="29" SCALE ="9"/>
            <TRANSFORMFIELD DATATYPE ="string" DEFAULTVALUE ="" DESCRIPTION ="" NAME ="CHARGE_ALLOWANCE_CODE" PICTURETEXT ="" PORTTYPE ="INPUT/OUTPUT" PRECISION ="4" SCALE ="0"/>
            <TRANSFORMFIELD DATATYPE ="string" DEFAULTVALUE ="" DESCRIPTION ="" NAME ="CHARGE_ALLOWANCE_PREFIX_DESC" PICTURETEXT ="" PORTTYPE ="INPUT/OUTPUT" PRECISION ="40" SCALE ="0"/>
            <TRANSFORMFIELD DATATYPE ="string" DEFAULTVALUE ="" DESCRIPTION ="" NAME ="DIVISION_GROUP" PICTURETEXT ="" PORTTYPE ="INPUT/OUTPUT" PRECISION ="4" SCALE ="0"/>
            <TRANSFORMFIELD DATATYPE ="decimal" DEFAULTVALUE ="" DESCRIPTION ="" NAME ="DOLLARS" PICTURETEXT ="" PORTTYPE ="INPUT/OUTPUT" PRECISION ="18" SCALE ="6"/>
            <TRANSFORMFIELD DATATYPE ="decimal" DEFAULTVALUE ="" DESCRIPTION ="" NAME ="DOZENS" PICTURETEXT ="" PORTTYPE ="INPUT/OUTPUT" PRECISION ="15" SCALE ="7"/>
            <TRANSFORMFIELD DATATYPE ="string" DEFAULTVALUE ="" DESCRIPTION ="" NAME ="FINADJ_MEASURE_TYPE" PICTURETEXT ="" PORTTYPE ="INPUT/OUTPUT" PRECISION ="15" SCALE ="0"/>
            <TRANSFORMFIELD DATATYPE ="string" DEFAULTVALUE ="" DESCRIPTION ="" NAME ="FINADJ_MEASURE_NAME" PICTURETEXT ="" PORTTYPE ="INPUT/OUTPUT" PRECISION ="100" SCALE ="0"/>
            <TRANSFORMFIELD DATATYPE ="decimal" DEFAULTVALUE ="" DESCRIPTION ="" NAME ="FISCAL_WEEK" PICTURETEXT ="" PORTTYPE ="INPUT/OUTPUT" PRECISION ="2" SCALE ="0"/>
            <TRANSFORMFIELD DATATYPE ="decimal" DEFAULTVALUE ="" DESCRIPTION ="" NAME ="GARMENTS" PICTURETEXT ="" PORTTYPE ="INPUT/OUTPUT" PRECISION ="10" SCALE ="0"/>
            <TRANSFORMFIELD DATATYPE ="string" DEFAULTVALUE ="" DESCRIPTION ="" NAME ="GL_ACCT_NUM_1" PICTURETEXT ="" PORTTYPE ="INPUT/OUTPUT" PRECISION ="30" SCALE ="0"/>
            <TRANSFORMFIELD DATATYPE ="string" DEFAULTVALUE ="" DESCRIPTION ="" NAME ="GL_ACCT_NUM_2" PICTURETEXT ="" PORTTYPE ="INPUT/OUTPUT" PRECISION ="30" SCALE ="0"/>
            <TRANSFORMFIELD DATATYPE ="string" DEFAULTVALUE ="" DESCRIPTION ="" NAME ="GROSS_MARGIN_IND" PICTURETEXT ="" PORTTYPE ="INPUT/OUTPUT" PRECISION ="1" SCALE ="0"/>
            <TRANSFORMFIELD DATATYPE ="date/time" DEFAULTVALUE ="" DESCRIPTION ="" NAME ="REQUESTED_SHIP_DATE" PICTURETEXT ="" PORTTYPE ="INPUT/OUTPUT" PRECISION ="29" SCALE ="9"/>
            <TRANSFORMFIELD DATATYPE ="string" DEFAULTVALUE ="" DESCRIPTION ="" NAME ="SOURCE_ACCOUNT_NUM" PICTURETEXT ="" PORTTYPE ="INPUT/OUTPUT" PRECISION ="10" SCALE ="0"/>
            <TRANSFORMFIELD DATATYPE ="decimal" DEFAULTVALUE ="" DESCRIPTION ="" NAME ="UNITS" PICTURETEXT ="" PORTTYPE ="INPUT/OUTPUT" PRECISION ="10" SCALE ="0"/>
            <TRANSFORMFIELD DATATYPE ="date/time" DEFAULTVALUE ="" DESCRIPTION ="" NAME ="UPDATE_TIMESTAMP" PICTURETEXT ="" PORTTYPE ="INPUT/OUTPUT" PRECISION ="29" SCALE ="9"/>
            <TRANSFORMFIELD DATATYPE ="string" DEFAULTVALUE ="" DESCRIPTION ="" NAME ="UPDATE_USERID" PICTURETEXT ="" PORTTYPE ="INPUT/OUTPUT" PRECISION ="50" SCALE ="0"/>
            <TRANSFORMFIELD DATATYPE ="string" DEFAULTVALUE ="" DESCRIPTION ="" NAME ="SALES_MEASURE_NAME" PICTURETEXT ="" PORTTYPE ="INPUT/OUTPUT" PRECISION ="20" SCALE ="0"/>
            <TRANSFORMFIELD DATATYPE ="string" DEFAULTVALUE ="" DESCRIPTION ="" NAME ="COST_MEASURE_NAME" PICTURETEXT ="" PORTTYPE ="INPUT/OUTPUT" PRECISION ="20" SCALE ="0"/>
            <TRANSFORMFIELD DATATYPE ="string" DEFAULTVALUE ="" DESCRIPTION ="" NAME ="SAP_SOLDTO_CUST" PICTURETEXT ="" PORTTYPE ="INPUT/OUTPUT" PRECISION ="10" SCALE ="0"/>
            <TRANSFORMFIELD DATATYPE ="string" DEFAULTVALUE ="" DESCRIPTION ="" NAME ="SAP_SHIPTO_CUST" PICTURETEXT ="" PORTTYPE ="INPUT/OUTPUT" PRECISION ="10" SCALE ="0"/>
            <TRANSFORMFIELD DATATYPE ="string" DEFAULTVALUE ="" DESCRIPTION ="" NAME ="SAP_PROFIT_CENTER_NUM" PICTURETEXT ="" PORTTYPE ="INPUT/OUTPUT" PRECISION ="10" SCALE ="0"/>
            <TRANSFORMFIELD DATATYPE ="decimal" DEFAULTVALUE ="" DESCRIPTION ="" NAME ="PY_ADJ_EXTENDED_COST_DOLLARS" PICTURETEXT ="" PORTTYPE ="INPUT/OUTPUT" PRECISION ="18" SCALE ="6"/>
            <TRANSFORMFIELD DATATYPE ="decimal" DEFAULTVALUE ="" DESCRIPTION ="" NAME ="PY_DOLLARS" PICTURETEXT ="" PORTTYPE ="INPUT/OUTPUT" PRECISION ="18" SCALE ="6"/>
            <TRANSFORMFIELD DATATYPE ="string" DEFAULTVALUE ="" DESCRIPTION ="" NAME ="CORE_IND" PICTURETEXT ="" PORTTYPE ="INPUT/OUTPUT" PRECISION ="1" SCALE ="0"/>
            <TRANSFORMFIELD DATATYPE ="double" DEFAULTVALUE ="" DESCRIPTION ="" NAME ="DISTRIBUTION_CTR_FACILITY_ID" PICTURETEXT ="" PORTTYPE ="INPUT/OUTPUT" PRECISION ="15" SCALE ="0"/>
            <TRANSFORMFIELD DATATYPE ="string" DEFAULTVALUE ="" DESCRIPTION ="" NAME ="INVOICED_QUALITY_CODE" PICTURETEXT ="" PORTTYPE ="INPUT/OUTPUT" PRECISION ="1" SCALE ="0"/>
            <TRANSFORMFIELD DATATYPE ="string" DEFAULTVALUE ="" DESCRIPTION ="" NAME ="SALES_ORG" PICTURETEXT ="" PORTTYPE ="INPUT/OUTPUT" PRECISION ="4" SCALE ="0"/>
            <TRANSFORMFIELD DATATYPE ="decimal" DEFAULTVALUE ="" DESCRIPTION ="" NAME ="DOLLARS_LOCAL_CURRENCY" PICTURETEXT ="" PORTTYPE ="INPUT/OUTPUT" PRECISION ="18" SCALE ="6"/>
            <TRANSFORMFIELD DATATYPE ="decimal" DEFAULTVALUE ="" DESCRIPTION ="" NAME ="ADJ_EXT_CST_DOL_LOCAL_CURRENCY" PICTURETEXT ="" PORTTYPE ="INPUT/OUTPUT" PRECISION ="18" SCALE ="6"/>
            <TRANSFORMFIELD DATATYPE ="string" DEFAULTVALUE ="" DESCRIPTION ="" NAME ="GL_CURRENCY_CODE" PICTURETEXT ="" PORTTYPE ="INPUT/OUTPUT" PRECISION ="5" SCALE ="0"/>
            <TABLEATTRIBUTE NAME ="Sql Query" VALUE ="SELECT GROSS_MARGIN_PPK.FISCAL_YEAR, GROSS_MARGIN_PPK.FISCAL_PERIOD, GROSS_MARGIN_PPK.SLBA_DIVISION_CODE, GROSS_MARGIN_PPK.INVOICE_DATE, GROSS_MARGIN_PPK.INVOICE_NUM, GROSS_MARGIN_PPK.SAP_BILLING_ITEM, GROSS_MARGIN_PPK.SAP_BILLING_SCH_LINE, GROSS_MARGIN_PPK.BILLING_COND_TYPE, GROSS_MARGIN_PPK.SAP_MATERIAL_NUM, GROSS_MARGIN_PPK.SAP_COMP_MATERIAL_NUM, GROSS_MARGIN_PPK.SAP_GRID_VALUE, GROSS_MARGIN_PPK.KEY_COUNTER, GROSS_MARGIN_PPK.ORDER_NUM, GROSS_MARGIN_PPK.ITEM_ID, GROSS_MARGIN_PPK.LEVEL_1_ITEM_ID, GROSS_MARGIN_PPK.LEVEL_2_ITEM_ID, GROSS_MARGIN_PPK.ADJ_EXTENDED_COST_DOLLARS, GROSS_MARGIN_PPK.AS_OF_DATE, GROSS_MARGIN_PPK.CHARGE_ALLOWANCE_CODE, GROSS_MARGIN_PPK.CHARGE_ALLOWANCE_PREFIX_DESC, GROSS_MARGIN_PPK.DIVISION_GROUP, GROSS_MARGIN_PPK.DOLLARS, GROSS_MARGIN_PPK.DOZENS, GROSS_MARGIN_PPK.FINADJ_MEASURE_TYPE, GROSS_MARGIN_PPK.FINADJ_MEASURE_NAME, GROSS_MARGIN_PPK.FISCAL_WEEK, GROSS_MARGIN_PPK.GARMENTS, GROSS_MARGIN_PPK.GL_ACCT_NUM_1, GROSS_MARGIN_PPK.GL_ACCT_NUM_2, GROSS_MARGIN_PPK.GROSS_MARGIN_IND, GROSS_MARGIN_PPK.REQUESTED_SHIP_DATE, GROSS_MARGIN_PPK.SOURCE_ACCOUNT_NUM, GROSS_MARGIN_PPK.UNITS, GROSS_MARGIN_PPK.UPDATE_TIMESTAMP, GROSS_MARGIN_PPK.UPDATE_USERID, GROSS_MARGIN_PPK.SALES_MEASURE_NAME, GROSS_MARGIN_PPK.COST_MEASURE_NAME, GROSS_MARGIN_PPK.SAP_SOLDTO_CUST, GROSS_MARGIN_PPK.SAP_SHIPTO_CUST, GROSS_MARGIN_PPK.SAP_PROFIT_CENTER_NUM, GROSS_MARGIN_PPK.PY_ADJ_EXTENDED_COST_DOLLARS, GROSS_MARGIN_PPK.PY_DOLLARS, GROSS_MARGIN_PPK.CORE_IND, GROSS_MARGIN_PPK.DISTRIBUTION_CTR_FACILITY_ID, GROSS_MARGIN_PPK.INVOICED_QUALITY_CODE, GROSS_MARGIN_PPK.SALES_ORG, GROSS_MARGIN_PPK.DOLLARS_LOCAL_CURRENCY, GROSS_MARGIN_PPK.ADJ_EXT_CST_DOL_LOCAL_CURRENCY, GROSS_MARGIN_PPK.GL_CURRENCY_CODE &#xD;&#xA;FROM&#xD;&#xA; GROSS_MARGIN_PPK&#xD;&#xA;where GROSS_MARGIN_PPK.fiscal_year &lt; ( select (to_number(cy_year_yyyy) - 1) from day_dimension where day_date = trunc(sysdate) )"/>
            <TABLEATTRIBUTE NAME ="User Defined Join" VALUE =""/>
            <TABLEATTRIBUTE NAME ="Source Filter" VALUE =""/>
            <TABLEATTRIBUTE NAME ="Number Of Sorted Ports" VALUE ="0"/>
            <TABLEATTRIBUTE NAME ="Tracing Level" VALUE ="Normal"/>
            <TABLEATTRIBUTE NAME ="Select Distinct" VALUE ="NO"/>
            <TABLEATTRIBUTE NAME ="Is Partitionable" VALUE ="NO"/>
            <TABLEATTRIBUTE NAME ="Pre SQL" VALUE =""/>
            <TABLEATTRIBUTE NAME ="Post SQL" VALUE =""/>
            <TABLEATTRIBUTE NAME ="Output is deterministic" VALUE ="NO"/>
            <TABLEATTRIBUTE NAME ="Output is repeatable" VALUE ="Never"/>
        </TRANSFORMATION>
        <INSTANCE DESCRIPTION ="The target table GROSS_MARGIN_PPK_ARCHIVE" NAME ="GROSS_MARGIN_PPK_ARCHIVE" TRANSFORMATION_NAME ="GROSS_MARGIN_PPK_ARCHIVE" TRANSFORMATION_TYPE ="Target Definition" TYPE ="TARGET"/>
        <INSTANCE DBDNAME ="slbadw" DESCRIPTION ="The source table GROSS_MARGIN_PPK" NAME ="GROSS_MARGIN_PPK" TRANSFORMATION_NAME ="GROSS_MARGIN_PPK" TRANSFORMATION_TYPE ="Source Definition" TYPE ="SOURCE"/>
        <INSTANCE DESCRIPTION ="This source qualifier is used to get the data from source for data older than 2 years" NAME ="SQ_GROSS_MARGIN_PPK" REUSABLE ="NO" TRANSFORMATION_NAME ="SQ_GROSS_MARGIN_PPK" TRANSFORMATION_TYPE ="Source Qualifier" TYPE ="TRANSFORMATION">
            <ASSOCIATED_SOURCE_INSTANCE NAME ="GROSS_MARGIN_PPK"/>
        </INSTANCE>
        <CONNECTOR FROMFIELD ="ADJ_EXT_CST_DOL_LOCAL_CURRENCY" FROMINSTANCE ="SQ_GROSS_MARGIN_PPK" FROMINSTANCETYPE ="Source Qualifier" TOFIELD ="ADJ_EXT_CST_DOL_LOCAL_CURRENCY" TOINSTANCE ="GROSS_MARGIN_PPK_ARCHIVE" TOINSTANCETYPE ="Target Definition"/>
        <CONNECTOR FROMFIELD ="GL_CURRENCY_CODE" FROMINSTANCE ="SQ_GROSS_MARGIN_PPK" FROMINSTANCETYPE ="Source Qualifier" TOFIELD ="GL_CURRENCY_CODE" TOINSTANCE ="GROSS_MARGIN_PPK_ARCHIVE" TOINSTANCETYPE ="Target Definition"/>
        <CONNECTOR FROMFIELD ="SALES_MEASURE_NAME" FROMINSTANCE ="SQ_GROSS_MARGIN_PPK" FROMINSTANCETYPE ="Source Qualifier" TOFIELD ="SALES_MEASURE_NAME" TOINSTANCE ="GROSS_MARGIN_PPK_ARCHIVE" TOINSTANCETYPE ="Target Definition"/>
        <CONNECTOR FROMFIELD ="COST_MEASURE_NAME" FROMINSTANCE ="SQ_GROSS_MARGIN_PPK" FROMINSTANCETYPE ="Source Qualifier" TOFIELD ="COST_MEASURE_NAME" TOINSTANCE ="GROSS_MARGIN_PPK_ARCHIVE" TOINSTANCETYPE ="Target Definition"/>
        <CONNECTOR FROMFIELD ="SAP_SOLDTO_CUST" FROMINSTANCE ="SQ_GROSS_MARGIN_PPK" FROMINSTANCETYPE ="Source Qualifier" TOFIELD ="SAP_SOLDTO_CUST" TOINSTANCE ="GROSS_MARGIN_PPK_ARCHIVE" TOINSTANCETYPE ="Target Definition"/>
        <CONNECTOR FROMFIELD ="FISCAL_YEAR" FROMINSTANCE ="SQ_GROSS_MARGIN_PPK" FROMINSTANCETYPE ="Source Qualifier" TOFIELD ="FISCAL_YEAR" TOINSTANCE ="GROSS_MARGIN_PPK_ARCHIVE" TOINSTANCETYPE ="Target Definition"/>
        <CONNECTOR FROMFIELD ="FISCAL_PERIOD" FROMINSTANCE ="SQ_GROSS_MARGIN_PPK" FROMINSTANCETYPE ="Source Qualifier" TOFIELD ="FISCAL_PERIOD" TOINSTANCE ="GROSS_MARGIN_PPK_ARCHIVE" TOINSTANCETYPE ="Target Definition"/>
        <CONNECTOR FROMFIELD ="SLBA_DIVISION_CODE" FROMINSTANCE ="SQ_GROSS_MARGIN_PPK" FROMINSTANCETYPE ="Source Qualifier" TOFIELD ="SLBA_DIVISION_CODE" TOINSTANCE ="GROSS_MARGIN_PPK_ARCHIVE" TOINSTANCETYPE ="Target Definition"/>
        <CONNECTOR FROMFIELD ="INVOICE_DATE" FROMINSTANCE ="SQ_GROSS_MARGIN_PPK" FROMINSTANCETYPE ="Source Qualifier" TOFIELD ="INVOICE_DATE" TOINSTANCE ="GROSS_MARGIN_PPK_ARCHIVE" TOINSTANCETYPE ="Target Definition"/>
        <CONNECTOR FROMFIELD ="INVOICE_NUM" FROMINSTANCE ="SQ_GROSS_MARGIN_PPK" FROMINSTANCETYPE ="Source Qualifier" TOFIELD ="INVOICE_NUM" TOINSTANCE ="GROSS_MARGIN_PPK_ARCHIVE" TOINSTANCETYPE ="Target Definition"/>
        <CONNECTOR FROMFIELD ="SAP_BILLING_ITEM" FROMINSTANCE ="SQ_GROSS_MARGIN_PPK" FROMINSTANCETYPE ="Source Qualifier" TOFIELD ="SAP_BILLING_ITEM" TOINSTANCE ="GROSS_MARGIN_PPK_ARCHIVE" TOINSTANCETYPE ="Target Definition"/>
        <CONNECTOR FROMFIELD ="SAP_BILLING_SCH_LINE" FROMINSTANCE ="SQ_GROSS_MARGIN_PPK" FROMINSTANCETYPE ="Source Qualifier" TOFIELD ="SAP_BILLING_SCH_LINE" TOINSTANCE ="GROSS_MARGIN_PPK_ARCHIVE" TOINSTANCETYPE ="Target Definition"/>
        <CONNECTOR FROMFIELD ="BILLING_COND_TYPE" FROMINSTANCE ="SQ_GROSS_MARGIN_PPK" FROMINSTANCETYPE ="Source Qualifier" TOFIELD ="BILLING_COND_TYPE" TOINSTANCE ="GROSS_MARGIN_PPK_ARCHIVE" TOINSTANCETYPE ="Target Definition"/>
        <CONNECTOR FROMFIELD ="SAP_MATERIAL_NUM" FROMINSTANCE ="SQ_GROSS_MARGIN_PPK" FROMINSTANCETYPE ="Source Qualifier" TOFIELD ="SAP_MATERIAL_NUM" TOINSTANCE ="GROSS_MARGIN_PPK_ARCHIVE" TOINSTANCETYPE ="Target Definition"/>
        <CONNECTOR FROMFIELD ="SAP_COMP_MATERIAL_NUM" FROMINSTANCE ="SQ_GROSS_MARGIN_PPK" FROMINSTANCETYPE ="Source Qualifier" TOFIELD ="SAP_COMP_MATERIAL_NUM" TOINSTANCE ="GROSS_MARGIN_PPK_ARCHIVE" TOINSTANCETYPE ="Target Definition"/>
        <CONNECTOR FROMFIELD ="SAP_GRID_VALUE" FROMINSTANCE ="SQ_GROSS_MARGIN_PPK" FROMINSTANCETYPE ="Source Qualifier" TOFIELD ="SAP_GRID_VALUE" TOINSTANCE ="GROSS_MARGIN_PPK_ARCHIVE" TOINSTANCETYPE ="Target Definition"/>
        <CONNECTOR FROMFIELD ="KEY_COUNTER" FROMINSTANCE ="SQ_GROSS_MARGIN_PPK" FROMINSTANCETYPE ="Source Qualifier" TOFIELD ="KEY_COUNTER" TOINSTANCE ="GROSS_MARGIN_PPK_ARCHIVE" TOINSTANCETYPE ="Target Definition"/>
        <CONNECTOR FROMFIELD ="ORDER_NUM" FROMINSTANCE ="SQ_GROSS_MARGIN_PPK" FROMINSTANCETYPE ="Source Qualifier" TOFIELD ="ORDER_NUM" TOINSTANCE ="GROSS_MARGIN_PPK_ARCHIVE" TOINSTANCETYPE ="Target Definition"/>
        <CONNECTOR FROMFIELD ="ITEM_ID" FROMINSTANCE ="SQ_GROSS_MARGIN_PPK" FROMINSTANCETYPE ="Source Qualifier" TOFIELD ="ITEM_ID" TOINSTANCE ="GROSS_MARGIN_PPK_ARCHIVE" TOINSTANCETYPE ="Target Definition"/>
        <CONNECTOR FROMFIELD ="LEVEL_1_ITEM_ID" FROMINSTANCE ="SQ_GROSS_MARGIN_PPK" FROMINSTANCETYPE ="Source Qualifier" TOFIELD ="LEVEL_1_ITEM_ID" TOINSTANCE ="GROSS_MARGIN_PPK_ARCHIVE" TOINSTANCETYPE ="Target Definition"/>
        <CONNECTOR FROMFIELD ="LEVEL_2_ITEM_ID" FROMINSTANCE ="SQ_GROSS_MARGIN_PPK" FROMINSTANCETYPE ="Source Qualifier" TOFIELD ="LEVEL_2_ITEM_ID" TOINSTANCE ="GROSS_MARGIN_PPK_ARCHIVE" TOINSTANCETYPE ="Target Definition"/>
        <CONNECTOR FROMFIELD ="ADJ_EXTENDED_COST_DOLLARS" FROMINSTANCE ="SQ_GROSS_MARGIN_PPK" FROMINSTANCETYPE ="Source Qualifier" TOFIELD ="ADJ_EXTENDED_COST_DOLLARS" TOINSTANCE ="GROSS_MARGIN_PPK_ARCHIVE" TOINSTANCETYPE ="Target Definition"/>
        <CONNECTOR FROMFIELD ="AS_OF_DATE" FROMINSTANCE ="SQ_GROSS_MARGIN_PPK" FROMINSTANCETYPE ="Source Qualifier" TOFIELD ="AS_OF_DATE" TOINSTANCE ="GROSS_MARGIN_PPK_ARCHIVE" TOINSTANCETYPE ="Target Definition"/>
        <CONNECTOR FROMFIELD ="CHARGE_ALLOWANCE_CODE" FROMINSTANCE ="SQ_GROSS_MARGIN_PPK" FROMINSTANCETYPE ="Source Qualifier" TOFIELD ="CHARGE_ALLOWANCE_CODE" TOINSTANCE ="GROSS_MARGIN_PPK_ARCHIVE" TOINSTANCETYPE ="Target Definition"/>
        <CONNECTOR FROMFIELD ="CHARGE_ALLOWANCE_PREFIX_DESC" FROMINSTANCE ="SQ_GROSS_MARGIN_PPK" FROMINSTANCETYPE ="Source Qualifier" TOFIELD ="CHARGE_ALLOWANCE_PREFIX_DESC" TOINSTANCE ="GROSS_MARGIN_PPK_ARCHIVE" TOINSTANCETYPE ="Target Definition"/>
        <CONNECTOR FROMFIELD ="DIVISION_GROUP" FROMINSTANCE ="SQ_GROSS_MARGIN_PPK" FROMINSTANCETYPE ="Source Qualifier" TOFIELD ="DIVISION_GROUP" TOINSTANCE ="GROSS_MARGIN_PPK_ARCHIVE" TOINSTANCETYPE ="Target Definition"/>
        <CONNECTOR FROMFIELD ="DOLLARS" FROMINSTANCE ="SQ_GROSS_MARGIN_PPK" FROMINSTANCETYPE ="Source Qualifier" TOFIELD ="DOLLARS" TOINSTANCE ="GROSS_MARGIN_PPK_ARCHIVE" TOINSTANCETYPE ="Target Definition"/>
        <CONNECTOR FROMFIELD ="DOZENS" FROMINSTANCE ="SQ_GROSS_MARGIN_PPK" FROMINSTANCETYPE ="Source Qualifier" TOFIELD ="DOZENS" TOINSTANCE ="GROSS_MARGIN_PPK_ARCHIVE" TOINSTANCETYPE ="Target Definition"/>
        <CONNECTOR FROMFIELD ="FINADJ_MEASURE_TYPE" FROMINSTANCE ="SQ_GROSS_MARGIN_PPK" FROMINSTANCETYPE ="Source Qualifier" TOFIELD ="FINADJ_MEASURE_TYPE" TOINSTANCE ="GROSS_MARGIN_PPK_ARCHIVE" TOINSTANCETYPE ="Target Definition"/>
        <CONNECTOR FROMFIELD ="FINADJ_MEASURE_NAME" FROMINSTANCE ="SQ_GROSS_MARGIN_PPK" FROMINSTANCETYPE ="Source Qualifier" TOFIELD ="FINADJ_MEASURE_NAME" TOINSTANCE ="GROSS_MARGIN_PPK_ARCHIVE" TOINSTANCETYPE ="Target Definition"/>
        <CONNECTOR FROMFIELD ="SAP_PROFIT_CENTER_NUM" FROMINSTANCE ="SQ_GROSS_MARGIN_PPK" FROMINSTANCETYPE ="Source Qualifier" TOFIELD ="SAP_PROFIT_CENTER_NUM" TOINSTANCE ="GROSS_MARGIN_PPK_ARCHIVE" TOINSTANCETYPE ="Target Definition"/>
        <CONNECTOR FROMFIELD ="PY_ADJ_EXTENDED_COST_DOLLARS" FROMINSTANCE ="SQ_GROSS_MARGIN_PPK" FROMINSTANCETYPE ="Source Qualifier" TOFIELD ="PY_ADJ_EXTENDED_COST_DOLLARS" TOINSTANCE ="GROSS_MARGIN_PPK_ARCHIVE" TOINSTANCETYPE ="Target Definition"/>
        <CONNECTOR FROMFIELD ="FISCAL_WEEK" FROMINSTANCE ="SQ_GROSS_MARGIN_PPK" FROMINSTANCETYPE ="Source Qualifier" TOFIELD ="FISCAL_WEEK" TOINSTANCE ="GROSS_MARGIN_PPK_ARCHIVE" TOINSTANCETYPE ="Target Definition"/>
        <CONNECTOR FROMFIELD ="GARMENTS" FROMINSTANCE ="SQ_GROSS_MARGIN_PPK" FROMINSTANCETYPE ="Source Qualifier" TOFIELD ="GARMENTS" TOINSTANCE ="GROSS_MARGIN_PPK_ARCHIVE" TOINSTANCETYPE ="Target Definition"/>
        <CONNECTOR FROMFIELD ="GL_ACCT_NUM_1" FROMINSTANCE ="SQ_GROSS_MARGIN_PPK" FROMINSTANCETYPE ="Source Qualifier" TOFIELD ="GL_ACCT_NUM_1" TOINSTANCE ="GROSS_MARGIN_PPK_ARCHIVE" TOINSTANCETYPE ="Target Definition"/>
        <CONNECTOR FROMFIELD ="GL_ACCT_NUM_2" FROMINSTANCE ="SQ_GROSS_MARGIN_PPK" FROMINSTANCETYPE ="Source Qualifier" TOFIELD ="GL_ACCT_NUM_2" TOINSTANCE ="GROSS_MARGIN_PPK_ARCHIVE" TOINSTANCETYPE ="Target Definition"/>
        <CONNECTOR FROMFIELD ="GROSS_MARGIN_IND" FROMINSTANCE ="SQ_GROSS_MARGIN_PPK" FROMINSTANCETYPE ="Source Qualifier" TOFIELD ="GROSS_MARGIN_IND" TOINSTANCE ="GROSS_MARGIN_PPK_ARCHIVE" TOINSTANCETYPE ="Target Definition"/>
        <CONNECTOR FROMFIELD ="REQUESTED_SHIP_DATE" FROMINSTANCE ="SQ_GROSS_MARGIN_PPK" FROMINSTANCETYPE ="Source Qualifier" TOFIELD ="REQUESTED_SHIP_DATE" TOINSTANCE ="GROSS_MARGIN_PPK_ARCHIVE" TOINSTANCETYPE ="Target Definition"/>
        <CONNECTOR FROMFIELD ="SOURCE_ACCOUNT_NUM" FROMINSTANCE ="SQ_GROSS_MARGIN_PPK" FROMINSTANCETYPE ="Source Qualifier" TOFIELD ="SOURCE_ACCOUNT_NUM" TOINSTANCE ="GROSS_MARGIN_PPK_ARCHIVE" TOINSTANCETYPE ="Target Definition"/>
        <CONNECTOR FROMFIELD ="UNITS" FROMINSTANCE ="SQ_GROSS_MARGIN_PPK" FROMINSTANCETYPE ="Source Qualifier" TOFIELD ="UNITS" TOINSTANCE ="GROSS_MARGIN_PPK_ARCHIVE" TOINSTANCETYPE ="Target Definition"/>
        <CONNECTOR FROMFIELD ="UPDATE_TIMESTAMP" FROMINSTANCE ="SQ_GROSS_MARGIN_PPK" FROMINSTANCETYPE ="Source Qualifier" TOFIELD ="UPDATE_TIMESTAMP" TOINSTANCE ="GROSS_MARGIN_PPK_ARCHIVE" TOINSTANCETYPE ="Target Definition"/>
        <CONNECTOR FROMFIELD ="UPDATE_USERID" FROMINSTANCE ="SQ_GROSS_MARGIN_PPK" FROMINSTANCETYPE ="Source Qualifier" TOFIELD ="UPDATE_USERID" TOINSTANCE ="GROSS_MARGIN_PPK_ARCHIVE" TOINSTANCETYPE ="Target Definition"/>
        <CONNECTOR FROMFIELD ="SAP_SHIPTO_CUST" FROMINSTANCE ="SQ_GROSS_MARGIN_PPK" FROMINSTANCETYPE ="Source Qualifier" TOFIELD ="SAP_SHIPTO_CUST" TOINSTANCE ="GROSS_MARGIN_PPK_ARCHIVE" TOINSTANCETYPE ="Target Definition"/>
        <CONNECTOR FROMFIELD ="PY_DOLLARS" FROMINSTANCE ="SQ_GROSS_MARGIN_PPK" FROMINSTANCETYPE ="Source Qualifier" TOFIELD ="PY_DOLLARS" TOINSTANCE ="GROSS_MARGIN_PPK_ARCHIVE" TOINSTANCETYPE ="Target Definition"/>
        <CONNECTOR FROMFIELD ="CORE_IND" FROMINSTANCE ="SQ_GROSS_MARGIN_PPK" FROMINSTANCETYPE ="Source Qualifier" TOFIELD ="CORE_IND" TOINSTANCE ="GROSS_MARGIN_PPK_ARCHIVE" TOINSTANCETYPE ="Target Definition"/>
        <CONNECTOR FROMFIELD ="DISTRIBUTION_CTR_FACILITY_ID" FROMINSTANCE ="SQ_GROSS_MARGIN_PPK" FROMINSTANCETYPE ="Source Qualifier" TOFIELD ="DISTRIBUTION_CTR_FACILITY_ID" TOINSTANCE ="GROSS_MARGIN_PPK_ARCHIVE" TOINSTANCETYPE ="Target Definition"/>
        <CONNECTOR FROMFIELD ="INVOICED_QUALITY_CODE" FROMINSTANCE ="SQ_GROSS_MARGIN_PPK" FROMINSTANCETYPE ="Source Qualifier" TOFIELD ="INVOICED_QUALITY_CODE" TOINSTANCE ="GROSS_MARGIN_PPK_ARCHIVE" TOINSTANCETYPE ="Target Definition"/>
        <CONNECTOR FROMFIELD ="SALES_ORG" FROMINSTANCE ="SQ_GROSS_MARGIN_PPK" FROMINSTANCETYPE ="Source Qualifier" TOFIELD ="SALES_ORG" TOINSTANCE ="GROSS_MARGIN_PPK_ARCHIVE" TOINSTANCETYPE ="Target Definition"/>
        <CONNECTOR FROMFIELD ="DOLLARS_LOCAL_CURRENCY" FROMINSTANCE ="SQ_GROSS_MARGIN_PPK" FROMINSTANCETYPE ="Source Qualifier" TOFIELD ="DOLLARS_LOCAL_CURRENCY" TOINSTANCE ="GROSS_MARGIN_PPK_ARCHIVE" TOINSTANCETYPE ="Target Definition"/>
        <CONNECTOR FROMFIELD ="FISCAL_YEAR" FROMINSTANCE ="GROSS_MARGIN_PPK" FROMINSTANCETYPE ="Source Definition" TOFIELD ="FISCAL_YEAR" TOINSTANCE ="SQ_GROSS_MARGIN_PPK" TOINSTANCETYPE ="Source Qualifier"/>
        <CONNECTOR FROMFIELD ="FISCAL_PERIOD" FROMINSTANCE ="GROSS_MARGIN_PPK" FROMINSTANCETYPE ="Source Definition" TOFIELD ="FISCAL_PERIOD" TOINSTANCE ="SQ_GROSS_MARGIN_PPK" TOINSTANCETYPE ="Source Qualifier"/>
        <CONNECTOR FROMFIELD ="SLBA_DIVISION_CODE" FROMINSTANCE ="GROSS_MARGIN_PPK" FROMINSTANCETYPE ="Source Definition" TOFIELD ="SLBA_DIVISION_CODE" TOINSTANCE ="SQ_GROSS_MARGIN_PPK" TOINSTANCETYPE ="Source Qualifier"/>
        <CONNECTOR FROMFIELD ="INVOICE_DATE" FROMINSTANCE ="GROSS_MARGIN_PPK" FROMINSTANCETYPE ="Source Definition" TOFIELD ="INVOICE_DATE" TOINSTANCE ="SQ_GROSS_MARGIN_PPK" TOINSTANCETYPE ="Source Qualifier"/>
        <CONNECTOR FROMFIELD ="INVOICE_NUM" FROMINSTANCE ="GROSS_MARGIN_PPK" FROMINSTANCETYPE ="Source Definition" TOFIELD ="INVOICE_NUM" TOINSTANCE ="SQ_GROSS_MARGIN_PPK" TOINSTANCETYPE ="Source Qualifier"/>
        <CONNECTOR FROMFIELD ="SAP_BILLING_ITEM" FROMINSTANCE ="GROSS_MARGIN_PPK" FROMINSTANCETYPE ="Source Definition" TOFIELD ="SAP_BILLING_ITEM" TOINSTANCE ="SQ_GROSS_MARGIN_PPK" TOINSTANCETYPE ="Source Qualifier"/>
        <CONNECTOR FROMFIELD ="SAP_BILLING_SCH_LINE" FROMINSTANCE ="GROSS_MARGIN_PPK" FROMINSTANCETYPE ="Source Definition" TOFIELD ="SAP_BILLING_SCH_LINE" TOINSTANCE ="SQ_GROSS_MARGIN_PPK" TOINSTANCETYPE ="Source Qualifier"/>
        <CONNECTOR FROMFIELD ="BILLING_COND_TYPE" FROMINSTANCE ="GROSS_MARGIN_PPK" FROMINSTANCETYPE ="Source Definition" TOFIELD ="BILLING_COND_TYPE" TOINSTANCE ="SQ_GROSS_MARGIN_PPK" TOINSTANCETYPE ="Source Qualifier"/>
        <CONNECTOR FROMFIELD ="SAP_MATERIAL_NUM" FROMINSTANCE ="GROSS_MARGIN_PPK" FROMINSTANCETYPE ="Source Definition" TOFIELD ="SAP_MATERIAL_NUM" TOINSTANCE ="SQ_GROSS_MARGIN_PPK" TOINSTANCETYPE ="Source Qualifier"/>
        <CONNECTOR FROMFIELD ="SAP_COMP_MATERIAL_NUM" FROMINSTANCE ="GROSS_MARGIN_PPK" FROMINSTANCETYPE ="Source Definition" TOFIELD ="SAP_COMP_MATERIAL_NUM" TOINSTANCE ="SQ_GROSS_MARGIN_PPK" TOINSTANCETYPE ="Source Qualifier"/>
        <CONNECTOR FROMFIELD ="SAP_GRID_VALUE" FROMINSTANCE ="GROSS_MARGIN_PPK" FROMINSTANCETYPE ="Source Definition" TOFIELD ="SAP_GRID_VALUE" TOINSTANCE ="SQ_GROSS_MARGIN_PPK" TOINSTANCETYPE ="Source Qualifier"/>
        <CONNECTOR FROMFIELD ="KEY_COUNTER" FROMINSTANCE ="GROSS_MARGIN_PPK" FROMINSTANCETYPE ="Source Definition" TOFIELD ="KEY_COUNTER" TOINSTANCE ="SQ_GROSS_MARGIN_PPK" TOINSTANCETYPE ="Source Qualifier"/>
        <CONNECTOR FROMFIELD ="ORDER_NUM" FROMINSTANCE ="GROSS_MARGIN_PPK" FROMINSTANCETYPE ="Source Definition" TOFIELD ="ORDER_NUM" TOINSTANCE ="SQ_GROSS_MARGIN_PPK" TOINSTANCETYPE ="Source Qualifier"/>
        <CONNECTOR FROMFIELD ="ITEM_ID" FROMINSTANCE ="GROSS_MARGIN_PPK" FROMINSTANCETYPE ="Source Definition" TOFIELD ="ITEM_ID" TOINSTANCE ="SQ_GROSS_MARGIN_PPK" TOINSTANCETYPE ="Source Qualifier"/>
        <CONNECTOR FROMFIELD ="LEVEL_1_ITEM_ID" FROMINSTANCE ="GROSS_MARGIN_PPK" FROMINSTANCETYPE ="Source Definition" TOFIELD ="LEVEL_1_ITEM_ID" TOINSTANCE ="SQ_GROSS_MARGIN_PPK" TOINSTANCETYPE ="Source Qualifier"/>
        <CONNECTOR FROMFIELD ="LEVEL_2_ITEM_ID" FROMINSTANCE ="GROSS_MARGIN_PPK" FROMINSTANCETYPE ="Source Definition" TOFIELD ="LEVEL_2_ITEM_ID" TOINSTANCE ="SQ_GROSS_MARGIN_PPK" TOINSTANCETYPE ="Source Qualifier"/>
        <CONNECTOR FROMFIELD ="ADJ_EXTENDED_COST_DOLLARS" FROMINSTANCE ="GROSS_MARGIN_PPK" FROMINSTANCETYPE ="Source Definition" TOFIELD ="ADJ_EXTENDED_COST_DOLLARS" TOINSTANCE ="SQ_GROSS_MARGIN_PPK" TOINSTANCETYPE ="Source Qualifier"/>
        <CONNECTOR FROMFIELD ="AS_OF_DATE" FROMINSTANCE ="GROSS_MARGIN_PPK" FROMINSTANCETYPE ="Source Definition" TOFIELD ="AS_OF_DATE" TOINSTANCE ="SQ_GROSS_MARGIN_PPK" TOINSTANCETYPE ="Source Qualifier"/>
        <CONNECTOR FROMFIELD ="CHARGE_ALLOWANCE_CODE" FROMINSTANCE ="GROSS_MARGIN_PPK" FROMINSTANCETYPE ="Source Definition" TOFIELD ="CHARGE_ALLOWANCE_CODE" TOINSTANCE ="SQ_GROSS_MARGIN_PPK" TOINSTANCETYPE ="Source Qualifier"/>
        <CONNECTOR FROMFIELD ="CHARGE_ALLOWANCE_PREFIX_DESC" FROMINSTANCE ="GROSS_MARGIN_PPK" FROMINSTANCETYPE ="Source Definition" TOFIELD ="CHARGE_ALLOWANCE_PREFIX_DESC" TOINSTANCE ="SQ_GROSS_MARGIN_PPK" TOINSTANCETYPE ="Source Qualifier"/>
        <CONNECTOR FROMFIELD ="DIVISION_GROUP" FROMINSTANCE ="GROSS_MARGIN_PPK" FROMINSTANCETYPE ="Source Definition" TOFIELD ="DIVISION_GROUP" TOINSTANCE ="SQ_GROSS_MARGIN_PPK" TOINSTANCETYPE ="Source Qualifier"/>
        <CONNECTOR FROMFIELD ="DOLLARS" FROMINSTANCE ="GROSS_MARGIN_PPK" FROMINSTANCETYPE ="Source Definition" TOFIELD ="DOLLARS" TOINSTANCE ="SQ_GROSS_MARGIN_PPK" TOINSTANCETYPE ="Source Qualifier"/>
        <CONNECTOR FROMFIELD ="DOZENS" FROMINSTANCE ="GROSS_MARGIN_PPK" FROMINSTANCETYPE ="Source Definition" TOFIELD ="DOZENS" TOINSTANCE ="SQ_GROSS_MARGIN_PPK" TOINSTANCETYPE ="Source Qualifier"/>
        <CONNECTOR FROMFIELD ="FINADJ_MEASURE_TYPE" FROMINSTANCE ="GROSS_MARGIN_PPK" FROMINSTANCETYPE ="Source Definition" TOFIELD ="FINADJ_MEASURE_TYPE" TOINSTANCE ="SQ_GROSS_MARGIN_PPK" TOINSTANCETYPE ="Source Qualifier"/>
        <CONNECTOR FROMFIELD ="FINADJ_MEASURE_NAME" FROMINSTANCE ="GROSS_MARGIN_PPK" FROMINSTANCETYPE ="Source Definition" TOFIELD ="FINADJ_MEASURE_NAME" TOINSTANCE ="SQ_GROSS_MARGIN_PPK" TOINSTANCETYPE ="Source Qualifier"/>
        <CONNECTOR FROMFIELD ="FISCAL_WEEK" FROMINSTANCE ="GROSS_MARGIN_PPK" FROMINSTANCETYPE ="Source Definition" TOFIELD ="FISCAL_WEEK" TOINSTANCE ="SQ_GROSS_MARGIN_PPK" TOINSTANCETYPE ="Source Qualifier"/>
        <CONNECTOR FROMFIELD ="GARMENTS" FROMINSTANCE ="GROSS_MARGIN_PPK" FROMINSTANCETYPE ="Source Definition" TOFIELD ="GARMENTS" TOINSTANCE ="SQ_GROSS_MARGIN_PPK" TOINSTANCETYPE ="Source Qualifier"/>
        <CONNECTOR FROMFIELD ="GL_ACCT_NUM_1" FROMINSTANCE ="GROSS_MARGIN_PPK" FROMINSTANCETYPE ="Source Definition" TOFIELD ="GL_ACCT_NUM_1" TOINSTANCE ="SQ_GROSS_MARGIN_PPK" TOINSTANCETYPE ="Source Qualifier"/>
        <CONNECTOR FROMFIELD ="GL_ACCT_NUM_2" FROMINSTANCE ="GROSS_MARGIN_PPK" FROMINSTANCETYPE ="Source Definition" TOFIELD ="GL_ACCT_NUM_2" TOINSTANCE ="SQ_GROSS_MARGIN_PPK" TOINSTANCETYPE ="Source Qualifier"/>
        <CONNECTOR FROMFIELD ="GROSS_MARGIN_IND" FROMINSTANCE ="GROSS_MARGIN_PPK" FROMINSTANCETYPE ="Source Definition" TOFIELD ="GROSS_MARGIN_IND" TOINSTANCE ="SQ_GROSS_MARGIN_PPK" TOINSTANCETYPE ="Source Qualifier"/>
        <CONNECTOR FROMFIELD ="REQUESTED_SHIP_DATE" FROMINSTANCE ="GROSS_MARGIN_PPK" FROMINSTANCETYPE ="Source Definition" TOFIELD ="REQUESTED_SHIP_DATE" TOINSTANCE ="SQ_GROSS_MARGIN_PPK" TOINSTANCETYPE ="Source Qualifier"/>
        <CONNECTOR FROMFIELD ="SOURCE_ACCOUNT_NUM" FROMINSTANCE ="GROSS_MARGIN_PPK" FROMINSTANCETYPE ="Source Definition" TOFIELD ="SOURCE_ACCOUNT_NUM" TOINSTANCE ="SQ_GROSS_MARGIN_PPK" TOINSTANCETYPE ="Source Qualifier"/>
        <CONNECTOR FROMFIELD ="UNITS" FROMINSTANCE ="GROSS_MARGIN_PPK" FROMINSTANCETYPE ="Source Definition" TOFIELD ="UNITS" TOINSTANCE ="SQ_GROSS_MARGIN_PPK" TOINSTANCETYPE ="Source Qualifier"/>
        <CONNECTOR FROMFIELD ="UPDATE_TIMESTAMP" FROMINSTANCE ="GROSS_MARGIN_PPK" FROMINSTANCETYPE ="Source Definition" TOFIELD ="UPDATE_TIMESTAMP" TOINSTANCE ="SQ_GROSS_MARGIN_PPK" TOINSTANCETYPE ="Source Qualifier"/>
        <CONNECTOR FROMFIELD ="UPDATE_USERID" FROMINSTANCE ="GROSS_MARGIN_PPK" FROMINSTANCETYPE ="Source Definition" TOFIELD ="UPDATE_USERID" TOINSTANCE ="SQ_GROSS_MARGIN_PPK" TOINSTANCETYPE ="Source Qualifier"/>
        <CONNECTOR FROMFIELD ="SALES_MEASURE_NAME" FROMINSTANCE ="GROSS_MARGIN_PPK" FROMINSTANCETYPE ="Source Definition" TOFIELD ="SALES_MEASURE_NAME" TOINSTANCE ="SQ_GROSS_MARGIN_PPK" TOINSTANCETYPE ="Source Qualifier"/>
        <CONNECTOR FROMFIELD ="COST_MEASURE_NAME" FROMINSTANCE ="GROSS_MARGIN_PPK" FROMINSTANCETYPE ="Source Definition" TOFIELD ="COST_MEASURE_NAME" TOINSTANCE ="SQ_GROSS_MARGIN_PPK" TOINSTANCETYPE ="Source Qualifier"/>
        <CONNECTOR FROMFIELD ="SAP_SOLDTO_CUST" FROMINSTANCE ="GROSS_MARGIN_PPK" FROMINSTANCETYPE ="Source Definition" TOFIELD ="SAP_SOLDTO_CUST" TOINSTANCE ="SQ_GROSS_MARGIN_PPK" TOINSTANCETYPE ="Source Qualifier"/>
        <CONNECTOR FROMFIELD ="SAP_SHIPTO_CUST" FROMINSTANCE ="GROSS_MARGIN_PPK" FROMINSTANCETYPE ="Source Definition" TOFIELD ="SAP_SHIPTO_CUST" TOINSTANCE ="SQ_GROSS_MARGIN_PPK" TOINSTANCETYPE ="Source Qualifier"/>
        <CONNECTOR FROMFIELD ="SAP_PROFIT_CENTER_NUM" FROMINSTANCE ="GROSS_MARGIN_PPK" FROMINSTANCETYPE ="Source Definition" TOFIELD ="SAP_PROFIT_CENTER_NUM" TOINSTANCE ="SQ_GROSS_MARGIN_PPK" TOINSTANCETYPE ="Source Qualifier"/>
        <CONNECTOR FROMFIELD ="PY_ADJ_EXTENDED_COST_DOLLARS" FROMINSTANCE ="GROSS_MARGIN_PPK" FROMINSTANCETYPE ="Source Definition" TOFIELD ="PY_ADJ_EXTENDED_COST_DOLLARS" TOINSTANCE ="SQ_GROSS_MARGIN_PPK" TOINSTANCETYPE ="Source Qualifier"/>
        <CONNECTOR FROMFIELD ="PY_DOLLARS" FROMINSTANCE ="GROSS_MARGIN_PPK" FROMINSTANCETYPE ="Source Definition" TOFIELD ="PY_DOLLARS" TOINSTANCE ="SQ_GROSS_MARGIN_PPK" TOINSTANCETYPE ="Source Qualifier"/>
        <CONNECTOR FROMFIELD ="CORE_IND" FROMINSTANCE ="GROSS_MARGIN_PPK" FROMINSTANCETYPE ="Source Definition" TOFIELD ="CORE_IND" TOINSTANCE ="SQ_GROSS_MARGIN_PPK" TOINSTANCETYPE ="Source Qualifier"/>
        <CONNECTOR FROMFIELD ="DISTRIBUTION_CTR_FACILITY_ID" FROMINSTANCE ="GROSS_MARGIN_PPK" FROMINSTANCETYPE ="Source Definition" TOFIELD ="DISTRIBUTION_CTR_FACILITY_ID" TOINSTANCE ="SQ_GROSS_MARGIN_PPK" TOINSTANCETYPE ="Source Qualifier"/>
        <CONNECTOR FROMFIELD ="INVOICED_QUALITY_CODE" FROMINSTANCE ="GROSS_MARGIN_PPK" FROMINSTANCETYPE ="Source Definition" TOFIELD ="INVOICED_QUALITY_CODE" TOINSTANCE ="SQ_GROSS_MARGIN_PPK" TOINSTANCETYPE ="Source Qualifier"/>
        <CONNECTOR FROMFIELD ="SALES_ORG" FROMINSTANCE ="GROSS_MARGIN_PPK" FROMINSTANCETYPE ="Source Definition" TOFIELD ="SALES_ORG" TOINSTANCE ="SQ_GROSS_MARGIN_PPK" TOINSTANCETYPE ="Source Qualifier"/>
        <CONNECTOR FROMFIELD ="DOLLARS_LOCAL_CURRENCY" FROMINSTANCE ="GROSS_MARGIN_PPK" FROMINSTANCETYPE ="Source Definition" TOFIELD ="DOLLARS_LOCAL_CURRENCY" TOINSTANCE ="SQ_GROSS_MARGIN_PPK" TOINSTANCETYPE ="Source Qualifier"/>
        <CONNECTOR FROMFIELD ="ADJ_EXT_CST_DOL_LOCAL_CURRENCY" FROMINSTANCE ="GROSS_MARGIN_PPK" FROMINSTANCETYPE ="Source Definition" TOFIELD ="ADJ_EXT_CST_DOL_LOCAL_CURRENCY" TOINSTANCE ="SQ_GROSS_MARGIN_PPK" TOINSTANCETYPE ="Source Qualifier"/>
        <CONNECTOR FROMFIELD ="GL_CURRENCY_CODE" FROMINSTANCE ="GROSS_MARGIN_PPK" FROMINSTANCETYPE ="Source Definition" TOFIELD ="GL_CURRENCY_CODE" TOINSTANCE ="SQ_GROSS_MARGIN_PPK" TOINSTANCETYPE ="Source Qualifier"/>
        <TARGETLOADORDER ORDER ="1" TARGETINSTANCE ="GROSS_MARGIN_PPK_ARCHIVE"/>
        <ERPINFO/>
        <METADATAEXTENSION DATATYPE ="STRING" DESCRIPTION ="Conversion Mapping Name with version " DOMAINNAME ="User Defined Metadata Domain" ISCLIENTEDITABLE ="YES" ISCLIENTVISIBLE ="YES" ISREUSABLE ="NO" ISSHAREREAD ="NO" ISSHAREWRITE ="NO" MAXLENGTH ="256" NAME ="CONV_MAP_NAME" VALUE ="SAP PrePack Invoices v21.0" VENDORNAME ="INFORMATICA"/>
    </MAPPING>
    <CONFIG DESCRIPTION ="Default session configuration object" ISDEFAULT ="YES" NAME ="default_session_config" VERSIONNUMBER ="1">
        <ATTRIBUTE NAME ="Advanced" VALUE =""/>
        <ATTRIBUTE NAME ="Constraint based load ordering" VALUE ="NO"/>
        <ATTRIBUTE NAME ="Cache LOOKUP() function" VALUE ="YES"/>
        <ATTRIBUTE NAME ="Default buffer block size" VALUE ="Auto"/>
        <ATTRIBUTE NAME ="Line Sequential buffer length" VALUE ="1024"/>
        <ATTRIBUTE NAME ="Maximum Memory Allowed For Auto Memory Attributes" VALUE ="512MB"/>
        <ATTRIBUTE NAME ="Maximum Percentage of Total Memory Allowed For Auto Memory Attributes" VALUE ="5"/>
        <ATTRIBUTE NAME ="Additional Concurrent Pipelines for Lookup Cache Creation" VALUE ="Auto"/>
        <ATTRIBUTE NAME ="Custom Properties" VALUE =""/>
        <ATTRIBUTE NAME ="Pre-build lookup cache" VALUE ="Auto"/>
        <ATTRIBUTE NAME ="Optimization Level" VALUE ="Medium"/>
        <ATTRIBUTE NAME ="DateTime Format String" VALUE ="MM/DD/YYYY HH24:MI:SS.US"/>
        <ATTRIBUTE NAME ="Pre 85 Timestamp Compatibility" VALUE ="NO"/>
        <ATTRIBUTE NAME ="Log Options" VALUE ="0"/>
        <ATTRIBUTE NAME ="Save session log by" VALUE ="Session runs"/>
        <ATTRIBUTE NAME ="Save session log for these runs" VALUE ="9"/>
        <ATTRIBUTE NAME ="Session Log File Max Size" VALUE ="0"/>
        <ATTRIBUTE NAME ="Session Log File Max Time Period" VALUE ="0"/>
        <ATTRIBUTE NAME ="Maximum Partial Session Log Files" VALUE ="1"/>
        <ATTRIBUTE NAME ="Writer Commit Statistics Log Frequency" VALUE ="1"/>
        <ATTRIBUTE NAME ="Writer Commit Statistics Log Interval" VALUE ="0"/>
        <ATTRIBUTE NAME ="Error handling" VALUE =""/>
        <ATTRIBUTE NAME ="Stop on errors" VALUE ="1"/>
        <ATTRIBUTE NAME ="Override tracing" VALUE ="None"/>
        <ATTRIBUTE NAME ="On Stored Procedure error" VALUE ="Stop"/>
        <ATTRIBUTE NAME ="On Pre-session command task error" VALUE ="Stop"/>
        <ATTRIBUTE NAME ="On Pre-Post SQL error" VALUE ="Stop"/>
        <ATTRIBUTE NAME ="Enable Recovery" VALUE ="NO"/>
        <ATTRIBUTE NAME ="Error Log Type" VALUE ="None"/>
        <ATTRIBUTE NAME ="Error Log Table Name Prefix" VALUE =""/>
        <ATTRIBUTE NAME ="Error Log File Name" VALUE ="PMError.log"/>
        <ATTRIBUTE NAME ="Log Source Row Data" VALUE ="NO"/>
        <ATTRIBUTE NAME ="Data Column Delimiter" VALUE ="|"/>
        <ATTRIBUTE NAME ="Partitioning Options" VALUE =""/>
        <ATTRIBUTE NAME ="Dynamic Partitioning" VALUE ="Disabled"/>
        <ATTRIBUTE NAME ="Number of Partitions" VALUE ="1"/>
        <ATTRIBUTE NAME ="Multiplication Factor" VALUE ="Auto"/>
        <ATTRIBUTE NAME ="Session on Grid" VALUE =""/>
        <ATTRIBUTE NAME ="Is Enabled" VALUE ="NO"/>
    </CONFIG>
    <SESSION DESCRIPTION ="This session is used to load the data for archiving from GROSS_MARGIN_PPK to GROSS_MARGIN_PPK_ARCHIVE" ISVALID ="YES" MAPPINGNAME ="m_GROSS_MARGIN_PPK_ARCHIVE" NAME ="s_m_GROSS_MARGIN_PPK_ARCHIVE" REUSABLE ="YES" SORTORDER ="Binary" VERSIONNUMBER ="1">
        <SESSTRANSFORMATIONINST ISREPARTITIONPOINT ="YES" PARTITIONTYPE ="PASS THROUGH" PIPELINE ="1" SINSTANCENAME ="GROSS_MARGIN_PPK_ARCHIVE" STAGE ="1" TRANSFORMATIONNAME ="GROSS_MARGIN_PPK_ARCHIVE" TRANSFORMATIONTYPE ="Target Definition">
            <ATTRIBUTE NAME ="Table Name Prefix" VALUE ="SLBA"/>
            <ATTRIBUTE NAME ="Post SQL" VALUE ="Delete from gross_margin_ppk where fiscal_year &lt; ( select (to_number(cy_year_yyyy) - 1) from day_dimension where day_date = trunc(sysdate) ) ;"/>
        </SESSTRANSFORMATIONINST>
        <SESSTRANSFORMATIONINST ISREPARTITIONPOINT ="NO" PIPELINE ="0" SINSTANCENAME ="GROSS_MARGIN_PPK" STAGE ="0" TRANSFORMATIONNAME ="GROSS_MARGIN_PPK" TRANSFORMATIONTYPE ="Source Definition"/>
        <SESSTRANSFORMATIONINST ISREPARTITIONPOINT ="YES" PARTITIONTYPE ="PASS THROUGH" PIPELINE ="1" SINSTANCENAME ="SQ_GROSS_MARGIN_PPK" STAGE ="2" TRANSFORMATIONNAME ="SQ_GROSS_MARGIN_PPK" TRANSFORMATIONTYPE ="Source Qualifier"/>
        <CONFIGREFERENCE REFOBJECTNAME ="default_session_config" TYPE ="Session config">
            <ATTRIBUTE NAME ="Save session log for these runs" VALUE ="9"/>
            <ATTRIBUTE NAME ="Stop on errors" VALUE ="1"/>
        </CONFIGREFERENCE>
        <SESSIONEXTENSION NAME ="Relational Writer" SINSTANCENAME ="GROSS_MARGIN_PPK_ARCHIVE" SUBTYPE ="Relational Writer" TRANSFORMATIONTYPE ="Target Definition" TYPE ="WRITER">
            <CONNECTIONREFERENCE CNXREFNAME ="DB Connection" CONNECTIONNAME ="SLBADW" CONNECTIONNUMBER ="1" CONNECTIONSUBTYPE ="Oracle" CONNECTIONTYPE ="Relational" VARIABLE =""/>
            <ATTRIBUTE NAME ="Target load type" VALUE ="Normal"/>
            <ATTRIBUTE NAME ="Insert" VALUE ="YES"/>
            <ATTRIBUTE NAME ="Update as Update" VALUE ="NO"/>
            <ATTRIBUTE NAME ="Update as Insert" VALUE ="NO"/>
            <ATTRIBUTE NAME ="Update else Insert" VALUE ="NO"/>
            <ATTRIBUTE NAME ="Delete" VALUE ="NO"/>
            <ATTRIBUTE NAME ="Truncate target table option" VALUE ="NO"/>
            <ATTRIBUTE NAME ="Reject file directory" VALUE ="$PMBadFileDir&#x5c;ONE_ON_ONE_OTC&#x5c;BAD&#x5c;"/>
            <ATTRIBUTE NAME ="Reject filename" VALUE ="s_m_gross_margin_ppk_archive.bad"/>
        </SESSIONEXTENSION>
        <SESSIONEXTENSION DSQINSTNAME ="SQ_GROSS_MARGIN_PPK" DSQINSTTYPE ="Source Qualifier" NAME ="Relational Reader" SINSTANCENAME ="GROSS_MARGIN_PPK" SUBTYPE ="Relational Reader" TRANSFORMATIONTYPE ="Source Definition" TYPE ="READER"/>
        <SESSIONEXTENSION NAME ="Relational Reader" SINSTANCENAME ="SQ_GROSS_MARGIN_PPK" SUBTYPE ="Relational Reader" TRANSFORMATIONTYPE ="Source Qualifier" TYPE ="READER">
            <CONNECTIONREFERENCE CNXREFNAME ="DB Connection" CONNECTIONNAME ="SLBADW" CONNECTIONNUMBER ="1" CONNECTIONSUBTYPE ="Oracle" CONNECTIONTYPE ="Relational" VARIABLE =""/>
        </SESSIONEXTENSION>
        <ATTRIBUTE NAME ="General Options" VALUE =""/>
        <ATTRIBUTE NAME ="Write Backward Compatible Session Log File" VALUE ="YES"/>
        <ATTRIBUTE NAME ="Session Log File Name" VALUE ="s_m_GROSS_MARGIN_PPK_ARCHIVE.log"/>
        <ATTRIBUTE NAME ="Session Log File directory" VALUE ="$PMSessionLogDir&#x5c;ONE_ON_ONE_OTC&#x5c;LOG&#x5c;"/>
        <ATTRIBUTE NAME ="Parameter Filename" VALUE =""/>
        <ATTRIBUTE NAME ="Enable Test Load" VALUE ="NO"/>
        <ATTRIBUTE NAME ="$Source connection value" VALUE =""/>
        <ATTRIBUTE NAME ="$Target connection value" VALUE =""/>
        <ATTRIBUTE NAME ="Treat source rows as" VALUE ="Insert"/>
        <ATTRIBUTE NAME ="Commit Type" VALUE ="Target"/>
        <ATTRIBUTE NAME ="Commit Interval" VALUE ="2000000"/>
        <ATTRIBUTE NAME ="Commit On End Of File" VALUE ="YES"/>
        <ATTRIBUTE NAME ="Rollback Transactions on Errors" VALUE ="NO"/>
        <ATTRIBUTE NAME ="Recovery Strategy" VALUE ="Restart task"/>
        <ATTRIBUTE NAME ="Java Classpath" VALUE =""/>
        <ATTRIBUTE NAME ="Performance" VALUE =""/>
        <ATTRIBUTE NAME ="DTM buffer size" VALUE ="Auto"/>
        <ATTRIBUTE NAME ="Collect performance data" VALUE ="NO"/>
        <ATTRIBUTE NAME ="Write performance data to repository" VALUE ="NO"/>
        <ATTRIBUTE NAME ="Incremental Aggregation" VALUE ="NO"/>
        <ATTRIBUTE NAME ="Enable high precision" VALUE ="NO"/>
        <ATTRIBUTE NAME ="Session retry on deadlock" VALUE ="NO"/>
        <ATTRIBUTE NAME ="Pushdown Optimization" VALUE ="None"/>
        <ATTRIBUTE NAME ="Allow Temporary View for Pushdown" VALUE ="NO"/>
        <ATTRIBUTE NAME ="Allow Temporary Sequence for Pushdown" VALUE ="NO"/>
        <ATTRIBUTE NAME ="Allow Pushdown for User Incompatible Connections" VALUE ="NO"/>
        <METADATAEXTENSION DATATYPE ="STRING" DESCRIPTION ="Conversion Mapping  Name with version " DOMAINNAME ="User Defined Metadata Domain" ISCLIENTEDITABLE ="YES" ISCLIENTVISIBLE ="YES" ISREUSABLE ="NO" ISSHAREREAD ="NO" ISSHAREWRITE ="NO" MAXLENGTH ="256" NAME ="CONV_MAP_NAME" VALUE ="SAP PrePack Invoices v21.0" VENDORNAME ="INFORMATICA"/>
    </SESSION>
    <WORKFLOW DESCRIPTION ="This workflow is used to load the data for archiving from GROSS_MARGIN_PPK to GROSS_MARGIN_PPK_ARCHIVE" ISENABLED ="YES" ISRUNNABLESERVICE ="NO" ISSERVICE ="NO" ISVALID ="YES" NAME ="wf_s_m_GROSS_MARGIN_PPK_ARCH" REUSABLE_SCHEDULER ="NO" SCHEDULERNAME ="Scheduler" SERVERNAME ="Domain10_PRD_Int_Svc" SERVER_DOMAINNAME ="Domain10_PRD" SUSPEND_ON_ERROR ="NO" TASKS_MUST_RUN_ON_SERVER ="NO" VERSIONNUMBER ="1">
        <SCHEDULER DESCRIPTION ="" NAME ="Scheduler" REUSABLE ="NO" VERSIONNUMBER ="1">
            <SCHEDULEINFO SCHEDULETYPE ="ONDEMAND"/>
        </SCHEDULER>
        <TASK DESCRIPTION ="" NAME ="Start" REUSABLE ="NO" TYPE ="Start" VERSIONNUMBER ="1"/>
        <TASKINSTANCE DESCRIPTION ="" ISENABLED ="YES" NAME ="Start" REUSABLE ="NO" TASKNAME ="Start" TASKTYPE ="Start"/>
        <TASKINSTANCE DESCRIPTION ="This session is used to load the data for archiving from GROSS_MARGIN_PPK to GROSS_MARGIN_PPK_ARCHIVE" FAIL_PARENT_IF_INSTANCE_DID_NOT_RUN ="YES" FAIL_PARENT_IF_INSTANCE_FAILS ="YES" ISENABLED ="YES" NAME ="s_m_GROSS_MARGIN_PPK_ARCHIVE" REUSABLE ="YES" TASKNAME ="s_m_GROSS_MARGIN_PPK_ARCHIVE" TASKTYPE ="Session" TREAT_INPUTLINK_AS_AND ="NO"/>
        <WORKFLOWLINK CONDITION ="" FROMTASK ="Start" TOTASK ="s_m_GROSS_MARGIN_PPK_ARCHIVE"/>
        <WORKFLOWVARIABLE DATATYPE ="date/time" DEFAULTVALUE ="" DESCRIPTION ="The time this task started" ISNULL ="NO" ISPERSISTENT ="NO" NAME ="$Start.StartTime" USERDEFINED ="NO"/>
        <WORKFLOWVARIABLE DATATYPE ="date/time" DEFAULTVALUE ="" DESCRIPTION ="The time this task completed" ISNULL ="NO" ISPERSISTENT ="NO" NAME ="$Start.EndTime" USERDEFINED ="NO"/>
        <WORKFLOWVARIABLE DATATYPE ="integer" DEFAULTVALUE ="" DESCRIPTION ="Status of this task&apos;s execution" ISNULL ="NO" ISPERSISTENT ="NO" NAME ="$Start.Status" USERDEFINED ="NO"/>
        <WORKFLOWVARIABLE DATATYPE ="integer" DEFAULTVALUE ="" DESCRIPTION ="Status of the previous task that is not disabled" ISNULL ="NO" ISPERSISTENT ="NO" NAME ="$Start.PrevTaskStatus" USERDEFINED ="NO"/>
        <WORKFLOWVARIABLE DATATYPE ="integer" DEFAULTVALUE ="" DESCRIPTION ="Error code for this task&apos;s execution" ISNULL ="NO" ISPERSISTENT ="NO" NAME ="$Start.ErrorCode" USERDEFINED ="NO"/>
        <WORKFLOWVARIABLE DATATYPE ="string" DEFAULTVALUE ="" DESCRIPTION ="Error message for this task&apos;s execution" ISNULL ="NO" ISPERSISTENT ="NO" NAME ="$Start.ErrorMsg" USERDEFINED ="NO"/>
        <WORKFLOWVARIABLE DATATYPE ="date/time" DEFAULTVALUE ="" DESCRIPTION ="The time this task started" ISNULL ="NO" ISPERSISTENT ="NO" NAME ="$s_m_GROSS_MARGIN_PPK_ARCHIVE.StartTime" USERDEFINED ="NO"/>
        <WORKFLOWVARIABLE DATATYPE ="date/time" DEFAULTVALUE ="" DESCRIPTION ="The time this task completed" ISNULL ="NO" ISPERSISTENT ="NO" NAME ="$s_m_GROSS_MARGIN_PPK_ARCHIVE.EndTime" USERDEFINED ="NO"/>
        <WORKFLOWVARIABLE DATATYPE ="integer" DEFAULTVALUE ="" DESCRIPTION ="Status of this task&apos;s execution" ISNULL ="NO" ISPERSISTENT ="NO" NAME ="$s_m_GROSS_MARGIN_PPK_ARCHIVE.Status" USERDEFINED ="NO"/>
        <WORKFLOWVARIABLE DATATYPE ="integer" DEFAULTVALUE ="" DESCRIPTION ="Status of the previous task that is not disabled" ISNULL ="NO" ISPERSISTENT ="NO" NAME ="$s_m_GROSS_MARGIN_PPK_ARCHIVE.PrevTaskStatus" USERDEFINED ="NO"/>
        <WORKFLOWVARIABLE DATATYPE ="integer" DEFAULTVALUE ="" DESCRIPTION ="Error code for this task&apos;s execution" ISNULL ="NO" ISPERSISTENT ="NO" NAME ="$s_m_GROSS_MARGIN_PPK_ARCHIVE.ErrorCode" USERDEFINED ="NO"/>
        <WORKFLOWVARIABLE DATATYPE ="string" DEFAULTVALUE ="" DESCRIPTION ="Error message for this task&apos;s execution" ISNULL ="NO" ISPERSISTENT ="NO" NAME ="$s_m_GROSS_MARGIN_PPK_ARCHIVE.ErrorMsg" USERDEFINED ="NO"/>
        <WORKFLOWVARIABLE DATATYPE ="integer" DEFAULTVALUE ="" DESCRIPTION ="Rows successfully read" ISNULL ="NO" ISPERSISTENT ="NO" NAME ="$s_m_GROSS_MARGIN_PPK_ARCHIVE.SrcSuccessRows" USERDEFINED ="NO"/>
        <WORKFLOWVARIABLE DATATYPE ="integer" DEFAULTVALUE ="" DESCRIPTION ="Rows failed to read" ISNULL ="NO" ISPERSISTENT ="NO" NAME ="$s_m_GROSS_MARGIN_PPK_ARCHIVE.SrcFailedRows" USERDEFINED ="NO"/>
        <WORKFLOWVARIABLE DATATYPE ="integer" DEFAULTVALUE ="" DESCRIPTION ="Rows successfully loaded" ISNULL ="NO" ISPERSISTENT ="NO" NAME ="$s_m_GROSS_MARGIN_PPK_ARCHIVE.TgtSuccessRows" USERDEFINED ="NO"/>
        <WORKFLOWVARIABLE DATATYPE ="integer" DEFAULTVALUE ="" DESCRIPTION ="Rows failed to load" ISNULL ="NO" ISPERSISTENT ="NO" NAME ="$s_m_GROSS_MARGIN_PPK_ARCHIVE.TgtFailedRows" USERDEFINED ="NO"/>
        <WORKFLOWVARIABLE DATATYPE ="integer" DEFAULTVALUE ="" DESCRIPTION ="Total number of transformation errors" ISNULL ="NO" ISPERSISTENT ="NO" NAME ="$s_m_GROSS_MARGIN_PPK_ARCHIVE.TotalTransErrors" USERDEFINED ="NO"/>
        <WORKFLOWVARIABLE DATATYPE ="integer" DEFAULTVALUE ="" DESCRIPTION ="First error code" ISNULL ="NO" ISPERSISTENT ="NO" NAME ="$s_m_GROSS_MARGIN_PPK_ARCHIVE.FirstErrorCode" USERDEFINED ="NO"/>
        <WORKFLOWVARIABLE DATATYPE ="string" DEFAULTVALUE ="" DESCRIPTION ="First error message" ISNULL ="NO" ISPERSISTENT ="NO" NAME ="$s_m_GROSS_MARGIN_PPK_ARCHIVE.FirstErrorMsg" USERDEFINED ="NO"/>
        <ATTRIBUTE NAME ="Parameter Filename" VALUE =""/>
        <ATTRIBUTE NAME ="Write Backward Compatible Workflow Log File" VALUE ="YES"/>
        <ATTRIBUTE NAME ="Workflow Log File Name" VALUE ="wf_s_m_GROSS_MARGIN_PPK_ARCH.log"/>
        <ATTRIBUTE NAME ="Workflow Log File Directory" VALUE ="$PMWorkflowLogDir&#x5c;ONE_ON_ONE_OTC&#x5c;LOG&#x5c;"/>
        <ATTRIBUTE NAME ="Save Workflow log by" VALUE ="By runs"/>
        <ATTRIBUTE NAME ="Save workflow log for these runs" VALUE ="9"/>
        <ATTRIBUTE NAME ="Service Name" VALUE =""/>
        <ATTRIBUTE NAME ="Service Timeout" VALUE ="0"/>
        <ATTRIBUTE NAME ="Is Service Visible" VALUE ="NO"/>
        <ATTRIBUTE NAME ="Is Service Protected" VALUE ="NO"/>
        <ATTRIBUTE NAME ="Fail task after wait time" VALUE ="0"/>
        <ATTRIBUTE NAME ="Enable HA recovery" VALUE ="NO"/>
        <ATTRIBUTE NAME ="Automatically recover terminated tasks" VALUE ="NO"/>
        <ATTRIBUTE NAME ="Service Level Name" VALUE ="Default"/>
        <ATTRIBUTE NAME ="Allow concurrent run with unique run instance name" VALUE ="NO"/>
        <ATTRIBUTE NAME ="Allow concurrent run with same run instance name" VALUE ="NO"/>
        <ATTRIBUTE NAME ="Maximum number of concurrent runs" VALUE ="0"/>
        <ATTRIBUTE NAME ="Assigned Web Services Hubs" VALUE =""/>
        <ATTRIBUTE NAME ="Maximum number of concurrent runs per Hub" VALUE ="1000"/>
        <ATTRIBUTE NAME ="Expected Service Time" VALUE ="1"/>
        <METADATAEXTENSION DATATYPE ="STRING" DESCRIPTION ="Conversion Mapping Name with version " DOMAINNAME ="User Defined Metadata Domain" ISCLIENTEDITABLE ="YES" ISCLIENTVISIBLE ="YES" ISREUSABLE ="NO" ISSHAREREAD ="NO" ISSHAREWRITE ="NO" MAXLENGTH ="256" NAME ="CONV_MAP_NAME" VALUE ="SAP PrePack Invoices v11.0.xls" VENDORNAME ="INFORMATICA"/>
        <METADATAEXTENSION DATATYPE ="STRING" DESCRIPTION ="" DOMAINNAME ="User Defined Metadata Domain" ISCLIENTEDITABLE ="YES" ISCLIENTVISIBLE ="YES" ISREUSABLE ="NO" ISSHAREREAD ="NO" ISSHAREWRITE ="NO" MAXLENGTH ="256" NAME ="Extension" VALUE ="CM - MarginLoss - stgMarginLossExpenseToStgFactSalesNew v1.0" VENDORNAME ="INFORMATICA"/>
    </WORKFLOW>
</FOLDER>
</REPOSITORY>
</POWERMART>