<?xml version="1.0" encoding="Windows-1252"?>
<!DOCTYPE POWERMART SYSTEM "powrmart.dtd">
<POWERMART CREATION_DATE="05/20/2024 10:28:18" REPOSITORY_VERSION="187.96">
<REPOSITORY NAME="Domain10_Rep_Svc_Prd" VERSION="187" CODEPAGE="MS1252" DATABASETYPE="Microsoft SQL Server">
<FOLDER NAME="ONE_ON_ONE_OTC" GROUP="" OWNER="Administrator" SHARED="NOTSHARED" DESCRIPTION="" PERMISSIONS="rwx---r--" UUID="8627c2fd-2fe8-4f83-88bf-e34259bd5762">
    <SOURCE BUSINESSNAME ="" DATABASETYPE ="Oracle" DBDNAME ="oakdwhd1" DESCRIPTION ="Source:STG_S4_GTID_DER" NAME ="STG_S4_GTID_DER" OBJECTVERSION ="1" OWNERNAME ="STAGING" VERSIONNUMBER ="1">
        <SOURCEFIELD BUSINESSNAME ="" DATATYPE ="varchar2" DESCRIPTION ="" FIELDNUMBER ="1" FIELDPROPERTY ="0" FIELDTYPE ="ELEMITEM" HIDDEN ="NO" KEYTYPE ="NOT A KEY" LENGTH ="0" LEVEL ="0" NAME ="PROFIT_CENTER" NULLABLE ="NULL" OCCURS ="0" OFFSET ="0" PHYSICALLENGTH ="10" PHYSICALOFFSET ="0" PICTURETEXT ="" PRECISION ="10" SCALE ="0" USAGE_FLAGS =""/>
        <SOURCEFIELD BUSINESSNAME ="" DATATYPE ="varchar2" DESCRIPTION ="" FIELDNUMBER ="2" FIELDPROPERTY ="0" FIELDTYPE ="ELEMITEM" HIDDEN ="NO" KEYTYPE ="NOT A KEY" LENGTH ="0" LEVEL ="0" NAME ="SUMMARY_CHANNEL_TRADE_GT_ID" NULLABLE ="NULL" OCCURS ="0" OFFSET ="0" PHYSICALLENGTH ="3" PHYSICALOFFSET ="10" PICTURETEXT ="" PRECISION ="3" SCALE ="0" USAGE_FLAGS =""/>
        <SOURCEFIELD BUSINESSNAME ="" DATATYPE ="varchar2" DESCRIPTION ="" FIELDNUMBER ="3" FIELDPROPERTY ="0" FIELDTYPE ="ELEMITEM" HIDDEN ="NO" KEYTYPE ="NOT A KEY" LENGTH ="0" LEVEL ="0" NAME ="GROWTH_TEAM_GEOGRAPHY" NULLABLE ="NULL" OCCURS ="0" OFFSET ="0" PHYSICALLENGTH ="3" PHYSICALOFFSET ="13" PICTURETEXT ="" PRECISION ="3" SCALE ="0" USAGE_FLAGS =""/>
        <SOURCEFIELD BUSINESSNAME ="" DATATYPE ="varchar2" DESCRIPTION ="" FIELDNUMBER ="4" FIELDPROPERTY ="0" FIELDTYPE ="ELEMITEM" HIDDEN ="NO" KEYTYPE ="NOT A KEY" LENGTH ="0" LEVEL ="0" NAME ="GROWTH_TEAM_ID" NULLABLE ="NULL" OCCURS ="0" OFFSET ="0" PHYSICALLENGTH ="10" PHYSICALOFFSET ="16" PICTURETEXT ="" PRECISION ="10" SCALE ="0" USAGE_FLAGS =""/>
        <SOURCEFIELD BUSINESSNAME ="" DATATYPE ="varchar2" DESCRIPTION ="" FIELDNUMBER ="5" FIELDPROPERTY ="0" FIELDTYPE ="ELEMITEM" HIDDEN ="NO" KEYTYPE ="NOT A KEY" LENGTH ="0" LEVEL ="0" NAME ="VALID_FROM_DATE" NULLABLE ="NULL" OCCURS ="0" OFFSET ="0" PHYSICALLENGTH ="8" PHYSICALOFFSET ="26" PICTURETEXT ="" PRECISION ="8" SCALE ="0" USAGE_FLAGS =""/>
        <SOURCEFIELD BUSINESSNAME ="" DATATYPE ="varchar2" DESCRIPTION ="" FIELDNUMBER ="6" FIELDPROPERTY ="0" FIELDTYPE ="ELEMITEM" HIDDEN ="NO" KEYTYPE ="NOT A KEY" LENGTH ="0" LEVEL ="0" NAME ="VALID_TO_DATE" NULLABLE ="NULL" OCCURS ="0" OFFSET ="0" PHYSICALLENGTH ="8" PHYSICALOFFSET ="34" PICTURETEXT ="" PRECISION ="8" SCALE ="0" USAGE_FLAGS =""/>
        <SOURCEFIELD BUSINESSNAME ="" DATATYPE ="varchar2" DESCRIPTION ="" FIELDNUMBER ="7" FIELDPROPERTY ="0" FIELDTYPE ="ELEMITEM" HIDDEN ="NO" KEYTYPE ="NOT A KEY" LENGTH ="0" LEVEL ="0" NAME ="ORIGINAL_GROWTH_TEAM_ID" NULLABLE ="NULL" OCCURS ="0" OFFSET ="0" PHYSICALLENGTH ="40" PHYSICALOFFSET ="42" PICTURETEXT ="" PRECISION ="40" SCALE ="0" USAGE_FLAGS =""/>
        <SOURCEFIELD BUSINESSNAME ="" DATATYPE ="varchar2" DESCRIPTION ="" FIELDNUMBER ="8" FIELDPROPERTY ="0" FIELDTYPE ="ELEMITEM" HIDDEN ="NO" KEYTYPE ="NOT A KEY" LENGTH ="0" LEVEL ="0" NAME ="OLD_GROWTH_TEAM_ID" NULLABLE ="NULL" OCCURS ="0" OFFSET ="0" PHYSICALLENGTH ="10" PHYSICALOFFSET ="82" PICTURETEXT ="" PRECISION ="10" SCALE ="0" USAGE_FLAGS =""/>
        <SOURCEFIELD BUSINESSNAME ="" DATATYPE ="varchar2" DESCRIPTION ="" FIELDNUMBER ="9" FIELDPROPERTY ="0" FIELDTYPE ="ELEMITEM" HIDDEN ="NO" KEYTYPE ="NOT A KEY" LENGTH ="0" LEVEL ="0" NAME ="DESCRIPTION_GROWTH_TEAM_ID" NULLABLE ="NULL" OCCURS ="0" OFFSET ="0" PHYSICALLENGTH ="50" PHYSICALOFFSET ="92" PICTURETEXT ="" PRECISION ="50" SCALE ="0" USAGE_FLAGS =""/>
        <SOURCEFIELD BUSINESSNAME ="" DATATYPE ="varchar2" DESCRIPTION ="" FIELDNUMBER ="10" FIELDPROPERTY ="0" FIELDTYPE ="ELEMITEM" HIDDEN ="NO" KEYTYPE ="NOT A KEY" LENGTH ="0" LEVEL ="0" NAME ="PROFIT_CENTER_SHORT_TEXT" NULLABLE ="NULL" OCCURS ="0" OFFSET ="0" PHYSICALLENGTH ="20" PHYSICALOFFSET ="142" PICTURETEXT ="" PRECISION ="20" SCALE ="0" USAGE_FLAGS =""/>
        <SOURCEFIELD BUSINESSNAME ="" DATATYPE ="varchar2" DESCRIPTION ="" FIELDNUMBER ="11" FIELDPROPERTY ="0" FIELDTYPE ="ELEMITEM" HIDDEN ="NO" KEYTYPE ="NOT A KEY" LENGTH ="0" LEVEL ="0" NAME ="PROFIT_CENTER_LONG_TEXT" NULLABLE ="NULL" OCCURS ="0" OFFSET ="0" PHYSICALLENGTH ="40" PHYSICALOFFSET ="162" PICTURETEXT ="" PRECISION ="40" SCALE ="0" USAGE_FLAGS =""/>
        <SOURCEFIELD BUSINESSNAME ="" DATATYPE ="varchar2" DESCRIPTION ="" FIELDNUMBER ="12" FIELDPROPERTY ="0" FIELDTYPE ="ELEMITEM" HIDDEN ="NO" KEYTYPE ="NOT A KEY" LENGTH ="0" LEVEL ="0" NAME ="CREATED_BY" NULLABLE ="NULL" OCCURS ="0" OFFSET ="0" PHYSICALLENGTH ="12" PHYSICALOFFSET ="202" PICTURETEXT ="" PRECISION ="12" SCALE ="0" USAGE_FLAGS =""/>
        <SOURCEFIELD BUSINESSNAME ="" DATATYPE ="varchar2" DESCRIPTION ="" FIELDNUMBER ="13" FIELDPROPERTY ="0" FIELDTYPE ="ELEMITEM" HIDDEN ="NO" KEYTYPE ="NOT A KEY" LENGTH ="0" LEVEL ="0" NAME ="CREATED_DATE_AND_TIME" NULLABLE ="NULL" OCCURS ="0" OFFSET ="0" PHYSICALLENGTH ="14" PHYSICALOFFSET ="214" PICTURETEXT ="" PRECISION ="14" SCALE ="0" USAGE_FLAGS =""/>
        <SOURCEFIELD BUSINESSNAME ="" DATATYPE ="varchar2" DESCRIPTION ="" FIELDNUMBER ="14" FIELDPROPERTY ="0" FIELDTYPE ="ELEMITEM" HIDDEN ="NO" KEYTYPE ="NOT A KEY" LENGTH ="0" LEVEL ="0" NAME ="LAST_CHANGED_BY" NULLABLE ="NULL" OCCURS ="0" OFFSET ="0" PHYSICALLENGTH ="12" PHYSICALOFFSET ="228" PICTURETEXT ="" PRECISION ="12" SCALE ="0" USAGE_FLAGS =""/>
        <SOURCEFIELD BUSINESSNAME ="" DATATYPE ="varchar2" DESCRIPTION ="" FIELDNUMBER ="15" FIELDPROPERTY ="0" FIELDTYPE ="ELEMITEM" HIDDEN ="NO" KEYTYPE ="NOT A KEY" LENGTH ="0" LEVEL ="0" NAME ="TIME_LAST_CHANGE_DATE_TIME" NULLABLE ="NULL" OCCURS ="0" OFFSET ="0" PHYSICALLENGTH ="14" PHYSICALOFFSET ="240" PICTURETEXT ="" PRECISION ="14" SCALE ="0" USAGE_FLAGS =""/>
        <SOURCEFIELD BUSINESSNAME ="" DATATYPE ="date" DESCRIPTION ="" FIELDNUMBER ="16" FIELDPROPERTY ="0" FIELDTYPE ="ELEMITEM" HIDDEN ="NO" KEYTYPE ="NOT A KEY" LENGTH ="19" LEVEL ="0" NAME ="CREATEDDATE" NULLABLE ="NULL" OCCURS ="0" OFFSET ="0" PHYSICALLENGTH ="19" PHYSICALOFFSET ="254" PICTURETEXT ="" PRECISION ="19" SCALE ="0" USAGE_FLAGS =""/>
        <SOURCEFIELD BUSINESSNAME ="" DATATYPE ="date" DESCRIPTION ="" FIELDNUMBER ="17" FIELDPROPERTY ="0" FIELDTYPE ="ELEMITEM" HIDDEN ="NO" KEYTYPE ="NOT A KEY" LENGTH ="19" LEVEL ="0" NAME ="MODIFIEDDATE" NULLABLE ="NULL" OCCURS ="0" OFFSET ="19" PHYSICALLENGTH ="19" PHYSICALOFFSET ="273" PICTURETEXT ="" PRECISION ="19" SCALE ="0" USAGE_FLAGS =""/>
    </SOURCE>
    <TARGET BUSINESSNAME ="" CONSTRAINT ="" DATABASETYPE ="Microsoft SQL Server" DESCRIPTION ="Target :profit_center" NAME ="PROFIT_CENTER" OBJECTVERSION ="1" TABLEOPTIONS ="" VERSIONNUMBER ="1">
        <TARGETFIELD BUSINESSNAME ="" DATATYPE ="numeric" DESCRIPTION ="" FIELDNUMBER ="1" KEYTYPE ="PRIMARY KEY" NAME ="PROFIT_CENTER" NULLABLE ="NOTNULL" PICTURETEXT ="" PRECISION ="10" SCALE ="0"/>
        <TARGETFIELD BUSINESSNAME ="" DATATYPE ="varchar" DESCRIPTION ="" FIELDNUMBER ="2" KEYTYPE ="NOT A KEY" NAME ="PROFIT_CENTER_DESC" NULLABLE ="NOTNULL" PICTURETEXT ="" PRECISION ="60" SCALE ="0"/>
        <TARGETFIELD BUSINESSNAME ="" DATATYPE ="int" DESCRIPTION ="" FIELDNUMBER ="3" KEYTYPE ="NOT A KEY" NAME ="BUSINESS_SEG_HIERARCHY_ID" NULLABLE ="NOTNULL" PICTURETEXT ="" PRECISION ="10" SCALE ="0"/>
        <TARGETFIELD BUSINESSNAME ="" DATATYPE ="int" DESCRIPTION ="" FIELDNUMBER ="4" KEYTYPE ="NOT A KEY" NAME ="PRODUCT_GROUP_ID" NULLABLE ="NOTNULL" PICTURETEXT ="" PRECISION ="10" SCALE ="0"/>
        <TARGETFIELD BUSINESSNAME ="" DATATYPE ="int" DESCRIPTION ="" FIELDNUMBER ="5" KEYTYPE ="NOT A KEY" NAME ="CATEGORY_ID" NULLABLE ="NOTNULL" PICTURETEXT ="" PRECISION ="10" SCALE ="0"/>
        <TARGETFIELD BUSINESSNAME ="" DATATYPE ="int" DESCRIPTION ="" FIELDNUMBER ="6" KEYTYPE ="NOT A KEY" NAME ="BRAND_GROUP_ID" NULLABLE ="NOTNULL" PICTURETEXT ="" PRECISION ="10" SCALE ="0"/>
        <TARGETFIELD BUSINESSNAME ="" DATATYPE ="int" DESCRIPTION ="" FIELDNUMBER ="7" KEYTYPE ="NOT A KEY" NAME ="GENDER_AGE_ID" NULLABLE ="NOTNULL" PICTURETEXT ="" PRECISION ="10" SCALE ="0"/>
        <TARGETFIELD BUSINESSNAME ="" DATATYPE ="int" DESCRIPTION ="" FIELDNUMBER ="8" KEYTYPE ="NOT A KEY" NAME ="ACCOUNTING_LEVEL2_ID" NULLABLE ="NOTNULL" PICTURETEXT ="" PRECISION ="10" SCALE ="0"/>
        <TARGETFIELD BUSINESSNAME ="" DATATYPE ="varchar" DESCRIPTION ="" FIELDNUMBER ="9" KEYTYPE ="NOT A KEY" NAME ="USERID" NULLABLE ="NOTNULL" PICTURETEXT ="" PRECISION ="40" SCALE ="0"/>
        <TARGETFIELD BUSINESSNAME ="" DATATYPE ="datetime" DESCRIPTION ="" FIELDNUMBER ="10" KEYTYPE ="NOT A KEY" NAME ="CREATE_DATE" NULLABLE ="NOTNULL" PICTURETEXT ="" PRECISION ="23" SCALE ="3"/>
        <TARGETFIELD BUSINESSNAME ="" DATATYPE ="datetime" DESCRIPTION ="" FIELDNUMBER ="11" KEYTYPE ="NOT A KEY" NAME ="UPDATE_DATE" NULLABLE ="NOTNULL" PICTURETEXT ="" PRECISION ="23" SCALE ="3"/>
        <TARGETFIELD BUSINESSNAME ="" DATATYPE ="int" DESCRIPTION ="" FIELDNUMBER ="12" KEYTYPE ="NOT A KEY" NAME ="SUBBRAND_ID" NULLABLE ="NOTNULL" PICTURETEXT ="" PRECISION ="10" SCALE ="0"/>
        <TARGETFIELD BUSINESSNAME ="" DATATYPE ="int" DESCRIPTION ="" FIELDNUMBER ="13" KEYTYPE ="NOT A KEY" NAME ="SUBCATEGORY_ID" NULLABLE ="NOTNULL" PICTURETEXT ="" PRECISION ="10" SCALE ="0"/>
    </TARGET>
    <MAPPING DESCRIPTION ="LOADS STG_S4_GTID_DER table data into EDM.dbo.profit_center table" ISVALID ="YES" NAME ="m_S4_INT_PFT_CTR" OBJECTVERSION ="1" VERSIONNUMBER ="1">
        <TRANSFORMATION DESCRIPTION ="EXP- Derving new columns" NAME ="EXP_CALC" OBJECTVERSION ="1" REUSABLE ="NO" TYPE ="Expression" VERSIONNUMBER ="1">
            <TRANSFORMFIELD DATATYPE ="string" DEFAULTVALUE ="" DESCRIPTION ="" NAME ="I_PROFIT_CENTER" PICTURETEXT ="" PORTTYPE ="INPUT" PRECISION ="10" SCALE ="0"/>
            <TRANSFORMFIELD DATATYPE ="string" DEFAULTVALUE ="" DESCRIPTION ="" EXPRESSION ="I_PROFIT_CENTER_SHORT_TEXT" EXPRESSIONTYPE ="GENERAL" NAME ="I_PROFIT_CENTER_SHORT_TEXT" PICTURETEXT ="" PORTTYPE ="INPUT/OUTPUT" PRECISION ="20" SCALE ="0"/>
            <TRANSFORMFIELD DATATYPE ="integer" DEFAULTVALUE ="ERROR(&apos;transformation error&apos;)" DESCRIPTION ="" EXPRESSION ="-2" EXPRESSIONTYPE ="GENERAL" NAME ="BUSINESS_SEG_HIERARCHY_ID" PICTURETEXT ="" PORTTYPE ="OUTPUT" PRECISION ="10" SCALE ="0"/>
            <TRANSFORMFIELD DATATYPE ="integer" DEFAULTVALUE ="ERROR(&apos;transformation error&apos;)" DESCRIPTION ="" EXPRESSION ="-2" EXPRESSIONTYPE ="GENERAL" NAME ="PRODUCT_GROUP_ID" PICTURETEXT ="" PORTTYPE ="OUTPUT" PRECISION ="10" SCALE ="0"/>
            <TRANSFORMFIELD DATATYPE ="integer" DEFAULTVALUE ="ERROR(&apos;transformation error&apos;)" DESCRIPTION ="" EXPRESSION ="-2" EXPRESSIONTYPE ="GENERAL" NAME ="CATEGORY_ID" PICTURETEXT ="" PORTTYPE ="OUTPUT" PRECISION ="10" SCALE ="0"/>
            <TRANSFORMFIELD DATATYPE ="integer" DEFAULTVALUE ="ERROR(&apos;transformation error&apos;)" DESCRIPTION ="" EXPRESSION ="-2" EXPRESSIONTYPE ="GENERAL" NAME ="BRAND_GROUP_ID" PICTURETEXT ="" PORTTYPE ="OUTPUT" PRECISION ="10" SCALE ="0"/>
            <TRANSFORMFIELD DATATYPE ="integer" DEFAULTVALUE ="ERROR(&apos;transformation error&apos;)" DESCRIPTION ="" EXPRESSION ="-2" EXPRESSIONTYPE ="GENERAL" NAME ="GENDER_AGE_ID" PICTURETEXT ="" PORTTYPE ="OUTPUT" PRECISION ="10" SCALE ="0"/>
            <TRANSFORMFIELD DATATYPE ="integer" DEFAULTVALUE ="ERROR(&apos;transformation error&apos;)" DESCRIPTION ="" EXPRESSION ="-2" EXPRESSIONTYPE ="GENERAL" NAME ="ACCOUNTING_LEVEL2_ID" PICTURETEXT ="" PORTTYPE ="OUTPUT" PRECISION ="10" SCALE ="0"/>
            <TRANSFORMFIELD DATATYPE ="string" DEFAULTVALUE ="ERROR(&apos;transformation error&apos;)" DESCRIPTION ="" EXPRESSION ="&apos;s_m_S4_INT_PFT_CTR&apos;" EXPRESSIONTYPE ="GENERAL" NAME ="USERID" PICTURETEXT ="" PORTTYPE ="OUTPUT" PRECISION ="40" SCALE ="0"/>
            <TRANSFORMFIELD DATATYPE ="date/time" DEFAULTVALUE ="ERROR(&apos;transformation error&apos;)" DESCRIPTION ="" EXPRESSION ="SESSSTARTTIME" EXPRESSIONTYPE ="GENERAL" NAME ="CREATE_DATE" PICTURETEXT ="" PORTTYPE ="OUTPUT" PRECISION ="29" SCALE ="9"/>
            <TRANSFORMFIELD DATATYPE ="date/time" DEFAULTVALUE ="ERROR(&apos;transformation error&apos;)" DESCRIPTION ="" EXPRESSION ="SESSSTARTTIME" EXPRESSIONTYPE ="GENERAL" NAME ="UPDATE_DATE" PICTURETEXT ="" PORTTYPE ="OUTPUT" PRECISION ="29" SCALE ="9"/>
            <TRANSFORMFIELD DATATYPE ="integer" DEFAULTVALUE ="ERROR(&apos;transformation error&apos;)" DESCRIPTION ="" EXPRESSION ="-2" EXPRESSIONTYPE ="GENERAL" NAME ="SUBBRAND_ID" PICTURETEXT ="" PORTTYPE ="OUTPUT" PRECISION ="10" SCALE ="0"/>
            <TRANSFORMFIELD DATATYPE ="integer" DEFAULTVALUE ="ERROR(&apos;transformation error&apos;)" DESCRIPTION ="" EXPRESSION ="-2" EXPRESSIONTYPE ="GENERAL" NAME ="SUBCATEGORY_ID" PICTURETEXT ="" PORTTYPE ="OUTPUT" PRECISION ="10" SCALE ="0"/>
            <TRANSFORMFIELD DATATYPE ="integer" DEFAULTVALUE ="ERROR(&apos;transformation error&apos;)" DESCRIPTION ="" EXPRESSION ="TO_INTEGER(I_PROFIT_CENTER)" EXPRESSIONTYPE ="GENERAL" NAME ="O_PROFIT_CENTER" PICTURETEXT ="" PORTTYPE ="OUTPUT" PRECISION ="10" SCALE ="0"/>
            <TABLEATTRIBUTE NAME ="Tracing Level" VALUE ="Normal"/>
        </TRANSFORMATION>
        <TRANSFORMATION DESCRIPTION ="UPD-Updating data in profit_center table based on primary key" NAME ="UPD_PROFIT_CENTER" OBJECTVERSION ="1" REUSABLE ="NO" TYPE ="Update Strategy" VERSIONNUMBER ="1">
            <TRANSFORMFIELD DATATYPE ="integer" DEFAULTVALUE ="" DESCRIPTION ="" NAME ="PROFIT_CENTER3" PICTURETEXT ="" PORTTYPE ="INPUT/OUTPUT" PRECISION ="10" SCALE ="0"/>
            <TRANSFORMFIELD DATATYPE ="string" DEFAULTVALUE ="" DESCRIPTION ="" NAME ="PROFIT_CENTER_SHORT_TEXT3" PICTURETEXT ="" PORTTYPE ="INPUT/OUTPUT" PRECISION ="20" SCALE ="0"/>
            <TRANSFORMFIELD DATATYPE ="string" DEFAULTVALUE ="" DESCRIPTION ="" NAME ="USERID3" PICTURETEXT ="" PORTTYPE ="INPUT/OUTPUT" PRECISION ="40" SCALE ="0"/>
            <TRANSFORMFIELD DATATYPE ="date/time" DEFAULTVALUE ="" DESCRIPTION ="" NAME ="UPDATE_DATE3" PICTURETEXT ="" PORTTYPE ="INPUT/OUTPUT" PRECISION ="29" SCALE ="9"/>
            <TABLEATTRIBUTE NAME ="Update Strategy Expression" VALUE ="DD_UPDATE"/>
            <TABLEATTRIBUTE NAME ="Forward Rejected Rows" VALUE ="YES"/>
            <TABLEATTRIBUTE NAME ="Tracing Level" VALUE ="Normal"/>
        </TRANSFORMATION>
        <TRANSFORMATION DESCRIPTION ="UPD-Inserting data in profit_center table based on primary key" NAME ="UPD_INS_PROFIT_CENTER" OBJECTVERSION ="1" REUSABLE ="NO" TYPE ="Update Strategy" VERSIONNUMBER ="1">
            <TRANSFORMFIELD DATATYPE ="integer" DEFAULTVALUE ="" DESCRIPTION ="" NAME ="PROFIT_CENTER1" PICTURETEXT ="" PORTTYPE ="INPUT/OUTPUT" PRECISION ="10" SCALE ="0"/>
            <TRANSFORMFIELD DATATYPE ="string" DEFAULTVALUE ="" DESCRIPTION ="" NAME ="PROFIT_CENTER_SHORT_TEXT1" PICTURETEXT ="" PORTTYPE ="INPUT/OUTPUT" PRECISION ="20" SCALE ="0"/>
            <TRANSFORMFIELD DATATYPE ="integer" DEFAULTVALUE ="" DESCRIPTION ="" NAME ="BUSINESS_SEG_HIERARCHY_ID1" PICTURETEXT ="" PORTTYPE ="INPUT/OUTPUT" PRECISION ="10" SCALE ="0"/>
            <TRANSFORMFIELD DATATYPE ="integer" DEFAULTVALUE ="" DESCRIPTION ="" NAME ="PRODUCT_GROUP_ID1" PICTURETEXT ="" PORTTYPE ="INPUT/OUTPUT" PRECISION ="10" SCALE ="0"/>
            <TRANSFORMFIELD DATATYPE ="integer" DEFAULTVALUE ="" DESCRIPTION ="" NAME ="CATEGORY_ID1" PICTURETEXT ="" PORTTYPE ="INPUT/OUTPUT" PRECISION ="10" SCALE ="0"/>
            <TRANSFORMFIELD DATATYPE ="integer" DEFAULTVALUE ="" DESCRIPTION ="" NAME ="BRAND_GROUP_ID1" PICTURETEXT ="" PORTTYPE ="INPUT/OUTPUT" PRECISION ="10" SCALE ="0"/>
            <TRANSFORMFIELD DATATYPE ="integer" DEFAULTVALUE ="" DESCRIPTION ="" NAME ="GENDER_AGE_ID1" PICTURETEXT ="" PORTTYPE ="INPUT/OUTPUT" PRECISION ="10" SCALE ="0"/>
            <TRANSFORMFIELD DATATYPE ="integer" DEFAULTVALUE ="" DESCRIPTION ="" NAME ="ACCOUNTING_LEVEL2_ID1" PICTURETEXT ="" PORTTYPE ="INPUT/OUTPUT" PRECISION ="10" SCALE ="0"/>
            <TRANSFORMFIELD DATATYPE ="string" DEFAULTVALUE ="" DESCRIPTION ="" NAME ="USERID1" PICTURETEXT ="" PORTTYPE ="INPUT/OUTPUT" PRECISION ="40" SCALE ="0"/>
            <TRANSFORMFIELD DATATYPE ="date/time" DEFAULTVALUE ="" DESCRIPTION ="" NAME ="CREATE_DATE1" PICTURETEXT ="" PORTTYPE ="INPUT/OUTPUT" PRECISION ="29" SCALE ="9"/>
            <TRANSFORMFIELD DATATYPE ="date/time" DEFAULTVALUE ="" DESCRIPTION ="" NAME ="UPDATE_DATE1" PICTURETEXT ="" PORTTYPE ="INPUT/OUTPUT" PRECISION ="29" SCALE ="9"/>
            <TRANSFORMFIELD DATATYPE ="integer" DEFAULTVALUE ="" DESCRIPTION ="" NAME ="SUBBRAND_ID1" PICTURETEXT ="" PORTTYPE ="INPUT/OUTPUT" PRECISION ="10" SCALE ="0"/>
            <TRANSFORMFIELD DATATYPE ="integer" DEFAULTVALUE ="" DESCRIPTION ="" NAME ="SUBCATEGORY_ID1" PICTURETEXT ="" PORTTYPE ="INPUT/OUTPUT" PRECISION ="10" SCALE ="0"/>
            <TABLEATTRIBUTE NAME ="Update Strategy Expression" VALUE ="DD_INSERT"/>
            <TABLEATTRIBUTE NAME ="Forward Rejected Rows" VALUE ="YES"/>
            <TABLEATTRIBUTE NAME ="Tracing Level" VALUE ="Normal"/>
        </TRANSFORMATION>
        <TRANSFORMATION DESCRIPTION ="Lookup on target table (Profit_center)" NAME ="LKP_PROFIT_CENTER" OBJECTVERSION ="1" REUSABLE ="NO" TYPE ="Lookup Procedure" VERSIONNUMBER ="1">
            <TRANSFORMFIELD DATATYPE ="integer" DEFAULTVALUE ="" DESCRIPTION ="" NAME ="PROFIT_CENTER" PICTURETEXT ="" PORTTYPE ="LOOKUP/OUTPUT" PRECISION ="10" SCALE ="0"/>
            <TRANSFORMFIELD DATATYPE ="integer" DEFAULTVALUE ="" DESCRIPTION ="" NAME ="I_PROFIT_CENTER" PICTURETEXT ="" PORTTYPE ="INPUT" PRECISION ="10" SCALE ="0"/>
            <TABLEATTRIBUTE NAME ="Lookup Sql Override" VALUE ="SELECT profit_center.PROFIT_CENTER as PROFIT_CENTER FROM profit_center WITH (NOLOCK)"/>
            <TABLEATTRIBUTE NAME ="Lookup table name" VALUE ="profit_center"/>
            <TABLEATTRIBUTE NAME ="Lookup Source Filter" VALUE =""/>
            <TABLEATTRIBUTE NAME ="Lookup caching enabled" VALUE ="YES"/>
            <TABLEATTRIBUTE NAME ="Lookup policy on multiple match" VALUE ="Use Any Value"/>
            <TABLEATTRIBUTE NAME ="Lookup condition" VALUE ="PROFIT_CENTER = I_PROFIT_CENTER"/>
            <TABLEATTRIBUTE NAME ="Connection Information" VALUE ="EDM_DBO"/>
            <TABLEATTRIBUTE NAME ="Source Type" VALUE ="Database"/>
            <TABLEATTRIBUTE NAME ="Recache if Stale" VALUE ="NO"/>
            <TABLEATTRIBUTE NAME ="Tracing Level" VALUE ="Normal"/>
            <TABLEATTRIBUTE NAME ="Lookup cache directory name" VALUE ="$PMCacheDir"/>
            <TABLEATTRIBUTE NAME ="Lookup cache initialize" VALUE ="NO"/>
            <TABLEATTRIBUTE NAME ="Lookup cache persistent" VALUE ="NO"/>
            <TABLEATTRIBUTE NAME ="Lookup Data Cache Size" VALUE ="Auto"/>
            <TABLEATTRIBUTE NAME ="Lookup Index Cache Size" VALUE ="Auto"/>
            <TABLEATTRIBUTE NAME ="Dynamic Lookup Cache" VALUE ="NO"/>
            <TABLEATTRIBUTE NAME ="Synchronize Dynamic Cache" VALUE ="NO"/>
            <TABLEATTRIBUTE NAME ="Output Old Value On Update" VALUE ="NO"/>
            <TABLEATTRIBUTE NAME ="Update Dynamic Cache Condition" VALUE ="TRUE"/>
            <TABLEATTRIBUTE NAME ="Cache File Name Prefix" VALUE =""/>
            <TABLEATTRIBUTE NAME ="Re-cache from lookup source" VALUE ="NO"/>
            <TABLEATTRIBUTE NAME ="Insert Else Update" VALUE ="NO"/>
            <TABLEATTRIBUTE NAME ="Update Else Insert" VALUE ="NO"/>
            <TABLEATTRIBUTE NAME ="Datetime Format" VALUE =""/>
            <TABLEATTRIBUTE NAME ="Thousand Separator" VALUE ="None"/>
            <TABLEATTRIBUTE NAME ="Decimal Separator" VALUE ="."/>
            <TABLEATTRIBUTE NAME ="Case Sensitive String Comparison" VALUE ="NO"/>
            <TABLEATTRIBUTE NAME ="Null ordering" VALUE ="Null Is Highest Value"/>
            <TABLEATTRIBUTE NAME ="Sorted Input" VALUE ="NO"/>
            <TABLEATTRIBUTE NAME ="Lookup source is static" VALUE ="NO"/>
            <TABLEATTRIBUTE NAME ="Pre-build lookup cache" VALUE ="Auto"/>
            <TABLEATTRIBUTE NAME ="Subsecond Precision" VALUE ="6"/>
        </TRANSFORMATION>
        <TRANSFORMATION DESCRIPTION ="SQ-STAGING.STG_S4_GTID_DER" NAME ="SQ_STG_S4_GTID_DER" OBJECTVERSION ="1" REUSABLE ="NO" TYPE ="Source Qualifier" VERSIONNUMBER ="1">
            <TRANSFORMFIELD DATATYPE ="string" DEFAULTVALUE ="" DESCRIPTION ="" NAME ="PROFIT_CENTER" PICTURETEXT ="" PORTTYPE ="INPUT/OUTPUT" PRECISION ="10" SCALE ="0"/>
            <TRANSFORMFIELD DATATYPE ="string" DEFAULTVALUE ="" DESCRIPTION ="" NAME ="PROFIT_CENTER_SHORT_TEXT" PICTURETEXT ="" PORTTYPE ="INPUT/OUTPUT" PRECISION ="20" SCALE ="0"/>
            <TABLEATTRIBUTE NAME ="Sql Query" VALUE ="SELECT DISTINCT PROFIT_CENTER&#x9;AS &#x9;PROFIT_CENTER&#xD;&#xA;, PROFIT_CENTER_SHORT_TEXT&#x9;AS &#x9;PROFIT_CENTER_DESC&#xD;&#xA;FROM   STAGING.STG_S4_GTID_DER where LENGTH(TRIM(TRANSLATE(profit_center, &apos; +-.0123456789&apos;, &apos; &apos;))) is null"/>
            <TABLEATTRIBUTE NAME ="User Defined Join" VALUE =""/>
            <TABLEATTRIBUTE NAME ="Source Filter" VALUE =""/>
            <TABLEATTRIBUTE NAME ="Number Of Sorted Ports" VALUE ="0"/>
            <TABLEATTRIBUTE NAME ="Tracing Level" VALUE ="Normal"/>
            <TABLEATTRIBUTE NAME ="Select Distinct" VALUE ="NO"/>
            <TABLEATTRIBUTE NAME ="Is Partitionable" VALUE ="NO"/>
            <TABLEATTRIBUTE NAME ="Pre SQL" VALUE =""/>
            <TABLEATTRIBUTE NAME ="Post SQL" VALUE =""/>
            <TABLEATTRIBUTE NAME ="Output is deterministic" VALUE ="NO"/>
            <TABLEATTRIBUTE NAME ="Output is repeatable" VALUE ="Never"/>
        </TRANSFORMATION>
        <TRANSFORMATION DESCRIPTION ="Transformation to route records for INSERT or UPDATE" NAME ="RTR_INS_UPD" OBJECTVERSION ="1" REUSABLE ="NO" TYPE ="Router" VERSIONNUMBER ="1">
            <GROUP DESCRIPTION ="" NAME ="INPUT" ORDER ="1" TYPE ="INPUT"/>
            <GROUP DESCRIPTION ="" EXPRESSION ="ISNULL(I_LKP_PROFIT_CENTER)" NAME ="INS_FLG" ORDER ="2" TYPE ="OUTPUT"/>
            <GROUP DESCRIPTION ="Path for the data when none of the group conditions are satisfied." NAME ="DEFAULT1" ORDER ="4" TYPE ="OUTPUT/DEFAULT"/>
            <GROUP DESCRIPTION ="" EXPRESSION ="NOT ISNULL(I_LKP_PROFIT_CENTER)" NAME ="UPD_FLG" ORDER ="3" TYPE ="OUTPUT"/>
            <TRANSFORMFIELD DATATYPE ="integer" DEFAULTVALUE ="" DESCRIPTION ="" GROUP ="INPUT" NAME ="I_LKP_PROFIT_CENTER" PICTURETEXT ="" PORTTYPE ="INPUT" PRECISION ="10" SCALE ="0"/>
            <TRANSFORMFIELD DATATYPE ="integer" DEFAULTVALUE ="" DESCRIPTION ="" GROUP ="INPUT" NAME ="PROFIT_CENTER" PICTURETEXT ="" PORTTYPE ="INPUT" PRECISION ="10" SCALE ="0"/>
            <TRANSFORMFIELD DATATYPE ="string" DEFAULTVALUE ="" DESCRIPTION ="" GROUP ="INPUT" NAME ="PROFIT_CENTER_SHORT_TEXT" PICTURETEXT ="" PORTTYPE ="INPUT" PRECISION ="20" SCALE ="0"/>
            <TRANSFORMFIELD DATATYPE ="integer" DEFAULTVALUE ="" DESCRIPTION ="" GROUP ="INPUT" NAME ="BUSINESS_SEG_HIERARCHY_ID" PICTURETEXT ="" PORTTYPE ="INPUT" PRECISION ="10" SCALE ="0"/>
            <TRANSFORMFIELD DATATYPE ="integer" DEFAULTVALUE ="" DESCRIPTION ="" GROUP ="INPUT" NAME ="PRODUCT_GROUP_ID" PICTURETEXT ="" PORTTYPE ="INPUT" PRECISION ="10" SCALE ="0"/>
            <TRANSFORMFIELD DATATYPE ="integer" DEFAULTVALUE ="" DESCRIPTION ="" GROUP ="INPUT" NAME ="CATEGORY_ID" PICTURETEXT ="" PORTTYPE ="INPUT" PRECISION ="10" SCALE ="0"/>
            <TRANSFORMFIELD DATATYPE ="integer" DEFAULTVALUE ="" DESCRIPTION ="" GROUP ="INPUT" NAME ="BRAND_GROUP_ID" PICTURETEXT ="" PORTTYPE ="INPUT" PRECISION ="10" SCALE ="0"/>
            <TRANSFORMFIELD DATATYPE ="integer" DEFAULTVALUE ="" DESCRIPTION ="" GROUP ="INPUT" NAME ="GENDER_AGE_ID" PICTURETEXT ="" PORTTYPE ="INPUT" PRECISION ="10" SCALE ="0"/>
            <TRANSFORMFIELD DATATYPE ="integer" DEFAULTVALUE ="" DESCRIPTION ="" GROUP ="INPUT" NAME ="ACCOUNTING_LEVEL2_ID" PICTURETEXT ="" PORTTYPE ="INPUT" PRECISION ="10" SCALE ="0"/>
            <TRANSFORMFIELD DATATYPE ="string" DEFAULTVALUE ="" DESCRIPTION ="" GROUP ="INPUT" NAME ="USERID" PICTURETEXT ="" PORTTYPE ="INPUT" PRECISION ="40" SCALE ="0"/>
            <TRANSFORMFIELD DATATYPE ="date/time" DEFAULTVALUE ="" DESCRIPTION ="" GROUP ="INPUT" NAME ="CREATE_DATE" PICTURETEXT ="" PORTTYPE ="INPUT" PRECISION ="29" SCALE ="9"/>
            <TRANSFORMFIELD DATATYPE ="date/time" DEFAULTVALUE ="" DESCRIPTION ="" GROUP ="INPUT" NAME ="UPDATE_DATE" PICTURETEXT ="" PORTTYPE ="INPUT" PRECISION ="29" SCALE ="9"/>
            <TRANSFORMFIELD DATATYPE ="integer" DEFAULTVALUE ="" DESCRIPTION ="" GROUP ="INPUT" NAME ="SUBBRAND_ID" PICTURETEXT ="" PORTTYPE ="INPUT" PRECISION ="10" SCALE ="0"/>
            <TRANSFORMFIELD DATATYPE ="integer" DEFAULTVALUE ="" DESCRIPTION ="" GROUP ="INPUT" NAME ="SUBCATEGORY_ID" PICTURETEXT ="" PORTTYPE ="INPUT" PRECISION ="10" SCALE ="0"/>
            <TRANSFORMFIELD DATATYPE ="integer" DEFAULTVALUE ="" DESCRIPTION ="" GROUP ="INS_FLG" NAME ="I_LKP_PROFIT_CENTER1" PICTURETEXT ="" PORTTYPE ="OUTPUT" PRECISION ="10" REF_FIELD ="I_LKP_PROFIT_CENTER" SCALE ="0"/>
            <TRANSFORMFIELD DATATYPE ="integer" DEFAULTVALUE ="" DESCRIPTION ="" GROUP ="INS_FLG" NAME ="PROFIT_CENTER1" PICTURETEXT ="" PORTTYPE ="OUTPUT" PRECISION ="10" REF_FIELD ="PROFIT_CENTER" SCALE ="0"/>
            <TRANSFORMFIELD DATATYPE ="string" DEFAULTVALUE ="" DESCRIPTION ="" GROUP ="INS_FLG" NAME ="PROFIT_CENTER_SHORT_TEXT1" PICTURETEXT ="" PORTTYPE ="OUTPUT" PRECISION ="20" REF_FIELD ="PROFIT_CENTER_SHORT_TEXT" SCALE ="0"/>
            <TRANSFORMFIELD DATATYPE ="integer" DEFAULTVALUE ="" DESCRIPTION ="" GROUP ="INS_FLG" NAME ="BUSINESS_SEG_HIERARCHY_ID1" PICTURETEXT ="" PORTTYPE ="OUTPUT" PRECISION ="10" REF_FIELD ="BUSINESS_SEG_HIERARCHY_ID" SCALE ="0"/>
            <TRANSFORMFIELD DATATYPE ="integer" DEFAULTVALUE ="" DESCRIPTION ="" GROUP ="INS_FLG" NAME ="PRODUCT_GROUP_ID1" PICTURETEXT ="" PORTTYPE ="OUTPUT" PRECISION ="10" REF_FIELD ="PRODUCT_GROUP_ID" SCALE ="0"/>
            <TRANSFORMFIELD DATATYPE ="integer" DEFAULTVALUE ="" DESCRIPTION ="" GROUP ="INS_FLG" NAME ="CATEGORY_ID1" PICTURETEXT ="" PORTTYPE ="OUTPUT" PRECISION ="10" REF_FIELD ="CATEGORY_ID" SCALE ="0"/>
            <TRANSFORMFIELD DATATYPE ="integer" DEFAULTVALUE ="" DESCRIPTION ="" GROUP ="INS_FLG" NAME ="BRAND_GROUP_ID1" PICTURETEXT ="" PORTTYPE ="OUTPUT" PRECISION ="10" REF_FIELD ="BRAND_GROUP_ID" SCALE ="0"/>
            <TRANSFORMFIELD DATATYPE ="integer" DEFAULTVALUE ="" DESCRIPTION ="" GROUP ="INS_FLG" NAME ="GENDER_AGE_ID1" PICTURETEXT ="" PORTTYPE ="OUTPUT" PRECISION ="10" REF_FIELD ="GENDER_AGE_ID" SCALE ="0"/>
            <TRANSFORMFIELD DATATYPE ="integer" DEFAULTVALUE ="" DESCRIPTION ="" GROUP ="INS_FLG" NAME ="ACCOUNTING_LEVEL2_ID1" PICTURETEXT ="" PORTTYPE ="OUTPUT" PRECISION ="10" REF_FIELD ="ACCOUNTING_LEVEL2_ID" SCALE ="0"/>
            <TRANSFORMFIELD DATATYPE ="string" DEFAULTVALUE ="" DESCRIPTION ="" GROUP ="INS_FLG" NAME ="USERID1" PICTURETEXT ="" PORTTYPE ="OUTPUT" PRECISION ="40" REF_FIELD ="USERID" SCALE ="0"/>
            <TRANSFORMFIELD DATATYPE ="date/time" DEFAULTVALUE ="" DESCRIPTION ="" GROUP ="INS_FLG" NAME ="CREATE_DATE1" PICTURETEXT ="" PORTTYPE ="OUTPUT" PRECISION ="29" REF_FIELD ="CREATE_DATE" SCALE ="9"/>
            <TRANSFORMFIELD DATATYPE ="date/time" DEFAULTVALUE ="" DESCRIPTION ="" GROUP ="INS_FLG" NAME ="UPDATE_DATE1" PICTURETEXT ="" PORTTYPE ="OUTPUT" PRECISION ="29" REF_FIELD ="UPDATE_DATE" SCALE ="9"/>
            <TRANSFORMFIELD DATATYPE ="integer" DEFAULTVALUE ="" DESCRIPTION ="" GROUP ="INS_FLG" NAME ="SUBBRAND_ID1" PICTURETEXT ="" PORTTYPE ="OUTPUT" PRECISION ="10" REF_FIELD ="SUBBRAND_ID" SCALE ="0"/>
            <TRANSFORMFIELD DATATYPE ="integer" DEFAULTVALUE ="" DESCRIPTION ="" GROUP ="INS_FLG" NAME ="SUBCATEGORY_ID1" PICTURETEXT ="" PORTTYPE ="OUTPUT" PRECISION ="10" REF_FIELD ="SUBCATEGORY_ID" SCALE ="0"/>
            <TRANSFORMFIELD DATATYPE ="integer" DEFAULTVALUE ="" DESCRIPTION ="" GROUP ="UPD_FLG" NAME ="I_LKP_PROFIT_CENTER3" PICTURETEXT ="" PORTTYPE ="OUTPUT" PRECISION ="10" REF_FIELD ="I_LKP_PROFIT_CENTER" SCALE ="0"/>
            <TRANSFORMFIELD DATATYPE ="integer" DEFAULTVALUE ="" DESCRIPTION ="" GROUP ="UPD_FLG" NAME ="PROFIT_CENTER3" PICTURETEXT ="" PORTTYPE ="OUTPUT" PRECISION ="10" REF_FIELD ="PROFIT_CENTER" SCALE ="0"/>
            <TRANSFORMFIELD DATATYPE ="string" DEFAULTVALUE ="" DESCRIPTION ="" GROUP ="UPD_FLG" NAME ="PROFIT_CENTER_SHORT_TEXT3" PICTURETEXT ="" PORTTYPE ="OUTPUT" PRECISION ="20" REF_FIELD ="PROFIT_CENTER_SHORT_TEXT" SCALE ="0"/>
            <TRANSFORMFIELD DATATYPE ="integer" DEFAULTVALUE ="" DESCRIPTION ="" GROUP ="UPD_FLG" NAME ="BUSINESS_SEG_HIERARCHY_ID3" PICTURETEXT ="" PORTTYPE ="OUTPUT" PRECISION ="10" REF_FIELD ="BUSINESS_SEG_HIERARCHY_ID" SCALE ="0"/>
            <TRANSFORMFIELD DATATYPE ="integer" DEFAULTVALUE ="" DESCRIPTION ="" GROUP ="UPD_FLG" NAME ="PRODUCT_GROUP_ID3" PICTURETEXT ="" PORTTYPE ="OUTPUT" PRECISION ="10" REF_FIELD ="PRODUCT_GROUP_ID" SCALE ="0"/>
            <TRANSFORMFIELD DATATYPE ="integer" DEFAULTVALUE ="" DESCRIPTION ="" GROUP ="UPD_FLG" NAME ="CATEGORY_ID3" PICTURETEXT ="" PORTTYPE ="OUTPUT" PRECISION ="10" REF_FIELD ="CATEGORY_ID" SCALE ="0"/>
            <TRANSFORMFIELD DATATYPE ="integer" DEFAULTVALUE ="" DESCRIPTION ="" GROUP ="UPD_FLG" NAME ="BRAND_GROUP_ID3" PICTURETEXT ="" PORTTYPE ="OUTPUT" PRECISION ="10" REF_FIELD ="BRAND_GROUP_ID" SCALE ="0"/>
            <TRANSFORMFIELD DATATYPE ="integer" DEFAULTVALUE ="" DESCRIPTION ="" GROUP ="UPD_FLG" NAME ="GENDER_AGE_ID3" PICTURETEXT ="" PORTTYPE ="OUTPUT" PRECISION ="10" REF_FIELD ="GENDER_AGE_ID" SCALE ="0"/>
            <TRANSFORMFIELD DATATYPE ="integer" DEFAULTVALUE ="" DESCRIPTION ="" GROUP ="UPD_FLG" NAME ="ACCOUNTING_LEVEL2_ID3" PICTURETEXT ="" PORTTYPE ="OUTPUT" PRECISION ="10" REF_FIELD ="ACCOUNTING_LEVEL2_ID" SCALE ="0"/>
            <TRANSFORMFIELD DATATYPE ="string" DEFAULTVALUE ="" DESCRIPTION ="" GROUP ="UPD_FLG" NAME ="USERID3" PICTURETEXT ="" PORTTYPE ="OUTPUT" PRECISION ="40" REF_FIELD ="USERID" SCALE ="0"/>
            <TRANSFORMFIELD DATATYPE ="date/time" DEFAULTVALUE ="" DESCRIPTION ="" GROUP ="UPD_FLG" NAME ="CREATE_DATE3" PICTURETEXT ="" PORTTYPE ="OUTPUT" PRECISION ="29" REF_FIELD ="CREATE_DATE" SCALE ="9"/>
            <TRANSFORMFIELD DATATYPE ="date/time" DEFAULTVALUE ="" DESCRIPTION ="" GROUP ="UPD_FLG" NAME ="UPDATE_DATE3" PICTURETEXT ="" PORTTYPE ="OUTPUT" PRECISION ="29" REF_FIELD ="UPDATE_DATE" SCALE ="9"/>
            <TRANSFORMFIELD DATATYPE ="integer" DEFAULTVALUE ="" DESCRIPTION ="" GROUP ="UPD_FLG" NAME ="SUBBRAND_ID3" PICTURETEXT ="" PORTTYPE ="OUTPUT" PRECISION ="10" REF_FIELD ="SUBBRAND_ID" SCALE ="0"/>
            <TRANSFORMFIELD DATATYPE ="integer" DEFAULTVALUE ="" DESCRIPTION ="" GROUP ="UPD_FLG" NAME ="SUBCATEGORY_ID3" PICTURETEXT ="" PORTTYPE ="OUTPUT" PRECISION ="10" REF_FIELD ="SUBCATEGORY_ID" SCALE ="0"/>
            <TRANSFORMFIELD DATATYPE ="integer" DEFAULTVALUE ="" DESCRIPTION ="" GROUP ="DEFAULT1" NAME ="I_LKP_PROFIT_CENTER2" PICTURETEXT ="" PORTTYPE ="OUTPUT" PRECISION ="10" REF_FIELD ="I_LKP_PROFIT_CENTER" SCALE ="0"/>
            <TRANSFORMFIELD DATATYPE ="integer" DEFAULTVALUE ="" DESCRIPTION ="" GROUP ="DEFAULT1" NAME ="PROFIT_CENTER2" PICTURETEXT ="" PORTTYPE ="OUTPUT" PRECISION ="10" REF_FIELD ="PROFIT_CENTER" SCALE ="0"/>
            <TRANSFORMFIELD DATATYPE ="string" DEFAULTVALUE ="" DESCRIPTION ="" GROUP ="DEFAULT1" NAME ="PROFIT_CENTER_SHORT_TEXT2" PICTURETEXT ="" PORTTYPE ="OUTPUT" PRECISION ="20" REF_FIELD ="PROFIT_CENTER_SHORT_TEXT" SCALE ="0"/>
            <TRANSFORMFIELD DATATYPE ="integer" DEFAULTVALUE ="" DESCRIPTION ="" GROUP ="DEFAULT1" NAME ="BUSINESS_SEG_HIERARCHY_ID2" PICTURETEXT ="" PORTTYPE ="OUTPUT" PRECISION ="10" REF_FIELD ="BUSINESS_SEG_HIERARCHY_ID" SCALE ="0"/>
            <TRANSFORMFIELD DATATYPE ="integer" DEFAULTVALUE ="" DESCRIPTION ="" GROUP ="DEFAULT1" NAME ="PRODUCT_GROUP_ID2" PICTURETEXT ="" PORTTYPE ="OUTPUT" PRECISION ="10" REF_FIELD ="PRODUCT_GROUP_ID" SCALE ="0"/>
            <TRANSFORMFIELD DATATYPE ="integer" DEFAULTVALUE ="" DESCRIPTION ="" GROUP ="DEFAULT1" NAME ="CATEGORY_ID2" PICTURETEXT ="" PORTTYPE ="OUTPUT" PRECISION ="10" REF_FIELD ="CATEGORY_ID" SCALE ="0"/>
            <TRANSFORMFIELD DATATYPE ="integer" DEFAULTVALUE ="" DESCRIPTION ="" GROUP ="DEFAULT1" NAME ="BRAND_GROUP_ID2" PICTURETEXT ="" PORTTYPE ="OUTPUT" PRECISION ="10" REF_FIELD ="BRAND_GROUP_ID" SCALE ="0"/>
            <TRANSFORMFIELD DATATYPE ="integer" DEFAULTVALUE ="" DESCRIPTION ="" GROUP ="DEFAULT1" NAME ="GENDER_AGE_ID2" PICTURETEXT ="" PORTTYPE ="OUTPUT" PRECISION ="10" REF_FIELD ="GENDER_AGE_ID" SCALE ="0"/>
            <TRANSFORMFIELD DATATYPE ="integer" DEFAULTVALUE ="" DESCRIPTION ="" GROUP ="DEFAULT1" NAME ="ACCOUNTING_LEVEL2_ID2" PICTURETEXT ="" PORTTYPE ="OUTPUT" PRECISION ="10" REF_FIELD ="ACCOUNTING_LEVEL2_ID" SCALE ="0"/>
            <TRANSFORMFIELD DATATYPE ="string" DEFAULTVALUE ="" DESCRIPTION ="" GROUP ="DEFAULT1" NAME ="USERID2" PICTURETEXT ="" PORTTYPE ="OUTPUT" PRECISION ="40" REF_FIELD ="USERID" SCALE ="0"/>
            <TRANSFORMFIELD DATATYPE ="date/time" DEFAULTVALUE ="" DESCRIPTION ="" GROUP ="DEFAULT1" NAME ="CREATE_DATE2" PICTURETEXT ="" PORTTYPE ="OUTPUT" PRECISION ="29" REF_FIELD ="CREATE_DATE" SCALE ="9"/>
            <TRANSFORMFIELD DATATYPE ="date/time" DEFAULTVALUE ="" DESCRIPTION ="" GROUP ="DEFAULT1" NAME ="UPDATE_DATE2" PICTURETEXT ="" PORTTYPE ="OUTPUT" PRECISION ="29" REF_FIELD ="UPDATE_DATE" SCALE ="9"/>
            <TRANSFORMFIELD DATATYPE ="integer" DEFAULTVALUE ="" DESCRIPTION ="" GROUP ="DEFAULT1" NAME ="SUBBRAND_ID2" PICTURETEXT ="" PORTTYPE ="OUTPUT" PRECISION ="10" REF_FIELD ="SUBBRAND_ID" SCALE ="0"/>
            <TRANSFORMFIELD DATATYPE ="integer" DEFAULTVALUE ="" DESCRIPTION ="" GROUP ="DEFAULT1" NAME ="SUBCATEGORY_ID2" PICTURETEXT ="" PORTTYPE ="OUTPUT" PRECISION ="10" REF_FIELD ="SUBCATEGORY_ID" SCALE ="0"/>
            <TABLEATTRIBUTE NAME ="Tracing Level" VALUE ="Normal"/>
        </TRANSFORMATION>
        <INSTANCE DESCRIPTION ="UPD - Loading data from STG_S4_GTID_DER " NAME ="PROFIT_CENTER_UPD" TRANSFORMATION_NAME ="PROFIT_CENTER" TRANSFORMATION_TYPE ="Target Definition" TYPE ="TARGET"/>
        <INSTANCE DESCRIPTION ="INS-Loading data from STG_S4_GTID_DER " NAME ="PROFIT_CENTER_INS" TRANSFORMATION_NAME ="PROFIT_CENTER" TRANSFORMATION_TYPE ="Target Definition" TYPE ="TARGET"/>
        <INSTANCE DBDNAME ="oakdwhd1" DESCRIPTION ="SOURCE TABLE-STAGING.STG_S4_GTID_DER" NAME ="STG_S4_GTID_DER" TRANSFORMATION_NAME ="STG_S4_GTID_DER" TRANSFORMATION_TYPE ="Source Definition" TYPE ="SOURCE"/>
        <INSTANCE DESCRIPTION ="EXP- Derving new columns" NAME ="EXP_CALC" REUSABLE ="NO" TRANSFORMATION_NAME ="EXP_CALC" TRANSFORMATION_TYPE ="Expression" TYPE ="TRANSFORMATION"/>
        <INSTANCE DESCRIPTION ="UPD-Updating data in profit_center table based on primary key" NAME ="UPD_PROFIT_CENTER" REUSABLE ="NO" TRANSFORMATION_NAME ="UPD_PROFIT_CENTER" TRANSFORMATION_TYPE ="Update Strategy" TYPE ="TRANSFORMATION"/>
        <INSTANCE DESCRIPTION ="UPD-Inserting data in profit_center table based on primary key" NAME ="UPD_INS_PROFIT_CENTER" REUSABLE ="NO" TRANSFORMATION_NAME ="UPD_INS_PROFIT_CENTER" TRANSFORMATION_TYPE ="Update Strategy" TYPE ="TRANSFORMATION"/>
        <INSTANCE DESCRIPTION ="Lookup on target table (Profit_center)" NAME ="LKP_PROFIT_CENTER" REUSABLE ="NO" TRANSFORMATION_NAME ="LKP_PROFIT_CENTER" TRANSFORMATION_TYPE ="Lookup Procedure" TYPE ="TRANSFORMATION"/>
        <INSTANCE DESCRIPTION ="SQ-STAGING.STG_S4_GTID_DER" NAME ="SQ_STG_S4_GTID_DER" REUSABLE ="NO" TRANSFORMATION_NAME ="SQ_STG_S4_GTID_DER" TRANSFORMATION_TYPE ="Source Qualifier" TYPE ="TRANSFORMATION">
            <ASSOCIATED_SOURCE_INSTANCE NAME ="STG_S4_GTID_DER"/>
        </INSTANCE>
        <INSTANCE DESCRIPTION ="Transformation to route records for INSERT or UPDATE" NAME ="RTR_INS_UPD" REUSABLE ="NO" TRANSFORMATION_NAME ="RTR_INS_UPD" TRANSFORMATION_TYPE ="Router" TYPE ="TRANSFORMATION"/>
        <CONNECTOR FROMFIELD ="PROFIT_CENTER3" FROMINSTANCE ="UPD_PROFIT_CENTER" FROMINSTANCETYPE ="Update Strategy" TOFIELD ="PROFIT_CENTER" TOINSTANCE ="PROFIT_CENTER_UPD" TOINSTANCETYPE ="Target Definition"/>
        <CONNECTOR FROMFIELD ="PROFIT_CENTER_SHORT_TEXT3" FROMINSTANCE ="UPD_PROFIT_CENTER" FROMINSTANCETYPE ="Update Strategy" TOFIELD ="PROFIT_CENTER_DESC" TOINSTANCE ="PROFIT_CENTER_UPD" TOINSTANCETYPE ="Target Definition"/>
        <CONNECTOR FROMFIELD ="USERID3" FROMINSTANCE ="UPD_PROFIT_CENTER" FROMINSTANCETYPE ="Update Strategy" TOFIELD ="USERID" TOINSTANCE ="PROFIT_CENTER_UPD" TOINSTANCETYPE ="Target Definition"/>
        <CONNECTOR FROMFIELD ="UPDATE_DATE3" FROMINSTANCE ="UPD_PROFIT_CENTER" FROMINSTANCETYPE ="Update Strategy" TOFIELD ="UPDATE_DATE" TOINSTANCE ="PROFIT_CENTER_UPD" TOINSTANCETYPE ="Target Definition"/>
        <CONNECTOR FROMFIELD ="PROFIT_CENTER1" FROMINSTANCE ="UPD_INS_PROFIT_CENTER" FROMINSTANCETYPE ="Update Strategy" TOFIELD ="PROFIT_CENTER" TOINSTANCE ="PROFIT_CENTER_INS" TOINSTANCETYPE ="Target Definition"/>
        <CONNECTOR FROMFIELD ="PROFIT_CENTER_SHORT_TEXT1" FROMINSTANCE ="UPD_INS_PROFIT_CENTER" FROMINSTANCETYPE ="Update Strategy" TOFIELD ="PROFIT_CENTER_DESC" TOINSTANCE ="PROFIT_CENTER_INS" TOINSTANCETYPE ="Target Definition"/>
        <CONNECTOR FROMFIELD ="USERID1" FROMINSTANCE ="UPD_INS_PROFIT_CENTER" FROMINSTANCETYPE ="Update Strategy" TOFIELD ="USERID" TOINSTANCE ="PROFIT_CENTER_INS" TOINSTANCETYPE ="Target Definition"/>
        <CONNECTOR FROMFIELD ="CREATE_DATE1" FROMINSTANCE ="UPD_INS_PROFIT_CENTER" FROMINSTANCETYPE ="Update Strategy" TOFIELD ="CREATE_DATE" TOINSTANCE ="PROFIT_CENTER_INS" TOINSTANCETYPE ="Target Definition"/>
        <CONNECTOR FROMFIELD ="UPDATE_DATE1" FROMINSTANCE ="UPD_INS_PROFIT_CENTER" FROMINSTANCETYPE ="Update Strategy" TOFIELD ="UPDATE_DATE" TOINSTANCE ="PROFIT_CENTER_INS" TOINSTANCETYPE ="Target Definition"/>
        <CONNECTOR FROMFIELD ="BUSINESS_SEG_HIERARCHY_ID1" FROMINSTANCE ="UPD_INS_PROFIT_CENTER" FROMINSTANCETYPE ="Update Strategy" TOFIELD ="BUSINESS_SEG_HIERARCHY_ID" TOINSTANCE ="PROFIT_CENTER_INS" TOINSTANCETYPE ="Target Definition"/>
        <CONNECTOR FROMFIELD ="PRODUCT_GROUP_ID1" FROMINSTANCE ="UPD_INS_PROFIT_CENTER" FROMINSTANCETYPE ="Update Strategy" TOFIELD ="PRODUCT_GROUP_ID" TOINSTANCE ="PROFIT_CENTER_INS" TOINSTANCETYPE ="Target Definition"/>
        <CONNECTOR FROMFIELD ="CATEGORY_ID1" FROMINSTANCE ="UPD_INS_PROFIT_CENTER" FROMINSTANCETYPE ="Update Strategy" TOFIELD ="CATEGORY_ID" TOINSTANCE ="PROFIT_CENTER_INS" TOINSTANCETYPE ="Target Definition"/>
        <CONNECTOR FROMFIELD ="BRAND_GROUP_ID1" FROMINSTANCE ="UPD_INS_PROFIT_CENTER" FROMINSTANCETYPE ="Update Strategy" TOFIELD ="BRAND_GROUP_ID" TOINSTANCE ="PROFIT_CENTER_INS" TOINSTANCETYPE ="Target Definition"/>
        <CONNECTOR FROMFIELD ="GENDER_AGE_ID1" FROMINSTANCE ="UPD_INS_PROFIT_CENTER" FROMINSTANCETYPE ="Update Strategy" TOFIELD ="GENDER_AGE_ID" TOINSTANCE ="PROFIT_CENTER_INS" TOINSTANCETYPE ="Target Definition"/>
        <CONNECTOR FROMFIELD ="ACCOUNTING_LEVEL2_ID1" FROMINSTANCE ="UPD_INS_PROFIT_CENTER" FROMINSTANCETYPE ="Update Strategy" TOFIELD ="ACCOUNTING_LEVEL2_ID" TOINSTANCE ="PROFIT_CENTER_INS" TOINSTANCETYPE ="Target Definition"/>
        <CONNECTOR FROMFIELD ="SUBBRAND_ID1" FROMINSTANCE ="UPD_INS_PROFIT_CENTER" FROMINSTANCETYPE ="Update Strategy" TOFIELD ="SUBBRAND_ID" TOINSTANCE ="PROFIT_CENTER_INS" TOINSTANCETYPE ="Target Definition"/>
        <CONNECTOR FROMFIELD ="SUBCATEGORY_ID1" FROMINSTANCE ="UPD_INS_PROFIT_CENTER" FROMINSTANCETYPE ="Update Strategy" TOFIELD ="SUBCATEGORY_ID" TOINSTANCE ="PROFIT_CENTER_INS" TOINSTANCETYPE ="Target Definition"/>
        <CONNECTOR FROMFIELD ="PROFIT_CENTER" FROMINSTANCE ="STG_S4_GTID_DER" FROMINSTANCETYPE ="Source Definition" TOFIELD ="PROFIT_CENTER" TOINSTANCE ="SQ_STG_S4_GTID_DER" TOINSTANCETYPE ="Source Qualifier"/>
        <CONNECTOR FROMFIELD ="PROFIT_CENTER_SHORT_TEXT" FROMINSTANCE ="STG_S4_GTID_DER" FROMINSTANCETYPE ="Source Definition" TOFIELD ="PROFIT_CENTER_SHORT_TEXT" TOINSTANCE ="SQ_STG_S4_GTID_DER" TOINSTANCETYPE ="Source Qualifier"/>
        <CONNECTOR FROMFIELD ="I_PROFIT_CENTER_SHORT_TEXT" FROMINSTANCE ="EXP_CALC" FROMINSTANCETYPE ="Expression" TOFIELD ="PROFIT_CENTER_SHORT_TEXT" TOINSTANCE ="RTR_INS_UPD" TOINSTANCETYPE ="Router"/>
        <CONNECTOR FROMFIELD ="BUSINESS_SEG_HIERARCHY_ID" FROMINSTANCE ="EXP_CALC" FROMINSTANCETYPE ="Expression" TOFIELD ="BUSINESS_SEG_HIERARCHY_ID" TOINSTANCE ="RTR_INS_UPD" TOINSTANCETYPE ="Router"/>
        <CONNECTOR FROMFIELD ="PRODUCT_GROUP_ID" FROMINSTANCE ="EXP_CALC" FROMINSTANCETYPE ="Expression" TOFIELD ="PRODUCT_GROUP_ID" TOINSTANCE ="RTR_INS_UPD" TOINSTANCETYPE ="Router"/>
        <CONNECTOR FROMFIELD ="CATEGORY_ID" FROMINSTANCE ="EXP_CALC" FROMINSTANCETYPE ="Expression" TOFIELD ="CATEGORY_ID" TOINSTANCE ="RTR_INS_UPD" TOINSTANCETYPE ="Router"/>
        <CONNECTOR FROMFIELD ="BRAND_GROUP_ID" FROMINSTANCE ="EXP_CALC" FROMINSTANCETYPE ="Expression" TOFIELD ="BRAND_GROUP_ID" TOINSTANCE ="RTR_INS_UPD" TOINSTANCETYPE ="Router"/>
        <CONNECTOR FROMFIELD ="GENDER_AGE_ID" FROMINSTANCE ="EXP_CALC" FROMINSTANCETYPE ="Expression" TOFIELD ="GENDER_AGE_ID" TOINSTANCE ="RTR_INS_UPD" TOINSTANCETYPE ="Router"/>
        <CONNECTOR FROMFIELD ="ACCOUNTING_LEVEL2_ID" FROMINSTANCE ="EXP_CALC" FROMINSTANCETYPE ="Expression" TOFIELD ="ACCOUNTING_LEVEL2_ID" TOINSTANCE ="RTR_INS_UPD" TOINSTANCETYPE ="Router"/>
        <CONNECTOR FROMFIELD ="USERID" FROMINSTANCE ="EXP_CALC" FROMINSTANCETYPE ="Expression" TOFIELD ="USERID" TOINSTANCE ="RTR_INS_UPD" TOINSTANCETYPE ="Router"/>
        <CONNECTOR FROMFIELD ="CREATE_DATE" FROMINSTANCE ="EXP_CALC" FROMINSTANCETYPE ="Expression" TOFIELD ="CREATE_DATE" TOINSTANCE ="RTR_INS_UPD" TOINSTANCETYPE ="Router"/>
        <CONNECTOR FROMFIELD ="UPDATE_DATE" FROMINSTANCE ="EXP_CALC" FROMINSTANCETYPE ="Expression" TOFIELD ="UPDATE_DATE" TOINSTANCE ="RTR_INS_UPD" TOINSTANCETYPE ="Router"/>
        <CONNECTOR FROMFIELD ="SUBBRAND_ID" FROMINSTANCE ="EXP_CALC" FROMINSTANCETYPE ="Expression" TOFIELD ="SUBBRAND_ID" TOINSTANCE ="RTR_INS_UPD" TOINSTANCETYPE ="Router"/>
        <CONNECTOR FROMFIELD ="SUBCATEGORY_ID" FROMINSTANCE ="EXP_CALC" FROMINSTANCETYPE ="Expression" TOFIELD ="SUBCATEGORY_ID" TOINSTANCE ="RTR_INS_UPD" TOINSTANCETYPE ="Router"/>
        <CONNECTOR FROMFIELD ="O_PROFIT_CENTER" FROMINSTANCE ="EXP_CALC" FROMINSTANCETYPE ="Expression" TOFIELD ="PROFIT_CENTER" TOINSTANCE ="RTR_INS_UPD" TOINSTANCETYPE ="Router"/>
        <CONNECTOR FROMFIELD ="PROFIT_CENTER" FROMINSTANCE ="SQ_STG_S4_GTID_DER" FROMINSTANCETYPE ="Source Qualifier" TOFIELD ="I_PROFIT_CENTER" TOINSTANCE ="EXP_CALC" TOINSTANCETYPE ="Expression"/>
        <CONNECTOR FROMFIELD ="PROFIT_CENTER_SHORT_TEXT" FROMINSTANCE ="SQ_STG_S4_GTID_DER" FROMINSTANCETYPE ="Source Qualifier" TOFIELD ="I_PROFIT_CENTER_SHORT_TEXT" TOINSTANCE ="EXP_CALC" TOINSTANCETYPE ="Expression"/>
        <CONNECTOR FROMFIELD ="O_PROFIT_CENTER" FROMINSTANCE ="EXP_CALC" FROMINSTANCETYPE ="Expression" TOFIELD ="I_PROFIT_CENTER" TOINSTANCE ="LKP_PROFIT_CENTER" TOINSTANCETYPE ="Lookup Procedure"/>
        <CONNECTOR FROMFIELD ="PROFIT_CENTER3" FROMINSTANCE ="RTR_INS_UPD" FROMINSTANCETYPE ="Router" TOFIELD ="PROFIT_CENTER3" TOINSTANCE ="UPD_PROFIT_CENTER" TOINSTANCETYPE ="Update Strategy"/>
        <CONNECTOR FROMFIELD ="PROFIT_CENTER_SHORT_TEXT3" FROMINSTANCE ="RTR_INS_UPD" FROMINSTANCETYPE ="Router" TOFIELD ="PROFIT_CENTER_SHORT_TEXT3" TOINSTANCE ="UPD_PROFIT_CENTER" TOINSTANCETYPE ="Update Strategy"/>
        <CONNECTOR FROMFIELD ="USERID3" FROMINSTANCE ="RTR_INS_UPD" FROMINSTANCETYPE ="Router" TOFIELD ="USERID3" TOINSTANCE ="UPD_PROFIT_CENTER" TOINSTANCETYPE ="Update Strategy"/>
        <CONNECTOR FROMFIELD ="UPDATE_DATE3" FROMINSTANCE ="RTR_INS_UPD" FROMINSTANCETYPE ="Router" TOFIELD ="UPDATE_DATE3" TOINSTANCE ="UPD_PROFIT_CENTER" TOINSTANCETYPE ="Update Strategy"/>
        <CONNECTOR FROMFIELD ="PROFIT_CENTER1" FROMINSTANCE ="RTR_INS_UPD" FROMINSTANCETYPE ="Router" TOFIELD ="PROFIT_CENTER1" TOINSTANCE ="UPD_INS_PROFIT_CENTER" TOINSTANCETYPE ="Update Strategy"/>
        <CONNECTOR FROMFIELD ="PROFIT_CENTER_SHORT_TEXT1" FROMINSTANCE ="RTR_INS_UPD" FROMINSTANCETYPE ="Router" TOFIELD ="PROFIT_CENTER_SHORT_TEXT1" TOINSTANCE ="UPD_INS_PROFIT_CENTER" TOINSTANCETYPE ="Update Strategy"/>
        <CONNECTOR FROMFIELD ="BUSINESS_SEG_HIERARCHY_ID1" FROMINSTANCE ="RTR_INS_UPD" FROMINSTANCETYPE ="Router" TOFIELD ="BUSINESS_SEG_HIERARCHY_ID1" TOINSTANCE ="UPD_INS_PROFIT_CENTER" TOINSTANCETYPE ="Update Strategy"/>
        <CONNECTOR FROMFIELD ="PRODUCT_GROUP_ID1" FROMINSTANCE ="RTR_INS_UPD" FROMINSTANCETYPE ="Router" TOFIELD ="PRODUCT_GROUP_ID1" TOINSTANCE ="UPD_INS_PROFIT_CENTER" TOINSTANCETYPE ="Update Strategy"/>
        <CONNECTOR FROMFIELD ="CATEGORY_ID1" FROMINSTANCE ="RTR_INS_UPD" FROMINSTANCETYPE ="Router" TOFIELD ="CATEGORY_ID1" TOINSTANCE ="UPD_INS_PROFIT_CENTER" TOINSTANCETYPE ="Update Strategy"/>
        <CONNECTOR FROMFIELD ="BRAND_GROUP_ID1" FROMINSTANCE ="RTR_INS_UPD" FROMINSTANCETYPE ="Router" TOFIELD ="BRAND_GROUP_ID1" TOINSTANCE ="UPD_INS_PROFIT_CENTER" TOINSTANCETYPE ="Update Strategy"/>
        <CONNECTOR FROMFIELD ="GENDER_AGE_ID1" FROMINSTANCE ="RTR_INS_UPD" FROMINSTANCETYPE ="Router" TOFIELD ="GENDER_AGE_ID1" TOINSTANCE ="UPD_INS_PROFIT_CENTER" TOINSTANCETYPE ="Update Strategy"/>
        <CONNECTOR FROMFIELD ="ACCOUNTING_LEVEL2_ID1" FROMINSTANCE ="RTR_INS_UPD" FROMINSTANCETYPE ="Router" TOFIELD ="ACCOUNTING_LEVEL2_ID1" TOINSTANCE ="UPD_INS_PROFIT_CENTER" TOINSTANCETYPE ="Update Strategy"/>
        <CONNECTOR FROMFIELD ="USERID1" FROMINSTANCE ="RTR_INS_UPD" FROMINSTANCETYPE ="Router" TOFIELD ="USERID1" TOINSTANCE ="UPD_INS_PROFIT_CENTER" TOINSTANCETYPE ="Update Strategy"/>
        <CONNECTOR FROMFIELD ="SUBCATEGORY_ID1" FROMINSTANCE ="RTR_INS_UPD" FROMINSTANCETYPE ="Router" TOFIELD ="SUBCATEGORY_ID1" TOINSTANCE ="UPD_INS_PROFIT_CENTER" TOINSTANCETYPE ="Update Strategy"/>
        <CONNECTOR FROMFIELD ="CREATE_DATE1" FROMINSTANCE ="RTR_INS_UPD" FROMINSTANCETYPE ="Router" TOFIELD ="CREATE_DATE1" TOINSTANCE ="UPD_INS_PROFIT_CENTER" TOINSTANCETYPE ="Update Strategy"/>
        <CONNECTOR FROMFIELD ="UPDATE_DATE1" FROMINSTANCE ="RTR_INS_UPD" FROMINSTANCETYPE ="Router" TOFIELD ="UPDATE_DATE1" TOINSTANCE ="UPD_INS_PROFIT_CENTER" TOINSTANCETYPE ="Update Strategy"/>
        <CONNECTOR FROMFIELD ="SUBBRAND_ID1" FROMINSTANCE ="RTR_INS_UPD" FROMINSTANCETYPE ="Router" TOFIELD ="SUBBRAND_ID1" TOINSTANCE ="UPD_INS_PROFIT_CENTER" TOINSTANCETYPE ="Update Strategy"/>
        <CONNECTOR FROMFIELD ="PROFIT_CENTER" FROMINSTANCE ="LKP_PROFIT_CENTER" FROMINSTANCETYPE ="Lookup Procedure" TOFIELD ="I_LKP_PROFIT_CENTER" TOINSTANCE ="RTR_INS_UPD" TOINSTANCETYPE ="Router"/>
        <TARGETLOADORDER ORDER ="1" TARGETINSTANCE ="PROFIT_CENTER_UPD"/>
        <TARGETLOADORDER ORDER ="1" TARGETINSTANCE ="PROFIT_CENTER_INS"/>
        <ERPINFO/>
        <METADATAEXTENSION COMPONENTVERSION ="1000000" DATATYPE ="STRING" DESCRIPTION ="" DOMAINNAME ="User Defined Metadata Domain" ISCLIENTEDITABLE ="YES" ISCLIENTVISIBLE ="YES" ISREUSABLE ="NO" ISSHAREREAD ="NO" ISSHAREWRITE ="NO" MAXLENGTH ="256" NAME ="Extension" VALUE ="S4_Integration_profit_center - v1.0" VENDORNAME ="INFORMATICA"/>
    </MAPPING>
    <CONFIG DESCRIPTION ="Default session configuration object" ISDEFAULT ="YES" NAME ="default_session_config" VERSIONNUMBER ="1">
        <ATTRIBUTE NAME ="Advanced" VALUE =""/>
        <ATTRIBUTE NAME ="Constraint based load ordering" VALUE ="NO"/>
        <ATTRIBUTE NAME ="Cache LOOKUP() function" VALUE ="YES"/>
        <ATTRIBUTE NAME ="Default buffer block size" VALUE ="Auto"/>
        <ATTRIBUTE NAME ="Line Sequential buffer length" VALUE ="1024"/>
        <ATTRIBUTE NAME ="Maximum Memory Allowed For Auto Memory Attributes" VALUE ="512MB"/>
        <ATTRIBUTE NAME ="Maximum Percentage of Total Memory Allowed For Auto Memory Attributes" VALUE ="5"/>
        <ATTRIBUTE NAME ="Additional Concurrent Pipelines for Lookup Cache Creation" VALUE ="Auto"/>
        <ATTRIBUTE NAME ="Custom Properties" VALUE =""/>
        <ATTRIBUTE NAME ="Pre-build lookup cache" VALUE ="Auto"/>
        <ATTRIBUTE NAME ="Optimization Level" VALUE ="Medium"/>
        <ATTRIBUTE NAME ="DateTime Format String" VALUE ="MM/DD/YYYY HH24:MI:SS.US"/>
        <ATTRIBUTE NAME ="Pre 85 Timestamp Compatibility" VALUE ="NO"/>
        <ATTRIBUTE NAME ="Log Options" VALUE ="0"/>
        <ATTRIBUTE NAME ="Save session log by" VALUE ="Session runs"/>
        <ATTRIBUTE NAME ="Save session log for these runs" VALUE ="9"/>
        <ATTRIBUTE NAME ="Session Log File Max Size" VALUE ="0"/>
        <ATTRIBUTE NAME ="Session Log File Max Time Period" VALUE ="0"/>
        <ATTRIBUTE NAME ="Maximum Partial Session Log Files" VALUE ="1"/>
        <ATTRIBUTE NAME ="Writer Commit Statistics Log Frequency" VALUE ="1"/>
        <ATTRIBUTE NAME ="Writer Commit Statistics Log Interval" VALUE ="0"/>
        <ATTRIBUTE NAME ="Error handling" VALUE =""/>
        <ATTRIBUTE NAME ="Stop on errors" VALUE ="1"/>
        <ATTRIBUTE NAME ="Override tracing" VALUE ="None"/>
        <ATTRIBUTE NAME ="On Stored Procedure error" VALUE ="Stop"/>
        <ATTRIBUTE NAME ="On Pre-session command task error" VALUE ="Stop"/>
        <ATTRIBUTE NAME ="On Pre-Post SQL error" VALUE ="Stop"/>
        <ATTRIBUTE NAME ="Enable Recovery" VALUE ="NO"/>
        <ATTRIBUTE NAME ="Error Log Type" VALUE ="None"/>
        <ATTRIBUTE NAME ="Error Log Table Name Prefix" VALUE =""/>
        <ATTRIBUTE NAME ="Error Log File Name" VALUE ="PMError.log"/>
        <ATTRIBUTE NAME ="Log Source Row Data" VALUE ="NO"/>
        <ATTRIBUTE NAME ="Data Column Delimiter" VALUE ="|"/>
        <ATTRIBUTE NAME ="Partitioning Options" VALUE =""/>
        <ATTRIBUTE NAME ="Dynamic Partitioning" VALUE ="Disabled"/>
        <ATTRIBUTE NAME ="Number of Partitions" VALUE ="1"/>
        <ATTRIBUTE NAME ="Multiplication Factor" VALUE ="Auto"/>
        <ATTRIBUTE NAME ="Session on Grid" VALUE =""/>
        <ATTRIBUTE NAME ="Is Enabled" VALUE ="NO"/>
    </CONFIG>
    <SESSION DESCRIPTION ="SESSION Load STG_S4_GTID_DER DATA INTO PROFIT_CENTER" ISVALID ="YES" MAPPINGNAME ="m_S4_INT_PFT_CTR" NAME ="s_m_S4_INT_PFT_CTR" REUSABLE ="YES" SORTORDER ="Binary" VERSIONNUMBER ="1">
        <SESSTRANSFORMATIONINST ISREPARTITIONPOINT ="YES" PARTITIONTYPE ="PASS THROUGH" PIPELINE ="1" SINSTANCENAME ="PROFIT_CENTER_UPD" STAGE ="1" TRANSFORMATIONNAME ="PROFIT_CENTER_UPD" TRANSFORMATIONTYPE ="Target Definition"/>
        <SESSTRANSFORMATIONINST ISREPARTITIONPOINT ="YES" PARTITIONTYPE ="PASS THROUGH" PIPELINE ="1" SINSTANCENAME ="PROFIT_CENTER_INS" STAGE ="2" TRANSFORMATIONNAME ="PROFIT_CENTER_INS" TRANSFORMATIONTYPE ="Target Definition"/>
        <SESSTRANSFORMATIONINST ISREPARTITIONPOINT ="NO" PIPELINE ="0" SINSTANCENAME ="STG_S4_GTID_DER" STAGE ="0" TRANSFORMATIONNAME ="STG_S4_GTID_DER" TRANSFORMATIONTYPE ="Source Definition"/>
        <SESSTRANSFORMATIONINST ISREPARTITIONPOINT ="YES" PARTITIONTYPE ="PASS THROUGH" PIPELINE ="1" SINSTANCENAME ="SQ_STG_S4_GTID_DER" STAGE ="3" TRANSFORMATIONNAME ="SQ_STG_S4_GTID_DER" TRANSFORMATIONTYPE ="Source Qualifier"/>
        <SESSTRANSFORMATIONINST ISREPARTITIONPOINT ="NO" PIPELINE ="1" SINSTANCENAME ="LKP_PROFIT_CENTER" STAGE ="3" TRANSFORMATIONNAME ="LKP_PROFIT_CENTER" TRANSFORMATIONTYPE ="Lookup Procedure">
            <PARTITION DESCRIPTION ="" NAME ="Partition #1"/>
            <ATTRIBUTE NAME ="Connection Information" VALUE ="Relational:bisql1_edm"/>
        </SESSTRANSFORMATIONINST>
        <SESSTRANSFORMATIONINST ISREPARTITIONPOINT ="NO" PIPELINE ="1" SINSTANCENAME ="RTR_INS_UPD" STAGE ="3" TRANSFORMATIONNAME ="RTR_INS_UPD" TRANSFORMATIONTYPE ="Router">
            <PARTITION DESCRIPTION ="" NAME ="Partition #1"/>
        </SESSTRANSFORMATIONINST>
        <SESSTRANSFORMATIONINST ISREPARTITIONPOINT ="NO" PIPELINE ="1" SINSTANCENAME ="EXP_CALC" STAGE ="3" TRANSFORMATIONNAME ="EXP_CALC" TRANSFORMATIONTYPE ="Expression">
            <PARTITION DESCRIPTION ="" NAME ="Partition #1"/>
        </SESSTRANSFORMATIONINST>
        <SESSTRANSFORMATIONINST ISREPARTITIONPOINT ="NO" PIPELINE ="1" SINSTANCENAME ="UPD_PROFIT_CENTER" STAGE ="3" TRANSFORMATIONNAME ="UPD_PROFIT_CENTER" TRANSFORMATIONTYPE ="Update Strategy">
            <PARTITION DESCRIPTION ="" NAME ="Partition #1"/>
        </SESSTRANSFORMATIONINST>
        <SESSTRANSFORMATIONINST ISREPARTITIONPOINT ="NO" PIPELINE ="1" SINSTANCENAME ="UPD_INS_PROFIT_CENTER" STAGE ="3" TRANSFORMATIONNAME ="UPD_INS_PROFIT_CENTER" TRANSFORMATIONTYPE ="Update Strategy">
            <PARTITION DESCRIPTION ="" NAME ="Partition #1"/>
        </SESSTRANSFORMATIONINST>
        <CONFIGREFERENCE REFOBJECTNAME ="default_session_config" TYPE ="Session config"/>
        <SESSIONEXTENSION NAME ="Relational Writer" SINSTANCENAME ="PROFIT_CENTER_UPD" SUBTYPE ="Relational Writer" TRANSFORMATIONTYPE ="Target Definition" TYPE ="WRITER">
            <CONNECTIONREFERENCE CNXREFNAME ="DB Connection" CONNECTIONNAME ="bisql1_edm" CONNECTIONNUMBER ="1" CONNECTIONSUBTYPE ="Microsoft SQL Server" CONNECTIONTYPE ="Relational" VARIABLE =""/>
            <ATTRIBUTE NAME ="Target load type" VALUE ="Normal"/>
            <ATTRIBUTE NAME ="Insert" VALUE ="NO"/>
            <ATTRIBUTE NAME ="Update as Update" VALUE ="YES"/>
            <ATTRIBUTE NAME ="Update as Insert" VALUE ="NO"/>
            <ATTRIBUTE NAME ="Update else Insert" VALUE ="NO"/>
            <ATTRIBUTE NAME ="Delete" VALUE ="NO"/>
            <ATTRIBUTE NAME ="Truncate target table option" VALUE ="NO"/>
            <ATTRIBUTE NAME ="Reject file directory" VALUE ="$PMBadFileDir&#x5c;ONE_ON_ONE_OTC&#x5c;BAD&#x5c;"/>
            <ATTRIBUTE NAME ="Reject filename" VALUE ="s_m_S4_INT_PFT_CTR_UPD.bad"/>
        </SESSIONEXTENSION>
        <SESSIONEXTENSION NAME ="Relational Writer" SINSTANCENAME ="PROFIT_CENTER_INS" SUBTYPE ="Relational Writer" TRANSFORMATIONTYPE ="Target Definition" TYPE ="WRITER">
            <CONNECTIONREFERENCE CNXREFNAME ="DB Connection" CONNECTIONNAME ="bisql1_edm" CONNECTIONNUMBER ="1" CONNECTIONSUBTYPE ="Microsoft SQL Server" CONNECTIONTYPE ="Relational" VARIABLE =""/>
            <ATTRIBUTE NAME ="Target load type" VALUE ="Normal"/>
            <ATTRIBUTE NAME ="Insert" VALUE ="YES"/>
            <ATTRIBUTE NAME ="Update as Update" VALUE ="NO"/>
            <ATTRIBUTE NAME ="Update as Insert" VALUE ="NO"/>
            <ATTRIBUTE NAME ="Update else Insert" VALUE ="NO"/>
            <ATTRIBUTE NAME ="Delete" VALUE ="NO"/>
            <ATTRIBUTE NAME ="Truncate target table option" VALUE ="NO"/>
            <ATTRIBUTE NAME ="Reject file directory" VALUE ="$PMBadFileDir&#x5c;ONE_ON_ONE_OTC&#x5c;BAD&#x5c;"/>
            <ATTRIBUTE NAME ="Reject filename" VALUE ="s_m_S4_INT_PFT_CTR_INS.bad"/>
        </SESSIONEXTENSION>
        <SESSIONEXTENSION DSQINSTNAME ="SQ_STG_S4_GTID_DER" DSQINSTTYPE ="Source Qualifier" NAME ="Relational Reader" SINSTANCENAME ="STG_S4_GTID_DER" SUBTYPE ="Relational Reader" TRANSFORMATIONTYPE ="Source Definition" TYPE ="READER"/>
        <SESSIONEXTENSION NAME ="Relational Reader" SINSTANCENAME ="SQ_STG_S4_GTID_DER" SUBTYPE ="Relational Reader" TRANSFORMATIONTYPE ="Source Qualifier" TYPE ="READER">
            <CONNECTIONREFERENCE CNXREFNAME ="DB Connection" CONNECTIONNAME ="SLBADW" CONNECTIONNUMBER ="1" CONNECTIONSUBTYPE ="Oracle" CONNECTIONTYPE ="Relational" VARIABLE =""/>
        </SESSIONEXTENSION>
        <SESSIONEXTENSION NAME ="Relational Lookup" SINSTANCENAME ="LKP_PROFIT_CENTER" SUBTYPE ="Relational Lookup" TRANSFORMATIONTYPE ="Lookup Procedure" TYPE ="LOOKUPEXTENSION">
            <CONNECTIONREFERENCE CNXREFNAME ="DB Connection" CONNECTIONNAME ="bisql1_edm" CONNECTIONNUMBER ="1" CONNECTIONSUBTYPE ="Microsoft SQL Server" CONNECTIONTYPE ="Relational" VARIABLE =""/>
        </SESSIONEXTENSION>
        <ATTRIBUTE NAME ="General Options" VALUE =""/>
        <ATTRIBUTE NAME ="Write Backward Compatible Session Log File" VALUE ="YES"/>
        <ATTRIBUTE NAME ="Session Log File Name" VALUE ="s_m_S4_INT_PFT_CTR.log"/>
        <ATTRIBUTE NAME ="Session Log File directory" VALUE ="$PMSessionLogDir&#x5c;ONE_ON_ONE_OTC&#x5c;LOG&#x5c;"/>
        <ATTRIBUTE NAME ="Parameter Filename" VALUE =""/>
        <ATTRIBUTE NAME ="Enable Test Load" VALUE ="NO"/>
        <ATTRIBUTE NAME ="$Source connection value" VALUE =""/>
        <ATTRIBUTE NAME ="$Target connection value" VALUE =""/>
        <ATTRIBUTE NAME ="Treat source rows as" VALUE ="Data driven"/>
        <ATTRIBUTE NAME ="Commit Type" VALUE ="Target"/>
        <ATTRIBUTE NAME ="Commit Interval" VALUE ="10000"/>
        <ATTRIBUTE NAME ="Commit On End Of File" VALUE ="YES"/>
        <ATTRIBUTE NAME ="Rollback Transactions on Errors" VALUE ="NO"/>
        <ATTRIBUTE NAME ="Recovery Strategy" VALUE ="Restart task"/>
        <ATTRIBUTE NAME ="Java Classpath" VALUE =""/>
        <ATTRIBUTE NAME ="Performance" VALUE =""/>
        <ATTRIBUTE NAME ="DTM buffer size" VALUE ="Auto"/>
        <ATTRIBUTE NAME ="Collect performance data" VALUE ="NO"/>
        <ATTRIBUTE NAME ="Write performance data to repository" VALUE ="NO"/>
        <ATTRIBUTE NAME ="Incremental Aggregation" VALUE ="NO"/>
        <ATTRIBUTE NAME ="Enable high precision" VALUE ="NO"/>
        <ATTRIBUTE NAME ="Session retry on deadlock" VALUE ="NO"/>
        <ATTRIBUTE NAME ="Pushdown Optimization" VALUE ="None"/>
        <ATTRIBUTE NAME ="Allow Temporary View for Pushdown" VALUE ="NO"/>
        <ATTRIBUTE NAME ="Allow Temporary Sequence for Pushdown" VALUE ="NO"/>
        <ATTRIBUTE NAME ="Allow Pushdown for User Incompatible Connections" VALUE ="NO"/>
        <METADATAEXTENSION COMPONENTVERSION ="1000000" DATATYPE ="STRING" DESCRIPTION ="" DOMAINNAME ="User Defined Metadata Domain" ISCLIENTEDITABLE ="YES" ISCLIENTVISIBLE ="YES" ISREUSABLE ="NO" ISSHAREREAD ="NO" ISSHAREWRITE ="NO" MAXLENGTH ="256" NAME ="Extension" VALUE ="S4_Integration_profit_center - v1.0" VENDORNAME ="INFORMATICA"/>
    </SESSION>
    <WORKFLOW DESCRIPTION ="WORKFLOW LoadS STG_S4_GTID_DER DATA INTO PROFIT_CENTER TABLE" ISENABLED ="YES" ISRUNNABLESERVICE ="NO" ISSERVICE ="NO" ISVALID ="YES" NAME ="wf_s_m_S4_INT_PFT_CTR" REUSABLE_SCHEDULER ="NO" SCHEDULERNAME ="Scheduler" SERVERNAME ="Domain10_PRD_Int_Svc" SERVER_DOMAINNAME ="Domain10_PRD" SUSPEND_ON_ERROR ="NO" TASKS_MUST_RUN_ON_SERVER ="NO" VERSIONNUMBER ="1">
        <SCHEDULER DESCRIPTION ="" NAME ="Scheduler" REUSABLE ="NO" VERSIONNUMBER ="1">
            <SCHEDULEINFO SCHEDULETYPE ="ONDEMAND"/>
        </SCHEDULER>
        <TASK DESCRIPTION ="" NAME ="Start" REUSABLE ="NO" TYPE ="Start" VERSIONNUMBER ="1"/>
        <TASKINSTANCE DESCRIPTION ="SESSION Load STG_S4_GTID_DER DATA INTO PROFIT_CENTER" FAIL_PARENT_IF_INSTANCE_DID_NOT_RUN ="YES" FAIL_PARENT_IF_INSTANCE_FAILS ="YES" ISENABLED ="YES" NAME ="s_m_S4_INT_PFT_CTR" REUSABLE ="YES" TASKNAME ="s_m_S4_INT_PFT_CTR" TASKTYPE ="Session" TREAT_INPUTLINK_AS_AND ="NO"/>
        <TASKINSTANCE DESCRIPTION ="" ISENABLED ="YES" NAME ="Start" REUSABLE ="NO" TASKNAME ="Start" TASKTYPE ="Start"/>
        <WORKFLOWLINK CONDITION ="" FROMTASK ="Start" TOTASK ="s_m_S4_INT_PFT_CTR"/>
        <WORKFLOWVARIABLE DATATYPE ="date/time" DEFAULTVALUE ="" DESCRIPTION ="The time this task started" ISNULL ="NO" ISPERSISTENT ="NO" NAME ="$s_m_S4_INT_PFT_CTR.StartTime" USERDEFINED ="NO"/>
        <WORKFLOWVARIABLE DATATYPE ="date/time" DEFAULTVALUE ="" DESCRIPTION ="The time this task completed" ISNULL ="NO" ISPERSISTENT ="NO" NAME ="$s_m_S4_INT_PFT_CTR.EndTime" USERDEFINED ="NO"/>
        <WORKFLOWVARIABLE DATATYPE ="integer" DEFAULTVALUE ="" DESCRIPTION ="Status of this task&apos;s execution" ISNULL ="NO" ISPERSISTENT ="NO" NAME ="$s_m_S4_INT_PFT_CTR.Status" USERDEFINED ="NO"/>
        <WORKFLOWVARIABLE DATATYPE ="integer" DEFAULTVALUE ="" DESCRIPTION ="Status of the previous task that is not disabled" ISNULL ="NO" ISPERSISTENT ="NO" NAME ="$s_m_S4_INT_PFT_CTR.PrevTaskStatus" USERDEFINED ="NO"/>
        <WORKFLOWVARIABLE DATATYPE ="integer" DEFAULTVALUE ="" DESCRIPTION ="Error code for this task&apos;s execution" ISNULL ="NO" ISPERSISTENT ="NO" NAME ="$s_m_S4_INT_PFT_CTR.ErrorCode" USERDEFINED ="NO"/>
        <WORKFLOWVARIABLE DATATYPE ="string" DEFAULTVALUE ="" DESCRIPTION ="Error message for this task&apos;s execution" ISNULL ="NO" ISPERSISTENT ="NO" NAME ="$s_m_S4_INT_PFT_CTR.ErrorMsg" USERDEFINED ="NO"/>
        <WORKFLOWVARIABLE DATATYPE ="integer" DEFAULTVALUE ="" DESCRIPTION ="Rows successfully read" ISNULL ="NO" ISPERSISTENT ="NO" NAME ="$s_m_S4_INT_PFT_CTR.SrcSuccessRows" USERDEFINED ="NO"/>
        <WORKFLOWVARIABLE DATATYPE ="integer" DEFAULTVALUE ="" DESCRIPTION ="Rows failed to read" ISNULL ="NO" ISPERSISTENT ="NO" NAME ="$s_m_S4_INT_PFT_CTR.SrcFailedRows" USERDEFINED ="NO"/>
        <WORKFLOWVARIABLE DATATYPE ="integer" DEFAULTVALUE ="" DESCRIPTION ="Rows successfully loaded" ISNULL ="NO" ISPERSISTENT ="NO" NAME ="$s_m_S4_INT_PFT_CTR.TgtSuccessRows" USERDEFINED ="NO"/>
        <WORKFLOWVARIABLE DATATYPE ="integer" DEFAULTVALUE ="" DESCRIPTION ="Rows failed to load" ISNULL ="NO" ISPERSISTENT ="NO" NAME ="$s_m_S4_INT_PFT_CTR.TgtFailedRows" USERDEFINED ="NO"/>
        <WORKFLOWVARIABLE DATATYPE ="integer" DEFAULTVALUE ="" DESCRIPTION ="Total number of transformation errors" ISNULL ="NO" ISPERSISTENT ="NO" NAME ="$s_m_S4_INT_PFT_CTR.TotalTransErrors" USERDEFINED ="NO"/>
        <WORKFLOWVARIABLE DATATYPE ="integer" DEFAULTVALUE ="" DESCRIPTION ="First error code" ISNULL ="NO" ISPERSISTENT ="NO" NAME ="$s_m_S4_INT_PFT_CTR.FirstErrorCode" USERDEFINED ="NO"/>
        <WORKFLOWVARIABLE DATATYPE ="string" DEFAULTVALUE ="" DESCRIPTION ="First error message" ISNULL ="NO" ISPERSISTENT ="NO" NAME ="$s_m_S4_INT_PFT_CTR.FirstErrorMsg" USERDEFINED ="NO"/>
        <WORKFLOWVARIABLE DATATYPE ="date/time" DEFAULTVALUE ="" DESCRIPTION ="The time this task started" ISNULL ="NO" ISPERSISTENT ="NO" NAME ="$Start.StartTime" USERDEFINED ="NO"/>
        <WORKFLOWVARIABLE DATATYPE ="date/time" DEFAULTVALUE ="" DESCRIPTION ="The time this task completed" ISNULL ="NO" ISPERSISTENT ="NO" NAME ="$Start.EndTime" USERDEFINED ="NO"/>
        <WORKFLOWVARIABLE DATATYPE ="integer" DEFAULTVALUE ="" DESCRIPTION ="Status of this task&apos;s execution" ISNULL ="NO" ISPERSISTENT ="NO" NAME ="$Start.Status" USERDEFINED ="NO"/>
        <WORKFLOWVARIABLE DATATYPE ="integer" DEFAULTVALUE ="" DESCRIPTION ="Status of the previous task that is not disabled" ISNULL ="NO" ISPERSISTENT ="NO" NAME ="$Start.PrevTaskStatus" USERDEFINED ="NO"/>
        <WORKFLOWVARIABLE DATATYPE ="integer" DEFAULTVALUE ="" DESCRIPTION ="Error code for this task&apos;s execution" ISNULL ="NO" ISPERSISTENT ="NO" NAME ="$Start.ErrorCode" USERDEFINED ="NO"/>
        <WORKFLOWVARIABLE DATATYPE ="string" DEFAULTVALUE ="" DESCRIPTION ="Error message for this task&apos;s execution" ISNULL ="NO" ISPERSISTENT ="NO" NAME ="$Start.ErrorMsg" USERDEFINED ="NO"/>
        <ATTRIBUTE NAME ="Parameter Filename" VALUE =""/>
        <ATTRIBUTE NAME ="Write Backward Compatible Workflow Log File" VALUE ="YES"/>
        <ATTRIBUTE NAME ="Workflow Log File Name" VALUE ="wf_s_m_S4_INT_PFT_CTR.log"/>
        <ATTRIBUTE NAME ="Workflow Log File Directory" VALUE ="$PMWorkflowLogDir&#x5c;ONE_ON_ONE_OTC&#x5c;LOG&#x5c;"/>
        <ATTRIBUTE NAME ="Save Workflow log by" VALUE ="By runs"/>
        <ATTRIBUTE NAME ="Save workflow log for these runs" VALUE ="9"/>
        <ATTRIBUTE NAME ="Service Name" VALUE =""/>
        <ATTRIBUTE NAME ="Service Timeout" VALUE ="0"/>
        <ATTRIBUTE NAME ="Is Service Visible" VALUE ="NO"/>
        <ATTRIBUTE NAME ="Is Service Protected" VALUE ="NO"/>
        <ATTRIBUTE NAME ="Fail task after wait time" VALUE ="0"/>
        <ATTRIBUTE NAME ="Enable HA recovery" VALUE ="NO"/>
        <ATTRIBUTE NAME ="Automatically recover terminated tasks" VALUE ="NO"/>
        <ATTRIBUTE NAME ="Service Level Name" VALUE ="Default"/>
        <ATTRIBUTE NAME ="Allow concurrent run with unique run instance name" VALUE ="NO"/>
        <ATTRIBUTE NAME ="Allow concurrent run with same run instance name" VALUE ="NO"/>
        <ATTRIBUTE NAME ="Maximum number of concurrent runs" VALUE ="0"/>
        <ATTRIBUTE NAME ="Assigned Web Services Hubs" VALUE =""/>
        <ATTRIBUTE NAME ="Maximum number of concurrent runs per Hub" VALUE ="1000"/>
        <ATTRIBUTE NAME ="Expected Service Time" VALUE ="1"/>
        <METADATAEXTENSION COMPONENTVERSION ="1000000" DATATYPE ="STRING" DESCRIPTION ="" DOMAINNAME ="User Defined Metadata Domain" ISCLIENTEDITABLE ="YES" ISCLIENTVISIBLE ="YES" ISREUSABLE ="NO" ISSHAREREAD ="NO" ISSHAREWRITE ="NO" MAXLENGTH ="256" NAME ="Extension" VALUE ="S4_Integration_profit_center - v1.0" VENDORNAME ="INFORMATICA"/>
    </WORKFLOW>
</FOLDER>
</REPOSITORY>
</POWERMART>