<?xml version="1.0" encoding="Windows-1252"?>
<!DOCTYPE POWERMART SYSTEM "powrmart.dtd">
<POWERMART CREATION_DATE="05/20/2024 09:36:48" REPOSITORY_VERSION="187.96">
<REPOSITORY NAME="Domain10_Rep_Svc_Prd" VERSION="187" CODEPAGE="MS1252" DATABASETYPE="Microsoft SQL Server">
<FOLDER NAME="INVENTORY_ANALYSIS" GROUP="" OWNER="Administrator" SHARED="NOTSHARED" DESCRIPTION="" PERMISSIONS="rwx---r--" UUID="27b7fb57-5066-4c7e-aee4-118d44bfa5b6">
    <SOURCE BUSINESSNAME ="" DATABASETYPE ="Oracle" DBDNAME ="slbadw" DESCRIPTION ="" NAME ="STG_NEWWR_RM" OBJECTVERSION ="1" OWNERNAME ="STAGING" VERSIONNUMBER ="1">
        <SOURCEFIELD BUSINESSNAME ="" DATATYPE ="varchar2" DESCRIPTION ="" FIELDNUMBER ="1" FIELDPROPERTY ="0" FIELDTYPE ="ELEMITEM" HIDDEN ="NO" KEYTYPE ="NOT A KEY" LENGTH ="0" LEVEL ="0" NAME ="COMPANY" NULLABLE ="NULL" OCCURS ="0" OFFSET ="0" PHYSICALLENGTH ="4" PHYSICALOFFSET ="0" PICTURETEXT ="" PRECISION ="4" SCALE ="0" USAGE_FLAGS =""/>
        <SOURCEFIELD BUSINESSNAME ="" DATATYPE ="varchar2" DESCRIPTION ="" FIELDNUMBER ="2" FIELDPROPERTY ="0" FIELDTYPE ="ELEMITEM" HIDDEN ="NO" KEYTYPE ="NOT A KEY" LENGTH ="0" LEVEL ="0" NAME ="LOCATION" NULLABLE ="NULL" OCCURS ="0" OFFSET ="0" PHYSICALLENGTH ="6" PHYSICALOFFSET ="4" PICTURETEXT ="" PRECISION ="6" SCALE ="0" USAGE_FLAGS =""/>
        <SOURCEFIELD BUSINESSNAME ="" DATATYPE ="varchar2" DESCRIPTION ="" FIELDNUMBER ="3" FIELDPROPERTY ="0" FIELDTYPE ="ELEMITEM" HIDDEN ="NO" KEYTYPE ="NOT A KEY" LENGTH ="0" LEVEL ="0" NAME ="R_NAME" NULLABLE ="NULL" OCCURS ="0" OFFSET ="0" PHYSICALLENGTH ="35" PHYSICALOFFSET ="10" PICTURETEXT ="" PRECISION ="35" SCALE ="0" USAGE_FLAGS =""/>
        <SOURCEFIELD BUSINESSNAME ="" DATATYPE ="varchar2" DESCRIPTION ="" FIELDNUMBER ="4" FIELDPROPERTY ="0" FIELDTYPE ="ELEMITEM" HIDDEN ="NO" KEYTYPE ="NOT A KEY" LENGTH ="0" LEVEL ="0" NAME ="ITEM" NULLABLE ="NULL" OCCURS ="0" OFFSET ="0" PHYSICALLENGTH ="10" PHYSICALOFFSET ="45" PICTURETEXT ="" PRECISION ="10" SCALE ="0" USAGE_FLAGS =""/>
        <SOURCEFIELD BUSINESSNAME ="" DATATYPE ="varchar2" DESCRIPTION ="" FIELDNUMBER ="5" FIELDPROPERTY ="0" FIELDTYPE ="ELEMITEM" HIDDEN ="NO" KEYTYPE ="NOT A KEY" LENGTH ="0" LEVEL ="0" NAME ="ITEM_GROUP" NULLABLE ="NULL" OCCURS ="0" OFFSET ="0" PHYSICALLENGTH ="4" PHYSICALOFFSET ="55" PICTURETEXT ="" PRECISION ="4" SCALE ="0" USAGE_FLAGS =""/>
        <SOURCEFIELD BUSINESSNAME ="" DATATYPE ="varchar2" DESCRIPTION ="" FIELDNUMBER ="6" FIELDPROPERTY ="0" FIELDTYPE ="ELEMITEM" HIDDEN ="NO" KEYTYPE ="NOT A KEY" LENGTH ="0" LEVEL ="0" NAME ="DESCRIPTION" NULLABLE ="NULL" OCCURS ="0" OFFSET ="0" PHYSICALLENGTH ="40" PHYSICALOFFSET ="59" PICTURETEXT ="" PRECISION ="40" SCALE ="0" USAGE_FLAGS =""/>
        <SOURCEFIELD BUSINESSNAME ="" DATATYPE ="varchar2" DESCRIPTION ="" FIELDNUMBER ="7" FIELDPROPERTY ="0" FIELDTYPE ="ELEMITEM" HIDDEN ="NO" KEYTYPE ="NOT A KEY" LENGTH ="0" LEVEL ="0" NAME ="DESCRIPTION2" NULLABLE ="NULL" OCCURS ="0" OFFSET ="0" PHYSICALLENGTH ="40" PHYSICALOFFSET ="99" PICTURETEXT ="" PRECISION ="40" SCALE ="0" USAGE_FLAGS =""/>
        <SOURCEFIELD BUSINESSNAME ="" DATATYPE ="varchar2" DESCRIPTION ="" FIELDNUMBER ="8" FIELDPROPERTY ="0" FIELDTYPE ="ELEMITEM" HIDDEN ="NO" KEYTYPE ="NOT A KEY" LENGTH ="0" LEVEL ="0" NAME ="PURCH_MAJCL" NULLABLE ="NULL" OCCURS ="0" OFFSET ="0" PHYSICALLENGTH ="6" PHYSICALOFFSET ="139" PICTURETEXT ="" PRECISION ="6" SCALE ="0" USAGE_FLAGS =""/>
        <SOURCEFIELD BUSINESSNAME ="" DATATYPE ="varchar2" DESCRIPTION ="" FIELDNUMBER ="9" FIELDPROPERTY ="0" FIELDTYPE ="ELEMITEM" HIDDEN ="NO" KEYTYPE ="NOT A KEY" LENGTH ="0" LEVEL ="0" NAME ="PURCH_MINCL" NULLABLE ="NULL" OCCURS ="0" OFFSET ="0" PHYSICALLENGTH ="8" PHYSICALOFFSET ="145" PICTURETEXT ="" PRECISION ="8" SCALE ="0" USAGE_FLAGS =""/>
        <SOURCEFIELD BUSINESSNAME ="" DATATYPE ="number(p,s)" DESCRIPTION ="" FIELDNUMBER ="10" FIELDPROPERTY ="0" FIELDTYPE ="ELEMITEM" HIDDEN ="NO" KEYTYPE ="NOT A KEY" LENGTH ="15" LEVEL ="0" NAME ="ONHAND_QTY" NULLABLE ="NULL" OCCURS ="0" OFFSET ="0" PHYSICALLENGTH ="13" PHYSICALOFFSET ="153" PICTURETEXT ="" PRECISION ="13" SCALE ="4" USAGE_FLAGS =""/>
        <SOURCEFIELD BUSINESSNAME ="" DATATYPE ="number(p,s)" DESCRIPTION ="" FIELDNUMBER ="11" FIELDPROPERTY ="0" FIELDTYPE ="ELEMITEM" HIDDEN ="NO" KEYTYPE ="NOT A KEY" LENGTH ="15" LEVEL ="0" NAME ="INTRANSIT_QTY" NULLABLE ="NULL" OCCURS ="0" OFFSET ="15" PHYSICALLENGTH ="13" PHYSICALOFFSET ="166" PICTURETEXT ="" PRECISION ="13" SCALE ="4" USAGE_FLAGS =""/>
        <SOURCEFIELD BUSINESSNAME ="" DATATYPE ="number(p,s)" DESCRIPTION ="" FIELDNUMBER ="12" FIELDPROPERTY ="0" FIELDTYPE ="ELEMITEM" HIDDEN ="NO" KEYTYPE ="NOT A KEY" LENGTH ="20" LEVEL ="0" NAME ="STD_COST" NULLABLE ="NULL" OCCURS ="0" OFFSET ="30" PHYSICALLENGTH ="18" PHYSICALOFFSET ="179" PICTURETEXT ="" PRECISION ="18" SCALE ="5" USAGE_FLAGS =""/>
        <SOURCEFIELD BUSINESSNAME ="" DATATYPE ="number(p,s)" DESCRIPTION ="" FIELDNUMBER ="13" FIELDPROPERTY ="0" FIELDTYPE ="ELEMITEM" HIDDEN ="NO" KEYTYPE ="NOT A KEY" LENGTH ="20" LEVEL ="0" NAME ="ONHAND_DOL" NULLABLE ="NULL" OCCURS ="0" OFFSET ="50" PHYSICALLENGTH ="18" PHYSICALOFFSET ="197" PICTURETEXT ="" PRECISION ="18" SCALE ="5" USAGE_FLAGS =""/>
        <SOURCEFIELD BUSINESSNAME ="" DATATYPE ="number(p,s)" DESCRIPTION ="" FIELDNUMBER ="14" FIELDPROPERTY ="0" FIELDTYPE ="ELEMITEM" HIDDEN ="NO" KEYTYPE ="NOT A KEY" LENGTH ="20" LEVEL ="0" NAME ="INTRANSIT_DOL" NULLABLE ="NULL" OCCURS ="0" OFFSET ="70" PHYSICALLENGTH ="18" PHYSICALOFFSET ="215" PICTURETEXT ="" PRECISION ="18" SCALE ="5" USAGE_FLAGS =""/>
        <SOURCEFIELD BUSINESSNAME ="" DATATYPE ="number(p,s)" DESCRIPTION ="" FIELDNUMBER ="15" FIELDPROPERTY ="0" FIELDTYPE ="ELEMITEM" HIDDEN ="NO" KEYTYPE ="NOT A KEY" LENGTH ="15" LEVEL ="0" NAME ="ONORDER_QTY" NULLABLE ="NULL" OCCURS ="0" OFFSET ="90" PHYSICALLENGTH ="13" PHYSICALOFFSET ="233" PICTURETEXT ="" PRECISION ="13" SCALE ="4" USAGE_FLAGS =""/>
        <SOURCEFIELD BUSINESSNAME ="" DATATYPE ="number(p,s)" DESCRIPTION ="" FIELDNUMBER ="16" FIELDPROPERTY ="0" FIELDTYPE ="ELEMITEM" HIDDEN ="NO" KEYTYPE ="NOT A KEY" LENGTH ="20" LEVEL ="0" NAME ="ONORDER_DOL" NULLABLE ="NULL" OCCURS ="0" OFFSET ="105" PHYSICALLENGTH ="18" PHYSICALOFFSET ="246" PICTURETEXT ="" PRECISION ="18" SCALE ="5" USAGE_FLAGS =""/>
        <SOURCEFIELD BUSINESSNAME ="" DATATYPE ="varchar2" DESCRIPTION ="" FIELDNUMBER ="17" FIELDPROPERTY ="0" FIELDTYPE ="ELEMITEM" HIDDEN ="NO" KEYTYPE ="NOT A KEY" LENGTH ="0" LEVEL ="0" NAME ="LAST_ISSUE_DATE" NULLABLE ="NULL" OCCURS ="0" OFFSET ="125" PHYSICALLENGTH ="12" PHYSICALOFFSET ="264" PICTURETEXT ="" PRECISION ="12" SCALE ="0" USAGE_FLAGS =""/>
        <SOURCEFIELD BUSINESSNAME ="" DATATYPE ="varchar2" DESCRIPTION ="" FIELDNUMBER ="18" FIELDPROPERTY ="0" FIELDTYPE ="ELEMITEM" HIDDEN ="NO" KEYTYPE ="NOT A KEY" LENGTH ="0" LEVEL ="0" NAME ="LAST_REC_DATE" NULLABLE ="NULL" OCCURS ="0" OFFSET ="125" PHYSICALLENGTH ="12" PHYSICALOFFSET ="276" PICTURETEXT ="" PRECISION ="12" SCALE ="0" USAGE_FLAGS =""/>
        <SOURCEFIELD BUSINESSNAME ="" DATATYPE ="varchar2" DESCRIPTION ="" FIELDNUMBER ="19" FIELDPROPERTY ="0" FIELDTYPE ="ELEMITEM" HIDDEN ="NO" KEYTYPE ="NOT A KEY" LENGTH ="0" LEVEL ="0" NAME ="COUNTRY_CODE" NULLABLE ="NULL" OCCURS ="0" OFFSET ="125" PHYSICALLENGTH ="3" PHYSICALOFFSET ="288" PICTURETEXT ="" PRECISION ="3" SCALE ="0" USAGE_FLAGS =""/>
        <SOURCEFIELD BUSINESSNAME ="" DATATYPE ="varchar2" DESCRIPTION ="" FIELDNUMBER ="20" FIELDPROPERTY ="0" FIELDTYPE ="ELEMITEM" HIDDEN ="NO" KEYTYPE ="NOT A KEY" LENGTH ="0" LEVEL ="0" NAME ="INVEN_MINCL" NULLABLE ="NULL" OCCURS ="0" OFFSET ="125" PHYSICALLENGTH ="4" PHYSICALOFFSET ="291" PICTURETEXT ="" PRECISION ="4" SCALE ="0" USAGE_FLAGS =""/>
        <SOURCEFIELD BUSINESSNAME ="" DATATYPE ="date" DESCRIPTION ="" FIELDNUMBER ="21" FIELDPROPERTY ="0" FIELDTYPE ="ELEMITEM" HIDDEN ="NO" KEYTYPE ="NOT A KEY" LENGTH ="19" LEVEL ="0" NAME ="AS_OF_DATE" NULLABLE ="NULL" OCCURS ="0" OFFSET ="125" PHYSICALLENGTH ="19" PHYSICALOFFSET ="295" PICTURETEXT ="" PRECISION ="19" SCALE ="0" USAGE_FLAGS =""/>
        <SOURCEFIELD BUSINESSNAME ="" DATATYPE ="varchar2" DESCRIPTION ="" FIELDNUMBER ="22" FIELDPROPERTY ="0" FIELDTYPE ="ELEMITEM" HIDDEN ="NO" KEYTYPE ="NOT A KEY" LENGTH ="0" LEVEL ="0" NAME ="PROCESS_FLAG" NULLABLE ="NULL" OCCURS ="0" OFFSET ="144" PHYSICALLENGTH ="1" PHYSICALOFFSET ="314" PICTURETEXT ="" PRECISION ="1" SCALE ="0" USAGE_FLAGS =""/>
        <SOURCEFIELD BUSINESSNAME ="" DATATYPE ="date" DESCRIPTION ="" FIELDNUMBER ="23" FIELDPROPERTY ="0" FIELDTYPE ="ELEMITEM" HIDDEN ="NO" KEYTYPE ="NOT A KEY" LENGTH ="19" LEVEL ="0" NAME ="CREATE_DATE" NULLABLE ="NULL" OCCURS ="0" OFFSET ="144" PHYSICALLENGTH ="19" PHYSICALOFFSET ="315" PICTURETEXT ="" PRECISION ="19" SCALE ="0" USAGE_FLAGS =""/>
        <SOURCEFIELD BUSINESSNAME ="" DATATYPE ="varchar2" DESCRIPTION ="" FIELDNUMBER ="24" FIELDPROPERTY ="0" FIELDTYPE ="ELEMITEM" HIDDEN ="NO" KEYTYPE ="NOT A KEY" LENGTH ="0" LEVEL ="0" NAME ="CREATE_USERID" NULLABLE ="NULL" OCCURS ="0" OFFSET ="163" PHYSICALLENGTH ="50" PHYSICALOFFSET ="334" PICTURETEXT ="" PRECISION ="50" SCALE ="0" USAGE_FLAGS =""/>
        <SOURCEFIELD BUSINESSNAME ="" DATATYPE ="date" DESCRIPTION ="" FIELDNUMBER ="25" FIELDPROPERTY ="0" FIELDTYPE ="ELEMITEM" HIDDEN ="NO" KEYTYPE ="NOT A KEY" LENGTH ="19" LEVEL ="0" NAME ="UPDATE_DATE" NULLABLE ="NULL" OCCURS ="0" OFFSET ="163" PHYSICALLENGTH ="19" PHYSICALOFFSET ="384" PICTURETEXT ="" PRECISION ="19" SCALE ="0" USAGE_FLAGS =""/>
        <SOURCEFIELD BUSINESSNAME ="" DATATYPE ="varchar2" DESCRIPTION ="" FIELDNUMBER ="26" FIELDPROPERTY ="0" FIELDTYPE ="ELEMITEM" HIDDEN ="NO" KEYTYPE ="NOT A KEY" LENGTH ="0" LEVEL ="0" NAME ="UPDATE_USERID" NULLABLE ="NULL" OCCURS ="0" OFFSET ="182" PHYSICALLENGTH ="50" PHYSICALOFFSET ="403" PICTURETEXT ="" PRECISION ="50" SCALE ="0" USAGE_FLAGS =""/>
        <SOURCEFIELD BUSINESSNAME ="" DATATYPE ="varchar2" DESCRIPTION ="" FIELDNUMBER ="27" FIELDPROPERTY ="0" FIELDTYPE ="ELEMITEM" HIDDEN ="NO" KEYTYPE ="NOT A KEY" LENGTH ="0" LEVEL ="0" NAME ="UOM" NULLABLE ="NULL" OCCURS ="0" OFFSET ="182" PHYSICALLENGTH ="4" PHYSICALOFFSET ="453" PICTURETEXT ="" PRECISION ="4" SCALE ="0" USAGE_FLAGS =""/>
    </SOURCE>
    <TARGET BUSINESSNAME ="" CONSTRAINT ="" DATABASETYPE ="Oracle" DESCRIPTION ="" NAME ="SLBA_FACILITY" OBJECTVERSION ="1" TABLEOPTIONS ="" VERSIONNUMBER ="1">
        <TARGETFIELD BUSINESSNAME ="" DATATYPE ="number(p,s)" DESCRIPTION ="" FIELDNUMBER ="1" KEYTYPE ="PRIMARY KEY" NAME ="FACILITY_ID" NULLABLE ="NOTNULL" PICTURETEXT ="" PRECISION ="38" SCALE ="0"/>
        <TARGETFIELD BUSINESSNAME ="" DATATYPE ="varchar2" DESCRIPTION ="" FIELDNUMBER ="2" KEYTYPE ="NOT A KEY" NAME ="FACILITY_CODE" NULLABLE ="NULL" PICTURETEXT ="" PRECISION ="6" SCALE ="0"/>
        <TARGETFIELD BUSINESSNAME ="" DATATYPE ="varchar2" DESCRIPTION ="" FIELDNUMBER ="3" KEYTYPE ="NOT A KEY" NAME ="FACILITY_NAME" NULLABLE ="NOTNULL" PICTURETEXT ="" PRECISION ="30" SCALE ="0"/>
        <TARGETFIELD BUSINESSNAME ="" DATATYPE ="varchar2" DESCRIPTION ="" FIELDNUMBER ="4" KEYTYPE ="NOT A KEY" NAME ="FACILITY_TYPE" NULLABLE ="NULL" PICTURETEXT ="" PRECISION ="20" SCALE ="0"/>
        <TARGETFIELD BUSINESSNAME ="" DATATYPE ="varchar2" DESCRIPTION ="" FIELDNUMBER ="5" KEYTYPE ="NOT A KEY" NAME ="UPDATE_USERID" NULLABLE ="NOTNULL" PICTURETEXT ="" PRECISION ="50" SCALE ="0"/>
        <TARGETFIELD BUSINESSNAME ="" DATATYPE ="date" DESCRIPTION ="" FIELDNUMBER ="6" KEYTYPE ="NOT A KEY" NAME ="UPDATE_TIMESTAMP" NULLABLE ="NOTNULL" PICTURETEXT ="" PRECISION ="19" SCALE ="0"/>
        <TARGETFIELD BUSINESSNAME ="" DATATYPE ="varchar2" DESCRIPTION ="" FIELDNUMBER ="7" KEYTYPE ="NOT A KEY" NAME ="DIVISION_GROUP" NULLABLE ="NOTNULL" PICTURETEXT ="" PRECISION ="4" SCALE ="0"/>
        <TARGETFIELD BUSINESSNAME ="" DATATYPE ="varchar2" DESCRIPTION ="" FIELDNUMBER ="8" KEYTYPE ="NOT A KEY" NAME ="SAP_PLANT_CODE" NULLABLE ="NULL" PICTURETEXT ="" PRECISION ="4" SCALE ="0"/>
        <TARGETFIELD BUSINESSNAME ="" DATATYPE ="varchar2" DESCRIPTION ="" FIELDNUMBER ="9" KEYTYPE ="NOT A KEY" NAME ="SAP_STOCK_CATEGORY" NULLABLE ="NULL" PICTURETEXT ="" PRECISION ="5" SCALE ="0"/>
        <TARGETFIELD BUSINESSNAME ="" DATATYPE ="varchar2" DESCRIPTION ="" FIELDNUMBER ="10" KEYTYPE ="NOT A KEY" NAME ="GROUP_CODE" NULLABLE ="NULL" PICTURETEXT ="" PRECISION ="6" SCALE ="0"/>
        <TARGETFIELD BUSINESSNAME ="" DATATYPE ="varchar2" DESCRIPTION ="" FIELDNUMBER ="11" KEYTYPE ="NOT A KEY" NAME ="GROUP_NAME" NULLABLE ="NULL" PICTURETEXT ="" PRECISION ="50" SCALE ="0"/>
        <TARGETFIELD BUSINESSNAME ="" DATATYPE ="varchar2" DESCRIPTION ="" FIELDNUMBER ="12" KEYTYPE ="NOT A KEY" NAME ="ADDRESS_LINE_1" NULLABLE ="NULL" PICTURETEXT ="" PRECISION ="50" SCALE ="0"/>
        <TARGETFIELD BUSINESSNAME ="" DATATYPE ="varchar2" DESCRIPTION ="" FIELDNUMBER ="13" KEYTYPE ="NOT A KEY" NAME ="ADDRESS_LINE_2" NULLABLE ="NULL" PICTURETEXT ="" PRECISION ="50" SCALE ="0"/>
        <TARGETFIELD BUSINESSNAME ="" DATATYPE ="varchar2" DESCRIPTION ="" FIELDNUMBER ="14" KEYTYPE ="NOT A KEY" NAME ="ADDRESS_LINE_3" NULLABLE ="NULL" PICTURETEXT ="" PRECISION ="50" SCALE ="0"/>
        <TARGETFIELD BUSINESSNAME ="" DATATYPE ="varchar2" DESCRIPTION ="" FIELDNUMBER ="15" KEYTYPE ="NOT A KEY" NAME ="CITY" NULLABLE ="NULL" PICTURETEXT ="" PRECISION ="50" SCALE ="0"/>
        <TARGETFIELD BUSINESSNAME ="" DATATYPE ="varchar2" DESCRIPTION ="" FIELDNUMBER ="16" KEYTYPE ="NOT A KEY" NAME ="STATE_PROVINCE" NULLABLE ="NULL" PICTURETEXT ="" PRECISION ="50" SCALE ="0"/>
        <TARGETFIELD BUSINESSNAME ="" DATATYPE ="number(p,s)" DESCRIPTION ="" FIELDNUMBER ="17" KEYTYPE ="NOT A KEY" NAME ="COUNTRY_ID" NULLABLE ="NOTNULL" PICTURETEXT ="" PRECISION ="38" SCALE ="0"/>
        <TARGETFIELD BUSINESSNAME ="" DATATYPE ="number(p,s)" DESCRIPTION ="" FIELDNUMBER ="18" KEYTYPE ="NOT A KEY" NAME ="REGION_ID" NULLABLE ="NOTNULL" PICTURETEXT ="" PRECISION ="38" SCALE ="0"/>
        <TARGETFIELD BUSINESSNAME ="" DATATYPE ="number(p,s)" DESCRIPTION ="" FIELDNUMBER ="19" KEYTYPE ="NOT A KEY" NAME ="FACILITY_CLUSTER_ID" NULLABLE ="NOTNULL" PICTURETEXT ="" PRECISION ="38" SCALE ="0"/>
        <TARGETFIELD BUSINESSNAME ="" DATATYPE ="number(p,s)" DESCRIPTION ="" FIELDNUMBER ="20" KEYTYPE ="NOT A KEY" NAME ="TIMEZONE_ID" NULLABLE ="NOTNULL" PICTURETEXT ="" PRECISION ="38" SCALE ="0"/>
        <TARGETFIELD BUSINESSNAME ="" DATATYPE ="number(p,s)" DESCRIPTION ="" FIELDNUMBER ="21" KEYTYPE ="NOT A KEY" NAME ="FACILITY_RESP_LEVEL1_ID" NULLABLE ="NOTNULL" PICTURETEXT ="" PRECISION ="38" SCALE ="0"/>
        <TARGETFIELD BUSINESSNAME ="" DATATYPE ="number(p,s)" DESCRIPTION ="" FIELDNUMBER ="22" KEYTYPE ="NOT A KEY" NAME ="FACILITY_RESP_LEVEL2_ID" NULLABLE ="NOTNULL" PICTURETEXT ="" PRECISION ="38" SCALE ="0"/>
        <TARGETFIELD BUSINESSNAME ="" DATATYPE ="number(p,s)" DESCRIPTION ="" FIELDNUMBER ="23" KEYTYPE ="NOT A KEY" NAME ="FACILITY_RESP_LEVEL3_ID" NULLABLE ="NOTNULL" PICTURETEXT ="" PRECISION ="38" SCALE ="0"/>
        <TARGETFIELD BUSINESSNAME ="" DATATYPE ="number(p,s)" DESCRIPTION ="" FIELDNUMBER ="24" KEYTYPE ="NOT A KEY" NAME ="FACILITY_TYPE_ID" NULLABLE ="NOTNULL" PICTURETEXT ="" PRECISION ="38" SCALE ="0"/>
        <TARGETFIELD BUSINESSNAME ="" DATATYPE ="number(p,s)" DESCRIPTION ="" FIELDNUMBER ="25" KEYTYPE ="NOT A KEY" NAME ="FACILITY_CATEGORY_ID" NULLABLE ="NOTNULL" PICTURETEXT ="" PRECISION ="38" SCALE ="0"/>
        <TARGETFIELD BUSINESSNAME ="" DATATYPE ="number(p,s)" DESCRIPTION ="" FIELDNUMBER ="26" KEYTYPE ="NOT A KEY" NAME ="FACILITY_GROUP_ID" NULLABLE ="NOTNULL" PICTURETEXT ="" PRECISION ="38" SCALE ="0"/>
        <TARGETFIELD BUSINESSNAME ="" DATATYPE ="varchar2" DESCRIPTION ="" FIELDNUMBER ="27" KEYTYPE ="NOT A KEY" NAME ="SQUARE_FOOTAGE" NULLABLE ="NULL" PICTURETEXT ="" PRECISION ="50" SCALE ="0"/>
        <TARGETFIELD BUSINESSNAME ="" DATATYPE ="date" DESCRIPTION ="" FIELDNUMBER ="28" KEYTYPE ="NOT A KEY" NAME ="OPENED_DATE" NULLABLE ="NULL" PICTURETEXT ="" PRECISION ="19" SCALE ="0"/>
        <TARGETFIELD BUSINESSNAME ="" DATATYPE ="date" DESCRIPTION ="" FIELDNUMBER ="29" KEYTYPE ="NOT A KEY" NAME ="CLOSED_DATE" NULLABLE ="NULL" PICTURETEXT ="" PRECISION ="19" SCALE ="0"/>
        <TARGETFIELD BUSINESSNAME ="" DATATYPE ="varchar2" DESCRIPTION ="" FIELDNUMBER ="30" KEYTYPE ="NOT A KEY" NAME ="STATUS" NULLABLE ="NULL" PICTURETEXT ="" PRECISION ="50" SCALE ="0"/>
    </TARGET>
    <TRANSFORMATION DESCRIPTION ="" NAME ="PR_FACILITY_ID_NEXTVAL" OBJECTVERSION ="1" REUSABLE ="YES" TYPE ="Stored Procedure" VERSIONNUMBER ="1">
        <TRANSFORMFIELD DATATYPE ="string" DEFAULTVALUE ="" DESCRIPTION ="" NAME ="V_FACILITY_IN" PICTURETEXT ="" PORTTYPE ="INPUT" PRECISION ="4000" SCALE ="0"/>
        <TRANSFORMFIELD DATATYPE ="decimal" DEFAULTVALUE ="ERROR(&apos;transformation error&apos;)" DESCRIPTION ="" NAME ="V_FACILITY_ID" PICTURETEXT ="" PORTTYPE ="OUTPUT" PRECISION ="38" SCALE ="0"/>
        <TABLEATTRIBUTE NAME ="Stored Procedure Name" VALUE ="PR_FACILITY_ID_NEXTVAL"/>
        <TABLEATTRIBUTE NAME ="Connection Information" VALUE ="$Target"/>
        <TABLEATTRIBUTE NAME ="Call Text" VALUE =""/>
        <TABLEATTRIBUTE NAME ="Stored Procedure Type" VALUE ="Normal"/>
        <TABLEATTRIBUTE NAME ="Execution Order" VALUE ="1"/>
        <TABLEATTRIBUTE NAME ="Tracing Level" VALUE ="Normal"/>
        <TABLEATTRIBUTE NAME ="Subsecond Precision" VALUE ="6"/>
        <TABLEATTRIBUTE NAME ="Output is Repeatable" VALUE ="Based On Input Order"/>
        <TABLEATTRIBUTE NAME ="Output is Deterministic" VALUE ="NO"/>
    </TRANSFORMATION>
    <MAPPING DESCRIPTION ="This mapping loads data, as well as update the data in the target table SLBA_FACILITY." ISVALID ="YES" NAME ="m_RM_SLBA_FACILITY" OBJECTVERSION ="1" VERSIONNUMBER ="1">
        <TRANSFORMATION DESCRIPTION ="Performs an update based on condition and routes the fields to the target." NAME ="UPD_SLBA_FACILITY_INS" OBJECTVERSION ="1" REUSABLE ="NO" TYPE ="Update Strategy" VERSIONNUMBER ="1">
            <TRANSFORMFIELD DATATYPE ="decimal" DEFAULTVALUE ="" DESCRIPTION ="" NAME ="FACILITY_ID1" PICTURETEXT ="" PORTTYPE ="INPUT/OUTPUT" PRECISION ="38" SCALE ="0"/>
            <TRANSFORMFIELD DATATYPE ="string" DEFAULTVALUE ="" DESCRIPTION ="" NAME ="LOCATION1" PICTURETEXT ="" PORTTYPE ="INPUT/OUTPUT" PRECISION ="6" SCALE ="0"/>
            <TRANSFORMFIELD DATATYPE ="string" DEFAULTVALUE ="" DESCRIPTION ="" NAME ="FACILITY_TYPE1" PICTURETEXT ="" PORTTYPE ="INPUT/OUTPUT" PRECISION ="20" SCALE ="0"/>
            <TRANSFORMFIELD DATATYPE ="string" DEFAULTVALUE ="" DESCRIPTION ="" NAME ="DIVISION_GROUP1" PICTURETEXT ="" PORTTYPE ="INPUT/OUTPUT" PRECISION ="4" SCALE ="0"/>
            <TRANSFORMFIELD DATATYPE ="string" DEFAULTVALUE ="" DESCRIPTION ="" NAME ="GROUP_CODE1" PICTURETEXT ="" PORTTYPE ="INPUT/OUTPUT" PRECISION ="6" SCALE ="0"/>
            <TRANSFORMFIELD DATATYPE ="string" DEFAULTVALUE ="" DESCRIPTION ="" NAME ="GROUP_NAME1" PICTURETEXT ="" PORTTYPE ="INPUT/OUTPUT" PRECISION ="50" SCALE ="0"/>
            <TRANSFORMFIELD DATATYPE ="string" DEFAULTVALUE ="" DESCRIPTION ="" NAME ="FACILITY_NAME1" PICTURETEXT ="" PORTTYPE ="INPUT/OUTPUT" PRECISION ="30" SCALE ="0"/>
            <TRANSFORMFIELD DATATYPE ="decimal" DEFAULTVALUE ="" DESCRIPTION ="" NAME ="COUNTRY_ID1" PICTURETEXT ="" PORTTYPE ="INPUT/OUTPUT" PRECISION ="38" SCALE ="0"/>
            <TRANSFORMFIELD DATATYPE ="string" DEFAULTVALUE ="" DESCRIPTION ="" NAME ="UPDATE_USERID1" PICTURETEXT ="" PORTTYPE ="INPUT/OUTPUT" PRECISION ="50" SCALE ="0"/>
            <TRANSFORMFIELD DATATYPE ="date/time" DEFAULTVALUE ="" DESCRIPTION ="" NAME ="UPDATE_TIMESTAMP1" PICTURETEXT ="" PORTTYPE ="INPUT/OUTPUT" PRECISION ="29" SCALE ="9"/>
            <TABLEATTRIBUTE NAME ="Update Strategy Expression" VALUE ="DD_INSERT"/>
            <TABLEATTRIBUTE NAME ="Forward Rejected Rows" VALUE ="YES"/>
            <TABLEATTRIBUTE NAME ="Tracing Level" VALUE ="Normal"/>
        </TRANSFORMATION>
        <TRANSFORMATION DESCRIPTION ="Performs an insert based on condition and routes the fields to the target." NAME ="UPD_SLBA_FACILITY_UPD" OBJECTVERSION ="1" REUSABLE ="NO" TYPE ="Update Strategy" VERSIONNUMBER ="1">
            <TRANSFORMFIELD DATATYPE ="decimal" DEFAULTVALUE ="" DESCRIPTION ="" NAME ="FACILITY_ID3" PICTURETEXT ="" PORTTYPE ="INPUT/OUTPUT" PRECISION ="38" SCALE ="0"/>
            <TRANSFORMFIELD DATATYPE ="string" DEFAULTVALUE ="" DESCRIPTION ="" NAME ="LOCATION3" PICTURETEXT ="" PORTTYPE ="INPUT/OUTPUT" PRECISION ="6" SCALE ="0"/>
            <TRANSFORMFIELD DATATYPE ="string" DEFAULTVALUE ="" DESCRIPTION ="" NAME ="FACILITY_TYPE3" PICTURETEXT ="" PORTTYPE ="INPUT/OUTPUT" PRECISION ="20" SCALE ="0"/>
            <TRANSFORMFIELD DATATYPE ="string" DEFAULTVALUE ="" DESCRIPTION ="" NAME ="DIVISION_GROUP3" PICTURETEXT ="" PORTTYPE ="INPUT/OUTPUT" PRECISION ="4" SCALE ="0"/>
            <TRANSFORMFIELD DATATYPE ="string" DEFAULTVALUE ="" DESCRIPTION ="" NAME ="GROUP_CODE3" PICTURETEXT ="" PORTTYPE ="INPUT/OUTPUT" PRECISION ="6" SCALE ="0"/>
            <TRANSFORMFIELD DATATYPE ="string" DEFAULTVALUE ="" DESCRIPTION ="" NAME ="GROUP_NAME3" PICTURETEXT ="" PORTTYPE ="INPUT/OUTPUT" PRECISION ="50" SCALE ="0"/>
            <TRANSFORMFIELD DATATYPE ="string" DEFAULTVALUE ="" DESCRIPTION ="" NAME ="FACILITY_NAME3" PICTURETEXT ="" PORTTYPE ="INPUT/OUTPUT" PRECISION ="30" SCALE ="0"/>
            <TRANSFORMFIELD DATATYPE ="string" DEFAULTVALUE ="" DESCRIPTION ="" NAME ="UPDATE_USERID3" PICTURETEXT ="" PORTTYPE ="INPUT/OUTPUT" PRECISION ="50" SCALE ="0"/>
            <TRANSFORMFIELD DATATYPE ="date/time" DEFAULTVALUE ="" DESCRIPTION ="" NAME ="UPDATE_TIMESTAMP3" PICTURETEXT ="" PORTTYPE ="INPUT/OUTPUT" PRECISION ="29" SCALE ="9"/>
            <TRANSFORMFIELD DATATYPE ="decimal" DEFAULTVALUE ="" DESCRIPTION ="" NAME ="COUNTRY_ID3" PICTURETEXT ="" PORTTYPE ="INPUT/OUTPUT" PRECISION ="38" SCALE ="0"/>
            <TABLEATTRIBUTE NAME ="Update Strategy Expression" VALUE ="DD_UPDATE"/>
            <TABLEATTRIBUTE NAME ="Forward Rejected Rows" VALUE ="YES"/>
            <TABLEATTRIBUTE NAME ="Tracing Level" VALUE ="Normal"/>
        </TRANSFORMATION>
        <TRANSFORMATION DESCRIPTION ="This Source Qualifier transformation fetches the records from the source STG_NEWWR_RM." NAME ="SQ_STG_NEWWR_RM" OBJECTVERSION ="1" REUSABLE ="NO" TYPE ="Source Qualifier" VERSIONNUMBER ="1">
            <TRANSFORMFIELD DATATYPE ="string" DEFAULTVALUE ="" DESCRIPTION ="" NAME ="LOCATION" PICTURETEXT ="" PORTTYPE ="INPUT/OUTPUT" PRECISION ="6" SCALE ="0"/>
            <TRANSFORMFIELD DATATYPE ="string" DEFAULTVALUE ="" DESCRIPTION ="" NAME ="R_NAME" PICTURETEXT ="" PORTTYPE ="INPUT/OUTPUT" PRECISION ="35" SCALE ="0"/>
            <TRANSFORMFIELD DATATYPE ="string" DEFAULTVALUE ="" DESCRIPTION ="" NAME ="COUNTRY_CODE" PICTURETEXT ="" PORTTYPE ="INPUT/OUTPUT" PRECISION ="3" SCALE ="0"/>
            <TABLEATTRIBUTE NAME ="Sql Query" VALUE ="SELECT &#xD;&#xA;STG_NEWWR_RM.LOCATION, &#xD;&#xA;MIN(STG_NEWWR_RM.R_NAME), &#xD;&#xA;MIN(STG_NEWWR_RM.COUNTRY_CODE) &#xD;&#xA;FROM&#xD;&#xA; STG_NEWWR_RM&#xD;&#xA;WHERE AS_OF_DATE=(SELECT LOAD_CONTROL_DATES.AS_OF_DATE as AS_OF_DATE&#xD;&#xA;FROM &#xD;&#xA;load_control_dates&#xD;&#xA;WHERE TABLE_NAME= &apos;inventory&apos; AND LOAD_INDICATOR= &apos;Y&apos; and LBU= &apos;all&apos;) and PROCESS_FLAG=&apos;N&apos; GROUP BY  STG_NEWWR_RM.LOCATION"/>
            <TABLEATTRIBUTE NAME ="User Defined Join" VALUE =""/>
            <TABLEATTRIBUTE NAME ="Source Filter" VALUE =""/>
            <TABLEATTRIBUTE NAME ="Number Of Sorted Ports" VALUE ="0"/>
            <TABLEATTRIBUTE NAME ="Tracing Level" VALUE ="Normal"/>
            <TABLEATTRIBUTE NAME ="Select Distinct" VALUE ="NO"/>
            <TABLEATTRIBUTE NAME ="Is Partitionable" VALUE ="NO"/>
            <TABLEATTRIBUTE NAME ="Pre SQL" VALUE =""/>
            <TABLEATTRIBUTE NAME ="Post SQL" VALUE =""/>
            <TABLEATTRIBUTE NAME ="Output is deterministic" VALUE ="NO"/>
            <TABLEATTRIBUTE NAME ="Output is repeatable" VALUE ="Never"/>
        </TRANSFORMATION>
        <TRANSFORMATION DESCRIPTION ="Performs a lookup on SLBA_FACILITY table to check for redundant facility_id&apos;s." NAME ="LKP_SLBA_FACILITY" OBJECTVERSION ="1" REUSABLE ="NO" TYPE ="Lookup Procedure" VERSIONNUMBER ="1">
            <TRANSFORMFIELD DATATYPE ="decimal" DEFAULTVALUE ="" DESCRIPTION ="" NAME ="FACILITY_ID" PICTURETEXT ="" PORTTYPE ="LOOKUP/OUTPUT" PRECISION ="38" SCALE ="0"/>
            <TRANSFORMFIELD DATATYPE ="string" DEFAULTVALUE ="" DESCRIPTION ="" NAME ="FACILITY_CODE" PICTURETEXT ="" PORTTYPE ="LOOKUP" PRECISION ="6" SCALE ="0"/>
            <TRANSFORMFIELD DATATYPE ="string" DEFAULTVALUE ="" DESCRIPTION ="" NAME ="I_LOCATION" PICTURETEXT ="" PORTTYPE ="INPUT" PRECISION ="6" SCALE ="0"/>
            <TABLEATTRIBUTE NAME ="Lookup Sql Override" VALUE ="SELECT&#xD;&#xA; SLBA_FACILITY.FACILITY_ID as FACILITY_ID, &#xD;&#xA;SLBA_FACILITY.FACILITY_CODE as FACILITY_CODE &#xD;&#xA;FROM &#xD;&#xA;SLBA_FACILITY"/>
            <TABLEATTRIBUTE NAME ="Lookup table name" VALUE ="SLBA_FACILITY"/>
            <TABLEATTRIBUTE NAME ="Lookup Source Filter" VALUE =""/>
            <TABLEATTRIBUTE NAME ="Lookup caching enabled" VALUE ="YES"/>
            <TABLEATTRIBUTE NAME ="Lookup policy on multiple match" VALUE ="Use Any Value"/>
            <TABLEATTRIBUTE NAME ="Lookup condition" VALUE ="FACILITY_CODE = I_LOCATION"/>
            <TABLEATTRIBUTE NAME ="Connection Information" VALUE ="$Target"/>
            <TABLEATTRIBUTE NAME ="Source Type" VALUE ="Database"/>
            <TABLEATTRIBUTE NAME ="Recache if Stale" VALUE ="NO"/>
            <TABLEATTRIBUTE NAME ="Tracing Level" VALUE ="Normal"/>
            <TABLEATTRIBUTE NAME ="Lookup cache directory name" VALUE ="$PMCacheDir"/>
            <TABLEATTRIBUTE NAME ="Lookup cache initialize" VALUE ="NO"/>
            <TABLEATTRIBUTE NAME ="Lookup cache persistent" VALUE ="NO"/>
            <TABLEATTRIBUTE NAME ="Lookup Data Cache Size" VALUE ="Auto"/>
            <TABLEATTRIBUTE NAME ="Lookup Index Cache Size" VALUE ="Auto"/>
            <TABLEATTRIBUTE NAME ="Dynamic Lookup Cache" VALUE ="NO"/>
            <TABLEATTRIBUTE NAME ="Synchronize Dynamic Cache" VALUE ="NO"/>
            <TABLEATTRIBUTE NAME ="Output Old Value On Update" VALUE ="NO"/>
            <TABLEATTRIBUTE NAME ="Update Dynamic Cache Condition" VALUE ="TRUE"/>
            <TABLEATTRIBUTE NAME ="Cache File Name Prefix" VALUE =""/>
            <TABLEATTRIBUTE NAME ="Re-cache from lookup source" VALUE ="NO"/>
            <TABLEATTRIBUTE NAME ="Insert Else Update" VALUE ="NO"/>
            <TABLEATTRIBUTE NAME ="Update Else Insert" VALUE ="NO"/>
            <TABLEATTRIBUTE NAME ="Datetime Format" VALUE =""/>
            <TABLEATTRIBUTE NAME ="Thousand Separator" VALUE ="None"/>
            <TABLEATTRIBUTE NAME ="Decimal Separator" VALUE ="."/>
            <TABLEATTRIBUTE NAME ="Case Sensitive String Comparison" VALUE ="NO"/>
            <TABLEATTRIBUTE NAME ="Null ordering" VALUE ="Null Is Highest Value"/>
            <TABLEATTRIBUTE NAME ="Sorted Input" VALUE ="NO"/>
            <TABLEATTRIBUTE NAME ="Lookup source is static" VALUE ="NO"/>
            <TABLEATTRIBUTE NAME ="Pre-build lookup cache" VALUE ="Auto"/>
            <TABLEATTRIBUTE NAME ="Subsecond Precision" VALUE ="6"/>
        </TRANSFORMATION>
        <TRANSFORMATION DESCRIPTION ="Acts as a safe expression after the source. " NAME ="EXP_STG_NEWWR_RM" OBJECTVERSION ="1" REUSABLE ="NO" TYPE ="Expression" VERSIONNUMBER ="1">
            <TRANSFORMFIELD DATATYPE ="string" DEFAULTVALUE ="" DESCRIPTION ="" EXPRESSION ="LOCATION" EXPRESSIONTYPE ="GENERAL" NAME ="LOCATION" PICTURETEXT ="" PORTTYPE ="INPUT/OUTPUT" PRECISION ="6" SCALE ="0"/>
            <TRANSFORMFIELD DATATYPE ="string" DEFAULTVALUE ="" DESCRIPTION ="" NAME ="I_R_NAME" PICTURETEXT ="" PORTTYPE ="INPUT" PRECISION ="35" SCALE ="0"/>
            <TRANSFORMFIELD DATATYPE ="string" DEFAULTVALUE ="" DESCRIPTION ="" NAME ="I_COUNTRY_CODE" PICTURETEXT ="" PORTTYPE ="INPUT" PRECISION ="3" SCALE ="0"/>
            <TRANSFORMFIELD DATATYPE ="string" DEFAULTVALUE ="ERROR(&apos;transformation error&apos;)" DESCRIPTION ="" EXPRESSION ="&apos;UNMAPPED&apos;" EXPRESSIONTYPE ="GENERAL" NAME ="O_FACILITY_TYPE" PICTURETEXT ="" PORTTYPE ="OUTPUT" PRECISION ="20" SCALE ="0"/>
            <TRANSFORMFIELD DATATYPE ="decimal" DEFAULTVALUE ="ERROR(&apos;transformation error&apos;)" DESCRIPTION ="" EXPRESSION ="IIF(ISNULL(I_COUNTRY_CODE)   OR      I_COUNTRY_CODE =&apos; &apos; ,-1, :LKP.LKP_COUNTRY(I_COUNTRY_CODE))" EXPRESSIONTYPE ="GENERAL" NAME ="O_COUNTRY_ID" PICTURETEXT ="" PORTTYPE ="OUTPUT" PRECISION ="38" SCALE ="0"/>
            <TRANSFORMFIELD DATATYPE ="string" DEFAULTVALUE ="ERROR(&apos;transformation error&apos;)" DESCRIPTION ="" EXPRESSION ="&apos;slsp&apos;" EXPRESSIONTYPE ="GENERAL" NAME ="O_DIVISION_GROUP" PICTURETEXT ="" PORTTYPE ="OUTPUT" PRECISION ="4" SCALE ="0"/>
            <TRANSFORMFIELD DATATYPE ="string" DEFAULTVALUE ="ERROR(&apos;transformation error&apos;)" DESCRIPTION ="" EXPRESSION ="SUBSTR(LOCATION,2,2)" EXPRESSIONTYPE ="GENERAL" NAME ="O_GROUP_CODE" PICTURETEXT ="" PORTTYPE ="OUTPUT" PRECISION ="6" SCALE ="0"/>
            <TRANSFORMFIELD DATATYPE ="string" DEFAULTVALUE ="ERROR(&apos;transformation error&apos;)" DESCRIPTION ="" EXPRESSION ="LTRIM(RTRIM(I_R_NAME))" EXPRESSIONTYPE ="GENERAL" NAME ="O_GROUP_NAME" PICTURETEXT ="" PORTTYPE ="OUTPUT" PRECISION ="50" SCALE ="0"/>
            <TRANSFORMFIELD DATATYPE ="string" DEFAULTVALUE ="ERROR(&apos;transformation error&apos;)" DESCRIPTION ="" EXPRESSION ="LTRIM(RTRIM(I_R_NAME))" EXPRESSIONTYPE ="GENERAL" NAME ="O_FACILITY_NAME" PICTURETEXT ="" PORTTYPE ="OUTPUT" PRECISION ="30" SCALE ="0"/>
            <TRANSFORMFIELD DATATYPE ="string" DEFAULTVALUE ="ERROR(&apos;transformation error&apos;)" DESCRIPTION ="" EXPRESSION ="&apos;ETLfacRM&apos;" EXPRESSIONTYPE ="GENERAL" NAME ="O_UPDATE_USERID" PICTURETEXT ="" PORTTYPE ="OUTPUT" PRECISION ="50" SCALE ="0"/>
            <TRANSFORMFIELD DATATYPE ="date/time" DEFAULTVALUE ="ERROR(&apos;transformation error&apos;)" DESCRIPTION ="" EXPRESSION ="SESSSTARTTIME" EXPRESSIONTYPE ="GENERAL" NAME ="O_UPDATE_TIMESTAMP" PICTURETEXT ="" PORTTYPE ="OUTPUT" PRECISION ="29" SCALE ="9"/>
            <TABLEATTRIBUTE NAME ="Tracing Level" VALUE ="Normal"/>
        </TRANSFORMATION>
        <TRANSFORMATION DESCRIPTION ="Expression to calculate the facility_id." NAME ="EXP_SLBA_FACILITY" OBJECTVERSION ="1" REUSABLE ="NO" TYPE ="Expression" VERSIONNUMBER ="1">
            <TRANSFORMFIELD DATATYPE ="decimal" DEFAULTVALUE ="" DESCRIPTION ="" EXPRESSION ="FACILITY_ID" EXPRESSIONTYPE ="GENERAL" NAME ="FACILITY_ID" PICTURETEXT ="" PORTTYPE ="INPUT/OUTPUT" PRECISION ="38" SCALE ="0"/>
            <TRANSFORMFIELD DATATYPE ="decimal" DEFAULTVALUE ="ERROR(&apos;transformation error&apos;)" DESCRIPTION ="" EXPRESSION ="IIF(ISNULL(FACILITY_ID),:SP.PR_FACILITY_ID_NEXTVAL(NULL,PROC_RESULT),FACILITY_ID)" EXPRESSIONTYPE ="GENERAL" NAME ="O_FACILITY_ID" PICTURETEXT ="" PORTTYPE ="OUTPUT" PRECISION ="38" SCALE ="0"/>
            <TABLEATTRIBUTE NAME ="Tracing Level" VALUE ="Normal"/>
        </TRANSFORMATION>
        <TRANSFORMATION DESCRIPTION ="Performs a lookup on the COUNTRY table and fetches country_id based on the condition." NAME ="LKP_COUNTRY" OBJECTVERSION ="1" REUSABLE ="NO" TYPE ="Lookup Procedure" VERSIONNUMBER ="1">
            <TRANSFORMFIELD DATATYPE ="decimal" DEFAULTVALUE ="" DESCRIPTION ="" NAME ="COUNTRY_ID" PICTURETEXT ="" PORTTYPE ="LOOKUP/RETURN/OUTPUT" PRECISION ="38" SCALE ="0"/>
            <TRANSFORMFIELD DATATYPE ="string" DEFAULTVALUE ="" DESCRIPTION ="" NAME ="COUNTRY_CODE" PICTURETEXT ="" PORTTYPE ="LOOKUP" PRECISION ="2" SCALE ="0"/>
            <TRANSFORMFIELD DATATYPE ="string" DEFAULTVALUE ="" DESCRIPTION ="" NAME ="I_COUNTRY_CODE" PICTURETEXT ="" PORTTYPE ="INPUT" PRECISION ="2" SCALE ="0"/>
            <TABLEATTRIBUTE NAME ="Lookup Sql Override" VALUE =""/>
            <TABLEATTRIBUTE NAME ="Lookup table name" VALUE ="COUNTRY"/>
            <TABLEATTRIBUTE NAME ="Lookup Source Filter" VALUE =""/>
            <TABLEATTRIBUTE NAME ="Lookup caching enabled" VALUE ="YES"/>
            <TABLEATTRIBUTE NAME ="Lookup policy on multiple match" VALUE ="Use Any Value"/>
            <TABLEATTRIBUTE NAME ="Lookup condition" VALUE ="COUNTRY_CODE = I_COUNTRY_CODE"/>
            <TABLEATTRIBUTE NAME ="Connection Information" VALUE ="$Source"/>
            <TABLEATTRIBUTE NAME ="Source Type" VALUE ="Database"/>
            <TABLEATTRIBUTE NAME ="Recache if Stale" VALUE ="NO"/>
            <TABLEATTRIBUTE NAME ="Tracing Level" VALUE ="Normal"/>
            <TABLEATTRIBUTE NAME ="Lookup cache directory name" VALUE ="$PMCacheDir"/>
            <TABLEATTRIBUTE NAME ="Lookup cache initialize" VALUE ="NO"/>
            <TABLEATTRIBUTE NAME ="Lookup cache persistent" VALUE ="NO"/>
            <TABLEATTRIBUTE NAME ="Lookup Data Cache Size" VALUE ="Auto"/>
            <TABLEATTRIBUTE NAME ="Lookup Index Cache Size" VALUE ="Auto"/>
            <TABLEATTRIBUTE NAME ="Dynamic Lookup Cache" VALUE ="NO"/>
            <TABLEATTRIBUTE NAME ="Synchronize Dynamic Cache" VALUE ="NO"/>
            <TABLEATTRIBUTE NAME ="Output Old Value On Update" VALUE ="NO"/>
            <TABLEATTRIBUTE NAME ="Update Dynamic Cache Condition" VALUE ="TRUE"/>
            <TABLEATTRIBUTE NAME ="Cache File Name Prefix" VALUE =""/>
            <TABLEATTRIBUTE NAME ="Re-cache from lookup source" VALUE ="NO"/>
            <TABLEATTRIBUTE NAME ="Insert Else Update" VALUE ="NO"/>
            <TABLEATTRIBUTE NAME ="Update Else Insert" VALUE ="NO"/>
            <TABLEATTRIBUTE NAME ="Datetime Format" VALUE =""/>
            <TABLEATTRIBUTE NAME ="Thousand Separator" VALUE ="None"/>
            <TABLEATTRIBUTE NAME ="Decimal Separator" VALUE ="."/>
            <TABLEATTRIBUTE NAME ="Case Sensitive String Comparison" VALUE ="NO"/>
            <TABLEATTRIBUTE NAME ="Null ordering" VALUE ="Null Is Highest Value"/>
            <TABLEATTRIBUTE NAME ="Sorted Input" VALUE ="NO"/>
            <TABLEATTRIBUTE NAME ="Lookup source is static" VALUE ="NO"/>
            <TABLEATTRIBUTE NAME ="Pre-build lookup cache" VALUE ="Auto"/>
            <TABLEATTRIBUTE NAME ="Subsecond Precision" VALUE ="6"/>
        </TRANSFORMATION>
        <TRANSFORMATION DESCRIPTION ="This transformation routes the data based on the insert and update conditions." NAME ="RTR_SLBA_FACILITY" OBJECTVERSION ="1" REUSABLE ="NO" TYPE ="Router" VERSIONNUMBER ="1">
            <GROUP DESCRIPTION ="" EXPRESSION ="ISNULL(LKP_FACILITY_ID)" NAME ="SLBA_FACILITY_INSERT" ORDER ="1" TYPE ="OUTPUT"/>
            <GROUP DESCRIPTION ="Path for the data when none of the group conditions are satisfied." NAME ="DEFAULT1" ORDER ="3" TYPE ="OUTPUT/DEFAULT"/>
            <GROUP DESCRIPTION ="" EXPRESSION ="NOT ISNULL(LKP_FACILITY_ID)" NAME ="SLBA_FACILITY_UPDATE" ORDER ="2" TYPE ="OUTPUT"/>
            <GROUP DESCRIPTION ="" NAME ="INPUT" ORDER ="0" TYPE ="INPUT"/>
            <TRANSFORMFIELD DATATYPE ="decimal" DEFAULTVALUE ="" DESCRIPTION ="" GROUP ="INPUT" NAME ="LKP_FACILITY_ID" PICTURETEXT ="" PORTTYPE ="INPUT" PRECISION ="38" SCALE ="0"/>
            <TRANSFORMFIELD DATATYPE ="decimal" DEFAULTVALUE ="" DESCRIPTION ="" GROUP ="INPUT" NAME ="COUNTRY_ID" PICTURETEXT ="" PORTTYPE ="INPUT" PRECISION ="38" SCALE ="0"/>
            <TRANSFORMFIELD DATATYPE ="decimal" DEFAULTVALUE ="" DESCRIPTION ="" GROUP ="INPUT" NAME ="FACILITY_ID" PICTURETEXT ="" PORTTYPE ="INPUT" PRECISION ="38" SCALE ="0"/>
            <TRANSFORMFIELD DATATYPE ="string" DEFAULTVALUE ="" DESCRIPTION ="" GROUP ="INPUT" NAME ="LOCATION" PICTURETEXT ="" PORTTYPE ="INPUT" PRECISION ="6" SCALE ="0"/>
            <TRANSFORMFIELD DATATYPE ="string" DEFAULTVALUE ="" DESCRIPTION ="" GROUP ="INPUT" NAME ="COUNTRY_CODE" PICTURETEXT ="" PORTTYPE ="INPUT" PRECISION ="3" SCALE ="0"/>
            <TRANSFORMFIELD DATATYPE ="string" DEFAULTVALUE ="" DESCRIPTION ="" GROUP ="INPUT" NAME ="FACILITY_TYPE" PICTURETEXT ="" PORTTYPE ="INPUT" PRECISION ="20" SCALE ="0"/>
            <TRANSFORMFIELD DATATYPE ="string" DEFAULTVALUE ="" DESCRIPTION ="" GROUP ="INPUT" NAME ="DIVISION_GROUP" PICTURETEXT ="" PORTTYPE ="INPUT" PRECISION ="4" SCALE ="0"/>
            <TRANSFORMFIELD DATATYPE ="string" DEFAULTVALUE ="" DESCRIPTION ="" GROUP ="INPUT" NAME ="GROUP_CODE" PICTURETEXT ="" PORTTYPE ="INPUT" PRECISION ="6" SCALE ="0"/>
            <TRANSFORMFIELD DATATYPE ="string" DEFAULTVALUE ="" DESCRIPTION ="" GROUP ="INPUT" NAME ="GROUP_NAME" PICTURETEXT ="" PORTTYPE ="INPUT" PRECISION ="50" SCALE ="0"/>
            <TRANSFORMFIELD DATATYPE ="string" DEFAULTVALUE ="" DESCRIPTION ="" GROUP ="INPUT" NAME ="FACILITY_NAME" PICTURETEXT ="" PORTTYPE ="INPUT" PRECISION ="30" SCALE ="0"/>
            <TRANSFORMFIELD DATATYPE ="string" DEFAULTVALUE ="" DESCRIPTION ="" GROUP ="INPUT" NAME ="UPDATE_USERID" PICTURETEXT ="" PORTTYPE ="INPUT" PRECISION ="50" SCALE ="0"/>
            <TRANSFORMFIELD DATATYPE ="date/time" DEFAULTVALUE ="" DESCRIPTION ="" GROUP ="INPUT" NAME ="UPDATE_TIMESTAMP" PICTURETEXT ="" PORTTYPE ="INPUT" PRECISION ="29" SCALE ="9"/>
            <TRANSFORMFIELD DATATYPE ="decimal" DEFAULTVALUE ="" DESCRIPTION ="" GROUP ="SLBA_FACILITY_INSERT" NAME ="LKP_FACILITY_ID1" PICTURETEXT ="" PORTTYPE ="OUTPUT" PRECISION ="38" REF_FIELD ="LKP_FACILITY_ID" SCALE ="0"/>
            <TRANSFORMFIELD DATATYPE ="decimal" DEFAULTVALUE ="" DESCRIPTION ="" GROUP ="SLBA_FACILITY_INSERT" NAME ="COUNTRY_ID1" PICTURETEXT ="" PORTTYPE ="OUTPUT" PRECISION ="38" REF_FIELD ="COUNTRY_ID" SCALE ="0"/>
            <TRANSFORMFIELD DATATYPE ="decimal" DEFAULTVALUE ="" DESCRIPTION ="" GROUP ="SLBA_FACILITY_INSERT" NAME ="FACILITY_ID1" PICTURETEXT ="" PORTTYPE ="OUTPUT" PRECISION ="38" REF_FIELD ="FACILITY_ID" SCALE ="0"/>
            <TRANSFORMFIELD DATATYPE ="string" DEFAULTVALUE ="" DESCRIPTION ="" GROUP ="SLBA_FACILITY_INSERT" NAME ="LOCATION1" PICTURETEXT ="" PORTTYPE ="OUTPUT" PRECISION ="6" REF_FIELD ="LOCATION" SCALE ="0"/>
            <TRANSFORMFIELD DATATYPE ="string" DEFAULTVALUE ="" DESCRIPTION ="" GROUP ="SLBA_FACILITY_INSERT" NAME ="COUNTRY_CODE1" PICTURETEXT ="" PORTTYPE ="OUTPUT" PRECISION ="3" REF_FIELD ="COUNTRY_CODE" SCALE ="0"/>
            <TRANSFORMFIELD DATATYPE ="string" DEFAULTVALUE ="" DESCRIPTION ="" GROUP ="SLBA_FACILITY_INSERT" NAME ="FACILITY_TYPE1" PICTURETEXT ="" PORTTYPE ="OUTPUT" PRECISION ="20" REF_FIELD ="FACILITY_TYPE" SCALE ="0"/>
            <TRANSFORMFIELD DATATYPE ="string" DEFAULTVALUE ="" DESCRIPTION ="" GROUP ="SLBA_FACILITY_INSERT" NAME ="DIVISION_GROUP1" PICTURETEXT ="" PORTTYPE ="OUTPUT" PRECISION ="4" REF_FIELD ="DIVISION_GROUP" SCALE ="0"/>
            <TRANSFORMFIELD DATATYPE ="string" DEFAULTVALUE ="" DESCRIPTION ="" GROUP ="SLBA_FACILITY_INSERT" NAME ="GROUP_CODE1" PICTURETEXT ="" PORTTYPE ="OUTPUT" PRECISION ="6" REF_FIELD ="GROUP_CODE" SCALE ="0"/>
            <TRANSFORMFIELD DATATYPE ="string" DEFAULTVALUE ="" DESCRIPTION ="" GROUP ="SLBA_FACILITY_INSERT" NAME ="GROUP_NAME1" PICTURETEXT ="" PORTTYPE ="OUTPUT" PRECISION ="50" REF_FIELD ="GROUP_NAME" SCALE ="0"/>
            <TRANSFORMFIELD DATATYPE ="string" DEFAULTVALUE ="" DESCRIPTION ="" GROUP ="SLBA_FACILITY_INSERT" NAME ="FACILITY_NAME1" PICTURETEXT ="" PORTTYPE ="OUTPUT" PRECISION ="30" REF_FIELD ="FACILITY_NAME" SCALE ="0"/>
            <TRANSFORMFIELD DATATYPE ="string" DEFAULTVALUE ="" DESCRIPTION ="" GROUP ="SLBA_FACILITY_INSERT" NAME ="UPDATE_USERID1" PICTURETEXT ="" PORTTYPE ="OUTPUT" PRECISION ="50" REF_FIELD ="UPDATE_USERID" SCALE ="0"/>
            <TRANSFORMFIELD DATATYPE ="date/time" DEFAULTVALUE ="" DESCRIPTION ="" GROUP ="SLBA_FACILITY_INSERT" NAME ="UPDATE_TIMESTAMP1" PICTURETEXT ="" PORTTYPE ="OUTPUT" PRECISION ="29" REF_FIELD ="UPDATE_TIMESTAMP" SCALE ="9"/>
            <TRANSFORMFIELD DATATYPE ="decimal" DEFAULTVALUE ="" DESCRIPTION ="" GROUP ="SLBA_FACILITY_UPDATE" NAME ="LKP_FACILITY_ID3" PICTURETEXT ="" PORTTYPE ="OUTPUT" PRECISION ="38" REF_FIELD ="LKP_FACILITY_ID" SCALE ="0"/>
            <TRANSFORMFIELD DATATYPE ="decimal" DEFAULTVALUE ="" DESCRIPTION ="" GROUP ="SLBA_FACILITY_UPDATE" NAME ="COUNTRY_ID3" PICTURETEXT ="" PORTTYPE ="OUTPUT" PRECISION ="38" REF_FIELD ="COUNTRY_ID" SCALE ="0"/>
            <TRANSFORMFIELD DATATYPE ="decimal" DEFAULTVALUE ="" DESCRIPTION ="" GROUP ="SLBA_FACILITY_UPDATE" NAME ="FACILITY_ID3" PICTURETEXT ="" PORTTYPE ="OUTPUT" PRECISION ="38" REF_FIELD ="FACILITY_ID" SCALE ="0"/>
            <TRANSFORMFIELD DATATYPE ="string" DEFAULTVALUE ="" DESCRIPTION ="" GROUP ="SLBA_FACILITY_UPDATE" NAME ="LOCATION3" PICTURETEXT ="" PORTTYPE ="OUTPUT" PRECISION ="6" REF_FIELD ="LOCATION" SCALE ="0"/>
            <TRANSFORMFIELD DATATYPE ="string" DEFAULTVALUE ="" DESCRIPTION ="" GROUP ="SLBA_FACILITY_UPDATE" NAME ="COUNTRY_CODE3" PICTURETEXT ="" PORTTYPE ="OUTPUT" PRECISION ="3" REF_FIELD ="COUNTRY_CODE" SCALE ="0"/>
            <TRANSFORMFIELD DATATYPE ="string" DEFAULTVALUE ="" DESCRIPTION ="" GROUP ="SLBA_FACILITY_UPDATE" NAME ="FACILITY_TYPE3" PICTURETEXT ="" PORTTYPE ="OUTPUT" PRECISION ="20" REF_FIELD ="FACILITY_TYPE" SCALE ="0"/>
            <TRANSFORMFIELD DATATYPE ="string" DEFAULTVALUE ="" DESCRIPTION ="" GROUP ="SLBA_FACILITY_UPDATE" NAME ="DIVISION_GROUP3" PICTURETEXT ="" PORTTYPE ="OUTPUT" PRECISION ="4" REF_FIELD ="DIVISION_GROUP" SCALE ="0"/>
            <TRANSFORMFIELD DATATYPE ="string" DEFAULTVALUE ="" DESCRIPTION ="" GROUP ="SLBA_FACILITY_UPDATE" NAME ="GROUP_CODE3" PICTURETEXT ="" PORTTYPE ="OUTPUT" PRECISION ="6" REF_FIELD ="GROUP_CODE" SCALE ="0"/>
            <TRANSFORMFIELD DATATYPE ="string" DEFAULTVALUE ="" DESCRIPTION ="" GROUP ="SLBA_FACILITY_UPDATE" NAME ="GROUP_NAME3" PICTURETEXT ="" PORTTYPE ="OUTPUT" PRECISION ="50" REF_FIELD ="GROUP_NAME" SCALE ="0"/>
            <TRANSFORMFIELD DATATYPE ="string" DEFAULTVALUE ="" DESCRIPTION ="" GROUP ="SLBA_FACILITY_UPDATE" NAME ="FACILITY_NAME3" PICTURETEXT ="" PORTTYPE ="OUTPUT" PRECISION ="30" REF_FIELD ="FACILITY_NAME" SCALE ="0"/>
            <TRANSFORMFIELD DATATYPE ="string" DEFAULTVALUE ="" DESCRIPTION ="" GROUP ="SLBA_FACILITY_UPDATE" NAME ="UPDATE_USERID3" PICTURETEXT ="" PORTTYPE ="OUTPUT" PRECISION ="50" REF_FIELD ="UPDATE_USERID" SCALE ="0"/>
            <TRANSFORMFIELD DATATYPE ="date/time" DEFAULTVALUE ="" DESCRIPTION ="" GROUP ="SLBA_FACILITY_UPDATE" NAME ="UPDATE_TIMESTAMP3" PICTURETEXT ="" PORTTYPE ="OUTPUT" PRECISION ="29" REF_FIELD ="UPDATE_TIMESTAMP" SCALE ="9"/>
            <TRANSFORMFIELD DATATYPE ="decimal" DEFAULTVALUE ="" DESCRIPTION ="" GROUP ="DEFAULT1" NAME ="LKP_FACILITY_ID2" PICTURETEXT ="" PORTTYPE ="OUTPUT" PRECISION ="38" REF_FIELD ="LKP_FACILITY_ID" SCALE ="0"/>
            <TRANSFORMFIELD DATATYPE ="decimal" DEFAULTVALUE ="" DESCRIPTION ="" GROUP ="DEFAULT1" NAME ="COUNTRY_ID2" PICTURETEXT ="" PORTTYPE ="OUTPUT" PRECISION ="38" REF_FIELD ="COUNTRY_ID" SCALE ="0"/>
            <TRANSFORMFIELD DATATYPE ="decimal" DEFAULTVALUE ="" DESCRIPTION ="" GROUP ="DEFAULT1" NAME ="FACILITY_ID2" PICTURETEXT ="" PORTTYPE ="OUTPUT" PRECISION ="38" REF_FIELD ="FACILITY_ID" SCALE ="0"/>
            <TRANSFORMFIELD DATATYPE ="string" DEFAULTVALUE ="" DESCRIPTION ="" GROUP ="DEFAULT1" NAME ="LOCATION2" PICTURETEXT ="" PORTTYPE ="OUTPUT" PRECISION ="6" REF_FIELD ="LOCATION" SCALE ="0"/>
            <TRANSFORMFIELD DATATYPE ="string" DEFAULTVALUE ="" DESCRIPTION ="" GROUP ="DEFAULT1" NAME ="COUNTRY_CODE2" PICTURETEXT ="" PORTTYPE ="OUTPUT" PRECISION ="3" REF_FIELD ="COUNTRY_CODE" SCALE ="0"/>
            <TRANSFORMFIELD DATATYPE ="string" DEFAULTVALUE ="" DESCRIPTION ="" GROUP ="DEFAULT1" NAME ="FACILITY_TYPE2" PICTURETEXT ="" PORTTYPE ="OUTPUT" PRECISION ="20" REF_FIELD ="FACILITY_TYPE" SCALE ="0"/>
            <TRANSFORMFIELD DATATYPE ="string" DEFAULTVALUE ="" DESCRIPTION ="" GROUP ="DEFAULT1" NAME ="DIVISION_GROUP2" PICTURETEXT ="" PORTTYPE ="OUTPUT" PRECISION ="4" REF_FIELD ="DIVISION_GROUP" SCALE ="0"/>
            <TRANSFORMFIELD DATATYPE ="string" DEFAULTVALUE ="" DESCRIPTION ="" GROUP ="DEFAULT1" NAME ="GROUP_CODE2" PICTURETEXT ="" PORTTYPE ="OUTPUT" PRECISION ="6" REF_FIELD ="GROUP_CODE" SCALE ="0"/>
            <TRANSFORMFIELD DATATYPE ="string" DEFAULTVALUE ="" DESCRIPTION ="" GROUP ="DEFAULT1" NAME ="GROUP_NAME2" PICTURETEXT ="" PORTTYPE ="OUTPUT" PRECISION ="50" REF_FIELD ="GROUP_NAME" SCALE ="0"/>
            <TRANSFORMFIELD DATATYPE ="string" DEFAULTVALUE ="" DESCRIPTION ="" GROUP ="DEFAULT1" NAME ="FACILITY_NAME2" PICTURETEXT ="" PORTTYPE ="OUTPUT" PRECISION ="30" REF_FIELD ="FACILITY_NAME" SCALE ="0"/>
            <TRANSFORMFIELD DATATYPE ="string" DEFAULTVALUE ="" DESCRIPTION ="" GROUP ="DEFAULT1" NAME ="UPDATE_USERID2" PICTURETEXT ="" PORTTYPE ="OUTPUT" PRECISION ="50" REF_FIELD ="UPDATE_USERID" SCALE ="0"/>
            <TRANSFORMFIELD DATATYPE ="date/time" DEFAULTVALUE ="" DESCRIPTION ="" GROUP ="DEFAULT1" NAME ="UPDATE_TIMESTAMP2" PICTURETEXT ="" PORTTYPE ="OUTPUT" PRECISION ="29" REF_FIELD ="UPDATE_TIMESTAMP" SCALE ="9"/>
            <TABLEATTRIBUTE NAME ="Tracing Level" VALUE ="Normal"/>
        </TRANSFORMATION>
        <INSTANCE DESCRIPTION ="Target Definition SLBA_FACILITY." NAME ="SLBA_FACILITY_UPD" TRANSFORMATION_NAME ="SLBA_FACILITY" TRANSFORMATION_TYPE ="Target Definition" TYPE ="TARGET"/>
        <INSTANCE DESCRIPTION ="Target Definition SLBA_FACILITY." NAME ="SLBA_FACILITY" TRANSFORMATION_NAME ="SLBA_FACILITY" TRANSFORMATION_TYPE ="Target Definition" TYPE ="TARGET"/>
        <INSTANCE DBDNAME ="slbadw" DESCRIPTION ="Source Definition STG_NEWWR_RM." NAME ="STG_NEWWR_RM" TRANSFORMATION_NAME ="STG_NEWWR_RM" TRANSFORMATION_TYPE ="Source Definition" TYPE ="SOURCE"/>
        <INSTANCE DESCRIPTION ="Stored Procedure to fetch facility_id." NAME ="PR_FACILITY_ID_NEXTVAL" REUSABLE ="YES" TRANSFORMATION_NAME ="PR_FACILITY_ID_NEXTVAL" TRANSFORMATION_TYPE ="Stored Procedure" TYPE ="TRANSFORMATION">
            <TABLEATTRIBUTE NAME ="Stored Procedure Name" VALUE ="SLBA.PR_FACILITY_ID_NEXTVAL"/>
        </INSTANCE>
        <INSTANCE DESCRIPTION ="Performs an update based on condition and routes the fields to the target." NAME ="UPD_SLBA_FACILITY_INS" REUSABLE ="NO" TRANSFORMATION_NAME ="UPD_SLBA_FACILITY_INS" TRANSFORMATION_TYPE ="Update Strategy" TYPE ="TRANSFORMATION"/>
        <INSTANCE DESCRIPTION ="Performs an insert based on condition and routes the fields to the target." NAME ="UPD_SLBA_FACILITY_UPD" REUSABLE ="NO" TRANSFORMATION_NAME ="UPD_SLBA_FACILITY_UPD" TRANSFORMATION_TYPE ="Update Strategy" TYPE ="TRANSFORMATION"/>
        <INSTANCE DESCRIPTION ="This Source Qualifier transformation fetches the records from the source STG_NEWWR_RM." NAME ="SQ_STG_NEWWR_RM" REUSABLE ="NO" TRANSFORMATION_NAME ="SQ_STG_NEWWR_RM" TRANSFORMATION_TYPE ="Source Qualifier" TYPE ="TRANSFORMATION">
            <ASSOCIATED_SOURCE_INSTANCE NAME ="STG_NEWWR_RM"/>
        </INSTANCE>
        <INSTANCE DESCRIPTION ="Performs a lookup on SLBA_FACILITY table to check for redundant facility_id&apos;s." NAME ="LKP_SLBA_FACILITY" REUSABLE ="NO" TRANSFORMATION_NAME ="LKP_SLBA_FACILITY" TRANSFORMATION_TYPE ="Lookup Procedure" TYPE ="TRANSFORMATION"/>
        <INSTANCE DESCRIPTION ="Acts as a safe expression after the source. " NAME ="EXP_STG_NEWWR_RM" REUSABLE ="NO" TRANSFORMATION_NAME ="EXP_STG_NEWWR_RM" TRANSFORMATION_TYPE ="Expression" TYPE ="TRANSFORMATION"/>
        <INSTANCE DESCRIPTION ="Expression to calculate the facility_id." NAME ="EXP_SLBA_FACILITY" REUSABLE ="NO" TRANSFORMATION_NAME ="EXP_SLBA_FACILITY" TRANSFORMATION_TYPE ="Expression" TYPE ="TRANSFORMATION"/>
        <INSTANCE DESCRIPTION ="Performs a lookup on the COUNTRY table and fetches country_id based on the condition." NAME ="LKP_COUNTRY" REUSABLE ="NO" TRANSFORMATION_NAME ="LKP_COUNTRY" TRANSFORMATION_TYPE ="Lookup Procedure" TYPE ="TRANSFORMATION"/>
        <INSTANCE DESCRIPTION ="This transformation routes the data based on the insert and update conditions." NAME ="RTR_SLBA_FACILITY" REUSABLE ="NO" TRANSFORMATION_NAME ="RTR_SLBA_FACILITY" TRANSFORMATION_TYPE ="Router" TYPE ="TRANSFORMATION"/>
        <CONNECTOR FROMFIELD ="UPDATE_USERID3" FROMINSTANCE ="UPD_SLBA_FACILITY_UPD" FROMINSTANCETYPE ="Update Strategy" TOFIELD ="UPDATE_USERID" TOINSTANCE ="SLBA_FACILITY_UPD" TOINSTANCETYPE ="Target Definition"/>
        <CONNECTOR FROMFIELD ="UPDATE_TIMESTAMP3" FROMINSTANCE ="UPD_SLBA_FACILITY_UPD" FROMINSTANCETYPE ="Update Strategy" TOFIELD ="UPDATE_TIMESTAMP" TOINSTANCE ="SLBA_FACILITY_UPD" TOINSTANCETYPE ="Target Definition"/>
        <CONNECTOR FROMFIELD ="COUNTRY_ID3" FROMINSTANCE ="UPD_SLBA_FACILITY_UPD" FROMINSTANCETYPE ="Update Strategy" TOFIELD ="COUNTRY_ID" TOINSTANCE ="SLBA_FACILITY_UPD" TOINSTANCETYPE ="Target Definition"/>
        <CONNECTOR FROMFIELD ="FACILITY_ID3" FROMINSTANCE ="UPD_SLBA_FACILITY_UPD" FROMINSTANCETYPE ="Update Strategy" TOFIELD ="FACILITY_ID" TOINSTANCE ="SLBA_FACILITY_UPD" TOINSTANCETYPE ="Target Definition"/>
        <CONNECTOR FROMFIELD ="LOCATION3" FROMINSTANCE ="UPD_SLBA_FACILITY_UPD" FROMINSTANCETYPE ="Update Strategy" TOFIELD ="FACILITY_CODE" TOINSTANCE ="SLBA_FACILITY_UPD" TOINSTANCETYPE ="Target Definition"/>
        <CONNECTOR FROMFIELD ="DIVISION_GROUP3" FROMINSTANCE ="UPD_SLBA_FACILITY_UPD" FROMINSTANCETYPE ="Update Strategy" TOFIELD ="DIVISION_GROUP" TOINSTANCE ="SLBA_FACILITY_UPD" TOINSTANCETYPE ="Target Definition"/>
        <CONNECTOR FROMFIELD ="GROUP_CODE3" FROMINSTANCE ="UPD_SLBA_FACILITY_UPD" FROMINSTANCETYPE ="Update Strategy" TOFIELD ="GROUP_CODE" TOINSTANCE ="SLBA_FACILITY_UPD" TOINSTANCETYPE ="Target Definition"/>
        <CONNECTOR FROMFIELD ="GROUP_NAME3" FROMINSTANCE ="UPD_SLBA_FACILITY_UPD" FROMINSTANCETYPE ="Update Strategy" TOFIELD ="GROUP_NAME" TOINSTANCE ="SLBA_FACILITY_UPD" TOINSTANCETYPE ="Target Definition"/>
        <CONNECTOR FROMFIELD ="FACILITY_NAME3" FROMINSTANCE ="UPD_SLBA_FACILITY_UPD" FROMINSTANCETYPE ="Update Strategy" TOFIELD ="FACILITY_NAME" TOINSTANCE ="SLBA_FACILITY_UPD" TOINSTANCETYPE ="Target Definition"/>
        <CONNECTOR FROMFIELD ="FACILITY_ID1" FROMINSTANCE ="UPD_SLBA_FACILITY_INS" FROMINSTANCETYPE ="Update Strategy" TOFIELD ="FACILITY_ID" TOINSTANCE ="SLBA_FACILITY" TOINSTANCETYPE ="Target Definition"/>
        <CONNECTOR FROMFIELD ="DIVISION_GROUP1" FROMINSTANCE ="UPD_SLBA_FACILITY_INS" FROMINSTANCETYPE ="Update Strategy" TOFIELD ="DIVISION_GROUP" TOINSTANCE ="SLBA_FACILITY" TOINSTANCETYPE ="Target Definition"/>
        <CONNECTOR FROMFIELD ="GROUP_CODE1" FROMINSTANCE ="UPD_SLBA_FACILITY_INS" FROMINSTANCETYPE ="Update Strategy" TOFIELD ="GROUP_CODE" TOINSTANCE ="SLBA_FACILITY" TOINSTANCETYPE ="Target Definition"/>
        <CONNECTOR FROMFIELD ="GROUP_NAME1" FROMINSTANCE ="UPD_SLBA_FACILITY_INS" FROMINSTANCETYPE ="Update Strategy" TOFIELD ="GROUP_NAME" TOINSTANCE ="SLBA_FACILITY" TOINSTANCETYPE ="Target Definition"/>
        <CONNECTOR FROMFIELD ="FACILITY_NAME1" FROMINSTANCE ="UPD_SLBA_FACILITY_INS" FROMINSTANCETYPE ="Update Strategy" TOFIELD ="FACILITY_NAME" TOINSTANCE ="SLBA_FACILITY" TOINSTANCETYPE ="Target Definition"/>
        <CONNECTOR FROMFIELD ="FACILITY_TYPE1" FROMINSTANCE ="UPD_SLBA_FACILITY_INS" FROMINSTANCETYPE ="Update Strategy" TOFIELD ="FACILITY_TYPE" TOINSTANCE ="SLBA_FACILITY" TOINSTANCETYPE ="Target Definition"/>
        <CONNECTOR FROMFIELD ="LOCATION1" FROMINSTANCE ="UPD_SLBA_FACILITY_INS" FROMINSTANCETYPE ="Update Strategy" TOFIELD ="FACILITY_CODE" TOINSTANCE ="SLBA_FACILITY" TOINSTANCETYPE ="Target Definition"/>
        <CONNECTOR FROMFIELD ="COUNTRY_ID1" FROMINSTANCE ="UPD_SLBA_FACILITY_INS" FROMINSTANCETYPE ="Update Strategy" TOFIELD ="COUNTRY_ID" TOINSTANCE ="SLBA_FACILITY" TOINSTANCETYPE ="Target Definition"/>
        <CONNECTOR FROMFIELD ="UPDATE_USERID1" FROMINSTANCE ="UPD_SLBA_FACILITY_INS" FROMINSTANCETYPE ="Update Strategy" TOFIELD ="UPDATE_USERID" TOINSTANCE ="SLBA_FACILITY" TOINSTANCETYPE ="Target Definition"/>
        <CONNECTOR FROMFIELD ="UPDATE_TIMESTAMP1" FROMINSTANCE ="UPD_SLBA_FACILITY_INS" FROMINSTANCETYPE ="Update Strategy" TOFIELD ="UPDATE_TIMESTAMP" TOINSTANCE ="SLBA_FACILITY" TOINSTANCETYPE ="Target Definition"/>
        <CONNECTOR FROMFIELD ="LOCATION" FROMINSTANCE ="STG_NEWWR_RM" FROMINSTANCETYPE ="Source Definition" TOFIELD ="LOCATION" TOINSTANCE ="SQ_STG_NEWWR_RM" TOINSTANCETYPE ="Source Qualifier"/>
        <CONNECTOR FROMFIELD ="R_NAME" FROMINSTANCE ="STG_NEWWR_RM" FROMINSTANCETYPE ="Source Definition" TOFIELD ="R_NAME" TOINSTANCE ="SQ_STG_NEWWR_RM" TOINSTANCETYPE ="Source Qualifier"/>
        <CONNECTOR FROMFIELD ="COUNTRY_CODE" FROMINSTANCE ="STG_NEWWR_RM" FROMINSTANCETYPE ="Source Definition" TOFIELD ="COUNTRY_CODE" TOINSTANCE ="SQ_STG_NEWWR_RM" TOINSTANCETYPE ="Source Qualifier"/>
        <CONNECTOR FROMFIELD ="GROUP_NAME1" FROMINSTANCE ="RTR_SLBA_FACILITY" FROMINSTANCETYPE ="Router" TOFIELD ="GROUP_NAME1" TOINSTANCE ="UPD_SLBA_FACILITY_INS" TOINSTANCETYPE ="Update Strategy"/>
        <CONNECTOR FROMFIELD ="FACILITY_NAME1" FROMINSTANCE ="RTR_SLBA_FACILITY" FROMINSTANCETYPE ="Router" TOFIELD ="FACILITY_NAME1" TOINSTANCE ="UPD_SLBA_FACILITY_INS" TOINSTANCETYPE ="Update Strategy"/>
        <CONNECTOR FROMFIELD ="COUNTRY_ID1" FROMINSTANCE ="RTR_SLBA_FACILITY" FROMINSTANCETYPE ="Router" TOFIELD ="COUNTRY_ID1" TOINSTANCE ="UPD_SLBA_FACILITY_INS" TOINSTANCETYPE ="Update Strategy"/>
        <CONNECTOR FROMFIELD ="UPDATE_USERID1" FROMINSTANCE ="RTR_SLBA_FACILITY" FROMINSTANCETYPE ="Router" TOFIELD ="UPDATE_USERID1" TOINSTANCE ="UPD_SLBA_FACILITY_INS" TOINSTANCETYPE ="Update Strategy"/>
        <CONNECTOR FROMFIELD ="UPDATE_TIMESTAMP1" FROMINSTANCE ="RTR_SLBA_FACILITY" FROMINSTANCETYPE ="Router" TOFIELD ="UPDATE_TIMESTAMP1" TOINSTANCE ="UPD_SLBA_FACILITY_INS" TOINSTANCETYPE ="Update Strategy"/>
        <CONNECTOR FROMFIELD ="FACILITY_ID1" FROMINSTANCE ="RTR_SLBA_FACILITY" FROMINSTANCETYPE ="Router" TOFIELD ="FACILITY_ID1" TOINSTANCE ="UPD_SLBA_FACILITY_INS" TOINSTANCETYPE ="Update Strategy"/>
        <CONNECTOR FROMFIELD ="LOCATION1" FROMINSTANCE ="RTR_SLBA_FACILITY" FROMINSTANCETYPE ="Router" TOFIELD ="LOCATION1" TOINSTANCE ="UPD_SLBA_FACILITY_INS" TOINSTANCETYPE ="Update Strategy"/>
        <CONNECTOR FROMFIELD ="FACILITY_TYPE1" FROMINSTANCE ="RTR_SLBA_FACILITY" FROMINSTANCETYPE ="Router" TOFIELD ="FACILITY_TYPE1" TOINSTANCE ="UPD_SLBA_FACILITY_INS" TOINSTANCETYPE ="Update Strategy"/>
        <CONNECTOR FROMFIELD ="DIVISION_GROUP1" FROMINSTANCE ="RTR_SLBA_FACILITY" FROMINSTANCETYPE ="Router" TOFIELD ="DIVISION_GROUP1" TOINSTANCE ="UPD_SLBA_FACILITY_INS" TOINSTANCETYPE ="Update Strategy"/>
        <CONNECTOR FROMFIELD ="GROUP_CODE1" FROMINSTANCE ="RTR_SLBA_FACILITY" FROMINSTANCETYPE ="Router" TOFIELD ="GROUP_CODE1" TOINSTANCE ="UPD_SLBA_FACILITY_INS" TOINSTANCETYPE ="Update Strategy"/>
        <CONNECTOR FROMFIELD ="GROUP_NAME3" FROMINSTANCE ="RTR_SLBA_FACILITY" FROMINSTANCETYPE ="Router" TOFIELD ="GROUP_NAME3" TOINSTANCE ="UPD_SLBA_FACILITY_UPD" TOINSTANCETYPE ="Update Strategy"/>
        <CONNECTOR FROMFIELD ="FACILITY_NAME3" FROMINSTANCE ="RTR_SLBA_FACILITY" FROMINSTANCETYPE ="Router" TOFIELD ="FACILITY_NAME3" TOINSTANCE ="UPD_SLBA_FACILITY_UPD" TOINSTANCETYPE ="Update Strategy"/>
        <CONNECTOR FROMFIELD ="UPDATE_USERID3" FROMINSTANCE ="RTR_SLBA_FACILITY" FROMINSTANCETYPE ="Router" TOFIELD ="UPDATE_USERID3" TOINSTANCE ="UPD_SLBA_FACILITY_UPD" TOINSTANCETYPE ="Update Strategy"/>
        <CONNECTOR FROMFIELD ="UPDATE_TIMESTAMP3" FROMINSTANCE ="RTR_SLBA_FACILITY" FROMINSTANCETYPE ="Router" TOFIELD ="UPDATE_TIMESTAMP3" TOINSTANCE ="UPD_SLBA_FACILITY_UPD" TOINSTANCETYPE ="Update Strategy"/>
        <CONNECTOR FROMFIELD ="COUNTRY_ID3" FROMINSTANCE ="RTR_SLBA_FACILITY" FROMINSTANCETYPE ="Router" TOFIELD ="COUNTRY_ID3" TOINSTANCE ="UPD_SLBA_FACILITY_UPD" TOINSTANCETYPE ="Update Strategy"/>
        <CONNECTOR FROMFIELD ="FACILITY_ID3" FROMINSTANCE ="RTR_SLBA_FACILITY" FROMINSTANCETYPE ="Router" TOFIELD ="FACILITY_ID3" TOINSTANCE ="UPD_SLBA_FACILITY_UPD" TOINSTANCETYPE ="Update Strategy"/>
        <CONNECTOR FROMFIELD ="LOCATION3" FROMINSTANCE ="RTR_SLBA_FACILITY" FROMINSTANCETYPE ="Router" TOFIELD ="LOCATION3" TOINSTANCE ="UPD_SLBA_FACILITY_UPD" TOINSTANCETYPE ="Update Strategy"/>
        <CONNECTOR FROMFIELD ="FACILITY_TYPE3" FROMINSTANCE ="RTR_SLBA_FACILITY" FROMINSTANCETYPE ="Router" TOFIELD ="FACILITY_TYPE3" TOINSTANCE ="UPD_SLBA_FACILITY_UPD" TOINSTANCETYPE ="Update Strategy"/>
        <CONNECTOR FROMFIELD ="DIVISION_GROUP3" FROMINSTANCE ="RTR_SLBA_FACILITY" FROMINSTANCETYPE ="Router" TOFIELD ="DIVISION_GROUP3" TOINSTANCE ="UPD_SLBA_FACILITY_UPD" TOINSTANCETYPE ="Update Strategy"/>
        <CONNECTOR FROMFIELD ="GROUP_CODE3" FROMINSTANCE ="RTR_SLBA_FACILITY" FROMINSTANCETYPE ="Router" TOFIELD ="GROUP_CODE3" TOINSTANCE ="UPD_SLBA_FACILITY_UPD" TOINSTANCETYPE ="Update Strategy"/>
        <CONNECTOR FROMFIELD ="LOCATION" FROMINSTANCE ="SQ_STG_NEWWR_RM" FROMINSTANCETYPE ="Source Qualifier" TOFIELD ="LOCATION" TOINSTANCE ="EXP_STG_NEWWR_RM" TOINSTANCETYPE ="Expression"/>
        <CONNECTOR FROMFIELD ="R_NAME" FROMINSTANCE ="SQ_STG_NEWWR_RM" FROMINSTANCETYPE ="Source Qualifier" TOFIELD ="I_R_NAME" TOINSTANCE ="EXP_STG_NEWWR_RM" TOINSTANCETYPE ="Expression"/>
        <CONNECTOR FROMFIELD ="COUNTRY_CODE" FROMINSTANCE ="SQ_STG_NEWWR_RM" FROMINSTANCETYPE ="Source Qualifier" TOFIELD ="I_COUNTRY_CODE" TOINSTANCE ="EXP_STG_NEWWR_RM" TOINSTANCETYPE ="Expression"/>
        <CONNECTOR FROMFIELD ="FACILITY_ID" FROMINSTANCE ="LKP_SLBA_FACILITY" FROMINSTANCETYPE ="Lookup Procedure" TOFIELD ="FACILITY_ID" TOINSTANCE ="EXP_SLBA_FACILITY" TOINSTANCETYPE ="Expression"/>
        <CONNECTOR FROMFIELD ="LOCATION" FROMINSTANCE ="EXP_STG_NEWWR_RM" FROMINSTANCETYPE ="Expression" TOFIELD ="I_LOCATION" TOINSTANCE ="LKP_SLBA_FACILITY" TOINSTANCETYPE ="Lookup Procedure"/>
        <CONNECTOR FROMFIELD ="LOCATION" FROMINSTANCE ="EXP_STG_NEWWR_RM" FROMINSTANCETYPE ="Expression" TOFIELD ="LOCATION" TOINSTANCE ="RTR_SLBA_FACILITY" TOINSTANCETYPE ="Router"/>
        <CONNECTOR FROMFIELD ="O_FACILITY_TYPE" FROMINSTANCE ="EXP_STG_NEWWR_RM" FROMINSTANCETYPE ="Expression" TOFIELD ="FACILITY_TYPE" TOINSTANCE ="RTR_SLBA_FACILITY" TOINSTANCETYPE ="Router"/>
        <CONNECTOR FROMFIELD ="O_DIVISION_GROUP" FROMINSTANCE ="EXP_STG_NEWWR_RM" FROMINSTANCETYPE ="Expression" TOFIELD ="DIVISION_GROUP" TOINSTANCE ="RTR_SLBA_FACILITY" TOINSTANCETYPE ="Router"/>
        <CONNECTOR FROMFIELD ="O_GROUP_CODE" FROMINSTANCE ="EXP_STG_NEWWR_RM" FROMINSTANCETYPE ="Expression" TOFIELD ="GROUP_CODE" TOINSTANCE ="RTR_SLBA_FACILITY" TOINSTANCETYPE ="Router"/>
        <CONNECTOR FROMFIELD ="O_GROUP_NAME" FROMINSTANCE ="EXP_STG_NEWWR_RM" FROMINSTANCETYPE ="Expression" TOFIELD ="GROUP_NAME" TOINSTANCE ="RTR_SLBA_FACILITY" TOINSTANCETYPE ="Router"/>
        <CONNECTOR FROMFIELD ="O_FACILITY_NAME" FROMINSTANCE ="EXP_STG_NEWWR_RM" FROMINSTANCETYPE ="Expression" TOFIELD ="FACILITY_NAME" TOINSTANCE ="RTR_SLBA_FACILITY" TOINSTANCETYPE ="Router"/>
        <CONNECTOR FROMFIELD ="O_UPDATE_USERID" FROMINSTANCE ="EXP_STG_NEWWR_RM" FROMINSTANCETYPE ="Expression" TOFIELD ="UPDATE_USERID" TOINSTANCE ="RTR_SLBA_FACILITY" TOINSTANCETYPE ="Router"/>
        <CONNECTOR FROMFIELD ="O_UPDATE_TIMESTAMP" FROMINSTANCE ="EXP_STG_NEWWR_RM" FROMINSTANCETYPE ="Expression" TOFIELD ="UPDATE_TIMESTAMP" TOINSTANCE ="RTR_SLBA_FACILITY" TOINSTANCETYPE ="Router"/>
        <CONNECTOR FROMFIELD ="O_COUNTRY_ID" FROMINSTANCE ="EXP_STG_NEWWR_RM" FROMINSTANCETYPE ="Expression" TOFIELD ="COUNTRY_ID" TOINSTANCE ="RTR_SLBA_FACILITY" TOINSTANCETYPE ="Router"/>
        <CONNECTOR FROMFIELD ="O_FACILITY_ID" FROMINSTANCE ="EXP_SLBA_FACILITY" FROMINSTANCETYPE ="Expression" TOFIELD ="FACILITY_ID" TOINSTANCE ="RTR_SLBA_FACILITY" TOINSTANCETYPE ="Router"/>
        <CONNECTOR FROMFIELD ="FACILITY_ID" FROMINSTANCE ="EXP_SLBA_FACILITY" FROMINSTANCETYPE ="Expression" TOFIELD ="LKP_FACILITY_ID" TOINSTANCE ="RTR_SLBA_FACILITY" TOINSTANCETYPE ="Router"/>
        <TARGETLOADORDER ORDER ="1" TARGETINSTANCE ="SLBA_FACILITY_UPD"/>
        <TARGETLOADORDER ORDER ="1" TARGETINSTANCE ="SLBA_FACILITY"/>
        <ERPINFO/>
        <METADATAEXTENSION DATATYPE ="STRING" DESCRIPTION ="Conversion Mapping Name with version " DOMAINNAME ="User Defined Metadata Domain" ISCLIENTEDITABLE ="YES" ISCLIENTVISIBLE ="YES" ISREUSABLE ="NO" ISSHAREREAD ="NO" ISSHAREWRITE ="NO" MAXLENGTH ="256" NAME ="CONV_MAP_NAME" VALUE ="RM_-_facility_2.0" VENDORNAME ="INFORMATICA"/>
    </MAPPING>
    <CONFIG DESCRIPTION ="Default session configuration object" ISDEFAULT ="YES" NAME ="default_session_config" VERSIONNUMBER ="1">
        <ATTRIBUTE NAME ="Advanced" VALUE =""/>
        <ATTRIBUTE NAME ="Constraint based load ordering" VALUE ="NO"/>
        <ATTRIBUTE NAME ="Cache LOOKUP() function" VALUE ="YES"/>
        <ATTRIBUTE NAME ="Default buffer block size" VALUE ="Auto"/>
        <ATTRIBUTE NAME ="Line Sequential buffer length" VALUE ="1024"/>
        <ATTRIBUTE NAME ="Maximum Memory Allowed For Auto Memory Attributes" VALUE ="0"/>
        <ATTRIBUTE NAME ="Maximum Percentage of Total Memory Allowed For Auto Memory Attributes" VALUE ="5"/>
        <ATTRIBUTE NAME ="Additional Concurrent Pipelines for Lookup Cache Creation" VALUE ="0"/>
        <ATTRIBUTE NAME ="Custom Properties" VALUE =""/>
        <ATTRIBUTE NAME ="Pre-build lookup cache" VALUE ="Auto"/>
        <ATTRIBUTE NAME ="Optimization Level" VALUE ="Medium"/>
        <ATTRIBUTE NAME ="DateTime Format String" VALUE ="MM/DD/YYYY HH24:MI:SS.US"/>
        <ATTRIBUTE NAME ="Pre 85 Timestamp Compatibility" VALUE ="NO"/>
        <ATTRIBUTE NAME ="Log Options" VALUE ="0"/>
        <ATTRIBUTE NAME ="Save session log by" VALUE ="Session runs"/>
        <ATTRIBUTE NAME ="Save session log for these runs" VALUE ="9"/>
        <ATTRIBUTE NAME ="Session Log File Max Size" VALUE ="0"/>
        <ATTRIBUTE NAME ="Session Log File Max Time Period" VALUE ="0"/>
        <ATTRIBUTE NAME ="Maximum Partial Session Log Files" VALUE ="1"/>
        <ATTRIBUTE NAME ="Writer Commit Statistics Log Frequency" VALUE ="1"/>
        <ATTRIBUTE NAME ="Writer Commit Statistics Log Interval" VALUE ="0"/>
        <ATTRIBUTE NAME ="Error handling" VALUE =""/>
        <ATTRIBUTE NAME ="Stop on errors" VALUE ="1"/>
        <ATTRIBUTE NAME ="Override tracing" VALUE ="None"/>
        <ATTRIBUTE NAME ="On Stored Procedure error" VALUE ="Stop"/>
        <ATTRIBUTE NAME ="On Pre-session command task error" VALUE ="Stop"/>
        <ATTRIBUTE NAME ="On Pre-Post SQL error" VALUE ="Stop"/>
        <ATTRIBUTE NAME ="Enable Recovery" VALUE ="NO"/>
        <ATTRIBUTE NAME ="Error Log Type" VALUE ="None"/>
        <ATTRIBUTE NAME ="Error Log Table Name Prefix" VALUE =""/>
        <ATTRIBUTE NAME ="Error Log File Name" VALUE ="PMError.log"/>
        <ATTRIBUTE NAME ="Log Source Row Data" VALUE ="NO"/>
        <ATTRIBUTE NAME ="Data Column Delimiter" VALUE ="|"/>
        <ATTRIBUTE NAME ="Partitioning Options" VALUE =""/>
        <ATTRIBUTE NAME ="Dynamic Partitioning" VALUE ="Disabled"/>
        <ATTRIBUTE NAME ="Number of Partitions" VALUE ="1"/>
        <ATTRIBUTE NAME ="Multiplication Factor" VALUE ="Auto"/>
        <ATTRIBUTE NAME ="Session on Grid" VALUE =""/>
        <ATTRIBUTE NAME ="Is Enabled" VALUE ="NO"/>
    </CONFIG>
    <SESSION DESCRIPTION ="This session fetches the mapping m_RM_SLBA_FACILITY." ISVALID ="YES" MAPPINGNAME ="m_RM_SLBA_FACILITY" NAME ="s_m_RM_SLBA_FACILITY" REUSABLE ="YES" SORTORDER ="Binary" VERSIONNUMBER ="1">
        <SESSTRANSFORMATIONINST ISREPARTITIONPOINT ="YES" PARTITIONTYPE ="PASS THROUGH" PIPELINE ="1" SINSTANCENAME ="SLBA_FACILITY" STAGE ="1" TRANSFORMATIONNAME ="SLBA_FACILITY" TRANSFORMATIONTYPE ="Target Definition"/>
        <SESSTRANSFORMATIONINST ISREPARTITIONPOINT ="YES" PARTITIONTYPE ="PASS THROUGH" PIPELINE ="1" SINSTANCENAME ="SLBA_FACILITY_UPD" STAGE ="2" TRANSFORMATIONNAME ="SLBA_FACILITY_UPD" TRANSFORMATIONTYPE ="Target Definition"/>
        <SESSTRANSFORMATIONINST ISREPARTITIONPOINT ="NO" PIPELINE ="0" SINSTANCENAME ="STG_NEWWR_RM" STAGE ="0" TRANSFORMATIONNAME ="STG_NEWWR_RM" TRANSFORMATIONTYPE ="Source Definition"/>
        <SESSTRANSFORMATIONINST ISREPARTITIONPOINT ="YES" PARTITIONTYPE ="PASS THROUGH" PIPELINE ="1" SINSTANCENAME ="SQ_STG_NEWWR_RM" STAGE ="3" TRANSFORMATIONNAME ="SQ_STG_NEWWR_RM" TRANSFORMATIONTYPE ="Source Qualifier"/>
        <SESSTRANSFORMATIONINST ISREPARTITIONPOINT ="NO" PIPELINE ="1" SINSTANCENAME ="EXP_STG_NEWWR_RM" STAGE ="3" TRANSFORMATIONNAME ="EXP_STG_NEWWR_RM" TRANSFORMATIONTYPE ="Expression">
            <PARTITION DESCRIPTION ="" NAME ="Partition #1"/>
        </SESSTRANSFORMATIONINST>
        <SESSTRANSFORMATIONINST ISREPARTITIONPOINT ="NO" PIPELINE ="0" SINSTANCENAME ="PR_FACILITY_ID_NEXTVAL" STAGE ="0" TRANSFORMATIONNAME ="PR_FACILITY_ID_NEXTVAL" TRANSFORMATIONTYPE ="Stored Procedure"/>
        <SESSTRANSFORMATIONINST ISREPARTITIONPOINT ="NO" PIPELINE ="1" SINSTANCENAME ="LKP_SLBA_FACILITY" STAGE ="3" TRANSFORMATIONNAME ="LKP_SLBA_FACILITY" TRANSFORMATIONTYPE ="Lookup Procedure">
            <PARTITION DESCRIPTION ="" NAME ="Partition #1"/>
            <ATTRIBUTE NAME ="Connection Information" VALUE ="Relational:SLBADW"/>
        </SESSTRANSFORMATIONINST>
        <SESSTRANSFORMATIONINST ISREPARTITIONPOINT ="NO" PIPELINE ="1" SINSTANCENAME ="RTR_SLBA_FACILITY" STAGE ="3" TRANSFORMATIONNAME ="RTR_SLBA_FACILITY" TRANSFORMATIONTYPE ="Router">
            <PARTITION DESCRIPTION ="" NAME ="Partition #1"/>
        </SESSTRANSFORMATIONINST>
        <SESSTRANSFORMATIONINST ISREPARTITIONPOINT ="NO" PIPELINE ="1" SINSTANCENAME ="UPD_SLBA_FACILITY_INS" STAGE ="3" TRANSFORMATIONNAME ="UPD_SLBA_FACILITY_INS" TRANSFORMATIONTYPE ="Update Strategy">
            <PARTITION DESCRIPTION ="" NAME ="Partition #1"/>
        </SESSTRANSFORMATIONINST>
        <SESSTRANSFORMATIONINST ISREPARTITIONPOINT ="NO" PIPELINE ="1" SINSTANCENAME ="UPD_SLBA_FACILITY_UPD" STAGE ="3" TRANSFORMATIONNAME ="UPD_SLBA_FACILITY_UPD" TRANSFORMATIONTYPE ="Update Strategy">
            <PARTITION DESCRIPTION ="" NAME ="Partition #1"/>
        </SESSTRANSFORMATIONINST>
        <SESSTRANSFORMATIONINST ISREPARTITIONPOINT ="NO" PIPELINE ="0" SINSTANCENAME ="LKP_COUNTRY" STAGE ="0" TRANSFORMATIONNAME ="LKP_COUNTRY" TRANSFORMATIONTYPE ="Lookup Procedure">
            <ATTRIBUTE NAME ="Connection Information" VALUE ="Relational:SLBADW"/>
        </SESSTRANSFORMATIONINST>
        <SESSTRANSFORMATIONINST ISREPARTITIONPOINT ="NO" PIPELINE ="1" SINSTANCENAME ="EXP_SLBA_FACILITY" STAGE ="3" TRANSFORMATIONNAME ="EXP_SLBA_FACILITY" TRANSFORMATIONTYPE ="Expression">
            <PARTITION DESCRIPTION ="" NAME ="Partition #1"/>
        </SESSTRANSFORMATIONINST>
        <CONFIGREFERENCE REFOBJECTNAME ="default_session_config" TYPE ="Session config"/>
        <SESSIONEXTENSION NAME ="Relational Writer" SINSTANCENAME ="SLBA_FACILITY" SUBTYPE ="Relational Writer" TRANSFORMATIONTYPE ="Target Definition" TYPE ="WRITER">
            <CONNECTIONREFERENCE CNXREFNAME ="DB Connection" CONNECTIONNAME ="SLBADW" CONNECTIONNUMBER ="1" CONNECTIONSUBTYPE ="Oracle" CONNECTIONTYPE ="Relational" VARIABLE =""/>
            <ATTRIBUTE NAME ="Target load type" VALUE ="Normal"/>
            <ATTRIBUTE NAME ="Insert" VALUE ="YES"/>
            <ATTRIBUTE NAME ="Update as Update" VALUE ="NO"/>
            <ATTRIBUTE NAME ="Update as Insert" VALUE ="NO"/>
            <ATTRIBUTE NAME ="Update else Insert" VALUE ="NO"/>
            <ATTRIBUTE NAME ="Delete" VALUE ="NO"/>
            <ATTRIBUTE NAME ="Truncate target table option" VALUE ="NO"/>
            <ATTRIBUTE NAME ="Reject file directory" VALUE ="$PMBadFileDir&#x5c;INVENTORY_ANALYSIS&#x5c;BAD&#x5c;"/>
            <ATTRIBUTE NAME ="Reject filename" VALUE ="s_m_RM_SLBA_FACILITY.bad"/>
        </SESSIONEXTENSION>
        <SESSIONEXTENSION NAME ="Relational Writer" SINSTANCENAME ="SLBA_FACILITY_UPD" SUBTYPE ="Relational Writer" TRANSFORMATIONTYPE ="Target Definition" TYPE ="WRITER">
            <CONNECTIONREFERENCE CNXREFNAME ="DB Connection" CONNECTIONNAME ="SLBADW" CONNECTIONNUMBER ="1" CONNECTIONSUBTYPE ="Oracle" CONNECTIONTYPE ="Relational" VARIABLE =""/>
            <ATTRIBUTE NAME ="Target load type" VALUE ="Normal"/>
            <ATTRIBUTE NAME ="Insert" VALUE ="NO"/>
            <ATTRIBUTE NAME ="Update as Update" VALUE ="YES"/>
            <ATTRIBUTE NAME ="Update as Insert" VALUE ="NO"/>
            <ATTRIBUTE NAME ="Update else Insert" VALUE ="NO"/>
            <ATTRIBUTE NAME ="Delete" VALUE ="NO"/>
            <ATTRIBUTE NAME ="Truncate target table option" VALUE ="NO"/>
            <ATTRIBUTE NAME ="Reject file directory" VALUE ="$PMBadFileDir&#x5c;INVENTORY_ANALYSIS&#x5c;BAD&#x5c;"/>
            <ATTRIBUTE NAME ="Reject filename" VALUE ="s_m_RM_SLBA_FACILITY_upd.bad"/>
        </SESSIONEXTENSION>
        <SESSIONEXTENSION DSQINSTNAME ="SQ_STG_NEWWR_RM" DSQINSTTYPE ="Source Qualifier" NAME ="Relational Reader" SINSTANCENAME ="STG_NEWWR_RM" SUBTYPE ="Relational Reader" TRANSFORMATIONTYPE ="Source Definition" TYPE ="READER"/>
        <SESSIONEXTENSION NAME ="Relational Reader" SINSTANCENAME ="SQ_STG_NEWWR_RM" SUBTYPE ="Relational Reader" TRANSFORMATIONTYPE ="Source Qualifier" TYPE ="READER">
            <CONNECTIONREFERENCE CNXREFNAME ="DB Connection" CONNECTIONNAME ="SLBADW" CONNECTIONNUMBER ="1" CONNECTIONSUBTYPE ="Oracle" CONNECTIONTYPE ="Relational" VARIABLE =""/>
        </SESSIONEXTENSION>
        <SESSIONEXTENSION NAME ="Relational Lookup" SINSTANCENAME ="LKP_SLBA_FACILITY" SUBTYPE ="Relational Lookup" TRANSFORMATIONTYPE ="Lookup Procedure" TYPE ="LOOKUPEXTENSION">
            <CONNECTIONREFERENCE CNXREFNAME ="DB Connection" CONNECTIONNAME ="SLBADW" CONNECTIONNUMBER ="1" CONNECTIONSUBTYPE ="Oracle" CONNECTIONTYPE ="Relational" VARIABLE =""/>
        </SESSIONEXTENSION>
        <SESSIONEXTENSION NAME ="Relational Lookup" SINSTANCENAME ="LKP_COUNTRY" SUBTYPE ="Relational Lookup" TRANSFORMATIONTYPE ="Lookup Procedure" TYPE ="LOOKUPEXTENSION">
            <CONNECTIONREFERENCE CNXREFNAME ="DB Connection" CONNECTIONNAME ="SLBADW" CONNECTIONNUMBER ="1" CONNECTIONSUBTYPE ="Oracle" CONNECTIONTYPE ="Relational" VARIABLE =""/>
        </SESSIONEXTENSION>
        <ATTRIBUTE NAME ="General Options" VALUE =""/>
        <ATTRIBUTE NAME ="Write Backward Compatible Session Log File" VALUE ="YES"/>
        <ATTRIBUTE NAME ="Session Log File Name" VALUE ="s_m_RM_SLBA_FACILITY.log"/>
        <ATTRIBUTE NAME ="Session Log File directory" VALUE ="$PMSessionLogDir&#x5c;INVENTORY_ANALYSIS&#x5c;LOG&#x5c;"/>
        <ATTRIBUTE NAME ="Parameter Filename" VALUE =""/>
        <ATTRIBUTE NAME ="Enable Test Load" VALUE ="NO"/>
        <ATTRIBUTE NAME ="$Source connection value" VALUE =""/>
        <ATTRIBUTE NAME ="$Target connection value" VALUE ="Relational:SLBADW"/>
        <ATTRIBUTE NAME ="Treat source rows as" VALUE ="Data driven"/>
        <ATTRIBUTE NAME ="Commit Type" VALUE ="Target"/>
        <ATTRIBUTE NAME ="Commit Interval" VALUE ="2000000"/>
        <ATTRIBUTE NAME ="Commit On End Of File" VALUE ="YES"/>
        <ATTRIBUTE NAME ="Rollback Transactions on Errors" VALUE ="NO"/>
        <ATTRIBUTE NAME ="Recovery Strategy" VALUE ="Restart task"/>
        <ATTRIBUTE NAME ="Java Classpath" VALUE =""/>
        <ATTRIBUTE NAME ="Performance" VALUE =""/>
        <ATTRIBUTE NAME ="DTM buffer size" VALUE ="Auto"/>
        <ATTRIBUTE NAME ="Collect performance data" VALUE ="NO"/>
        <ATTRIBUTE NAME ="Write performance data to repository" VALUE ="NO"/>
        <ATTRIBUTE NAME ="Incremental Aggregation" VALUE ="NO"/>
        <ATTRIBUTE NAME ="Enable high precision" VALUE ="NO"/>
        <ATTRIBUTE NAME ="Session retry on deadlock" VALUE ="NO"/>
        <ATTRIBUTE NAME ="Pushdown Optimization" VALUE ="None"/>
        <ATTRIBUTE NAME ="Allow Temporary View for Pushdown" VALUE ="NO"/>
        <ATTRIBUTE NAME ="Allow Temporary Sequence for Pushdown" VALUE ="NO"/>
        <ATTRIBUTE NAME ="Allow Pushdown for User Incompatible Connections" VALUE ="NO"/>
        <METADATAEXTENSION DATATYPE ="STRING" DESCRIPTION ="Conversion Mapping  Name with version " DOMAINNAME ="User Defined Metadata Domain" ISCLIENTEDITABLE ="YES" ISCLIENTVISIBLE ="YES" ISREUSABLE ="NO" ISSHAREREAD ="NO" ISSHAREWRITE ="NO" MAXLENGTH ="256" NAME ="CONV_MAP_NAME" VALUE ="RM_-_facility v2.0" VENDORNAME ="INFORMATICA"/>
    </SESSION>
    <WORKFLOW DESCRIPTION ="This workflow invokes the session s_m_RM_SLBA_FACILITY." ISENABLED ="YES" ISRUNNABLESERVICE ="NO" ISSERVICE ="NO" ISVALID ="YES" NAME ="wf_s_m_RM_SLBA_FACILITY" REUSABLE_SCHEDULER ="NO" SCHEDULERNAME ="Scheduler" SERVERNAME ="Domain10_PRD_Int_Svc" SERVER_DOMAINNAME ="Domain10_PRD" SUSPEND_ON_ERROR ="NO" TASKS_MUST_RUN_ON_SERVER ="NO" VERSIONNUMBER ="1">
        <SCHEDULER DESCRIPTION ="" NAME ="Scheduler" REUSABLE ="NO" VERSIONNUMBER ="1">
            <SCHEDULEINFO SCHEDULETYPE ="ONDEMAND"/>
        </SCHEDULER>
        <TASK DESCRIPTION ="" NAME ="Start" REUSABLE ="NO" TYPE ="Start" VERSIONNUMBER ="1"/>
        <TASKINSTANCE DESCRIPTION ="" ISENABLED ="YES" NAME ="Start" REUSABLE ="NO" TASKNAME ="Start" TASKTYPE ="Start"/>
        <TASKINSTANCE DESCRIPTION ="This session fetches the mapping m_RM_SLBA_FACILITY." FAIL_PARENT_IF_INSTANCE_DID_NOT_RUN ="YES" FAIL_PARENT_IF_INSTANCE_FAILS ="YES" ISENABLED ="YES" NAME ="s_m_RM_SLBA_FACILITY" REUSABLE ="YES" TASKNAME ="s_m_RM_SLBA_FACILITY" TASKTYPE ="Session" TREAT_INPUTLINK_AS_AND ="NO"/>
        <WORKFLOWLINK CONDITION ="" FROMTASK ="Start" TOTASK ="s_m_RM_SLBA_FACILITY"/>
        <WORKFLOWVARIABLE DATATYPE ="date/time" DEFAULTVALUE ="" DESCRIPTION ="The time this task started" ISNULL ="NO" ISPERSISTENT ="NO" NAME ="$Start.StartTime" USERDEFINED ="NO"/>
        <WORKFLOWVARIABLE DATATYPE ="date/time" DEFAULTVALUE ="" DESCRIPTION ="The time this task completed" ISNULL ="NO" ISPERSISTENT ="NO" NAME ="$Start.EndTime" USERDEFINED ="NO"/>
        <WORKFLOWVARIABLE DATATYPE ="integer" DEFAULTVALUE ="" DESCRIPTION ="Status of this task&apos;s execution" ISNULL ="NO" ISPERSISTENT ="NO" NAME ="$Start.Status" USERDEFINED ="NO"/>
        <WORKFLOWVARIABLE DATATYPE ="integer" DEFAULTVALUE ="" DESCRIPTION ="Status of the previous task that is not disabled" ISNULL ="NO" ISPERSISTENT ="NO" NAME ="$Start.PrevTaskStatus" USERDEFINED ="NO"/>
        <WORKFLOWVARIABLE DATATYPE ="integer" DEFAULTVALUE ="" DESCRIPTION ="Error code for this task&apos;s execution" ISNULL ="NO" ISPERSISTENT ="NO" NAME ="$Start.ErrorCode" USERDEFINED ="NO"/>
        <WORKFLOWVARIABLE DATATYPE ="string" DEFAULTVALUE ="" DESCRIPTION ="Error message for this task&apos;s execution" ISNULL ="NO" ISPERSISTENT ="NO" NAME ="$Start.ErrorMsg" USERDEFINED ="NO"/>
        <WORKFLOWVARIABLE DATATYPE ="date/time" DEFAULTVALUE ="" DESCRIPTION ="The time this task started" ISNULL ="NO" ISPERSISTENT ="NO" NAME ="$s_m_RM_SLBA_FACILITY.StartTime" USERDEFINED ="NO"/>
        <WORKFLOWVARIABLE DATATYPE ="date/time" DEFAULTVALUE ="" DESCRIPTION ="The time this task completed" ISNULL ="NO" ISPERSISTENT ="NO" NAME ="$s_m_RM_SLBA_FACILITY.EndTime" USERDEFINED ="NO"/>
        <WORKFLOWVARIABLE DATATYPE ="integer" DEFAULTVALUE ="" DESCRIPTION ="Status of this task&apos;s execution" ISNULL ="NO" ISPERSISTENT ="NO" NAME ="$s_m_RM_SLBA_FACILITY.Status" USERDEFINED ="NO"/>
        <WORKFLOWVARIABLE DATATYPE ="integer" DEFAULTVALUE ="" DESCRIPTION ="Status of the previous task that is not disabled" ISNULL ="NO" ISPERSISTENT ="NO" NAME ="$s_m_RM_SLBA_FACILITY.PrevTaskStatus" USERDEFINED ="NO"/>
        <WORKFLOWVARIABLE DATATYPE ="integer" DEFAULTVALUE ="" DESCRIPTION ="Error code for this task&apos;s execution" ISNULL ="NO" ISPERSISTENT ="NO" NAME ="$s_m_RM_SLBA_FACILITY.ErrorCode" USERDEFINED ="NO"/>
        <WORKFLOWVARIABLE DATATYPE ="string" DEFAULTVALUE ="" DESCRIPTION ="Error message for this task&apos;s execution" ISNULL ="NO" ISPERSISTENT ="NO" NAME ="$s_m_RM_SLBA_FACILITY.ErrorMsg" USERDEFINED ="NO"/>
        <WORKFLOWVARIABLE DATATYPE ="integer" DEFAULTVALUE ="" DESCRIPTION ="Rows successfully read" ISNULL ="NO" ISPERSISTENT ="NO" NAME ="$s_m_RM_SLBA_FACILITY.SrcSuccessRows" USERDEFINED ="NO"/>
        <WORKFLOWVARIABLE DATATYPE ="integer" DEFAULTVALUE ="" DESCRIPTION ="Rows failed to read" ISNULL ="NO" ISPERSISTENT ="NO" NAME ="$s_m_RM_SLBA_FACILITY.SrcFailedRows" USERDEFINED ="NO"/>
        <WORKFLOWVARIABLE DATATYPE ="integer" DEFAULTVALUE ="" DESCRIPTION ="Rows successfully loaded" ISNULL ="NO" ISPERSISTENT ="NO" NAME ="$s_m_RM_SLBA_FACILITY.TgtSuccessRows" USERDEFINED ="NO"/>
        <WORKFLOWVARIABLE DATATYPE ="integer" DEFAULTVALUE ="" DESCRIPTION ="Rows failed to load" ISNULL ="NO" ISPERSISTENT ="NO" NAME ="$s_m_RM_SLBA_FACILITY.TgtFailedRows" USERDEFINED ="NO"/>
        <WORKFLOWVARIABLE DATATYPE ="integer" DEFAULTVALUE ="" DESCRIPTION ="Total number of transformation errors" ISNULL ="NO" ISPERSISTENT ="NO" NAME ="$s_m_RM_SLBA_FACILITY.TotalTransErrors" USERDEFINED ="NO"/>
        <WORKFLOWVARIABLE DATATYPE ="integer" DEFAULTVALUE ="" DESCRIPTION ="First error code" ISNULL ="NO" ISPERSISTENT ="NO" NAME ="$s_m_RM_SLBA_FACILITY.FirstErrorCode" USERDEFINED ="NO"/>
        <WORKFLOWVARIABLE DATATYPE ="string" DEFAULTVALUE ="" DESCRIPTION ="First error message" ISNULL ="NO" ISPERSISTENT ="NO" NAME ="$s_m_RM_SLBA_FACILITY.FirstErrorMsg" USERDEFINED ="NO"/>
        <ATTRIBUTE NAME ="Parameter Filename" VALUE =""/>
        <ATTRIBUTE NAME ="Write Backward Compatible Workflow Log File" VALUE ="YES"/>
        <ATTRIBUTE NAME ="Workflow Log File Name" VALUE ="wf_s_m_RM_SLBA_FACILITY.log"/>
        <ATTRIBUTE NAME ="Workflow Log File Directory" VALUE ="$PMWorkflowLogDir&#x5c;INVENTORY_ANALYSIS&#x5c;LOG&#x5c;"/>
        <ATTRIBUTE NAME ="Save Workflow log by" VALUE ="By runs"/>
        <ATTRIBUTE NAME ="Save workflow log for these runs" VALUE ="9"/>
        <ATTRIBUTE NAME ="Service Name" VALUE =""/>
        <ATTRIBUTE NAME ="Service Timeout" VALUE ="0"/>
        <ATTRIBUTE NAME ="Is Service Visible" VALUE ="NO"/>
        <ATTRIBUTE NAME ="Is Service Protected" VALUE ="NO"/>
        <ATTRIBUTE NAME ="Fail task after wait time" VALUE ="0"/>
        <ATTRIBUTE NAME ="Enable HA recovery" VALUE ="NO"/>
        <ATTRIBUTE NAME ="Automatically recover terminated tasks" VALUE ="NO"/>
        <ATTRIBUTE NAME ="Service Level Name" VALUE ="Default"/>
        <ATTRIBUTE NAME ="Allow concurrent run with unique run instance name" VALUE ="NO"/>
        <ATTRIBUTE NAME ="Allow concurrent run with same run instance name" VALUE ="NO"/>
        <ATTRIBUTE NAME ="Maximum number of concurrent runs" VALUE ="0"/>
        <ATTRIBUTE NAME ="Assigned Web Services Hubs" VALUE =""/>
        <ATTRIBUTE NAME ="Maximum number of concurrent runs per Hub" VALUE ="1000"/>
        <ATTRIBUTE NAME ="Expected Service Time" VALUE ="1"/>
        <METADATAEXTENSION DATATYPE ="STRING" DESCRIPTION ="Conversion Mapping Name with version " DOMAINNAME ="User Defined Metadata Domain" ISCLIENTEDITABLE ="YES" ISCLIENTVISIBLE ="YES" ISREUSABLE ="NO" ISSHAREREAD ="NO" ISSHAREWRITE ="NO" MAXLENGTH ="256" NAME ="CONV_MAP_NAME" VALUE ="RM_-_facility_1.0" VENDORNAME ="INFORMATICA"/>
        <METADATAEXTENSION DATATYPE ="STRING" DESCRIPTION ="" DOMAINNAME ="User Defined Metadata Domain" ISCLIENTEDITABLE ="YES" ISCLIENTVISIBLE ="YES" ISREUSABLE ="NO" ISSHAREREAD ="NO" ISSHAREWRITE ="NO" MAXLENGTH ="256" NAME ="Extension" VALUE ="CM - MarginLoss - stgMarginLossExpenseToStgFactSalesNew v1.0" VENDORNAME ="INFORMATICA"/>
    </WORKFLOW>
</FOLDER>
</REPOSITORY>
</POWERMART>