<?xml version="1.0" encoding="Windows-1252"?>
<!DOCTYPE POWERMART SYSTEM "powrmart.dtd">
<POWERMART CREATION_DATE="05/20/2024 09:34:48" REPOSITORY_VERSION="187.96">
<REPOSITORY NAME="Domain10_Rep_Svc_Prd" VERSION="187" CODEPAGE="MS1252" DATABASETYPE="Microsoft SQL Server">
<FOLDER NAME="INVENTORY_ANALYSIS" GROUP="" OWNER="Administrator" SHARED="NOTSHARED" DESCRIPTION="" PERMISSIONS="rwx---r--" UUID="27b7fb57-5066-4c7e-aee4-118d44bfa5b6">
    <SOURCE BUSINESSNAME ="" DATABASETYPE ="Oracle" DBDNAME ="prod1" DESCRIPTION ="" NAME ="FLAT_HIERARCHAL_BOM" OBJECTVERSION ="1" OWNERNAME ="DA" VERSIONNUMBER ="1">
        <SOURCEFIELD BUSINESSNAME ="" DATATYPE ="varchar2" DESCRIPTION ="" FIELDNUMBER ="1" FIELDPROPERTY ="0" FIELDTYPE ="ELEMITEM" HIDDEN ="NO" KEYTYPE ="NOT A KEY" LENGTH ="0" LEVEL ="0" NAME ="RUN_TYPE" NULLABLE ="NULL" OCCURS ="0" OFFSET ="0" PHYSICALLENGTH ="10" PHYSICALOFFSET ="0" PICTURETEXT ="" PRECISION ="10" SCALE ="0" USAGE_FLAGS =""/>
        <SOURCEFIELD BUSINESSNAME ="" DATATYPE ="date" DESCRIPTION ="" FIELDNUMBER ="2" FIELDPROPERTY ="0" FIELDTYPE ="ELEMITEM" HIDDEN ="NO" KEYTYPE ="NOT A KEY" LENGTH ="19" LEVEL ="0" NAME ="AS_OF_DATE" NULLABLE ="NULL" OCCURS ="0" OFFSET ="0" PHYSICALLENGTH ="19" PHYSICALOFFSET ="10" PICTURETEXT ="" PRECISION ="19" SCALE ="0" USAGE_FLAGS =""/>
        <SOURCEFIELD BUSINESSNAME ="" DATATYPE ="number(p,s)" DESCRIPTION ="" FIELDNUMBER ="3" FIELDPROPERTY ="0" FIELDTYPE ="ELEMITEM" HIDDEN ="NO" KEYTYPE ="NOT A KEY" LENGTH ="7" LEVEL ="0" NAME ="BOM_LEVEL" NULLABLE ="NULL" OCCURS ="0" OFFSET ="19" PHYSICALLENGTH ="5" PHYSICALOFFSET ="29" PICTURETEXT ="" PRECISION ="5" SCALE ="0" USAGE_FLAGS =""/>
        <SOURCEFIELD BUSINESSNAME ="" DATATYPE ="varchar2" DESCRIPTION ="" FIELDNUMBER ="4" FIELDPROPERTY ="0" FIELDTYPE ="ELEMITEM" HIDDEN ="NO" KEYTYPE ="NOT A KEY" LENGTH ="0" LEVEL ="0" NAME ="ROOT_STYLE_CD" NULLABLE ="NULL" OCCURS ="0" OFFSET ="26" PHYSICALLENGTH ="6" PHYSICALOFFSET ="34" PICTURETEXT ="" PRECISION ="6" SCALE ="0" USAGE_FLAGS =""/>
        <SOURCEFIELD BUSINESSNAME ="" DATATYPE ="varchar2" DESCRIPTION ="" FIELDNUMBER ="5" FIELDPROPERTY ="0" FIELDTYPE ="ELEMITEM" HIDDEN ="NO" KEYTYPE ="NOT A KEY" LENGTH ="0" LEVEL ="0" NAME ="ROOT_COLOR_CD" NULLABLE ="NULL" OCCURS ="0" OFFSET ="26" PHYSICALLENGTH ="4" PHYSICALOFFSET ="40" PICTURETEXT ="" PRECISION ="4" SCALE ="0" USAGE_FLAGS =""/>
        <SOURCEFIELD BUSINESSNAME ="" DATATYPE ="varchar2" DESCRIPTION ="" FIELDNUMBER ="6" FIELDPROPERTY ="0" FIELDTYPE ="ELEMITEM" HIDDEN ="NO" KEYTYPE ="NOT A KEY" LENGTH ="0" LEVEL ="0" NAME ="ROOT_ATTRIBUTE_CD" NULLABLE ="NULL" OCCURS ="0" OFFSET ="26" PHYSICALLENGTH ="6" PHYSICALOFFSET ="44" PICTURETEXT ="" PRECISION ="6" SCALE ="0" USAGE_FLAGS =""/>
        <SOURCEFIELD BUSINESSNAME ="" DATATYPE ="varchar2" DESCRIPTION ="" FIELDNUMBER ="7" FIELDPROPERTY ="0" FIELDTYPE ="ELEMITEM" HIDDEN ="NO" KEYTYPE ="NOT A KEY" LENGTH ="0" LEVEL ="0" NAME ="ROOT_SIZE_CD" NULLABLE ="NULL" OCCURS ="0" OFFSET ="26" PHYSICALLENGTH ="3" PHYSICALOFFSET ="50" PICTURETEXT ="" PRECISION ="3" SCALE ="0" USAGE_FLAGS =""/>
        <SOURCEFIELD BUSINESSNAME ="" DATATYPE ="number(p,s)" DESCRIPTION ="" FIELDNUMBER ="8" FIELDPROPERTY ="0" FIELDTYPE ="ELEMITEM" HIDDEN ="NO" KEYTYPE ="NOT A KEY" LENGTH ="5" LEVEL ="0" NAME ="ROOT_REVISION_NO" NULLABLE ="NULL" OCCURS ="0" OFFSET ="26" PHYSICALLENGTH ="3" PHYSICALOFFSET ="53" PICTURETEXT ="" PRECISION ="3" SCALE ="0" USAGE_FLAGS =""/>
        <SOURCEFIELD BUSINESSNAME ="" DATATYPE ="varchar2" DESCRIPTION ="" FIELDNUMBER ="9" FIELDPROPERTY ="0" FIELDTYPE ="ELEMITEM" HIDDEN ="NO" KEYTYPE ="NOT A KEY" LENGTH ="0" LEVEL ="0" NAME ="ROOT_MFG_PATH_ID" NULLABLE ="NULL" OCCURS ="0" OFFSET ="31" PHYSICALLENGTH ="3" PHYSICALOFFSET ="56" PICTURETEXT ="" PRECISION ="3" SCALE ="0" USAGE_FLAGS =""/>
        <SOURCEFIELD BUSINESSNAME ="" DATATYPE ="varchar2" DESCRIPTION ="" FIELDNUMBER ="10" FIELDPROPERTY ="0" FIELDTYPE ="ELEMITEM" HIDDEN ="NO" KEYTYPE ="NOT A KEY" LENGTH ="0" LEVEL ="0" NAME ="ROOT_PRIMARY_DC_LOC" NULLABLE ="NULL" OCCURS ="0" OFFSET ="31" PHYSICALLENGTH ="2" PHYSICALOFFSET ="59" PICTURETEXT ="" PRECISION ="2" SCALE ="0" USAGE_FLAGS =""/>
        <SOURCEFIELD BUSINESSNAME ="" DATATYPE ="varchar2" DESCRIPTION ="" FIELDNUMBER ="11" FIELDPROPERTY ="0" FIELDTYPE ="ELEMITEM" HIDDEN ="NO" KEYTYPE ="NOT A KEY" LENGTH ="0" LEVEL ="0" NAME ="ROOT_PRIMARY_MFG_LOC" NULLABLE ="NULL" OCCURS ="0" OFFSET ="31" PHYSICALLENGTH ="2" PHYSICALOFFSET ="61" PICTURETEXT ="" PRECISION ="2" SCALE ="0" USAGE_FLAGS =""/>
        <SOURCEFIELD BUSINESSNAME ="" DATATYPE ="varchar2" DESCRIPTION ="" FIELDNUMBER ="12" FIELDPROPERTY ="0" FIELDTYPE ="ELEMITEM" HIDDEN ="NO" KEYTYPE ="NOT A KEY" LENGTH ="0" LEVEL ="0" NAME ="ROOT_CORP_DIVISION_CD" NULLABLE ="NULL" OCCURS ="0" OFFSET ="31" PHYSICALLENGTH ="2" PHYSICALOFFSET ="63" PICTURETEXT ="" PRECISION ="2" SCALE ="0" USAGE_FLAGS =""/>
        <SOURCEFIELD BUSINESSNAME ="" DATATYPE ="varchar2" DESCRIPTION ="" FIELDNUMBER ="13" FIELDPROPERTY ="0" FIELDTYPE ="ELEMITEM" HIDDEN ="NO" KEYTYPE ="NOT A KEY" LENGTH ="0" LEVEL ="0" NAME ="ROOT_CORP_BUSINESS_UNIT" NULLABLE ="NULL" OCCURS ="0" OFFSET ="31" PHYSICALLENGTH ="3" PHYSICALOFFSET ="65" PICTURETEXT ="" PRECISION ="3" SCALE ="0" USAGE_FLAGS =""/>
        <SOURCEFIELD BUSINESSNAME ="" DATATYPE ="varchar2" DESCRIPTION ="" FIELDNUMBER ="14" FIELDPROPERTY ="0" FIELDTYPE ="ELEMITEM" HIDDEN ="NO" KEYTYPE ="NOT A KEY" LENGTH ="0" LEVEL ="0" NAME ="ROOT_ISS_IND" NULLABLE ="NULL" OCCURS ="0" OFFSET ="31" PHYSICALLENGTH ="1" PHYSICALOFFSET ="68" PICTURETEXT ="" PRECISION ="1" SCALE ="0" USAGE_FLAGS =""/>
        <SOURCEFIELD BUSINESSNAME ="" DATATYPE ="varchar2" DESCRIPTION ="" FIELDNUMBER ="15" FIELDPROPERTY ="0" FIELDTYPE ="ELEMITEM" HIDDEN ="NO" KEYTYPE ="NOT A KEY" LENGTH ="0" LEVEL ="0" NAME ="ROOT_LIFE_CYCLE_CD" NULLABLE ="NULL" OCCURS ="0" OFFSET ="31" PHYSICALLENGTH ="1" PHYSICALOFFSET ="69" PICTURETEXT ="" PRECISION ="1" SCALE ="0" USAGE_FLAGS =""/>
        <SOURCEFIELD BUSINESSNAME ="" DATATYPE ="varchar2" DESCRIPTION ="" FIELDNUMBER ="16" FIELDPROPERTY ="0" FIELDTYPE ="ELEMITEM" HIDDEN ="NO" KEYTYPE ="NOT A KEY" LENGTH ="0" LEVEL ="0" NAME ="ROOT_MAKE_OR_BUY_CD" NULLABLE ="NULL" OCCURS ="0" OFFSET ="31" PHYSICALLENGTH ="1" PHYSICALOFFSET ="70" PICTURETEXT ="" PRECISION ="1" SCALE ="0" USAGE_FLAGS =""/>
        <SOURCEFIELD BUSINESSNAME ="" DATATYPE ="varchar2" DESCRIPTION ="" FIELDNUMBER ="17" FIELDPROPERTY ="0" FIELDTYPE ="ELEMITEM" HIDDEN ="NO" KEYTYPE ="NOT A KEY" LENGTH ="0" LEVEL ="0" NAME ="ROOT_MATL_TYPE_CD" NULLABLE ="NULL" OCCURS ="0" OFFSET ="31" PHYSICALLENGTH ="2" PHYSICALOFFSET ="71" PICTURETEXT ="" PRECISION ="2" SCALE ="0" USAGE_FLAGS =""/>
        <SOURCEFIELD BUSINESSNAME ="" DATATYPE ="varchar2" DESCRIPTION ="" FIELDNUMBER ="18" FIELDPROPERTY ="0" FIELDTYPE ="ELEMITEM" HIDDEN ="NO" KEYTYPE ="NOT A KEY" LENGTH ="0" LEVEL ="0" NAME ="ROOT_PACK_CD" NULLABLE ="NULL" OCCURS ="0" OFFSET ="31" PHYSICALLENGTH ="1" PHYSICALOFFSET ="73" PICTURETEXT ="" PRECISION ="1" SCALE ="0" USAGE_FLAGS =""/>
        <SOURCEFIELD BUSINESSNAME ="" DATATYPE ="number(p,s)" DESCRIPTION ="" FIELDNUMBER ="19" FIELDPROPERTY ="0" FIELDTYPE ="ELEMITEM" HIDDEN ="NO" KEYTYPE ="NOT A KEY" LENGTH ="5" LEVEL ="0" NAME ="ROOT_PACK_QTY" NULLABLE ="NULL" OCCURS ="0" OFFSET ="31" PHYSICALLENGTH ="3" PHYSICALOFFSET ="74" PICTURETEXT ="" PRECISION ="3" SCALE ="0" USAGE_FLAGS =""/>
        <SOURCEFIELD BUSINESSNAME ="" DATATYPE ="varchar2" DESCRIPTION ="" FIELDNUMBER ="20" FIELDPROPERTY ="0" FIELDTYPE ="ELEMITEM" HIDDEN ="NO" KEYTYPE ="NOT A KEY" LENGTH ="0" LEVEL ="0" NAME ="ROOT_ORIGIN_TYPE_CD" NULLABLE ="NULL" OCCURS ="0" OFFSET ="36" PHYSICALLENGTH ="1" PHYSICALOFFSET ="77" PICTURETEXT ="" PRECISION ="1" SCALE ="0" USAGE_FLAGS =""/>
        <SOURCEFIELD BUSINESSNAME ="" DATATYPE ="varchar2" DESCRIPTION ="" FIELDNUMBER ="21" FIELDPROPERTY ="0" FIELDTYPE ="ELEMITEM" HIDDEN ="NO" KEYTYPE ="NOT A KEY" LENGTH ="0" LEVEL ="0" NAME ="ROOT_ASRMT_CD" NULLABLE ="NULL" OCCURS ="0" OFFSET ="36" PHYSICALLENGTH ="1" PHYSICALOFFSET ="78" PICTURETEXT ="" PRECISION ="1" SCALE ="0" USAGE_FLAGS =""/>
        <SOURCEFIELD BUSINESSNAME ="" DATATYPE ="varchar2" DESCRIPTION ="" FIELDNUMBER ="22" FIELDPROPERTY ="0" FIELDTYPE ="ELEMITEM" HIDDEN ="NO" KEYTYPE ="NOT A KEY" LENGTH ="0" LEVEL ="0" NAME ="ROOT_MFG_ASRMT_IND" NULLABLE ="NULL" OCCURS ="0" OFFSET ="36" PHYSICALLENGTH ="1" PHYSICALOFFSET ="79" PICTURETEXT ="" PRECISION ="1" SCALE ="0" USAGE_FLAGS =""/>
        <SOURCEFIELD BUSINESSNAME ="" DATATYPE ="varchar2" DESCRIPTION ="" FIELDNUMBER ="23" FIELDPROPERTY ="0" FIELDTYPE ="ELEMITEM" HIDDEN ="NO" KEYTYPE ="NOT A KEY" LENGTH ="0" LEVEL ="0" NAME ="ROOT_UOM" NULLABLE ="NULL" OCCURS ="0" OFFSET ="36" PHYSICALLENGTH ="2" PHYSICALOFFSET ="80" PICTURETEXT ="" PRECISION ="2" SCALE ="0" USAGE_FLAGS =""/>
        <SOURCEFIELD BUSINESSNAME ="" DATATYPE ="number(p,s)" DESCRIPTION ="" FIELDNUMBER ="24" FIELDPROPERTY ="0" FIELDTYPE ="ELEMITEM" HIDDEN ="NO" KEYTYPE ="NOT A KEY" LENGTH ="13" LEVEL ="0" NAME ="ROOT_UOM_QTY" NULLABLE ="NULL" OCCURS ="0" OFFSET ="36" PHYSICALLENGTH ="11" PHYSICALOFFSET ="82" PICTURETEXT ="" PRECISION ="11" SCALE ="0" USAGE_FLAGS =""/>
        <SOURCEFIELD BUSINESSNAME ="" DATATYPE ="number(p,s)" DESCRIPTION ="" FIELDNUMBER ="25" FIELDPROPERTY ="0" FIELDTYPE ="ELEMITEM" HIDDEN ="NO" KEYTYPE ="NOT A KEY" LENGTH ="13" LEVEL ="0" NAME ="ROOT_REQUIREMENT_QTY" NULLABLE ="NULL" OCCURS ="0" OFFSET ="49" PHYSICALLENGTH ="11" PHYSICALOFFSET ="93" PICTURETEXT ="" PRECISION ="11" SCALE ="2" USAGE_FLAGS =""/>
        <SOURCEFIELD BUSINESSNAME ="" DATATYPE ="varchar2" DESCRIPTION ="" FIELDNUMBER ="26" FIELDPROPERTY ="0" FIELDTYPE ="ELEMITEM" HIDDEN ="NO" KEYTYPE ="NOT A KEY" LENGTH ="0" LEVEL ="0" NAME ="PARENT_STYLE_CD" NULLABLE ="NULL" OCCURS ="0" OFFSET ="62" PHYSICALLENGTH ="6" PHYSICALOFFSET ="104" PICTURETEXT ="" PRECISION ="6" SCALE ="0" USAGE_FLAGS =""/>
        <SOURCEFIELD BUSINESSNAME ="" DATATYPE ="varchar2" DESCRIPTION ="" FIELDNUMBER ="27" FIELDPROPERTY ="0" FIELDTYPE ="ELEMITEM" HIDDEN ="NO" KEYTYPE ="NOT A KEY" LENGTH ="0" LEVEL ="0" NAME ="PARENT_COLOR_CD" NULLABLE ="NULL" OCCURS ="0" OFFSET ="62" PHYSICALLENGTH ="4" PHYSICALOFFSET ="110" PICTURETEXT ="" PRECISION ="4" SCALE ="0" USAGE_FLAGS =""/>
        <SOURCEFIELD BUSINESSNAME ="" DATATYPE ="varchar2" DESCRIPTION ="" FIELDNUMBER ="28" FIELDPROPERTY ="0" FIELDTYPE ="ELEMITEM" HIDDEN ="NO" KEYTYPE ="NOT A KEY" LENGTH ="0" LEVEL ="0" NAME ="PARENT_ATTRIBUTE_CD" NULLABLE ="NULL" OCCURS ="0" OFFSET ="62" PHYSICALLENGTH ="6" PHYSICALOFFSET ="114" PICTURETEXT ="" PRECISION ="6" SCALE ="0" USAGE_FLAGS =""/>
        <SOURCEFIELD BUSINESSNAME ="" DATATYPE ="varchar2" DESCRIPTION ="" FIELDNUMBER ="29" FIELDPROPERTY ="0" FIELDTYPE ="ELEMITEM" HIDDEN ="NO" KEYTYPE ="NOT A KEY" LENGTH ="0" LEVEL ="0" NAME ="PARENT_SIZE_CD" NULLABLE ="NULL" OCCURS ="0" OFFSET ="62" PHYSICALLENGTH ="3" PHYSICALOFFSET ="120" PICTURETEXT ="" PRECISION ="3" SCALE ="0" USAGE_FLAGS =""/>
        <SOURCEFIELD BUSINESSNAME ="" DATATYPE ="number(p,s)" DESCRIPTION ="" FIELDNUMBER ="30" FIELDPROPERTY ="0" FIELDTYPE ="ELEMITEM" HIDDEN ="NO" KEYTYPE ="NOT A KEY" LENGTH ="5" LEVEL ="0" NAME ="PARENT_REVISION_NO" NULLABLE ="NULL" OCCURS ="0" OFFSET ="62" PHYSICALLENGTH ="3" PHYSICALOFFSET ="123" PICTURETEXT ="" PRECISION ="3" SCALE ="0" USAGE_FLAGS =""/>
        <SOURCEFIELD BUSINESSNAME ="" DATATYPE ="varchar2" DESCRIPTION ="" FIELDNUMBER ="31" FIELDPROPERTY ="0" FIELDTYPE ="ELEMITEM" HIDDEN ="NO" KEYTYPE ="NOT A KEY" LENGTH ="0" LEVEL ="0" NAME ="PARENT_COMP_CD" NULLABLE ="NULL" OCCURS ="0" OFFSET ="67" PHYSICALLENGTH ="3" PHYSICALOFFSET ="126" PICTURETEXT ="" PRECISION ="3" SCALE ="0" USAGE_FLAGS =""/>
        <SOURCEFIELD BUSINESSNAME ="" DATATYPE ="varchar2" DESCRIPTION ="" FIELDNUMBER ="32" FIELDPROPERTY ="0" FIELDTYPE ="ELEMITEM" HIDDEN ="NO" KEYTYPE ="NOT A KEY" LENGTH ="0" LEVEL ="0" NAME ="PARENT_BILL_OF_MTRLS_ID" NULLABLE ="NULL" OCCURS ="0" OFFSET ="67" PHYSICALLENGTH ="15" PHYSICALOFFSET ="129" PICTURETEXT ="" PRECISION ="15" SCALE ="0" USAGE_FLAGS =""/>
        <SOURCEFIELD BUSINESSNAME ="" DATATYPE ="varchar2" DESCRIPTION ="" FIELDNUMBER ="33" FIELDPROPERTY ="0" FIELDTYPE ="ELEMITEM" HIDDEN ="NO" KEYTYPE ="NOT A KEY" LENGTH ="0" LEVEL ="0" NAME ="PARENT_ROUTING_ID" NULLABLE ="NULL" OCCURS ="0" OFFSET ="67" PHYSICALLENGTH ="20" PHYSICALOFFSET ="144" PICTURETEXT ="" PRECISION ="20" SCALE ="0" USAGE_FLAGS =""/>
        <SOURCEFIELD BUSINESSNAME ="" DATATYPE ="varchar2" DESCRIPTION ="" FIELDNUMBER ="34" FIELDPROPERTY ="0" FIELDTYPE ="ELEMITEM" HIDDEN ="NO" KEYTYPE ="NOT A KEY" LENGTH ="0" LEVEL ="0" NAME ="PARENT_PLANT" NULLABLE ="NULL" OCCURS ="0" OFFSET ="67" PHYSICALLENGTH ="2" PHYSICALOFFSET ="164" PICTURETEXT ="" PRECISION ="2" SCALE ="0" USAGE_FLAGS =""/>
        <SOURCEFIELD BUSINESSNAME ="" DATATYPE ="varchar2" DESCRIPTION ="" FIELDNUMBER ="35" FIELDPROPERTY ="0" FIELDTYPE ="ELEMITEM" HIDDEN ="NO" KEYTYPE ="NOT A KEY" LENGTH ="0" LEVEL ="0" NAME ="PARENT_CORP_DIVISION_CD" NULLABLE ="NULL" OCCURS ="0" OFFSET ="67" PHYSICALLENGTH ="2" PHYSICALOFFSET ="166" PICTURETEXT ="" PRECISION ="2" SCALE ="0" USAGE_FLAGS =""/>
        <SOURCEFIELD BUSINESSNAME ="" DATATYPE ="varchar2" DESCRIPTION ="" FIELDNUMBER ="36" FIELDPROPERTY ="0" FIELDTYPE ="ELEMITEM" HIDDEN ="NO" KEYTYPE ="NOT A KEY" LENGTH ="0" LEVEL ="0" NAME ="PARENT_CORP_BUSINESS_UNIT" NULLABLE ="NULL" OCCURS ="0" OFFSET ="67" PHYSICALLENGTH ="3" PHYSICALOFFSET ="168" PICTURETEXT ="" PRECISION ="3" SCALE ="0" USAGE_FLAGS =""/>
        <SOURCEFIELD BUSINESSNAME ="" DATATYPE ="varchar2" DESCRIPTION ="" FIELDNUMBER ="37" FIELDPROPERTY ="0" FIELDTYPE ="ELEMITEM" HIDDEN ="NO" KEYTYPE ="NOT A KEY" LENGTH ="0" LEVEL ="0" NAME ="PARENT_MAKE_OR_BUY_CD" NULLABLE ="NULL" OCCURS ="0" OFFSET ="67" PHYSICALLENGTH ="1" PHYSICALOFFSET ="171" PICTURETEXT ="" PRECISION ="1" SCALE ="0" USAGE_FLAGS =""/>
        <SOURCEFIELD BUSINESSNAME ="" DATATYPE ="varchar2" DESCRIPTION ="" FIELDNUMBER ="38" FIELDPROPERTY ="0" FIELDTYPE ="ELEMITEM" HIDDEN ="NO" KEYTYPE ="NOT A KEY" LENGTH ="0" LEVEL ="0" NAME ="PARENT_MATL_TYPE_CD" NULLABLE ="NULL" OCCURS ="0" OFFSET ="67" PHYSICALLENGTH ="2" PHYSICALOFFSET ="172" PICTURETEXT ="" PRECISION ="2" SCALE ="0" USAGE_FLAGS =""/>
        <SOURCEFIELD BUSINESSNAME ="" DATATYPE ="varchar2" DESCRIPTION ="" FIELDNUMBER ="39" FIELDPROPERTY ="0" FIELDTYPE ="ELEMITEM" HIDDEN ="NO" KEYTYPE ="NOT A KEY" LENGTH ="0" LEVEL ="0" NAME ="PARENT_PACK_CD" NULLABLE ="NULL" OCCURS ="0" OFFSET ="67" PHYSICALLENGTH ="1" PHYSICALOFFSET ="174" PICTURETEXT ="" PRECISION ="1" SCALE ="0" USAGE_FLAGS =""/>
        <SOURCEFIELD BUSINESSNAME ="" DATATYPE ="number(p,s)" DESCRIPTION ="" FIELDNUMBER ="40" FIELDPROPERTY ="0" FIELDTYPE ="ELEMITEM" HIDDEN ="NO" KEYTYPE ="NOT A KEY" LENGTH ="5" LEVEL ="0" NAME ="PARENT_PACK_QTY" NULLABLE ="NULL" OCCURS ="0" OFFSET ="67" PHYSICALLENGTH ="3" PHYSICALOFFSET ="175" PICTURETEXT ="" PRECISION ="3" SCALE ="0" USAGE_FLAGS =""/>
        <SOURCEFIELD BUSINESSNAME ="" DATATYPE ="varchar2" DESCRIPTION ="" FIELDNUMBER ="41" FIELDPROPERTY ="0" FIELDTYPE ="ELEMITEM" HIDDEN ="NO" KEYTYPE ="NOT A KEY" LENGTH ="0" LEVEL ="0" NAME ="PARENT_ORIGIN_TYPE_CD" NULLABLE ="NULL" OCCURS ="0" OFFSET ="72" PHYSICALLENGTH ="1" PHYSICALOFFSET ="178" PICTURETEXT ="" PRECISION ="1" SCALE ="0" USAGE_FLAGS =""/>
        <SOURCEFIELD BUSINESSNAME ="" DATATYPE ="varchar2" DESCRIPTION ="" FIELDNUMBER ="42" FIELDPROPERTY ="0" FIELDTYPE ="ELEMITEM" HIDDEN ="NO" KEYTYPE ="NOT A KEY" LENGTH ="0" LEVEL ="0" NAME ="PARENT_ASRMT_CD" NULLABLE ="NULL" OCCURS ="0" OFFSET ="72" PHYSICALLENGTH ="1" PHYSICALOFFSET ="179" PICTURETEXT ="" PRECISION ="1" SCALE ="0" USAGE_FLAGS =""/>
        <SOURCEFIELD BUSINESSNAME ="" DATATYPE ="varchar2" DESCRIPTION ="" FIELDNUMBER ="43" FIELDPROPERTY ="0" FIELDTYPE ="ELEMITEM" HIDDEN ="NO" KEYTYPE ="NOT A KEY" LENGTH ="0" LEVEL ="0" NAME ="PARENT_MFG_ASRMT_IND" NULLABLE ="NULL" OCCURS ="0" OFFSET ="72" PHYSICALLENGTH ="1" PHYSICALOFFSET ="180" PICTURETEXT ="" PRECISION ="1" SCALE ="0" USAGE_FLAGS =""/>
        <SOURCEFIELD BUSINESSNAME ="" DATATYPE ="varchar2" DESCRIPTION ="" FIELDNUMBER ="44" FIELDPROPERTY ="0" FIELDTYPE ="ELEMITEM" HIDDEN ="NO" KEYTYPE ="NOT A KEY" LENGTH ="0" LEVEL ="0" NAME ="PARENT_UOM" NULLABLE ="NULL" OCCURS ="0" OFFSET ="72" PHYSICALLENGTH ="2" PHYSICALOFFSET ="181" PICTURETEXT ="" PRECISION ="2" SCALE ="0" USAGE_FLAGS =""/>
        <SOURCEFIELD BUSINESSNAME ="" DATATYPE ="number(p,s)" DESCRIPTION ="" FIELDNUMBER ="45" FIELDPROPERTY ="0" FIELDTYPE ="ELEMITEM" HIDDEN ="NO" KEYTYPE ="NOT A KEY" LENGTH ="13" LEVEL ="0" NAME ="PARENT_UOM_QTY" NULLABLE ="NULL" OCCURS ="0" OFFSET ="72" PHYSICALLENGTH ="11" PHYSICALOFFSET ="183" PICTURETEXT ="" PRECISION ="11" SCALE ="0" USAGE_FLAGS =""/>
        <SOURCEFIELD BUSINESSNAME ="" DATATYPE ="number(p,s)" DESCRIPTION ="" FIELDNUMBER ="46" FIELDPROPERTY ="0" FIELDTYPE ="ELEMITEM" HIDDEN ="NO" KEYTYPE ="NOT A KEY" LENGTH ="15" LEVEL ="0" NAME ="PARENT_REQUIREMENT_QTY_1" NULLABLE ="NULL" OCCURS ="0" OFFSET ="85" PHYSICALLENGTH ="13" PHYSICALOFFSET ="194" PICTURETEXT ="" PRECISION ="13" SCALE ="6" USAGE_FLAGS =""/>
        <SOURCEFIELD BUSINESSNAME ="" DATATYPE ="number(p,s)" DESCRIPTION ="" FIELDNUMBER ="47" FIELDPROPERTY ="0" FIELDTYPE ="ELEMITEM" HIDDEN ="NO" KEYTYPE ="NOT A KEY" LENGTH ="15" LEVEL ="0" NAME ="PARENT_REQUIREMENT_QTY_2" NULLABLE ="NULL" OCCURS ="0" OFFSET ="100" PHYSICALLENGTH ="13" PHYSICALOFFSET ="207" PICTURETEXT ="" PRECISION ="13" SCALE ="6" USAGE_FLAGS =""/>
        <SOURCEFIELD BUSINESSNAME ="" DATATYPE ="varchar2" DESCRIPTION ="" FIELDNUMBER ="48" FIELDPROPERTY ="0" FIELDTYPE ="ELEMITEM" HIDDEN ="NO" KEYTYPE ="NOT A KEY" LENGTH ="0" LEVEL ="0" NAME ="PARENT_SPREAD_COMP_CD" NULLABLE ="NULL" OCCURS ="0" OFFSET ="115" PHYSICALLENGTH ="2" PHYSICALOFFSET ="220" PICTURETEXT ="" PRECISION ="2" SCALE ="0" USAGE_FLAGS =""/>
        <SOURCEFIELD BUSINESSNAME ="" DATATYPE ="varchar2" DESCRIPTION ="" FIELDNUMBER ="49" FIELDPROPERTY ="0" FIELDTYPE ="ELEMITEM" HIDDEN ="NO" KEYTYPE ="NOT A KEY" LENGTH ="0" LEVEL ="0" NAME ="COMP_STYLE_CD" NULLABLE ="NULL" OCCURS ="0" OFFSET ="115" PHYSICALLENGTH ="6" PHYSICALOFFSET ="222" PICTURETEXT ="" PRECISION ="6" SCALE ="0" USAGE_FLAGS =""/>
        <SOURCEFIELD BUSINESSNAME ="" DATATYPE ="varchar2" DESCRIPTION ="" FIELDNUMBER ="50" FIELDPROPERTY ="0" FIELDTYPE ="ELEMITEM" HIDDEN ="NO" KEYTYPE ="NOT A KEY" LENGTH ="0" LEVEL ="0" NAME ="COMP_COLOR_CD" NULLABLE ="NULL" OCCURS ="0" OFFSET ="115" PHYSICALLENGTH ="4" PHYSICALOFFSET ="228" PICTURETEXT ="" PRECISION ="4" SCALE ="0" USAGE_FLAGS =""/>
        <SOURCEFIELD BUSINESSNAME ="" DATATYPE ="varchar2" DESCRIPTION ="" FIELDNUMBER ="51" FIELDPROPERTY ="0" FIELDTYPE ="ELEMITEM" HIDDEN ="NO" KEYTYPE ="NOT A KEY" LENGTH ="0" LEVEL ="0" NAME ="COMP_ATTRIBUTE_CD" NULLABLE ="NULL" OCCURS ="0" OFFSET ="115" PHYSICALLENGTH ="6" PHYSICALOFFSET ="232" PICTURETEXT ="" PRECISION ="6" SCALE ="0" USAGE_FLAGS =""/>
        <SOURCEFIELD BUSINESSNAME ="" DATATYPE ="varchar2" DESCRIPTION ="" FIELDNUMBER ="52" FIELDPROPERTY ="0" FIELDTYPE ="ELEMITEM" HIDDEN ="NO" KEYTYPE ="NOT A KEY" LENGTH ="0" LEVEL ="0" NAME ="COMP_SIZE_CD" NULLABLE ="NULL" OCCURS ="0" OFFSET ="115" PHYSICALLENGTH ="3" PHYSICALOFFSET ="238" PICTURETEXT ="" PRECISION ="3" SCALE ="0" USAGE_FLAGS =""/>
        <SOURCEFIELD BUSINESSNAME ="" DATATYPE ="varchar2" DESCRIPTION ="" FIELDNUMBER ="53" FIELDPROPERTY ="0" FIELDTYPE ="ELEMITEM" HIDDEN ="NO" KEYTYPE ="NOT A KEY" LENGTH ="0" LEVEL ="0" NAME ="COMP_COMP_CD" NULLABLE ="NULL" OCCURS ="0" OFFSET ="115" PHYSICALLENGTH ="3" PHYSICALOFFSET ="241" PICTURETEXT ="" PRECISION ="3" SCALE ="0" USAGE_FLAGS =""/>
        <SOURCEFIELD BUSINESSNAME ="" DATATYPE ="varchar2" DESCRIPTION ="" FIELDNUMBER ="54" FIELDPROPERTY ="0" FIELDTYPE ="ELEMITEM" HIDDEN ="NO" KEYTYPE ="NOT A KEY" LENGTH ="0" LEVEL ="0" NAME ="COMP_PLANT" NULLABLE ="NULL" OCCURS ="0" OFFSET ="115" PHYSICALLENGTH ="2" PHYSICALOFFSET ="244" PICTURETEXT ="" PRECISION ="2" SCALE ="0" USAGE_FLAGS =""/>
        <SOURCEFIELD BUSINESSNAME ="" DATATYPE ="varchar2" DESCRIPTION ="" FIELDNUMBER ="55" FIELDPROPERTY ="0" FIELDTYPE ="ELEMITEM" HIDDEN ="NO" KEYTYPE ="NOT A KEY" LENGTH ="0" LEVEL ="0" NAME ="COMP_ACTIVITY_CD" NULLABLE ="NULL" OCCURS ="0" OFFSET ="115" PHYSICALLENGTH ="6" PHYSICALOFFSET ="246" PICTURETEXT ="" PRECISION ="6" SCALE ="0" USAGE_FLAGS =""/>
        <SOURCEFIELD BUSINESSNAME ="" DATATYPE ="varchar2" DESCRIPTION ="" FIELDNUMBER ="56" FIELDPROPERTY ="0" FIELDTYPE ="ELEMITEM" HIDDEN ="NO" KEYTYPE ="NOT A KEY" LENGTH ="0" LEVEL ="0" NAME ="COMP_CORP_DIVISION_CD" NULLABLE ="NULL" OCCURS ="0" OFFSET ="115" PHYSICALLENGTH ="2" PHYSICALOFFSET ="252" PICTURETEXT ="" PRECISION ="2" SCALE ="0" USAGE_FLAGS =""/>
        <SOURCEFIELD BUSINESSNAME ="" DATATYPE ="varchar2" DESCRIPTION ="" FIELDNUMBER ="57" FIELDPROPERTY ="0" FIELDTYPE ="ELEMITEM" HIDDEN ="NO" KEYTYPE ="NOT A KEY" LENGTH ="0" LEVEL ="0" NAME ="COMP_CORP_BUSINESS_UNIT" NULLABLE ="NULL" OCCURS ="0" OFFSET ="115" PHYSICALLENGTH ="3" PHYSICALOFFSET ="254" PICTURETEXT ="" PRECISION ="3" SCALE ="0" USAGE_FLAGS =""/>
        <SOURCEFIELD BUSINESSNAME ="" DATATYPE ="varchar2" DESCRIPTION ="" FIELDNUMBER ="58" FIELDPROPERTY ="0" FIELDTYPE ="ELEMITEM" HIDDEN ="NO" KEYTYPE ="NOT A KEY" LENGTH ="0" LEVEL ="0" NAME ="COMP_MAKE_OR_BUY_CD" NULLABLE ="NULL" OCCURS ="0" OFFSET ="115" PHYSICALLENGTH ="1" PHYSICALOFFSET ="257" PICTURETEXT ="" PRECISION ="1" SCALE ="0" USAGE_FLAGS =""/>
        <SOURCEFIELD BUSINESSNAME ="" DATATYPE ="varchar2" DESCRIPTION ="" FIELDNUMBER ="59" FIELDPROPERTY ="0" FIELDTYPE ="ELEMITEM" HIDDEN ="NO" KEYTYPE ="NOT A KEY" LENGTH ="0" LEVEL ="0" NAME ="COMP_MATL_TYPE_CD" NULLABLE ="NULL" OCCURS ="0" OFFSET ="115" PHYSICALLENGTH ="2" PHYSICALOFFSET ="258" PICTURETEXT ="" PRECISION ="2" SCALE ="0" USAGE_FLAGS =""/>
        <SOURCEFIELD BUSINESSNAME ="" DATATYPE ="varchar2" DESCRIPTION ="" FIELDNUMBER ="60" FIELDPROPERTY ="0" FIELDTYPE ="ELEMITEM" HIDDEN ="NO" KEYTYPE ="NOT A KEY" LENGTH ="0" LEVEL ="0" NAME ="COMP_PACK_CD" NULLABLE ="NULL" OCCURS ="0" OFFSET ="115" PHYSICALLENGTH ="1" PHYSICALOFFSET ="260" PICTURETEXT ="" PRECISION ="1" SCALE ="0" USAGE_FLAGS =""/>
        <SOURCEFIELD BUSINESSNAME ="" DATATYPE ="number(p,s)" DESCRIPTION ="" FIELDNUMBER ="61" FIELDPROPERTY ="0" FIELDTYPE ="ELEMITEM" HIDDEN ="NO" KEYTYPE ="NOT A KEY" LENGTH ="5" LEVEL ="0" NAME ="COMP_PACK_QTY" NULLABLE ="NULL" OCCURS ="0" OFFSET ="115" PHYSICALLENGTH ="3" PHYSICALOFFSET ="261" PICTURETEXT ="" PRECISION ="3" SCALE ="0" USAGE_FLAGS =""/>
        <SOURCEFIELD BUSINESSNAME ="" DATATYPE ="varchar2" DESCRIPTION ="" FIELDNUMBER ="62" FIELDPROPERTY ="0" FIELDTYPE ="ELEMITEM" HIDDEN ="NO" KEYTYPE ="NOT A KEY" LENGTH ="0" LEVEL ="0" NAME ="COMP_ORIGIN_TYPE_CD" NULLABLE ="NULL" OCCURS ="0" OFFSET ="120" PHYSICALLENGTH ="1" PHYSICALOFFSET ="264" PICTURETEXT ="" PRECISION ="1" SCALE ="0" USAGE_FLAGS =""/>
        <SOURCEFIELD BUSINESSNAME ="" DATATYPE ="varchar2" DESCRIPTION ="" FIELDNUMBER ="63" FIELDPROPERTY ="0" FIELDTYPE ="ELEMITEM" HIDDEN ="NO" KEYTYPE ="NOT A KEY" LENGTH ="0" LEVEL ="0" NAME ="COMP_ASRMT_CD" NULLABLE ="NULL" OCCURS ="0" OFFSET ="120" PHYSICALLENGTH ="1" PHYSICALOFFSET ="265" PICTURETEXT ="" PRECISION ="1" SCALE ="0" USAGE_FLAGS =""/>
        <SOURCEFIELD BUSINESSNAME ="" DATATYPE ="varchar2" DESCRIPTION ="" FIELDNUMBER ="64" FIELDPROPERTY ="0" FIELDTYPE ="ELEMITEM" HIDDEN ="NO" KEYTYPE ="NOT A KEY" LENGTH ="0" LEVEL ="0" NAME ="COMP_MFG_ASRMT_IND" NULLABLE ="NULL" OCCURS ="0" OFFSET ="120" PHYSICALLENGTH ="1" PHYSICALOFFSET ="266" PICTURETEXT ="" PRECISION ="1" SCALE ="0" USAGE_FLAGS =""/>
        <SOURCEFIELD BUSINESSNAME ="" DATATYPE ="number(p,s)" DESCRIPTION ="" FIELDNUMBER ="65" FIELDPROPERTY ="0" FIELDTYPE ="ELEMITEM" HIDDEN ="NO" KEYTYPE ="NOT A KEY" LENGTH ="13" LEVEL ="0" NAME ="COMP_BOM_USAGE_QTY" NULLABLE ="NULL" OCCURS ="0" OFFSET ="120" PHYSICALLENGTH ="11" PHYSICALOFFSET ="267" PICTURETEXT ="" PRECISION ="11" SCALE ="5" USAGE_FLAGS =""/>
        <SOURCEFIELD BUSINESSNAME ="" DATATYPE ="number(p,s)" DESCRIPTION ="" FIELDNUMBER ="66" FIELDPROPERTY ="0" FIELDTYPE ="ELEMITEM" HIDDEN ="NO" KEYTYPE ="NOT A KEY" LENGTH ="15" LEVEL ="0" NAME ="COMP_CUM_USAGE_QTY_1" NULLABLE ="NULL" OCCURS ="0" OFFSET ="133" PHYSICALLENGTH ="13" PHYSICALOFFSET ="278" PICTURETEXT ="" PRECISION ="13" SCALE ="6" USAGE_FLAGS =""/>
        <SOURCEFIELD BUSINESSNAME ="" DATATYPE ="number(p,s)" DESCRIPTION ="" FIELDNUMBER ="67" FIELDPROPERTY ="0" FIELDTYPE ="ELEMITEM" HIDDEN ="NO" KEYTYPE ="NOT A KEY" LENGTH ="15" LEVEL ="0" NAME ="COMP_CUM_USAGE_QTY_2" NULLABLE ="NULL" OCCURS ="0" OFFSET ="148" PHYSICALLENGTH ="13" PHYSICALOFFSET ="291" PICTURETEXT ="" PRECISION ="13" SCALE ="6" USAGE_FLAGS =""/>
        <SOURCEFIELD BUSINESSNAME ="" DATATYPE ="varchar2" DESCRIPTION ="" FIELDNUMBER ="68" FIELDPROPERTY ="0" FIELDTYPE ="ELEMITEM" HIDDEN ="NO" KEYTYPE ="NOT A KEY" LENGTH ="0" LEVEL ="0" NAME ="COMP_UOM" NULLABLE ="NULL" OCCURS ="0" OFFSET ="163" PHYSICALLENGTH ="2" PHYSICALOFFSET ="304" PICTURETEXT ="" PRECISION ="2" SCALE ="0" USAGE_FLAGS =""/>
        <SOURCEFIELD BUSINESSNAME ="" DATATYPE ="number(p,s)" DESCRIPTION ="" FIELDNUMBER ="69" FIELDPROPERTY ="0" FIELDTYPE ="ELEMITEM" HIDDEN ="NO" KEYTYPE ="NOT A KEY" LENGTH ="13" LEVEL ="0" NAME ="COMP_UOM_QTY" NULLABLE ="NULL" OCCURS ="0" OFFSET ="163" PHYSICALLENGTH ="11" PHYSICALOFFSET ="306" PICTURETEXT ="" PRECISION ="11" SCALE ="0" USAGE_FLAGS =""/>
        <SOURCEFIELD BUSINESSNAME ="" DATATYPE ="number(p,s)" DESCRIPTION ="" FIELDNUMBER ="70" FIELDPROPERTY ="0" FIELDTYPE ="ELEMITEM" HIDDEN ="NO" KEYTYPE ="NOT A KEY" LENGTH ="7" LEVEL ="0" NAME ="COMP_WASTE_FACTOR" NULLABLE ="NULL" OCCURS ="0" OFFSET ="176" PHYSICALLENGTH ="5" PHYSICALOFFSET ="317" PICTURETEXT ="" PRECISION ="5" SCALE ="4" USAGE_FLAGS =""/>
        <SOURCEFIELD BUSINESSNAME ="" DATATYPE ="number(p,s)" DESCRIPTION ="" FIELDNUMBER ="71" FIELDPROPERTY ="0" FIELDTYPE ="ELEMITEM" HIDDEN ="NO" KEYTYPE ="NOT A KEY" LENGTH ="11" LEVEL ="0" NAME ="COMP_COST_AMT" NULLABLE ="NULL" OCCURS ="0" OFFSET ="183" PHYSICALLENGTH ="9" PHYSICALOFFSET ="322" PICTURETEXT ="" PRECISION ="9" SCALE ="4" USAGE_FLAGS =""/>
        <SOURCEFIELD BUSINESSNAME ="" DATATYPE ="number(p,s)" DESCRIPTION ="" FIELDNUMBER ="72" FIELDPROPERTY ="0" FIELDTYPE ="ELEMITEM" HIDDEN ="NO" KEYTYPE ="NOT A KEY" LENGTH ="15" LEVEL ="0" NAME ="COMP_CUM_COST_AMT" NULLABLE ="NULL" OCCURS ="0" OFFSET ="194" PHYSICALLENGTH ="13" PHYSICALOFFSET ="331" PICTURETEXT ="" PRECISION ="13" SCALE ="6" USAGE_FLAGS =""/>
        <SOURCEFIELD BUSINESSNAME ="" DATATYPE ="varchar2" DESCRIPTION ="" FIELDNUMBER ="73" FIELDPROPERTY ="0" FIELDTYPE ="ELEMITEM" HIDDEN ="NO" KEYTYPE ="NOT A KEY" LENGTH ="0" LEVEL ="0" NAME ="COMP_SPREAD_COMP_CD" NULLABLE ="NULL" OCCURS ="0" OFFSET ="209" PHYSICALLENGTH ="2" PHYSICALOFFSET ="344" PICTURETEXT ="" PRECISION ="2" SCALE ="0" USAGE_FLAGS =""/>
        <SOURCEFIELD BUSINESSNAME ="" DATATYPE ="number(p,s)" DESCRIPTION ="" FIELDNUMBER ="74" FIELDPROPERTY ="0" FIELDTYPE ="ELEMITEM" HIDDEN ="NO" KEYTYPE ="NOT A KEY" LENGTH ="4" LEVEL ="0" NAME ="MODEL_ID" NULLABLE ="NULL" OCCURS ="0" OFFSET ="209" PHYSICALLENGTH ="2" PHYSICALOFFSET ="346" PICTURETEXT ="" PRECISION ="2" SCALE ="0" USAGE_FLAGS =""/>
        <SOURCEFIELD BUSINESSNAME ="" DATATYPE ="date" DESCRIPTION ="" FIELDNUMBER ="75" FIELDPROPERTY ="0" FIELDTYPE ="ELEMITEM" HIDDEN ="NO" KEYTYPE ="NOT A KEY" LENGTH ="19" LEVEL ="0" NAME ="CREATE_DATE" NULLABLE ="NULL" OCCURS ="0" OFFSET ="213" PHYSICALLENGTH ="19" PHYSICALOFFSET ="348" PICTURETEXT ="" PRECISION ="19" SCALE ="0" USAGE_FLAGS =""/>
        <SOURCEFIELD BUSINESSNAME ="" DATATYPE ="varchar2" DESCRIPTION ="" FIELDNUMBER ="76" FIELDPROPERTY ="0" FIELDTYPE ="ELEMITEM" HIDDEN ="NO" KEYTYPE ="NOT A KEY" LENGTH ="0" LEVEL ="0" NAME ="ACTIVE_DEMAND_IND" NULLABLE ="NULL" OCCURS ="0" OFFSET ="232" PHYSICALLENGTH ="1" PHYSICALOFFSET ="367" PICTURETEXT ="" PRECISION ="1" SCALE ="0" USAGE_FLAGS =""/>
        <SOURCEFIELD BUSINESSNAME ="" DATATYPE ="varchar2" DESCRIPTION ="" FIELDNUMBER ="77" FIELDPROPERTY ="0" FIELDTYPE ="ELEMITEM" HIDDEN ="NO" KEYTYPE ="NOT A KEY" LENGTH ="0" LEVEL ="0" NAME ="LEVEL_0_PARENT_STYLE_CD" NULLABLE ="NULL" OCCURS ="0" OFFSET ="232" PHYSICALLENGTH ="6" PHYSICALOFFSET ="368" PICTURETEXT ="" PRECISION ="6" SCALE ="0" USAGE_FLAGS =""/>
        <SOURCEFIELD BUSINESSNAME ="" DATATYPE ="varchar2" DESCRIPTION ="" FIELDNUMBER ="78" FIELDPROPERTY ="0" FIELDTYPE ="ELEMITEM" HIDDEN ="NO" KEYTYPE ="NOT A KEY" LENGTH ="0" LEVEL ="0" NAME ="LEVEL_0_PARENT_COLOR_CD" NULLABLE ="NULL" OCCURS ="0" OFFSET ="232" PHYSICALLENGTH ="4" PHYSICALOFFSET ="374" PICTURETEXT ="" PRECISION ="4" SCALE ="0" USAGE_FLAGS =""/>
        <SOURCEFIELD BUSINESSNAME ="" DATATYPE ="varchar2" DESCRIPTION ="" FIELDNUMBER ="79" FIELDPROPERTY ="0" FIELDTYPE ="ELEMITEM" HIDDEN ="NO" KEYTYPE ="NOT A KEY" LENGTH ="0" LEVEL ="0" NAME ="LEVEL_0_PARENT_ATTRIBUTE_CD" NULLABLE ="NULL" OCCURS ="0" OFFSET ="232" PHYSICALLENGTH ="6" PHYSICALOFFSET ="378" PICTURETEXT ="" PRECISION ="6" SCALE ="0" USAGE_FLAGS =""/>
        <SOURCEFIELD BUSINESSNAME ="" DATATYPE ="varchar2" DESCRIPTION ="" FIELDNUMBER ="80" FIELDPROPERTY ="0" FIELDTYPE ="ELEMITEM" HIDDEN ="NO" KEYTYPE ="NOT A KEY" LENGTH ="0" LEVEL ="0" NAME ="LEVEL_0_PARENT_SIZE_CD" NULLABLE ="NULL" OCCURS ="0" OFFSET ="232" PHYSICALLENGTH ="3" PHYSICALOFFSET ="384" PICTURETEXT ="" PRECISION ="3" SCALE ="0" USAGE_FLAGS =""/>
        <SOURCEFIELD BUSINESSNAME ="" DATATYPE ="number(p,s)" DESCRIPTION ="" FIELDNUMBER ="81" FIELDPROPERTY ="0" FIELDTYPE ="ELEMITEM" HIDDEN ="NO" KEYTYPE ="NOT A KEY" LENGTH ="5" LEVEL ="0" NAME ="LEVEL_0_PARENT_REVISION_NO" NULLABLE ="NULL" OCCURS ="0" OFFSET ="232" PHYSICALLENGTH ="3" PHYSICALOFFSET ="387" PICTURETEXT ="" PRECISION ="3" SCALE ="0" USAGE_FLAGS =""/>
        <SOURCEFIELD BUSINESSNAME ="" DATATYPE ="varchar2" DESCRIPTION ="" FIELDNUMBER ="82" FIELDPROPERTY ="0" FIELDTYPE ="ELEMITEM" HIDDEN ="NO" KEYTYPE ="NOT A KEY" LENGTH ="0" LEVEL ="0" NAME ="LEVEL_0_PARENT_MFG_PATH_ID" NULLABLE ="NULL" OCCURS ="0" OFFSET ="237" PHYSICALLENGTH ="3" PHYSICALOFFSET ="390" PICTURETEXT ="" PRECISION ="3" SCALE ="0" USAGE_FLAGS =""/>
        <SOURCEFIELD BUSINESSNAME ="" DATATYPE ="varchar2" DESCRIPTION ="" FIELDNUMBER ="83" FIELDPROPERTY ="0" FIELDTYPE ="ELEMITEM" HIDDEN ="NO" KEYTYPE ="NOT A KEY" LENGTH ="0" LEVEL ="0" NAME ="DRIVER_KEY" NULLABLE ="NULL" OCCURS ="0" OFFSET ="237" PHYSICALLENGTH ="100" PHYSICALOFFSET ="393" PICTURETEXT ="" PRECISION ="100" SCALE ="0" USAGE_FLAGS =""/>
        <SOURCEFIELD BUSINESSNAME ="" DATATYPE ="varchar2" DESCRIPTION ="" FIELDNUMBER ="84" FIELDPROPERTY ="0" FIELDTYPE ="ELEMITEM" HIDDEN ="NO" KEYTYPE ="NOT A KEY" LENGTH ="0" LEVEL ="0" NAME ="USER_ID" NULLABLE ="NULL" OCCURS ="0" OFFSET ="237" PHYSICALLENGTH ="6" PHYSICALOFFSET ="493" PICTURETEXT ="" PRECISION ="6" SCALE ="0" USAGE_FLAGS =""/>
        <SOURCEFIELD BUSINESSNAME ="" DATATYPE ="date" DESCRIPTION ="" FIELDNUMBER ="85" FIELDPROPERTY ="0" FIELDTYPE ="ELEMITEM" HIDDEN ="NO" KEYTYPE ="NOT A KEY" LENGTH ="19" LEVEL ="0" NAME ="UPDATE_DATE" NULLABLE ="NULL" OCCURS ="0" OFFSET ="237" PHYSICALLENGTH ="19" PHYSICALOFFSET ="499" PICTURETEXT ="" PRECISION ="19" SCALE ="0" USAGE_FLAGS =""/>
    </SOURCE>
    <TARGET BUSINESSNAME ="" CONSTRAINT ="" DATABASETYPE ="Oracle" DESCRIPTION ="" NAME ="STG_RMLCA_PARENT_PLANT" OBJECTVERSION ="1" TABLEOPTIONS ="" VERSIONNUMBER ="1">
        <TARGETFIELD BUSINESSNAME ="" DATATYPE ="varchar2" DESCRIPTION ="" FIELDNUMBER ="1" KEYTYPE ="NOT A KEY" NAME ="COMP_STYLE_CD" NULLABLE ="NULL" PICTURETEXT ="" PRECISION ="6" SCALE ="0"/>
        <TARGETFIELD BUSINESSNAME ="" DATATYPE ="varchar2" DESCRIPTION ="" FIELDNUMBER ="2" KEYTYPE ="NOT A KEY" NAME ="COMP_COLOR_CD" NULLABLE ="NULL" PICTURETEXT ="" PRECISION ="4" SCALE ="0"/>
        <TARGETFIELD BUSINESSNAME ="" DATATYPE ="varchar2" DESCRIPTION ="" FIELDNUMBER ="3" KEYTYPE ="NOT A KEY" NAME ="COMP_ATTRIBUTE_CD" NULLABLE ="NULL" PICTURETEXT ="" PRECISION ="6" SCALE ="0"/>
        <TARGETFIELD BUSINESSNAME ="" DATATYPE ="varchar2" DESCRIPTION ="" FIELDNUMBER ="4" KEYTYPE ="NOT A KEY" NAME ="COMP_SIZE_CD" NULLABLE ="NULL" PICTURETEXT ="" PRECISION ="3" SCALE ="0"/>
        <TARGETFIELD BUSINESSNAME ="" DATATYPE ="varchar2" DESCRIPTION ="" FIELDNUMBER ="5" KEYTYPE ="NOT A KEY" NAME ="COMP_PLANT" NULLABLE ="NULL" PICTURETEXT ="" PRECISION ="2" SCALE ="0"/>
        <TARGETFIELD BUSINESSNAME ="" DATATYPE ="varchar2" DESCRIPTION ="" FIELDNUMBER ="6" KEYTYPE ="NOT A KEY" NAME ="PARENT_PLANT" NULLABLE ="NULL" PICTURETEXT ="" PRECISION ="2" SCALE ="0"/>
    </TARGET>
    <TRANSFORMATION DESCRIPTION ="Stored procudure to truncate stg table." NAME ="PR_TRUNC_STG_TBLS" OBJECTVERSION ="1" REUSABLE ="YES" TYPE ="Stored Procedure" VERSIONNUMBER ="1">
        <TRANSFORMFIELD DATATYPE ="string" DEFAULTVALUE ="" DESCRIPTION ="" NAME ="I_TABLE_NAME" PICTURETEXT ="" PORTTYPE ="INPUT" PRECISION ="4000" SCALE ="0"/>
        <TABLEATTRIBUTE NAME ="Stored Procedure Name" VALUE ="PR_TRUNC_STG_TBLS"/>
        <TABLEATTRIBUTE NAME ="Connection Information" VALUE ="SLBADW"/>
        <TABLEATTRIBUTE NAME ="Call Text" VALUE ="PR_TRUNC_STG_TBLS(STG_RMLCA_SS_Production)"/>
        <TABLEATTRIBUTE NAME ="Stored Procedure Type" VALUE ="Target Pre Load "/>
        <TABLEATTRIBUTE NAME ="Execution Order" VALUE ="1"/>
        <TABLEATTRIBUTE NAME ="Tracing Level" VALUE ="Normal"/>
        <TABLEATTRIBUTE NAME ="Subsecond Precision" VALUE ="6"/>
        <TABLEATTRIBUTE NAME ="Output is Repeatable" VALUE ="Based On Input Order"/>
        <TABLEATTRIBUTE NAME ="Output is Deterministic" VALUE ="NO"/>
    </TRANSFORMATION>
    <MAPPING DESCRIPTION ="Mapping to load data from FLAT_HIERARCHAL_BOM table to STG_RMLCA_PARENT_PLANT table" ISVALID ="YES" NAME ="m_RMLCA_PAR_PLANT_STG" OBJECTVERSION ="1" VERSIONNUMBER ="1">
        <TRANSFORMATION DESCRIPTION ="SQ for the source" NAME ="SQ_FLAT_HIERARCHAL_BOM" OBJECTVERSION ="1" REUSABLE ="NO" TYPE ="Source Qualifier" VERSIONNUMBER ="1">
            <TRANSFORMFIELD DATATYPE ="string" DEFAULTVALUE ="" DESCRIPTION ="" NAME ="COMP_STYLE_CD" PICTURETEXT ="" PORTTYPE ="INPUT/OUTPUT" PRECISION ="6" SCALE ="0"/>
            <TRANSFORMFIELD DATATYPE ="string" DEFAULTVALUE ="" DESCRIPTION ="" NAME ="COMP_COLOR_CD" PICTURETEXT ="" PORTTYPE ="INPUT/OUTPUT" PRECISION ="4" SCALE ="0"/>
            <TRANSFORMFIELD DATATYPE ="string" DEFAULTVALUE ="" DESCRIPTION ="" NAME ="COMP_ATTRIBUTE_CD" PICTURETEXT ="" PORTTYPE ="INPUT/OUTPUT" PRECISION ="6" SCALE ="0"/>
            <TRANSFORMFIELD DATATYPE ="string" DEFAULTVALUE ="" DESCRIPTION ="" NAME ="COMP_SIZE_CD" PICTURETEXT ="" PORTTYPE ="INPUT/OUTPUT" PRECISION ="3" SCALE ="0"/>
            <TRANSFORMFIELD DATATYPE ="string" DEFAULTVALUE ="" DESCRIPTION ="" NAME ="COMP_PLANT" PICTURETEXT ="" PORTTYPE ="INPUT/OUTPUT" PRECISION ="2" SCALE ="0"/>
            <TRANSFORMFIELD DATATYPE ="string" DEFAULTVALUE ="" DESCRIPTION ="" NAME ="PARENT_PLANT" PICTURETEXT ="" PORTTYPE ="INPUT/OUTPUT" PRECISION ="2" SCALE ="0"/>
            <TABLEATTRIBUTE NAME ="Sql Query" VALUE ="SELECT FLAT_HIERARCHAL_BOM.COMP_STYLE_CD, FLAT_HIERARCHAL_BOM.COMP_COLOR_CD, FLAT_HIERARCHAL_BOM.COMP_ATTRIBUTE_CD, FLAT_HIERARCHAL_BOM.COMP_SIZE_CD, FLAT_HIERARCHAL_BOM.COMP_PLANT, FLAT_HIERARCHAL_BOM.PARENT_PLANT &#xD;&#xA;FROM&#xD;&#xA; FLAT_HIERARCHAL_BOM"/>
            <TABLEATTRIBUTE NAME ="User Defined Join" VALUE =""/>
            <TABLEATTRIBUTE NAME ="Source Filter" VALUE =""/>
            <TABLEATTRIBUTE NAME ="Number Of Sorted Ports" VALUE ="0"/>
            <TABLEATTRIBUTE NAME ="Tracing Level" VALUE ="Normal"/>
            <TABLEATTRIBUTE NAME ="Select Distinct" VALUE ="NO"/>
            <TABLEATTRIBUTE NAME ="Is Partitionable" VALUE ="NO"/>
            <TABLEATTRIBUTE NAME ="Pre SQL" VALUE =""/>
            <TABLEATTRIBUTE NAME ="Post SQL" VALUE =""/>
            <TABLEATTRIBUTE NAME ="Output is deterministic" VALUE ="NO"/>
            <TABLEATTRIBUTE NAME ="Output is repeatable" VALUE ="Never"/>
        </TRANSFORMATION>
        <TRANSFORMATION DESCRIPTION ="Sort the data based on the conditions" NAME ="SRT_HIERARCHICAL_BOM" OBJECTVERSION ="1" REUSABLE ="NO" TYPE ="Sorter" VERSIONNUMBER ="1">
            <TRANSFORMFIELD DATATYPE ="string" DEFAULTVALUE ="" DESCRIPTION ="" ISSORTKEY ="YES" NAME ="COMP_STYLE_CD" PICTURETEXT ="" PORTTYPE ="INPUT/OUTPUT" PRECISION ="6" SCALE ="0" SORTDIRECTION ="ASCENDING"/>
            <TRANSFORMFIELD DATATYPE ="string" DEFAULTVALUE ="" DESCRIPTION ="" ISSORTKEY ="YES" NAME ="COMP_COLOR_CD" PICTURETEXT ="" PORTTYPE ="INPUT/OUTPUT" PRECISION ="4" SCALE ="0" SORTDIRECTION ="ASCENDING"/>
            <TRANSFORMFIELD DATATYPE ="string" DEFAULTVALUE ="" DESCRIPTION ="" ISSORTKEY ="YES" NAME ="COMP_ATTRIBUTE_CD" PICTURETEXT ="" PORTTYPE ="INPUT/OUTPUT" PRECISION ="6" SCALE ="0" SORTDIRECTION ="ASCENDING"/>
            <TRANSFORMFIELD DATATYPE ="string" DEFAULTVALUE ="" DESCRIPTION ="" ISSORTKEY ="YES" NAME ="COMP_SIZE_CD" PICTURETEXT ="" PORTTYPE ="INPUT/OUTPUT" PRECISION ="3" SCALE ="0" SORTDIRECTION ="ASCENDING"/>
            <TRANSFORMFIELD DATATYPE ="string" DEFAULTVALUE ="" DESCRIPTION ="" ISSORTKEY ="YES" NAME ="COMP_PLANT" PICTURETEXT ="" PORTTYPE ="INPUT/OUTPUT" PRECISION ="2" SCALE ="0" SORTDIRECTION ="ASCENDING"/>
            <TRANSFORMFIELD DATATYPE ="string" DEFAULTVALUE ="" DESCRIPTION ="" ISSORTKEY ="YES" NAME ="PARENT_PLANT" PICTURETEXT ="" PORTTYPE ="INPUT/OUTPUT" PRECISION ="2" SCALE ="0" SORTDIRECTION ="ASCENDING"/>
            <TABLEATTRIBUTE NAME ="Sorter Cache Size" VALUE ="Auto"/>
            <TABLEATTRIBUTE NAME ="Case Sensitive" VALUE ="YES"/>
            <TABLEATTRIBUTE NAME ="Work Directory" VALUE ="$PMTempDir"/>
            <TABLEATTRIBUTE NAME ="Distinct" VALUE ="NO"/>
            <TABLEATTRIBUTE NAME ="Tracing Level" VALUE ="Normal"/>
            <TABLEATTRIBUTE NAME ="Null Treated Low" VALUE ="NO"/>
            <TABLEATTRIBUTE NAME ="Merge Only" VALUE ="NO"/>
            <TABLEATTRIBUTE NAME ="Partitioning" VALUE ="Order records for individual partitions"/>
            <TABLEATTRIBUTE NAME ="Transformation Scope" VALUE ="All Input"/>
        </TRANSFORMATION>
        <TRANSFORMATION DESCRIPTION ="To remove duplicates" NAME ="AGG_HIERARCHICAL_BOM" OBJECTVERSION ="1" REUSABLE ="NO" TYPE ="Aggregator" VERSIONNUMBER ="1">
            <TRANSFORMFIELD DATATYPE ="string" DEFAULTVALUE ="" DESCRIPTION ="" EXPRESSION ="COMP_STYLE_CD" EXPRESSIONTYPE ="GROUPBY" NAME ="COMP_STYLE_CD" PICTURETEXT ="" PORTTYPE ="INPUT/OUTPUT" PRECISION ="6" SCALE ="0"/>
            <TRANSFORMFIELD DATATYPE ="string" DEFAULTVALUE ="" DESCRIPTION ="" EXPRESSION ="COMP_COLOR_CD" EXPRESSIONTYPE ="GROUPBY" NAME ="COMP_COLOR_CD" PICTURETEXT ="" PORTTYPE ="INPUT/OUTPUT" PRECISION ="4" SCALE ="0"/>
            <TRANSFORMFIELD DATATYPE ="string" DEFAULTVALUE ="" DESCRIPTION ="" EXPRESSION ="COMP_ATTRIBUTE_CD" EXPRESSIONTYPE ="GROUPBY" NAME ="COMP_ATTRIBUTE_CD" PICTURETEXT ="" PORTTYPE ="INPUT/OUTPUT" PRECISION ="6" SCALE ="0"/>
            <TRANSFORMFIELD DATATYPE ="string" DEFAULTVALUE ="" DESCRIPTION ="" EXPRESSION ="COMP_SIZE_CD" EXPRESSIONTYPE ="GROUPBY" NAME ="COMP_SIZE_CD" PICTURETEXT ="" PORTTYPE ="INPUT/OUTPUT" PRECISION ="3" SCALE ="0"/>
            <TRANSFORMFIELD DATATYPE ="string" DEFAULTVALUE ="" DESCRIPTION ="" EXPRESSION ="COMP_PLANT" EXPRESSIONTYPE ="GROUPBY" NAME ="COMP_PLANT" PICTURETEXT ="" PORTTYPE ="INPUT/OUTPUT" PRECISION ="2" SCALE ="0"/>
            <TRANSFORMFIELD DATATYPE ="string" DEFAULTVALUE ="" DESCRIPTION ="" EXPRESSION ="PARENT_PLANT" EXPRESSIONTYPE ="GROUPBY" NAME ="PARENT_PLANT" PICTURETEXT ="" PORTTYPE ="INPUT/OUTPUT" PRECISION ="2" SCALE ="0"/>
            <TABLEATTRIBUTE NAME ="Cache Directory" VALUE ="$PMCacheDir"/>
            <TABLEATTRIBUTE NAME ="Tracing Level" VALUE ="Normal"/>
            <TABLEATTRIBUTE NAME ="Sorted Input" VALUE ="YES"/>
            <TABLEATTRIBUTE NAME ="Aggregator Data Cache Size" VALUE ="Auto"/>
            <TABLEATTRIBUTE NAME ="Aggregator Index Cache Size" VALUE ="Auto"/>
            <TABLEATTRIBUTE NAME ="Transformation Scope" VALUE ="All Input"/>
        </TRANSFORMATION>
        <TRANSFORMATION DESCRIPTION ="To filter out records based on condition" NAME ="FL_PLANT" OBJECTVERSION ="1" REUSABLE ="NO" TYPE ="Filter" VERSIONNUMBER ="1">
            <TRANSFORMFIELD DATATYPE ="string" DEFAULTVALUE ="" DESCRIPTION ="" NAME ="COMP_STYLE_CD" PICTURETEXT ="" PORTTYPE ="INPUT/OUTPUT" PRECISION ="6" SCALE ="0"/>
            <TRANSFORMFIELD DATATYPE ="string" DEFAULTVALUE ="" DESCRIPTION ="" NAME ="COMP_COLOR_CD" PICTURETEXT ="" PORTTYPE ="INPUT/OUTPUT" PRECISION ="4" SCALE ="0"/>
            <TRANSFORMFIELD DATATYPE ="string" DEFAULTVALUE ="" DESCRIPTION ="" NAME ="COMP_ATTRIBUTE_CD" PICTURETEXT ="" PORTTYPE ="INPUT/OUTPUT" PRECISION ="6" SCALE ="0"/>
            <TRANSFORMFIELD DATATYPE ="string" DEFAULTVALUE ="" DESCRIPTION ="" NAME ="COMP_SIZE_CD" PICTURETEXT ="" PORTTYPE ="INPUT/OUTPUT" PRECISION ="3" SCALE ="0"/>
            <TRANSFORMFIELD DATATYPE ="string" DEFAULTVALUE ="" DESCRIPTION ="" NAME ="COMP_PLANT" PICTURETEXT ="" PORTTYPE ="INPUT/OUTPUT" PRECISION ="2" SCALE ="0"/>
            <TRANSFORMFIELD DATATYPE ="string" DEFAULTVALUE ="" DESCRIPTION ="" NAME ="PARENT_PLANT" PICTURETEXT ="" PORTTYPE ="INPUT/OUTPUT" PRECISION ="2" SCALE ="0"/>
            <TABLEATTRIBUTE NAME ="Filter Condition" VALUE ="COMP_PLANT != PARENT_PLANT"/>
            <TABLEATTRIBUTE NAME ="Tracing Level" VALUE ="Normal"/>
        </TRANSFORMATION>
        <INSTANCE DESCRIPTION ="Target Definition" NAME ="STG_RMLCA_PARENT_PLANT" TRANSFORMATION_NAME ="STG_RMLCA_PARENT_PLANT" TRANSFORMATION_TYPE ="Target Definition" TYPE ="TARGET"/>
        <INSTANCE DBDNAME ="prod1" DESCRIPTION ="Source Definition" NAME ="FLAT_HIERARCHAL_BOM" TRANSFORMATION_NAME ="FLAT_HIERARCHAL_BOM" TRANSFORMATION_TYPE ="Source Definition" TYPE ="SOURCE"/>
        <INSTANCE DESCRIPTION ="This SP is used to trucnate the table STG_RMLCA_PARENT_PLANT" NAME ="PR_TRUNC_STG_TBLS" REUSABLE ="YES" TRANSFORMATION_NAME ="PR_TRUNC_STG_TBLS" TRANSFORMATION_TYPE ="Stored Procedure" TYPE ="TRANSFORMATION">
            <TABLEATTRIBUTE NAME ="Connection Information" VALUE ="SLBADW"/>
            <TABLEATTRIBUTE NAME ="Call Text" VALUE ="PR_TRUNC_STG_TBLS(STG_RMLCA_PARENT_PLANT)"/>
            <TABLEATTRIBUTE NAME ="Stored Procedure Type" VALUE ="Target Pre Load "/>
        </INSTANCE>
        <INSTANCE DESCRIPTION ="SQ for the source" NAME ="SQ_FLAT_HIERARCHAL_BOM" REUSABLE ="NO" TRANSFORMATION_NAME ="SQ_FLAT_HIERARCHAL_BOM" TRANSFORMATION_TYPE ="Source Qualifier" TYPE ="TRANSFORMATION">
            <ASSOCIATED_SOURCE_INSTANCE NAME ="FLAT_HIERARCHAL_BOM"/>
        </INSTANCE>
        <INSTANCE DESCRIPTION ="Sort the data based on the conditions" NAME ="SRT_HIERARCHICAL_BOM" REUSABLE ="NO" TRANSFORMATION_NAME ="SRT_HIERARCHICAL_BOM" TRANSFORMATION_TYPE ="Sorter" TYPE ="TRANSFORMATION"/>
        <INSTANCE DESCRIPTION ="To remove duplicates" NAME ="AGG_HIERARCHICAL_BOM" REUSABLE ="NO" TRANSFORMATION_NAME ="AGG_HIERARCHICAL_BOM" TRANSFORMATION_TYPE ="Aggregator" TYPE ="TRANSFORMATION"/>
        <INSTANCE DESCRIPTION ="To filter out records based on condition" NAME ="FL_PLANT" REUSABLE ="NO" TRANSFORMATION_NAME ="FL_PLANT" TRANSFORMATION_TYPE ="Filter" TYPE ="TRANSFORMATION"/>
        <CONNECTOR FROMFIELD ="COMP_STYLE_CD" FROMINSTANCE ="AGG_HIERARCHICAL_BOM" FROMINSTANCETYPE ="Aggregator" TOFIELD ="COMP_STYLE_CD" TOINSTANCE ="STG_RMLCA_PARENT_PLANT" TOINSTANCETYPE ="Target Definition"/>
        <CONNECTOR FROMFIELD ="COMP_COLOR_CD" FROMINSTANCE ="AGG_HIERARCHICAL_BOM" FROMINSTANCETYPE ="Aggregator" TOFIELD ="COMP_COLOR_CD" TOINSTANCE ="STG_RMLCA_PARENT_PLANT" TOINSTANCETYPE ="Target Definition"/>
        <CONNECTOR FROMFIELD ="COMP_ATTRIBUTE_CD" FROMINSTANCE ="AGG_HIERARCHICAL_BOM" FROMINSTANCETYPE ="Aggregator" TOFIELD ="COMP_ATTRIBUTE_CD" TOINSTANCE ="STG_RMLCA_PARENT_PLANT" TOINSTANCETYPE ="Target Definition"/>
        <CONNECTOR FROMFIELD ="COMP_SIZE_CD" FROMINSTANCE ="AGG_HIERARCHICAL_BOM" FROMINSTANCETYPE ="Aggregator" TOFIELD ="COMP_SIZE_CD" TOINSTANCE ="STG_RMLCA_PARENT_PLANT" TOINSTANCETYPE ="Target Definition"/>
        <CONNECTOR FROMFIELD ="COMP_PLANT" FROMINSTANCE ="AGG_HIERARCHICAL_BOM" FROMINSTANCETYPE ="Aggregator" TOFIELD ="COMP_PLANT" TOINSTANCE ="STG_RMLCA_PARENT_PLANT" TOINSTANCETYPE ="Target Definition"/>
        <CONNECTOR FROMFIELD ="PARENT_PLANT" FROMINSTANCE ="AGG_HIERARCHICAL_BOM" FROMINSTANCETYPE ="Aggregator" TOFIELD ="PARENT_PLANT" TOINSTANCE ="STG_RMLCA_PARENT_PLANT" TOINSTANCETYPE ="Target Definition"/>
        <CONNECTOR FROMFIELD ="PARENT_PLANT" FROMINSTANCE ="FLAT_HIERARCHAL_BOM" FROMINSTANCETYPE ="Source Definition" TOFIELD ="PARENT_PLANT" TOINSTANCE ="SQ_FLAT_HIERARCHAL_BOM" TOINSTANCETYPE ="Source Qualifier"/>
        <CONNECTOR FROMFIELD ="COMP_STYLE_CD" FROMINSTANCE ="FLAT_HIERARCHAL_BOM" FROMINSTANCETYPE ="Source Definition" TOFIELD ="COMP_STYLE_CD" TOINSTANCE ="SQ_FLAT_HIERARCHAL_BOM" TOINSTANCETYPE ="Source Qualifier"/>
        <CONNECTOR FROMFIELD ="COMP_COLOR_CD" FROMINSTANCE ="FLAT_HIERARCHAL_BOM" FROMINSTANCETYPE ="Source Definition" TOFIELD ="COMP_COLOR_CD" TOINSTANCE ="SQ_FLAT_HIERARCHAL_BOM" TOINSTANCETYPE ="Source Qualifier"/>
        <CONNECTOR FROMFIELD ="COMP_ATTRIBUTE_CD" FROMINSTANCE ="FLAT_HIERARCHAL_BOM" FROMINSTANCETYPE ="Source Definition" TOFIELD ="COMP_ATTRIBUTE_CD" TOINSTANCE ="SQ_FLAT_HIERARCHAL_BOM" TOINSTANCETYPE ="Source Qualifier"/>
        <CONNECTOR FROMFIELD ="COMP_SIZE_CD" FROMINSTANCE ="FLAT_HIERARCHAL_BOM" FROMINSTANCETYPE ="Source Definition" TOFIELD ="COMP_SIZE_CD" TOINSTANCE ="SQ_FLAT_HIERARCHAL_BOM" TOINSTANCETYPE ="Source Qualifier"/>
        <CONNECTOR FROMFIELD ="COMP_PLANT" FROMINSTANCE ="FLAT_HIERARCHAL_BOM" FROMINSTANCETYPE ="Source Definition" TOFIELD ="COMP_PLANT" TOINSTANCE ="SQ_FLAT_HIERARCHAL_BOM" TOINSTANCETYPE ="Source Qualifier"/>
        <CONNECTOR FROMFIELD ="COMP_STYLE_CD" FROMINSTANCE ="SQ_FLAT_HIERARCHAL_BOM" FROMINSTANCETYPE ="Source Qualifier" TOFIELD ="COMP_STYLE_CD" TOINSTANCE ="FL_PLANT" TOINSTANCETYPE ="Filter"/>
        <CONNECTOR FROMFIELD ="COMP_COLOR_CD" FROMINSTANCE ="SQ_FLAT_HIERARCHAL_BOM" FROMINSTANCETYPE ="Source Qualifier" TOFIELD ="COMP_COLOR_CD" TOINSTANCE ="FL_PLANT" TOINSTANCETYPE ="Filter"/>
        <CONNECTOR FROMFIELD ="COMP_ATTRIBUTE_CD" FROMINSTANCE ="SQ_FLAT_HIERARCHAL_BOM" FROMINSTANCETYPE ="Source Qualifier" TOFIELD ="COMP_ATTRIBUTE_CD" TOINSTANCE ="FL_PLANT" TOINSTANCETYPE ="Filter"/>
        <CONNECTOR FROMFIELD ="COMP_SIZE_CD" FROMINSTANCE ="SQ_FLAT_HIERARCHAL_BOM" FROMINSTANCETYPE ="Source Qualifier" TOFIELD ="COMP_SIZE_CD" TOINSTANCE ="FL_PLANT" TOINSTANCETYPE ="Filter"/>
        <CONNECTOR FROMFIELD ="COMP_PLANT" FROMINSTANCE ="SQ_FLAT_HIERARCHAL_BOM" FROMINSTANCETYPE ="Source Qualifier" TOFIELD ="COMP_PLANT" TOINSTANCE ="FL_PLANT" TOINSTANCETYPE ="Filter"/>
        <CONNECTOR FROMFIELD ="PARENT_PLANT" FROMINSTANCE ="SQ_FLAT_HIERARCHAL_BOM" FROMINSTANCETYPE ="Source Qualifier" TOFIELD ="PARENT_PLANT" TOINSTANCE ="FL_PLANT" TOINSTANCETYPE ="Filter"/>
        <CONNECTOR FROMFIELD ="COMP_STYLE_CD" FROMINSTANCE ="FL_PLANT" FROMINSTANCETYPE ="Filter" TOFIELD ="COMP_STYLE_CD" TOINSTANCE ="SRT_HIERARCHICAL_BOM" TOINSTANCETYPE ="Sorter"/>
        <CONNECTOR FROMFIELD ="COMP_COLOR_CD" FROMINSTANCE ="FL_PLANT" FROMINSTANCETYPE ="Filter" TOFIELD ="COMP_COLOR_CD" TOINSTANCE ="SRT_HIERARCHICAL_BOM" TOINSTANCETYPE ="Sorter"/>
        <CONNECTOR FROMFIELD ="COMP_ATTRIBUTE_CD" FROMINSTANCE ="FL_PLANT" FROMINSTANCETYPE ="Filter" TOFIELD ="COMP_ATTRIBUTE_CD" TOINSTANCE ="SRT_HIERARCHICAL_BOM" TOINSTANCETYPE ="Sorter"/>
        <CONNECTOR FROMFIELD ="COMP_SIZE_CD" FROMINSTANCE ="FL_PLANT" FROMINSTANCETYPE ="Filter" TOFIELD ="COMP_SIZE_CD" TOINSTANCE ="SRT_HIERARCHICAL_BOM" TOINSTANCETYPE ="Sorter"/>
        <CONNECTOR FROMFIELD ="COMP_PLANT" FROMINSTANCE ="FL_PLANT" FROMINSTANCETYPE ="Filter" TOFIELD ="COMP_PLANT" TOINSTANCE ="SRT_HIERARCHICAL_BOM" TOINSTANCETYPE ="Sorter"/>
        <CONNECTOR FROMFIELD ="PARENT_PLANT" FROMINSTANCE ="FL_PLANT" FROMINSTANCETYPE ="Filter" TOFIELD ="PARENT_PLANT" TOINSTANCE ="SRT_HIERARCHICAL_BOM" TOINSTANCETYPE ="Sorter"/>
        <CONNECTOR FROMFIELD ="COMP_STYLE_CD" FROMINSTANCE ="SRT_HIERARCHICAL_BOM" FROMINSTANCETYPE ="Sorter" TOFIELD ="COMP_STYLE_CD" TOINSTANCE ="AGG_HIERARCHICAL_BOM" TOINSTANCETYPE ="Aggregator"/>
        <CONNECTOR FROMFIELD ="COMP_COLOR_CD" FROMINSTANCE ="SRT_HIERARCHICAL_BOM" FROMINSTANCETYPE ="Sorter" TOFIELD ="COMP_COLOR_CD" TOINSTANCE ="AGG_HIERARCHICAL_BOM" TOINSTANCETYPE ="Aggregator"/>
        <CONNECTOR FROMFIELD ="COMP_ATTRIBUTE_CD" FROMINSTANCE ="SRT_HIERARCHICAL_BOM" FROMINSTANCETYPE ="Sorter" TOFIELD ="COMP_ATTRIBUTE_CD" TOINSTANCE ="AGG_HIERARCHICAL_BOM" TOINSTANCETYPE ="Aggregator"/>
        <CONNECTOR FROMFIELD ="COMP_SIZE_CD" FROMINSTANCE ="SRT_HIERARCHICAL_BOM" FROMINSTANCETYPE ="Sorter" TOFIELD ="COMP_SIZE_CD" TOINSTANCE ="AGG_HIERARCHICAL_BOM" TOINSTANCETYPE ="Aggregator"/>
        <CONNECTOR FROMFIELD ="COMP_PLANT" FROMINSTANCE ="SRT_HIERARCHICAL_BOM" FROMINSTANCETYPE ="Sorter" TOFIELD ="COMP_PLANT" TOINSTANCE ="AGG_HIERARCHICAL_BOM" TOINSTANCETYPE ="Aggregator"/>
        <CONNECTOR FROMFIELD ="PARENT_PLANT" FROMINSTANCE ="SRT_HIERARCHICAL_BOM" FROMINSTANCETYPE ="Sorter" TOFIELD ="PARENT_PLANT" TOINSTANCE ="AGG_HIERARCHICAL_BOM" TOINSTANCETYPE ="Aggregator"/>
        <TARGETLOADORDER ORDER ="1" TARGETINSTANCE ="STG_RMLCA_PARENT_PLANT"/>
        <ERPINFO/>
        <METADATAEXTENSION DATATYPE ="STRING" DESCRIPTION ="Conversion Mapping Name with version " DOMAINNAME ="User Defined Metadata Domain" ISCLIENTEDITABLE ="YES" ISCLIENTVISIBLE ="YES" ISREUSABLE ="NO" ISSHAREREAD ="NO" ISSHAREWRITE ="NO" MAXLENGTH ="256" NAME ="CONV_MAP_NAME" VALUE ="RM_LCA_Parent Plant_v1.1" VENDORNAME ="INFORMATICA"/>
    </MAPPING>
    <CONFIG DESCRIPTION ="Default session configuration object" ISDEFAULT ="YES" NAME ="default_session_config" VERSIONNUMBER ="1">
        <ATTRIBUTE NAME ="Advanced" VALUE =""/>
        <ATTRIBUTE NAME ="Constraint based load ordering" VALUE ="NO"/>
        <ATTRIBUTE NAME ="Cache LOOKUP() function" VALUE ="YES"/>
        <ATTRIBUTE NAME ="Default buffer block size" VALUE ="Auto"/>
        <ATTRIBUTE NAME ="Line Sequential buffer length" VALUE ="1024"/>
        <ATTRIBUTE NAME ="Maximum Memory Allowed For Auto Memory Attributes" VALUE ="0"/>
        <ATTRIBUTE NAME ="Maximum Percentage of Total Memory Allowed For Auto Memory Attributes" VALUE ="5"/>
        <ATTRIBUTE NAME ="Additional Concurrent Pipelines for Lookup Cache Creation" VALUE ="0"/>
        <ATTRIBUTE NAME ="Custom Properties" VALUE =""/>
        <ATTRIBUTE NAME ="Pre-build lookup cache" VALUE ="Auto"/>
        <ATTRIBUTE NAME ="Optimization Level" VALUE ="Medium"/>
        <ATTRIBUTE NAME ="DateTime Format String" VALUE ="MM/DD/YYYY HH24:MI:SS.US"/>
        <ATTRIBUTE NAME ="Pre 85 Timestamp Compatibility" VALUE ="NO"/>
        <ATTRIBUTE NAME ="Log Options" VALUE ="0"/>
        <ATTRIBUTE NAME ="Save session log by" VALUE ="Session runs"/>
        <ATTRIBUTE NAME ="Save session log for these runs" VALUE ="9"/>
        <ATTRIBUTE NAME ="Session Log File Max Size" VALUE ="0"/>
        <ATTRIBUTE NAME ="Session Log File Max Time Period" VALUE ="0"/>
        <ATTRIBUTE NAME ="Maximum Partial Session Log Files" VALUE ="1"/>
        <ATTRIBUTE NAME ="Writer Commit Statistics Log Frequency" VALUE ="1"/>
        <ATTRIBUTE NAME ="Writer Commit Statistics Log Interval" VALUE ="0"/>
        <ATTRIBUTE NAME ="Error handling" VALUE =""/>
        <ATTRIBUTE NAME ="Stop on errors" VALUE ="1"/>
        <ATTRIBUTE NAME ="Override tracing" VALUE ="None"/>
        <ATTRIBUTE NAME ="On Stored Procedure error" VALUE ="Stop"/>
        <ATTRIBUTE NAME ="On Pre-session command task error" VALUE ="Stop"/>
        <ATTRIBUTE NAME ="On Pre-Post SQL error" VALUE ="Stop"/>
        <ATTRIBUTE NAME ="Enable Recovery" VALUE ="NO"/>
        <ATTRIBUTE NAME ="Error Log Type" VALUE ="None"/>
        <ATTRIBUTE NAME ="Error Log Table Name Prefix" VALUE =""/>
        <ATTRIBUTE NAME ="Error Log File Name" VALUE ="PMError.log"/>
        <ATTRIBUTE NAME ="Log Source Row Data" VALUE ="NO"/>
        <ATTRIBUTE NAME ="Data Column Delimiter" VALUE ="|"/>
        <ATTRIBUTE NAME ="Partitioning Options" VALUE =""/>
        <ATTRIBUTE NAME ="Dynamic Partitioning" VALUE ="Disabled"/>
        <ATTRIBUTE NAME ="Number of Partitions" VALUE ="1"/>
        <ATTRIBUTE NAME ="Multiplication Factor" VALUE ="Auto"/>
        <ATTRIBUTE NAME ="Session on Grid" VALUE =""/>
        <ATTRIBUTE NAME ="Is Enabled" VALUE ="NO"/>
    </CONFIG>
    <SESSION DESCRIPTION ="Session that loads data from FLAT_HIERARCHAL_BOM table to STG_RMLCA_PARENT_PLANT table" ISVALID ="YES" MAPPINGNAME ="m_RMLCA_PAR_PLANT_STG" NAME ="s_m_RMLCA_PAR_PLANT_STG" REUSABLE ="YES" SORTORDER ="Binary" VERSIONNUMBER ="1">
        <SESSTRANSFORMATIONINST ISREPARTITIONPOINT ="YES" PARTITIONTYPE ="PASS THROUGH" PIPELINE ="1" SINSTANCENAME ="STG_RMLCA_PARENT_PLANT" STAGE ="1" TRANSFORMATIONNAME ="STG_RMLCA_PARENT_PLANT" TRANSFORMATIONTYPE ="Target Definition">
            <PARTITION DESCRIPTION ="" NAME ="Partition #1"/>
            <PARTITION DESCRIPTION ="" NAME ="Partition #2"/>
            <PARTITION DESCRIPTION ="" NAME ="Partition #3"/>
            <PARTITION DESCRIPTION ="" NAME ="Partition #4"/>
        </SESSTRANSFORMATIONINST>
        <SESSTRANSFORMATIONINST ISREPARTITIONPOINT ="NO" PIPELINE ="0" SINSTANCENAME ="PR_TRUNC_STG_TBLS" STAGE ="0" TRANSFORMATIONNAME ="PR_TRUNC_STG_TBLS" TRANSFORMATIONTYPE ="Stored Procedure"/>
        <SESSTRANSFORMATIONINST ISREPARTITIONPOINT ="NO" PIPELINE ="0" SINSTANCENAME ="FLAT_HIERARCHAL_BOM" STAGE ="0" TRANSFORMATIONNAME ="FLAT_HIERARCHAL_BOM" TRANSFORMATIONTYPE ="Source Definition"/>
        <SESSTRANSFORMATIONINST ISREPARTITIONPOINT ="YES" PARTITIONTYPE ="PASS THROUGH" PIPELINE ="1" SINSTANCENAME ="SQ_FLAT_HIERARCHAL_BOM" STAGE ="2" TRANSFORMATIONNAME ="SQ_FLAT_HIERARCHAL_BOM" TRANSFORMATIONTYPE ="Source Qualifier">
            <PARTITION DESCRIPTION ="" NAME ="Partition #1"/>
            <PARTITION DESCRIPTION ="" NAME ="Partition #2"/>
            <PARTITION DESCRIPTION ="" NAME ="Partition #3"/>
            <PARTITION DESCRIPTION ="" NAME ="Partition #4"/>
            <ATTRIBUTE NAME ="Sql Query" PARTITIONNAME ="Partition #2" VALUE ="SELECT FLAT_HIERARCHAL_BOM.COMP_STYLE_CD, FLAT_HIERARCHAL_BOM.COMP_COLOR_CD, FLAT_HIERARCHAL_BOM.COMP_ATTRIBUTE_CD, FLAT_HIERARCHAL_BOM.COMP_SIZE_CD, FLAT_HIERARCHAL_BOM.COMP_PLANT, FLAT_HIERARCHAL_BOM.PARENT_PLANT &#xD;&#xA;FROM&#xD;&#xA; FLAT_HIERARCHAL_BOM&#xD;&#xA;where 1=2"/>
            <ATTRIBUTE NAME ="Sql Query" PARTITIONNAME ="Partition #3" VALUE ="SELECT FLAT_HIERARCHAL_BOM.COMP_STYLE_CD, FLAT_HIERARCHAL_BOM.COMP_COLOR_CD, FLAT_HIERARCHAL_BOM.COMP_ATTRIBUTE_CD, FLAT_HIERARCHAL_BOM.COMP_SIZE_CD, FLAT_HIERARCHAL_BOM.COMP_PLANT, FLAT_HIERARCHAL_BOM.PARENT_PLANT &#xD;&#xA;FROM&#xD;&#xA; FLAT_HIERARCHAL_BOM&#xD;&#xA;where 1=2"/>
            <ATTRIBUTE NAME ="Sql Query" PARTITIONNAME ="Partition #4" VALUE ="SELECT FLAT_HIERARCHAL_BOM.COMP_STYLE_CD, FLAT_HIERARCHAL_BOM.COMP_COLOR_CD, FLAT_HIERARCHAL_BOM.COMP_ATTRIBUTE_CD, FLAT_HIERARCHAL_BOM.COMP_SIZE_CD, FLAT_HIERARCHAL_BOM.COMP_PLANT, FLAT_HIERARCHAL_BOM.PARENT_PLANT &#xD;&#xA;FROM&#xD;&#xA; FLAT_HIERARCHAL_BOM&#xD;&#xA;where 1=2"/>
        </SESSTRANSFORMATIONINST>
        <SESSTRANSFORMATIONINST ISREPARTITIONPOINT ="YES" PARTITIONTYPE ="HASH AUTO KEYS" PIPELINE ="1" SINSTANCENAME ="SRT_HIERARCHICAL_BOM" STAGE ="3" TRANSFORMATIONNAME ="SRT_HIERARCHICAL_BOM" TRANSFORMATIONTYPE ="Sorter">
            <PARTITION DESCRIPTION ="" NAME ="Partition #1"/>
            <PARTITION DESCRIPTION ="" NAME ="Partition #2"/>
            <PARTITION DESCRIPTION ="" NAME ="Partition #3"/>
            <PARTITION DESCRIPTION ="" NAME ="Partition #4"/>
        </SESSTRANSFORMATIONINST>
        <SESSTRANSFORMATIONINST ISREPARTITIONPOINT ="YES" PARTITIONTYPE ="PASS THROUGH" PIPELINE ="1" SINSTANCENAME ="AGG_HIERARCHICAL_BOM" STAGE ="4" TRANSFORMATIONNAME ="AGG_HIERARCHICAL_BOM" TRANSFORMATIONTYPE ="Aggregator">
            <PARTITION DESCRIPTION ="" NAME ="Partition #1"/>
            <PARTITION DESCRIPTION ="" NAME ="Partition #2"/>
            <PARTITION DESCRIPTION ="" NAME ="Partition #3"/>
            <PARTITION DESCRIPTION ="" NAME ="Partition #4"/>
        </SESSTRANSFORMATIONINST>
        <SESSTRANSFORMATIONINST ISREPARTITIONPOINT ="YES" PARTITIONTYPE ="ROUND ROBIN" PIPELINE ="1" SINSTANCENAME ="FL_PLANT" STAGE ="5" TRANSFORMATIONNAME ="FL_PLANT" TRANSFORMATIONTYPE ="Filter">
            <PARTITION DESCRIPTION ="" NAME ="Partition #1"/>
            <PARTITION DESCRIPTION ="" NAME ="Partition #2"/>
            <PARTITION DESCRIPTION ="" NAME ="Partition #3"/>
            <PARTITION DESCRIPTION ="" NAME ="Partition #4"/>
        </SESSTRANSFORMATIONINST>
        <CONFIGREFERENCE REFOBJECTNAME ="default_session_config" TYPE ="Session config"/>
        <SESSIONEXTENSION NAME ="Relational Writer" SINSTANCENAME ="STG_RMLCA_PARENT_PLANT" SUBTYPE ="Relational Writer" TRANSFORMATIONTYPE ="Target Definition" TYPE ="WRITER">
            <CONNECTIONREFERENCE CNXREFNAME ="DB Connection" CONNECTIONNAME ="SLBADW" CONNECTIONNUMBER ="1" CONNECTIONSUBTYPE ="Oracle" CONNECTIONTYPE ="Relational" VARIABLE =""/>
            <ATTRIBUTE NAME ="Target load type" VALUE ="Normal"/>
            <ATTRIBUTE NAME ="Insert" VALUE ="YES"/>
            <ATTRIBUTE NAME ="Update as Update" VALUE ="NO"/>
            <ATTRIBUTE NAME ="Update as Insert" VALUE ="NO"/>
            <ATTRIBUTE NAME ="Update else Insert" VALUE ="NO"/>
            <ATTRIBUTE NAME ="Delete" VALUE ="NO"/>
            <ATTRIBUTE NAME ="Truncate target table option" VALUE ="NO"/>
            <ATTRIBUTE NAME ="Reject file directory" PARTITIONNAME ="Partition #1" VALUE ="$PMBadFileDir&#x5c;INVENTORY_ANALYSIS&#x5c;BAD&#x5c;"/>
            <ATTRIBUTE NAME ="Reject file directory" PARTITIONNAME ="Partition #2" VALUE ="$PMBadFileDir&#x5c;INVENTORY_ANALYSIS&#x5c;BAD&#x5c;"/>
            <ATTRIBUTE NAME ="Reject file directory" PARTITIONNAME ="Partition #3" VALUE ="$PMBadFileDir&#x5c;INVENTORY_ANALYSIS&#x5c;BAD&#x5c;"/>
            <ATTRIBUTE NAME ="Reject file directory" PARTITIONNAME ="Partition #4" VALUE ="$PMBadFileDir&#x5c;INVENTORY_ANALYSIS&#x5c;BAD&#x5c;"/>
            <ATTRIBUTE NAME ="Reject filename" PARTITIONNAME ="Partition #1" VALUE ="s_m_RMLCA_PAR_PLANT_STG1.bad"/>
            <ATTRIBUTE NAME ="Reject filename" PARTITIONNAME ="Partition #2" VALUE ="s_m_RMLCA_PAR_PLANT_STG2bad"/>
            <ATTRIBUTE NAME ="Reject filename" PARTITIONNAME ="Partition #3" VALUE ="s_m_RMLCA_PAR_PLANT_STG3.bad"/>
            <ATTRIBUTE NAME ="Reject filename" PARTITIONNAME ="Partition #4" VALUE ="s_m_RMLCA_PAR_PLANT_STG4.bad"/>
        </SESSIONEXTENSION>
        <SESSIONEXTENSION DSQINSTNAME ="SQ_FLAT_HIERARCHAL_BOM" DSQINSTTYPE ="Source Qualifier" NAME ="Relational Reader" SINSTANCENAME ="FLAT_HIERARCHAL_BOM" SUBTYPE ="Relational Reader" TRANSFORMATIONTYPE ="Source Definition" TYPE ="READER"/>
        <SESSIONEXTENSION NAME ="Relational Reader" SINSTANCENAME ="SQ_FLAT_HIERARCHAL_BOM" SUBTYPE ="Relational Reader" TRANSFORMATIONTYPE ="Source Qualifier" TYPE ="READER">
            <CONNECTIONREFERENCE CNXREFNAME ="DB Connection" CONNECTIONNAME ="PROD1" CONNECTIONNUMBER ="1" CONNECTIONSUBTYPE ="Oracle" CONNECTIONTYPE ="Relational" VARIABLE =""/>
        </SESSIONEXTENSION>
        <ATTRIBUTE NAME ="General Options" VALUE =""/>
        <ATTRIBUTE NAME ="Write Backward Compatible Session Log File" VALUE ="YES"/>
        <ATTRIBUTE NAME ="Session Log File Name" VALUE ="s_m_RMLCA_PAR_PLANT_STG.log"/>
        <ATTRIBUTE NAME ="Session Log File directory" VALUE ="$PMSessionLogDir&#x5c;INVENTORY_ANALYSIS&#x5c;LOG&#x5c;"/>
        <ATTRIBUTE NAME ="Parameter Filename" VALUE =""/>
        <ATTRIBUTE NAME ="Enable Test Load" VALUE ="NO"/>
        <ATTRIBUTE NAME ="$Source connection value" VALUE =""/>
        <ATTRIBUTE NAME ="$Target connection value" VALUE =""/>
        <ATTRIBUTE NAME ="Treat source rows as" VALUE ="Insert"/>
        <ATTRIBUTE NAME ="Commit Type" VALUE ="Target"/>
        <ATTRIBUTE NAME ="Commit Interval" VALUE ="2000000"/>
        <ATTRIBUTE NAME ="Commit On End Of File" VALUE ="YES"/>
        <ATTRIBUTE NAME ="Rollback Transactions on Errors" VALUE ="NO"/>
        <ATTRIBUTE NAME ="Recovery Strategy" VALUE ="Restart task"/>
        <ATTRIBUTE NAME ="Java Classpath" VALUE =""/>
        <ATTRIBUTE NAME ="Performance" VALUE =""/>
        <ATTRIBUTE NAME ="DTM buffer size" VALUE ="Auto"/>
        <ATTRIBUTE NAME ="Collect performance data" VALUE ="NO"/>
        <ATTRIBUTE NAME ="Write performance data to repository" VALUE ="NO"/>
        <ATTRIBUTE NAME ="Incremental Aggregation" VALUE ="NO"/>
        <ATTRIBUTE NAME ="Enable high precision" VALUE ="NO"/>
        <ATTRIBUTE NAME ="Session retry on deadlock" VALUE ="NO"/>
        <ATTRIBUTE NAME ="Pushdown Optimization" VALUE ="None"/>
        <ATTRIBUTE NAME ="Allow Temporary View for Pushdown" VALUE ="NO"/>
        <ATTRIBUTE NAME ="Allow Temporary Sequence for Pushdown" VALUE ="NO"/>
        <ATTRIBUTE NAME ="Allow Pushdown for User Incompatible Connections" VALUE ="NO"/>
        <METADATAEXTENSION DATATYPE ="STRING" DESCRIPTION ="Conversion Mapping  Name with version " DOMAINNAME ="User Defined Metadata Domain" ISCLIENTEDITABLE ="YES" ISCLIENTVISIBLE ="YES" ISREUSABLE ="NO" ISSHAREREAD ="NO" ISSHAREWRITE ="NO" MAXLENGTH ="256" NAME ="CONV_MAP_NAME" VALUE ="RM_LCA_Parent Plant_v1.1" VENDORNAME ="INFORMATICA"/>
    </SESSION>
    <WORKFLOW DESCRIPTION ="Workflow that contains session that loads data from FLAT_HIERARCHAL_BOM table to STG_RMLCA_PARENT_PLANT table" ISENABLED ="YES" ISRUNNABLESERVICE ="NO" ISSERVICE ="NO" ISVALID ="YES" NAME ="wf_s_m_RMLCA_PAR_PLANT_STG" REUSABLE_SCHEDULER ="NO" SCHEDULERNAME ="Scheduler" SERVERNAME ="Domain10_PRD_Int_Svc" SERVER_DOMAINNAME ="Domain10_PRD" SUSPEND_ON_ERROR ="NO" TASKS_MUST_RUN_ON_SERVER ="NO" VERSIONNUMBER ="1">
        <SCHEDULER DESCRIPTION ="" NAME ="Scheduler" REUSABLE ="NO" VERSIONNUMBER ="1">
            <SCHEDULEINFO SCHEDULETYPE ="ONDEMAND"/>
        </SCHEDULER>
        <TASK DESCRIPTION ="" NAME ="Start" REUSABLE ="NO" TYPE ="Start" VERSIONNUMBER ="1"/>
        <TASKINSTANCE DESCRIPTION ="Session that loads data from FLAT_HIERARCHAL_BOM table to STG_RMLCA_PARENT_PLANT table" FAIL_PARENT_IF_INSTANCE_DID_NOT_RUN ="YES" FAIL_PARENT_IF_INSTANCE_FAILS ="YES" ISENABLED ="YES" NAME ="s_m_RMLCA_PAR_PLANT_STG" REUSABLE ="YES" TASKNAME ="s_m_RMLCA_PAR_PLANT_STG" TASKTYPE ="Session" TREAT_INPUTLINK_AS_AND ="NO"/>
        <TASKINSTANCE DESCRIPTION ="" ISENABLED ="YES" NAME ="Start" REUSABLE ="NO" TASKNAME ="Start" TASKTYPE ="Start"/>
        <WORKFLOWLINK CONDITION ="" FROMTASK ="Start" TOTASK ="s_m_RMLCA_PAR_PLANT_STG"/>
        <WORKFLOWVARIABLE DATATYPE ="date/time" DEFAULTVALUE ="" DESCRIPTION ="The time this task started" ISNULL ="NO" ISPERSISTENT ="NO" NAME ="$s_m_RMLCA_PAR_PLANT_STG.StartTime" USERDEFINED ="NO"/>
        <WORKFLOWVARIABLE DATATYPE ="date/time" DEFAULTVALUE ="" DESCRIPTION ="The time this task completed" ISNULL ="NO" ISPERSISTENT ="NO" NAME ="$s_m_RMLCA_PAR_PLANT_STG.EndTime" USERDEFINED ="NO"/>
        <WORKFLOWVARIABLE DATATYPE ="integer" DEFAULTVALUE ="" DESCRIPTION ="Status of this task&apos;s execution" ISNULL ="NO" ISPERSISTENT ="NO" NAME ="$s_m_RMLCA_PAR_PLANT_STG.Status" USERDEFINED ="NO"/>
        <WORKFLOWVARIABLE DATATYPE ="integer" DEFAULTVALUE ="" DESCRIPTION ="Status of the previous task that is not disabled" ISNULL ="NO" ISPERSISTENT ="NO" NAME ="$s_m_RMLCA_PAR_PLANT_STG.PrevTaskStatus" USERDEFINED ="NO"/>
        <WORKFLOWVARIABLE DATATYPE ="integer" DEFAULTVALUE ="" DESCRIPTION ="Error code for this task&apos;s execution" ISNULL ="NO" ISPERSISTENT ="NO" NAME ="$s_m_RMLCA_PAR_PLANT_STG.ErrorCode" USERDEFINED ="NO"/>
        <WORKFLOWVARIABLE DATATYPE ="string" DEFAULTVALUE ="" DESCRIPTION ="Error message for this task&apos;s execution" ISNULL ="NO" ISPERSISTENT ="NO" NAME ="$s_m_RMLCA_PAR_PLANT_STG.ErrorMsg" USERDEFINED ="NO"/>
        <WORKFLOWVARIABLE DATATYPE ="integer" DEFAULTVALUE ="" DESCRIPTION ="Rows successfully read" ISNULL ="NO" ISPERSISTENT ="NO" NAME ="$s_m_RMLCA_PAR_PLANT_STG.SrcSuccessRows" USERDEFINED ="NO"/>
        <WORKFLOWVARIABLE DATATYPE ="integer" DEFAULTVALUE ="" DESCRIPTION ="Rows failed to read" ISNULL ="NO" ISPERSISTENT ="NO" NAME ="$s_m_RMLCA_PAR_PLANT_STG.SrcFailedRows" USERDEFINED ="NO"/>
        <WORKFLOWVARIABLE DATATYPE ="integer" DEFAULTVALUE ="" DESCRIPTION ="Rows successfully loaded" ISNULL ="NO" ISPERSISTENT ="NO" NAME ="$s_m_RMLCA_PAR_PLANT_STG.TgtSuccessRows" USERDEFINED ="NO"/>
        <WORKFLOWVARIABLE DATATYPE ="integer" DEFAULTVALUE ="" DESCRIPTION ="Rows failed to load" ISNULL ="NO" ISPERSISTENT ="NO" NAME ="$s_m_RMLCA_PAR_PLANT_STG.TgtFailedRows" USERDEFINED ="NO"/>
        <WORKFLOWVARIABLE DATATYPE ="integer" DEFAULTVALUE ="" DESCRIPTION ="Total number of transformation errors" ISNULL ="NO" ISPERSISTENT ="NO" NAME ="$s_m_RMLCA_PAR_PLANT_STG.TotalTransErrors" USERDEFINED ="NO"/>
        <WORKFLOWVARIABLE DATATYPE ="integer" DEFAULTVALUE ="" DESCRIPTION ="First error code" ISNULL ="NO" ISPERSISTENT ="NO" NAME ="$s_m_RMLCA_PAR_PLANT_STG.FirstErrorCode" USERDEFINED ="NO"/>
        <WORKFLOWVARIABLE DATATYPE ="string" DEFAULTVALUE ="" DESCRIPTION ="First error message" ISNULL ="NO" ISPERSISTENT ="NO" NAME ="$s_m_RMLCA_PAR_PLANT_STG.FirstErrorMsg" USERDEFINED ="NO"/>
        <WORKFLOWVARIABLE DATATYPE ="date/time" DEFAULTVALUE ="" DESCRIPTION ="The time this task started" ISNULL ="NO" ISPERSISTENT ="NO" NAME ="$Start.StartTime" USERDEFINED ="NO"/>
        <WORKFLOWVARIABLE DATATYPE ="date/time" DEFAULTVALUE ="" DESCRIPTION ="The time this task completed" ISNULL ="NO" ISPERSISTENT ="NO" NAME ="$Start.EndTime" USERDEFINED ="NO"/>
        <WORKFLOWVARIABLE DATATYPE ="integer" DEFAULTVALUE ="" DESCRIPTION ="Status of this task&apos;s execution" ISNULL ="NO" ISPERSISTENT ="NO" NAME ="$Start.Status" USERDEFINED ="NO"/>
        <WORKFLOWVARIABLE DATATYPE ="integer" DEFAULTVALUE ="" DESCRIPTION ="Status of the previous task that is not disabled" ISNULL ="NO" ISPERSISTENT ="NO" NAME ="$Start.PrevTaskStatus" USERDEFINED ="NO"/>
        <WORKFLOWVARIABLE DATATYPE ="integer" DEFAULTVALUE ="" DESCRIPTION ="Error code for this task&apos;s execution" ISNULL ="NO" ISPERSISTENT ="NO" NAME ="$Start.ErrorCode" USERDEFINED ="NO"/>
        <WORKFLOWVARIABLE DATATYPE ="string" DEFAULTVALUE ="" DESCRIPTION ="Error message for this task&apos;s execution" ISNULL ="NO" ISPERSISTENT ="NO" NAME ="$Start.ErrorMsg" USERDEFINED ="NO"/>
        <ATTRIBUTE NAME ="Parameter Filename" VALUE =""/>
        <ATTRIBUTE NAME ="Write Backward Compatible Workflow Log File" VALUE ="YES"/>
        <ATTRIBUTE NAME ="Workflow Log File Name" VALUE ="wf_s_m_RMLCA_PAR_PLANT_STG.log"/>
        <ATTRIBUTE NAME ="Workflow Log File Directory" VALUE ="$PMWorkflowLogDir&#x5c;INVENTORY_ANALYSIS&#x5c;LOG&#x5c;"/>
        <ATTRIBUTE NAME ="Save Workflow log by" VALUE ="By runs"/>
        <ATTRIBUTE NAME ="Save workflow log for these runs" VALUE ="9"/>
        <ATTRIBUTE NAME ="Service Name" VALUE =""/>
        <ATTRIBUTE NAME ="Service Timeout" VALUE ="0"/>
        <ATTRIBUTE NAME ="Is Service Visible" VALUE ="NO"/>
        <ATTRIBUTE NAME ="Is Service Protected" VALUE ="NO"/>
        <ATTRIBUTE NAME ="Fail task after wait time" VALUE ="0"/>
        <ATTRIBUTE NAME ="Enable HA recovery" VALUE ="NO"/>
        <ATTRIBUTE NAME ="Automatically recover terminated tasks" VALUE ="NO"/>
        <ATTRIBUTE NAME ="Service Level Name" VALUE ="Default"/>
        <ATTRIBUTE NAME ="Allow concurrent run with unique run instance name" VALUE ="NO"/>
        <ATTRIBUTE NAME ="Allow concurrent run with same run instance name" VALUE ="NO"/>
        <ATTRIBUTE NAME ="Maximum number of concurrent runs" VALUE ="0"/>
        <ATTRIBUTE NAME ="Assigned Web Services Hubs" VALUE =""/>
        <ATTRIBUTE NAME ="Maximum number of concurrent runs per Hub" VALUE ="1000"/>
        <ATTRIBUTE NAME ="Expected Service Time" VALUE ="1"/>
        <METADATAEXTENSION DATATYPE ="STRING" DESCRIPTION ="Conversion Mapping Name with version " DOMAINNAME ="User Defined Metadata Domain" ISCLIENTEDITABLE ="YES" ISCLIENTVISIBLE ="YES" ISREUSABLE ="NO" ISSHAREREAD ="NO" ISSHAREWRITE ="NO" MAXLENGTH ="256" NAME ="CONV_MAP_NAME" VALUE ="RM_LCA_Parent Plant_v1.0" VENDORNAME ="INFORMATICA"/>
        <METADATAEXTENSION DATATYPE ="STRING" DESCRIPTION ="" DOMAINNAME ="User Defined Metadata Domain" ISCLIENTEDITABLE ="YES" ISCLIENTVISIBLE ="YES" ISREUSABLE ="NO" ISSHAREREAD ="NO" ISSHAREWRITE ="NO" MAXLENGTH ="256" NAME ="Extension" VALUE ="" VENDORNAME ="INFORMATICA"/>
    </WORKFLOW>
</FOLDER>
</REPOSITORY>
</POWERMART>