<?xml version="1.0" encoding="Windows-1252"?>
<!DOCTYPE POWERMART SYSTEM "powrmart.dtd">
<POWERMART CREATION_DATE="05/20/2024 10:02:05" REPOSITORY_VERSION="187.96">
<REPOSITORY NAME="Domain10_Rep_Svc_Prd" VERSION="187" CODEPAGE="MS1252" DATABASETYPE="Microsoft SQL Server">
<FOLDER NAME="INVENTORY_ANALYSIS" GROUP="" OWNER="Administrator" SHARED="NOTSHARED" DESCRIPTION="" PERMISSIONS="rwx---r--" UUID="27b7fb57-5066-4c7e-aee4-118d44bfa5b6">
    <SOURCE BUSINESSNAME ="" DATABASETYPE ="Flat File" DBDNAME ="Flat_File" DESCRIPTION ="" NAME ="STG_INVENTORY" OBJECTVERSION ="1" OWNERNAME ="" VERSIONNUMBER ="1">
        <FLATFILE CODEPAGE ="US-ASCII" CONSECDELIMITERSASONE ="NO" DELIMITED ="YES" DELIMITERS =";" ESCAPE_CHARACTER ="" KEEPESCAPECHAR ="NO" LINESEQUENTIAL ="NO" MULTIDELIMITERSASAND ="NO" NULLCHARTYPE ="ASCII" NULL_CHARACTER ="*" PADBYTES ="1" QUOTE_CHARACTER ="DOUBLE" REPEATABLE ="NO" ROWDELIMITER ="0" SHIFTSENSITIVEDATA ="NO" SKIPROWS ="0" STRIPTRAILINGBLANKS ="NO"/>
        <TABLEATTRIBUTE NAME ="Base Table Name" VALUE =""/>
        <TABLEATTRIBUTE NAME ="Search Specification" VALUE =""/>
        <TABLEATTRIBUTE NAME ="Sort Specification" VALUE =""/>
        <TABLEATTRIBUTE NAME ="Datetime Format" VALUE ="A  19 mm/dd/yyyy hh24:mi:ss"/>
        <TABLEATTRIBUTE NAME ="Thousand Separator" VALUE ="None"/>
        <TABLEATTRIBUTE NAME ="Decimal Separator" VALUE ="."/>
        <TABLEATTRIBUTE NAME ="Add Currently Processed Flat File Name Port" VALUE ="NO"/>
        <TABLEATTRIBUTE NAME ="Source TimeStamp" VALUE =""/>
        <SOURCEFIELD BUSINESSNAME ="" DATATYPE ="string" DESCRIPTION ="" FIELDNUMBER ="1" FIELDPROPERTY ="0" FIELDTYPE ="ELEMITEM" HIDDEN ="NO" KEYTYPE ="NOT A KEY" LENGTH ="50" LEVEL ="0" NAME ="COMPANY_CODE" NULLABLE ="NULL" OCCURS ="0" OFFSET ="0" PHYSICALLENGTH ="50" PHYSICALOFFSET ="0" PICTURETEXT ="" PRECISION ="50" SCALE ="0" USAGE_FLAGS =""/>
        <SOURCEFIELD BUSINESSNAME ="" DATATYPE ="string" DESCRIPTION ="" FIELDNUMBER ="2" FIELDPROPERTY ="0" FIELDTYPE ="ELEMITEM" HIDDEN ="NO" KEYTYPE ="NOT A KEY" LENGTH ="50" LEVEL ="0" NAME ="PLANT_CODE" NULLABLE ="NULL" OCCURS ="0" OFFSET ="50" PHYSICALLENGTH ="50" PHYSICALOFFSET ="50" PICTURETEXT ="" PRECISION ="50" SCALE ="0" USAGE_FLAGS =""/>
        <SOURCEFIELD BUSINESSNAME ="" DATATYPE ="string" DESCRIPTION ="" FIELDNUMBER ="3" FIELDPROPERTY ="0" FIELDTYPE ="ELEMITEM" HIDDEN ="NO" KEYTYPE ="NOT A KEY" LENGTH ="50" LEVEL ="0" NAME ="FROM_PLANT_CODE" NULLABLE ="NULL" OCCURS ="0" OFFSET ="100" PHYSICALLENGTH ="50" PHYSICALOFFSET ="100" PICTURETEXT ="" PRECISION ="50" SCALE ="0" USAGE_FLAGS =""/>
        <SOURCEFIELD BUSINESSNAME ="" DATATYPE ="string" DESCRIPTION ="" FIELDNUMBER ="4" FIELDPROPERTY ="0" FIELDTYPE ="ELEMITEM" HIDDEN ="NO" KEYTYPE ="NOT A KEY" LENGTH ="50" LEVEL ="0" NAME ="STYLE_NUM" NULLABLE ="NULL" OCCURS ="0" OFFSET ="150" PHYSICALLENGTH ="50" PHYSICALOFFSET ="150" PICTURETEXT ="" PRECISION ="50" SCALE ="0" USAGE_FLAGS =""/>
        <SOURCEFIELD BUSINESSNAME ="" DATATYPE ="string" DESCRIPTION ="" FIELDNUMBER ="5" FIELDPROPERTY ="0" FIELDTYPE ="ELEMITEM" HIDDEN ="NO" KEYTYPE ="NOT A KEY" LENGTH ="50" LEVEL ="0" NAME ="COLOR_CODE" NULLABLE ="NULL" OCCURS ="0" OFFSET ="200" PHYSICALLENGTH ="50" PHYSICALOFFSET ="200" PICTURETEXT ="" PRECISION ="50" SCALE ="0" USAGE_FLAGS =""/>
        <SOURCEFIELD BUSINESSNAME ="" DATATYPE ="string" DESCRIPTION ="" FIELDNUMBER ="6" FIELDPROPERTY ="0" FIELDTYPE ="ELEMITEM" HIDDEN ="NO" KEYTYPE ="NOT A KEY" LENGTH ="50" LEVEL ="0" NAME ="SIZE_CODE" NULLABLE ="NULL" OCCURS ="0" OFFSET ="250" PHYSICALLENGTH ="50" PHYSICALOFFSET ="250" PICTURETEXT ="" PRECISION ="50" SCALE ="0" USAGE_FLAGS =""/>
        <SOURCEFIELD BUSINESSNAME ="" DATATYPE ="string" DESCRIPTION ="" FIELDNUMBER ="7" FIELDPROPERTY ="0" FIELDTYPE ="ELEMITEM" HIDDEN ="NO" KEYTYPE ="NOT A KEY" LENGTH ="50" LEVEL ="0" NAME ="CUP_SIZE" NULLABLE ="NULL" OCCURS ="0" OFFSET ="300" PHYSICALLENGTH ="50" PHYSICALOFFSET ="300" PICTURETEXT ="" PRECISION ="50" SCALE ="0" USAGE_FLAGS =""/>
        <SOURCEFIELD BUSINESSNAME ="" DATATYPE ="string" DESCRIPTION ="" FIELDNUMBER ="8" FIELDPROPERTY ="0" FIELDTYPE ="ELEMITEM" HIDDEN ="NO" KEYTYPE ="NOT A KEY" LENGTH ="50" LEVEL ="0" NAME ="ATTRIBUTION_CODE" NULLABLE ="NULL" OCCURS ="0" OFFSET ="350" PHYSICALLENGTH ="50" PHYSICALOFFSET ="350" PICTURETEXT ="" PRECISION ="50" SCALE ="0" USAGE_FLAGS =""/>
        <SOURCEFIELD BUSINESSNAME ="" DATATYPE ="string" DESCRIPTION ="" FIELDNUMBER ="9" FIELDPROPERTY ="0" FIELDTYPE ="ELEMITEM" HIDDEN ="NO" KEYTYPE ="NOT A KEY" LENGTH ="50" LEVEL ="0" NAME ="SKU" NULLABLE ="NULL" OCCURS ="0" OFFSET ="400" PHYSICALLENGTH ="50" PHYSICALOFFSET ="400" PICTURETEXT ="" PRECISION ="50" SCALE ="0" USAGE_FLAGS =""/>
        <SOURCEFIELD BUSINESSNAME ="" DATATYPE ="string" DESCRIPTION ="" FIELDNUMBER ="10" FIELDPROPERTY ="0" FIELDTYPE ="ELEMITEM" HIDDEN ="NO" KEYTYPE ="NOT A KEY" LENGTH ="50" LEVEL ="0" NAME ="UPC_CODE" NULLABLE ="NULL" OCCURS ="0" OFFSET ="450" PHYSICALLENGTH ="50" PHYSICALOFFSET ="450" PICTURETEXT ="" PRECISION ="50" SCALE ="0" USAGE_FLAGS =""/>
        <SOURCEFIELD BUSINESSNAME ="" DATATYPE ="string" DESCRIPTION ="" FIELDNUMBER ="11" FIELDPROPERTY ="0" FIELDTYPE ="ELEMITEM" HIDDEN ="NO" KEYTYPE ="NOT A KEY" LENGTH ="50" LEVEL ="0" NAME ="PACKAGE_TYPE" NULLABLE ="NULL" OCCURS ="0" OFFSET ="500" PHYSICALLENGTH ="50" PHYSICALOFFSET ="500" PICTURETEXT ="" PRECISION ="50" SCALE ="0" USAGE_FLAGS =""/>
        <SOURCEFIELD BUSINESSNAME ="" DATATYPE ="string" DESCRIPTION ="" FIELDNUMBER ="12" FIELDPROPERTY ="0" FIELDTYPE ="ELEMITEM" HIDDEN ="NO" KEYTYPE ="NOT A KEY" LENGTH ="50" LEVEL ="0" NAME ="UOM" NULLABLE ="NULL" OCCURS ="0" OFFSET ="550" PHYSICALLENGTH ="50" PHYSICALOFFSET ="550" PICTURETEXT ="" PRECISION ="50" SCALE ="0" USAGE_FLAGS =""/>
        <SOURCEFIELD BUSINESSNAME ="" DATATYPE ="string" DESCRIPTION ="" FIELDNUMBER ="13" FIELDPROPERTY ="0" FIELDTYPE ="ELEMITEM" HIDDEN ="NO" KEYTYPE ="NOT A KEY" LENGTH ="50" LEVEL ="0" NAME ="GARMENTS_PER_PKG" NULLABLE ="NULL" OCCURS ="0" OFFSET ="600" PHYSICALLENGTH ="50" PHYSICALOFFSET ="600" PICTURETEXT ="" PRECISION ="50" SCALE ="0" USAGE_FLAGS =""/>
        <SOURCEFIELD BUSINESSNAME ="" DATATYPE ="string" DESCRIPTION ="" FIELDNUMBER ="14" FIELDPROPERTY ="0" FIELDTYPE ="ELEMITEM" HIDDEN ="NO" KEYTYPE ="NOT A KEY" LENGTH ="50" LEVEL ="0" NAME ="CASE_CONFIG_CODE" NULLABLE ="NULL" OCCURS ="0" OFFSET ="650" PHYSICALLENGTH ="50" PHYSICALOFFSET ="650" PICTURETEXT ="" PRECISION ="50" SCALE ="0" USAGE_FLAGS =""/>
        <SOURCEFIELD BUSINESSNAME ="" DATATYPE ="string" DESCRIPTION ="" FIELDNUMBER ="15" FIELDPROPERTY ="0" FIELDTYPE ="ELEMITEM" HIDDEN ="NO" KEYTYPE ="NOT A KEY" LENGTH ="50" LEVEL ="0" NAME ="CASE_CONFIG_DESC" NULLABLE ="NULL" OCCURS ="0" OFFSET ="700" PHYSICALLENGTH ="50" PHYSICALOFFSET ="700" PICTURETEXT ="" PRECISION ="50" SCALE ="0" USAGE_FLAGS =""/>
        <SOURCEFIELD BUSINESSNAME ="" DATATYPE ="string" DESCRIPTION ="" FIELDNUMBER ="16" FIELDPROPERTY ="0" FIELDTYPE ="ELEMITEM" HIDDEN ="NO" KEYTYPE ="NOT A KEY" LENGTH ="50" LEVEL ="0" NAME ="CASE_QTY" NULLABLE ="NULL" OCCURS ="0" OFFSET ="750" PHYSICALLENGTH ="50" PHYSICALOFFSET ="750" PICTURETEXT ="" PRECISION ="50" SCALE ="0" USAGE_FLAGS =""/>
        <SOURCEFIELD BUSINESSNAME ="" DATATYPE ="string" DESCRIPTION ="" FIELDNUMBER ="17" FIELDPROPERTY ="0" FIELDTYPE ="ELEMITEM" HIDDEN ="NO" KEYTYPE ="NOT A KEY" LENGTH ="50" LEVEL ="0" NAME ="INVENTORY_TYPE" NULLABLE ="NULL" OCCURS ="0" OFFSET ="800" PHYSICALLENGTH ="50" PHYSICALOFFSET ="800" PICTURETEXT ="" PRECISION ="50" SCALE ="0" USAGE_FLAGS =""/>
        <SOURCEFIELD BUSINESSNAME ="" DATATYPE ="string" DESCRIPTION ="" FIELDNUMBER ="18" FIELDPROPERTY ="0" FIELDTYPE ="ELEMITEM" HIDDEN ="NO" KEYTYPE ="NOT A KEY" LENGTH ="50" LEVEL ="0" NAME ="QUALITY_DESC" NULLABLE ="NULL" OCCURS ="0" OFFSET ="850" PHYSICALLENGTH ="50" PHYSICALOFFSET ="850" PICTURETEXT ="" PRECISION ="50" SCALE ="0" USAGE_FLAGS =""/>
        <SOURCEFIELD BUSINESSNAME ="" DATATYPE ="string" DESCRIPTION ="" FIELDNUMBER ="19" FIELDPROPERTY ="0" FIELDTYPE ="ELEMITEM" HIDDEN ="NO" KEYTYPE ="NOT A KEY" LENGTH ="50" LEVEL ="0" NAME ="HBI_QUALITY_DESC" NULLABLE ="NULL" OCCURS ="0" OFFSET ="900" PHYSICALLENGTH ="50" PHYSICALOFFSET ="900" PICTURETEXT ="" PRECISION ="50" SCALE ="0" USAGE_FLAGS =""/>
        <SOURCEFIELD BUSINESSNAME ="" DATATYPE ="string" DESCRIPTION ="" FIELDNUMBER ="20" FIELDPROPERTY ="0" FIELDTYPE ="ELEMITEM" HIDDEN ="NO" KEYTYPE ="NOT A KEY" LENGTH ="50" LEVEL ="0" NAME ="ON_HAND_QTY" NULLABLE ="NULL" OCCURS ="0" OFFSET ="950" PHYSICALLENGTH ="50" PHYSICALOFFSET ="950" PICTURETEXT ="" PRECISION ="50" SCALE ="0" USAGE_FLAGS =""/>
        <SOURCEFIELD BUSINESSNAME ="" DATATYPE ="string" DESCRIPTION ="" FIELDNUMBER ="21" FIELDPROPERTY ="0" FIELDTYPE ="ELEMITEM" HIDDEN ="NO" KEYTYPE ="NOT A KEY" LENGTH ="50" LEVEL ="0" NAME ="INTRANSIT_QTY" NULLABLE ="NULL" OCCURS ="0" OFFSET ="1000" PHYSICALLENGTH ="50" PHYSICALOFFSET ="1000" PICTURETEXT ="" PRECISION ="50" SCALE ="0" USAGE_FLAGS =""/>
        <SOURCEFIELD BUSINESSNAME ="" DATATYPE ="string" DESCRIPTION ="" FIELDNUMBER ="22" FIELDPROPERTY ="0" FIELDTYPE ="ELEMITEM" HIDDEN ="NO" KEYTYPE ="NOT A KEY" LENGTH ="50" LEVEL ="0" NAME ="COUNTRY" NULLABLE ="NULL" OCCURS ="0" OFFSET ="1050" PHYSICALLENGTH ="50" PHYSICALOFFSET ="1050" PICTURETEXT ="" PRECISION ="50" SCALE ="0" USAGE_FLAGS =""/>
        <SOURCEFIELD BUSINESSNAME ="" DATATYPE ="string" DESCRIPTION ="" FIELDNUMBER ="23" FIELDPROPERTY ="0" FIELDTYPE ="ELEMITEM" HIDDEN ="NO" KEYTYPE ="NOT A KEY" LENGTH ="50" LEVEL ="0" NAME ="STANDARD_COST" NULLABLE ="NULL" OCCURS ="0" OFFSET ="1100" PHYSICALLENGTH ="50" PHYSICALOFFSET ="1100" PICTURETEXT ="" PRECISION ="50" SCALE ="0" USAGE_FLAGS =""/>
        <SOURCEFIELD BUSINESSNAME ="" DATATYPE ="string" DESCRIPTION ="" FIELDNUMBER ="24" FIELDPROPERTY ="0" FIELDTYPE ="ELEMITEM" HIDDEN ="NO" KEYTYPE ="NOT A KEY" LENGTH ="50" LEVEL ="0" NAME ="STANDARD_COST_CURRENCY" NULLABLE ="NULL" OCCURS ="0" OFFSET ="1150" PHYSICALLENGTH ="50" PHYSICALOFFSET ="1150" PICTURETEXT ="" PRECISION ="50" SCALE ="0" USAGE_FLAGS =""/>
        <SOURCEFIELD BUSINESSNAME ="" DATATYPE ="string" DESCRIPTION ="" FIELDNUMBER ="25" FIELDPROPERTY ="0" FIELDTYPE ="ELEMITEM" HIDDEN ="NO" KEYTYPE ="NOT A KEY" LENGTH ="50" LEVEL ="0" NAME ="TRANSFER_PRICE" NULLABLE ="NULL" OCCURS ="0" OFFSET ="1200" PHYSICALLENGTH ="50" PHYSICALOFFSET ="1200" PICTURETEXT ="" PRECISION ="50" SCALE ="0" USAGE_FLAGS =""/>
        <SOURCEFIELD BUSINESSNAME ="" DATATYPE ="string" DESCRIPTION ="" FIELDNUMBER ="26" FIELDPROPERTY ="0" FIELDTYPE ="ELEMITEM" HIDDEN ="NO" KEYTYPE ="NOT A KEY" LENGTH ="50" LEVEL ="0" NAME ="PRICE_1" NULLABLE ="NULL" OCCURS ="0" OFFSET ="1250" PHYSICALLENGTH ="50" PHYSICALOFFSET ="1250" PICTURETEXT ="" PRECISION ="50" SCALE ="0" USAGE_FLAGS =""/>
        <SOURCEFIELD BUSINESSNAME ="" DATATYPE ="string" DESCRIPTION ="" FIELDNUMBER ="27" FIELDPROPERTY ="0" FIELDTYPE ="ELEMITEM" HIDDEN ="NO" KEYTYPE ="NOT A KEY" LENGTH ="50" LEVEL ="0" NAME ="PRICE_2" NULLABLE ="NULL" OCCURS ="0" OFFSET ="1300" PHYSICALLENGTH ="50" PHYSICALOFFSET ="1300" PICTURETEXT ="" PRECISION ="50" SCALE ="0" USAGE_FLAGS =""/>
        <SOURCEFIELD BUSINESSNAME ="" DATATYPE ="string" DESCRIPTION ="" FIELDNUMBER ="28" FIELDPROPERTY ="0" FIELDTYPE ="ELEMITEM" HIDDEN ="NO" KEYTYPE ="NOT A KEY" LENGTH ="50" LEVEL ="0" NAME ="WEEK_END_DATE" NULLABLE ="NULL" OCCURS ="0" OFFSET ="1350" PHYSICALLENGTH ="50" PHYSICALOFFSET ="1350" PICTURETEXT ="" PRECISION ="50" SCALE ="0" USAGE_FLAGS =""/>
        <SOURCEFIELD BUSINESSNAME ="" DATATYPE ="string" DESCRIPTION ="" FIELDNUMBER ="29" FIELDPROPERTY ="0" FIELDTYPE ="ELEMITEM" HIDDEN ="NO" KEYTYPE ="NOT A KEY" LENGTH ="50" LEVEL ="0" NAME ="CREATE_USER_ID" NULLABLE ="NULL" OCCURS ="0" OFFSET ="1400" PHYSICALLENGTH ="50" PHYSICALOFFSET ="1400" PICTURETEXT ="" PRECISION ="50" SCALE ="0" USAGE_FLAGS =""/>
        <SOURCEFIELD BUSINESSNAME ="" DATATYPE ="string" DESCRIPTION ="" FIELDNUMBER ="30" FIELDPROPERTY ="0" FIELDTYPE ="ELEMITEM" HIDDEN ="NO" KEYTYPE ="NOT A KEY" LENGTH ="50" LEVEL ="0" NAME ="CREATE_DATE" NULLABLE ="NULL" OCCURS ="0" OFFSET ="1450" PHYSICALLENGTH ="50" PHYSICALOFFSET ="1450" PICTURETEXT ="" PRECISION ="50" SCALE ="0" USAGE_FLAGS =""/>
        <SOURCEFIELD BUSINESSNAME ="" DATATYPE ="string" DESCRIPTION ="" FIELDNUMBER ="31" FIELDPROPERTY ="0" FIELDTYPE ="ELEMITEM" HIDDEN ="NO" KEYTYPE ="NOT A KEY" LENGTH ="50" LEVEL ="0" NAME ="PROCESSED_USER_ID" NULLABLE ="NULL" OCCURS ="0" OFFSET ="1500" PHYSICALLENGTH ="50" PHYSICALOFFSET ="1500" PICTURETEXT ="" PRECISION ="50" SCALE ="0" USAGE_FLAGS =""/>
        <SOURCEFIELD BUSINESSNAME ="" DATATYPE ="string" DESCRIPTION ="" FIELDNUMBER ="32" FIELDPROPERTY ="0" FIELDTYPE ="ELEMITEM" HIDDEN ="NO" KEYTYPE ="NOT A KEY" LENGTH ="50" LEVEL ="0" NAME ="PROCESSED_DATE" NULLABLE ="NULL" OCCURS ="0" OFFSET ="1550" PHYSICALLENGTH ="50" PHYSICALOFFSET ="1550" PICTURETEXT ="" PRECISION ="50" SCALE ="0" USAGE_FLAGS =""/>
        <SOURCEFIELD BUSINESSNAME ="" DATATYPE ="string" DESCRIPTION ="" FIELDNUMBER ="33" FIELDPROPERTY ="0" FIELDTYPE ="ELEMITEM" HIDDEN ="NO" KEYTYPE ="NOT A KEY" LENGTH ="50" LEVEL ="0" NAME ="PROCESSED_FLAG" NULLABLE ="NULL" OCCURS ="0" OFFSET ="1600" PHYSICALLENGTH ="50" PHYSICALOFFSET ="1600" PICTURETEXT ="" PRECISION ="50" SCALE ="0" USAGE_FLAGS =""/>
        <SOURCEFIELD BUSINESSNAME ="" DATATYPE ="string" DESCRIPTION ="" FIELDNUMBER ="34" FIELDPROPERTY ="0" FIELDTYPE ="ELEMITEM" HIDDEN ="NO" KEYTYPE ="NOT A KEY" LENGTH ="20" LEVEL ="0" NAME ="S3" NULLABLE ="NULL" OCCURS ="0" OFFSET ="1650" PHYSICALLENGTH ="20" PHYSICALOFFSET ="1650" PICTURETEXT ="" PRECISION ="20" SCALE ="0" USAGE_FLAGS =""/>
        <SOURCEFIELD BUSINESSNAME ="" DATATYPE ="string" DESCRIPTION ="" FIELDNUMBER ="35" FIELDPROPERTY ="0" FIELDTYPE ="ELEMITEM" HIDDEN ="NO" KEYTYPE ="NOT A KEY" LENGTH ="1" LEVEL ="0" NAME ="BRAND" NULLABLE ="NULL" OCCURS ="0" OFFSET ="1670" PHYSICALLENGTH ="1" PHYSICALOFFSET ="1670" PICTURETEXT ="" PRECISION ="1" SCALE ="0" USAGE_FLAGS =""/>
    </SOURCE>
    <TARGET BUSINESSNAME ="" CONSTRAINT ="" DATABASETYPE ="Oracle" DESCRIPTION ="" NAME ="STG_INVENTORY" OBJECTVERSION ="1" TABLEOPTIONS ="" VERSIONNUMBER ="1">
        <TARGETFIELD BUSINESSNAME ="" DATATYPE ="varchar2" DESCRIPTION ="" FIELDNUMBER ="1" KEYTYPE ="NOT A KEY" NAME ="COMPANY_CODE" NULLABLE ="NOTNULL" PICTURETEXT ="" PRECISION ="5" SCALE ="0"/>
        <TARGETFIELD BUSINESSNAME ="" DATATYPE ="varchar2" DESCRIPTION ="" FIELDNUMBER ="2" KEYTYPE ="NOT A KEY" NAME ="PLANT_CODE" NULLABLE ="NOTNULL" PICTURETEXT ="" PRECISION ="5" SCALE ="0"/>
        <TARGETFIELD BUSINESSNAME ="" DATATYPE ="varchar2" DESCRIPTION ="" FIELDNUMBER ="3" KEYTYPE ="NOT A KEY" NAME ="FROM_PLANT_CODE" NULLABLE ="NULL" PICTURETEXT ="" PRECISION ="5" SCALE ="0"/>
        <TARGETFIELD BUSINESSNAME ="" DATATYPE ="varchar2" DESCRIPTION ="" FIELDNUMBER ="4" KEYTYPE ="NOT A KEY" NAME ="STYLE_NUM" NULLABLE ="NULL" PICTURETEXT ="" PRECISION ="10" SCALE ="0"/>
        <TARGETFIELD BUSINESSNAME ="" DATATYPE ="varchar2" DESCRIPTION ="" FIELDNUMBER ="5" KEYTYPE ="NOT A KEY" NAME ="COLOR_CODE" NULLABLE ="NULL" PICTURETEXT ="" PRECISION ="5" SCALE ="0"/>
        <TARGETFIELD BUSINESSNAME ="" DATATYPE ="varchar2" DESCRIPTION ="" FIELDNUMBER ="6" KEYTYPE ="NOT A KEY" NAME ="SIZE_CODE" NULLABLE ="NULL" PICTURETEXT ="" PRECISION ="5" SCALE ="0"/>
        <TARGETFIELD BUSINESSNAME ="" DATATYPE ="varchar2" DESCRIPTION ="" FIELDNUMBER ="7" KEYTYPE ="NOT A KEY" NAME ="CUP_SIZE" NULLABLE ="NULL" PICTURETEXT ="" PRECISION ="5" SCALE ="0"/>
        <TARGETFIELD BUSINESSNAME ="" DATATYPE ="varchar2" DESCRIPTION ="" FIELDNUMBER ="8" KEYTYPE ="NOT A KEY" NAME ="ATTRIBUTION_CODE" NULLABLE ="NULL" PICTURETEXT ="" PRECISION ="10" SCALE ="0"/>
        <TARGETFIELD BUSINESSNAME ="" DATATYPE ="varchar2" DESCRIPTION ="" FIELDNUMBER ="9" KEYTYPE ="NOT A KEY" NAME ="SKU" NULLABLE ="NULL" PICTURETEXT ="" PRECISION ="20" SCALE ="0"/>
        <TARGETFIELD BUSINESSNAME ="" DATATYPE ="varchar2" DESCRIPTION ="" FIELDNUMBER ="10" KEYTYPE ="NOT A KEY" NAME ="UPC_CODE" NULLABLE ="NULL" PICTURETEXT ="" PRECISION ="20" SCALE ="0"/>
        <TARGETFIELD BUSINESSNAME ="" DATATYPE ="varchar2" DESCRIPTION ="" FIELDNUMBER ="11" KEYTYPE ="NOT A KEY" NAME ="PACKAGE_TYPE" NULLABLE ="NULL" PICTURETEXT ="" PRECISION ="20" SCALE ="0"/>
        <TARGETFIELD BUSINESSNAME ="" DATATYPE ="varchar2" DESCRIPTION ="" FIELDNUMBER ="12" KEYTYPE ="NOT A KEY" NAME ="UOM" NULLABLE ="NULL" PICTURETEXT ="" PRECISION ="20" SCALE ="0"/>
        <TARGETFIELD BUSINESSNAME ="" DATATYPE ="number(p,s)" DESCRIPTION ="" FIELDNUMBER ="13" KEYTYPE ="NOT A KEY" NAME ="GARMENTS_PER_PKG" NULLABLE ="NULL" PICTURETEXT ="" PRECISION ="5" SCALE ="2"/>
        <TARGETFIELD BUSINESSNAME ="" DATATYPE ="varchar2" DESCRIPTION ="" FIELDNUMBER ="14" KEYTYPE ="NOT A KEY" NAME ="CASE_CONFIG_CODE" NULLABLE ="NULL" PICTURETEXT ="" PRECISION ="5" SCALE ="0"/>
        <TARGETFIELD BUSINESSNAME ="" DATATYPE ="varchar2" DESCRIPTION ="" FIELDNUMBER ="15" KEYTYPE ="NOT A KEY" NAME ="CASE_CONFIG_DESC" NULLABLE ="NULL" PICTURETEXT ="" PRECISION ="20" SCALE ="0"/>
        <TARGETFIELD BUSINESSNAME ="" DATATYPE ="number(p,s)" DESCRIPTION ="" FIELDNUMBER ="16" KEYTYPE ="NOT A KEY" NAME ="CASE_QTY" NULLABLE ="NULL" PICTURETEXT ="" PRECISION ="10" SCALE ="2"/>
        <TARGETFIELD BUSINESSNAME ="" DATATYPE ="varchar2" DESCRIPTION ="" FIELDNUMBER ="17" KEYTYPE ="NOT A KEY" NAME ="INVENTORY_TYPE" NULLABLE ="NULL" PICTURETEXT ="" PRECISION ="20" SCALE ="0"/>
        <TARGETFIELD BUSINESSNAME ="" DATATYPE ="varchar2" DESCRIPTION ="" FIELDNUMBER ="18" KEYTYPE ="NOT A KEY" NAME ="QUALITY_DESC" NULLABLE ="NULL" PICTURETEXT ="" PRECISION ="50" SCALE ="0"/>
        <TARGETFIELD BUSINESSNAME ="" DATATYPE ="varchar2" DESCRIPTION ="" FIELDNUMBER ="19" KEYTYPE ="NOT A KEY" NAME ="HBI_QUALITY" NULLABLE ="NULL" PICTURETEXT ="" PRECISION ="50" SCALE ="0"/>
        <TARGETFIELD BUSINESSNAME ="" DATATYPE ="number(p,s)" DESCRIPTION ="" FIELDNUMBER ="20" KEYTYPE ="NOT A KEY" NAME ="ON_HAND_QTY" NULLABLE ="NULL" PICTURETEXT ="" PRECISION ="20" SCALE ="4"/>
        <TARGETFIELD BUSINESSNAME ="" DATATYPE ="number(p,s)" DESCRIPTION ="" FIELDNUMBER ="21" KEYTYPE ="NOT A KEY" NAME ="INTRANSIT_QTY" NULLABLE ="NULL" PICTURETEXT ="" PRECISION ="20" SCALE ="4"/>
        <TARGETFIELD BUSINESSNAME ="" DATATYPE ="varchar2" DESCRIPTION ="" FIELDNUMBER ="22" KEYTYPE ="NOT A KEY" NAME ="COUNTRY" NULLABLE ="NULL" PICTURETEXT ="" PRECISION ="50" SCALE ="0"/>
        <TARGETFIELD BUSINESSNAME ="" DATATYPE ="number(p,s)" DESCRIPTION ="" FIELDNUMBER ="23" KEYTYPE ="NOT A KEY" NAME ="STANDARD_COST" NULLABLE ="NULL" PICTURETEXT ="" PRECISION ="20" SCALE ="4"/>
        <TARGETFIELD BUSINESSNAME ="" DATATYPE ="varchar2" DESCRIPTION ="" FIELDNUMBER ="24" KEYTYPE ="NOT A KEY" NAME ="STANDARD_COST_CURRENCY" NULLABLE ="NULL" PICTURETEXT ="" PRECISION ="3" SCALE ="0"/>
        <TARGETFIELD BUSINESSNAME ="" DATATYPE ="number(p,s)" DESCRIPTION ="" FIELDNUMBER ="25" KEYTYPE ="NOT A KEY" NAME ="TRANSFER_PRICE" NULLABLE ="NULL" PICTURETEXT ="" PRECISION ="20" SCALE ="4"/>
        <TARGETFIELD BUSINESSNAME ="" DATATYPE ="number(p,s)" DESCRIPTION ="" FIELDNUMBER ="26" KEYTYPE ="NOT A KEY" NAME ="PRICE_1" NULLABLE ="NULL" PICTURETEXT ="" PRECISION ="20" SCALE ="4"/>
        <TARGETFIELD BUSINESSNAME ="" DATATYPE ="number(p,s)" DESCRIPTION ="" FIELDNUMBER ="27" KEYTYPE ="NOT A KEY" NAME ="PRICE_2" NULLABLE ="NULL" PICTURETEXT ="" PRECISION ="20" SCALE ="4"/>
        <TARGETFIELD BUSINESSNAME ="" DATATYPE ="date" DESCRIPTION ="" FIELDNUMBER ="28" KEYTYPE ="NOT A KEY" NAME ="WEEK_END_DATE" NULLABLE ="NOTNULL" PICTURETEXT ="" PRECISION ="19" SCALE ="0"/>
        <TARGETFIELD BUSINESSNAME ="" DATATYPE ="varchar2" DESCRIPTION ="" FIELDNUMBER ="29" KEYTYPE ="NOT A KEY" NAME ="CREATE_USERID" NULLABLE ="NOTNULL" PICTURETEXT ="" PRECISION ="20" SCALE ="0"/>
        <TARGETFIELD BUSINESSNAME ="" DATATYPE ="date" DESCRIPTION ="" FIELDNUMBER ="30" KEYTYPE ="NOT A KEY" NAME ="CREATE_DATE" NULLABLE ="NOTNULL" PICTURETEXT ="" PRECISION ="19" SCALE ="0"/>
        <TARGETFIELD BUSINESSNAME ="" DATATYPE ="varchar2" DESCRIPTION ="" FIELDNUMBER ="31" KEYTYPE ="NOT A KEY" NAME ="PROCESSED_USERID" NULLABLE ="NULL" PICTURETEXT ="" PRECISION ="20" SCALE ="0"/>
        <TARGETFIELD BUSINESSNAME ="" DATATYPE ="date" DESCRIPTION ="" FIELDNUMBER ="32" KEYTYPE ="NOT A KEY" NAME ="PROCESSED_DATE" NULLABLE ="NULL" PICTURETEXT ="" PRECISION ="19" SCALE ="0"/>
        <TARGETFIELD BUSINESSNAME ="" DATATYPE ="varchar2" DESCRIPTION ="" FIELDNUMBER ="33" KEYTYPE ="NOT A KEY" NAME ="PROCESS_FLAG" NULLABLE ="NOTNULL" PICTURETEXT ="" PRECISION ="21" SCALE ="0"/>
    </TARGET>
    <MAPPING DESCRIPTION ="Mapping to load data to staging inventory for Europe" ISVALID ="YES" NAME ="m_STG_INV_EUR" OBJECTVERSION ="1" VERSIONNUMBER ="1">
        <TRANSFORMATION DESCRIPTION ="Lookup is to get quality_code for the respective SKU and DIVISION_GROUP" NAME ="LKP_SLBA_ITEM" OBJECTVERSION ="1" REUSABLE ="NO" TYPE ="Lookup Procedure" VERSIONNUMBER ="1">
            <TRANSFORMFIELD DATATYPE ="string" DEFAULTVALUE ="" DESCRIPTION ="" NAME ="QUALITY_CODE" PICTURETEXT ="" PORTTYPE ="LOOKUP/RETURN/OUTPUT" PRECISION ="2" SCALE ="0"/>
            <TRANSFORMFIELD DATATYPE ="string" DEFAULTVALUE ="" DESCRIPTION ="" NAME ="SKU" PICTURETEXT ="" PORTTYPE ="LOOKUP" PRECISION ="20" SCALE ="0"/>
            <TRANSFORMFIELD DATATYPE ="string" DEFAULTVALUE ="" DESCRIPTION ="" NAME ="DIVISION_GROUP" PICTURETEXT ="" PORTTYPE ="LOOKUP" PRECISION ="4" SCALE ="0"/>
            <TRANSFORMFIELD DATATYPE ="string" DEFAULTVALUE ="" DESCRIPTION ="" NAME ="I_SKU" PICTURETEXT ="" PORTTYPE ="INPUT" PRECISION ="20" SCALE ="0"/>
            <TRANSFORMFIELD DATATYPE ="string" DEFAULTVALUE ="" DESCRIPTION ="" NAME ="I_DIVISION_GROUP" PICTURETEXT ="" PORTTYPE ="INPUT" PRECISION ="4" SCALE ="0"/>
            <TABLEATTRIBUTE NAME ="Lookup Sql Override" VALUE ="SELECT SLBA_ITEM.QUALITY_CODE as QUALITY_CODE, &#xD;&#xA;SLBA_ITEM.SKU as SKU, &#xD;&#xA;SLBA_ITEM.DIVISION_GROUP as DIVISION_GROUP &#xD;&#xA;FROM SLBA.SLBA_ITEM SLBA_ITEM&#xD;&#xA;WHERE SLBA_ITEM.DIVISION_GROUP = $$COMPANY_CODE"/>
            <TABLEATTRIBUTE NAME ="Lookup table name" VALUE ="SLBA_ITEM"/>
            <TABLEATTRIBUTE NAME ="Lookup Source Filter" VALUE =""/>
            <TABLEATTRIBUTE NAME ="Lookup caching enabled" VALUE ="YES"/>
            <TABLEATTRIBUTE NAME ="Lookup policy on multiple match" VALUE ="Use Any Value"/>
            <TABLEATTRIBUTE NAME ="Lookup condition" VALUE ="SKU = I_SKU AND DIVISION_GROUP = I_DIVISION_GROUP"/>
            <TABLEATTRIBUTE NAME ="Connection Information" VALUE ="$Target"/>
            <TABLEATTRIBUTE NAME ="Source Type" VALUE ="Database"/>
            <TABLEATTRIBUTE NAME ="Recache if Stale" VALUE ="NO"/>
            <TABLEATTRIBUTE NAME ="Tracing Level" VALUE ="Normal"/>
            <TABLEATTRIBUTE NAME ="Lookup cache directory name" VALUE ="$PMCacheDir"/>
            <TABLEATTRIBUTE NAME ="Lookup cache initialize" VALUE ="NO"/>
            <TABLEATTRIBUTE NAME ="Lookup cache persistent" VALUE ="NO"/>
            <TABLEATTRIBUTE NAME ="Lookup Data Cache Size" VALUE ="Auto"/>
            <TABLEATTRIBUTE NAME ="Lookup Index Cache Size" VALUE ="Auto"/>
            <TABLEATTRIBUTE NAME ="Dynamic Lookup Cache" VALUE ="NO"/>
            <TABLEATTRIBUTE NAME ="Synchronize Dynamic Cache" VALUE ="NO"/>
            <TABLEATTRIBUTE NAME ="Output Old Value On Update" VALUE ="NO"/>
            <TABLEATTRIBUTE NAME ="Update Dynamic Cache Condition" VALUE ="TRUE"/>
            <TABLEATTRIBUTE NAME ="Cache File Name Prefix" VALUE =""/>
            <TABLEATTRIBUTE NAME ="Re-cache from lookup source" VALUE ="NO"/>
            <TABLEATTRIBUTE NAME ="Insert Else Update" VALUE ="NO"/>
            <TABLEATTRIBUTE NAME ="Update Else Insert" VALUE ="NO"/>
            <TABLEATTRIBUTE NAME ="Datetime Format" VALUE =""/>
            <TABLEATTRIBUTE NAME ="Thousand Separator" VALUE ="None"/>
            <TABLEATTRIBUTE NAME ="Decimal Separator" VALUE ="."/>
            <TABLEATTRIBUTE NAME ="Case Sensitive String Comparison" VALUE ="NO"/>
            <TABLEATTRIBUTE NAME ="Null ordering" VALUE ="Null Is Highest Value"/>
            <TABLEATTRIBUTE NAME ="Sorted Input" VALUE ="NO"/>
            <TABLEATTRIBUTE NAME ="Lookup source is static" VALUE ="NO"/>
            <TABLEATTRIBUTE NAME ="Pre-build lookup cache" VALUE ="Auto"/>
            <TABLEATTRIBUTE NAME ="Subsecond Precision" VALUE ="6"/>
        </TRANSFORMATION>
        <TRANSFORMATION DESCRIPTION ="Source qualifier to read data from inventory" NAME ="SQ_STG_INVENTORY" OBJECTVERSION ="1" REUSABLE ="NO" TYPE ="Source Qualifier" VERSIONNUMBER ="1">
            <TRANSFORMFIELD DATATYPE ="string" DEFAULTVALUE ="" DESCRIPTION ="" NAME ="COMPANY_CODE" PICTURETEXT ="" PORTTYPE ="INPUT/OUTPUT" PRECISION ="50" SCALE ="0"/>
            <TRANSFORMFIELD DATATYPE ="string" DEFAULTVALUE ="" DESCRIPTION ="" NAME ="PLANT_CODE" PICTURETEXT ="" PORTTYPE ="INPUT/OUTPUT" PRECISION ="50" SCALE ="0"/>
            <TRANSFORMFIELD DATATYPE ="string" DEFAULTVALUE ="" DESCRIPTION ="" NAME ="FROM_PLANT_CODE" PICTURETEXT ="" PORTTYPE ="INPUT/OUTPUT" PRECISION ="50" SCALE ="0"/>
            <TRANSFORMFIELD DATATYPE ="string" DEFAULTVALUE ="" DESCRIPTION ="" NAME ="STYLE_NUM" PICTURETEXT ="" PORTTYPE ="INPUT/OUTPUT" PRECISION ="50" SCALE ="0"/>
            <TRANSFORMFIELD DATATYPE ="string" DEFAULTVALUE ="" DESCRIPTION ="" NAME ="COLOR_CODE" PICTURETEXT ="" PORTTYPE ="INPUT/OUTPUT" PRECISION ="50" SCALE ="0"/>
            <TRANSFORMFIELD DATATYPE ="string" DEFAULTVALUE ="" DESCRIPTION ="" NAME ="SIZE_CODE" PICTURETEXT ="" PORTTYPE ="INPUT/OUTPUT" PRECISION ="50" SCALE ="0"/>
            <TRANSFORMFIELD DATATYPE ="string" DEFAULTVALUE ="" DESCRIPTION ="" NAME ="CUP_SIZE" PICTURETEXT ="" PORTTYPE ="INPUT/OUTPUT" PRECISION ="50" SCALE ="0"/>
            <TRANSFORMFIELD DATATYPE ="string" DEFAULTVALUE ="" DESCRIPTION ="" NAME ="ATTRIBUTION_CODE" PICTURETEXT ="" PORTTYPE ="INPUT/OUTPUT" PRECISION ="50" SCALE ="0"/>
            <TRANSFORMFIELD DATATYPE ="string" DEFAULTVALUE ="" DESCRIPTION ="" NAME ="SKU" PICTURETEXT ="" PORTTYPE ="INPUT/OUTPUT" PRECISION ="50" SCALE ="0"/>
            <TRANSFORMFIELD DATATYPE ="string" DEFAULTVALUE ="" DESCRIPTION ="" NAME ="UPC_CODE" PICTURETEXT ="" PORTTYPE ="INPUT/OUTPUT" PRECISION ="50" SCALE ="0"/>
            <TRANSFORMFIELD DATATYPE ="string" DEFAULTVALUE ="" DESCRIPTION ="" NAME ="PACKAGE_TYPE" PICTURETEXT ="" PORTTYPE ="INPUT/OUTPUT" PRECISION ="50" SCALE ="0"/>
            <TRANSFORMFIELD DATATYPE ="string" DEFAULTVALUE ="" DESCRIPTION ="" NAME ="UOM" PICTURETEXT ="" PORTTYPE ="INPUT/OUTPUT" PRECISION ="50" SCALE ="0"/>
            <TRANSFORMFIELD DATATYPE ="string" DEFAULTVALUE ="" DESCRIPTION ="" NAME ="GARMENTS_PER_PKG" PICTURETEXT ="" PORTTYPE ="INPUT/OUTPUT" PRECISION ="50" SCALE ="0"/>
            <TRANSFORMFIELD DATATYPE ="string" DEFAULTVALUE ="" DESCRIPTION ="" NAME ="CASE_CONFIG_CODE" PICTURETEXT ="" PORTTYPE ="INPUT/OUTPUT" PRECISION ="50" SCALE ="0"/>
            <TRANSFORMFIELD DATATYPE ="string" DEFAULTVALUE ="" DESCRIPTION ="" NAME ="CASE_CONFIG_DESC" PICTURETEXT ="" PORTTYPE ="INPUT/OUTPUT" PRECISION ="50" SCALE ="0"/>
            <TRANSFORMFIELD DATATYPE ="string" DEFAULTVALUE ="" DESCRIPTION ="" NAME ="CASE_QTY" PICTURETEXT ="" PORTTYPE ="INPUT/OUTPUT" PRECISION ="50" SCALE ="0"/>
            <TRANSFORMFIELD DATATYPE ="string" DEFAULTVALUE ="" DESCRIPTION ="" NAME ="INVENTORY_TYPE" PICTURETEXT ="" PORTTYPE ="INPUT/OUTPUT" PRECISION ="50" SCALE ="0"/>
            <TRANSFORMFIELD DATATYPE ="string" DEFAULTVALUE ="" DESCRIPTION ="" NAME ="QUALITY_DESC" PICTURETEXT ="" PORTTYPE ="INPUT/OUTPUT" PRECISION ="50" SCALE ="0"/>
            <TRANSFORMFIELD DATATYPE ="string" DEFAULTVALUE ="" DESCRIPTION ="" NAME ="HBI_QUALITY_DESC" PICTURETEXT ="" PORTTYPE ="INPUT/OUTPUT" PRECISION ="50" SCALE ="0"/>
            <TRANSFORMFIELD DATATYPE ="string" DEFAULTVALUE ="" DESCRIPTION ="" NAME ="ON_HAND_QTY" PICTURETEXT ="" PORTTYPE ="INPUT/OUTPUT" PRECISION ="50" SCALE ="0"/>
            <TRANSFORMFIELD DATATYPE ="string" DEFAULTVALUE ="" DESCRIPTION ="" NAME ="INTRANSIT_QTY" PICTURETEXT ="" PORTTYPE ="INPUT/OUTPUT" PRECISION ="50" SCALE ="0"/>
            <TRANSFORMFIELD DATATYPE ="string" DEFAULTVALUE ="" DESCRIPTION ="" NAME ="COUNTRY" PICTURETEXT ="" PORTTYPE ="INPUT/OUTPUT" PRECISION ="50" SCALE ="0"/>
            <TRANSFORMFIELD DATATYPE ="string" DEFAULTVALUE ="" DESCRIPTION ="" NAME ="STANDARD_COST" PICTURETEXT ="" PORTTYPE ="INPUT/OUTPUT" PRECISION ="50" SCALE ="0"/>
            <TRANSFORMFIELD DATATYPE ="string" DEFAULTVALUE ="" DESCRIPTION ="" NAME ="STANDARD_COST_CURRENCY" PICTURETEXT ="" PORTTYPE ="INPUT/OUTPUT" PRECISION ="50" SCALE ="0"/>
            <TRANSFORMFIELD DATATYPE ="string" DEFAULTVALUE ="" DESCRIPTION ="" NAME ="TRANSFER_PRICE" PICTURETEXT ="" PORTTYPE ="INPUT/OUTPUT" PRECISION ="50" SCALE ="0"/>
            <TRANSFORMFIELD DATATYPE ="string" DEFAULTVALUE ="" DESCRIPTION ="" NAME ="PRICE_1" PICTURETEXT ="" PORTTYPE ="INPUT/OUTPUT" PRECISION ="50" SCALE ="0"/>
            <TRANSFORMFIELD DATATYPE ="string" DEFAULTVALUE ="" DESCRIPTION ="" NAME ="PRICE_2" PICTURETEXT ="" PORTTYPE ="INPUT/OUTPUT" PRECISION ="50" SCALE ="0"/>
            <TRANSFORMFIELD DATATYPE ="string" DEFAULTVALUE ="" DESCRIPTION ="" NAME ="WEEK_END_DATE" PICTURETEXT ="" PORTTYPE ="INPUT/OUTPUT" PRECISION ="50" SCALE ="0"/>
            <TRANSFORMFIELD DATATYPE ="string" DEFAULTVALUE ="" DESCRIPTION ="" NAME ="CREATE_USER_ID" PICTURETEXT ="" PORTTYPE ="INPUT/OUTPUT" PRECISION ="50" SCALE ="0"/>
            <TRANSFORMFIELD DATATYPE ="string" DEFAULTVALUE ="" DESCRIPTION ="" NAME ="CREATE_DATE" PICTURETEXT ="" PORTTYPE ="INPUT/OUTPUT" PRECISION ="50" SCALE ="0"/>
            <TRANSFORMFIELD DATATYPE ="string" DEFAULTVALUE ="" DESCRIPTION ="" NAME ="PROCESSED_USER_ID" PICTURETEXT ="" PORTTYPE ="INPUT/OUTPUT" PRECISION ="50" SCALE ="0"/>
            <TRANSFORMFIELD DATATYPE ="string" DEFAULTVALUE ="" DESCRIPTION ="" NAME ="PROCESSED_DATE" PICTURETEXT ="" PORTTYPE ="INPUT/OUTPUT" PRECISION ="50" SCALE ="0"/>
            <TRANSFORMFIELD DATATYPE ="string" DEFAULTVALUE ="" DESCRIPTION ="" NAME ="PROCESSED_FLAG" PICTURETEXT ="" PORTTYPE ="INPUT/OUTPUT" PRECISION ="50" SCALE ="0"/>
            <TRANSFORMFIELD DATATYPE ="string" DEFAULTVALUE ="" DESCRIPTION ="" NAME ="S3" PICTURETEXT ="" PORTTYPE ="INPUT/OUTPUT" PRECISION ="20" SCALE ="0"/>
            <TRANSFORMFIELD DATATYPE ="string" DEFAULTVALUE ="" DESCRIPTION ="" NAME ="BRAND" PICTURETEXT ="" PORTTYPE ="INPUT/OUTPUT" PRECISION ="1" SCALE ="0"/>
            <TABLEATTRIBUTE NAME ="Sql Query" VALUE =""/>
            <TABLEATTRIBUTE NAME ="User Defined Join" VALUE =""/>
            <TABLEATTRIBUTE NAME ="Source Filter" VALUE =""/>
            <TABLEATTRIBUTE NAME ="Number Of Sorted Ports" VALUE ="0"/>
            <TABLEATTRIBUTE NAME ="Tracing Level" VALUE ="Normal"/>
            <TABLEATTRIBUTE NAME ="Select Distinct" VALUE ="NO"/>
            <TABLEATTRIBUTE NAME ="Is Partitionable" VALUE ="NO"/>
            <TABLEATTRIBUTE NAME ="Pre SQL" VALUE =""/>
            <TABLEATTRIBUTE NAME ="Post SQL" VALUE =""/>
            <TABLEATTRIBUTE NAME ="Output is deterministic" VALUE ="NO"/>
            <TABLEATTRIBUTE NAME ="Output is repeatable" VALUE ="Never"/>
        </TRANSFORMATION>
        <TRANSFORMATION DESCRIPTION ="Cleansing the data" NAME ="EXP_CONVERSION" OBJECTVERSION ="1" REUSABLE ="NO" TYPE ="Expression" VERSIONNUMBER ="1">
            <TRANSFORMFIELD DATATYPE ="string" DEFAULTVALUE ="" DESCRIPTION ="" NAME ="I_COMPANY_CODE" PICTURETEXT ="" PORTTYPE ="INPUT" PRECISION ="50" SCALE ="0"/>
            <TRANSFORMFIELD DATATYPE ="string" DEFAULTVALUE ="" DESCRIPTION ="" NAME ="PLANT_CODE" PICTURETEXT ="" PORTTYPE ="INPUT" PRECISION ="50" SCALE ="0"/>
            <TRANSFORMFIELD DATATYPE ="string" DEFAULTVALUE ="" DESCRIPTION ="" NAME ="FROM_PLANT_CODE" PICTURETEXT ="" PORTTYPE ="INPUT" PRECISION ="50" SCALE ="0"/>
            <TRANSFORMFIELD DATATYPE ="string" DEFAULTVALUE ="" DESCRIPTION ="" NAME ="STYLE_NUM" PICTURETEXT ="" PORTTYPE ="INPUT" PRECISION ="50" SCALE ="0"/>
            <TRANSFORMFIELD DATATYPE ="string" DEFAULTVALUE ="" DESCRIPTION ="" NAME ="COLOR_CODE" PICTURETEXT ="" PORTTYPE ="INPUT" PRECISION ="50" SCALE ="0"/>
            <TRANSFORMFIELD DATATYPE ="string" DEFAULTVALUE ="" DESCRIPTION ="" NAME ="SIZE_CODE" PICTURETEXT ="" PORTTYPE ="INPUT" PRECISION ="50" SCALE ="0"/>
            <TRANSFORMFIELD DATATYPE ="string" DEFAULTVALUE ="" DESCRIPTION ="" NAME ="CUP_SIZE" PICTURETEXT ="" PORTTYPE ="INPUT" PRECISION ="50" SCALE ="0"/>
            <TRANSFORMFIELD DATATYPE ="string" DEFAULTVALUE ="" DESCRIPTION ="" NAME ="ATTRIBUTION_CODE" PICTURETEXT ="" PORTTYPE ="INPUT" PRECISION ="50" SCALE ="0"/>
            <TRANSFORMFIELD DATATYPE ="string" DEFAULTVALUE ="" DESCRIPTION ="" NAME ="SKU" PICTURETEXT ="" PORTTYPE ="INPUT" PRECISION ="50" SCALE ="0"/>
            <TRANSFORMFIELD DATATYPE ="string" DEFAULTVALUE ="" DESCRIPTION ="" NAME ="UPC_CODE" PICTURETEXT ="" PORTTYPE ="INPUT" PRECISION ="50" SCALE ="0"/>
            <TRANSFORMFIELD DATATYPE ="string" DEFAULTVALUE ="" DESCRIPTION ="" NAME ="PACKAGE_TYPE" PICTURETEXT ="" PORTTYPE ="INPUT" PRECISION ="50" SCALE ="0"/>
            <TRANSFORMFIELD DATATYPE ="string" DEFAULTVALUE ="" DESCRIPTION ="" NAME ="UOM" PICTURETEXT ="" PORTTYPE ="INPUT" PRECISION ="50" SCALE ="0"/>
            <TRANSFORMFIELD DATATYPE ="string" DEFAULTVALUE ="" DESCRIPTION ="" NAME ="GARMENTS_PER_PKG" PICTURETEXT ="" PORTTYPE ="INPUT" PRECISION ="50" SCALE ="0"/>
            <TRANSFORMFIELD DATATYPE ="string" DEFAULTVALUE ="" DESCRIPTION ="" NAME ="CASE_CONFIG_CODE" PICTURETEXT ="" PORTTYPE ="INPUT" PRECISION ="50" SCALE ="0"/>
            <TRANSFORMFIELD DATATYPE ="string" DEFAULTVALUE ="" DESCRIPTION ="" NAME ="CASE_CONFIG_DESC" PICTURETEXT ="" PORTTYPE ="INPUT" PRECISION ="50" SCALE ="0"/>
            <TRANSFORMFIELD DATATYPE ="string" DEFAULTVALUE ="" DESCRIPTION ="" NAME ="CASE_QTY" PICTURETEXT ="" PORTTYPE ="INPUT" PRECISION ="50" SCALE ="0"/>
            <TRANSFORMFIELD DATATYPE ="string" DEFAULTVALUE ="" DESCRIPTION ="" NAME ="INVENTORY_TYPE" PICTURETEXT ="" PORTTYPE ="INPUT" PRECISION ="50" SCALE ="0"/>
            <TRANSFORMFIELD DATATYPE ="string" DEFAULTVALUE ="" DESCRIPTION ="" NAME ="QUALITY_DESC" PICTURETEXT ="" PORTTYPE ="INPUT" PRECISION ="50" SCALE ="0"/>
            <TRANSFORMFIELD DATATYPE ="string" DEFAULTVALUE ="" DESCRIPTION ="" NAME ="HBI_QUALITY_DESC" PICTURETEXT ="" PORTTYPE ="INPUT" PRECISION ="50" SCALE ="0"/>
            <TRANSFORMFIELD DATATYPE ="string" DEFAULTVALUE ="" DESCRIPTION ="" NAME ="ON_HAND_QTY" PICTURETEXT ="" PORTTYPE ="INPUT" PRECISION ="50" SCALE ="0"/>
            <TRANSFORMFIELD DATATYPE ="string" DEFAULTVALUE ="" DESCRIPTION ="" NAME ="INTRANSIT_QTY" PICTURETEXT ="" PORTTYPE ="INPUT" PRECISION ="50" SCALE ="0"/>
            <TRANSFORMFIELD DATATYPE ="string" DEFAULTVALUE ="" DESCRIPTION ="" NAME ="COUNTRY" PICTURETEXT ="" PORTTYPE ="INPUT" PRECISION ="50" SCALE ="0"/>
            <TRANSFORMFIELD DATATYPE ="string" DEFAULTVALUE ="" DESCRIPTION ="" NAME ="STANDARD_COST" PICTURETEXT ="" PORTTYPE ="INPUT" PRECISION ="50" SCALE ="0"/>
            <TRANSFORMFIELD DATATYPE ="string" DEFAULTVALUE ="" DESCRIPTION ="" NAME ="STANDARD_COST_CURRENCY" PICTURETEXT ="" PORTTYPE ="INPUT" PRECISION ="50" SCALE ="0"/>
            <TRANSFORMFIELD DATATYPE ="string" DEFAULTVALUE ="" DESCRIPTION ="" NAME ="TRANSFER_PRICE" PICTURETEXT ="" PORTTYPE ="INPUT" PRECISION ="50" SCALE ="0"/>
            <TRANSFORMFIELD DATATYPE ="string" DEFAULTVALUE ="" DESCRIPTION ="" NAME ="PRICE_1" PICTURETEXT ="" PORTTYPE ="INPUT" PRECISION ="50" SCALE ="0"/>
            <TRANSFORMFIELD DATATYPE ="string" DEFAULTVALUE ="" DESCRIPTION ="" NAME ="PRICE_2" PICTURETEXT ="" PORTTYPE ="INPUT" PRECISION ="50" SCALE ="0"/>
            <TRANSFORMFIELD DATATYPE ="string" DEFAULTVALUE ="" DESCRIPTION ="" NAME ="WEEK_END_DATE" PICTURETEXT ="" PORTTYPE ="INPUT" PRECISION ="50" SCALE ="0"/>
            <TRANSFORMFIELD DATATYPE ="string" DEFAULTVALUE ="" DESCRIPTION ="" NAME ="CREATE_USER_ID" PICTURETEXT ="" PORTTYPE ="INPUT" PRECISION ="50" SCALE ="0"/>
            <TRANSFORMFIELD DATATYPE ="string" DEFAULTVALUE ="" DESCRIPTION ="" NAME ="CREATE_DATE" PICTURETEXT ="" PORTTYPE ="INPUT" PRECISION ="50" SCALE ="0"/>
            <TRANSFORMFIELD DATATYPE ="string" DEFAULTVALUE ="" DESCRIPTION ="" NAME ="I_PROCESSED_USER_ID" PICTURETEXT ="" PORTTYPE ="INPUT" PRECISION ="50" SCALE ="0"/>
            <TRANSFORMFIELD DATATYPE ="string" DEFAULTVALUE ="" DESCRIPTION ="" NAME ="I_PROCESSED_DATE" PICTURETEXT ="" PORTTYPE ="INPUT" PRECISION ="50" SCALE ="0"/>
            <TRANSFORMFIELD DATATYPE ="string" DEFAULTVALUE ="" DESCRIPTION ="" NAME ="I_PROCESSED_FLAG" PICTURETEXT ="" PORTTYPE ="INPUT" PRECISION ="50" SCALE ="0"/>
            <TRANSFORMFIELD DATATYPE ="string" DEFAULTVALUE ="" DESCRIPTION ="" NAME ="S3" PICTURETEXT ="" PORTTYPE ="INPUT" PRECISION ="20" SCALE ="0"/>
            <TRANSFORMFIELD DATATYPE ="string" DEFAULTVALUE ="" DESCRIPTION ="" NAME ="I_BRAND" PICTURETEXT ="" PORTTYPE ="INPUT" PRECISION ="1" SCALE ="0"/>
            <TRANSFORMFIELD DATATYPE ="string" DEFAULTVALUE ="" DESCRIPTION ="" EXPRESSION ="REPLACECHR(1, $$COMPANY_CODE, CHR(39), NULL )" EXPRESSIONTYPE ="GENERAL" NAME ="V_COMP_CODE" PICTURETEXT ="" PORTTYPE ="LOCAL VARIABLE" PRECISION ="5" SCALE ="0"/>
            <TRANSFORMFIELD DATATYPE ="string" DEFAULTVALUE ="" DESCRIPTION ="" EXPRESSION ="DECODE(V_COMP_CODE,&#xD;&#xA;&apos;dbac&apos;,&apos;dbac&apos;,&#xD;&#xA;&apos;dbav&apos;,&apos;dbav&apos;,&#xD;&#xA;&apos;dbah&apos;,&apos;dbah&apos;,&#xD;&#xA;&apos;dbad&apos;,&apos;dbad&apos;,&#xD;&#xA;LOWER(LTRIM(RTRIM(I_COMPANY_CODE)))&#xD;&#xA;)" EXPRESSIONTYPE ="GENERAL" NAME ="V_COMPANY_CODE" PICTURETEXT ="" PORTTYPE ="LOCAL VARIABLE" PRECISION ="5" SCALE ="0"/>
            <TRANSFORMFIELD DATATYPE ="string" DEFAULTVALUE ="ERROR(&apos;transformation error&apos;)" DESCRIPTION ="" EXPRESSION ="V_COMPANY_CODE" EXPRESSIONTYPE ="GENERAL" NAME ="O_COMPANY_CODE" PICTURETEXT ="" PORTTYPE ="OUTPUT" PRECISION ="5" SCALE ="0"/>
            <TRANSFORMFIELD DATATYPE ="string" DEFAULTVALUE ="ERROR(&apos;transformation error&apos;)" DESCRIPTION ="" EXPRESSION ="LTRIM(RTRIM(PLANT_CODE))" EXPRESSIONTYPE ="GENERAL" NAME ="O_PLANT_CODE" PICTURETEXT ="" PORTTYPE ="OUTPUT" PRECISION ="5" SCALE ="0"/>
            <TRANSFORMFIELD DATATYPE ="string" DEFAULTVALUE ="ERROR(&apos;transformation error&apos;)" DESCRIPTION ="" EXPRESSION ="LTRIM(RTRIM(FROM_PLANT_CODE))" EXPRESSIONTYPE ="GENERAL" NAME ="O_FROM_PLANT_CODE" PICTURETEXT ="" PORTTYPE ="OUTPUT" PRECISION ="5" SCALE ="0"/>
            <TRANSFORMFIELD DATATYPE ="string" DEFAULTVALUE ="ERROR(&apos;transformation error&apos;)" DESCRIPTION ="" EXPRESSION ="LTRIM(RTRIM(STYLE_NUM))" EXPRESSIONTYPE ="GENERAL" NAME ="O_STYLE_NUM" PICTURETEXT ="" PORTTYPE ="OUTPUT" PRECISION ="10" SCALE ="0"/>
            <TRANSFORMFIELD DATATYPE ="string" DEFAULTVALUE ="ERROR(&apos;transformation error&apos;)" DESCRIPTION ="" EXPRESSION ="LTRIM(RTRIM(COLOR_CODE))" EXPRESSIONTYPE ="GENERAL" NAME ="O_COLOR_CODE" PICTURETEXT ="" PORTTYPE ="OUTPUT" PRECISION ="5" SCALE ="0"/>
            <TRANSFORMFIELD DATATYPE ="string" DEFAULTVALUE ="ERROR(&apos;transformation error&apos;)" DESCRIPTION ="" EXPRESSION ="LTRIM(RTRIM(SIZE_CODE))" EXPRESSIONTYPE ="GENERAL" NAME ="O_SIZE_CODE" PICTURETEXT ="" PORTTYPE ="OUTPUT" PRECISION ="5" SCALE ="0"/>
            <TRANSFORMFIELD DATATYPE ="string" DEFAULTVALUE ="ERROR(&apos;transformation error&apos;)" DESCRIPTION ="" EXPRESSION ="LTRIM(RTRIM(CUP_SIZE))" EXPRESSIONTYPE ="GENERAL" NAME ="O_CUP_SIZE" PICTURETEXT ="" PORTTYPE ="OUTPUT" PRECISION ="5" SCALE ="0"/>
            <TRANSFORMFIELD DATATYPE ="string" DEFAULTVALUE ="ERROR(&apos;transformation error&apos;)" DESCRIPTION ="" EXPRESSION ="LTRIM(RTRIM(ATTRIBUTION_CODE))" EXPRESSIONTYPE ="GENERAL" NAME ="O_ATTRIBUTION_CODE" PICTURETEXT ="" PORTTYPE ="OUTPUT" PRECISION ="10" SCALE ="0"/>
            <TRANSFORMFIELD DATATYPE ="string" DEFAULTVALUE ="" DESCRIPTION ="" EXPRESSION ="LTRIM(RTRIM(SKU))" EXPRESSIONTYPE ="GENERAL" NAME ="V_SKU" PICTURETEXT ="" PORTTYPE ="LOCAL VARIABLE" PRECISION ="20" SCALE ="0"/>
            <TRANSFORMFIELD DATATYPE ="string" DEFAULTVALUE ="ERROR(&apos;transformation error&apos;)" DESCRIPTION ="" EXPRESSION ="V_SKU" EXPRESSIONTYPE ="GENERAL" NAME ="O_SKU" PICTURETEXT ="" PORTTYPE ="OUTPUT" PRECISION ="20" SCALE ="0"/>
            <TRANSFORMFIELD DATATYPE ="string" DEFAULTVALUE ="ERROR(&apos;transformation error&apos;)" DESCRIPTION ="" EXPRESSION ="IIF(V_COMPANY_CODE = &apos;dbaf&apos;, LTRIM(RTRIM(S3)),LTRIM(RTRIM(UPC_CODE)))" EXPRESSIONTYPE ="GENERAL" NAME ="O_UPC_CODE" PICTURETEXT ="" PORTTYPE ="OUTPUT" PRECISION ="20" SCALE ="0"/>
            <TRANSFORMFIELD DATATYPE ="string" DEFAULTVALUE ="ERROR(&apos;transformation error&apos;)" DESCRIPTION ="" EXPRESSION ="LTRIM(RTRIM(PACKAGE_TYPE))" EXPRESSIONTYPE ="GENERAL" NAME ="O_PACKAGE_TYPE" PICTURETEXT ="" PORTTYPE ="OUTPUT" PRECISION ="20" SCALE ="0"/>
            <TRANSFORMFIELD DATATYPE ="string" DEFAULTVALUE ="ERROR(&apos;transformation error&apos;)" DESCRIPTION ="" EXPRESSION ="LTRIM(RTRIM(UOM))" EXPRESSIONTYPE ="GENERAL" NAME ="O_UOM" PICTURETEXT ="" PORTTYPE ="OUTPUT" PRECISION ="20" SCALE ="0"/>
            <TRANSFORMFIELD DATATYPE ="decimal" DEFAULTVALUE ="ERROR(&apos;transformation error&apos;)" DESCRIPTION ="" EXPRESSION ="TO_DECIMAL(LTRIM(RTRIM(GARMENTS_PER_PKG)))" EXPRESSIONTYPE ="GENERAL" NAME ="O_GARMENTS_PER_PKG" PICTURETEXT ="" PORTTYPE ="OUTPUT" PRECISION ="5" SCALE ="2"/>
            <TRANSFORMFIELD DATATYPE ="string" DEFAULTVALUE ="ERROR(&apos;transformation error&apos;)" DESCRIPTION ="" EXPRESSION ="LTRIM(RTRIM(CASE_CONFIG_CODE))" EXPRESSIONTYPE ="GENERAL" NAME ="O_CASE_CONFIG_CODE" PICTURETEXT ="" PORTTYPE ="OUTPUT" PRECISION ="5" SCALE ="0"/>
            <TRANSFORMFIELD DATATYPE ="string" DEFAULTVALUE ="ERROR(&apos;transformation error&apos;)" DESCRIPTION ="" EXPRESSION ="LTRIM(RTRIM(CASE_CONFIG_DESC))" EXPRESSIONTYPE ="GENERAL" NAME ="O_CASE_CONFIG_DESC" PICTURETEXT ="" PORTTYPE ="OUTPUT" PRECISION ="20" SCALE ="0"/>
            <TRANSFORMFIELD DATATYPE ="decimal" DEFAULTVALUE ="ERROR(&apos;transformation error&apos;)" DESCRIPTION ="" EXPRESSION ="TO_DECIMAL(LTRIM(RTRIM(CASE_QTY)))" EXPRESSIONTYPE ="GENERAL" NAME ="O_CASE_QTY" PICTURETEXT ="" PORTTYPE ="OUTPUT" PRECISION ="10" SCALE ="2"/>
            <TRANSFORMFIELD DATATYPE ="string" DEFAULTVALUE ="ERROR(&apos;transformation error&apos;)" DESCRIPTION ="" EXPRESSION ="&apos;Finished Goods&apos;" EXPRESSIONTYPE ="GENERAL" NAME ="O_INVENTORY_TYPE" PICTURETEXT ="" PORTTYPE ="OUTPUT" PRECISION ="20" SCALE ="0"/>
            <TRANSFORMFIELD DATATYPE ="string" DEFAULTVALUE ="ERROR(&apos;transformation error&apos;)" DESCRIPTION ="" EXPRESSION ="IIF(IN(V_COMPANY_CODE,&apos;dbag&apos;,&apos;dbaf&apos;),:LKP.LKP_SLBA_ITEM(V_SKU,V_COMPANY_CODE),LTRIM(RTRIM(QUALITY_DESC)))" EXPRESSIONTYPE ="GENERAL" NAME ="O_QUALITY_DESC" PICTURETEXT ="" PORTTYPE ="OUTPUT" PRECISION ="50" SCALE ="0"/>
            <TRANSFORMFIELD DATATYPE ="string" DEFAULTVALUE ="ERROR(&apos;transformation error&apos;)" DESCRIPTION ="" EXPRESSION ="LTRIM(RTRIM(HBI_QUALITY_DESC))" EXPRESSIONTYPE ="GENERAL" NAME ="O_HBI_QUALITY" PICTURETEXT ="" PORTTYPE ="OUTPUT" PRECISION ="50" SCALE ="0"/>
            <TRANSFORMFIELD DATATYPE ="decimal" DEFAULTVALUE ="ERROR(&apos;transformation error&apos;)" DESCRIPTION ="" EXPRESSION ="TO_DECIMAL(LTRIM(RTRIM(ON_HAND_QTY)))" EXPRESSIONTYPE ="GENERAL" NAME ="O_ON_HAND_QTY" PICTURETEXT ="" PORTTYPE ="OUTPUT" PRECISION ="20" SCALE ="4"/>
            <TRANSFORMFIELD DATATYPE ="decimal" DEFAULTVALUE ="ERROR(&apos;transformation error&apos;)" DESCRIPTION ="" EXPRESSION ="TO_DECIMAL(LTRIM(RTRIM(INTRANSIT_QTY)))" EXPRESSIONTYPE ="GENERAL" NAME ="O_INTRANSIT_QTY" PICTURETEXT ="" PORTTYPE ="OUTPUT" PRECISION ="20" SCALE ="4"/>
            <TRANSFORMFIELD DATATYPE ="string" DEFAULTVALUE ="ERROR(&apos;transformation error&apos;)" DESCRIPTION ="" EXPRESSION ="LTRIM(RTRIM(COUNTRY))" EXPRESSIONTYPE ="GENERAL" NAME ="O_COUNTRY" PICTURETEXT ="" PORTTYPE ="OUTPUT" PRECISION ="50" SCALE ="0"/>
            <TRANSFORMFIELD DATATYPE ="decimal" DEFAULTVALUE ="ERROR(&apos;transformation error&apos;)" DESCRIPTION ="" EXPRESSION ="TO_DECIMAL(LTRIM(RTRIM(STANDARD_COST)))" EXPRESSIONTYPE ="GENERAL" NAME ="O_STANDARD_COST" PICTURETEXT ="" PORTTYPE ="OUTPUT" PRECISION ="20" SCALE ="4"/>
            <TRANSFORMFIELD DATATYPE ="string" DEFAULTVALUE ="ERROR(&apos;transformation error&apos;)" DESCRIPTION ="" EXPRESSION ="LTRIM(RTRIM(STANDARD_COST_CURRENCY))" EXPRESSIONTYPE ="GENERAL" NAME ="O_STANDARD_COST_CURRENCY" PICTURETEXT ="" PORTTYPE ="OUTPUT" PRECISION ="3" SCALE ="0"/>
            <TRANSFORMFIELD DATATYPE ="decimal" DEFAULTVALUE ="ERROR(&apos;transformation error&apos;)" DESCRIPTION ="" EXPRESSION ="TO_DECIMAL(LTRIM(RTRIM(TRANSFER_PRICE)))" EXPRESSIONTYPE ="GENERAL" NAME ="O_TRANSFER_PRICE" PICTURETEXT ="" PORTTYPE ="OUTPUT" PRECISION ="20" SCALE ="4"/>
            <TRANSFORMFIELD DATATYPE ="decimal" DEFAULTVALUE ="ERROR(&apos;transformation error&apos;)" DESCRIPTION ="" EXPRESSION ="TO_DECIMAL(LTRIM(RTRIM(PRICE_1)))" EXPRESSIONTYPE ="GENERAL" NAME ="O_PRICE_1" PICTURETEXT ="" PORTTYPE ="OUTPUT" PRECISION ="20" SCALE ="4"/>
            <TRANSFORMFIELD DATATYPE ="decimal" DEFAULTVALUE ="ERROR(&apos;transformation error&apos;)" DESCRIPTION ="" EXPRESSION ="TO_DECIMAL(LTRIM(RTRIM(PRICE_2)))" EXPRESSIONTYPE ="GENERAL" NAME ="O_PRICE_2" PICTURETEXT ="" PORTTYPE ="OUTPUT" PRECISION ="20" SCALE ="4"/>
            <TRANSFORMFIELD DATATYPE ="date/time" DEFAULTVALUE ="ERROR(&apos;transformation error&apos;)" DESCRIPTION ="" EXPRESSION ="TO_DATE(LTRIM(RTRIM(WEEK_END_DATE)),&apos;YYYYMMDD&apos;)" EXPRESSIONTYPE ="GENERAL" NAME ="O_WEEK_END_DATE" PICTURETEXT ="" PORTTYPE ="OUTPUT" PRECISION ="29" SCALE ="9"/>
            <TRANSFORMFIELD DATATYPE ="string" DEFAULTVALUE ="ERROR(&apos;transformation error&apos;)" DESCRIPTION ="" EXPRESSION ="&apos;STG_&apos;||V_COMPANY_CODE||&apos;_INV&apos;" EXPRESSIONTYPE ="GENERAL" NAME ="O_CREATE_USERID" PICTURETEXT ="" PORTTYPE ="OUTPUT" PRECISION ="20" SCALE ="0"/>
            <TRANSFORMFIELD DATATYPE ="date/time" DEFAULTVALUE ="ERROR(&apos;transformation error&apos;)" DESCRIPTION ="" EXPRESSION ="TRUNC(SYSDATE)" EXPRESSIONTYPE ="GENERAL" NAME ="O_CREATE_DATE" PICTURETEXT ="" PORTTYPE ="OUTPUT" PRECISION ="29" SCALE ="9"/>
            <TRANSFORMFIELD DATATYPE ="string" DEFAULTVALUE ="ERROR(&apos;transformation error&apos;)" DESCRIPTION ="" EXPRESSION ="&apos;N&apos;" EXPRESSIONTYPE ="GENERAL" NAME ="O_PROCESS_FLAG" PICTURETEXT ="" PORTTYPE ="OUTPUT" PRECISION ="21" SCALE ="0"/>
            <TABLEATTRIBUTE NAME ="Tracing Level" VALUE ="Normal"/>
        </TRANSFORMATION>
        <INSTANCE DESCRIPTION ="Target table" NAME ="STG_INVENTORY" TRANSFORMATION_NAME ="STG_INVENTORY" TRANSFORMATION_TYPE ="Target Definition" TYPE ="TARGET"/>
        <INSTANCE DBDNAME ="Flat_File" DESCRIPTION ="Source instance" NAME ="STG_INVENTORY" TRANSFORMATION_NAME ="STG_INVENTORY" TRANSFORMATION_TYPE ="Source Definition" TYPE ="SOURCE"/>
        <INSTANCE DESCRIPTION ="Lookup is to get quality_code for the respective SKU and DIVISION_GROUP" NAME ="LKP_SLBA_ITEM" REUSABLE ="NO" TRANSFORMATION_NAME ="LKP_SLBA_ITEM" TRANSFORMATION_TYPE ="Lookup Procedure" TYPE ="TRANSFORMATION"/>
        <INSTANCE DESCRIPTION ="Source qualifier to read data from inventory" NAME ="SQ_STG_INVENTORY" REUSABLE ="NO" TRANSFORMATION_NAME ="SQ_STG_INVENTORY" TRANSFORMATION_TYPE ="Source Qualifier" TYPE ="TRANSFORMATION">
            <ASSOCIATED_SOURCE_INSTANCE NAME ="STG_INVENTORY"/>
        </INSTANCE>
        <INSTANCE DESCRIPTION ="Cleansing the data" NAME ="EXP_CONVERSION" REUSABLE ="NO" TRANSFORMATION_NAME ="EXP_CONVERSION" TRANSFORMATION_TYPE ="Expression" TYPE ="TRANSFORMATION"/>
        <CONNECTOR FROMFIELD ="O_CREATE_DATE" FROMINSTANCE ="EXP_CONVERSION" FROMINSTANCETYPE ="Expression" TOFIELD ="CREATE_DATE" TOINSTANCE ="STG_INVENTORY" TOINSTANCETYPE ="Target Definition"/>
        <CONNECTOR FROMFIELD ="O_PROCESS_FLAG" FROMINSTANCE ="EXP_CONVERSION" FROMINSTANCETYPE ="Expression" TOFIELD ="PROCESS_FLAG" TOINSTANCE ="STG_INVENTORY" TOINSTANCETYPE ="Target Definition"/>
        <CONNECTOR FROMFIELD ="O_COMPANY_CODE" FROMINSTANCE ="EXP_CONVERSION" FROMINSTANCETYPE ="Expression" TOFIELD ="COMPANY_CODE" TOINSTANCE ="STG_INVENTORY" TOINSTANCETYPE ="Target Definition"/>
        <CONNECTOR FROMFIELD ="O_PLANT_CODE" FROMINSTANCE ="EXP_CONVERSION" FROMINSTANCETYPE ="Expression" TOFIELD ="PLANT_CODE" TOINSTANCE ="STG_INVENTORY" TOINSTANCETYPE ="Target Definition"/>
        <CONNECTOR FROMFIELD ="O_FROM_PLANT_CODE" FROMINSTANCE ="EXP_CONVERSION" FROMINSTANCETYPE ="Expression" TOFIELD ="FROM_PLANT_CODE" TOINSTANCE ="STG_INVENTORY" TOINSTANCETYPE ="Target Definition"/>
        <CONNECTOR FROMFIELD ="O_STYLE_NUM" FROMINSTANCE ="EXP_CONVERSION" FROMINSTANCETYPE ="Expression" TOFIELD ="STYLE_NUM" TOINSTANCE ="STG_INVENTORY" TOINSTANCETYPE ="Target Definition"/>
        <CONNECTOR FROMFIELD ="O_COLOR_CODE" FROMINSTANCE ="EXP_CONVERSION" FROMINSTANCETYPE ="Expression" TOFIELD ="COLOR_CODE" TOINSTANCE ="STG_INVENTORY" TOINSTANCETYPE ="Target Definition"/>
        <CONNECTOR FROMFIELD ="O_SIZE_CODE" FROMINSTANCE ="EXP_CONVERSION" FROMINSTANCETYPE ="Expression" TOFIELD ="SIZE_CODE" TOINSTANCE ="STG_INVENTORY" TOINSTANCETYPE ="Target Definition"/>
        <CONNECTOR FROMFIELD ="O_CUP_SIZE" FROMINSTANCE ="EXP_CONVERSION" FROMINSTANCETYPE ="Expression" TOFIELD ="CUP_SIZE" TOINSTANCE ="STG_INVENTORY" TOINSTANCETYPE ="Target Definition"/>
        <CONNECTOR FROMFIELD ="O_ATTRIBUTION_CODE" FROMINSTANCE ="EXP_CONVERSION" FROMINSTANCETYPE ="Expression" TOFIELD ="ATTRIBUTION_CODE" TOINSTANCE ="STG_INVENTORY" TOINSTANCETYPE ="Target Definition"/>
        <CONNECTOR FROMFIELD ="O_SKU" FROMINSTANCE ="EXP_CONVERSION" FROMINSTANCETYPE ="Expression" TOFIELD ="SKU" TOINSTANCE ="STG_INVENTORY" TOINSTANCETYPE ="Target Definition"/>
        <CONNECTOR FROMFIELD ="O_UPC_CODE" FROMINSTANCE ="EXP_CONVERSION" FROMINSTANCETYPE ="Expression" TOFIELD ="UPC_CODE" TOINSTANCE ="STG_INVENTORY" TOINSTANCETYPE ="Target Definition"/>
        <CONNECTOR FROMFIELD ="O_PACKAGE_TYPE" FROMINSTANCE ="EXP_CONVERSION" FROMINSTANCETYPE ="Expression" TOFIELD ="PACKAGE_TYPE" TOINSTANCE ="STG_INVENTORY" TOINSTANCETYPE ="Target Definition"/>
        <CONNECTOR FROMFIELD ="O_UOM" FROMINSTANCE ="EXP_CONVERSION" FROMINSTANCETYPE ="Expression" TOFIELD ="UOM" TOINSTANCE ="STG_INVENTORY" TOINSTANCETYPE ="Target Definition"/>
        <CONNECTOR FROMFIELD ="O_GARMENTS_PER_PKG" FROMINSTANCE ="EXP_CONVERSION" FROMINSTANCETYPE ="Expression" TOFIELD ="GARMENTS_PER_PKG" TOINSTANCE ="STG_INVENTORY" TOINSTANCETYPE ="Target Definition"/>
        <CONNECTOR FROMFIELD ="O_CASE_CONFIG_CODE" FROMINSTANCE ="EXP_CONVERSION" FROMINSTANCETYPE ="Expression" TOFIELD ="CASE_CONFIG_CODE" TOINSTANCE ="STG_INVENTORY" TOINSTANCETYPE ="Target Definition"/>
        <CONNECTOR FROMFIELD ="O_CASE_CONFIG_DESC" FROMINSTANCE ="EXP_CONVERSION" FROMINSTANCETYPE ="Expression" TOFIELD ="CASE_CONFIG_DESC" TOINSTANCE ="STG_INVENTORY" TOINSTANCETYPE ="Target Definition"/>
        <CONNECTOR FROMFIELD ="O_CASE_QTY" FROMINSTANCE ="EXP_CONVERSION" FROMINSTANCETYPE ="Expression" TOFIELD ="CASE_QTY" TOINSTANCE ="STG_INVENTORY" TOINSTANCETYPE ="Target Definition"/>
        <CONNECTOR FROMFIELD ="O_INVENTORY_TYPE" FROMINSTANCE ="EXP_CONVERSION" FROMINSTANCETYPE ="Expression" TOFIELD ="INVENTORY_TYPE" TOINSTANCE ="STG_INVENTORY" TOINSTANCETYPE ="Target Definition"/>
        <CONNECTOR FROMFIELD ="O_QUALITY_DESC" FROMINSTANCE ="EXP_CONVERSION" FROMINSTANCETYPE ="Expression" TOFIELD ="QUALITY_DESC" TOINSTANCE ="STG_INVENTORY" TOINSTANCETYPE ="Target Definition"/>
        <CONNECTOR FROMFIELD ="O_HBI_QUALITY" FROMINSTANCE ="EXP_CONVERSION" FROMINSTANCETYPE ="Expression" TOFIELD ="HBI_QUALITY" TOINSTANCE ="STG_INVENTORY" TOINSTANCETYPE ="Target Definition"/>
        <CONNECTOR FROMFIELD ="O_ON_HAND_QTY" FROMINSTANCE ="EXP_CONVERSION" FROMINSTANCETYPE ="Expression" TOFIELD ="ON_HAND_QTY" TOINSTANCE ="STG_INVENTORY" TOINSTANCETYPE ="Target Definition"/>
        <CONNECTOR FROMFIELD ="O_INTRANSIT_QTY" FROMINSTANCE ="EXP_CONVERSION" FROMINSTANCETYPE ="Expression" TOFIELD ="INTRANSIT_QTY" TOINSTANCE ="STG_INVENTORY" TOINSTANCETYPE ="Target Definition"/>
        <CONNECTOR FROMFIELD ="O_COUNTRY" FROMINSTANCE ="EXP_CONVERSION" FROMINSTANCETYPE ="Expression" TOFIELD ="COUNTRY" TOINSTANCE ="STG_INVENTORY" TOINSTANCETYPE ="Target Definition"/>
        <CONNECTOR FROMFIELD ="O_STANDARD_COST" FROMINSTANCE ="EXP_CONVERSION" FROMINSTANCETYPE ="Expression" TOFIELD ="STANDARD_COST" TOINSTANCE ="STG_INVENTORY" TOINSTANCETYPE ="Target Definition"/>
        <CONNECTOR FROMFIELD ="O_STANDARD_COST_CURRENCY" FROMINSTANCE ="EXP_CONVERSION" FROMINSTANCETYPE ="Expression" TOFIELD ="STANDARD_COST_CURRENCY" TOINSTANCE ="STG_INVENTORY" TOINSTANCETYPE ="Target Definition"/>
        <CONNECTOR FROMFIELD ="O_TRANSFER_PRICE" FROMINSTANCE ="EXP_CONVERSION" FROMINSTANCETYPE ="Expression" TOFIELD ="TRANSFER_PRICE" TOINSTANCE ="STG_INVENTORY" TOINSTANCETYPE ="Target Definition"/>
        <CONNECTOR FROMFIELD ="O_PRICE_1" FROMINSTANCE ="EXP_CONVERSION" FROMINSTANCETYPE ="Expression" TOFIELD ="PRICE_1" TOINSTANCE ="STG_INVENTORY" TOINSTANCETYPE ="Target Definition"/>
        <CONNECTOR FROMFIELD ="O_PRICE_2" FROMINSTANCE ="EXP_CONVERSION" FROMINSTANCETYPE ="Expression" TOFIELD ="PRICE_2" TOINSTANCE ="STG_INVENTORY" TOINSTANCETYPE ="Target Definition"/>
        <CONNECTOR FROMFIELD ="O_WEEK_END_DATE" FROMINSTANCE ="EXP_CONVERSION" FROMINSTANCETYPE ="Expression" TOFIELD ="WEEK_END_DATE" TOINSTANCE ="STG_INVENTORY" TOINSTANCETYPE ="Target Definition"/>
        <CONNECTOR FROMFIELD ="O_CREATE_USERID" FROMINSTANCE ="EXP_CONVERSION" FROMINSTANCETYPE ="Expression" TOFIELD ="CREATE_USERID" TOINSTANCE ="STG_INVENTORY" TOINSTANCETYPE ="Target Definition"/>
        <CONNECTOR FROMFIELD ="CREATE_USER_ID" FROMINSTANCE ="STG_INVENTORY" FROMINSTANCETYPE ="Source Definition" TOFIELD ="CREATE_USER_ID" TOINSTANCE ="SQ_STG_INVENTORY" TOINSTANCETYPE ="Source Qualifier"/>
        <CONNECTOR FROMFIELD ="CREATE_DATE" FROMINSTANCE ="STG_INVENTORY" FROMINSTANCETYPE ="Source Definition" TOFIELD ="CREATE_DATE" TOINSTANCE ="SQ_STG_INVENTORY" TOINSTANCETYPE ="Source Qualifier"/>
        <CONNECTOR FROMFIELD ="S3" FROMINSTANCE ="STG_INVENTORY" FROMINSTANCETYPE ="Source Definition" TOFIELD ="S3" TOINSTANCE ="SQ_STG_INVENTORY" TOINSTANCETYPE ="Source Qualifier"/>
        <CONNECTOR FROMFIELD ="COMPANY_CODE" FROMINSTANCE ="STG_INVENTORY" FROMINSTANCETYPE ="Source Definition" TOFIELD ="COMPANY_CODE" TOINSTANCE ="SQ_STG_INVENTORY" TOINSTANCETYPE ="Source Qualifier"/>
        <CONNECTOR FROMFIELD ="PLANT_CODE" FROMINSTANCE ="STG_INVENTORY" FROMINSTANCETYPE ="Source Definition" TOFIELD ="PLANT_CODE" TOINSTANCE ="SQ_STG_INVENTORY" TOINSTANCETYPE ="Source Qualifier"/>
        <CONNECTOR FROMFIELD ="FROM_PLANT_CODE" FROMINSTANCE ="STG_INVENTORY" FROMINSTANCETYPE ="Source Definition" TOFIELD ="FROM_PLANT_CODE" TOINSTANCE ="SQ_STG_INVENTORY" TOINSTANCETYPE ="Source Qualifier"/>
        <CONNECTOR FROMFIELD ="STYLE_NUM" FROMINSTANCE ="STG_INVENTORY" FROMINSTANCETYPE ="Source Definition" TOFIELD ="STYLE_NUM" TOINSTANCE ="SQ_STG_INVENTORY" TOINSTANCETYPE ="Source Qualifier"/>
        <CONNECTOR FROMFIELD ="COLOR_CODE" FROMINSTANCE ="STG_INVENTORY" FROMINSTANCETYPE ="Source Definition" TOFIELD ="COLOR_CODE" TOINSTANCE ="SQ_STG_INVENTORY" TOINSTANCETYPE ="Source Qualifier"/>
        <CONNECTOR FROMFIELD ="SIZE_CODE" FROMINSTANCE ="STG_INVENTORY" FROMINSTANCETYPE ="Source Definition" TOFIELD ="SIZE_CODE" TOINSTANCE ="SQ_STG_INVENTORY" TOINSTANCETYPE ="Source Qualifier"/>
        <CONNECTOR FROMFIELD ="CUP_SIZE" FROMINSTANCE ="STG_INVENTORY" FROMINSTANCETYPE ="Source Definition" TOFIELD ="CUP_SIZE" TOINSTANCE ="SQ_STG_INVENTORY" TOINSTANCETYPE ="Source Qualifier"/>
        <CONNECTOR FROMFIELD ="ATTRIBUTION_CODE" FROMINSTANCE ="STG_INVENTORY" FROMINSTANCETYPE ="Source Definition" TOFIELD ="ATTRIBUTION_CODE" TOINSTANCE ="SQ_STG_INVENTORY" TOINSTANCETYPE ="Source Qualifier"/>
        <CONNECTOR FROMFIELD ="SKU" FROMINSTANCE ="STG_INVENTORY" FROMINSTANCETYPE ="Source Definition" TOFIELD ="SKU" TOINSTANCE ="SQ_STG_INVENTORY" TOINSTANCETYPE ="Source Qualifier"/>
        <CONNECTOR FROMFIELD ="UPC_CODE" FROMINSTANCE ="STG_INVENTORY" FROMINSTANCETYPE ="Source Definition" TOFIELD ="UPC_CODE" TOINSTANCE ="SQ_STG_INVENTORY" TOINSTANCETYPE ="Source Qualifier"/>
        <CONNECTOR FROMFIELD ="PACKAGE_TYPE" FROMINSTANCE ="STG_INVENTORY" FROMINSTANCETYPE ="Source Definition" TOFIELD ="PACKAGE_TYPE" TOINSTANCE ="SQ_STG_INVENTORY" TOINSTANCETYPE ="Source Qualifier"/>
        <CONNECTOR FROMFIELD ="UOM" FROMINSTANCE ="STG_INVENTORY" FROMINSTANCETYPE ="Source Definition" TOFIELD ="UOM" TOINSTANCE ="SQ_STG_INVENTORY" TOINSTANCETYPE ="Source Qualifier"/>
        <CONNECTOR FROMFIELD ="GARMENTS_PER_PKG" FROMINSTANCE ="STG_INVENTORY" FROMINSTANCETYPE ="Source Definition" TOFIELD ="GARMENTS_PER_PKG" TOINSTANCE ="SQ_STG_INVENTORY" TOINSTANCETYPE ="Source Qualifier"/>
        <CONNECTOR FROMFIELD ="CASE_CONFIG_CODE" FROMINSTANCE ="STG_INVENTORY" FROMINSTANCETYPE ="Source Definition" TOFIELD ="CASE_CONFIG_CODE" TOINSTANCE ="SQ_STG_INVENTORY" TOINSTANCETYPE ="Source Qualifier"/>
        <CONNECTOR FROMFIELD ="CASE_CONFIG_DESC" FROMINSTANCE ="STG_INVENTORY" FROMINSTANCETYPE ="Source Definition" TOFIELD ="CASE_CONFIG_DESC" TOINSTANCE ="SQ_STG_INVENTORY" TOINSTANCETYPE ="Source Qualifier"/>
        <CONNECTOR FROMFIELD ="CASE_QTY" FROMINSTANCE ="STG_INVENTORY" FROMINSTANCETYPE ="Source Definition" TOFIELD ="CASE_QTY" TOINSTANCE ="SQ_STG_INVENTORY" TOINSTANCETYPE ="Source Qualifier"/>
        <CONNECTOR FROMFIELD ="INVENTORY_TYPE" FROMINSTANCE ="STG_INVENTORY" FROMINSTANCETYPE ="Source Definition" TOFIELD ="INVENTORY_TYPE" TOINSTANCE ="SQ_STG_INVENTORY" TOINSTANCETYPE ="Source Qualifier"/>
        <CONNECTOR FROMFIELD ="PROCESSED_USER_ID" FROMINSTANCE ="STG_INVENTORY" FROMINSTANCETYPE ="Source Definition" TOFIELD ="PROCESSED_USER_ID" TOINSTANCE ="SQ_STG_INVENTORY" TOINSTANCETYPE ="Source Qualifier"/>
        <CONNECTOR FROMFIELD ="PROCESSED_DATE" FROMINSTANCE ="STG_INVENTORY" FROMINSTANCETYPE ="Source Definition" TOFIELD ="PROCESSED_DATE" TOINSTANCE ="SQ_STG_INVENTORY" TOINSTANCETYPE ="Source Qualifier"/>
        <CONNECTOR FROMFIELD ="PROCESSED_FLAG" FROMINSTANCE ="STG_INVENTORY" FROMINSTANCETYPE ="Source Definition" TOFIELD ="PROCESSED_FLAG" TOINSTANCE ="SQ_STG_INVENTORY" TOINSTANCETYPE ="Source Qualifier"/>
        <CONNECTOR FROMFIELD ="BRAND" FROMINSTANCE ="STG_INVENTORY" FROMINSTANCETYPE ="Source Definition" TOFIELD ="BRAND" TOINSTANCE ="SQ_STG_INVENTORY" TOINSTANCETYPE ="Source Qualifier"/>
        <CONNECTOR FROMFIELD ="QUALITY_DESC" FROMINSTANCE ="STG_INVENTORY" FROMINSTANCETYPE ="Source Definition" TOFIELD ="QUALITY_DESC" TOINSTANCE ="SQ_STG_INVENTORY" TOINSTANCETYPE ="Source Qualifier"/>
        <CONNECTOR FROMFIELD ="HBI_QUALITY_DESC" FROMINSTANCE ="STG_INVENTORY" FROMINSTANCETYPE ="Source Definition" TOFIELD ="HBI_QUALITY_DESC" TOINSTANCE ="SQ_STG_INVENTORY" TOINSTANCETYPE ="Source Qualifier"/>
        <CONNECTOR FROMFIELD ="ON_HAND_QTY" FROMINSTANCE ="STG_INVENTORY" FROMINSTANCETYPE ="Source Definition" TOFIELD ="ON_HAND_QTY" TOINSTANCE ="SQ_STG_INVENTORY" TOINSTANCETYPE ="Source Qualifier"/>
        <CONNECTOR FROMFIELD ="INTRANSIT_QTY" FROMINSTANCE ="STG_INVENTORY" FROMINSTANCETYPE ="Source Definition" TOFIELD ="INTRANSIT_QTY" TOINSTANCE ="SQ_STG_INVENTORY" TOINSTANCETYPE ="Source Qualifier"/>
        <CONNECTOR FROMFIELD ="COUNTRY" FROMINSTANCE ="STG_INVENTORY" FROMINSTANCETYPE ="Source Definition" TOFIELD ="COUNTRY" TOINSTANCE ="SQ_STG_INVENTORY" TOINSTANCETYPE ="Source Qualifier"/>
        <CONNECTOR FROMFIELD ="STANDARD_COST" FROMINSTANCE ="STG_INVENTORY" FROMINSTANCETYPE ="Source Definition" TOFIELD ="STANDARD_COST" TOINSTANCE ="SQ_STG_INVENTORY" TOINSTANCETYPE ="Source Qualifier"/>
        <CONNECTOR FROMFIELD ="STANDARD_COST_CURRENCY" FROMINSTANCE ="STG_INVENTORY" FROMINSTANCETYPE ="Source Definition" TOFIELD ="STANDARD_COST_CURRENCY" TOINSTANCE ="SQ_STG_INVENTORY" TOINSTANCETYPE ="Source Qualifier"/>
        <CONNECTOR FROMFIELD ="TRANSFER_PRICE" FROMINSTANCE ="STG_INVENTORY" FROMINSTANCETYPE ="Source Definition" TOFIELD ="TRANSFER_PRICE" TOINSTANCE ="SQ_STG_INVENTORY" TOINSTANCETYPE ="Source Qualifier"/>
        <CONNECTOR FROMFIELD ="PRICE_1" FROMINSTANCE ="STG_INVENTORY" FROMINSTANCETYPE ="Source Definition" TOFIELD ="PRICE_1" TOINSTANCE ="SQ_STG_INVENTORY" TOINSTANCETYPE ="Source Qualifier"/>
        <CONNECTOR FROMFIELD ="PRICE_2" FROMINSTANCE ="STG_INVENTORY" FROMINSTANCETYPE ="Source Definition" TOFIELD ="PRICE_2" TOINSTANCE ="SQ_STG_INVENTORY" TOINSTANCETYPE ="Source Qualifier"/>
        <CONNECTOR FROMFIELD ="WEEK_END_DATE" FROMINSTANCE ="STG_INVENTORY" FROMINSTANCETYPE ="Source Definition" TOFIELD ="WEEK_END_DATE" TOINSTANCE ="SQ_STG_INVENTORY" TOINSTANCETYPE ="Source Qualifier"/>
        <CONNECTOR FROMFIELD ="INTRANSIT_QTY" FROMINSTANCE ="SQ_STG_INVENTORY" FROMINSTANCETYPE ="Source Qualifier" TOFIELD ="INTRANSIT_QTY" TOINSTANCE ="EXP_CONVERSION" TOINSTANCETYPE ="Expression"/>
        <CONNECTOR FROMFIELD ="COUNTRY" FROMINSTANCE ="SQ_STG_INVENTORY" FROMINSTANCETYPE ="Source Qualifier" TOFIELD ="COUNTRY" TOINSTANCE ="EXP_CONVERSION" TOINSTANCETYPE ="Expression"/>
        <CONNECTOR FROMFIELD ="STANDARD_COST" FROMINSTANCE ="SQ_STG_INVENTORY" FROMINSTANCETYPE ="Source Qualifier" TOFIELD ="STANDARD_COST" TOINSTANCE ="EXP_CONVERSION" TOINSTANCETYPE ="Expression"/>
        <CONNECTOR FROMFIELD ="STANDARD_COST_CURRENCY" FROMINSTANCE ="SQ_STG_INVENTORY" FROMINSTANCETYPE ="Source Qualifier" TOFIELD ="STANDARD_COST_CURRENCY" TOINSTANCE ="EXP_CONVERSION" TOINSTANCETYPE ="Expression"/>
        <CONNECTOR FROMFIELD ="TRANSFER_PRICE" FROMINSTANCE ="SQ_STG_INVENTORY" FROMINSTANCETYPE ="Source Qualifier" TOFIELD ="TRANSFER_PRICE" TOINSTANCE ="EXP_CONVERSION" TOINSTANCETYPE ="Expression"/>
        <CONNECTOR FROMFIELD ="PRICE_1" FROMINSTANCE ="SQ_STG_INVENTORY" FROMINSTANCETYPE ="Source Qualifier" TOFIELD ="PRICE_1" TOINSTANCE ="EXP_CONVERSION" TOINSTANCETYPE ="Expression"/>
        <CONNECTOR FROMFIELD ="PRICE_2" FROMINSTANCE ="SQ_STG_INVENTORY" FROMINSTANCETYPE ="Source Qualifier" TOFIELD ="PRICE_2" TOINSTANCE ="EXP_CONVERSION" TOINSTANCETYPE ="Expression"/>
        <CONNECTOR FROMFIELD ="WEEK_END_DATE" FROMINSTANCE ="SQ_STG_INVENTORY" FROMINSTANCETYPE ="Source Qualifier" TOFIELD ="WEEK_END_DATE" TOINSTANCE ="EXP_CONVERSION" TOINSTANCETYPE ="Expression"/>
        <CONNECTOR FROMFIELD ="CREATE_USER_ID" FROMINSTANCE ="SQ_STG_INVENTORY" FROMINSTANCETYPE ="Source Qualifier" TOFIELD ="CREATE_USER_ID" TOINSTANCE ="EXP_CONVERSION" TOINSTANCETYPE ="Expression"/>
        <CONNECTOR FROMFIELD ="CREATE_DATE" FROMINSTANCE ="SQ_STG_INVENTORY" FROMINSTANCETYPE ="Source Qualifier" TOFIELD ="CREATE_DATE" TOINSTANCE ="EXP_CONVERSION" TOINSTANCETYPE ="Expression"/>
        <CONNECTOR FROMFIELD ="S3" FROMINSTANCE ="SQ_STG_INVENTORY" FROMINSTANCETYPE ="Source Qualifier" TOFIELD ="S3" TOINSTANCE ="EXP_CONVERSION" TOINSTANCETYPE ="Expression"/>
        <CONNECTOR FROMFIELD ="PROCESSED_USER_ID" FROMINSTANCE ="SQ_STG_INVENTORY" FROMINSTANCETYPE ="Source Qualifier" TOFIELD ="I_PROCESSED_USER_ID" TOINSTANCE ="EXP_CONVERSION" TOINSTANCETYPE ="Expression"/>
        <CONNECTOR FROMFIELD ="PROCESSED_DATE" FROMINSTANCE ="SQ_STG_INVENTORY" FROMINSTANCETYPE ="Source Qualifier" TOFIELD ="I_PROCESSED_DATE" TOINSTANCE ="EXP_CONVERSION" TOINSTANCETYPE ="Expression"/>
        <CONNECTOR FROMFIELD ="PROCESSED_FLAG" FROMINSTANCE ="SQ_STG_INVENTORY" FROMINSTANCETYPE ="Source Qualifier" TOFIELD ="I_PROCESSED_FLAG" TOINSTANCE ="EXP_CONVERSION" TOINSTANCETYPE ="Expression"/>
        <CONNECTOR FROMFIELD ="BRAND" FROMINSTANCE ="SQ_STG_INVENTORY" FROMINSTANCETYPE ="Source Qualifier" TOFIELD ="I_BRAND" TOINSTANCE ="EXP_CONVERSION" TOINSTANCETYPE ="Expression"/>
        <CONNECTOR FROMFIELD ="STYLE_NUM" FROMINSTANCE ="SQ_STG_INVENTORY" FROMINSTANCETYPE ="Source Qualifier" TOFIELD ="STYLE_NUM" TOINSTANCE ="EXP_CONVERSION" TOINSTANCETYPE ="Expression"/>
        <CONNECTOR FROMFIELD ="COLOR_CODE" FROMINSTANCE ="SQ_STG_INVENTORY" FROMINSTANCETYPE ="Source Qualifier" TOFIELD ="COLOR_CODE" TOINSTANCE ="EXP_CONVERSION" TOINSTANCETYPE ="Expression"/>
        <CONNECTOR FROMFIELD ="SIZE_CODE" FROMINSTANCE ="SQ_STG_INVENTORY" FROMINSTANCETYPE ="Source Qualifier" TOFIELD ="SIZE_CODE" TOINSTANCE ="EXP_CONVERSION" TOINSTANCETYPE ="Expression"/>
        <CONNECTOR FROMFIELD ="CUP_SIZE" FROMINSTANCE ="SQ_STG_INVENTORY" FROMINSTANCETYPE ="Source Qualifier" TOFIELD ="CUP_SIZE" TOINSTANCE ="EXP_CONVERSION" TOINSTANCETYPE ="Expression"/>
        <CONNECTOR FROMFIELD ="ATTRIBUTION_CODE" FROMINSTANCE ="SQ_STG_INVENTORY" FROMINSTANCETYPE ="Source Qualifier" TOFIELD ="ATTRIBUTION_CODE" TOINSTANCE ="EXP_CONVERSION" TOINSTANCETYPE ="Expression"/>
        <CONNECTOR FROMFIELD ="SKU" FROMINSTANCE ="SQ_STG_INVENTORY" FROMINSTANCETYPE ="Source Qualifier" TOFIELD ="SKU" TOINSTANCE ="EXP_CONVERSION" TOINSTANCETYPE ="Expression"/>
        <CONNECTOR FROMFIELD ="UPC_CODE" FROMINSTANCE ="SQ_STG_INVENTORY" FROMINSTANCETYPE ="Source Qualifier" TOFIELD ="UPC_CODE" TOINSTANCE ="EXP_CONVERSION" TOINSTANCETYPE ="Expression"/>
        <CONNECTOR FROMFIELD ="PACKAGE_TYPE" FROMINSTANCE ="SQ_STG_INVENTORY" FROMINSTANCETYPE ="Source Qualifier" TOFIELD ="PACKAGE_TYPE" TOINSTANCE ="EXP_CONVERSION" TOINSTANCETYPE ="Expression"/>
        <CONNECTOR FROMFIELD ="HBI_QUALITY_DESC" FROMINSTANCE ="SQ_STG_INVENTORY" FROMINSTANCETYPE ="Source Qualifier" TOFIELD ="HBI_QUALITY_DESC" TOINSTANCE ="EXP_CONVERSION" TOINSTANCETYPE ="Expression"/>
        <CONNECTOR FROMFIELD ="ON_HAND_QTY" FROMINSTANCE ="SQ_STG_INVENTORY" FROMINSTANCETYPE ="Source Qualifier" TOFIELD ="ON_HAND_QTY" TOINSTANCE ="EXP_CONVERSION" TOINSTANCETYPE ="Expression"/>
        <CONNECTOR FROMFIELD ="UOM" FROMINSTANCE ="SQ_STG_INVENTORY" FROMINSTANCETYPE ="Source Qualifier" TOFIELD ="UOM" TOINSTANCE ="EXP_CONVERSION" TOINSTANCETYPE ="Expression"/>
        <CONNECTOR FROMFIELD ="GARMENTS_PER_PKG" FROMINSTANCE ="SQ_STG_INVENTORY" FROMINSTANCETYPE ="Source Qualifier" TOFIELD ="GARMENTS_PER_PKG" TOINSTANCE ="EXP_CONVERSION" TOINSTANCETYPE ="Expression"/>
        <CONNECTOR FROMFIELD ="CASE_CONFIG_CODE" FROMINSTANCE ="SQ_STG_INVENTORY" FROMINSTANCETYPE ="Source Qualifier" TOFIELD ="CASE_CONFIG_CODE" TOINSTANCE ="EXP_CONVERSION" TOINSTANCETYPE ="Expression"/>
        <CONNECTOR FROMFIELD ="CASE_CONFIG_DESC" FROMINSTANCE ="SQ_STG_INVENTORY" FROMINSTANCETYPE ="Source Qualifier" TOFIELD ="CASE_CONFIG_DESC" TOINSTANCE ="EXP_CONVERSION" TOINSTANCETYPE ="Expression"/>
        <CONNECTOR FROMFIELD ="CASE_QTY" FROMINSTANCE ="SQ_STG_INVENTORY" FROMINSTANCETYPE ="Source Qualifier" TOFIELD ="CASE_QTY" TOINSTANCE ="EXP_CONVERSION" TOINSTANCETYPE ="Expression"/>
        <CONNECTOR FROMFIELD ="INVENTORY_TYPE" FROMINSTANCE ="SQ_STG_INVENTORY" FROMINSTANCETYPE ="Source Qualifier" TOFIELD ="INVENTORY_TYPE" TOINSTANCE ="EXP_CONVERSION" TOINSTANCETYPE ="Expression"/>
        <CONNECTOR FROMFIELD ="QUALITY_DESC" FROMINSTANCE ="SQ_STG_INVENTORY" FROMINSTANCETYPE ="Source Qualifier" TOFIELD ="QUALITY_DESC" TOINSTANCE ="EXP_CONVERSION" TOINSTANCETYPE ="Expression"/>
        <CONNECTOR FROMFIELD ="COMPANY_CODE" FROMINSTANCE ="SQ_STG_INVENTORY" FROMINSTANCETYPE ="Source Qualifier" TOFIELD ="I_COMPANY_CODE" TOINSTANCE ="EXP_CONVERSION" TOINSTANCETYPE ="Expression"/>
        <CONNECTOR FROMFIELD ="PLANT_CODE" FROMINSTANCE ="SQ_STG_INVENTORY" FROMINSTANCETYPE ="Source Qualifier" TOFIELD ="PLANT_CODE" TOINSTANCE ="EXP_CONVERSION" TOINSTANCETYPE ="Expression"/>
        <CONNECTOR FROMFIELD ="FROM_PLANT_CODE" FROMINSTANCE ="SQ_STG_INVENTORY" FROMINSTANCETYPE ="Source Qualifier" TOFIELD ="FROM_PLANT_CODE" TOINSTANCE ="EXP_CONVERSION" TOINSTANCETYPE ="Expression"/>
        <TARGETLOADORDER ORDER ="1" TARGETINSTANCE ="STG_INVENTORY"/>
        <MAPPINGVARIABLE DATATYPE ="string" DEFAULTVALUE ="" DESCRIPTION ="" ISEXPRESSIONVARIABLE ="NO" ISPARAM ="YES" NAME ="$$COMPANY_CODE" PRECISION ="10" SCALE ="0" USERDEFINED ="YES"/>
        <ERPINFO/>
        <METADATAEXTENSION DATATYPE ="STRING" DESCRIPTION ="Conversion Mapping Name with version " DOMAINNAME ="User Defined Metadata Domain" ISCLIENTEDITABLE ="YES" ISCLIENTVISIBLE ="YES" ISREUSABLE ="NO" ISSHAREREAD ="NO" ISSHAREWRITE ="NO" MAXLENGTH ="256" NAME ="CONV_MAP_NAME" VALUE ="Staging-InventoryLoad-V 4.0" VENDORNAME ="INFORMATICA"/>
    </MAPPING>
    <CONFIG DESCRIPTION ="Default session configuration object" ISDEFAULT ="YES" NAME ="default_session_config" VERSIONNUMBER ="1">
        <ATTRIBUTE NAME ="Advanced" VALUE =""/>
        <ATTRIBUTE NAME ="Constraint based load ordering" VALUE ="NO"/>
        <ATTRIBUTE NAME ="Cache LOOKUP() function" VALUE ="YES"/>
        <ATTRIBUTE NAME ="Default buffer block size" VALUE ="Auto"/>
        <ATTRIBUTE NAME ="Line Sequential buffer length" VALUE ="1024"/>
        <ATTRIBUTE NAME ="Maximum Memory Allowed For Auto Memory Attributes" VALUE ="0"/>
        <ATTRIBUTE NAME ="Maximum Percentage of Total Memory Allowed For Auto Memory Attributes" VALUE ="5"/>
        <ATTRIBUTE NAME ="Additional Concurrent Pipelines for Lookup Cache Creation" VALUE ="0"/>
        <ATTRIBUTE NAME ="Custom Properties" VALUE =""/>
        <ATTRIBUTE NAME ="Pre-build lookup cache" VALUE ="Auto"/>
        <ATTRIBUTE NAME ="Optimization Level" VALUE ="Medium"/>
        <ATTRIBUTE NAME ="DateTime Format String" VALUE ="MM/DD/YYYY HH24:MI:SS.US"/>
        <ATTRIBUTE NAME ="Pre 85 Timestamp Compatibility" VALUE ="NO"/>
        <ATTRIBUTE NAME ="Log Options" VALUE ="0"/>
        <ATTRIBUTE NAME ="Save session log by" VALUE ="Session runs"/>
        <ATTRIBUTE NAME ="Save session log for these runs" VALUE ="9"/>
        <ATTRIBUTE NAME ="Session Log File Max Size" VALUE ="0"/>
        <ATTRIBUTE NAME ="Session Log File Max Time Period" VALUE ="0"/>
        <ATTRIBUTE NAME ="Maximum Partial Session Log Files" VALUE ="1"/>
        <ATTRIBUTE NAME ="Writer Commit Statistics Log Frequency" VALUE ="1"/>
        <ATTRIBUTE NAME ="Writer Commit Statistics Log Interval" VALUE ="0"/>
        <ATTRIBUTE NAME ="Error handling" VALUE =""/>
        <ATTRIBUTE NAME ="Stop on errors" VALUE ="1"/>
        <ATTRIBUTE NAME ="Override tracing" VALUE ="None"/>
        <ATTRIBUTE NAME ="On Stored Procedure error" VALUE ="Stop"/>
        <ATTRIBUTE NAME ="On Pre-session command task error" VALUE ="Stop"/>
        <ATTRIBUTE NAME ="On Pre-Post SQL error" VALUE ="Stop"/>
        <ATTRIBUTE NAME ="Enable Recovery" VALUE ="NO"/>
        <ATTRIBUTE NAME ="Error Log Type" VALUE ="None"/>
        <ATTRIBUTE NAME ="Error Log Table Name Prefix" VALUE =""/>
        <ATTRIBUTE NAME ="Error Log File Name" VALUE ="PMError.log"/>
        <ATTRIBUTE NAME ="Log Source Row Data" VALUE ="NO"/>
        <ATTRIBUTE NAME ="Data Column Delimiter" VALUE ="|"/>
        <ATTRIBUTE NAME ="Partitioning Options" VALUE =""/>
        <ATTRIBUTE NAME ="Dynamic Partitioning" VALUE ="Disabled"/>
        <ATTRIBUTE NAME ="Number of Partitions" VALUE ="1"/>
        <ATTRIBUTE NAME ="Multiplication Factor" VALUE ="Auto"/>
        <ATTRIBUTE NAME ="Session on Grid" VALUE =""/>
        <ATTRIBUTE NAME ="Is Enabled" VALUE ="NO"/>
    </CONFIG>
    <SESSION DESCRIPTION ="Session to load to staging inventory for Spain" ISVALID ="YES" MAPPINGNAME ="m_STG_INV_EUR" NAME ="s_m_STG_INV_EUR_SPAIN" REUSABLE ="YES" SORTORDER ="Binary" VERSIONNUMBER ="1">
        <SESSTRANSFORMATIONINST ISREPARTITIONPOINT ="YES" PARTITIONTYPE ="PASS THROUGH" PIPELINE ="1" SINSTANCENAME ="STG_INVENTORY" STAGE ="1" TRANSFORMATIONNAME ="STG_INVENTORY" TRANSFORMATIONTYPE ="Target Definition">
            <ATTRIBUTE NAME ="Table Name Prefix" VALUE ="STAGING"/>
            <ATTRIBUTE NAME ="Pre SQL" VALUE ="Update staging.stg_inventory set process_flag = &apos;S&apos; where trunc(create_date) = trunc(sysdate) and  process_flag = &apos;N&apos; and upper(create_userid) = &apos;STG_DBAS_INV&apos;; COMMIT;"/>
        </SESSTRANSFORMATIONINST>
        <SESSTRANSFORMATIONINST ISREPARTITIONPOINT ="NO" PIPELINE ="0" SINSTANCENAME ="STG_INVENTORY" STAGE ="0" TRANSFORMATIONNAME ="STG_INVENTORY" TRANSFORMATIONTYPE ="Source Definition">
            <FLATFILE CODEPAGE ="US-ASCII" CONSECDELIMITERSASONE ="NO" DELIMITED ="YES" DELIMITERS ="|" ESCAPE_CHARACTER ="" KEEPESCAPECHAR ="YES" LINESEQUENTIAL ="NO" MULTIDELIMITERSASAND ="NO" NULLCHARTYPE ="ASCII" NULL_CHARACTER ="*" PADBYTES ="1" QUOTE_CHARACTER ="DOUBLE" REPEATABLE ="NO" ROWDELIMITER ="0" SKIPROWS ="0" STRIPTRAILINGBLANKS ="NO"/>
        </SESSTRANSFORMATIONINST>
        <SESSTRANSFORMATIONINST ISREPARTITIONPOINT ="YES" PARTITIONTYPE ="PASS THROUGH" PIPELINE ="1" SINSTANCENAME ="SQ_STG_INVENTORY" STAGE ="2" TRANSFORMATIONNAME ="SQ_STG_INVENTORY" TRANSFORMATIONTYPE ="Source Qualifier"/>
        <SESSTRANSFORMATIONINST ISREPARTITIONPOINT ="NO" PIPELINE ="1" SINSTANCENAME ="EXP_CONVERSION" STAGE ="2" TRANSFORMATIONNAME ="EXP_CONVERSION" TRANSFORMATIONTYPE ="Expression">
            <PARTITION DESCRIPTION ="" NAME ="Partition #1"/>
        </SESSTRANSFORMATIONINST>
        <SESSTRANSFORMATIONINST ISREPARTITIONPOINT ="NO" PIPELINE ="0" SINSTANCENAME ="LKP_SLBA_ITEM" STAGE ="0" TRANSFORMATIONNAME ="LKP_SLBA_ITEM" TRANSFORMATIONTYPE ="Lookup Procedure">
            <ATTRIBUTE NAME ="Connection Information" VALUE ="Relational:SLBADW"/>
        </SESSTRANSFORMATIONINST>
        <CONFIGREFERENCE REFOBJECTNAME ="default_session_config" TYPE ="Session config"/>
        <SESSIONEXTENSION NAME ="Relational Writer" SINSTANCENAME ="STG_INVENTORY" SUBTYPE ="Relational Writer" TRANSFORMATIONTYPE ="Target Definition" TYPE ="WRITER">
            <CONNECTIONREFERENCE CNXREFNAME ="DB Connection" CONNECTIONNAME ="SLBADW" CONNECTIONNUMBER ="1" CONNECTIONSUBTYPE ="Oracle" CONNECTIONTYPE ="Relational" VARIABLE =""/>
            <ATTRIBUTE NAME ="Target load type" VALUE ="Normal"/>
            <ATTRIBUTE NAME ="Insert" VALUE ="YES"/>
            <ATTRIBUTE NAME ="Update as Update" VALUE ="NO"/>
            <ATTRIBUTE NAME ="Update as Insert" VALUE ="NO"/>
            <ATTRIBUTE NAME ="Update else Insert" VALUE ="NO"/>
            <ATTRIBUTE NAME ="Delete" VALUE ="NO"/>
            <ATTRIBUTE NAME ="Truncate target table option" VALUE ="NO"/>
            <ATTRIBUTE NAME ="Reject file directory" VALUE ="$PMBadFileDir&#x5c;INVENTORY_ANALYSIS&#x5c;BAD&#x5c;"/>
            <ATTRIBUTE NAME ="Reject filename" VALUE ="s_m_STG_INV_EUR_SPAIN.bad"/>
        </SESSIONEXTENSION>
        <SESSIONEXTENSION DSQINSTNAME ="SQ_STG_INVENTORY" DSQINSTTYPE ="Source Qualifier" NAME ="File Reader" SINSTANCENAME ="STG_INVENTORY" SUBTYPE ="File Reader" TRANSFORMATIONTYPE ="Source Definition" TYPE ="READER">
            <CONNECTIONREFERENCE CNXREFNAME ="Connection" CONNECTIONNAME ="" CONNECTIONNUMBER ="1" CONNECTIONSUBTYPE ="" CONNECTIONTYPE ="" VARIABLE =""/>
            <ATTRIBUTE NAME ="Input Type" VALUE ="File"/>
            <ATTRIBUTE NAME ="Concurrent read partitioning" VALUE ="Optimize throughput"/>
            <ATTRIBUTE NAME ="Command Type" VALUE ="Command Generating Data"/>
            <ATTRIBUTE NAME ="Source filetype" VALUE ="Direct"/>
            <ATTRIBUTE NAME ="Source file directory" VALUE ="$PMSourceFileDir&#x5c;INVENTORY_ANALYSIS&#x5c;SRC&#x5c;"/>
            <ATTRIBUTE NAME ="Source filename" VALUE ="Inventory_Spain.csv"/>
            <ATTRIBUTE NAME ="Command" VALUE =""/>
            <ATTRIBUTE NAME ="File Reader Truncate String Null" VALUE ="NO"/>
            <ATTRIBUTE NAME ="Codepage Parameter" VALUE =""/>
        </SESSIONEXTENSION>
        <SESSIONEXTENSION NAME ="File Reader" SINSTANCENAME ="SQ_STG_INVENTORY" SUBTYPE ="File Reader" TRANSFORMATIONTYPE ="Source Qualifier" TYPE ="READER"/>
        <SESSIONEXTENSION NAME ="Relational Lookup" SINSTANCENAME ="LKP_SLBA_ITEM" SUBTYPE ="Relational Lookup" TRANSFORMATIONTYPE ="Lookup Procedure" TYPE ="LOOKUPEXTENSION">
            <CONNECTIONREFERENCE CNXREFNAME ="DB Connection" CONNECTIONNAME ="SLBADW" CONNECTIONNUMBER ="1" CONNECTIONSUBTYPE ="Oracle" CONNECTIONTYPE ="Relational" VARIABLE =""/>
        </SESSIONEXTENSION>
        <ATTRIBUTE NAME ="General Options" VALUE =""/>
        <ATTRIBUTE NAME ="Write Backward Compatible Session Log File" VALUE ="YES"/>
        <ATTRIBUTE NAME ="Session Log File Name" VALUE ="s_m_STG_INV_EUR_SPAIN.log"/>
        <ATTRIBUTE NAME ="Session Log File directory" VALUE ="$PMSessionLogDir&#x5c;INVENTORY_ANALYSIS&#x5c;LOG&#x5c;"/>
        <ATTRIBUTE NAME ="Parameter Filename" VALUE ="$PMSessionLogDir&#x5c;INVENTORY_ANALYSIS&#x5c;CTL&#x5c;BIINV_EUR_PARAM.ipf"/>
        <ATTRIBUTE NAME ="Enable Test Load" VALUE ="NO"/>
        <ATTRIBUTE NAME ="$Source connection value" VALUE =""/>
        <ATTRIBUTE NAME ="$Target connection value" VALUE =""/>
        <ATTRIBUTE NAME ="Treat source rows as" VALUE ="Insert"/>
        <ATTRIBUTE NAME ="Commit Type" VALUE ="Target"/>
        <ATTRIBUTE NAME ="Commit Interval" VALUE ="2000000"/>
        <ATTRIBUTE NAME ="Commit On End Of File" VALUE ="YES"/>
        <ATTRIBUTE NAME ="Rollback Transactions on Errors" VALUE ="NO"/>
        <ATTRIBUTE NAME ="Recovery Strategy" VALUE ="Restart task"/>
        <ATTRIBUTE NAME ="Java Classpath" VALUE =""/>
        <ATTRIBUTE NAME ="Performance" VALUE =""/>
        <ATTRIBUTE NAME ="DTM buffer size" VALUE ="Auto"/>
        <ATTRIBUTE NAME ="Collect performance data" VALUE ="NO"/>
        <ATTRIBUTE NAME ="Write performance data to repository" VALUE ="NO"/>
        <ATTRIBUTE NAME ="Incremental Aggregation" VALUE ="NO"/>
        <ATTRIBUTE NAME ="Enable high precision" VALUE ="NO"/>
        <ATTRIBUTE NAME ="Session retry on deadlock" VALUE ="NO"/>
        <ATTRIBUTE NAME ="Pushdown Optimization" VALUE ="None"/>
        <ATTRIBUTE NAME ="Allow Temporary View for Pushdown" VALUE ="NO"/>
        <ATTRIBUTE NAME ="Allow Temporary Sequence for Pushdown" VALUE ="NO"/>
        <ATTRIBUTE NAME ="Allow Pushdown for User Incompatible Connections" VALUE ="NO"/>
        <METADATAEXTENSION DATATYPE ="STRING" DESCRIPTION ="Conversion Mapping  Name with version " DOMAINNAME ="User Defined Metadata Domain" ISCLIENTEDITABLE ="YES" ISCLIENTVISIBLE ="YES" ISREUSABLE ="NO" ISSHAREREAD ="NO" ISSHAREWRITE ="NO" MAXLENGTH ="256" NAME ="CONV_MAP_NAME" VALUE ="Staging-InventoryLoad-V 4.0" VENDORNAME ="INFORMATICA"/>
    </SESSION>
    <WORKFLOW DESCRIPTION ="Workflow to load to staging inventory analysis for spain" ISENABLED ="YES" ISRUNNABLESERVICE ="NO" ISSERVICE ="NO" ISVALID ="YES" NAME ="wf_s_m_STG_INV_EUR_SPAIN" REUSABLE_SCHEDULER ="NO" SCHEDULERNAME ="Scheduler" SERVERNAME ="Domain10_PRD_Int_Svc" SERVER_DOMAINNAME ="Domain10_PRD" SUSPEND_ON_ERROR ="NO" TASKS_MUST_RUN_ON_SERVER ="NO" VERSIONNUMBER ="1">
        <SCHEDULER DESCRIPTION ="" NAME ="Scheduler" REUSABLE ="NO" VERSIONNUMBER ="1">
            <SCHEDULEINFO SCHEDULETYPE ="ONDEMAND"/>
        </SCHEDULER>
        <TASK DESCRIPTION ="" NAME ="Start" REUSABLE ="NO" TYPE ="Start" VERSIONNUMBER ="1"/>
        <TASKINSTANCE DESCRIPTION ="Session to load to staging inventory for Spain" FAIL_PARENT_IF_INSTANCE_DID_NOT_RUN ="YES" FAIL_PARENT_IF_INSTANCE_FAILS ="YES" ISENABLED ="YES" NAME ="s_m_STG_INV_EUR_SPAIN" REUSABLE ="YES" TASKNAME ="s_m_STG_INV_EUR_SPAIN" TASKTYPE ="Session" TREAT_INPUTLINK_AS_AND ="NO"/>
        <TASKINSTANCE DESCRIPTION ="" ISENABLED ="YES" NAME ="Start" REUSABLE ="NO" TASKNAME ="Start" TASKTYPE ="Start"/>
        <WORKFLOWLINK CONDITION ="" FROMTASK ="Start" TOTASK ="s_m_STG_INV_EUR_SPAIN"/>
        <WORKFLOWVARIABLE DATATYPE ="date/time" DEFAULTVALUE ="" DESCRIPTION ="The time this task started" ISNULL ="NO" ISPERSISTENT ="NO" NAME ="$s_m_STG_INV_EUR_SPAIN.StartTime" USERDEFINED ="NO"/>
        <WORKFLOWVARIABLE DATATYPE ="date/time" DEFAULTVALUE ="" DESCRIPTION ="The time this task completed" ISNULL ="NO" ISPERSISTENT ="NO" NAME ="$s_m_STG_INV_EUR_SPAIN.EndTime" USERDEFINED ="NO"/>
        <WORKFLOWVARIABLE DATATYPE ="integer" DEFAULTVALUE ="" DESCRIPTION ="Status of this task&apos;s execution" ISNULL ="NO" ISPERSISTENT ="NO" NAME ="$s_m_STG_INV_EUR_SPAIN.Status" USERDEFINED ="NO"/>
        <WORKFLOWVARIABLE DATATYPE ="integer" DEFAULTVALUE ="" DESCRIPTION ="Status of the previous task that is not disabled" ISNULL ="NO" ISPERSISTENT ="NO" NAME ="$s_m_STG_INV_EUR_SPAIN.PrevTaskStatus" USERDEFINED ="NO"/>
        <WORKFLOWVARIABLE DATATYPE ="integer" DEFAULTVALUE ="" DESCRIPTION ="Error code for this task&apos;s execution" ISNULL ="NO" ISPERSISTENT ="NO" NAME ="$s_m_STG_INV_EUR_SPAIN.ErrorCode" USERDEFINED ="NO"/>
        <WORKFLOWVARIABLE DATATYPE ="string" DEFAULTVALUE ="" DESCRIPTION ="Error message for this task&apos;s execution" ISNULL ="NO" ISPERSISTENT ="NO" NAME ="$s_m_STG_INV_EUR_SPAIN.ErrorMsg" USERDEFINED ="NO"/>
        <WORKFLOWVARIABLE DATATYPE ="integer" DEFAULTVALUE ="" DESCRIPTION ="Rows successfully read" ISNULL ="NO" ISPERSISTENT ="NO" NAME ="$s_m_STG_INV_EUR_SPAIN.SrcSuccessRows" USERDEFINED ="NO"/>
        <WORKFLOWVARIABLE DATATYPE ="integer" DEFAULTVALUE ="" DESCRIPTION ="Rows failed to read" ISNULL ="NO" ISPERSISTENT ="NO" NAME ="$s_m_STG_INV_EUR_SPAIN.SrcFailedRows" USERDEFINED ="NO"/>
        <WORKFLOWVARIABLE DATATYPE ="integer" DEFAULTVALUE ="" DESCRIPTION ="Rows successfully loaded" ISNULL ="NO" ISPERSISTENT ="NO" NAME ="$s_m_STG_INV_EUR_SPAIN.TgtSuccessRows" USERDEFINED ="NO"/>
        <WORKFLOWVARIABLE DATATYPE ="integer" DEFAULTVALUE ="" DESCRIPTION ="Rows failed to load" ISNULL ="NO" ISPERSISTENT ="NO" NAME ="$s_m_STG_INV_EUR_SPAIN.TgtFailedRows" USERDEFINED ="NO"/>
        <WORKFLOWVARIABLE DATATYPE ="integer" DEFAULTVALUE ="" DESCRIPTION ="Total number of transformation errors" ISNULL ="NO" ISPERSISTENT ="NO" NAME ="$s_m_STG_INV_EUR_SPAIN.TotalTransErrors" USERDEFINED ="NO"/>
        <WORKFLOWVARIABLE DATATYPE ="integer" DEFAULTVALUE ="" DESCRIPTION ="First error code" ISNULL ="NO" ISPERSISTENT ="NO" NAME ="$s_m_STG_INV_EUR_SPAIN.FirstErrorCode" USERDEFINED ="NO"/>
        <WORKFLOWVARIABLE DATATYPE ="string" DEFAULTVALUE ="" DESCRIPTION ="First error message" ISNULL ="NO" ISPERSISTENT ="NO" NAME ="$s_m_STG_INV_EUR_SPAIN.FirstErrorMsg" USERDEFINED ="NO"/>
        <WORKFLOWVARIABLE DATATYPE ="date/time" DEFAULTVALUE ="" DESCRIPTION ="The time this task started" ISNULL ="NO" ISPERSISTENT ="NO" NAME ="$Start.StartTime" USERDEFINED ="NO"/>
        <WORKFLOWVARIABLE DATATYPE ="date/time" DEFAULTVALUE ="" DESCRIPTION ="The time this task completed" ISNULL ="NO" ISPERSISTENT ="NO" NAME ="$Start.EndTime" USERDEFINED ="NO"/>
        <WORKFLOWVARIABLE DATATYPE ="integer" DEFAULTVALUE ="" DESCRIPTION ="Status of this task&apos;s execution" ISNULL ="NO" ISPERSISTENT ="NO" NAME ="$Start.Status" USERDEFINED ="NO"/>
        <WORKFLOWVARIABLE DATATYPE ="integer" DEFAULTVALUE ="" DESCRIPTION ="Status of the previous task that is not disabled" ISNULL ="NO" ISPERSISTENT ="NO" NAME ="$Start.PrevTaskStatus" USERDEFINED ="NO"/>
        <WORKFLOWVARIABLE DATATYPE ="integer" DEFAULTVALUE ="" DESCRIPTION ="Error code for this task&apos;s execution" ISNULL ="NO" ISPERSISTENT ="NO" NAME ="$Start.ErrorCode" USERDEFINED ="NO"/>
        <WORKFLOWVARIABLE DATATYPE ="string" DEFAULTVALUE ="" DESCRIPTION ="Error message for this task&apos;s execution" ISNULL ="NO" ISPERSISTENT ="NO" NAME ="$Start.ErrorMsg" USERDEFINED ="NO"/>
        <ATTRIBUTE NAME ="Parameter Filename" VALUE =""/>
        <ATTRIBUTE NAME ="Write Backward Compatible Workflow Log File" VALUE ="YES"/>
        <ATTRIBUTE NAME ="Workflow Log File Name" VALUE ="wf_s_m_STG_INV_EUR_SPAIN.log"/>
        <ATTRIBUTE NAME ="Workflow Log File Directory" VALUE ="$PMWorkflowLogDir&#x5c;INVENTORY_ANALYSIS&#x5c;LOG&#x5c;"/>
        <ATTRIBUTE NAME ="Save Workflow log by" VALUE ="By runs"/>
        <ATTRIBUTE NAME ="Save workflow log for these runs" VALUE ="9"/>
        <ATTRIBUTE NAME ="Service Name" VALUE =""/>
        <ATTRIBUTE NAME ="Service Timeout" VALUE ="0"/>
        <ATTRIBUTE NAME ="Is Service Visible" VALUE ="NO"/>
        <ATTRIBUTE NAME ="Is Service Protected" VALUE ="NO"/>
        <ATTRIBUTE NAME ="Fail task after wait time" VALUE ="0"/>
        <ATTRIBUTE NAME ="Enable HA recovery" VALUE ="NO"/>
        <ATTRIBUTE NAME ="Automatically recover terminated tasks" VALUE ="NO"/>
        <ATTRIBUTE NAME ="Service Level Name" VALUE ="Default"/>
        <ATTRIBUTE NAME ="Allow concurrent run with unique run instance name" VALUE ="NO"/>
        <ATTRIBUTE NAME ="Allow concurrent run with same run instance name" VALUE ="NO"/>
        <ATTRIBUTE NAME ="Maximum number of concurrent runs" VALUE ="0"/>
        <ATTRIBUTE NAME ="Assigned Web Services Hubs" VALUE =""/>
        <ATTRIBUTE NAME ="Maximum number of concurrent runs per Hub" VALUE ="1000"/>
        <ATTRIBUTE NAME ="Expected Service Time" VALUE ="1"/>
        <METADATAEXTENSION DATATYPE ="STRING" DESCRIPTION ="Conversion Mapping Name with version " DOMAINNAME ="User Defined Metadata Domain" ISCLIENTEDITABLE ="YES" ISCLIENTVISIBLE ="YES" ISREUSABLE ="NO" ISSHAREREAD ="NO" ISSHAREWRITE ="NO" MAXLENGTH ="256" NAME ="CONV_MAP_NAME" VALUE ="Staging-InventoryLoad-V 2.0" VENDORNAME ="INFORMATICA"/>
        <METADATAEXTENSION DATATYPE ="STRING" DESCRIPTION ="" DOMAINNAME ="User Defined Metadata Domain" ISCLIENTEDITABLE ="YES" ISCLIENTVISIBLE ="YES" ISREUSABLE ="NO" ISSHAREREAD ="NO" ISSHAREWRITE ="NO" MAXLENGTH ="256" NAME ="Extension" VALUE ="CM - MarginLoss - stgMarginLossExpenseToStgFactSalesNew v1.0" VENDORNAME ="INFORMATICA"/>
    </WORKFLOW>
</FOLDER>
</REPOSITORY>
</POWERMART>