<?xml version="1.0" encoding="Windows-1252"?>
<!DOCTYPE POWERMART SYSTEM "powrmart.dtd">
<POWERMART CREATION_DATE="05/20/2024 10:00:14" REPOSITORY_VERSION="187.96">
<REPOSITORY NAME="Domain10_Rep_Svc_Prd" VERSION="187" CODEPAGE="MS1252" DATABASETYPE="Microsoft SQL Server">
<FOLDER NAME="INVENTORY_ANALYSIS" GROUP="" OWNER="Administrator" SHARED="NOTSHARED" DESCRIPTION="" PERMISSIONS="rwx---r--" UUID="27b7fb57-5066-4c7e-aee4-118d44bfa5b6">
    <SOURCE BUSINESSNAME ="" DATABASETYPE ="DB2" DBDNAME ="mvxprod" DESCRIPTION ="Finished goods inventory interfase" NAME ="BIINVS" OBJECTVERSION ="1" OWNERNAME ="BIDSSDTA" VERSIONNUMBER ="1">
        <SOURCEFIELD BUSINESSNAME ="" DATATYPE ="char" DESCRIPTION ="Company" FIELDNUMBER ="1" FIELDPROPERTY ="0" FIELDTYPE ="ELEMITEM" HIDDEN ="NO" KEYTYPE ="NOT A KEY" LENGTH ="0" LEVEL ="0" NAME ="BICONO" NULLABLE ="NOTNULL" OCCURS ="0" OFFSET ="0" PHYSICALLENGTH ="5" PHYSICALOFFSET ="0" PICTURETEXT ="" PRECISION ="5" SCALE ="0" USAGE_FLAGS =""/>
        <SOURCEFIELD BUSINESSNAME ="" DATATYPE ="char" DESCRIPTION ="Plant Code" FIELDNUMBER ="2" FIELDPROPERTY ="0" FIELDTYPE ="ELEMITEM" HIDDEN ="NO" KEYTYPE ="NOT A KEY" LENGTH ="0" LEVEL ="0" NAME ="BIFACI" NULLABLE ="NOTNULL" OCCURS ="0" OFFSET ="0" PHYSICALLENGTH ="5" PHYSICALOFFSET ="5" PICTURETEXT ="" PRECISION ="5" SCALE ="0" USAGE_FLAGS =""/>
        <SOURCEFIELD BUSINESSNAME ="" DATATYPE ="char" DESCRIPTION ="From Plant Code" FIELDNUMBER ="3" FIELDPROPERTY ="0" FIELDTYPE ="ELEMITEM" HIDDEN ="NO" KEYTYPE ="NOT A KEY" LENGTH ="0" LEVEL ="0" NAME ="BIFACF" NULLABLE ="NOTNULL" OCCURS ="0" OFFSET ="0" PHYSICALLENGTH ="5" PHYSICALOFFSET ="10" PICTURETEXT ="" PRECISION ="5" SCALE ="0" USAGE_FLAGS =""/>
        <SOURCEFIELD BUSINESSNAME ="" DATATYPE ="char" DESCRIPTION ="Style" FIELDNUMBER ="4" FIELDPROPERTY ="0" FIELDTYPE ="ELEMITEM" HIDDEN ="NO" KEYTYPE ="NOT A KEY" LENGTH ="0" LEVEL ="0" NAME ="BISTYN" NULLABLE ="NOTNULL" OCCURS ="0" OFFSET ="0" PHYSICALLENGTH ="10" PHYSICALOFFSET ="15" PICTURETEXT ="" PRECISION ="10" SCALE ="0" USAGE_FLAGS =""/>
        <SOURCEFIELD BUSINESSNAME ="" DATATYPE ="char" DESCRIPTION ="Color" FIELDNUMBER ="5" FIELDPROPERTY ="0" FIELDTYPE ="ELEMITEM" HIDDEN ="NO" KEYTYPE ="NOT A KEY" LENGTH ="0" LEVEL ="0" NAME ="BIOPTY" NULLABLE ="NOTNULL" OCCURS ="0" OFFSET ="0" PHYSICALLENGTH ="5" PHYSICALOFFSET ="25" PICTURETEXT ="" PRECISION ="5" SCALE ="0" USAGE_FLAGS =""/>
        <SOURCEFIELD BUSINESSNAME ="" DATATYPE ="char" DESCRIPTION ="Size" FIELDNUMBER ="6" FIELDPROPERTY ="0" FIELDTYPE ="ELEMITEM" HIDDEN ="NO" KEYTYPE ="NOT A KEY" LENGTH ="0" LEVEL ="0" NAME ="BIOPTX" NULLABLE ="NOTNULL" OCCURS ="0" OFFSET ="0" PHYSICALLENGTH ="5" PHYSICALOFFSET ="30" PICTURETEXT ="" PRECISION ="5" SCALE ="0" USAGE_FLAGS =""/>
        <SOURCEFIELD BUSINESSNAME ="" DATATYPE ="char" DESCRIPTION ="Cup Size Null" FIELDNUMBER ="7" FIELDPROPERTY ="0" FIELDTYPE ="ELEMITEM" HIDDEN ="NO" KEYTYPE ="NOT A KEY" LENGTH ="0" LEVEL ="0" NAME ="BIOPTC" NULLABLE ="NOTNULL" OCCURS ="0" OFFSET ="0" PHYSICALLENGTH ="5" PHYSICALOFFSET ="35" PICTURETEXT ="" PRECISION ="5" SCALE ="0" USAGE_FLAGS =""/>
        <SOURCEFIELD BUSINESSNAME ="" DATATYPE ="char" DESCRIPTION ="Atribution Null" FIELDNUMBER ="8" FIELDPROPERTY ="0" FIELDTYPE ="ELEMITEM" HIDDEN ="NO" KEYTYPE ="NOT A KEY" LENGTH ="0" LEVEL ="0" NAME ="BIOPTA" NULLABLE ="NOTNULL" OCCURS ="0" OFFSET ="0" PHYSICALLENGTH ="10" PHYSICALOFFSET ="40" PICTURETEXT ="" PRECISION ="10" SCALE ="0" USAGE_FLAGS =""/>
        <SOURCEFIELD BUSINESSNAME ="" DATATYPE ="char" DESCRIPTION ="Item No." FIELDNUMBER ="9" FIELDPROPERTY ="0" FIELDTYPE ="ELEMITEM" HIDDEN ="NO" KEYTYPE ="NOT A KEY" LENGTH ="0" LEVEL ="0" NAME ="BIITNO" NULLABLE ="NOTNULL" OCCURS ="0" OFFSET ="0" PHYSICALLENGTH ="20" PHYSICALOFFSET ="50" PICTURETEXT ="" PRECISION ="20" SCALE ="0" USAGE_FLAGS =""/>
        <SOURCEFIELD BUSINESSNAME ="" DATATYPE ="char" DESCRIPTION ="UPC Code" FIELDNUMBER ="10" FIELDPROPERTY ="0" FIELDTYPE ="ELEMITEM" HIDDEN ="NO" KEYTYPE ="NOT A KEY" LENGTH ="0" LEVEL ="0" NAME ="BIUPCD" NULLABLE ="NOTNULL" OCCURS ="0" OFFSET ="0" PHYSICALLENGTH ="20" PHYSICALOFFSET ="70" PICTURETEXT ="" PRECISION ="20" SCALE ="0" USAGE_FLAGS =""/>
        <SOURCEFIELD BUSINESSNAME ="" DATATYPE ="char" DESCRIPTION ="Package" FIELDNUMBER ="11" FIELDPROPERTY ="0" FIELDTYPE ="ELEMITEM" HIDDEN ="NO" KEYTYPE ="NOT A KEY" LENGTH ="0" LEVEL ="0" NAME ="BIOPTZ" NULLABLE ="NOTNULL" OCCURS ="0" OFFSET ="0" PHYSICALLENGTH ="20" PHYSICALOFFSET ="90" PICTURETEXT ="" PRECISION ="20" SCALE ="0" USAGE_FLAGS =""/>
        <SOURCEFIELD BUSINESSNAME ="" DATATYPE ="char" DESCRIPTION ="Unit of Measure" FIELDNUMBER ="12" FIELDPROPERTY ="0" FIELDTYPE ="ELEMITEM" HIDDEN ="NO" KEYTYPE ="NOT A KEY" LENGTH ="0" LEVEL ="0" NAME ="BIUOM" NULLABLE ="NOTNULL" OCCURS ="0" OFFSET ="0" PHYSICALLENGTH ="20" PHYSICALOFFSET ="110" PICTURETEXT ="" PRECISION ="20" SCALE ="0" USAGE_FLAGS =""/>
        <SOURCEFIELD BUSINESSNAME ="" DATATYPE ="decimal" DESCRIPTION ="Garments per Pack" FIELDNUMBER ="13" FIELDPROPERTY ="0" FIELDTYPE ="ELEMITEM" HIDDEN ="NO" KEYTYPE ="NOT A KEY" LENGTH ="7" LEVEL ="0" NAME ="BIGARM" NULLABLE ="NOTNULL" OCCURS ="0" OFFSET ="0" PHYSICALLENGTH ="5" PHYSICALOFFSET ="130" PICTURETEXT ="" PRECISION ="5" SCALE ="2" USAGE_FLAGS =""/>
        <SOURCEFIELD BUSINESSNAME ="" DATATYPE ="char" DESCRIPTION ="Case conf. code Null" FIELDNUMBER ="14" FIELDPROPERTY ="0" FIELDTYPE ="ELEMITEM" HIDDEN ="NO" KEYTYPE ="NOT A KEY" LENGTH ="0" LEVEL ="0" NAME ="BICASC" NULLABLE ="NOTNULL" OCCURS ="0" OFFSET ="7" PHYSICALLENGTH ="5" PHYSICALOFFSET ="135" PICTURETEXT ="" PRECISION ="5" SCALE ="0" USAGE_FLAGS =""/>
        <SOURCEFIELD BUSINESSNAME ="" DATATYPE ="char" DESCRIPTION ="Case conf. Desc Null" FIELDNUMBER ="15" FIELDPROPERTY ="0" FIELDTYPE ="ELEMITEM" HIDDEN ="NO" KEYTYPE ="NOT A KEY" LENGTH ="0" LEVEL ="0" NAME ="BICASD" NULLABLE ="NOTNULL" OCCURS ="0" OFFSET ="7" PHYSICALLENGTH ="20" PHYSICALOFFSET ="140" PICTURETEXT ="" PRECISION ="20" SCALE ="0" USAGE_FLAGS =""/>
        <SOURCEFIELD BUSINESSNAME ="" DATATYPE ="decimal" DESCRIPTION ="Case Qty Null" FIELDNUMBER ="16" FIELDPROPERTY ="0" FIELDTYPE ="ELEMITEM" HIDDEN ="NO" KEYTYPE ="NOT A KEY" LENGTH ="12" LEVEL ="0" NAME ="BICQTY" NULLABLE ="NOTNULL" OCCURS ="0" OFFSET ="7" PHYSICALLENGTH ="10" PHYSICALOFFSET ="160" PICTURETEXT ="" PRECISION ="10" SCALE ="2" USAGE_FLAGS =""/>
        <SOURCEFIELD BUSINESSNAME ="" DATATYPE ="char" DESCRIPTION ="Inventory Type" FIELDNUMBER ="17" FIELDPROPERTY ="0" FIELDTYPE ="ELEMITEM" HIDDEN ="NO" KEYTYPE ="NOT A KEY" LENGTH ="0" LEVEL ="0" NAME ="BIINVT" NULLABLE ="NOTNULL" OCCURS ="0" OFFSET ="19" PHYSICALLENGTH ="20" PHYSICALOFFSET ="170" PICTURETEXT ="" PRECISION ="20" SCALE ="0" USAGE_FLAGS =""/>
        <SOURCEFIELD BUSINESSNAME ="" DATATYPE ="char" DESCRIPTION ="Inventory Class" FIELDNUMBER ="18" FIELDPROPERTY ="0" FIELDTYPE ="ELEMITEM" HIDDEN ="NO" KEYTYPE ="NOT A KEY" LENGTH ="0" LEVEL ="0" NAME ="BIQDES" NULLABLE ="NOTNULL" OCCURS ="0" OFFSET ="19" PHYSICALLENGTH ="30" PHYSICALOFFSET ="190" PICTURETEXT ="" PRECISION ="30" SCALE ="0" USAGE_FLAGS =""/>
        <SOURCEFIELD BUSINESSNAME ="" DATATYPE ="char" DESCRIPTION ="HBI Inventory Class" FIELDNUMBER ="19" FIELDPROPERTY ="0" FIELDTYPE ="ELEMITEM" HIDDEN ="NO" KEYTYPE ="NOT A KEY" LENGTH ="0" LEVEL ="0" NAME ="BIHBIQ" NULLABLE ="NOTNULL" OCCURS ="0" OFFSET ="19" PHYSICALLENGTH ="30" PHYSICALOFFSET ="220" PICTURETEXT ="" PRECISION ="30" SCALE ="0" USAGE_FLAGS =""/>
        <SOURCEFIELD BUSINESSNAME ="" DATATYPE ="decimal" DESCRIPTION ="On hand Inventory" FIELDNUMBER ="20" FIELDPROPERTY ="0" FIELDTYPE ="ELEMITEM" HIDDEN ="NO" KEYTYPE ="NOT A KEY" LENGTH ="22" LEVEL ="0" NAME ="BIOQTY" NULLABLE ="NOTNULL" OCCURS ="0" OFFSET ="19" PHYSICALLENGTH ="20" PHYSICALOFFSET ="250" PICTURETEXT ="" PRECISION ="20" SCALE ="4" USAGE_FLAGS =""/>
        <SOURCEFIELD BUSINESSNAME ="" DATATYPE ="decimal" DESCRIPTION ="In transit Inv." FIELDNUMBER ="21" FIELDPROPERTY ="0" FIELDTYPE ="ELEMITEM" HIDDEN ="NO" KEYTYPE ="NOT A KEY" LENGTH ="22" LEVEL ="0" NAME ="BITQTY" NULLABLE ="NOTNULL" OCCURS ="0" OFFSET ="41" PHYSICALLENGTH ="20" PHYSICALOFFSET ="270" PICTURETEXT ="" PRECISION ="20" SCALE ="4" USAGE_FLAGS =""/>
        <SOURCEFIELD BUSINESSNAME ="" DATATYPE ="char" DESCRIPTION ="Country" FIELDNUMBER ="22" FIELDPROPERTY ="0" FIELDTYPE ="ELEMITEM" HIDDEN ="NO" KEYTYPE ="NOT A KEY" LENGTH ="0" LEVEL ="0" NAME ="BICSCD" NULLABLE ="NOTNULL" OCCURS ="0" OFFSET ="63" PHYSICALLENGTH ="15" PHYSICALOFFSET ="290" PICTURETEXT ="" PRECISION ="15" SCALE ="0" USAGE_FLAGS =""/>
        <SOURCEFIELD BUSINESSNAME ="" DATATYPE ="decimal" DESCRIPTION ="Cst Type 3 STD" FIELDNUMBER ="23" FIELDPROPERTY ="0" FIELDTYPE ="ELEMITEM" HIDDEN ="NO" KEYTYPE ="NOT A KEY" LENGTH ="19" LEVEL ="0" NAME ="BICSU3" NULLABLE ="NOTNULL" OCCURS ="0" OFFSET ="63" PHYSICALLENGTH ="17" PHYSICALOFFSET ="305" PICTURETEXT ="" PRECISION ="17" SCALE ="6" USAGE_FLAGS =""/>
        <SOURCEFIELD BUSINESSNAME ="" DATATYPE ="char" DESCRIPTION ="Currency                                     WCU01" FIELDNUMBER ="24" FIELDPROPERTY ="0" FIELDTYPE ="ELEMITEM" HIDDEN ="NO" KEYTYPE ="NOT A KEY" LENGTH ="0" LEVEL ="0" NAME ="BICUCD" NULLABLE ="NOTNULL" OCCURS ="0" OFFSET ="82" PHYSICALLENGTH ="3" PHYSICALOFFSET ="322" PICTURETEXT ="" PRECISION ="3" SCALE ="0" USAGE_FLAGS =""/>
        <SOURCEFIELD BUSINESSNAME ="" DATATYPE ="decimal" DESCRIPTION ="Cst Type 2 TRANSF" FIELDNUMBER ="25" FIELDPROPERTY ="0" FIELDTYPE ="ELEMITEM" HIDDEN ="NO" KEYTYPE ="NOT A KEY" LENGTH ="19" LEVEL ="0" NAME ="BICSU2" NULLABLE ="NOTNULL" OCCURS ="0" OFFSET ="82" PHYSICALLENGTH ="17" PHYSICALOFFSET ="325" PICTURETEXT ="" PRECISION ="17" SCALE ="6" USAGE_FLAGS =""/>
        <SOURCEFIELD BUSINESSNAME ="" DATATYPE ="decimal" DESCRIPTION ="Price 1 Null" FIELDNUMBER ="26" FIELDPROPERTY ="0" FIELDTYPE ="ELEMITEM" HIDDEN ="NO" KEYTYPE ="NOT A KEY" LENGTH ="22" LEVEL ="0" NAME ="BIPRI1" NULLABLE ="NOTNULL" OCCURS ="0" OFFSET ="101" PHYSICALLENGTH ="20" PHYSICALOFFSET ="342" PICTURETEXT ="" PRECISION ="20" SCALE ="4" USAGE_FLAGS =""/>
        <SOURCEFIELD BUSINESSNAME ="" DATATYPE ="decimal" DESCRIPTION ="Price 2 Null" FIELDNUMBER ="27" FIELDPROPERTY ="0" FIELDTYPE ="ELEMITEM" HIDDEN ="NO" KEYTYPE ="NOT A KEY" LENGTH ="22" LEVEL ="0" NAME ="BIPRI2" NULLABLE ="NOTNULL" OCCURS ="0" OFFSET ="123" PHYSICALLENGTH ="20" PHYSICALOFFSET ="362" PICTURETEXT ="" PRECISION ="20" SCALE ="4" USAGE_FLAGS =""/>
        <SOURCEFIELD BUSINESSNAME ="" DATATYPE ="decimal" DESCRIPTION ="Entry date                                   WRGD1" FIELDNUMBER ="28" FIELDPROPERTY ="0" FIELDTYPE ="ELEMITEM" HIDDEN ="NO" KEYTYPE ="NOT A KEY" LENGTH ="10" LEVEL ="0" NAME ="BIRGDT" NULLABLE ="NOTNULL" OCCURS ="0" OFFSET ="145" PHYSICALLENGTH ="8" PHYSICALOFFSET ="382" PICTURETEXT ="" PRECISION ="8" SCALE ="0" USAGE_FLAGS =""/>
        <SOURCEFIELD BUSINESSNAME ="" DATATYPE ="char" DESCRIPTION ="Created by" FIELDNUMBER ="29" FIELDPROPERTY ="0" FIELDTYPE ="ELEMITEM" HIDDEN ="NO" KEYTYPE ="NOT A KEY" LENGTH ="0" LEVEL ="0" NAME ="BIUSER" NULLABLE ="NOTNULL" OCCURS ="0" OFFSET ="155" PHYSICALLENGTH ="20" PHYSICALOFFSET ="390" PICTURETEXT ="" PRECISION ="20" SCALE ="0" USAGE_FLAGS =""/>
        <SOURCEFIELD BUSINESSNAME ="" DATATYPE ="decimal" DESCRIPTION ="Proc. Date" FIELDNUMBER ="30" FIELDPROPERTY ="0" FIELDTYPE ="ELEMITEM" HIDDEN ="NO" KEYTYPE ="NOT A KEY" LENGTH ="10" LEVEL ="0" NAME ="BIDATE" NULLABLE ="NOTNULL" OCCURS ="0" OFFSET ="155" PHYSICALLENGTH ="8" PHYSICALOFFSET ="410" PICTURETEXT ="" PRECISION ="8" SCALE ="0" USAGE_FLAGS =""/>
        <SOURCEFIELD BUSINESSNAME ="" DATATYPE ="char" DESCRIPTION ="Processed User Null" FIELDNUMBER ="31" FIELDPROPERTY ="0" FIELDTYPE ="ELEMITEM" HIDDEN ="NO" KEYTYPE ="NOT A KEY" LENGTH ="0" LEVEL ="0" NAME ="BIUSRP" NULLABLE ="NOTNULL" OCCURS ="0" OFFSET ="165" PHYSICALLENGTH ="10" PHYSICALOFFSET ="418" PICTURETEXT ="" PRECISION ="10" SCALE ="0" USAGE_FLAGS =""/>
        <SOURCEFIELD BUSINESSNAME ="" DATATYPE ="decimal" DESCRIPTION ="Proc. Date" FIELDNUMBER ="32" FIELDPROPERTY ="0" FIELDTYPE ="ELEMITEM" HIDDEN ="NO" KEYTYPE ="NOT A KEY" LENGTH ="10" LEVEL ="0" NAME ="BIDATP" NULLABLE ="NOTNULL" OCCURS ="0" OFFSET ="165" PHYSICALLENGTH ="8" PHYSICALOFFSET ="428" PICTURETEXT ="" PRECISION ="8" SCALE ="0" USAGE_FLAGS =""/>
        <SOURCEFIELD BUSINESSNAME ="" DATATYPE ="char" DESCRIPTION ="Proc. FLAG Null" FIELDNUMBER ="33" FIELDPROPERTY ="0" FIELDTYPE ="ELEMITEM" HIDDEN ="NO" KEYTYPE ="NOT A KEY" LENGTH ="0" LEVEL ="0" NAME ="BIPROC" NULLABLE ="NOTNULL" OCCURS ="0" OFFSET ="175" PHYSICALLENGTH ="1" PHYSICALOFFSET ="436" PICTURETEXT ="" PRECISION ="1" SCALE ="0" USAGE_FLAGS =""/>
        <SOURCEFIELD BUSINESSNAME ="" DATATYPE ="char" DESCRIPTION ="Origin" FIELDNUMBER ="34" FIELDPROPERTY ="0" FIELDTYPE ="ELEMITEM" HIDDEN ="NO" KEYTYPE ="NOT A KEY" LENGTH ="0" LEVEL ="0" NAME ="BIINVO" NULLABLE ="NOTNULL" OCCURS ="0" OFFSET ="175" PHYSICALLENGTH ="10" PHYSICALOFFSET ="437" PICTURETEXT ="" PRECISION ="10" SCALE ="0" USAGE_FLAGS =""/>
    </SOURCE>
    <TARGET BUSINESSNAME ="" CONSTRAINT ="" DATABASETYPE ="Oracle" DESCRIPTION ="" NAME ="STG_INVENTORY" OBJECTVERSION ="1" TABLEOPTIONS ="" VERSIONNUMBER ="1">
        <TARGETFIELD BUSINESSNAME ="" DATATYPE ="varchar2" DESCRIPTION ="" FIELDNUMBER ="1" KEYTYPE ="NOT A KEY" NAME ="COMPANY_CODE" NULLABLE ="NOTNULL" PICTURETEXT ="" PRECISION ="5" SCALE ="0"/>
        <TARGETFIELD BUSINESSNAME ="" DATATYPE ="varchar2" DESCRIPTION ="" FIELDNUMBER ="2" KEYTYPE ="NOT A KEY" NAME ="PLANT_CODE" NULLABLE ="NOTNULL" PICTURETEXT ="" PRECISION ="5" SCALE ="0"/>
        <TARGETFIELD BUSINESSNAME ="" DATATYPE ="varchar2" DESCRIPTION ="" FIELDNUMBER ="3" KEYTYPE ="NOT A KEY" NAME ="FROM_PLANT_CODE" NULLABLE ="NULL" PICTURETEXT ="" PRECISION ="5" SCALE ="0"/>
        <TARGETFIELD BUSINESSNAME ="" DATATYPE ="varchar2" DESCRIPTION ="" FIELDNUMBER ="4" KEYTYPE ="NOT A KEY" NAME ="STYLE_NUM" NULLABLE ="NULL" PICTURETEXT ="" PRECISION ="10" SCALE ="0"/>
        <TARGETFIELD BUSINESSNAME ="" DATATYPE ="varchar2" DESCRIPTION ="" FIELDNUMBER ="5" KEYTYPE ="NOT A KEY" NAME ="COLOR_CODE" NULLABLE ="NULL" PICTURETEXT ="" PRECISION ="5" SCALE ="0"/>
        <TARGETFIELD BUSINESSNAME ="" DATATYPE ="varchar2" DESCRIPTION ="" FIELDNUMBER ="6" KEYTYPE ="NOT A KEY" NAME ="SIZE_CODE" NULLABLE ="NULL" PICTURETEXT ="" PRECISION ="5" SCALE ="0"/>
        <TARGETFIELD BUSINESSNAME ="" DATATYPE ="varchar2" DESCRIPTION ="" FIELDNUMBER ="7" KEYTYPE ="NOT A KEY" NAME ="CUP_SIZE" NULLABLE ="NULL" PICTURETEXT ="" PRECISION ="5" SCALE ="0"/>
        <TARGETFIELD BUSINESSNAME ="" DATATYPE ="varchar2" DESCRIPTION ="" FIELDNUMBER ="8" KEYTYPE ="NOT A KEY" NAME ="ATTRIBUTION_CODE" NULLABLE ="NULL" PICTURETEXT ="" PRECISION ="10" SCALE ="0"/>
        <TARGETFIELD BUSINESSNAME ="" DATATYPE ="varchar2" DESCRIPTION ="" FIELDNUMBER ="9" KEYTYPE ="NOT A KEY" NAME ="SKU" NULLABLE ="NULL" PICTURETEXT ="" PRECISION ="20" SCALE ="0"/>
        <TARGETFIELD BUSINESSNAME ="" DATATYPE ="varchar2" DESCRIPTION ="" FIELDNUMBER ="10" KEYTYPE ="NOT A KEY" NAME ="UPC_CODE" NULLABLE ="NULL" PICTURETEXT ="" PRECISION ="20" SCALE ="0"/>
        <TARGETFIELD BUSINESSNAME ="" DATATYPE ="varchar2" DESCRIPTION ="" FIELDNUMBER ="11" KEYTYPE ="NOT A KEY" NAME ="PACKAGE_TYPE" NULLABLE ="NULL" PICTURETEXT ="" PRECISION ="20" SCALE ="0"/>
        <TARGETFIELD BUSINESSNAME ="" DATATYPE ="varchar2" DESCRIPTION ="" FIELDNUMBER ="12" KEYTYPE ="NOT A KEY" NAME ="UOM" NULLABLE ="NULL" PICTURETEXT ="" PRECISION ="20" SCALE ="0"/>
        <TARGETFIELD BUSINESSNAME ="" DATATYPE ="number(p,s)" DESCRIPTION ="" FIELDNUMBER ="13" KEYTYPE ="NOT A KEY" NAME ="GARMENTS_PER_PKG" NULLABLE ="NULL" PICTURETEXT ="" PRECISION ="5" SCALE ="2"/>
        <TARGETFIELD BUSINESSNAME ="" DATATYPE ="varchar2" DESCRIPTION ="" FIELDNUMBER ="14" KEYTYPE ="NOT A KEY" NAME ="CASE_CONFIG_CODE" NULLABLE ="NULL" PICTURETEXT ="" PRECISION ="5" SCALE ="0"/>
        <TARGETFIELD BUSINESSNAME ="" DATATYPE ="varchar2" DESCRIPTION ="" FIELDNUMBER ="15" KEYTYPE ="NOT A KEY" NAME ="CASE_CONFIG_DESC" NULLABLE ="NULL" PICTURETEXT ="" PRECISION ="20" SCALE ="0"/>
        <TARGETFIELD BUSINESSNAME ="" DATATYPE ="number(p,s)" DESCRIPTION ="" FIELDNUMBER ="16" KEYTYPE ="NOT A KEY" NAME ="CASE_QTY" NULLABLE ="NULL" PICTURETEXT ="" PRECISION ="10" SCALE ="2"/>
        <TARGETFIELD BUSINESSNAME ="" DATATYPE ="varchar2" DESCRIPTION ="" FIELDNUMBER ="17" KEYTYPE ="NOT A KEY" NAME ="INVENTORY_TYPE" NULLABLE ="NULL" PICTURETEXT ="" PRECISION ="20" SCALE ="0"/>
        <TARGETFIELD BUSINESSNAME ="" DATATYPE ="varchar2" DESCRIPTION ="" FIELDNUMBER ="18" KEYTYPE ="NOT A KEY" NAME ="QUALITY_DESC" NULLABLE ="NULL" PICTURETEXT ="" PRECISION ="50" SCALE ="0"/>
        <TARGETFIELD BUSINESSNAME ="" DATATYPE ="varchar2" DESCRIPTION ="" FIELDNUMBER ="19" KEYTYPE ="NOT A KEY" NAME ="HBI_QUALITY" NULLABLE ="NULL" PICTURETEXT ="" PRECISION ="50" SCALE ="0"/>
        <TARGETFIELD BUSINESSNAME ="" DATATYPE ="number(p,s)" DESCRIPTION ="" FIELDNUMBER ="20" KEYTYPE ="NOT A KEY" NAME ="ON_HAND_QTY" NULLABLE ="NULL" PICTURETEXT ="" PRECISION ="20" SCALE ="4"/>
        <TARGETFIELD BUSINESSNAME ="" DATATYPE ="number(p,s)" DESCRIPTION ="" FIELDNUMBER ="21" KEYTYPE ="NOT A KEY" NAME ="INTRANSIT_QTY" NULLABLE ="NULL" PICTURETEXT ="" PRECISION ="20" SCALE ="4"/>
        <TARGETFIELD BUSINESSNAME ="" DATATYPE ="varchar2" DESCRIPTION ="" FIELDNUMBER ="22" KEYTYPE ="NOT A KEY" NAME ="COUNTRY" NULLABLE ="NULL" PICTURETEXT ="" PRECISION ="50" SCALE ="0"/>
        <TARGETFIELD BUSINESSNAME ="" DATATYPE ="number(p,s)" DESCRIPTION ="" FIELDNUMBER ="23" KEYTYPE ="NOT A KEY" NAME ="STANDARD_COST" NULLABLE ="NULL" PICTURETEXT ="" PRECISION ="20" SCALE ="4"/>
        <TARGETFIELD BUSINESSNAME ="" DATATYPE ="varchar2" DESCRIPTION ="" FIELDNUMBER ="24" KEYTYPE ="NOT A KEY" NAME ="STANDARD_COST_CURRENCY" NULLABLE ="NULL" PICTURETEXT ="" PRECISION ="3" SCALE ="0"/>
        <TARGETFIELD BUSINESSNAME ="" DATATYPE ="number(p,s)" DESCRIPTION ="" FIELDNUMBER ="25" KEYTYPE ="NOT A KEY" NAME ="TRANSFER_PRICE" NULLABLE ="NULL" PICTURETEXT ="" PRECISION ="20" SCALE ="4"/>
        <TARGETFIELD BUSINESSNAME ="" DATATYPE ="number(p,s)" DESCRIPTION ="" FIELDNUMBER ="26" KEYTYPE ="NOT A KEY" NAME ="PRICE_1" NULLABLE ="NULL" PICTURETEXT ="" PRECISION ="20" SCALE ="4"/>
        <TARGETFIELD BUSINESSNAME ="" DATATYPE ="number(p,s)" DESCRIPTION ="" FIELDNUMBER ="27" KEYTYPE ="NOT A KEY" NAME ="PRICE_2" NULLABLE ="NULL" PICTURETEXT ="" PRECISION ="20" SCALE ="4"/>
        <TARGETFIELD BUSINESSNAME ="" DATATYPE ="date" DESCRIPTION ="" FIELDNUMBER ="28" KEYTYPE ="NOT A KEY" NAME ="WEEK_END_DATE" NULLABLE ="NOTNULL" PICTURETEXT ="" PRECISION ="19" SCALE ="0"/>
        <TARGETFIELD BUSINESSNAME ="" DATATYPE ="varchar2" DESCRIPTION ="" FIELDNUMBER ="29" KEYTYPE ="NOT A KEY" NAME ="CREATE_USERID" NULLABLE ="NOTNULL" PICTURETEXT ="" PRECISION ="20" SCALE ="0"/>
        <TARGETFIELD BUSINESSNAME ="" DATATYPE ="date" DESCRIPTION ="" FIELDNUMBER ="30" KEYTYPE ="NOT A KEY" NAME ="CREATE_DATE" NULLABLE ="NOTNULL" PICTURETEXT ="" PRECISION ="19" SCALE ="0"/>
        <TARGETFIELD BUSINESSNAME ="" DATATYPE ="varchar2" DESCRIPTION ="" FIELDNUMBER ="31" KEYTYPE ="NOT A KEY" NAME ="PROCESSED_USERID" NULLABLE ="NULL" PICTURETEXT ="" PRECISION ="20" SCALE ="0"/>
        <TARGETFIELD BUSINESSNAME ="" DATATYPE ="date" DESCRIPTION ="" FIELDNUMBER ="32" KEYTYPE ="NOT A KEY" NAME ="PROCESSED_DATE" NULLABLE ="NULL" PICTURETEXT ="" PRECISION ="19" SCALE ="0"/>
        <TARGETFIELD BUSINESSNAME ="" DATATYPE ="varchar2" DESCRIPTION ="" FIELDNUMBER ="33" KEYTYPE ="NOT A KEY" NAME ="PROCESS_FLAG" NULLABLE ="NOTNULL" PICTURETEXT ="" PRECISION ="21" SCALE ="0"/>
    </TARGET>
    <MAPPING DESCRIPTION ="This mapping fetches data from source table( GFS_BI.GFS_BI_INVENTORY_LOAD_STG) and BIDSSDTA .BIINVS and loads mexico and GFS data to staging table(staging.stg_inventory)" ISVALID ="YES" NAME ="m_STG_INV_LOAD" OBJECTVERSION ="1" VERSIONNUMBER ="1">
        <TRANSFORMATION DESCRIPTION ="Safe expression and adding user defined hardcoded values." NAME ="EXP_STG_INVENTORY" OBJECTVERSION ="1" REUSABLE ="NO" TYPE ="Expression" VERSIONNUMBER ="1">
            <TRANSFORMFIELD DATATYPE ="string" DEFAULTVALUE ="" DESCRIPTION ="" NAME ="I_ATTRIBUTION_CODE" PICTURETEXT ="" PORTTYPE ="INPUT" PRECISION ="10" SCALE ="0"/>
            <TRANSFORMFIELD DATATYPE ="string" DEFAULTVALUE ="" DESCRIPTION ="" NAME ="I_SKU" PICTURETEXT ="" PORTTYPE ="INPUT" PRECISION ="50" SCALE ="0"/>
            <TRANSFORMFIELD DATATYPE ="decimal" DEFAULTVALUE ="" DESCRIPTION ="" NAME ="I_WEEK_END_DATE" PICTURETEXT ="" PORTTYPE ="INPUT" PRECISION ="8" SCALE ="0"/>
            <TRANSFORMFIELD DATATYPE ="string" DEFAULTVALUE ="" DESCRIPTION ="" NAME ="I_COMPANY_CODE" PICTURETEXT ="" PORTTYPE ="INPUT" PRECISION ="5" SCALE ="0"/>
            <TRANSFORMFIELD DATATYPE ="string" DEFAULTVALUE ="" DESCRIPTION ="" EXPRESSION ="PLANT_CODE" EXPRESSIONTYPE ="GENERAL" NAME ="PLANT_CODE" PICTURETEXT ="" PORTTYPE ="INPUT/OUTPUT" PRECISION ="5" SCALE ="0"/>
            <TRANSFORMFIELD DATATYPE ="string" DEFAULTVALUE ="" DESCRIPTION ="" EXPRESSION ="FROM_PLANT_CODE" EXPRESSIONTYPE ="GENERAL" NAME ="FROM_PLANT_CODE" PICTURETEXT ="" PORTTYPE ="INPUT/OUTPUT" PRECISION ="5" SCALE ="0"/>
            <TRANSFORMFIELD DATATYPE ="string" DEFAULTVALUE ="" DESCRIPTION ="" EXPRESSION ="STYLE_NUM" EXPRESSIONTYPE ="GENERAL" NAME ="STYLE_NUM" PICTURETEXT ="" PORTTYPE ="INPUT/OUTPUT" PRECISION ="10" SCALE ="0"/>
            <TRANSFORMFIELD DATATYPE ="string" DEFAULTVALUE ="" DESCRIPTION ="" EXPRESSION ="COLOR_CODE" EXPRESSIONTYPE ="GENERAL" NAME ="COLOR_CODE" PICTURETEXT ="" PORTTYPE ="INPUT/OUTPUT" PRECISION ="5" SCALE ="0"/>
            <TRANSFORMFIELD DATATYPE ="string" DEFAULTVALUE ="" DESCRIPTION ="" EXPRESSION ="SIZE_CODE" EXPRESSIONTYPE ="GENERAL" NAME ="SIZE_CODE" PICTURETEXT ="" PORTTYPE ="INPUT/OUTPUT" PRECISION ="5" SCALE ="0"/>
            <TRANSFORMFIELD DATATYPE ="string" DEFAULTVALUE ="" DESCRIPTION ="" EXPRESSION ="CUP_SIZE" EXPRESSIONTYPE ="GENERAL" NAME ="CUP_SIZE" PICTURETEXT ="" PORTTYPE ="INPUT/OUTPUT" PRECISION ="5" SCALE ="0"/>
            <TRANSFORMFIELD DATATYPE ="string" DEFAULTVALUE ="" DESCRIPTION ="" EXPRESSION ="UPC_CODE" EXPRESSIONTYPE ="GENERAL" NAME ="UPC_CODE" PICTURETEXT ="" PORTTYPE ="INPUT/OUTPUT" PRECISION ="20" SCALE ="0"/>
            <TRANSFORMFIELD DATATYPE ="string" DEFAULTVALUE ="" DESCRIPTION ="" EXPRESSION ="PACKAGE_TYPE" EXPRESSIONTYPE ="GENERAL" NAME ="PACKAGE_TYPE" PICTURETEXT ="" PORTTYPE ="INPUT/OUTPUT" PRECISION ="20" SCALE ="0"/>
            <TRANSFORMFIELD DATATYPE ="string" DEFAULTVALUE ="" DESCRIPTION ="" EXPRESSION ="UOM" EXPRESSIONTYPE ="GENERAL" NAME ="UOM" PICTURETEXT ="" PORTTYPE ="INPUT/OUTPUT" PRECISION ="20" SCALE ="0"/>
            <TRANSFORMFIELD DATATYPE ="decimal" DEFAULTVALUE ="" DESCRIPTION ="" EXPRESSION ="GARMENTS_PER_PKG" EXPRESSIONTYPE ="GENERAL" NAME ="GARMENTS_PER_PKG" PICTURETEXT ="" PORTTYPE ="INPUT/OUTPUT" PRECISION ="5" SCALE ="2"/>
            <TRANSFORMFIELD DATATYPE ="string" DEFAULTVALUE ="" DESCRIPTION ="" EXPRESSION ="CASE_CONFIG_CODE" EXPRESSIONTYPE ="GENERAL" NAME ="CASE_CONFIG_CODE" PICTURETEXT ="" PORTTYPE ="INPUT/OUTPUT" PRECISION ="5" SCALE ="0"/>
            <TRANSFORMFIELD DATATYPE ="string" DEFAULTVALUE ="" DESCRIPTION ="" EXPRESSION ="CASE_CONFIG_DESC" EXPRESSIONTYPE ="GENERAL" NAME ="CASE_CONFIG_DESC" PICTURETEXT ="" PORTTYPE ="INPUT/OUTPUT" PRECISION ="20" SCALE ="0"/>
            <TRANSFORMFIELD DATATYPE ="decimal" DEFAULTVALUE ="" DESCRIPTION ="" EXPRESSION ="CASE_QTY" EXPRESSIONTYPE ="GENERAL" NAME ="CASE_QTY" PICTURETEXT ="" PORTTYPE ="INPUT/OUTPUT" PRECISION ="10" SCALE ="2"/>
            <TRANSFORMFIELD DATATYPE ="string" DEFAULTVALUE ="" DESCRIPTION ="" EXPRESSION ="INVENTORY_TYPE" EXPRESSIONTYPE ="GENERAL" NAME ="INVENTORY_TYPE" PICTURETEXT ="" PORTTYPE ="INPUT/OUTPUT" PRECISION ="20" SCALE ="0"/>
            <TRANSFORMFIELD DATATYPE ="string" DEFAULTVALUE ="" DESCRIPTION ="" EXPRESSION ="QUALITY_DESC" EXPRESSIONTYPE ="GENERAL" NAME ="QUALITY_DESC" PICTURETEXT ="" PORTTYPE ="INPUT/OUTPUT" PRECISION ="50" SCALE ="0"/>
            <TRANSFORMFIELD DATATYPE ="string" DEFAULTVALUE ="" DESCRIPTION ="" EXPRESSION ="HBI_QUALITY" EXPRESSIONTYPE ="GENERAL" NAME ="HBI_QUALITY" PICTURETEXT ="" PORTTYPE ="INPUT/OUTPUT" PRECISION ="50" SCALE ="0"/>
            <TRANSFORMFIELD DATATYPE ="decimal" DEFAULTVALUE ="" DESCRIPTION ="" EXPRESSION ="ON_HAND_QTY" EXPRESSIONTYPE ="GENERAL" NAME ="ON_HAND_QTY" PICTURETEXT ="" PORTTYPE ="INPUT/OUTPUT" PRECISION ="20" SCALE ="4"/>
            <TRANSFORMFIELD DATATYPE ="decimal" DEFAULTVALUE ="" DESCRIPTION ="" EXPRESSION ="INTRANSIT_QTY" EXPRESSIONTYPE ="GENERAL" NAME ="INTRANSIT_QTY" PICTURETEXT ="" PORTTYPE ="INPUT/OUTPUT" PRECISION ="20" SCALE ="4"/>
            <TRANSFORMFIELD DATATYPE ="string" DEFAULTVALUE ="" DESCRIPTION ="" EXPRESSION ="COUNTRY" EXPRESSIONTYPE ="GENERAL" NAME ="COUNTRY" PICTURETEXT ="" PORTTYPE ="INPUT/OUTPUT" PRECISION ="50" SCALE ="0"/>
            <TRANSFORMFIELD DATATYPE ="decimal" DEFAULTVALUE ="" DESCRIPTION ="" EXPRESSION ="STANDARD_COST" EXPRESSIONTYPE ="GENERAL" NAME ="STANDARD_COST" PICTURETEXT ="" PORTTYPE ="INPUT/OUTPUT" PRECISION ="20" SCALE ="4"/>
            <TRANSFORMFIELD DATATYPE ="string" DEFAULTVALUE ="" DESCRIPTION ="" EXPRESSION ="STANDARD_COST_CURRENCY" EXPRESSIONTYPE ="GENERAL" NAME ="STANDARD_COST_CURRENCY" PICTURETEXT ="" PORTTYPE ="INPUT/OUTPUT" PRECISION ="3" SCALE ="0"/>
            <TRANSFORMFIELD DATATYPE ="decimal" DEFAULTVALUE ="" DESCRIPTION ="Cst Type 2 TRANSF" EXPRESSION ="TRANSFER_PROCE" EXPRESSIONTYPE ="GENERAL" NAME ="TRANSFER_PROCE" PICTURETEXT ="" PORTTYPE ="INPUT/OUTPUT" PRECISION ="20" SCALE ="4"/>
            <TRANSFORMFIELD DATATYPE ="decimal" DEFAULTVALUE ="" DESCRIPTION ="Price 1 Null" EXPRESSION ="PRICE_1" EXPRESSIONTYPE ="GENERAL" NAME ="PRICE_1" PICTURETEXT ="" PORTTYPE ="INPUT/OUTPUT" PRECISION ="20" SCALE ="4"/>
            <TRANSFORMFIELD DATATYPE ="decimal" DEFAULTVALUE ="" DESCRIPTION ="Price 2 Null" EXPRESSION ="PRICE_2" EXPRESSIONTYPE ="GENERAL" NAME ="PRICE_2" PICTURETEXT ="" PORTTYPE ="INPUT/OUTPUT" PRECISION ="20" SCALE ="4"/>
            <TRANSFORMFIELD DATATYPE ="date/time" DEFAULTVALUE ="ERROR(&apos;transformation error&apos;)" DESCRIPTION ="" EXPRESSION ="TO_DATE(TO_CHAR(I_WEEK_END_DATE),&apos;YYYYMMDD&apos;)" EXPRESSIONTYPE ="GENERAL" NAME ="O_WEEK_END_DATE" PICTURETEXT ="" PORTTYPE ="OUTPUT" PRECISION ="29" SCALE ="9"/>
            <TRANSFORMFIELD DATATYPE ="string" DEFAULTVALUE ="ERROR(&apos;transformation error&apos;)" DESCRIPTION ="" EXPRESSION ="&apos;STG_&apos;||LTRIM(RTRIM(I_COMPANY_CODE))||&apos;_INV&apos;" EXPRESSIONTYPE ="GENERAL" NAME ="CREATE_USERID" PICTURETEXT ="" PORTTYPE ="OUTPUT" PRECISION ="20" SCALE ="0"/>
            <TRANSFORMFIELD DATATYPE ="date/time" DEFAULTVALUE ="ERROR(&apos;transformation error&apos;)" DESCRIPTION ="" EXPRESSION ="SYSDATE" EXPRESSIONTYPE ="GENERAL" NAME ="CREATE_DATE" PICTURETEXT ="" PORTTYPE ="OUTPUT" PRECISION ="29" SCALE ="9"/>
            <TRANSFORMFIELD DATATYPE ="string" DEFAULTVALUE ="ERROR(&apos;transformation error&apos;)" DESCRIPTION ="" EXPRESSION ="&apos;N&apos;" EXPRESSIONTYPE ="GENERAL" NAME ="PROCESS_FLAG" PICTURETEXT ="" PORTTYPE ="OUTPUT" PRECISION ="21" SCALE ="0"/>
            <TRANSFORMFIELD DATATYPE ="string" DEFAULTVALUE ="ERROR(&apos;transformation error&apos;)" DESCRIPTION ="" EXPRESSION ="I_COMPANY_CODE" EXPRESSIONTYPE ="GENERAL" NAME ="O_COMPANY_CODE" PICTURETEXT ="" PORTTYPE ="OUTPUT" PRECISION ="5" SCALE ="0"/>
            <TRANSFORMFIELD DATATYPE ="string" DEFAULTVALUE ="ERROR(&apos;transformation error&apos;)" DESCRIPTION ="" EXPRESSION ="LTRIM(RTRIM(I_SKU))" EXPRESSIONTYPE ="GENERAL" NAME ="O_SKU" PICTURETEXT ="" PORTTYPE ="OUTPUT" PRECISION ="50" SCALE ="0"/>
            <TRANSFORMFIELD DATATYPE ="string" DEFAULTVALUE ="ERROR(&apos;transformation error&apos;)" DESCRIPTION ="" EXPRESSION ="LTRIM(RTRIM(I_ATTRIBUTION_CODE))" EXPRESSIONTYPE ="GENERAL" NAME ="O_ATTRIBUTION_CODE" PICTURETEXT ="" PORTTYPE ="OUTPUT" PRECISION ="10" SCALE ="0"/>
            <TABLEATTRIBUTE NAME ="Tracing Level" VALUE ="Normal"/>
        </TRANSFORMATION>
        <TRANSFORMATION DESCRIPTION ="Fetching the required fields values." NAME ="SQ_BIINVS" OBJECTVERSION ="1" REUSABLE ="NO" TYPE ="Source Qualifier" VERSIONNUMBER ="1">
            <TRANSFORMFIELD DATATYPE ="string" DEFAULTVALUE ="" DESCRIPTION ="" NAME ="COMPANY_CODE" PICTURETEXT ="" PORTTYPE ="INPUT/OUTPUT" PRECISION ="5" SCALE ="0"/>
            <TRANSFORMFIELD DATATYPE ="string" DEFAULTVALUE ="" DESCRIPTION ="" NAME ="PLANT_CODE" PICTURETEXT ="" PORTTYPE ="INPUT/OUTPUT" PRECISION ="5" SCALE ="0"/>
            <TRANSFORMFIELD DATATYPE ="string" DEFAULTVALUE ="" DESCRIPTION ="" NAME ="FROM_PLANT_CODE" PICTURETEXT ="" PORTTYPE ="INPUT/OUTPUT" PRECISION ="5" SCALE ="0"/>
            <TRANSFORMFIELD DATATYPE ="string" DEFAULTVALUE ="" DESCRIPTION ="" NAME ="STYLE_NUM" PICTURETEXT ="" PORTTYPE ="INPUT/OUTPUT" PRECISION ="10" SCALE ="0"/>
            <TRANSFORMFIELD DATATYPE ="string" DEFAULTVALUE ="" DESCRIPTION ="" NAME ="COLOR_CODE" PICTURETEXT ="" PORTTYPE ="INPUT/OUTPUT" PRECISION ="5" SCALE ="0"/>
            <TRANSFORMFIELD DATATYPE ="string" DEFAULTVALUE ="" DESCRIPTION ="" NAME ="SIZE_CODE" PICTURETEXT ="" PORTTYPE ="INPUT/OUTPUT" PRECISION ="5" SCALE ="0"/>
            <TRANSFORMFIELD DATATYPE ="string" DEFAULTVALUE ="" DESCRIPTION ="" NAME ="CUP_SIZE" PICTURETEXT ="" PORTTYPE ="INPUT/OUTPUT" PRECISION ="5" SCALE ="0"/>
            <TRANSFORMFIELD DATATYPE ="string" DEFAULTVALUE ="" DESCRIPTION ="" NAME ="ATTRIBUTION_CODE" PICTURETEXT ="" PORTTYPE ="INPUT/OUTPUT" PRECISION ="10" SCALE ="0"/>
            <TRANSFORMFIELD DATATYPE ="string" DEFAULTVALUE ="" DESCRIPTION ="" NAME ="SKU" PICTURETEXT ="" PORTTYPE ="INPUT/OUTPUT" PRECISION ="50" SCALE ="0"/>
            <TRANSFORMFIELD DATATYPE ="string" DEFAULTVALUE ="" DESCRIPTION ="" NAME ="UPC_CODE" PICTURETEXT ="" PORTTYPE ="INPUT/OUTPUT" PRECISION ="20" SCALE ="0"/>
            <TRANSFORMFIELD DATATYPE ="string" DEFAULTVALUE ="" DESCRIPTION ="" NAME ="PACKAGE_TYPE" PICTURETEXT ="" PORTTYPE ="INPUT/OUTPUT" PRECISION ="20" SCALE ="0"/>
            <TRANSFORMFIELD DATATYPE ="string" DEFAULTVALUE ="" DESCRIPTION ="" NAME ="UOM" PICTURETEXT ="" PORTTYPE ="INPUT/OUTPUT" PRECISION ="20" SCALE ="0"/>
            <TRANSFORMFIELD DATATYPE ="decimal" DEFAULTVALUE ="" DESCRIPTION ="" NAME ="GARMENTS_PER_PKG" PICTURETEXT ="" PORTTYPE ="INPUT/OUTPUT" PRECISION ="5" SCALE ="2"/>
            <TRANSFORMFIELD DATATYPE ="string" DEFAULTVALUE ="" DESCRIPTION ="" NAME ="CASE_CONFIG_CODE" PICTURETEXT ="" PORTTYPE ="INPUT/OUTPUT" PRECISION ="5" SCALE ="0"/>
            <TRANSFORMFIELD DATATYPE ="string" DEFAULTVALUE ="" DESCRIPTION ="" NAME ="CASE_CONFIG_DESC" PICTURETEXT ="" PORTTYPE ="INPUT/OUTPUT" PRECISION ="20" SCALE ="0"/>
            <TRANSFORMFIELD DATATYPE ="decimal" DEFAULTVALUE ="" DESCRIPTION ="" NAME ="CASE_QTY" PICTURETEXT ="" PORTTYPE ="INPUT/OUTPUT" PRECISION ="10" SCALE ="2"/>
            <TRANSFORMFIELD DATATYPE ="string" DEFAULTVALUE ="" DESCRIPTION ="" NAME ="INVENTORY_TYPE" PICTURETEXT ="" PORTTYPE ="INPUT/OUTPUT" PRECISION ="20" SCALE ="0"/>
            <TRANSFORMFIELD DATATYPE ="string" DEFAULTVALUE ="" DESCRIPTION ="" NAME ="QUALITY_DESC" PICTURETEXT ="" PORTTYPE ="INPUT/OUTPUT" PRECISION ="50" SCALE ="0"/>
            <TRANSFORMFIELD DATATYPE ="string" DEFAULTVALUE ="" DESCRIPTION ="" NAME ="HBI_QUALITY_DESC" PICTURETEXT ="" PORTTYPE ="INPUT/OUTPUT" PRECISION ="50" SCALE ="0"/>
            <TRANSFORMFIELD DATATYPE ="decimal" DEFAULTVALUE ="" DESCRIPTION ="" NAME ="ON_HAND_QTY" PICTURETEXT ="" PORTTYPE ="INPUT/OUTPUT" PRECISION ="20" SCALE ="4"/>
            <TRANSFORMFIELD DATATYPE ="decimal" DEFAULTVALUE ="" DESCRIPTION ="" NAME ="INTRANSIT_QTY" PICTURETEXT ="" PORTTYPE ="INPUT/OUTPUT" PRECISION ="20" SCALE ="4"/>
            <TRANSFORMFIELD DATATYPE ="string" DEFAULTVALUE ="" DESCRIPTION ="" NAME ="COUNTRY" PICTURETEXT ="" PORTTYPE ="INPUT/OUTPUT" PRECISION ="50" SCALE ="0"/>
            <TRANSFORMFIELD DATATYPE ="decimal" DEFAULTVALUE ="" DESCRIPTION ="" NAME ="STANDARD_COST" PICTURETEXT ="" PORTTYPE ="INPUT/OUTPUT" PRECISION ="20" SCALE ="4"/>
            <TRANSFORMFIELD DATATYPE ="string" DEFAULTVALUE ="" DESCRIPTION ="" NAME ="STANDARD_COST_CURRENCY" PICTURETEXT ="" PORTTYPE ="INPUT/OUTPUT" PRECISION ="3" SCALE ="0"/>
            <TRANSFORMFIELD DATATYPE ="decimal" DEFAULTVALUE ="" DESCRIPTION ="Cst Type 2 TRANSF" NAME ="TRANSFER_PRICE" PICTURETEXT ="" PORTTYPE ="INPUT/OUTPUT" PRECISION ="20" SCALE ="4"/>
            <TRANSFORMFIELD DATATYPE ="decimal" DEFAULTVALUE ="" DESCRIPTION ="Price 1 Null" NAME ="PRICE_1" PICTURETEXT ="" PORTTYPE ="INPUT/OUTPUT" PRECISION ="20" SCALE ="4"/>
            <TRANSFORMFIELD DATATYPE ="decimal" DEFAULTVALUE ="" DESCRIPTION ="Price 2 Null" NAME ="PRICE_2" PICTURETEXT ="" PORTTYPE ="INPUT/OUTPUT" PRECISION ="20" SCALE ="4"/>
            <TRANSFORMFIELD DATATYPE ="decimal" DEFAULTVALUE ="" DESCRIPTION ="" NAME ="WEEK_END_DATE" PICTURETEXT ="" PORTTYPE ="INPUT/OUTPUT" PRECISION ="8" SCALE ="0"/>
            <TABLEATTRIBUTE NAME ="Sql Query" VALUE ="-- Please refer the session source query"/>
            <TABLEATTRIBUTE NAME ="User Defined Join" VALUE =""/>
            <TABLEATTRIBUTE NAME ="Source Filter" VALUE =""/>
            <TABLEATTRIBUTE NAME ="Number Of Sorted Ports" VALUE ="0"/>
            <TABLEATTRIBUTE NAME ="Tracing Level" VALUE ="Normal"/>
            <TABLEATTRIBUTE NAME ="Select Distinct" VALUE ="NO"/>
            <TABLEATTRIBUTE NAME ="Is Partitionable" VALUE ="NO"/>
            <TABLEATTRIBUTE NAME ="Pre SQL" VALUE =""/>
            <TABLEATTRIBUTE NAME ="Post SQL" VALUE =""/>
            <TABLEATTRIBUTE NAME ="Output is deterministic" VALUE ="NO"/>
            <TABLEATTRIBUTE NAME ="Output is repeatable" VALUE ="Never"/>
        </TRANSFORMATION>
        <INSTANCE DESCRIPTION ="Target Definition." NAME ="STG_INVENTORY" TRANSFORMATION_NAME ="STG_INVENTORY" TRANSFORMATION_TYPE ="Target Definition" TYPE ="TARGET"/>
        <INSTANCE DBDNAME ="mvxprod" DESCRIPTION ="Source definition." NAME ="BIINVS" TRANSFORMATION_NAME ="BIINVS" TRANSFORMATION_TYPE ="Source Definition" TYPE ="SOURCE"/>
        <INSTANCE DESCRIPTION ="Safe expression and adding user defined hardcoded values." NAME ="EXP_STG_INVENTORY" REUSABLE ="NO" TRANSFORMATION_NAME ="EXP_STG_INVENTORY" TRANSFORMATION_TYPE ="Expression" TYPE ="TRANSFORMATION"/>
        <INSTANCE DESCRIPTION ="Fetching the required fields values." NAME ="SQ_BIINVS" REUSABLE ="NO" TRANSFORMATION_NAME ="SQ_BIINVS" TRANSFORMATION_TYPE ="Source Qualifier" TYPE ="TRANSFORMATION">
            <ASSOCIATED_SOURCE_INSTANCE NAME ="BIINVS"/>
        </INSTANCE>
        <CONNECTOR FROMFIELD ="PLANT_CODE" FROMINSTANCE ="EXP_STG_INVENTORY" FROMINSTANCETYPE ="Expression" TOFIELD ="PLANT_CODE" TOINSTANCE ="STG_INVENTORY" TOINSTANCETYPE ="Target Definition"/>
        <CONNECTOR FROMFIELD ="FROM_PLANT_CODE" FROMINSTANCE ="EXP_STG_INVENTORY" FROMINSTANCETYPE ="Expression" TOFIELD ="FROM_PLANT_CODE" TOINSTANCE ="STG_INVENTORY" TOINSTANCETYPE ="Target Definition"/>
        <CONNECTOR FROMFIELD ="STYLE_NUM" FROMINSTANCE ="EXP_STG_INVENTORY" FROMINSTANCETYPE ="Expression" TOFIELD ="STYLE_NUM" TOINSTANCE ="STG_INVENTORY" TOINSTANCETYPE ="Target Definition"/>
        <CONNECTOR FROMFIELD ="COLOR_CODE" FROMINSTANCE ="EXP_STG_INVENTORY" FROMINSTANCETYPE ="Expression" TOFIELD ="COLOR_CODE" TOINSTANCE ="STG_INVENTORY" TOINSTANCETYPE ="Target Definition"/>
        <CONNECTOR FROMFIELD ="SIZE_CODE" FROMINSTANCE ="EXP_STG_INVENTORY" FROMINSTANCETYPE ="Expression" TOFIELD ="SIZE_CODE" TOINSTANCE ="STG_INVENTORY" TOINSTANCETYPE ="Target Definition"/>
        <CONNECTOR FROMFIELD ="CUP_SIZE" FROMINSTANCE ="EXP_STG_INVENTORY" FROMINSTANCETYPE ="Expression" TOFIELD ="CUP_SIZE" TOINSTANCE ="STG_INVENTORY" TOINSTANCETYPE ="Target Definition"/>
        <CONNECTOR FROMFIELD ="O_ATTRIBUTION_CODE" FROMINSTANCE ="EXP_STG_INVENTORY" FROMINSTANCETYPE ="Expression" TOFIELD ="ATTRIBUTION_CODE" TOINSTANCE ="STG_INVENTORY" TOINSTANCETYPE ="Target Definition"/>
        <CONNECTOR FROMFIELD ="UPC_CODE" FROMINSTANCE ="EXP_STG_INVENTORY" FROMINSTANCETYPE ="Expression" TOFIELD ="UPC_CODE" TOINSTANCE ="STG_INVENTORY" TOINSTANCETYPE ="Target Definition"/>
        <CONNECTOR FROMFIELD ="PACKAGE_TYPE" FROMINSTANCE ="EXP_STG_INVENTORY" FROMINSTANCETYPE ="Expression" TOFIELD ="PACKAGE_TYPE" TOINSTANCE ="STG_INVENTORY" TOINSTANCETYPE ="Target Definition"/>
        <CONNECTOR FROMFIELD ="UOM" FROMINSTANCE ="EXP_STG_INVENTORY" FROMINSTANCETYPE ="Expression" TOFIELD ="UOM" TOINSTANCE ="STG_INVENTORY" TOINSTANCETYPE ="Target Definition"/>
        <CONNECTOR FROMFIELD ="GARMENTS_PER_PKG" FROMINSTANCE ="EXP_STG_INVENTORY" FROMINSTANCETYPE ="Expression" TOFIELD ="GARMENTS_PER_PKG" TOINSTANCE ="STG_INVENTORY" TOINSTANCETYPE ="Target Definition"/>
        <CONNECTOR FROMFIELD ="CASE_CONFIG_CODE" FROMINSTANCE ="EXP_STG_INVENTORY" FROMINSTANCETYPE ="Expression" TOFIELD ="CASE_CONFIG_CODE" TOINSTANCE ="STG_INVENTORY" TOINSTANCETYPE ="Target Definition"/>
        <CONNECTOR FROMFIELD ="CASE_CONFIG_DESC" FROMINSTANCE ="EXP_STG_INVENTORY" FROMINSTANCETYPE ="Expression" TOFIELD ="CASE_CONFIG_DESC" TOINSTANCE ="STG_INVENTORY" TOINSTANCETYPE ="Target Definition"/>
        <CONNECTOR FROMFIELD ="CASE_QTY" FROMINSTANCE ="EXP_STG_INVENTORY" FROMINSTANCETYPE ="Expression" TOFIELD ="CASE_QTY" TOINSTANCE ="STG_INVENTORY" TOINSTANCETYPE ="Target Definition"/>
        <CONNECTOR FROMFIELD ="INVENTORY_TYPE" FROMINSTANCE ="EXP_STG_INVENTORY" FROMINSTANCETYPE ="Expression" TOFIELD ="INVENTORY_TYPE" TOINSTANCE ="STG_INVENTORY" TOINSTANCETYPE ="Target Definition"/>
        <CONNECTOR FROMFIELD ="QUALITY_DESC" FROMINSTANCE ="EXP_STG_INVENTORY" FROMINSTANCETYPE ="Expression" TOFIELD ="QUALITY_DESC" TOINSTANCE ="STG_INVENTORY" TOINSTANCETYPE ="Target Definition"/>
        <CONNECTOR FROMFIELD ="HBI_QUALITY" FROMINSTANCE ="EXP_STG_INVENTORY" FROMINSTANCETYPE ="Expression" TOFIELD ="HBI_QUALITY" TOINSTANCE ="STG_INVENTORY" TOINSTANCETYPE ="Target Definition"/>
        <CONNECTOR FROMFIELD ="ON_HAND_QTY" FROMINSTANCE ="EXP_STG_INVENTORY" FROMINSTANCETYPE ="Expression" TOFIELD ="ON_HAND_QTY" TOINSTANCE ="STG_INVENTORY" TOINSTANCETYPE ="Target Definition"/>
        <CONNECTOR FROMFIELD ="COUNTRY" FROMINSTANCE ="EXP_STG_INVENTORY" FROMINSTANCETYPE ="Expression" TOFIELD ="COUNTRY" TOINSTANCE ="STG_INVENTORY" TOINSTANCETYPE ="Target Definition"/>
        <CONNECTOR FROMFIELD ="STANDARD_COST" FROMINSTANCE ="EXP_STG_INVENTORY" FROMINSTANCETYPE ="Expression" TOFIELD ="STANDARD_COST" TOINSTANCE ="STG_INVENTORY" TOINSTANCETYPE ="Target Definition"/>
        <CONNECTOR FROMFIELD ="STANDARD_COST_CURRENCY" FROMINSTANCE ="EXP_STG_INVENTORY" FROMINSTANCETYPE ="Expression" TOFIELD ="STANDARD_COST_CURRENCY" TOINSTANCE ="STG_INVENTORY" TOINSTANCETYPE ="Target Definition"/>
        <CONNECTOR FROMFIELD ="O_WEEK_END_DATE" FROMINSTANCE ="EXP_STG_INVENTORY" FROMINSTANCETYPE ="Expression" TOFIELD ="WEEK_END_DATE" TOINSTANCE ="STG_INVENTORY" TOINSTANCETYPE ="Target Definition"/>
        <CONNECTOR FROMFIELD ="PROCESS_FLAG" FROMINSTANCE ="EXP_STG_INVENTORY" FROMINSTANCETYPE ="Expression" TOFIELD ="PROCESS_FLAG" TOINSTANCE ="STG_INVENTORY" TOINSTANCETYPE ="Target Definition"/>
        <CONNECTOR FROMFIELD ="CREATE_DATE" FROMINSTANCE ="EXP_STG_INVENTORY" FROMINSTANCETYPE ="Expression" TOFIELD ="CREATE_DATE" TOINSTANCE ="STG_INVENTORY" TOINSTANCETYPE ="Target Definition"/>
        <CONNECTOR FROMFIELD ="INTRANSIT_QTY" FROMINSTANCE ="EXP_STG_INVENTORY" FROMINSTANCETYPE ="Expression" TOFIELD ="INTRANSIT_QTY" TOINSTANCE ="STG_INVENTORY" TOINSTANCETYPE ="Target Definition"/>
        <CONNECTOR FROMFIELD ="O_COMPANY_CODE" FROMINSTANCE ="EXP_STG_INVENTORY" FROMINSTANCETYPE ="Expression" TOFIELD ="COMPANY_CODE" TOINSTANCE ="STG_INVENTORY" TOINSTANCETYPE ="Target Definition"/>
        <CONNECTOR FROMFIELD ="TRANSFER_PROCE" FROMINSTANCE ="EXP_STG_INVENTORY" FROMINSTANCETYPE ="Expression" TOFIELD ="TRANSFER_PRICE" TOINSTANCE ="STG_INVENTORY" TOINSTANCETYPE ="Target Definition"/>
        <CONNECTOR FROMFIELD ="PRICE_1" FROMINSTANCE ="EXP_STG_INVENTORY" FROMINSTANCETYPE ="Expression" TOFIELD ="PRICE_1" TOINSTANCE ="STG_INVENTORY" TOINSTANCETYPE ="Target Definition"/>
        <CONNECTOR FROMFIELD ="PRICE_2" FROMINSTANCE ="EXP_STG_INVENTORY" FROMINSTANCETYPE ="Expression" TOFIELD ="PRICE_2" TOINSTANCE ="STG_INVENTORY" TOINSTANCETYPE ="Target Definition"/>
        <CONNECTOR FROMFIELD ="O_SKU" FROMINSTANCE ="EXP_STG_INVENTORY" FROMINSTANCETYPE ="Expression" TOFIELD ="SKU" TOINSTANCE ="STG_INVENTORY" TOINSTANCETYPE ="Target Definition"/>
        <CONNECTOR FROMFIELD ="CREATE_USERID" FROMINSTANCE ="EXP_STG_INVENTORY" FROMINSTANCETYPE ="Expression" TOFIELD ="CREATE_USERID" TOINSTANCE ="STG_INVENTORY" TOINSTANCETYPE ="Target Definition"/>
        <CONNECTOR FROMFIELD ="BIHBIQ" FROMINSTANCE ="BIINVS" FROMINSTANCETYPE ="Source Definition" TOFIELD ="HBI_QUALITY_DESC" TOINSTANCE ="SQ_BIINVS" TOINSTANCETYPE ="Source Qualifier"/>
        <CONNECTOR FROMFIELD ="BICONO" FROMINSTANCE ="BIINVS" FROMINSTANCETYPE ="Source Definition" TOFIELD ="COMPANY_CODE" TOINSTANCE ="SQ_BIINVS" TOINSTANCETYPE ="Source Qualifier"/>
        <CONNECTOR FROMFIELD ="BIFACI" FROMINSTANCE ="BIINVS" FROMINSTANCETYPE ="Source Definition" TOFIELD ="PLANT_CODE" TOINSTANCE ="SQ_BIINVS" TOINSTANCETYPE ="Source Qualifier"/>
        <CONNECTOR FROMFIELD ="BIFACF" FROMINSTANCE ="BIINVS" FROMINSTANCETYPE ="Source Definition" TOFIELD ="FROM_PLANT_CODE" TOINSTANCE ="SQ_BIINVS" TOINSTANCETYPE ="Source Qualifier"/>
        <CONNECTOR FROMFIELD ="BISTYN" FROMINSTANCE ="BIINVS" FROMINSTANCETYPE ="Source Definition" TOFIELD ="STYLE_NUM" TOINSTANCE ="SQ_BIINVS" TOINSTANCETYPE ="Source Qualifier"/>
        <CONNECTOR FROMFIELD ="BIOPTY" FROMINSTANCE ="BIINVS" FROMINSTANCETYPE ="Source Definition" TOFIELD ="COLOR_CODE" TOINSTANCE ="SQ_BIINVS" TOINSTANCETYPE ="Source Qualifier"/>
        <CONNECTOR FROMFIELD ="BIOPTX" FROMINSTANCE ="BIINVS" FROMINSTANCETYPE ="Source Definition" TOFIELD ="SIZE_CODE" TOINSTANCE ="SQ_BIINVS" TOINSTANCETYPE ="Source Qualifier"/>
        <CONNECTOR FROMFIELD ="BIOPTC" FROMINSTANCE ="BIINVS" FROMINSTANCETYPE ="Source Definition" TOFIELD ="CUP_SIZE" TOINSTANCE ="SQ_BIINVS" TOINSTANCETYPE ="Source Qualifier"/>
        <CONNECTOR FROMFIELD ="BIOPTA" FROMINSTANCE ="BIINVS" FROMINSTANCETYPE ="Source Definition" TOFIELD ="ATTRIBUTION_CODE" TOINSTANCE ="SQ_BIINVS" TOINSTANCETYPE ="Source Qualifier"/>
        <CONNECTOR FROMFIELD ="BIITNO" FROMINSTANCE ="BIINVS" FROMINSTANCETYPE ="Source Definition" TOFIELD ="SKU" TOINSTANCE ="SQ_BIINVS" TOINSTANCETYPE ="Source Qualifier"/>
        <CONNECTOR FROMFIELD ="BIUPCD" FROMINSTANCE ="BIINVS" FROMINSTANCETYPE ="Source Definition" TOFIELD ="UPC_CODE" TOINSTANCE ="SQ_BIINVS" TOINSTANCETYPE ="Source Qualifier"/>
        <CONNECTOR FROMFIELD ="BIOPTZ" FROMINSTANCE ="BIINVS" FROMINSTANCETYPE ="Source Definition" TOFIELD ="PACKAGE_TYPE" TOINSTANCE ="SQ_BIINVS" TOINSTANCETYPE ="Source Qualifier"/>
        <CONNECTOR FROMFIELD ="BIOQTY" FROMINSTANCE ="BIINVS" FROMINSTANCETYPE ="Source Definition" TOFIELD ="ON_HAND_QTY" TOINSTANCE ="SQ_BIINVS" TOINSTANCETYPE ="Source Qualifier"/>
        <CONNECTOR FROMFIELD ="BITQTY" FROMINSTANCE ="BIINVS" FROMINSTANCETYPE ="Source Definition" TOFIELD ="INTRANSIT_QTY" TOINSTANCE ="SQ_BIINVS" TOINSTANCETYPE ="Source Qualifier"/>
        <CONNECTOR FROMFIELD ="BICSCD" FROMINSTANCE ="BIINVS" FROMINSTANCETYPE ="Source Definition" TOFIELD ="COUNTRY" TOINSTANCE ="SQ_BIINVS" TOINSTANCETYPE ="Source Qualifier"/>
        <CONNECTOR FROMFIELD ="BICSU3" FROMINSTANCE ="BIINVS" FROMINSTANCETYPE ="Source Definition" TOFIELD ="STANDARD_COST" TOINSTANCE ="SQ_BIINVS" TOINSTANCETYPE ="Source Qualifier"/>
        <CONNECTOR FROMFIELD ="BICUCD" FROMINSTANCE ="BIINVS" FROMINSTANCETYPE ="Source Definition" TOFIELD ="STANDARD_COST_CURRENCY" TOINSTANCE ="SQ_BIINVS" TOINSTANCETYPE ="Source Qualifier"/>
        <CONNECTOR FROMFIELD ="BICSU2" FROMINSTANCE ="BIINVS" FROMINSTANCETYPE ="Source Definition" TOFIELD ="TRANSFER_PRICE" TOINSTANCE ="SQ_BIINVS" TOINSTANCETYPE ="Source Qualifier"/>
        <CONNECTOR FROMFIELD ="BIPRI1" FROMINSTANCE ="BIINVS" FROMINSTANCETYPE ="Source Definition" TOFIELD ="PRICE_1" TOINSTANCE ="SQ_BIINVS" TOINSTANCETYPE ="Source Qualifier"/>
        <CONNECTOR FROMFIELD ="BIPRI2" FROMINSTANCE ="BIINVS" FROMINSTANCETYPE ="Source Definition" TOFIELD ="PRICE_2" TOINSTANCE ="SQ_BIINVS" TOINSTANCETYPE ="Source Qualifier"/>
        <CONNECTOR FROMFIELD ="BIRGDT" FROMINSTANCE ="BIINVS" FROMINSTANCETYPE ="Source Definition" TOFIELD ="WEEK_END_DATE" TOINSTANCE ="SQ_BIINVS" TOINSTANCETYPE ="Source Qualifier"/>
        <CONNECTOR FROMFIELD ="BIUOM" FROMINSTANCE ="BIINVS" FROMINSTANCETYPE ="Source Definition" TOFIELD ="UOM" TOINSTANCE ="SQ_BIINVS" TOINSTANCETYPE ="Source Qualifier"/>
        <CONNECTOR FROMFIELD ="BIGARM" FROMINSTANCE ="BIINVS" FROMINSTANCETYPE ="Source Definition" TOFIELD ="GARMENTS_PER_PKG" TOINSTANCE ="SQ_BIINVS" TOINSTANCETYPE ="Source Qualifier"/>
        <CONNECTOR FROMFIELD ="BICASC" FROMINSTANCE ="BIINVS" FROMINSTANCETYPE ="Source Definition" TOFIELD ="CASE_CONFIG_CODE" TOINSTANCE ="SQ_BIINVS" TOINSTANCETYPE ="Source Qualifier"/>
        <CONNECTOR FROMFIELD ="BICASD" FROMINSTANCE ="BIINVS" FROMINSTANCETYPE ="Source Definition" TOFIELD ="CASE_CONFIG_DESC" TOINSTANCE ="SQ_BIINVS" TOINSTANCETYPE ="Source Qualifier"/>
        <CONNECTOR FROMFIELD ="BICQTY" FROMINSTANCE ="BIINVS" FROMINSTANCETYPE ="Source Definition" TOFIELD ="CASE_QTY" TOINSTANCE ="SQ_BIINVS" TOINSTANCETYPE ="Source Qualifier"/>
        <CONNECTOR FROMFIELD ="BIINVT" FROMINSTANCE ="BIINVS" FROMINSTANCETYPE ="Source Definition" TOFIELD ="INVENTORY_TYPE" TOINSTANCE ="SQ_BIINVS" TOINSTANCETYPE ="Source Qualifier"/>
        <CONNECTOR FROMFIELD ="BIQDES" FROMINSTANCE ="BIINVS" FROMINSTANCETYPE ="Source Definition" TOFIELD ="QUALITY_DESC" TOINSTANCE ="SQ_BIINVS" TOINSTANCETYPE ="Source Qualifier"/>
        <CONNECTOR FROMFIELD ="COMPANY_CODE" FROMINSTANCE ="SQ_BIINVS" FROMINSTANCETYPE ="Source Qualifier" TOFIELD ="I_COMPANY_CODE" TOINSTANCE ="EXP_STG_INVENTORY" TOINSTANCETYPE ="Expression"/>
        <CONNECTOR FROMFIELD ="PLANT_CODE" FROMINSTANCE ="SQ_BIINVS" FROMINSTANCETYPE ="Source Qualifier" TOFIELD ="PLANT_CODE" TOINSTANCE ="EXP_STG_INVENTORY" TOINSTANCETYPE ="Expression"/>
        <CONNECTOR FROMFIELD ="FROM_PLANT_CODE" FROMINSTANCE ="SQ_BIINVS" FROMINSTANCETYPE ="Source Qualifier" TOFIELD ="FROM_PLANT_CODE" TOINSTANCE ="EXP_STG_INVENTORY" TOINSTANCETYPE ="Expression"/>
        <CONNECTOR FROMFIELD ="STYLE_NUM" FROMINSTANCE ="SQ_BIINVS" FROMINSTANCETYPE ="Source Qualifier" TOFIELD ="STYLE_NUM" TOINSTANCE ="EXP_STG_INVENTORY" TOINSTANCETYPE ="Expression"/>
        <CONNECTOR FROMFIELD ="COLOR_CODE" FROMINSTANCE ="SQ_BIINVS" FROMINSTANCETYPE ="Source Qualifier" TOFIELD ="COLOR_CODE" TOINSTANCE ="EXP_STG_INVENTORY" TOINSTANCETYPE ="Expression"/>
        <CONNECTOR FROMFIELD ="SIZE_CODE" FROMINSTANCE ="SQ_BIINVS" FROMINSTANCETYPE ="Source Qualifier" TOFIELD ="SIZE_CODE" TOINSTANCE ="EXP_STG_INVENTORY" TOINSTANCETYPE ="Expression"/>
        <CONNECTOR FROMFIELD ="CUP_SIZE" FROMINSTANCE ="SQ_BIINVS" FROMINSTANCETYPE ="Source Qualifier" TOFIELD ="CUP_SIZE" TOINSTANCE ="EXP_STG_INVENTORY" TOINSTANCETYPE ="Expression"/>
        <CONNECTOR FROMFIELD ="SKU" FROMINSTANCE ="SQ_BIINVS" FROMINSTANCETYPE ="Source Qualifier" TOFIELD ="I_SKU" TOINSTANCE ="EXP_STG_INVENTORY" TOINSTANCETYPE ="Expression"/>
        <CONNECTOR FROMFIELD ="UPC_CODE" FROMINSTANCE ="SQ_BIINVS" FROMINSTANCETYPE ="Source Qualifier" TOFIELD ="UPC_CODE" TOINSTANCE ="EXP_STG_INVENTORY" TOINSTANCETYPE ="Expression"/>
        <CONNECTOR FROMFIELD ="PACKAGE_TYPE" FROMINSTANCE ="SQ_BIINVS" FROMINSTANCETYPE ="Source Qualifier" TOFIELD ="PACKAGE_TYPE" TOINSTANCE ="EXP_STG_INVENTORY" TOINSTANCETYPE ="Expression"/>
        <CONNECTOR FROMFIELD ="UOM" FROMINSTANCE ="SQ_BIINVS" FROMINSTANCETYPE ="Source Qualifier" TOFIELD ="UOM" TOINSTANCE ="EXP_STG_INVENTORY" TOINSTANCETYPE ="Expression"/>
        <CONNECTOR FROMFIELD ="GARMENTS_PER_PKG" FROMINSTANCE ="SQ_BIINVS" FROMINSTANCETYPE ="Source Qualifier" TOFIELD ="GARMENTS_PER_PKG" TOINSTANCE ="EXP_STG_INVENTORY" TOINSTANCETYPE ="Expression"/>
        <CONNECTOR FROMFIELD ="CASE_CONFIG_CODE" FROMINSTANCE ="SQ_BIINVS" FROMINSTANCETYPE ="Source Qualifier" TOFIELD ="CASE_CONFIG_CODE" TOINSTANCE ="EXP_STG_INVENTORY" TOINSTANCETYPE ="Expression"/>
        <CONNECTOR FROMFIELD ="CASE_CONFIG_DESC" FROMINSTANCE ="SQ_BIINVS" FROMINSTANCETYPE ="Source Qualifier" TOFIELD ="CASE_CONFIG_DESC" TOINSTANCE ="EXP_STG_INVENTORY" TOINSTANCETYPE ="Expression"/>
        <CONNECTOR FROMFIELD ="CASE_QTY" FROMINSTANCE ="SQ_BIINVS" FROMINSTANCETYPE ="Source Qualifier" TOFIELD ="CASE_QTY" TOINSTANCE ="EXP_STG_INVENTORY" TOINSTANCETYPE ="Expression"/>
        <CONNECTOR FROMFIELD ="INVENTORY_TYPE" FROMINSTANCE ="SQ_BIINVS" FROMINSTANCETYPE ="Source Qualifier" TOFIELD ="INVENTORY_TYPE" TOINSTANCE ="EXP_STG_INVENTORY" TOINSTANCETYPE ="Expression"/>
        <CONNECTOR FROMFIELD ="QUALITY_DESC" FROMINSTANCE ="SQ_BIINVS" FROMINSTANCETYPE ="Source Qualifier" TOFIELD ="QUALITY_DESC" TOINSTANCE ="EXP_STG_INVENTORY" TOINSTANCETYPE ="Expression"/>
        <CONNECTOR FROMFIELD ="ON_HAND_QTY" FROMINSTANCE ="SQ_BIINVS" FROMINSTANCETYPE ="Source Qualifier" TOFIELD ="ON_HAND_QTY" TOINSTANCE ="EXP_STG_INVENTORY" TOINSTANCETYPE ="Expression"/>
        <CONNECTOR FROMFIELD ="COUNTRY" FROMINSTANCE ="SQ_BIINVS" FROMINSTANCETYPE ="Source Qualifier" TOFIELD ="COUNTRY" TOINSTANCE ="EXP_STG_INVENTORY" TOINSTANCETYPE ="Expression"/>
        <CONNECTOR FROMFIELD ="STANDARD_COST" FROMINSTANCE ="SQ_BIINVS" FROMINSTANCETYPE ="Source Qualifier" TOFIELD ="STANDARD_COST" TOINSTANCE ="EXP_STG_INVENTORY" TOINSTANCETYPE ="Expression"/>
        <CONNECTOR FROMFIELD ="STANDARD_COST_CURRENCY" FROMINSTANCE ="SQ_BIINVS" FROMINSTANCETYPE ="Source Qualifier" TOFIELD ="STANDARD_COST_CURRENCY" TOINSTANCE ="EXP_STG_INVENTORY" TOINSTANCETYPE ="Expression"/>
        <CONNECTOR FROMFIELD ="HBI_QUALITY_DESC" FROMINSTANCE ="SQ_BIINVS" FROMINSTANCETYPE ="Source Qualifier" TOFIELD ="HBI_QUALITY" TOINSTANCE ="EXP_STG_INVENTORY" TOINSTANCETYPE ="Expression"/>
        <CONNECTOR FROMFIELD ="WEEK_END_DATE" FROMINSTANCE ="SQ_BIINVS" FROMINSTANCETYPE ="Source Qualifier" TOFIELD ="I_WEEK_END_DATE" TOINSTANCE ="EXP_STG_INVENTORY" TOINSTANCETYPE ="Expression"/>
        <CONNECTOR FROMFIELD ="INTRANSIT_QTY" FROMINSTANCE ="SQ_BIINVS" FROMINSTANCETYPE ="Source Qualifier" TOFIELD ="INTRANSIT_QTY" TOINSTANCE ="EXP_STG_INVENTORY" TOINSTANCETYPE ="Expression"/>
        <CONNECTOR FROMFIELD ="TRANSFER_PRICE" FROMINSTANCE ="SQ_BIINVS" FROMINSTANCETYPE ="Source Qualifier" TOFIELD ="TRANSFER_PROCE" TOINSTANCE ="EXP_STG_INVENTORY" TOINSTANCETYPE ="Expression"/>
        <CONNECTOR FROMFIELD ="PRICE_1" FROMINSTANCE ="SQ_BIINVS" FROMINSTANCETYPE ="Source Qualifier" TOFIELD ="PRICE_1" TOINSTANCE ="EXP_STG_INVENTORY" TOINSTANCETYPE ="Expression"/>
        <CONNECTOR FROMFIELD ="PRICE_2" FROMINSTANCE ="SQ_BIINVS" FROMINSTANCETYPE ="Source Qualifier" TOFIELD ="PRICE_2" TOINSTANCE ="EXP_STG_INVENTORY" TOINSTANCETYPE ="Expression"/>
        <CONNECTOR FROMFIELD ="ATTRIBUTION_CODE" FROMINSTANCE ="SQ_BIINVS" FROMINSTANCETYPE ="Source Qualifier" TOFIELD ="I_ATTRIBUTION_CODE" TOINSTANCE ="EXP_STG_INVENTORY" TOINSTANCETYPE ="Expression"/>
        <TARGETLOADORDER ORDER ="1" TARGETINSTANCE ="STG_INVENTORY"/>
        <ERPINFO/>
        <METADATAEXTENSION DATATYPE ="STRING" DESCRIPTION ="Conversion Mapping Name with version " DOMAINNAME ="User Defined Metadata Domain" ISCLIENTEDITABLE ="YES" ISCLIENTVISIBLE ="YES" ISREUSABLE ="NO" ISSHAREREAD ="NO" ISSHAREWRITE ="NO" MAXLENGTH ="256" NAME ="CONV_MAP_NAME" VALUE ="Conversion Mapping: Staging-InventoryLoad-V 1.5,1.6&#xD;&#xA;" VENDORNAME ="INFORMATICA"/>
    </MAPPING>
    <CONFIG DESCRIPTION ="Default session configuration object" ISDEFAULT ="YES" NAME ="default_session_config" VERSIONNUMBER ="1">
        <ATTRIBUTE NAME ="Advanced" VALUE =""/>
        <ATTRIBUTE NAME ="Constraint based load ordering" VALUE ="NO"/>
        <ATTRIBUTE NAME ="Cache LOOKUP() function" VALUE ="YES"/>
        <ATTRIBUTE NAME ="Default buffer block size" VALUE ="Auto"/>
        <ATTRIBUTE NAME ="Line Sequential buffer length" VALUE ="1024"/>
        <ATTRIBUTE NAME ="Maximum Memory Allowed For Auto Memory Attributes" VALUE ="0"/>
        <ATTRIBUTE NAME ="Maximum Percentage of Total Memory Allowed For Auto Memory Attributes" VALUE ="5"/>
        <ATTRIBUTE NAME ="Additional Concurrent Pipelines for Lookup Cache Creation" VALUE ="0"/>
        <ATTRIBUTE NAME ="Custom Properties" VALUE =""/>
        <ATTRIBUTE NAME ="Pre-build lookup cache" VALUE ="Auto"/>
        <ATTRIBUTE NAME ="Optimization Level" VALUE ="Medium"/>
        <ATTRIBUTE NAME ="DateTime Format String" VALUE ="MM/DD/YYYY HH24:MI:SS.US"/>
        <ATTRIBUTE NAME ="Pre 85 Timestamp Compatibility" VALUE ="NO"/>
        <ATTRIBUTE NAME ="Log Options" VALUE ="0"/>
        <ATTRIBUTE NAME ="Save session log by" VALUE ="Session runs"/>
        <ATTRIBUTE NAME ="Save session log for these runs" VALUE ="9"/>
        <ATTRIBUTE NAME ="Session Log File Max Size" VALUE ="0"/>
        <ATTRIBUTE NAME ="Session Log File Max Time Period" VALUE ="0"/>
        <ATTRIBUTE NAME ="Maximum Partial Session Log Files" VALUE ="1"/>
        <ATTRIBUTE NAME ="Writer Commit Statistics Log Frequency" VALUE ="1"/>
        <ATTRIBUTE NAME ="Writer Commit Statistics Log Interval" VALUE ="0"/>
        <ATTRIBUTE NAME ="Error handling" VALUE =""/>
        <ATTRIBUTE NAME ="Stop on errors" VALUE ="1"/>
        <ATTRIBUTE NAME ="Override tracing" VALUE ="None"/>
        <ATTRIBUTE NAME ="On Stored Procedure error" VALUE ="Stop"/>
        <ATTRIBUTE NAME ="On Pre-session command task error" VALUE ="Stop"/>
        <ATTRIBUTE NAME ="On Pre-Post SQL error" VALUE ="Stop"/>
        <ATTRIBUTE NAME ="Enable Recovery" VALUE ="NO"/>
        <ATTRIBUTE NAME ="Error Log Type" VALUE ="None"/>
        <ATTRIBUTE NAME ="Error Log Table Name Prefix" VALUE =""/>
        <ATTRIBUTE NAME ="Error Log File Name" VALUE ="PMError.log"/>
        <ATTRIBUTE NAME ="Log Source Row Data" VALUE ="NO"/>
        <ATTRIBUTE NAME ="Data Column Delimiter" VALUE ="|"/>
        <ATTRIBUTE NAME ="Partitioning Options" VALUE =""/>
        <ATTRIBUTE NAME ="Dynamic Partitioning" VALUE ="Disabled"/>
        <ATTRIBUTE NAME ="Number of Partitions" VALUE ="1"/>
        <ATTRIBUTE NAME ="Multiplication Factor" VALUE ="Auto"/>
        <ATTRIBUTE NAME ="Session on Grid" VALUE =""/>
        <ATTRIBUTE NAME ="Is Enabled" VALUE ="NO"/>
    </CONFIG>
    <SESSION DESCRIPTION ="This session holds the mapping(m_STG_INV_LOAD)and loads GFS data to the staging target table(staging.stg_inventory)." ISVALID ="YES" MAPPINGNAME ="m_STG_INV_LOAD" NAME ="s_m_STG_GFS_INV_LOAD" REUSABLE ="YES" SORTORDER ="Binary" VERSIONNUMBER ="1">
        <SESSTRANSFORMATIONINST ISREPARTITIONPOINT ="YES" PARTITIONTYPE ="PASS THROUGH" PIPELINE ="1" SINSTANCENAME ="STG_INVENTORY" STAGE ="1" TRANSFORMATIONNAME ="STG_INVENTORY" TRANSFORMATIONTYPE ="Target Definition">
            <ATTRIBUTE NAME ="Table Name Prefix" VALUE ="STAGING"/>
            <ATTRIBUTE NAME ="Pre SQL" VALUE ="UPDATE staging.stg_inventory set process_flag = &apos;S&apos; &#xD;&#xA;where trunc(create_date) = trunc(sysdate) and create_userid = &apos;STG_GFS_INV&apos; and process_flag = &apos;N&apos;"/>
        </SESSTRANSFORMATIONINST>
        <SESSTRANSFORMATIONINST ISREPARTITIONPOINT ="NO" PIPELINE ="1" SINSTANCENAME ="EXP_STG_INVENTORY" STAGE ="2" TRANSFORMATIONNAME ="EXP_STG_INVENTORY" TRANSFORMATIONTYPE ="Expression">
            <PARTITION DESCRIPTION ="" NAME ="Partition #1"/>
        </SESSTRANSFORMATIONINST>
        <SESSTRANSFORMATIONINST ISREPARTITIONPOINT ="YES" PARTITIONTYPE ="PASS THROUGH" PIPELINE ="1" SINSTANCENAME ="SQ_BIINVS" STAGE ="2" TRANSFORMATIONNAME ="SQ_BIINVS" TRANSFORMATIONTYPE ="Source Qualifier">
            <ATTRIBUTE NAME ="Sql Query" VALUE ="SELECT gfs_bi_inventory_load_stg.company_code           AS COMPANY_CODE, &#xD;&#xA;       gfs_bi_inventory_load_stg.plant_code             AS PLANT_CODE, &#xD;&#xA;       gfs_bi_inventory_load_stg.from_plant_code        AS FROM_PLANT_CODE, &#xD;&#xA;       gfs_bi_inventory_load_stg.style_num              AS STYLE_NUM, &#xD;&#xA;       gfs_bi_inventory_load_stg.color_code             AS COLOR_CODE, &#xD;&#xA;       gfs_bi_inventory_load_stg.size_code              AS SIZE_CODE, &#xD;&#xA;       gfs_bi_inventory_load_stg.cup_size               AS CUP_SIZE,&#xD;&#xA;      CASE&#xD;&#xA;      WHEN&#xD;&#xA;      lower(gfs_bi_inventory_load_stg.inventory_type)&lt;&gt; &apos;blanks&apos; &#xD;&#xA;      THEN &#xD;&#xA;      SUBSTR(LTRIM(RTRIM(gfs_bi_inventory_load_stg.sku)),1,10)&#xD;&#xA;      ELSE&#xD;&#xA;      gfs_bi_inventory_load_stg.ATTRIBUTION_CODE&#xD;&#xA;      END AS ATTRIBUTION_CODE,&#xD;&#xA;       gfs_bi_inventory_load_stg.sku                    AS SKU, &#xD;&#xA;       gfs_bi_inventory_load_stg.upc_code               AS UPC_CODE, &#xD;&#xA;       gfs_bi_inventory_load_stg.package_type           AS PACKAGE_TYPE, &#xD;&#xA;       gfs_bi_inventory_load_stg.uom                    AS UOM, &#xD;&#xA;       gfs_bi_inventory_load_stg.garments_per_pkg       AS GARMENTS_PER_PKG, &#xD;&#xA;       gfs_bi_inventory_load_stg.case_config_code       AS CASE_CONFIG_CODE, &#xD;&#xA;       gfs_bi_inventory_load_stg.case_config_desc       AS CASE_CONFIG_DESC, &#xD;&#xA;       gfs_bi_inventory_load_stg.case_qty               AS CASE_QTY, &#xD;&#xA;       gfs_bi_inventory_load_stg.inventory_type         AS INVENTORY_TYPE, &#xD;&#xA;       gfs_bi_inventory_load_stg.quality_desc           AS QUALITY_DESC, &#xD;&#xA;       gfs_bi_inventory_load_stg.hbi_quality_desc       AS HBI_QUALITY_DESC, &#xD;&#xA;       gfs_bi_inventory_load_stg.on_hand_qty            AS ON_HAND_QTY, &#xD;&#xA;       gfs_bi_inventory_load_stg.intransit_qty          AS INTRANSIT_QTY, &#xD;&#xA;       gfs_bi_inventory_load_stg.country                AS COUNTRY, &#xD;&#xA;       gfs_bi_inventory_load_stg.standard_cost          AS STANDARD_COST, &#xD;&#xA;       gfs_bi_inventory_load_stg.standard_cost_currency AS &#xD;&#xA;       STANDARD_COST_CURRENCY, &#xD;&#xA;       NULL                                             AS TRANSFER_PRICE, &#xD;&#xA;       NULL                                             AS PRICE_1, &#xD;&#xA;       NULL                                             AS PRICE_2, &#xD;&#xA;       gfs_bi_inventory_load_stg.week_end_date          AS WEEK_END_DATE&#xD;&#xA;FROM   gfs_bi_inventory_load_stg"/>
        </SESSTRANSFORMATIONINST>
        <SESSTRANSFORMATIONINST ISREPARTITIONPOINT ="NO" PIPELINE ="0" SINSTANCENAME ="BIINVS" STAGE ="0" TRANSFORMATIONNAME ="BIINVS" TRANSFORMATIONTYPE ="Source Definition"/>
        <CONFIGREFERENCE REFOBJECTNAME ="default_session_config" TYPE ="Session config"/>
        <SESSIONEXTENSION NAME ="Relational Writer" SINSTANCENAME ="STG_INVENTORY" SUBTYPE ="Relational Writer" TRANSFORMATIONTYPE ="Target Definition" TYPE ="WRITER">
            <CONNECTIONREFERENCE CNXREFNAME ="DB Connection" CONNECTIONNAME ="SLBADW" CONNECTIONNUMBER ="1" CONNECTIONSUBTYPE ="Oracle" CONNECTIONTYPE ="Relational" VARIABLE =""/>
            <ATTRIBUTE NAME ="Target load type" VALUE ="Normal"/>
            <ATTRIBUTE NAME ="Insert" VALUE ="YES"/>
            <ATTRIBUTE NAME ="Update as Update" VALUE ="NO"/>
            <ATTRIBUTE NAME ="Update as Insert" VALUE ="NO"/>
            <ATTRIBUTE NAME ="Update else Insert" VALUE ="NO"/>
            <ATTRIBUTE NAME ="Delete" VALUE ="NO"/>
            <ATTRIBUTE NAME ="Truncate target table option" VALUE ="NO"/>
            <ATTRIBUTE NAME ="Reject file directory" VALUE ="$PMBadFileDir&#x5c;INVENTORY_ANALYSIS&#x5c;BAD&#x5c;"/>
            <ATTRIBUTE NAME ="Reject filename" VALUE ="s_m_STG_GFS_INV_LOAD.bad"/>
        </SESSIONEXTENSION>
        <SESSIONEXTENSION NAME ="Relational Reader" SINSTANCENAME ="SQ_BIINVS" SUBTYPE ="Relational Reader" TRANSFORMATIONTYPE ="Source Qualifier" TYPE ="READER">
            <CONNECTIONREFERENCE CNXREFNAME ="DB Connection" CONNECTIONNAME ="GFS" CONNECTIONNUMBER ="1" CONNECTIONSUBTYPE ="Oracle" CONNECTIONTYPE ="Relational" VARIABLE =""/>
        </SESSIONEXTENSION>
        <SESSIONEXTENSION DSQINSTNAME ="SQ_BIINVS" DSQINSTTYPE ="Source Qualifier" NAME ="Relational Reader" SINSTANCENAME ="BIINVS" SUBTYPE ="Relational Reader" TRANSFORMATIONTYPE ="Source Definition" TYPE ="READER"/>
        <ATTRIBUTE NAME ="General Options" VALUE =""/>
        <ATTRIBUTE NAME ="Write Backward Compatible Session Log File" VALUE ="YES"/>
        <ATTRIBUTE NAME ="Session Log File Name" VALUE ="s_m_STG_GFS_INV_LOAD.log"/>
        <ATTRIBUTE NAME ="Session Log File directory" VALUE ="$PMSessionLogDir&#x5c;INVENTORY_ANALYSIS&#x5c;LOG&#x5c;"/>
        <ATTRIBUTE NAME ="Parameter Filename" VALUE =""/>
        <ATTRIBUTE NAME ="Enable Test Load" VALUE ="NO"/>
        <ATTRIBUTE NAME ="$Source connection value" VALUE =""/>
        <ATTRIBUTE NAME ="$Target connection value" VALUE =""/>
        <ATTRIBUTE NAME ="Treat source rows as" VALUE ="Insert"/>
        <ATTRIBUTE NAME ="Commit Type" VALUE ="Target"/>
        <ATTRIBUTE NAME ="Commit Interval" VALUE ="2000000"/>
        <ATTRIBUTE NAME ="Commit On End Of File" VALUE ="YES"/>
        <ATTRIBUTE NAME ="Rollback Transactions on Errors" VALUE ="NO"/>
        <ATTRIBUTE NAME ="Recovery Strategy" VALUE ="Restart task"/>
        <ATTRIBUTE NAME ="Java Classpath" VALUE =""/>
        <ATTRIBUTE NAME ="Performance" VALUE =""/>
        <ATTRIBUTE NAME ="DTM buffer size" VALUE ="Auto"/>
        <ATTRIBUTE NAME ="Collect performance data" VALUE ="NO"/>
        <ATTRIBUTE NAME ="Write performance data to repository" VALUE ="NO"/>
        <ATTRIBUTE NAME ="Incremental Aggregation" VALUE ="NO"/>
        <ATTRIBUTE NAME ="Enable high precision" VALUE ="NO"/>
        <ATTRIBUTE NAME ="Session retry on deadlock" VALUE ="NO"/>
        <ATTRIBUTE NAME ="Pushdown Optimization" VALUE ="None"/>
        <ATTRIBUTE NAME ="Allow Temporary View for Pushdown" VALUE ="NO"/>
        <ATTRIBUTE NAME ="Allow Temporary Sequence for Pushdown" VALUE ="NO"/>
        <ATTRIBUTE NAME ="Allow Pushdown for User Incompatible Connections" VALUE ="NO"/>
        <METADATAEXTENSION DATATYPE ="STRING" DESCRIPTION ="Conversion Mapping  Name with version " DOMAINNAME ="User Defined Metadata Domain" ISCLIENTEDITABLE ="YES" ISCLIENTVISIBLE ="YES" ISREUSABLE ="NO" ISSHAREREAD ="NO" ISSHAREWRITE ="NO" MAXLENGTH ="256" NAME ="CONV_MAP_NAME" VALUE ="Conversion Mapping: Staging-InventoryLoad-V 1.5,1.6" VENDORNAME ="INFORMATICA"/>
    </SESSION>
    <WORKFLOW DESCRIPTION ="This workflow triggers the session(s_m_STG_GFS_INV_LOAD) which loads the GFS data into staging table(staging.stg_inventory)" ISENABLED ="YES" ISRUNNABLESERVICE ="NO" ISSERVICE ="NO" ISVALID ="YES" NAME ="wf_s_m_STG_GFS_INV_LOAD" REUSABLE_SCHEDULER ="NO" SCHEDULERNAME ="Scheduler" SERVERNAME ="Domain10_PRD_Int_Svc" SERVER_DOMAINNAME ="Domain10_PRD" SUSPEND_ON_ERROR ="NO" TASKS_MUST_RUN_ON_SERVER ="NO" VERSIONNUMBER ="1">
        <SCHEDULER DESCRIPTION ="" NAME ="Scheduler" REUSABLE ="NO" VERSIONNUMBER ="1">
            <SCHEDULEINFO SCHEDULETYPE ="ONDEMAND"/>
        </SCHEDULER>
        <TASK DESCRIPTION ="This workflow triggers the session(s_m_STG_GFS_INV_LOAD) and loads GFS data into staging table." NAME ="Start" REUSABLE ="NO" TYPE ="Start" VERSIONNUMBER ="1"/>
        <TASKINSTANCE DESCRIPTION ="This session holds the mapping(m_STG_INV_LOAD)and loads GFS data to the staging target table(staging.stg_inventory)." FAIL_PARENT_IF_INSTANCE_DID_NOT_RUN ="YES" FAIL_PARENT_IF_INSTANCE_FAILS ="YES" ISENABLED ="YES" NAME ="s_m_STG_GFS_INV_LOAD" REUSABLE ="YES" TASKNAME ="s_m_STG_GFS_INV_LOAD" TASKTYPE ="Session" TREAT_INPUTLINK_AS_AND ="NO"/>
        <TASKINSTANCE DESCRIPTION ="This workflow triggers the session(s_m_STG_GFS_INV_LOAD) and loads GFS data into staging table." ISENABLED ="YES" NAME ="Start" REUSABLE ="NO" TASKNAME ="Start" TASKTYPE ="Start"/>
        <WORKFLOWLINK CONDITION ="" FROMTASK ="Start" TOTASK ="s_m_STG_GFS_INV_LOAD"/>
        <WORKFLOWVARIABLE DATATYPE ="date/time" DEFAULTVALUE ="" DESCRIPTION ="The time this task started" ISNULL ="NO" ISPERSISTENT ="NO" NAME ="$s_m_STG_GFS_INV_LOAD.StartTime" USERDEFINED ="NO"/>
        <WORKFLOWVARIABLE DATATYPE ="date/time" DEFAULTVALUE ="" DESCRIPTION ="The time this task completed" ISNULL ="NO" ISPERSISTENT ="NO" NAME ="$s_m_STG_GFS_INV_LOAD.EndTime" USERDEFINED ="NO"/>
        <WORKFLOWVARIABLE DATATYPE ="integer" DEFAULTVALUE ="" DESCRIPTION ="Status of this task&apos;s execution" ISNULL ="NO" ISPERSISTENT ="NO" NAME ="$s_m_STG_GFS_INV_LOAD.Status" USERDEFINED ="NO"/>
        <WORKFLOWVARIABLE DATATYPE ="integer" DEFAULTVALUE ="" DESCRIPTION ="Status of the previous task that is not disabled" ISNULL ="NO" ISPERSISTENT ="NO" NAME ="$s_m_STG_GFS_INV_LOAD.PrevTaskStatus" USERDEFINED ="NO"/>
        <WORKFLOWVARIABLE DATATYPE ="integer" DEFAULTVALUE ="" DESCRIPTION ="Error code for this task&apos;s execution" ISNULL ="NO" ISPERSISTENT ="NO" NAME ="$s_m_STG_GFS_INV_LOAD.ErrorCode" USERDEFINED ="NO"/>
        <WORKFLOWVARIABLE DATATYPE ="string" DEFAULTVALUE ="" DESCRIPTION ="Error message for this task&apos;s execution" ISNULL ="NO" ISPERSISTENT ="NO" NAME ="$s_m_STG_GFS_INV_LOAD.ErrorMsg" USERDEFINED ="NO"/>
        <WORKFLOWVARIABLE DATATYPE ="integer" DEFAULTVALUE ="" DESCRIPTION ="Rows successfully read" ISNULL ="NO" ISPERSISTENT ="NO" NAME ="$s_m_STG_GFS_INV_LOAD.SrcSuccessRows" USERDEFINED ="NO"/>
        <WORKFLOWVARIABLE DATATYPE ="integer" DEFAULTVALUE ="" DESCRIPTION ="Rows failed to read" ISNULL ="NO" ISPERSISTENT ="NO" NAME ="$s_m_STG_GFS_INV_LOAD.SrcFailedRows" USERDEFINED ="NO"/>
        <WORKFLOWVARIABLE DATATYPE ="integer" DEFAULTVALUE ="" DESCRIPTION ="Rows successfully loaded" ISNULL ="NO" ISPERSISTENT ="NO" NAME ="$s_m_STG_GFS_INV_LOAD.TgtSuccessRows" USERDEFINED ="NO"/>
        <WORKFLOWVARIABLE DATATYPE ="integer" DEFAULTVALUE ="" DESCRIPTION ="Rows failed to load" ISNULL ="NO" ISPERSISTENT ="NO" NAME ="$s_m_STG_GFS_INV_LOAD.TgtFailedRows" USERDEFINED ="NO"/>
        <WORKFLOWVARIABLE DATATYPE ="integer" DEFAULTVALUE ="" DESCRIPTION ="Total number of transformation errors" ISNULL ="NO" ISPERSISTENT ="NO" NAME ="$s_m_STG_GFS_INV_LOAD.TotalTransErrors" USERDEFINED ="NO"/>
        <WORKFLOWVARIABLE DATATYPE ="integer" DEFAULTVALUE ="" DESCRIPTION ="First error code" ISNULL ="NO" ISPERSISTENT ="NO" NAME ="$s_m_STG_GFS_INV_LOAD.FirstErrorCode" USERDEFINED ="NO"/>
        <WORKFLOWVARIABLE DATATYPE ="string" DEFAULTVALUE ="" DESCRIPTION ="First error message" ISNULL ="NO" ISPERSISTENT ="NO" NAME ="$s_m_STG_GFS_INV_LOAD.FirstErrorMsg" USERDEFINED ="NO"/>
        <WORKFLOWVARIABLE DATATYPE ="date/time" DEFAULTVALUE ="" DESCRIPTION ="The time this task started" ISNULL ="NO" ISPERSISTENT ="NO" NAME ="$Start.StartTime" USERDEFINED ="NO"/>
        <WORKFLOWVARIABLE DATATYPE ="date/time" DEFAULTVALUE ="" DESCRIPTION ="The time this task completed" ISNULL ="NO" ISPERSISTENT ="NO" NAME ="$Start.EndTime" USERDEFINED ="NO"/>
        <WORKFLOWVARIABLE DATATYPE ="integer" DEFAULTVALUE ="" DESCRIPTION ="Status of this task&apos;s execution" ISNULL ="NO" ISPERSISTENT ="NO" NAME ="$Start.Status" USERDEFINED ="NO"/>
        <WORKFLOWVARIABLE DATATYPE ="integer" DEFAULTVALUE ="" DESCRIPTION ="Status of the previous task that is not disabled" ISNULL ="NO" ISPERSISTENT ="NO" NAME ="$Start.PrevTaskStatus" USERDEFINED ="NO"/>
        <WORKFLOWVARIABLE DATATYPE ="integer" DEFAULTVALUE ="" DESCRIPTION ="Error code for this task&apos;s execution" ISNULL ="NO" ISPERSISTENT ="NO" NAME ="$Start.ErrorCode" USERDEFINED ="NO"/>
        <WORKFLOWVARIABLE DATATYPE ="string" DEFAULTVALUE ="" DESCRIPTION ="Error message for this task&apos;s execution" ISNULL ="NO" ISPERSISTENT ="NO" NAME ="$Start.ErrorMsg" USERDEFINED ="NO"/>
        <ATTRIBUTE NAME ="Parameter Filename" VALUE =""/>
        <ATTRIBUTE NAME ="Write Backward Compatible Workflow Log File" VALUE ="YES"/>
        <ATTRIBUTE NAME ="Workflow Log File Name" VALUE ="wf_s_m_STG_GFS_INV_LOAD.log"/>
        <ATTRIBUTE NAME ="Workflow Log File Directory" VALUE ="$PMWorkflowLogDir&#x5c;INVENTORY_ANALYSIS&#x5c;LOG&#x5c;"/>
        <ATTRIBUTE NAME ="Save Workflow log by" VALUE ="By runs"/>
        <ATTRIBUTE NAME ="Save workflow log for these runs" VALUE ="9"/>
        <ATTRIBUTE NAME ="Service Name" VALUE =""/>
        <ATTRIBUTE NAME ="Service Timeout" VALUE ="0"/>
        <ATTRIBUTE NAME ="Is Service Visible" VALUE ="NO"/>
        <ATTRIBUTE NAME ="Is Service Protected" VALUE ="NO"/>
        <ATTRIBUTE NAME ="Fail task after wait time" VALUE ="0"/>
        <ATTRIBUTE NAME ="Enable HA recovery" VALUE ="NO"/>
        <ATTRIBUTE NAME ="Automatically recover terminated tasks" VALUE ="NO"/>
        <ATTRIBUTE NAME ="Service Level Name" VALUE ="Default"/>
        <ATTRIBUTE NAME ="Allow concurrent run with unique run instance name" VALUE ="NO"/>
        <ATTRIBUTE NAME ="Allow concurrent run with same run instance name" VALUE ="NO"/>
        <ATTRIBUTE NAME ="Maximum number of concurrent runs" VALUE ="0"/>
        <ATTRIBUTE NAME ="Assigned Web Services Hubs" VALUE =""/>
        <ATTRIBUTE NAME ="Maximum number of concurrent runs per Hub" VALUE ="1000"/>
        <ATTRIBUTE NAME ="Expected Service Time" VALUE ="1"/>
        <METADATAEXTENSION DATATYPE ="STRING" DESCRIPTION ="Conversion Mapping Name with version " DOMAINNAME ="User Defined Metadata Domain" ISCLIENTEDITABLE ="YES" ISCLIENTVISIBLE ="YES" ISREUSABLE ="NO" ISSHAREREAD ="NO" ISSHAREWRITE ="NO" MAXLENGTH ="256" NAME ="CONV_MAP_NAME" VALUE ="Conversion Mapping: Staging-InventoryLoad-V 1.4" VENDORNAME ="INFORMATICA"/>
        <METADATAEXTENSION DATATYPE ="STRING" DESCRIPTION ="" DOMAINNAME ="User Defined Metadata Domain" ISCLIENTEDITABLE ="YES" ISCLIENTVISIBLE ="YES" ISREUSABLE ="NO" ISSHAREREAD ="NO" ISSHAREWRITE ="NO" MAXLENGTH ="256" NAME ="Extension" VALUE ="CM - MarginLoss - stgMarginLossExpenseToStgFactSalesNew v1.0" VENDORNAME ="INFORMATICA"/>
    </WORKFLOW>
</FOLDER>
</REPOSITORY>
</POWERMART>