<?xml version="1.0" encoding="Windows-1252"?>
<!DOCTYPE POWERMART SYSTEM "powrmart.dtd">
<POWERMART CREATION_DATE="05/20/2024 09:37:22" REPOSITORY_VERSION="187.96">
<REPOSITORY NAME="Domain10_Rep_Svc_Prd" VERSION="187" CODEPAGE="MS1252" DATABASETYPE="Microsoft SQL Server">
<FOLDER NAME="INVENTORY_ANALYSIS" GROUP="" OWNER="Administrator" SHARED="NOTSHARED" DESCRIPTION="" PERMISSIONS="rwx---r--" UUID="27b7fb57-5066-4c7e-aee4-118d44bfa5b6">
    <SOURCE BUSINESSNAME ="" DATABASETYPE ="Oracle" DBDNAME ="HBIECCAFS" DESCRIPTION ="" NAME ="ZTSA_PROD_XREF" OBJECTVERSION ="1" OWNERNAME ="SAPECC" VERSIONNUMBER ="1">
        <SOURCEFIELD BUSINESSNAME ="" DATATYPE ="varchar2" DESCRIPTION ="" FIELDNUMBER ="1" FIELDPROPERTY ="0" FIELDTYPE ="ELEMITEM" HIDDEN ="NO" KEYTYPE ="NOT A KEY" LENGTH ="0" LEVEL ="0" NAME ="MANDT" NULLABLE ="NOTNULL" OCCURS ="0" OFFSET ="0" PHYSICALLENGTH ="9" PHYSICALOFFSET ="0" PICTURETEXT ="" PRECISION ="9" SCALE ="0" USAGE_FLAGS =""/>
        <SOURCEFIELD BUSINESSNAME ="" DATATYPE ="varchar2" DESCRIPTION ="" FIELDNUMBER ="2" FIELDPROPERTY ="0" FIELDTYPE ="ELEMITEM" HIDDEN ="NO" KEYTYPE ="NOT A KEY" LENGTH ="0" LEVEL ="0" NAME ="SPART" NULLABLE ="NOTNULL" OCCURS ="0" OFFSET ="0" PHYSICALLENGTH ="6" PHYSICALOFFSET ="9" PICTURETEXT ="" PRECISION ="6" SCALE ="0" USAGE_FLAGS =""/>
        <SOURCEFIELD BUSINESSNAME ="" DATATYPE ="varchar2" DESCRIPTION ="" FIELDNUMBER ="3" FIELDPROPERTY ="0" FIELDTYPE ="ELEMITEM" HIDDEN ="NO" KEYTYPE ="NOT A KEY" LENGTH ="0" LEVEL ="0" NAME ="MATNR" NULLABLE ="NOTNULL" OCCURS ="0" OFFSET ="0" PHYSICALLENGTH ="54" PHYSICALOFFSET ="15" PICTURETEXT ="" PRECISION ="54" SCALE ="0" USAGE_FLAGS =""/>
        <SOURCEFIELD BUSINESSNAME ="" DATATYPE ="varchar2" DESCRIPTION ="" FIELDNUMBER ="4" FIELDPROPERTY ="0" FIELDTYPE ="ELEMITEM" HIDDEN ="NO" KEYTYPE ="NOT A KEY" LENGTH ="0" LEVEL ="0" NAME ="J_3AKORD" NULLABLE ="NOTNULL" OCCURS ="0" OFFSET ="0" PHYSICALLENGTH ="24" PHYSICALOFFSET ="69" PICTURETEXT ="" PRECISION ="24" SCALE ="0" USAGE_FLAGS =""/>
        <SOURCEFIELD BUSINESSNAME ="" DATATYPE ="varchar2" DESCRIPTION ="" FIELDNUMBER ="5" FIELDPROPERTY ="0" FIELDTYPE ="ELEMITEM" HIDDEN ="NO" KEYTYPE ="NOT A KEY" LENGTH ="0" LEVEL ="0" NAME ="J_4KSCAT" NULLABLE ="NOTNULL" OCCURS ="0" OFFSET ="0" PHYSICALLENGTH ="48" PHYSICALOFFSET ="93" PICTURETEXT ="" PRECISION ="48" SCALE ="0" USAGE_FLAGS =""/>
        <SOURCEFIELD BUSINESSNAME ="" DATATYPE ="varchar2" DESCRIPTION ="" FIELDNUMBER ="6" FIELDPROPERTY ="0" FIELDTYPE ="ELEMITEM" HIDDEN ="NO" KEYTYPE ="NOT A KEY" LENGTH ="0" LEVEL ="0" NAME ="ZZDCCODE" NULLABLE ="NOTNULL" OCCURS ="0" OFFSET ="0" PHYSICALLENGTH ="6" PHYSICALOFFSET ="141" PICTURETEXT ="" PRECISION ="6" SCALE ="0" USAGE_FLAGS =""/>
        <SOURCEFIELD BUSINESSNAME ="" DATATYPE ="varchar2" DESCRIPTION ="" FIELDNUMBER ="7" FIELDPROPERTY ="0" FIELDTYPE ="ELEMITEM" HIDDEN ="NO" KEYTYPE ="NOT A KEY" LENGTH ="0" LEVEL ="0" NAME ="ZZDLEGDIV" NULLABLE ="NOTNULL" OCCURS ="0" OFFSET ="0" PHYSICALLENGTH ="6" PHYSICALOFFSET ="147" PICTURETEXT ="" PRECISION ="6" SCALE ="0" USAGE_FLAGS =""/>
        <SOURCEFIELD BUSINESSNAME ="" DATATYPE ="varchar2" DESCRIPTION ="" FIELDNUMBER ="8" FIELDPROPERTY ="0" FIELDTYPE ="ELEMITEM" HIDDEN ="NO" KEYTYPE ="NOT A KEY" LENGTH ="0" LEVEL ="0" NAME ="ZZDSTYLE" NULLABLE ="NOTNULL" OCCURS ="0" OFFSET ="0" PHYSICALLENGTH ="24" PHYSICALOFFSET ="153" PICTURETEXT ="" PRECISION ="24" SCALE ="0" USAGE_FLAGS =""/>
        <SOURCEFIELD BUSINESSNAME ="" DATATYPE ="varchar2" DESCRIPTION ="" FIELDNUMBER ="9" FIELDPROPERTY ="0" FIELDTYPE ="ELEMITEM" HIDDEN ="NO" KEYTYPE ="NOT A KEY" LENGTH ="0" LEVEL ="0" NAME ="ZZDCOLOR" NULLABLE ="NOTNULL" OCCURS ="0" OFFSET ="0" PHYSICALLENGTH ="12" PHYSICALOFFSET ="177" PICTURETEXT ="" PRECISION ="12" SCALE ="0" USAGE_FLAGS =""/>
        <SOURCEFIELD BUSINESSNAME ="" DATATYPE ="varchar2" DESCRIPTION ="" FIELDNUMBER ="10" FIELDPROPERTY ="0" FIELDTYPE ="ELEMITEM" HIDDEN ="NO" KEYTYPE ="NOT A KEY" LENGTH ="0" LEVEL ="0" NAME ="ZZDSIZE" NULLABLE ="NOTNULL" OCCURS ="0" OFFSET ="0" PHYSICALLENGTH ="15" PHYSICALOFFSET ="189" PICTURETEXT ="" PRECISION ="15" SCALE ="0" USAGE_FLAGS =""/>
        <SOURCEFIELD BUSINESSNAME ="" DATATYPE ="varchar2" DESCRIPTION ="" FIELDNUMBER ="11" FIELDPROPERTY ="0" FIELDTYPE ="ELEMITEM" HIDDEN ="NO" KEYTYPE ="NOT A KEY" LENGTH ="0" LEVEL ="0" NAME ="ZZDATTR" NULLABLE ="NOTNULL" OCCURS ="0" OFFSET ="0" PHYSICALLENGTH ="18" PHYSICALOFFSET ="204" PICTURETEXT ="" PRECISION ="18" SCALE ="0" USAGE_FLAGS =""/>
        <SOURCEFIELD BUSINESSNAME ="" DATATYPE ="varchar2" DESCRIPTION ="" FIELDNUMBER ="12" FIELDPROPERTY ="0" FIELDTYPE ="ELEMITEM" HIDDEN ="NO" KEYTYPE ="NOT A KEY" LENGTH ="0" LEVEL ="0" NAME ="ZZDXSIZECD" NULLABLE ="NOTNULL" OCCURS ="0" OFFSET ="0" PHYSICALLENGTH ="3" PHYSICALOFFSET ="222" PICTURETEXT ="" PRECISION ="3" SCALE ="0" USAGE_FLAGS =""/>
        <SOURCEFIELD BUSINESSNAME ="" DATATYPE ="varchar2" DESCRIPTION ="" FIELDNUMBER ="13" FIELDPROPERTY ="0" FIELDTYPE ="ELEMITEM" HIDDEN ="NO" KEYTYPE ="NOT A KEY" LENGTH ="0" LEVEL ="0" NAME ="ZZDPUTUPCD" NULLABLE ="NOTNULL" OCCURS ="0" OFFSET ="0" PHYSICALLENGTH ="9" PHYSICALOFFSET ="225" PICTURETEXT ="" PRECISION ="9" SCALE ="0" USAGE_FLAGS =""/>
        <SOURCEFIELD BUSINESSNAME ="" DATATYPE ="varchar2" DESCRIPTION ="" FIELDNUMBER ="14" FIELDPROPERTY ="0" FIELDTYPE ="ELEMITEM" HIDDEN ="NO" KEYTYPE ="NOT A KEY" LENGTH ="0" LEVEL ="0" NAME ="ZZDPCKCD" NULLABLE ="NOTNULL" OCCURS ="0" OFFSET ="0" PHYSICALLENGTH ="3" PHYSICALOFFSET ="234" PICTURETEXT ="" PRECISION ="3" SCALE ="0" USAGE_FLAGS =""/>
        <SOURCEFIELD BUSINESSNAME ="" DATATYPE ="varchar2" DESCRIPTION ="" FIELDNUMBER ="15" FIELDPROPERTY ="0" FIELDTYPE ="ELEMITEM" HIDDEN ="NO" KEYTYPE ="NOT A KEY" LENGTH ="0" LEVEL ="0" NAME ="ZZDVERSION" NULLABLE ="NOTNULL" OCCURS ="0" OFFSET ="0" PHYSICALLENGTH ="18" PHYSICALOFFSET ="237" PICTURETEXT ="" PRECISION ="18" SCALE ="0" USAGE_FLAGS =""/>
        <SOURCEFIELD BUSINESSNAME ="" DATATYPE ="varchar2" DESCRIPTION ="" FIELDNUMBER ="16" FIELDPROPERTY ="0" FIELDTYPE ="ELEMITEM" HIDDEN ="NO" KEYTYPE ="NOT A KEY" LENGTH ="0" LEVEL ="0" NAME ="ZZDALTSKU" NULLABLE ="NOTNULL" OCCURS ="0" OFFSET ="0" PHYSICALLENGTH ="48" PHYSICALOFFSET ="255" PICTURETEXT ="" PRECISION ="48" SCALE ="0" USAGE_FLAGS =""/>
        <SOURCEFIELD BUSINESSNAME ="" DATATYPE ="varchar2" DESCRIPTION ="" FIELDNUMBER ="17" FIELDPROPERTY ="0" FIELDTYPE ="ELEMITEM" HIDDEN ="NO" KEYTYPE ="NOT A KEY" LENGTH ="0" LEVEL ="0" NAME ="ZZDFCLTYCD" NULLABLE ="NOTNULL" OCCURS ="0" OFFSET ="0" PHYSICALLENGTH ="6" PHYSICALOFFSET ="303" PICTURETEXT ="" PRECISION ="6" SCALE ="0" USAGE_FLAGS =""/>
        <SOURCEFIELD BUSINESSNAME ="" DATATYPE ="varchar2" DESCRIPTION ="" FIELDNUMBER ="18" FIELDPROPERTY ="0" FIELDTYPE ="ELEMITEM" HIDDEN ="NO" KEYTYPE ="NOT A KEY" LENGTH ="0" LEVEL ="0" NAME ="ZZDBRNDCD" NULLABLE ="NOTNULL" OCCURS ="0" OFFSET ="0" PHYSICALLENGTH ="9" PHYSICALOFFSET ="309" PICTURETEXT ="" PRECISION ="9" SCALE ="0" USAGE_FLAGS =""/>
        <SOURCEFIELD BUSINESSNAME ="" DATATYPE ="varchar2" DESCRIPTION ="" FIELDNUMBER ="19" FIELDPROPERTY ="0" FIELDTYPE ="ELEMITEM" HIDDEN ="NO" KEYTYPE ="NOT A KEY" LENGTH ="0" LEVEL ="0" NAME ="ZZDREPSTYL" NULLABLE ="NOTNULL" OCCURS ="0" OFFSET ="0" PHYSICALLENGTH ="18" PHYSICALOFFSET ="318" PICTURETEXT ="" PRECISION ="18" SCALE ="0" USAGE_FLAGS =""/>
        <SOURCEFIELD BUSINESSNAME ="" DATATYPE ="varchar2" DESCRIPTION ="" FIELDNUMBER ="20" FIELDPROPERTY ="0" FIELDTYPE ="ELEMITEM" HIDDEN ="NO" KEYTYPE ="NOT A KEY" LENGTH ="0" LEVEL ="0" NAME ="ZZDSDRSTDT" NULLABLE ="NOTNULL" OCCURS ="0" OFFSET ="0" PHYSICALLENGTH ="24" PHYSICALOFFSET ="336" PICTURETEXT ="" PRECISION ="24" SCALE ="0" USAGE_FLAGS =""/>
        <SOURCEFIELD BUSINESSNAME ="" DATATYPE ="varchar2" DESCRIPTION ="" FIELDNUMBER ="21" FIELDPROPERTY ="0" FIELDTYPE ="ELEMITEM" HIDDEN ="NO" KEYTYPE ="NOT A KEY" LENGTH ="0" LEVEL ="0" NAME ="ZZDSDREDDT" NULLABLE ="NOTNULL" OCCURS ="0" OFFSET ="0" PHYSICALLENGTH ="24" PHYSICALOFFSET ="360" PICTURETEXT ="" PRECISION ="24" SCALE ="0" USAGE_FLAGS =""/>
        <SOURCEFIELD BUSINESSNAME ="" DATATYPE ="varchar2" DESCRIPTION ="" FIELDNUMBER ="22" FIELDPROPERTY ="0" FIELDTYPE ="ELEMITEM" HIDDEN ="NO" KEYTYPE ="NOT A KEY" LENGTH ="0" LEVEL ="0" NAME ="ZZDFRCSTFLG" NULLABLE ="NOTNULL" OCCURS ="0" OFFSET ="0" PHYSICALLENGTH ="3" PHYSICALOFFSET ="384" PICTURETEXT ="" PRECISION ="3" SCALE ="0" USAGE_FLAGS =""/>
        <SOURCEFIELD BUSINESSNAME ="" DATATYPE ="varchar2" DESCRIPTION ="" FIELDNUMBER ="23" FIELDPROPERTY ="0" FIELDTYPE ="ELEMITEM" HIDDEN ="NO" KEYTYPE ="NOT A KEY" LENGTH ="0" LEVEL ="0" NAME ="ZZDLCTRFLG" NULLABLE ="NOTNULL" OCCURS ="0" OFFSET ="0" PHYSICALLENGTH ="3" PHYSICALOFFSET ="387" PICTURETEXT ="" PRECISION ="3" SCALE ="0" USAGE_FLAGS =""/>
        <SOURCEFIELD BUSINESSNAME ="" DATATYPE ="varchar2" DESCRIPTION ="" FIELDNUMBER ="24" FIELDPROPERTY ="0" FIELDTYPE ="ELEMITEM" HIDDEN ="NO" KEYTYPE ="NOT A KEY" LENGTH ="0" LEVEL ="0" NAME ="ZZDSKUDESC" NULLABLE ="NOTNULL" OCCURS ="0" OFFSET ="0" PHYSICALLENGTH ="15" PHYSICALOFFSET ="390" PICTURETEXT ="" PRECISION ="15" SCALE ="0" USAGE_FLAGS =""/>
    </SOURCE>
    <SOURCE BUSINESSNAME ="" DATABASETYPE ="Oracle" DBDNAME ="HBIECCAFS" DESCRIPTION ="" NAME ="ZINT_PROD_XREF" OBJECTVERSION ="1" OWNERNAME ="SAPECC" VERSIONNUMBER ="1">
        <SOURCEFIELD BUSINESSNAME ="" DATATYPE ="varchar2" DESCRIPTION ="" FIELDNUMBER ="1" FIELDPROPERTY ="0" FIELDTYPE ="ELEMITEM" HIDDEN ="NO" KEYTYPE ="NOT A KEY" LENGTH ="0" LEVEL ="0" NAME ="MANDT" NULLABLE ="NOTNULL" OCCURS ="0" OFFSET ="0" PHYSICALLENGTH ="9" PHYSICALOFFSET ="0" PICTURETEXT ="" PRECISION ="9" SCALE ="0" USAGE_FLAGS =""/>
        <SOURCEFIELD BUSINESSNAME ="" DATATYPE ="varchar2" DESCRIPTION ="" FIELDNUMBER ="2" FIELDPROPERTY ="0" FIELDTYPE ="ELEMITEM" HIDDEN ="NO" KEYTYPE ="NOT A KEY" LENGTH ="0" LEVEL ="0" NAME ="VKORG" NULLABLE ="NOTNULL" OCCURS ="0" OFFSET ="0" PHYSICALLENGTH ="12" PHYSICALOFFSET ="9" PICTURETEXT ="" PRECISION ="12" SCALE ="0" USAGE_FLAGS =""/>
        <SOURCEFIELD BUSINESSNAME ="" DATATYPE ="varchar2" DESCRIPTION ="" FIELDNUMBER ="3" FIELDPROPERTY ="0" FIELDTYPE ="ELEMITEM" HIDDEN ="NO" KEYTYPE ="NOT A KEY" LENGTH ="0" LEVEL ="0" NAME ="VTWEG" NULLABLE ="NOTNULL" OCCURS ="0" OFFSET ="0" PHYSICALLENGTH ="6" PHYSICALOFFSET ="21" PICTURETEXT ="" PRECISION ="6" SCALE ="0" USAGE_FLAGS =""/>
        <SOURCEFIELD BUSINESSNAME ="" DATATYPE ="varchar2" DESCRIPTION ="" FIELDNUMBER ="4" FIELDPROPERTY ="0" FIELDTYPE ="ELEMITEM" HIDDEN ="NO" KEYTYPE ="NOT A KEY" LENGTH ="0" LEVEL ="0" NAME ="SPART" NULLABLE ="NOTNULL" OCCURS ="0" OFFSET ="0" PHYSICALLENGTH ="6" PHYSICALOFFSET ="27" PICTURETEXT ="" PRECISION ="6" SCALE ="0" USAGE_FLAGS =""/>
        <SOURCEFIELD BUSINESSNAME ="" DATATYPE ="varchar2" DESCRIPTION ="" FIELDNUMBER ="5" FIELDPROPERTY ="0" FIELDTYPE ="ELEMITEM" HIDDEN ="NO" KEYTYPE ="NOT A KEY" LENGTH ="0" LEVEL ="0" NAME ="MATNR" NULLABLE ="NOTNULL" OCCURS ="0" OFFSET ="0" PHYSICALLENGTH ="54" PHYSICALOFFSET ="33" PICTURETEXT ="" PRECISION ="54" SCALE ="0" USAGE_FLAGS =""/>
        <SOURCEFIELD BUSINESSNAME ="" DATATYPE ="varchar2" DESCRIPTION ="" FIELDNUMBER ="6" FIELDPROPERTY ="0" FIELDTYPE ="ELEMITEM" HIDDEN ="NO" KEYTYPE ="NOT A KEY" LENGTH ="0" LEVEL ="0" NAME ="J_3AKORD" NULLABLE ="NOTNULL" OCCURS ="0" OFFSET ="0" PHYSICALLENGTH ="24" PHYSICALOFFSET ="87" PICTURETEXT ="" PRECISION ="24" SCALE ="0" USAGE_FLAGS =""/>
        <SOURCEFIELD BUSINESSNAME ="" DATATYPE ="varchar2" DESCRIPTION ="" FIELDNUMBER ="7" FIELDPROPERTY ="0" FIELDTYPE ="ELEMITEM" HIDDEN ="NO" KEYTYPE ="NOT A KEY" LENGTH ="0" LEVEL ="0" NAME ="J_4KSCAT" NULLABLE ="NOTNULL" OCCURS ="0" OFFSET ="0" PHYSICALLENGTH ="48" PHYSICALOFFSET ="111" PICTURETEXT ="" PRECISION ="48" SCALE ="0" USAGE_FLAGS =""/>
        <SOURCEFIELD BUSINESSNAME ="" DATATYPE ="varchar2" DESCRIPTION ="" FIELDNUMBER ="8" FIELDPROPERTY ="0" FIELDTYPE ="ELEMITEM" HIDDEN ="NO" KEYTYPE ="NOT A KEY" LENGTH ="0" LEVEL ="0" NAME ="ZZDCCODE" NULLABLE ="NOTNULL" OCCURS ="0" OFFSET ="0" PHYSICALLENGTH ="6" PHYSICALOFFSET ="159" PICTURETEXT ="" PRECISION ="6" SCALE ="0" USAGE_FLAGS =""/>
        <SOURCEFIELD BUSINESSNAME ="" DATATYPE ="varchar2" DESCRIPTION ="" FIELDNUMBER ="9" FIELDPROPERTY ="0" FIELDTYPE ="ELEMITEM" HIDDEN ="NO" KEYTYPE ="NOT A KEY" LENGTH ="0" LEVEL ="0" NAME ="ZZDLEGDIV" NULLABLE ="NOTNULL" OCCURS ="0" OFFSET ="0" PHYSICALLENGTH ="6" PHYSICALOFFSET ="165" PICTURETEXT ="" PRECISION ="6" SCALE ="0" USAGE_FLAGS =""/>
        <SOURCEFIELD BUSINESSNAME ="" DATATYPE ="varchar2" DESCRIPTION ="" FIELDNUMBER ="10" FIELDPROPERTY ="0" FIELDTYPE ="ELEMITEM" HIDDEN ="NO" KEYTYPE ="NOT A KEY" LENGTH ="0" LEVEL ="0" NAME ="ZZDSTYLE" NULLABLE ="NOTNULL" OCCURS ="0" OFFSET ="0" PHYSICALLENGTH ="90" PHYSICALOFFSET ="171" PICTURETEXT ="" PRECISION ="90" SCALE ="0" USAGE_FLAGS =""/>
        <SOURCEFIELD BUSINESSNAME ="" DATATYPE ="varchar2" DESCRIPTION ="" FIELDNUMBER ="11" FIELDPROPERTY ="0" FIELDTYPE ="ELEMITEM" HIDDEN ="NO" KEYTYPE ="NOT A KEY" LENGTH ="0" LEVEL ="0" NAME ="ZZDCOLOR" NULLABLE ="NOTNULL" OCCURS ="0" OFFSET ="0" PHYSICALLENGTH ="90" PHYSICALOFFSET ="261" PICTURETEXT ="" PRECISION ="90" SCALE ="0" USAGE_FLAGS =""/>
        <SOURCEFIELD BUSINESSNAME ="" DATATYPE ="varchar2" DESCRIPTION ="" FIELDNUMBER ="12" FIELDPROPERTY ="0" FIELDTYPE ="ELEMITEM" HIDDEN ="NO" KEYTYPE ="NOT A KEY" LENGTH ="0" LEVEL ="0" NAME ="ZZDSIZE" NULLABLE ="NOTNULL" OCCURS ="0" OFFSET ="0" PHYSICALLENGTH ="90" PHYSICALOFFSET ="351" PICTURETEXT ="" PRECISION ="90" SCALE ="0" USAGE_FLAGS =""/>
        <SOURCEFIELD BUSINESSNAME ="" DATATYPE ="varchar2" DESCRIPTION ="" FIELDNUMBER ="13" FIELDPROPERTY ="0" FIELDTYPE ="ELEMITEM" HIDDEN ="NO" KEYTYPE ="NOT A KEY" LENGTH ="0" LEVEL ="0" NAME ="ZZDATTR" NULLABLE ="NOTNULL" OCCURS ="0" OFFSET ="0" PHYSICALLENGTH ="90" PHYSICALOFFSET ="441" PICTURETEXT ="" PRECISION ="90" SCALE ="0" USAGE_FLAGS =""/>
        <SOURCEFIELD BUSINESSNAME ="" DATATYPE ="varchar2" DESCRIPTION ="" FIELDNUMBER ="14" FIELDPROPERTY ="0" FIELDTYPE ="ELEMITEM" HIDDEN ="NO" KEYTYPE ="NOT A KEY" LENGTH ="0" LEVEL ="0" NAME ="ZZDXSIZECD" NULLABLE ="NOTNULL" OCCURS ="0" OFFSET ="0" PHYSICALLENGTH ="90" PHYSICALOFFSET ="531" PICTURETEXT ="" PRECISION ="90" SCALE ="0" USAGE_FLAGS =""/>
        <SOURCEFIELD BUSINESSNAME ="" DATATYPE ="varchar2" DESCRIPTION ="" FIELDNUMBER ="15" FIELDPROPERTY ="0" FIELDTYPE ="ELEMITEM" HIDDEN ="NO" KEYTYPE ="NOT A KEY" LENGTH ="0" LEVEL ="0" NAME ="ZZDPCKCD" NULLABLE ="NOTNULL" OCCURS ="0" OFFSET ="0" PHYSICALLENGTH ="90" PHYSICALOFFSET ="621" PICTURETEXT ="" PRECISION ="90" SCALE ="0" USAGE_FLAGS =""/>
        <SOURCEFIELD BUSINESSNAME ="" DATATYPE ="varchar2" DESCRIPTION ="" FIELDNUMBER ="16" FIELDPROPERTY ="0" FIELDTYPE ="ELEMITEM" HIDDEN ="NO" KEYTYPE ="NOT A KEY" LENGTH ="0" LEVEL ="0" NAME ="ZZDPUTUPCD" NULLABLE ="NOTNULL" OCCURS ="0" OFFSET ="0" PHYSICALLENGTH ="90" PHYSICALOFFSET ="711" PICTURETEXT ="" PRECISION ="90" SCALE ="0" USAGE_FLAGS =""/>
        <SOURCEFIELD BUSINESSNAME ="" DATATYPE ="varchar2" DESCRIPTION ="" FIELDNUMBER ="17" FIELDPROPERTY ="0" FIELDTYPE ="ELEMITEM" HIDDEN ="NO" KEYTYPE ="NOT A KEY" LENGTH ="0" LEVEL ="0" NAME ="ZZDVERSION" NULLABLE ="NOTNULL" OCCURS ="0" OFFSET ="0" PHYSICALLENGTH ="90" PHYSICALOFFSET ="801" PICTURETEXT ="" PRECISION ="90" SCALE ="0" USAGE_FLAGS =""/>
        <SOURCEFIELD BUSINESSNAME ="" DATATYPE ="varchar2" DESCRIPTION ="" FIELDNUMBER ="18" FIELDPROPERTY ="0" FIELDTYPE ="ELEMITEM" HIDDEN ="NO" KEYTYPE ="NOT A KEY" LENGTH ="0" LEVEL ="0" NAME ="ZZDALTSKU" NULLABLE ="NOTNULL" OCCURS ="0" OFFSET ="0" PHYSICALLENGTH ="90" PHYSICALOFFSET ="891" PICTURETEXT ="" PRECISION ="90" SCALE ="0" USAGE_FLAGS =""/>
        <SOURCEFIELD BUSINESSNAME ="" DATATYPE ="varchar2" DESCRIPTION ="" FIELDNUMBER ="19" FIELDPROPERTY ="0" FIELDTYPE ="ELEMITEM" HIDDEN ="NO" KEYTYPE ="NOT A KEY" LENGTH ="0" LEVEL ="0" NAME ="ZZDFCLTYCD" NULLABLE ="NOTNULL" OCCURS ="0" OFFSET ="0" PHYSICALLENGTH ="90" PHYSICALOFFSET ="981" PICTURETEXT ="" PRECISION ="90" SCALE ="0" USAGE_FLAGS =""/>
        <SOURCEFIELD BUSINESSNAME ="" DATATYPE ="varchar2" DESCRIPTION ="" FIELDNUMBER ="20" FIELDPROPERTY ="0" FIELDTYPE ="ELEMITEM" HIDDEN ="NO" KEYTYPE ="NOT A KEY" LENGTH ="0" LEVEL ="0" NAME ="ZZDBRNDCD" NULLABLE ="NOTNULL" OCCURS ="0" OFFSET ="0" PHYSICALLENGTH ="90" PHYSICALOFFSET ="1071" PICTURETEXT ="" PRECISION ="90" SCALE ="0" USAGE_FLAGS =""/>
        <SOURCEFIELD BUSINESSNAME ="" DATATYPE ="varchar2" DESCRIPTION ="" FIELDNUMBER ="21" FIELDPROPERTY ="0" FIELDTYPE ="ELEMITEM" HIDDEN ="NO" KEYTYPE ="NOT A KEY" LENGTH ="0" LEVEL ="0" NAME ="ZZDREPSTYL" NULLABLE ="NOTNULL" OCCURS ="0" OFFSET ="0" PHYSICALLENGTH ="90" PHYSICALOFFSET ="1161" PICTURETEXT ="" PRECISION ="90" SCALE ="0" USAGE_FLAGS =""/>
        <SOURCEFIELD BUSINESSNAME ="" DATATYPE ="varchar2" DESCRIPTION ="" FIELDNUMBER ="22" FIELDPROPERTY ="0" FIELDTYPE ="ELEMITEM" HIDDEN ="NO" KEYTYPE ="NOT A KEY" LENGTH ="0" LEVEL ="0" NAME ="ZZDSDRSTDT" NULLABLE ="NOTNULL" OCCURS ="0" OFFSET ="0" PHYSICALLENGTH ="24" PHYSICALOFFSET ="1251" PICTURETEXT ="" PRECISION ="24" SCALE ="0" USAGE_FLAGS =""/>
        <SOURCEFIELD BUSINESSNAME ="" DATATYPE ="varchar2" DESCRIPTION ="" FIELDNUMBER ="23" FIELDPROPERTY ="0" FIELDTYPE ="ELEMITEM" HIDDEN ="NO" KEYTYPE ="NOT A KEY" LENGTH ="0" LEVEL ="0" NAME ="ZZDSDREDDT" NULLABLE ="NOTNULL" OCCURS ="0" OFFSET ="0" PHYSICALLENGTH ="24" PHYSICALOFFSET ="1275" PICTURETEXT ="" PRECISION ="24" SCALE ="0" USAGE_FLAGS =""/>
        <SOURCEFIELD BUSINESSNAME ="" DATATYPE ="varchar2" DESCRIPTION ="" FIELDNUMBER ="24" FIELDPROPERTY ="0" FIELDTYPE ="ELEMITEM" HIDDEN ="NO" KEYTYPE ="NOT A KEY" LENGTH ="0" LEVEL ="0" NAME ="ZZDFRCSTFLG" NULLABLE ="NOTNULL" OCCURS ="0" OFFSET ="0" PHYSICALLENGTH ="90" PHYSICALOFFSET ="1299" PICTURETEXT ="" PRECISION ="90" SCALE ="0" USAGE_FLAGS =""/>
        <SOURCEFIELD BUSINESSNAME ="" DATATYPE ="varchar2" DESCRIPTION ="" FIELDNUMBER ="25" FIELDPROPERTY ="0" FIELDTYPE ="ELEMITEM" HIDDEN ="NO" KEYTYPE ="NOT A KEY" LENGTH ="0" LEVEL ="0" NAME ="ZZDLCTRFLG" NULLABLE ="NOTNULL" OCCURS ="0" OFFSET ="0" PHYSICALLENGTH ="90" PHYSICALOFFSET ="1389" PICTURETEXT ="" PRECISION ="90" SCALE ="0" USAGE_FLAGS =""/>
        <SOURCEFIELD BUSINESSNAME ="" DATATYPE ="varchar2" DESCRIPTION ="" FIELDNUMBER ="26" FIELDPROPERTY ="0" FIELDTYPE ="ELEMITEM" HIDDEN ="NO" KEYTYPE ="NOT A KEY" LENGTH ="0" LEVEL ="0" NAME ="ZZDSKUDESC" NULLABLE ="NOTNULL" OCCURS ="0" OFFSET ="0" PHYSICALLENGTH ="90" PHYSICALOFFSET ="1479" PICTURETEXT ="" PRECISION ="90" SCALE ="0" USAGE_FLAGS =""/>
    </SOURCE>
    <TARGET BUSINESSNAME ="" CONSTRAINT ="" DATABASETYPE ="Oracle" DESCRIPTION ="" NAME ="HBI_EXTERNAL_SKU_XREF" OBJECTVERSION ="1" TABLEOPTIONS ="" VERSIONNUMBER ="1">
        <TARGETFIELD BUSINESSNAME ="" DATATYPE ="varchar2" DESCRIPTION ="" FIELDNUMBER ="1" KEYTYPE ="NOT A KEY" NAME ="CORP_DIVISION_CODE" NULLABLE ="NULL" PICTURETEXT ="" PRECISION ="2" SCALE ="0"/>
        <TARGETFIELD BUSINESSNAME ="" DATATYPE ="varchar2" DESCRIPTION ="" FIELDNUMBER ="2" KEYTYPE ="NOT A KEY" NAME ="EXTERNAL_SKU" NULLABLE ="NULL" PICTURETEXT ="" PRECISION ="50" SCALE ="0"/>
        <TARGETFIELD BUSINESSNAME ="" DATATYPE ="varchar2" DESCRIPTION ="" FIELDNUMBER ="3" KEYTYPE ="NOT A KEY" NAME ="EXTERNAL_STYLE" NULLABLE ="NULL" PICTURETEXT ="" PRECISION ="30" SCALE ="0"/>
        <TARGETFIELD BUSINESSNAME ="" DATATYPE ="varchar2" DESCRIPTION ="" FIELDNUMBER ="4" KEYTYPE ="NOT A KEY" NAME ="EXTERNAL_COLOR" NULLABLE ="NULL" PICTURETEXT ="" PRECISION ="30" SCALE ="0"/>
        <TARGETFIELD BUSINESSNAME ="" DATATYPE ="varchar2" DESCRIPTION ="" FIELDNUMBER ="5" KEYTYPE ="NOT A KEY" NAME ="EXTERNAL_ATTRIBUTE" NULLABLE ="NULL" PICTURETEXT ="" PRECISION ="30" SCALE ="0"/>
        <TARGETFIELD BUSINESSNAME ="" DATATYPE ="varchar2" DESCRIPTION ="" FIELDNUMBER ="6" KEYTYPE ="NOT A KEY" NAME ="EXTERNAL_SIZE" NULLABLE ="NULL" PICTURETEXT ="" PRECISION ="30" SCALE ="0"/>
        <TARGETFIELD BUSINESSNAME ="" DATATYPE ="varchar2" DESCRIPTION ="" FIELDNUMBER ="7" KEYTYPE ="NOT A KEY" NAME ="EXTERNAL_BRAND" NULLABLE ="NULL" PICTURETEXT ="" PRECISION ="30" SCALE ="0"/>
        <TARGETFIELD BUSINESSNAME ="" DATATYPE ="varchar2" DESCRIPTION ="" FIELDNUMBER ="8" KEYTYPE ="NOT A KEY" NAME ="EXTERNAL_VERSION" NULLABLE ="NULL" PICTURETEXT ="" PRECISION ="30" SCALE ="0"/>
        <TARGETFIELD BUSINESSNAME ="" DATATYPE ="varchar2" DESCRIPTION ="" FIELDNUMBER ="9" KEYTYPE ="NOT A KEY" NAME ="EXTERNAL_COLOR_SHORT_DESC" NULLABLE ="NULL" PICTURETEXT ="" PRECISION ="30" SCALE ="0"/>
        <TARGETFIELD BUSINESSNAME ="" DATATYPE ="varchar2" DESCRIPTION ="" FIELDNUMBER ="10" KEYTYPE ="NOT A KEY" NAME ="EXTERNAL_COLOR_LONG_DESC" NULLABLE ="NULL" PICTURETEXT ="" PRECISION ="50" SCALE ="0"/>
        <TARGETFIELD BUSINESSNAME ="" DATATYPE ="varchar2" DESCRIPTION ="" FIELDNUMBER ="11" KEYTYPE ="NOT A KEY" NAME ="STYLE_CD" NULLABLE ="NULL" PICTURETEXT ="" PRECISION ="6" SCALE ="0"/>
        <TARGETFIELD BUSINESSNAME ="" DATATYPE ="varchar2" DESCRIPTION ="" FIELDNUMBER ="12" KEYTYPE ="NOT A KEY" NAME ="COLOR_CD" NULLABLE ="NULL" PICTURETEXT ="" PRECISION ="4" SCALE ="0"/>
        <TARGETFIELD BUSINESSNAME ="" DATATYPE ="varchar2" DESCRIPTION ="" FIELDNUMBER ="13" KEYTYPE ="NOT A KEY" NAME ="ATTRIBUTE_CD" NULLABLE ="NULL" PICTURETEXT ="" PRECISION ="6" SCALE ="0"/>
        <TARGETFIELD BUSINESSNAME ="" DATATYPE ="varchar2" DESCRIPTION ="" FIELDNUMBER ="14" KEYTYPE ="NOT A KEY" NAME ="SIZE_CD" NULLABLE ="NULL" PICTURETEXT ="" PRECISION ="3" SCALE ="0"/>
        <TARGETFIELD BUSINESSNAME ="" DATATYPE ="number(p,s)" DESCRIPTION ="" FIELDNUMBER ="15" KEYTYPE ="NOT A KEY" NAME ="REVISION_NO" NULLABLE ="NULL" PICTURETEXT ="" PRECISION ="3" SCALE ="0"/>
        <TARGETFIELD BUSINESSNAME ="" DATATYPE ="varchar2" DESCRIPTION ="" FIELDNUMBER ="16" KEYTYPE ="NOT A KEY" NAME ="EXTERNAL_TEMPLATE_ID" NULLABLE ="NULL" PICTURETEXT ="" PRECISION ="20" SCALE ="0"/>
        <TARGETFIELD BUSINESSNAME ="" DATATYPE ="varchar2" DESCRIPTION ="" FIELDNUMBER ="17" KEYTYPE ="NOT A KEY" NAME ="EXTERNAL_PROCESS_KEY1" NULLABLE ="NULL" PICTURETEXT ="" PRECISION ="20" SCALE ="0"/>
        <TARGETFIELD BUSINESSNAME ="" DATATYPE ="varchar2" DESCRIPTION ="" FIELDNUMBER ="18" KEYTYPE ="NOT A KEY" NAME ="EXTERNAL_PROCESS_KEY2" NULLABLE ="NULL" PICTURETEXT ="" PRECISION ="20" SCALE ="0"/>
        <TARGETFIELD BUSINESSNAME ="" DATATYPE ="varchar2" DESCRIPTION ="" FIELDNUMBER ="19" KEYTYPE ="NOT A KEY" NAME ="EXTERNAL_PROCESS_KEY3" NULLABLE ="NULL" PICTURETEXT ="" PRECISION ="20" SCALE ="0"/>
        <TARGETFIELD BUSINESSNAME ="" DATATYPE ="varchar2" DESCRIPTION ="" FIELDNUMBER ="20" KEYTYPE ="NOT A KEY" NAME ="EXTERNAL_PROCESS_KEY4" NULLABLE ="NULL" PICTURETEXT ="" PRECISION ="20" SCALE ="0"/>
        <TARGETFIELD BUSINESSNAME ="" DATATYPE ="varchar2" DESCRIPTION ="" FIELDNUMBER ="21" KEYTYPE ="NOT A KEY" NAME ="USER_ID" NULLABLE ="NULL" PICTURETEXT ="" PRECISION ="50" SCALE ="0"/>
        <TARGETFIELD BUSINESSNAME ="" DATATYPE ="date" DESCRIPTION ="" FIELDNUMBER ="22" KEYTYPE ="NOT A KEY" NAME ="CREATE_DATE" NULLABLE ="NULL" PICTURETEXT ="" PRECISION ="19" SCALE ="0"/>
        <TARGETFIELD BUSINESSNAME ="" DATATYPE ="date" DESCRIPTION ="" FIELDNUMBER ="23" KEYTYPE ="NOT A KEY" NAME ="UPDATE_DATE" NULLABLE ="NULL" PICTURETEXT ="" PRECISION ="19" SCALE ="0"/>
        <TARGETFIELD BUSINESSNAME ="" DATATYPE ="varchar2" DESCRIPTION ="" FIELDNUMBER ="24" KEYTYPE ="NOT A KEY" NAME ="LEGACY_DIVISION" NULLABLE ="NULL" PICTURETEXT ="" PRECISION ="10" SCALE ="0"/>
        <TARGETFIELD BUSINESSNAME ="" DATATYPE ="varchar2" DESCRIPTION ="" FIELDNUMBER ="25" KEYTYPE ="NOT A KEY" NAME ="PUTUP_CD" NULLABLE ="NULL" PICTURETEXT ="" PRECISION ="3" SCALE ="0"/>
        <TARGETFIELD BUSINESSNAME ="" DATATYPE ="varchar2" DESCRIPTION ="" FIELDNUMBER ="26" KEYTYPE ="NOT A KEY" NAME ="EXTERNAL_PUTUP_CD" NULLABLE ="NULL" PICTURETEXT ="" PRECISION ="30" SCALE ="0"/>
        <TARGETFIELD BUSINESSNAME ="" DATATYPE ="varchar2" DESCRIPTION ="" FIELDNUMBER ="27" KEYTYPE ="NOT A KEY" NAME ="EXTERNAL_XSIZE_CD" NULLABLE ="NULL" PICTURETEXT ="" PRECISION ="30" SCALE ="0"/>
        <TARGETFIELD BUSINESSNAME ="" DATATYPE ="varchar2" DESCRIPTION ="" FIELDNUMBER ="28" KEYTYPE ="NOT A KEY" NAME ="EXTERNAL_PACK_CD" NULLABLE ="NULL" PICTURETEXT ="" PRECISION ="30" SCALE ="0"/>
        <TARGETFIELD BUSINESSNAME ="" DATATYPE ="varchar2" DESCRIPTION ="" FIELDNUMBER ="29" KEYTYPE ="NOT A KEY" NAME ="EXTERNAL_ALTERNATE_SKU" NULLABLE ="NULL" PICTURETEXT ="" PRECISION ="30" SCALE ="0"/>
        <TARGETFIELD BUSINESSNAME ="" DATATYPE ="varchar2" DESCRIPTION ="" FIELDNUMBER ="30" KEYTYPE ="NOT A KEY" NAME ="EXTERNAL_FACILITY" NULLABLE ="NULL" PICTURETEXT ="" PRECISION ="30" SCALE ="0"/>
        <TARGETFIELD BUSINESSNAME ="" DATATYPE ="varchar2" DESCRIPTION ="" FIELDNUMBER ="31" KEYTYPE ="NOT A KEY" NAME ="EXTERNAL_REP_STYLE" NULLABLE ="NULL" PICTURETEXT ="" PRECISION ="30" SCALE ="0"/>
        <TARGETFIELD BUSINESSNAME ="" DATATYPE ="varchar2" DESCRIPTION ="" FIELDNUMBER ="32" KEYTYPE ="NOT A KEY" NAME ="EXTERNAL_FORECAST_FLAG" NULLABLE ="NULL" PICTURETEXT ="" PRECISION ="30" SCALE ="0"/>
        <TARGETFIELD BUSINESSNAME ="" DATATYPE ="varchar2" DESCRIPTION ="" FIELDNUMBER ="33" KEYTYPE ="NOT A KEY" NAME ="EXTERNAL_LOCATOR_FLAG" NULLABLE ="NULL" PICTURETEXT ="" PRECISION ="30" SCALE ="0"/>
        <TARGETFIELD BUSINESSNAME ="" DATATYPE ="varchar2" DESCRIPTION ="" FIELDNUMBER ="34" KEYTYPE ="NOT A KEY" NAME ="EXTERNAL_SHORT_SIZE_DESC" NULLABLE ="NULL" PICTURETEXT ="" PRECISION ="30" SCALE ="0"/>
        <TARGETFIELD BUSINESSNAME ="" DATATYPE ="varchar2" DESCRIPTION ="" FIELDNUMBER ="35" KEYTYPE ="NOT A KEY" NAME ="SOURCE_TRIGGER" NULLABLE ="NULL" PICTURETEXT ="" PRECISION ="3" SCALE ="0"/>
        <TARGETFIELD BUSINESSNAME ="" DATATYPE ="varchar2" DESCRIPTION ="" FIELDNUMBER ="36" KEYTYPE ="NOT A KEY" NAME ="MATERIAL_NUM" NULLABLE ="NULL" PICTURETEXT ="" PRECISION ="18" SCALE ="0"/>
        <TARGETFIELD BUSINESSNAME ="" DATATYPE ="varchar2" DESCRIPTION ="" FIELDNUMBER ="37" KEYTYPE ="NOT A KEY" NAME ="GRID_VALUE" NULLABLE ="NULL" PICTURETEXT ="" PRECISION ="30" SCALE ="0"/>
        <TARGETFIELD BUSINESSNAME ="" DATATYPE ="varchar2" DESCRIPTION ="" FIELDNUMBER ="38" KEYTYPE ="NOT A KEY" NAME ="SALES_ORG" NULLABLE ="NULL" PICTURETEXT ="" PRECISION ="4" SCALE ="0"/>
    </TARGET>
    <TRANSFORMATION DESCRIPTION ="" NAME ="PR_TRUNC_SLBA_TBLS" OBJECTVERSION ="1" REUSABLE ="YES" TYPE ="Stored Procedure" VERSIONNUMBER ="1">
        <TRANSFORMFIELD DATATYPE ="string" DEFAULTVALUE ="" DESCRIPTION ="" NAME ="I_TABLE_NAME" PICTURETEXT ="" PORTTYPE ="INPUT" PRECISION ="4000" SCALE ="0"/>
        <TABLEATTRIBUTE NAME ="Stored Procedure Name" VALUE ="PR_TRUNC_SLBA_TBLS"/>
        <TABLEATTRIBUTE NAME ="Connection Information" VALUE ="$Target"/>
        <TABLEATTRIBUTE NAME ="Call Text" VALUE =""/>
        <TABLEATTRIBUTE NAME ="Stored Procedure Type" VALUE ="Normal"/>
        <TABLEATTRIBUTE NAME ="Execution Order" VALUE ="1"/>
        <TABLEATTRIBUTE NAME ="Tracing Level" VALUE ="Normal"/>
        <TABLEATTRIBUTE NAME ="Subsecond Precision" VALUE ="6"/>
        <TABLEATTRIBUTE NAME ="Output is Repeatable" VALUE ="Based On Input Order"/>
        <TABLEATTRIBUTE NAME ="Output is Deterministic" VALUE ="NO"/>
    </TRANSFORMATION>
    <MAPPING DESCRIPTION ="Mapping to load the data from SAP to HBI_EXTERNAL_SKU_XREF table" ISVALID ="YES" NAME ="m_SAP_HBI_EXT_SKU_XREF" OBJECTVERSION ="1" VERSIONNUMBER ="1">
        <TRANSFORMATION DESCRIPTION ="Transformation to carry on the required calclution on the columns." NAME ="EXP_CALC" OBJECTVERSION ="1" REUSABLE ="NO" TYPE ="Expression" VERSIONNUMBER ="1">
            <TRANSFORMFIELD DATATYPE ="string" DEFAULTVALUE ="" DESCRIPTION ="" NAME ="ZZDLEGDIV" PICTURETEXT ="" PORTTYPE ="INPUT" PRECISION ="6" SCALE ="0"/>
            <TRANSFORMFIELD DATATYPE ="string" DEFAULTVALUE ="" DESCRIPTION ="" NAME ="ZINT_ZZDSTYLE" PICTURETEXT ="" PORTTYPE ="INPUT" PRECISION ="90" SCALE ="0"/>
            <TRANSFORMFIELD DATATYPE ="string" DEFAULTVALUE ="" DESCRIPTION ="" NAME ="ZINT_ZZDCOLOR" PICTURETEXT ="" PORTTYPE ="INPUT" PRECISION ="90" SCALE ="0"/>
            <TRANSFORMFIELD DATATYPE ="string" DEFAULTVALUE ="" DESCRIPTION ="" NAME ="ZINT_ZZDSIZE" PICTURETEXT ="" PORTTYPE ="INPUT" PRECISION ="90" SCALE ="0"/>
            <TRANSFORMFIELD DATATYPE ="string" DEFAULTVALUE ="" DESCRIPTION ="" NAME ="ZINT_ZZDATTR" PICTURETEXT ="" PORTTYPE ="INPUT" PRECISION ="90" SCALE ="0"/>
            <TRANSFORMFIELD DATATYPE ="string" DEFAULTVALUE ="" DESCRIPTION ="" NAME ="ZZDBRNDCD" PICTURETEXT ="" PORTTYPE ="INPUT" PRECISION ="90" SCALE ="0"/>
            <TRANSFORMFIELD DATATYPE ="string" DEFAULTVALUE ="" DESCRIPTION ="" NAME ="ZZDVERSION" PICTURETEXT ="" PORTTYPE ="INPUT" PRECISION ="90" SCALE ="0"/>
            <TRANSFORMFIELD DATATYPE ="string" DEFAULTVALUE ="" DESCRIPTION ="" NAME ="ZINT_ZZDPUTUPCD" PICTURETEXT ="" PORTTYPE ="INPUT" PRECISION ="90" SCALE ="0"/>
            <TRANSFORMFIELD DATATYPE ="string" DEFAULTVALUE ="" DESCRIPTION ="" NAME ="ZZDXSIZECD" PICTURETEXT ="" PORTTYPE ="INPUT" PRECISION ="90" SCALE ="0"/>
            <TRANSFORMFIELD DATATYPE ="string" DEFAULTVALUE ="" DESCRIPTION ="" NAME ="ZZDPCKCD" PICTURETEXT ="" PORTTYPE ="INPUT" PRECISION ="90" SCALE ="0"/>
            <TRANSFORMFIELD DATATYPE ="string" DEFAULTVALUE ="" DESCRIPTION ="" NAME ="ZZDALTSKU" PICTURETEXT ="" PORTTYPE ="INPUT" PRECISION ="90" SCALE ="0"/>
            <TRANSFORMFIELD DATATYPE ="string" DEFAULTVALUE ="" DESCRIPTION ="" NAME ="ZZDFCLTYCD" PICTURETEXT ="" PORTTYPE ="INPUT" PRECISION ="90" SCALE ="0"/>
            <TRANSFORMFIELD DATATYPE ="string" DEFAULTVALUE ="" DESCRIPTION ="" NAME ="ZZDREPSTYL" PICTURETEXT ="" PORTTYPE ="INPUT" PRECISION ="90" SCALE ="0"/>
            <TRANSFORMFIELD DATATYPE ="string" DEFAULTVALUE ="" DESCRIPTION ="" NAME ="ZZDFRCSTFLG" PICTURETEXT ="" PORTTYPE ="INPUT" PRECISION ="90" SCALE ="0"/>
            <TRANSFORMFIELD DATATYPE ="string" DEFAULTVALUE ="" DESCRIPTION ="" NAME ="ZZDLCTRFLG" PICTURETEXT ="" PORTTYPE ="INPUT" PRECISION ="90" SCALE ="0"/>
            <TRANSFORMFIELD DATATYPE ="string" DEFAULTVALUE ="" DESCRIPTION ="" NAME ="ZZDSKUDESC" PICTURETEXT ="" PORTTYPE ="INPUT" PRECISION ="90" SCALE ="0"/>
            <TRANSFORMFIELD DATATYPE ="string" DEFAULTVALUE ="" DESCRIPTION ="" NAME ="J_3AKORD" PICTURETEXT ="" PORTTYPE ="INPUT" PRECISION ="30" SCALE ="0"/>
            <TRANSFORMFIELD DATATYPE ="string" DEFAULTVALUE ="" DESCRIPTION ="" NAME ="MATNR" PICTURETEXT ="" PORTTYPE ="INPUT" PRECISION ="54" SCALE ="0"/>
            <TRANSFORMFIELD DATATYPE ="string" DEFAULTVALUE ="" DESCRIPTION ="" NAME ="MANDT" PICTURETEXT ="" PORTTYPE ="INPUT" PRECISION ="9" SCALE ="0"/>
            <TRANSFORMFIELD DATATYPE ="string" DEFAULTVALUE ="" DESCRIPTION ="" NAME ="ZTSA_ZZDSTYLE" PICTURETEXT ="" PORTTYPE ="INPUT" PRECISION ="24" SCALE ="0"/>
            <TRANSFORMFIELD DATATYPE ="string" DEFAULTVALUE ="" DESCRIPTION ="" NAME ="ZTSA_ZZDCOLOR" PICTURETEXT ="" PORTTYPE ="INPUT" PRECISION ="12" SCALE ="0"/>
            <TRANSFORMFIELD DATATYPE ="string" DEFAULTVALUE ="" DESCRIPTION ="" NAME ="ZTSA_ZZDSIZE" PICTURETEXT ="" PORTTYPE ="INPUT" PRECISION ="15" SCALE ="0"/>
            <TRANSFORMFIELD DATATYPE ="string" DEFAULTVALUE ="" DESCRIPTION ="" NAME ="ZTSA_ZZDATTR" PICTURETEXT ="" PORTTYPE ="INPUT" PRECISION ="18" SCALE ="0"/>
            <TRANSFORMFIELD DATATYPE ="string" DEFAULTVALUE ="" DESCRIPTION ="" NAME ="ZTSA_ZZDPUTUPCD" PICTURETEXT ="" PORTTYPE ="INPUT" PRECISION ="9" SCALE ="0"/>
            <TRANSFORMFIELD DATATYPE ="string" DEFAULTVALUE ="" DESCRIPTION ="" EXPRESSION ="CORP_DIVISION_CODE" EXPRESSIONTYPE ="GENERAL" NAME ="CORP_DIVISION_CODE" PICTURETEXT ="" PORTTYPE ="INPUT/OUTPUT" PRECISION ="2" SCALE ="0"/>
            <TRANSFORMFIELD DATATYPE ="string" DEFAULTVALUE ="ERROR(&apos;transformation error&apos;)" DESCRIPTION ="" EXPRESSION ="ZZDLEGDIV" EXPRESSIONTYPE ="GENERAL" NAME ="O_LEGACY_DIVISION" PICTURETEXT ="" PORTTYPE ="OUTPUT" PRECISION ="10" SCALE ="0"/>
            <TRANSFORMFIELD DATATYPE ="string" DEFAULTVALUE ="ERROR(&apos;transformation error&apos;)" DESCRIPTION ="" EXPRESSION ="LTRIM(RTRIM(ZTSA_ZZDSTYLE))" EXPRESSIONTYPE ="GENERAL" NAME ="O_STYLE_CD" PICTURETEXT ="" PORTTYPE ="OUTPUT" PRECISION ="6" SCALE ="0"/>
            <TRANSFORMFIELD DATATYPE ="string" DEFAULTVALUE ="ERROR(&apos;transformation error&apos;)" DESCRIPTION ="" EXPRESSION ="LTRIM(RTRIM(ZTSA_ZZDCOLOR))" EXPRESSIONTYPE ="GENERAL" NAME ="O_COLOR_CD" PICTURETEXT ="" PORTTYPE ="OUTPUT" PRECISION ="4" SCALE ="0"/>
            <TRANSFORMFIELD DATATYPE ="string" DEFAULTVALUE ="ERROR(&apos;transformation error&apos;)" DESCRIPTION ="" EXPRESSION ="LTRIM(RTRIM(ZTSA_ZZDATTR))" EXPRESSIONTYPE ="GENERAL" NAME ="O_ATTRIBUTE_CD" PICTURETEXT ="" PORTTYPE ="OUTPUT" PRECISION ="6" SCALE ="0"/>
            <TRANSFORMFIELD DATATYPE ="string" DEFAULTVALUE ="ERROR(&apos;transformation error&apos;)" DESCRIPTION ="" EXPRESSION ="LTRIM(RTRIM(ZTSA_ZZDSIZE))" EXPRESSIONTYPE ="GENERAL" NAME ="O_SIZE_CD" PICTURETEXT ="" PORTTYPE ="OUTPUT" PRECISION ="3" SCALE ="0"/>
            <TRANSFORMFIELD DATATYPE ="decimal" DEFAULTVALUE ="ERROR(&apos;transformation error&apos;)" DESCRIPTION ="" EXPRESSION ="&apos;000&apos;" EXPRESSIONTYPE ="GENERAL" NAME ="O_REVISION_NO" PICTURETEXT ="" PORTTYPE ="OUTPUT" PRECISION ="3" SCALE ="0"/>
            <TRANSFORMFIELD DATATYPE ="string" DEFAULTVALUE ="ERROR(&apos;transformation error&apos;)" DESCRIPTION ="" EXPRESSION ="LTRIM(RTRIM(ZTSA_ZZDPUTUPCD))" EXPRESSIONTYPE ="GENERAL" NAME ="O_PUTUP_CD" PICTURETEXT ="" PORTTYPE ="OUTPUT" PRECISION ="3" SCALE ="0"/>
            <TRANSFORMFIELD DATATYPE ="string" DEFAULTVALUE ="" DESCRIPTION ="" EXPRESSION ="SUBSTR(ZTSA_ZZDSTYLE,1,2)||SUBSTR(ZINT_ZZDSTYLE,1,4)||&#xD;&#xA;lpad(ZINT_ZZDCOLOR,3,&apos;X&apos;)||rpad(ZINT_ZZDSIZE,5,&apos;0&apos;)||ZZDVERSION" EXPRESSIONTYPE ="GENERAL" NAME ="V_EXTERNAL_SKU" PICTURETEXT ="" PORTTYPE ="LOCAL VARIABLE" PRECISION ="50" SCALE ="0"/>
            <TRANSFORMFIELD DATATYPE ="string" DEFAULTVALUE ="ERROR(&apos;transformation error&apos;)" DESCRIPTION ="" EXPRESSION ="V_EXTERNAL_SKU" EXPRESSIONTYPE ="GENERAL" NAME ="O_EXTERNAL_SKU" PICTURETEXT ="" PORTTYPE ="OUTPUT" PRECISION ="50" SCALE ="0"/>
            <TRANSFORMFIELD DATATYPE ="string" DEFAULTVALUE ="ERROR(&apos;transformation error&apos;)" DESCRIPTION ="" EXPRESSION ="LTRIM(RTRIM(ZINT_ZZDSTYLE))" EXPRESSIONTYPE ="GENERAL" NAME ="O_EXTERNAL_STYLE" PICTURETEXT ="" PORTTYPE ="OUTPUT" PRECISION ="30" SCALE ="0"/>
            <TRANSFORMFIELD DATATYPE ="string" DEFAULTVALUE ="ERROR(&apos;transformation error&apos;)" DESCRIPTION ="" EXPRESSION ="LTRIM(RTRIM(ZINT_ZZDCOLOR))" EXPRESSIONTYPE ="GENERAL" NAME ="O_EXTERNAL_COLOR" PICTURETEXT ="" PORTTYPE ="OUTPUT" PRECISION ="30" SCALE ="0"/>
            <TRANSFORMFIELD DATATYPE ="string" DEFAULTVALUE ="ERROR(&apos;transformation error&apos;)" DESCRIPTION ="" EXPRESSION ="LTRIM(RTRIM(ZINT_ZZDATTR))" EXPRESSIONTYPE ="GENERAL" NAME ="O_EXTERNAL_ATTRIBUTE" PICTURETEXT ="" PORTTYPE ="OUTPUT" PRECISION ="30" SCALE ="0"/>
            <TRANSFORMFIELD DATATYPE ="string" DEFAULTVALUE ="ERROR(&apos;transformation error&apos;)" DESCRIPTION ="" EXPRESSION ="LTRIM(RTRIM(ZINT_ZZDSIZE))" EXPRESSIONTYPE ="GENERAL" NAME ="O_EXTERNAL_SIZE" PICTURETEXT ="" PORTTYPE ="OUTPUT" PRECISION ="30" SCALE ="0"/>
            <TRANSFORMFIELD DATATYPE ="string" DEFAULTVALUE ="ERROR(&apos;transformation error&apos;)" DESCRIPTION ="" EXPRESSION ="LTRIM(RTRIM(ZZDBRNDCD))" EXPRESSIONTYPE ="GENERAL" NAME ="O_EXTERNAL_BRAND" PICTURETEXT ="" PORTTYPE ="OUTPUT" PRECISION ="30" SCALE ="0"/>
            <TRANSFORMFIELD DATATYPE ="string" DEFAULTVALUE ="ERROR(&apos;transformation error&apos;)" DESCRIPTION ="" EXPRESSION ="IIF(ISNULL(LTRIM(RTRIM(ZZDVERSION))),&apos; &apos;,LTRIM(RTRIM(ZZDVERSION)))" EXPRESSIONTYPE ="GENERAL" NAME ="O_EXTERNAL_VERSION" PICTURETEXT ="" PORTTYPE ="OUTPUT" PRECISION ="30" SCALE ="0"/>
            <TRANSFORMFIELD DATATYPE ="string" DEFAULTVALUE ="ERROR(&apos;transformation error&apos;)" DESCRIPTION ="" EXPRESSION ="NULL" EXPRESSIONTYPE ="GENERAL" NAME ="O_EXTERNAL_COLOR_SHORT_DESC" PICTURETEXT ="" PORTTYPE ="OUTPUT" PRECISION ="30" SCALE ="0"/>
            <TRANSFORMFIELD DATATYPE ="string" DEFAULTVALUE ="ERROR(&apos;transformation error&apos;)" DESCRIPTION ="" EXPRESSION ="NULL" EXPRESSIONTYPE ="GENERAL" NAME ="O_EXTERNAL_COLOR_LONG_DESC" PICTURETEXT ="" PORTTYPE ="OUTPUT" PRECISION ="50" SCALE ="0"/>
            <TRANSFORMFIELD DATATYPE ="string" DEFAULTVALUE ="ERROR(&apos;transformation error&apos;)" DESCRIPTION ="" EXPRESSION ="NULL" EXPRESSIONTYPE ="GENERAL" NAME ="O_EXTERNAL_PROCESS_KEY1" PICTURETEXT ="" PORTTYPE ="OUTPUT" PRECISION ="20" SCALE ="0"/>
            <TRANSFORMFIELD DATATYPE ="string" DEFAULTVALUE ="ERROR(&apos;transformation error&apos;)" DESCRIPTION ="" EXPRESSION ="NULL" EXPRESSIONTYPE ="GENERAL" NAME ="O_EXTERNAL_PROCESS_KEY2" PICTURETEXT ="" PORTTYPE ="OUTPUT" PRECISION ="20" SCALE ="0"/>
            <TRANSFORMFIELD DATATYPE ="string" DEFAULTVALUE ="ERROR(&apos;transformation error&apos;)" DESCRIPTION ="" EXPRESSION ="NULL" EXPRESSIONTYPE ="GENERAL" NAME ="O_EXTERNAL_PROCESS_KEY3" PICTURETEXT ="" PORTTYPE ="OUTPUT" PRECISION ="20" SCALE ="0"/>
            <TRANSFORMFIELD DATATYPE ="string" DEFAULTVALUE ="ERROR(&apos;transformation error&apos;)" DESCRIPTION ="" EXPRESSION ="NULL" EXPRESSIONTYPE ="GENERAL" NAME ="O_EXTERNAL_PROCESS_KEY4" PICTURETEXT ="" PORTTYPE ="OUTPUT" PRECISION ="20" SCALE ="0"/>
            <TRANSFORMFIELD DATATYPE ="string" DEFAULTVALUE ="ERROR(&apos;transformation error&apos;)" DESCRIPTION ="" EXPRESSION ="V_EXTERNAL_SKU||ZZDLEGDIV" EXPRESSIONTYPE ="GENERAL" NAME ="O_EXTERNAL_TEMPLATE_ID" PICTURETEXT ="" PORTTYPE ="OUTPUT" PRECISION ="20" SCALE ="0"/>
            <TRANSFORMFIELD DATATYPE ="string" DEFAULTVALUE ="ERROR(&apos;transformation error&apos;)" DESCRIPTION ="" EXPRESSION ="IIF(ISNULL(LTRIM(RTRIM(ZINT_ZZDPUTUPCD))),&apos; &apos;,LTRIM(RTRIM(ZINT_ZZDPUTUPCD)))" EXPRESSIONTYPE ="GENERAL" NAME ="O_EXTERNAL_PUTUP_CD" PICTURETEXT ="" PORTTYPE ="OUTPUT" PRECISION ="30" SCALE ="0"/>
            <TRANSFORMFIELD DATATYPE ="string" DEFAULTVALUE ="ERROR(&apos;transformation error&apos;)" DESCRIPTION ="" EXPRESSION ="IIF(ISNULL(LTRIM(RTRIM(ZZDXSIZECD))),&apos; &apos;,LTRIM(RTRIM(ZZDXSIZECD)))" EXPRESSIONTYPE ="GENERAL" NAME ="O_EXTERNAL_XSIZE_CD" PICTURETEXT ="" PORTTYPE ="OUTPUT" PRECISION ="30" SCALE ="0"/>
            <TRANSFORMFIELD DATATYPE ="string" DEFAULTVALUE ="ERROR(&apos;transformation error&apos;)" DESCRIPTION ="" EXPRESSION ="IIF(ISNULL(LTRIM(RTRIM(ZZDPCKCD))),&apos; &apos;,LTRIM(RTRIM(ZZDPCKCD)))" EXPRESSIONTYPE ="GENERAL" NAME ="O_EXTERNAL_PACK_CD" PICTURETEXT ="" PORTTYPE ="OUTPUT" PRECISION ="30" SCALE ="0"/>
            <TRANSFORMFIELD DATATYPE ="string" DEFAULTVALUE ="ERROR(&apos;transformation error&apos;)" DESCRIPTION ="" EXPRESSION ="IIF(ISNULL(LTRIM(RTRIM(ZZDALTSKU))),&apos; &apos;,LTRIM(RTRIM(ZZDALTSKU)))" EXPRESSIONTYPE ="GENERAL" NAME ="O_EXTERNAL_ALTERNATE_SKU" PICTURETEXT ="" PORTTYPE ="OUTPUT" PRECISION ="30" SCALE ="0"/>
            <TRANSFORMFIELD DATATYPE ="string" DEFAULTVALUE ="ERROR(&apos;transformation error&apos;)" DESCRIPTION ="" EXPRESSION ="IIF(ISNULL(LTRIM(RTRIM(ZZDFCLTYCD))),&apos; &apos;,LTRIM(RTRIM(ZZDFCLTYCD)))" EXPRESSIONTYPE ="GENERAL" NAME ="O_EXTERNAL_FACILITY" PICTURETEXT ="" PORTTYPE ="OUTPUT" PRECISION ="30" SCALE ="0"/>
            <TRANSFORMFIELD DATATYPE ="string" DEFAULTVALUE ="ERROR(&apos;transformation error&apos;)" DESCRIPTION ="" EXPRESSION ="IIF(ISNULL(LTRIM(RTRIM(ZZDREPSTYL))),&apos; &apos;,LTRIM(RTRIM(ZZDREPSTYL)))" EXPRESSIONTYPE ="GENERAL" NAME ="O_EXTERNAL_REP_STYLE" PICTURETEXT ="" PORTTYPE ="OUTPUT" PRECISION ="30" SCALE ="0"/>
            <TRANSFORMFIELD DATATYPE ="string" DEFAULTVALUE ="ERROR(&apos;transformation error&apos;)" DESCRIPTION ="" EXPRESSION ="IIF(ISNULL(LTRIM(RTRIM(ZZDFRCSTFLG))),&apos; &apos;,LTRIM(RTRIM(ZZDFRCSTFLG)))" EXPRESSIONTYPE ="GENERAL" NAME ="O_EXTERNAL_FORECAST_FLAG" PICTURETEXT ="" PORTTYPE ="OUTPUT" PRECISION ="30" SCALE ="0"/>
            <TRANSFORMFIELD DATATYPE ="string" DEFAULTVALUE ="ERROR(&apos;transformation error&apos;)" DESCRIPTION ="" EXPRESSION ="IIF(ISNULL(LTRIM(RTRIM(ZZDLCTRFLG))),&apos; &apos;,LTRIM(RTRIM(ZZDLCTRFLG)))" EXPRESSIONTYPE ="GENERAL" NAME ="O_EXTERNAL_LOCATOR_FLAG" PICTURETEXT ="" PORTTYPE ="OUTPUT" PRECISION ="30" SCALE ="0"/>
            <TRANSFORMFIELD DATATYPE ="string" DEFAULTVALUE ="ERROR(&apos;transformation error&apos;)" DESCRIPTION ="" EXPRESSION ="IIF(ISNULL(LTRIM(RTRIM(ZZDSKUDESC))),&apos; &apos;,LTRIM(RTRIM(ZZDSKUDESC)))" EXPRESSIONTYPE ="GENERAL" NAME ="O_EXTERNAL_SHORT_SIZE_DESC" PICTURETEXT ="" PORTTYPE ="OUTPUT" PRECISION ="30" SCALE ="0"/>
            <TRANSFORMFIELD DATATYPE ="string" DEFAULTVALUE ="ERROR(&apos;transformation error&apos;)" DESCRIPTION ="" EXPRESSION ="&apos;SAP&apos;" EXPRESSIONTYPE ="GENERAL" NAME ="O_SOURCE_TRIGGER" PICTURETEXT ="" PORTTYPE ="OUTPUT" PRECISION ="3" SCALE ="0"/>
            <TRANSFORMFIELD DATATYPE ="string" DEFAULTVALUE ="ERROR(&apos;transformation error&apos;)" DESCRIPTION ="" EXPRESSION ="&apos;ETL_HBI_EXT_SKU_XREF&apos;" EXPRESSIONTYPE ="GENERAL" NAME ="O_USER_ID" PICTURETEXT ="" PORTTYPE ="OUTPUT" PRECISION ="10" SCALE ="0"/>
            <TRANSFORMFIELD DATATYPE ="date/time" DEFAULTVALUE ="ERROR(&apos;transformation error&apos;)" DESCRIPTION ="" EXPRESSION ="SESSSTARTTIME" EXPRESSIONTYPE ="GENERAL" NAME ="O_CREATE_DATE" PICTURETEXT ="" PORTTYPE ="OUTPUT" PRECISION ="29" SCALE ="9"/>
            <TRANSFORMFIELD DATATYPE ="string" DEFAULTVALUE ="ERROR(&apos;transformation error&apos;)" DESCRIPTION ="" EXPRESSION ="LTRIM(RTRIM(MATNR))" EXPRESSIONTYPE ="GENERAL" NAME ="O_MATERIAL_NUM" PICTURETEXT ="" PORTTYPE ="OUTPUT" PRECISION ="18" SCALE ="0"/>
            <TRANSFORMFIELD DATATYPE ="string" DEFAULTVALUE ="ERROR(&apos;transformation error&apos;)" DESCRIPTION ="" EXPRESSION ="LTRIM(RTRIM(J_3AKORD))" EXPRESSIONTYPE ="GENERAL" NAME ="O_GRID_VALUE" PICTURETEXT ="" PORTTYPE ="OUTPUT" PRECISION ="30" SCALE ="0"/>
            <TABLEATTRIBUTE NAME ="Tracing Level" VALUE ="Normal"/>
        </TRANSFORMATION>
        <TRANSFORMATION DESCRIPTION ="SOURCE QUALIFIER for the sources ZTSA_PROD_XREF and ZINT_PROD_XREF" NAME ="SQ_ZINT_PROD_XREF" OBJECTVERSION ="1" REUSABLE ="NO" TYPE ="Source Qualifier" VERSIONNUMBER ="1">
            <TRANSFORMFIELD DATATYPE ="string" DEFAULTVALUE ="" DESCRIPTION ="" NAME ="ZZDLEGDIV" PICTURETEXT ="" PORTTYPE ="INPUT/OUTPUT" PRECISION ="6" SCALE ="0"/>
            <TRANSFORMFIELD DATATYPE ="string" DEFAULTVALUE ="" DESCRIPTION ="" NAME ="ZINT_ZZDSTYLE" PICTURETEXT ="" PORTTYPE ="INPUT/OUTPUT" PRECISION ="90" SCALE ="0"/>
            <TRANSFORMFIELD DATATYPE ="string" DEFAULTVALUE ="" DESCRIPTION ="" NAME ="ZINT_ZZDCOLOR" PICTURETEXT ="" PORTTYPE ="INPUT/OUTPUT" PRECISION ="90" SCALE ="0"/>
            <TRANSFORMFIELD DATATYPE ="string" DEFAULTVALUE ="" DESCRIPTION ="" NAME ="ZINT_ZZDSIZE" PICTURETEXT ="" PORTTYPE ="INPUT/OUTPUT" PRECISION ="90" SCALE ="0"/>
            <TRANSFORMFIELD DATATYPE ="string" DEFAULTVALUE ="" DESCRIPTION ="" NAME ="ZINT_ZZDATTR" PICTURETEXT ="" PORTTYPE ="INPUT/OUTPUT" PRECISION ="90" SCALE ="0"/>
            <TRANSFORMFIELD DATATYPE ="string" DEFAULTVALUE ="" DESCRIPTION ="" NAME ="ZZDBRNDCD" PICTURETEXT ="" PORTTYPE ="INPUT/OUTPUT" PRECISION ="90" SCALE ="0"/>
            <TRANSFORMFIELD DATATYPE ="string" DEFAULTVALUE ="" DESCRIPTION ="" NAME ="ZZDVERSION" PICTURETEXT ="" PORTTYPE ="INPUT/OUTPUT" PRECISION ="90" SCALE ="0"/>
            <TRANSFORMFIELD DATATYPE ="string" DEFAULTVALUE ="" DESCRIPTION ="" NAME ="ZINT_ZZDPUTUPCD" PICTURETEXT ="" PORTTYPE ="INPUT/OUTPUT" PRECISION ="90" SCALE ="0"/>
            <TRANSFORMFIELD DATATYPE ="string" DEFAULTVALUE ="" DESCRIPTION ="" NAME ="ZZDXSIZECD" PICTURETEXT ="" PORTTYPE ="INPUT/OUTPUT" PRECISION ="90" SCALE ="0"/>
            <TRANSFORMFIELD DATATYPE ="string" DEFAULTVALUE ="" DESCRIPTION ="" NAME ="ZZDPCKCD" PICTURETEXT ="" PORTTYPE ="INPUT/OUTPUT" PRECISION ="90" SCALE ="0"/>
            <TRANSFORMFIELD DATATYPE ="string" DEFAULTVALUE ="" DESCRIPTION ="" NAME ="ZZDALTSKU" PICTURETEXT ="" PORTTYPE ="INPUT/OUTPUT" PRECISION ="90" SCALE ="0"/>
            <TRANSFORMFIELD DATATYPE ="string" DEFAULTVALUE ="" DESCRIPTION ="" NAME ="ZZDFCLTYCD" PICTURETEXT ="" PORTTYPE ="INPUT/OUTPUT" PRECISION ="90" SCALE ="0"/>
            <TRANSFORMFIELD DATATYPE ="string" DEFAULTVALUE ="" DESCRIPTION ="" NAME ="ZZDREPSTYL" PICTURETEXT ="" PORTTYPE ="INPUT/OUTPUT" PRECISION ="90" SCALE ="0"/>
            <TRANSFORMFIELD DATATYPE ="string" DEFAULTVALUE ="" DESCRIPTION ="" NAME ="ZZDFRCSTFLG" PICTURETEXT ="" PORTTYPE ="INPUT/OUTPUT" PRECISION ="90" SCALE ="0"/>
            <TRANSFORMFIELD DATATYPE ="string" DEFAULTVALUE ="" DESCRIPTION ="" NAME ="ZZDLCTRFLG" PICTURETEXT ="" PORTTYPE ="INPUT/OUTPUT" PRECISION ="90" SCALE ="0"/>
            <TRANSFORMFIELD DATATYPE ="string" DEFAULTVALUE ="" DESCRIPTION ="" NAME ="ZZDSKUDESC" PICTURETEXT ="" PORTTYPE ="INPUT/OUTPUT" PRECISION ="90" SCALE ="0"/>
            <TRANSFORMFIELD DATATYPE ="string" DEFAULTVALUE ="" DESCRIPTION ="" NAME ="J_3AKORD" PICTURETEXT ="" PORTTYPE ="INPUT/OUTPUT" PRECISION ="30" SCALE ="0"/>
            <TRANSFORMFIELD DATATYPE ="string" DEFAULTVALUE ="" DESCRIPTION ="" NAME ="MATNR" PICTURETEXT ="" PORTTYPE ="INPUT/OUTPUT" PRECISION ="54" SCALE ="0"/>
            <TRANSFORMFIELD DATATYPE ="string" DEFAULTVALUE ="" DESCRIPTION ="" NAME ="MANDT" PICTURETEXT ="" PORTTYPE ="INPUT/OUTPUT" PRECISION ="9" SCALE ="0"/>
            <TRANSFORMFIELD DATATYPE ="string" DEFAULTVALUE ="" DESCRIPTION ="" NAME ="ZTSA_SPART" PICTURETEXT ="" PORTTYPE ="INPUT/OUTPUT" PRECISION ="6" SCALE ="0"/>
            <TRANSFORMFIELD DATATYPE ="string" DEFAULTVALUE ="" DESCRIPTION ="" NAME ="ZTSA_ZZDSTYLE" PICTURETEXT ="" PORTTYPE ="INPUT/OUTPUT" PRECISION ="24" SCALE ="0"/>
            <TRANSFORMFIELD DATATYPE ="string" DEFAULTVALUE ="" DESCRIPTION ="" NAME ="ZTSA_ZZDCOLOR" PICTURETEXT ="" PORTTYPE ="INPUT/OUTPUT" PRECISION ="12" SCALE ="0"/>
            <TRANSFORMFIELD DATATYPE ="string" DEFAULTVALUE ="" DESCRIPTION ="" NAME ="ZTSA_ZZDSIZE" PICTURETEXT ="" PORTTYPE ="INPUT/OUTPUT" PRECISION ="15" SCALE ="0"/>
            <TRANSFORMFIELD DATATYPE ="string" DEFAULTVALUE ="" DESCRIPTION ="" NAME ="ZTSA_ZZDATTR" PICTURETEXT ="" PORTTYPE ="INPUT/OUTPUT" PRECISION ="18" SCALE ="0"/>
            <TRANSFORMFIELD DATATYPE ="string" DEFAULTVALUE ="" DESCRIPTION ="" NAME ="ZTSA_ZZDPUTUPCD" PICTURETEXT ="" PORTTYPE ="INPUT/OUTPUT" PRECISION ="9" SCALE ="0"/>
            <TABLEATTRIBUTE NAME ="Sql Query" VALUE ="SELECT ZTSA_PROD_XREF.ZZDLEGDIV, ZINT_PROD_XREF.ZZDSTYLE, ZINT_PROD_XREF.ZZDCOLOR, ZINT_PROD_XREF.ZZDSIZE, &#xD;&#xA;ZINT_PROD_XREF.ZZDATTR, ZINT_PROD_XREF.ZZDBRNDCD, ZINT_PROD_XREF.ZZDVERSION, ZINT_PROD_XREF.ZZDPUTUPCD, ZINT_PROD_XREF.ZZDXSIZECD, ZINT_PROD_XREF.ZZDPCKCD, ZINT_PROD_XREF.ZZDALTSKU, ZINT_PROD_XREF.ZZDFCLTYCD, ZINT_PROD_XREF.ZZDREPSTYL, ZINT_PROD_XREF.ZZDFRCSTFLG, ZINT_PROD_XREF.ZZDLCTRFLG, ZINT_PROD_XREF.ZZDSKUDESC, &#xD;&#xA;ZTSA_PROD_XREF.J_3AKORD,&#xD;&#xA;ZTSA_PROD_XREF.MATNR, &#xD;&#xA;ZINT_PROD_XREF.MANDT,&#xD;&#xA;ZTSA_PROD_XREF.SPART,&#xD;&#xA; LTRIM(RTRIM(ZTSA_PROD_XREF.ZZDSTYLE)), ZTSA_PROD_XREF.ZZDCOLOR, ZTSA_PROD_XREF.ZZDSIZE, ZTSA_PROD_XREF.ZZDATTR, ZTSA_PROD_XREF.ZZDPUTUPCD&#xD;&#xA; FROM&#xD;&#xA;SAPECC.ZTSA_PROD_XREF  LEFT OUTER JOIN  SAPECC.ZINT_PROD_XREF &#xD;&#xA;on ZINT_PROD_XREF.ZZDLEGDIV = ZTSA_PROD_XREF.ZZDLEGDIV&#xD;&#xA;AND ZINT_PROD_XREF.J_3AKORD = ZTSA_PROD_XREF.J_3AKORD&#xD;&#xA;AND ZINT_PROD_XREF.MATNR = ZTSA_PROD_XREF.MATNR&#xD;&#xA;WHERE ZTSA_PROD_XREF.ZZDLEGDIV in ($$DIV_CD)&#xD;&#xA;AND ZTSA_PROD_XREF.MANDT = (Select decode(substr(MTEXT,1,10),&apos;Production&apos;,MANDT,&apos;120&apos;) &#xD;&#xA;          from SAPECC.T000  &#xD;&#xA;         where MANDT = &apos;100&apos;)&#xD;&#xA;&#xD;&#xA;UNION&#xD;&#xA;&#xD;&#xA;SELECT ZTSA_PROD_XREF.ZZDLEGDIV, ZINT_PROD_XREF.ZZDSTYLE, ZINT_PROD_XREF.ZZDCOLOR, ZINT_PROD_XREF.ZZDSIZE, &#xD;&#xA;ZINT_PROD_XREF.ZZDATTR, ZINT_PROD_XREF.ZZDBRNDCD, ZINT_PROD_XREF.ZZDVERSION, ZINT_PROD_XREF.ZZDPUTUPCD, ZINT_PROD_XREF.ZZDXSIZECD, ZINT_PROD_XREF.ZZDPCKCD, ZINT_PROD_XREF.ZZDALTSKU, ZINT_PROD_XREF.ZZDFCLTYCD, ZINT_PROD_XREF.ZZDREPSTYL, ZINT_PROD_XREF.ZZDFRCSTFLG, ZINT_PROD_XREF.ZZDLCTRFLG, ZINT_PROD_XREF.ZZDSKUDESC, &#xD;&#xA;ZTSA_PROD_XREF.J_3AKORD,&#xD;&#xA;ZTSA_PROD_XREF.MATNR, &#xD;&#xA;ZINT_PROD_XREF.MANDT,&#xD;&#xA;ZTSA_PROD_XREF.SPART,&#xD;&#xA; LTRIM(RTRIM(ZTSA_PROD_XREF.ZZDSTYLE)), ZTSA_PROD_XREF.ZZDCOLOR, ZTSA_PROD_XREF.ZZDSIZE, ZTSA_PROD_XREF.ZZDATTR, ZTSA_PROD_XREF.ZZDPUTUPCD&#xD;&#xA; FROM&#xD;&#xA;SAPECC.ZTSA_PROD_XREF  LEFT OUTER JOIN  SAPECC.ZINT_PROD_XREF &#xD;&#xA;on  ZINT_PROD_XREF.J_3AKORD = ZTSA_PROD_XREF.J_3AKORD&#xD;&#xA;AND ZINT_PROD_XREF.MATNR = ZTSA_PROD_XREF.MATNR&#xD;&#xA;WHERE  ZTSA_PROD_XREF.ZZDLEGDIV =&apos;SC&apos; and ZINT_PROD_XREF.ZZDLEGDIV=&apos;DR&apos;&#xD;&#xA;AND ZTSA_PROD_XREF.MANDT = (Select decode(substr(MTEXT,1,10),&apos;Production&apos;,MANDT,&apos;120&apos;) &#xD;&#xA;          from SAPECC.T000  &#xD;&#xA;         where MANDT = &apos;100&apos;)"/>
            <TABLEATTRIBUTE NAME ="User Defined Join" VALUE =""/>
            <TABLEATTRIBUTE NAME ="Source Filter" VALUE =""/>
            <TABLEATTRIBUTE NAME ="Number Of Sorted Ports" VALUE ="0"/>
            <TABLEATTRIBUTE NAME ="Tracing Level" VALUE ="Normal"/>
            <TABLEATTRIBUTE NAME ="Select Distinct" VALUE ="NO"/>
            <TABLEATTRIBUTE NAME ="Is Partitionable" VALUE ="NO"/>
            <TABLEATTRIBUTE NAME ="Pre SQL" VALUE =""/>
            <TABLEATTRIBUTE NAME ="Post SQL" VALUE =""/>
            <TABLEATTRIBUTE NAME ="Output is deterministic" VALUE ="NO"/>
            <TABLEATTRIBUTE NAME ="Output is repeatable" VALUE ="Never"/>
        </TRANSFORMATION>
        <INSTANCE DESCRIPTION ="Target instance" NAME ="HBI_EXTERNAL_SKU_XREF" TRANSFORMATION_NAME ="HBI_EXTERNAL_SKU_XREF" TRANSFORMATION_TYPE ="Target Definition" TYPE ="TARGET"/>
        <INSTANCE DBDNAME ="HBIECCAFS" DESCRIPTION ="Source ZINT_PROD_XREF" NAME ="ZINT_PROD_XREF" TRANSFORMATION_NAME ="ZINT_PROD_XREF" TRANSFORMATION_TYPE ="Source Definition" TYPE ="SOURCE"/>
        <INSTANCE DBDNAME ="HBIECCAFS" DESCRIPTION ="Source ZTSA_PROD_XREF" NAME ="ZTSA_PROD_XREF" TRANSFORMATION_NAME ="ZTSA_PROD_XREF" TRANSFORMATION_TYPE ="Source Definition" TYPE ="SOURCE"/>
        <INSTANCE DESCRIPTION ="Procedure to truncate the target table hbi_external_sku_xref." NAME ="PR_TRUNC_TARGET_TABLE" REUSABLE ="YES" TRANSFORMATION_NAME ="PR_TRUNC_SLBA_TBLS" TRANSFORMATION_TYPE ="Stored Procedure" TYPE ="TRANSFORMATION">
            <TABLEATTRIBUTE NAME ="Connection Information" VALUE ="SLBADW"/>
            <TABLEATTRIBUTE NAME ="Call Text" VALUE ="PR_TRUNC_SLBA_TBLS(hbi_external_sku_xref)"/>
            <TABLEATTRIBUTE NAME ="Stored Procedure Type" VALUE ="Target Pre Load "/>
        </INSTANCE>
        <INSTANCE DESCRIPTION ="Transformation to carry on the required calclution on the columns." NAME ="EXP_CALC" REUSABLE ="NO" TRANSFORMATION_NAME ="EXP_CALC" TRANSFORMATION_TYPE ="Expression" TYPE ="TRANSFORMATION"/>
        <INSTANCE DESCRIPTION ="SOURCE QUALIFIER for the sources ZTSA_PROD_XREF and ZINT_PROD_XREF" NAME ="SQ_ZINT_PROD_XREF" REUSABLE ="NO" TRANSFORMATION_NAME ="SQ_ZINT_PROD_XREF" TRANSFORMATION_TYPE ="Source Qualifier" TYPE ="TRANSFORMATION">
            <ASSOCIATED_SOURCE_INSTANCE NAME ="ZTSA_PROD_XREF"/>
            <ASSOCIATED_SOURCE_INSTANCE NAME ="ZINT_PROD_XREF"/>
        </INSTANCE>
        <CONNECTOR FROMFIELD ="CORP_DIVISION_CODE" FROMINSTANCE ="EXP_CALC" FROMINSTANCETYPE ="Expression" TOFIELD ="CORP_DIVISION_CODE" TOINSTANCE ="HBI_EXTERNAL_SKU_XREF" TOINSTANCETYPE ="Target Definition"/>
        <CONNECTOR FROMFIELD ="O_EXTERNAL_SKU" FROMINSTANCE ="EXP_CALC" FROMINSTANCETYPE ="Expression" TOFIELD ="EXTERNAL_SKU" TOINSTANCE ="HBI_EXTERNAL_SKU_XREF" TOINSTANCETYPE ="Target Definition"/>
        <CONNECTOR FROMFIELD ="O_SIZE_CD" FROMINSTANCE ="EXP_CALC" FROMINSTANCETYPE ="Expression" TOFIELD ="SIZE_CD" TOINSTANCE ="HBI_EXTERNAL_SKU_XREF" TOINSTANCETYPE ="Target Definition"/>
        <CONNECTOR FROMFIELD ="O_REVISION_NO" FROMINSTANCE ="EXP_CALC" FROMINSTANCETYPE ="Expression" TOFIELD ="REVISION_NO" TOINSTANCE ="HBI_EXTERNAL_SKU_XREF" TOINSTANCETYPE ="Target Definition"/>
        <CONNECTOR FROMFIELD ="O_PUTUP_CD" FROMINSTANCE ="EXP_CALC" FROMINSTANCETYPE ="Expression" TOFIELD ="PUTUP_CD" TOINSTANCE ="HBI_EXTERNAL_SKU_XREF" TOINSTANCETYPE ="Target Definition"/>
        <CONNECTOR FROMFIELD ="O_EXTERNAL_STYLE" FROMINSTANCE ="EXP_CALC" FROMINSTANCETYPE ="Expression" TOFIELD ="EXTERNAL_STYLE" TOINSTANCE ="HBI_EXTERNAL_SKU_XREF" TOINSTANCETYPE ="Target Definition"/>
        <CONNECTOR FROMFIELD ="O_EXTERNAL_COLOR" FROMINSTANCE ="EXP_CALC" FROMINSTANCETYPE ="Expression" TOFIELD ="EXTERNAL_COLOR" TOINSTANCE ="HBI_EXTERNAL_SKU_XREF" TOINSTANCETYPE ="Target Definition"/>
        <CONNECTOR FROMFIELD ="O_EXTERNAL_ATTRIBUTE" FROMINSTANCE ="EXP_CALC" FROMINSTANCETYPE ="Expression" TOFIELD ="EXTERNAL_ATTRIBUTE" TOINSTANCE ="HBI_EXTERNAL_SKU_XREF" TOINSTANCETYPE ="Target Definition"/>
        <CONNECTOR FROMFIELD ="O_EXTERNAL_SIZE" FROMINSTANCE ="EXP_CALC" FROMINSTANCETYPE ="Expression" TOFIELD ="EXTERNAL_SIZE" TOINSTANCE ="HBI_EXTERNAL_SKU_XREF" TOINSTANCETYPE ="Target Definition"/>
        <CONNECTOR FROMFIELD ="O_EXTERNAL_BRAND" FROMINSTANCE ="EXP_CALC" FROMINSTANCETYPE ="Expression" TOFIELD ="EXTERNAL_BRAND" TOINSTANCE ="HBI_EXTERNAL_SKU_XREF" TOINSTANCETYPE ="Target Definition"/>
        <CONNECTOR FROMFIELD ="O_EXTERNAL_VERSION" FROMINSTANCE ="EXP_CALC" FROMINSTANCETYPE ="Expression" TOFIELD ="EXTERNAL_VERSION" TOINSTANCE ="HBI_EXTERNAL_SKU_XREF" TOINSTANCETYPE ="Target Definition"/>
        <CONNECTOR FROMFIELD ="O_EXTERNAL_COLOR_SHORT_DESC" FROMINSTANCE ="EXP_CALC" FROMINSTANCETYPE ="Expression" TOFIELD ="EXTERNAL_COLOR_SHORT_DESC" TOINSTANCE ="HBI_EXTERNAL_SKU_XREF" TOINSTANCETYPE ="Target Definition"/>
        <CONNECTOR FROMFIELD ="O_EXTERNAL_COLOR_LONG_DESC" FROMINSTANCE ="EXP_CALC" FROMINSTANCETYPE ="Expression" TOFIELD ="EXTERNAL_COLOR_LONG_DESC" TOINSTANCE ="HBI_EXTERNAL_SKU_XREF" TOINSTANCETYPE ="Target Definition"/>
        <CONNECTOR FROMFIELD ="O_EXTERNAL_PUTUP_CD" FROMINSTANCE ="EXP_CALC" FROMINSTANCETYPE ="Expression" TOFIELD ="EXTERNAL_PUTUP_CD" TOINSTANCE ="HBI_EXTERNAL_SKU_XREF" TOINSTANCETYPE ="Target Definition"/>
        <CONNECTOR FROMFIELD ="O_EXTERNAL_XSIZE_CD" FROMINSTANCE ="EXP_CALC" FROMINSTANCETYPE ="Expression" TOFIELD ="EXTERNAL_XSIZE_CD" TOINSTANCE ="HBI_EXTERNAL_SKU_XREF" TOINSTANCETYPE ="Target Definition"/>
        <CONNECTOR FROMFIELD ="O_EXTERNAL_PACK_CD" FROMINSTANCE ="EXP_CALC" FROMINSTANCETYPE ="Expression" TOFIELD ="EXTERNAL_PACK_CD" TOINSTANCE ="HBI_EXTERNAL_SKU_XREF" TOINSTANCETYPE ="Target Definition"/>
        <CONNECTOR FROMFIELD ="O_EXTERNAL_ALTERNATE_SKU" FROMINSTANCE ="EXP_CALC" FROMINSTANCETYPE ="Expression" TOFIELD ="EXTERNAL_ALTERNATE_SKU" TOINSTANCE ="HBI_EXTERNAL_SKU_XREF" TOINSTANCETYPE ="Target Definition"/>
        <CONNECTOR FROMFIELD ="O_EXTERNAL_FACILITY" FROMINSTANCE ="EXP_CALC" FROMINSTANCETYPE ="Expression" TOFIELD ="EXTERNAL_FACILITY" TOINSTANCE ="HBI_EXTERNAL_SKU_XREF" TOINSTANCETYPE ="Target Definition"/>
        <CONNECTOR FROMFIELD ="O_EXTERNAL_REP_STYLE" FROMINSTANCE ="EXP_CALC" FROMINSTANCETYPE ="Expression" TOFIELD ="EXTERNAL_REP_STYLE" TOINSTANCE ="HBI_EXTERNAL_SKU_XREF" TOINSTANCETYPE ="Target Definition"/>
        <CONNECTOR FROMFIELD ="O_EXTERNAL_FORECAST_FLAG" FROMINSTANCE ="EXP_CALC" FROMINSTANCETYPE ="Expression" TOFIELD ="EXTERNAL_FORECAST_FLAG" TOINSTANCE ="HBI_EXTERNAL_SKU_XREF" TOINSTANCETYPE ="Target Definition"/>
        <CONNECTOR FROMFIELD ="O_EXTERNAL_LOCATOR_FLAG" FROMINSTANCE ="EXP_CALC" FROMINSTANCETYPE ="Expression" TOFIELD ="EXTERNAL_LOCATOR_FLAG" TOINSTANCE ="HBI_EXTERNAL_SKU_XREF" TOINSTANCETYPE ="Target Definition"/>
        <CONNECTOR FROMFIELD ="O_EXTERNAL_SHORT_SIZE_DESC" FROMINSTANCE ="EXP_CALC" FROMINSTANCETYPE ="Expression" TOFIELD ="EXTERNAL_SHORT_SIZE_DESC" TOINSTANCE ="HBI_EXTERNAL_SKU_XREF" TOINSTANCETYPE ="Target Definition"/>
        <CONNECTOR FROMFIELD ="O_MATERIAL_NUM" FROMINSTANCE ="EXP_CALC" FROMINSTANCETYPE ="Expression" TOFIELD ="MATERIAL_NUM" TOINSTANCE ="HBI_EXTERNAL_SKU_XREF" TOINSTANCETYPE ="Target Definition"/>
        <CONNECTOR FROMFIELD ="O_GRID_VALUE" FROMINSTANCE ="EXP_CALC" FROMINSTANCETYPE ="Expression" TOFIELD ="GRID_VALUE" TOINSTANCE ="HBI_EXTERNAL_SKU_XREF" TOINSTANCETYPE ="Target Definition"/>
        <CONNECTOR FROMFIELD ="O_SOURCE_TRIGGER" FROMINSTANCE ="EXP_CALC" FROMINSTANCETYPE ="Expression" TOFIELD ="SOURCE_TRIGGER" TOINSTANCE ="HBI_EXTERNAL_SKU_XREF" TOINSTANCETYPE ="Target Definition"/>
        <CONNECTOR FROMFIELD ="O_CREATE_DATE" FROMINSTANCE ="EXP_CALC" FROMINSTANCETYPE ="Expression" TOFIELD ="CREATE_DATE" TOINSTANCE ="HBI_EXTERNAL_SKU_XREF" TOINSTANCETYPE ="Target Definition"/>
        <CONNECTOR FROMFIELD ="O_USER_ID" FROMINSTANCE ="EXP_CALC" FROMINSTANCETYPE ="Expression" TOFIELD ="USER_ID" TOINSTANCE ="HBI_EXTERNAL_SKU_XREF" TOINSTANCETYPE ="Target Definition"/>
        <CONNECTOR FROMFIELD ="O_EXTERNAL_PROCESS_KEY1" FROMINSTANCE ="EXP_CALC" FROMINSTANCETYPE ="Expression" TOFIELD ="EXTERNAL_PROCESS_KEY1" TOINSTANCE ="HBI_EXTERNAL_SKU_XREF" TOINSTANCETYPE ="Target Definition"/>
        <CONNECTOR FROMFIELD ="O_EXTERNAL_PROCESS_KEY2" FROMINSTANCE ="EXP_CALC" FROMINSTANCETYPE ="Expression" TOFIELD ="EXTERNAL_PROCESS_KEY2" TOINSTANCE ="HBI_EXTERNAL_SKU_XREF" TOINSTANCETYPE ="Target Definition"/>
        <CONNECTOR FROMFIELD ="O_EXTERNAL_PROCESS_KEY3" FROMINSTANCE ="EXP_CALC" FROMINSTANCETYPE ="Expression" TOFIELD ="EXTERNAL_PROCESS_KEY3" TOINSTANCE ="HBI_EXTERNAL_SKU_XREF" TOINSTANCETYPE ="Target Definition"/>
        <CONNECTOR FROMFIELD ="O_EXTERNAL_PROCESS_KEY4" FROMINSTANCE ="EXP_CALC" FROMINSTANCETYPE ="Expression" TOFIELD ="EXTERNAL_PROCESS_KEY4" TOINSTANCE ="HBI_EXTERNAL_SKU_XREF" TOINSTANCETYPE ="Target Definition"/>
        <CONNECTOR FROMFIELD ="O_EXTERNAL_TEMPLATE_ID" FROMINSTANCE ="EXP_CALC" FROMINSTANCETYPE ="Expression" TOFIELD ="EXTERNAL_TEMPLATE_ID" TOINSTANCE ="HBI_EXTERNAL_SKU_XREF" TOINSTANCETYPE ="Target Definition"/>
        <CONNECTOR FROMFIELD ="O_LEGACY_DIVISION" FROMINSTANCE ="EXP_CALC" FROMINSTANCETYPE ="Expression" TOFIELD ="LEGACY_DIVISION" TOINSTANCE ="HBI_EXTERNAL_SKU_XREF" TOINSTANCETYPE ="Target Definition"/>
        <CONNECTOR FROMFIELD ="O_STYLE_CD" FROMINSTANCE ="EXP_CALC" FROMINSTANCETYPE ="Expression" TOFIELD ="STYLE_CD" TOINSTANCE ="HBI_EXTERNAL_SKU_XREF" TOINSTANCETYPE ="Target Definition"/>
        <CONNECTOR FROMFIELD ="O_COLOR_CD" FROMINSTANCE ="EXP_CALC" FROMINSTANCETYPE ="Expression" TOFIELD ="COLOR_CD" TOINSTANCE ="HBI_EXTERNAL_SKU_XREF" TOINSTANCETYPE ="Target Definition"/>
        <CONNECTOR FROMFIELD ="O_ATTRIBUTE_CD" FROMINSTANCE ="EXP_CALC" FROMINSTANCETYPE ="Expression" TOFIELD ="ATTRIBUTE_CD" TOINSTANCE ="HBI_EXTERNAL_SKU_XREF" TOINSTANCETYPE ="Target Definition"/>
        <CONNECTOR FROMFIELD ="ZZDBRNDCD" FROMINSTANCE ="ZINT_PROD_XREF" FROMINSTANCETYPE ="Source Definition" TOFIELD ="ZZDBRNDCD" TOINSTANCE ="SQ_ZINT_PROD_XREF" TOINSTANCETYPE ="Source Qualifier"/>
        <CONNECTOR FROMFIELD ="MANDT" FROMINSTANCE ="ZINT_PROD_XREF" FROMINSTANCETYPE ="Source Definition" TOFIELD ="MANDT" TOINSTANCE ="SQ_ZINT_PROD_XREF" TOINSTANCETYPE ="Source Qualifier"/>
        <CONNECTOR FROMFIELD ="MATNR" FROMINSTANCE ="ZINT_PROD_XREF" FROMINSTANCETYPE ="Source Definition" TOFIELD ="MATNR" TOINSTANCE ="SQ_ZINT_PROD_XREF" TOINSTANCETYPE ="Source Qualifier"/>
        <CONNECTOR FROMFIELD ="J_3AKORD" FROMINSTANCE ="ZINT_PROD_XREF" FROMINSTANCETYPE ="Source Definition" TOFIELD ="J_3AKORD" TOINSTANCE ="SQ_ZINT_PROD_XREF" TOINSTANCETYPE ="Source Qualifier"/>
        <CONNECTOR FROMFIELD ="ZZDXSIZECD" FROMINSTANCE ="ZINT_PROD_XREF" FROMINSTANCETYPE ="Source Definition" TOFIELD ="ZZDXSIZECD" TOINSTANCE ="SQ_ZINT_PROD_XREF" TOINSTANCETYPE ="Source Qualifier"/>
        <CONNECTOR FROMFIELD ="ZZDPCKCD" FROMINSTANCE ="ZINT_PROD_XREF" FROMINSTANCETYPE ="Source Definition" TOFIELD ="ZZDPCKCD" TOINSTANCE ="SQ_ZINT_PROD_XREF" TOINSTANCETYPE ="Source Qualifier"/>
        <CONNECTOR FROMFIELD ="ZZDREPSTYL" FROMINSTANCE ="ZINT_PROD_XREF" FROMINSTANCETYPE ="Source Definition" TOFIELD ="ZZDREPSTYL" TOINSTANCE ="SQ_ZINT_PROD_XREF" TOINSTANCETYPE ="Source Qualifier"/>
        <CONNECTOR FROMFIELD ="ZZDFRCSTFLG" FROMINSTANCE ="ZINT_PROD_XREF" FROMINSTANCETYPE ="Source Definition" TOFIELD ="ZZDFRCSTFLG" TOINSTANCE ="SQ_ZINT_PROD_XREF" TOINSTANCETYPE ="Source Qualifier"/>
        <CONNECTOR FROMFIELD ="ZZDLCTRFLG" FROMINSTANCE ="ZINT_PROD_XREF" FROMINSTANCETYPE ="Source Definition" TOFIELD ="ZZDLCTRFLG" TOINSTANCE ="SQ_ZINT_PROD_XREF" TOINSTANCETYPE ="Source Qualifier"/>
        <CONNECTOR FROMFIELD ="ZZDSKUDESC" FROMINSTANCE ="ZINT_PROD_XREF" FROMINSTANCETYPE ="Source Definition" TOFIELD ="ZZDSKUDESC" TOINSTANCE ="SQ_ZINT_PROD_XREF" TOINSTANCETYPE ="Source Qualifier"/>
        <CONNECTOR FROMFIELD ="ZZDPUTUPCD" FROMINSTANCE ="ZINT_PROD_XREF" FROMINSTANCETYPE ="Source Definition" TOFIELD ="ZINT_ZZDPUTUPCD" TOINSTANCE ="SQ_ZINT_PROD_XREF" TOINSTANCETYPE ="Source Qualifier"/>
        <CONNECTOR FROMFIELD ="ZZDVERSION" FROMINSTANCE ="ZINT_PROD_XREF" FROMINSTANCETYPE ="Source Definition" TOFIELD ="ZZDVERSION" TOINSTANCE ="SQ_ZINT_PROD_XREF" TOINSTANCETYPE ="Source Qualifier"/>
        <CONNECTOR FROMFIELD ="ZZDALTSKU" FROMINSTANCE ="ZINT_PROD_XREF" FROMINSTANCETYPE ="Source Definition" TOFIELD ="ZZDALTSKU" TOINSTANCE ="SQ_ZINT_PROD_XREF" TOINSTANCETYPE ="Source Qualifier"/>
        <CONNECTOR FROMFIELD ="ZZDATTR" FROMINSTANCE ="ZINT_PROD_XREF" FROMINSTANCETYPE ="Source Definition" TOFIELD ="ZINT_ZZDATTR" TOINSTANCE ="SQ_ZINT_PROD_XREF" TOINSTANCETYPE ="Source Qualifier"/>
        <CONNECTOR FROMFIELD ="ZZDFCLTYCD" FROMINSTANCE ="ZINT_PROD_XREF" FROMINSTANCETYPE ="Source Definition" TOFIELD ="ZZDFCLTYCD" TOINSTANCE ="SQ_ZINT_PROD_XREF" TOINSTANCETYPE ="Source Qualifier"/>
        <CONNECTOR FROMFIELD ="ZZDLEGDIV" FROMINSTANCE ="ZINT_PROD_XREF" FROMINSTANCETYPE ="Source Definition" TOFIELD ="ZZDLEGDIV" TOINSTANCE ="SQ_ZINT_PROD_XREF" TOINSTANCETYPE ="Source Qualifier"/>
        <CONNECTOR FROMFIELD ="ZZDSTYLE" FROMINSTANCE ="ZINT_PROD_XREF" FROMINSTANCETYPE ="Source Definition" TOFIELD ="ZINT_ZZDSTYLE" TOINSTANCE ="SQ_ZINT_PROD_XREF" TOINSTANCETYPE ="Source Qualifier"/>
        <CONNECTOR FROMFIELD ="ZZDCOLOR" FROMINSTANCE ="ZINT_PROD_XREF" FROMINSTANCETYPE ="Source Definition" TOFIELD ="ZINT_ZZDCOLOR" TOINSTANCE ="SQ_ZINT_PROD_XREF" TOINSTANCETYPE ="Source Qualifier"/>
        <CONNECTOR FROMFIELD ="ZZDSIZE" FROMINSTANCE ="ZINT_PROD_XREF" FROMINSTANCETYPE ="Source Definition" TOFIELD ="ZINT_ZZDSIZE" TOINSTANCE ="SQ_ZINT_PROD_XREF" TOINSTANCETYPE ="Source Qualifier"/>
        <CONNECTOR FROMFIELD ="ZZDSIZE" FROMINSTANCE ="ZTSA_PROD_XREF" FROMINSTANCETYPE ="Source Definition" TOFIELD ="ZTSA_ZZDSIZE" TOINSTANCE ="SQ_ZINT_PROD_XREF" TOINSTANCETYPE ="Source Qualifier"/>
        <CONNECTOR FROMFIELD ="ZZDATTR" FROMINSTANCE ="ZTSA_PROD_XREF" FROMINSTANCETYPE ="Source Definition" TOFIELD ="ZTSA_ZZDATTR" TOINSTANCE ="SQ_ZINT_PROD_XREF" TOINSTANCETYPE ="Source Qualifier"/>
        <CONNECTOR FROMFIELD ="ZZDPUTUPCD" FROMINSTANCE ="ZTSA_PROD_XREF" FROMINSTANCETYPE ="Source Definition" TOFIELD ="ZTSA_ZZDPUTUPCD" TOINSTANCE ="SQ_ZINT_PROD_XREF" TOINSTANCETYPE ="Source Qualifier"/>
        <CONNECTOR FROMFIELD ="ZZDSTYLE" FROMINSTANCE ="ZTSA_PROD_XREF" FROMINSTANCETYPE ="Source Definition" TOFIELD ="ZTSA_ZZDSTYLE" TOINSTANCE ="SQ_ZINT_PROD_XREF" TOINSTANCETYPE ="Source Qualifier"/>
        <CONNECTOR FROMFIELD ="ZZDCOLOR" FROMINSTANCE ="ZTSA_PROD_XREF" FROMINSTANCETYPE ="Source Definition" TOFIELD ="ZTSA_ZZDCOLOR" TOINSTANCE ="SQ_ZINT_PROD_XREF" TOINSTANCETYPE ="Source Qualifier"/>
        <CONNECTOR FROMFIELD ="SPART" FROMINSTANCE ="ZTSA_PROD_XREF" FROMINSTANCETYPE ="Source Definition" TOFIELD ="ZTSA_SPART" TOINSTANCE ="SQ_ZINT_PROD_XREF" TOINSTANCETYPE ="Source Qualifier"/>
        <CONNECTOR FROMFIELD ="ZZDBRNDCD" FROMINSTANCE ="SQ_ZINT_PROD_XREF" FROMINSTANCETYPE ="Source Qualifier" TOFIELD ="ZZDBRNDCD" TOINSTANCE ="EXP_CALC" TOINSTANCETYPE ="Expression"/>
        <CONNECTOR FROMFIELD ="ZZDFRCSTFLG" FROMINSTANCE ="SQ_ZINT_PROD_XREF" FROMINSTANCETYPE ="Source Qualifier" TOFIELD ="ZZDFRCSTFLG" TOINSTANCE ="EXP_CALC" TOINSTANCETYPE ="Expression"/>
        <CONNECTOR FROMFIELD ="MANDT" FROMINSTANCE ="SQ_ZINT_PROD_XREF" FROMINSTANCETYPE ="Source Qualifier" TOFIELD ="MANDT" TOINSTANCE ="EXP_CALC" TOINSTANCETYPE ="Expression"/>
        <CONNECTOR FROMFIELD ="ZTSA_ZZDSTYLE" FROMINSTANCE ="SQ_ZINT_PROD_XREF" FROMINSTANCETYPE ="Source Qualifier" TOFIELD ="ZTSA_ZZDSTYLE" TOINSTANCE ="EXP_CALC" TOINSTANCETYPE ="Expression"/>
        <CONNECTOR FROMFIELD ="ZTSA_ZZDCOLOR" FROMINSTANCE ="SQ_ZINT_PROD_XREF" FROMINSTANCETYPE ="Source Qualifier" TOFIELD ="ZTSA_ZZDCOLOR" TOINSTANCE ="EXP_CALC" TOINSTANCETYPE ="Expression"/>
        <CONNECTOR FROMFIELD ="ZTSA_ZZDSIZE" FROMINSTANCE ="SQ_ZINT_PROD_XREF" FROMINSTANCETYPE ="Source Qualifier" TOFIELD ="ZTSA_ZZDSIZE" TOINSTANCE ="EXP_CALC" TOINSTANCETYPE ="Expression"/>
        <CONNECTOR FROMFIELD ="ZZDLCTRFLG" FROMINSTANCE ="SQ_ZINT_PROD_XREF" FROMINSTANCETYPE ="Source Qualifier" TOFIELD ="ZZDLCTRFLG" TOINSTANCE ="EXP_CALC" TOINSTANCETYPE ="Expression"/>
        <CONNECTOR FROMFIELD ="ZZDSKUDESC" FROMINSTANCE ="SQ_ZINT_PROD_XREF" FROMINSTANCETYPE ="Source Qualifier" TOFIELD ="ZZDSKUDESC" TOINSTANCE ="EXP_CALC" TOINSTANCETYPE ="Expression"/>
        <CONNECTOR FROMFIELD ="J_3AKORD" FROMINSTANCE ="SQ_ZINT_PROD_XREF" FROMINSTANCETYPE ="Source Qualifier" TOFIELD ="J_3AKORD" TOINSTANCE ="EXP_CALC" TOINSTANCETYPE ="Expression"/>
        <CONNECTOR FROMFIELD ="MATNR" FROMINSTANCE ="SQ_ZINT_PROD_XREF" FROMINSTANCETYPE ="Source Qualifier" TOFIELD ="MATNR" TOINSTANCE ="EXP_CALC" TOINSTANCETYPE ="Expression"/>
        <CONNECTOR FROMFIELD ="ZZDLEGDIV" FROMINSTANCE ="SQ_ZINT_PROD_XREF" FROMINSTANCETYPE ="Source Qualifier" TOFIELD ="ZZDLEGDIV" TOINSTANCE ="EXP_CALC" TOINSTANCETYPE ="Expression"/>
        <CONNECTOR FROMFIELD ="ZINT_ZZDSTYLE" FROMINSTANCE ="SQ_ZINT_PROD_XREF" FROMINSTANCETYPE ="Source Qualifier" TOFIELD ="ZINT_ZZDSTYLE" TOINSTANCE ="EXP_CALC" TOINSTANCETYPE ="Expression"/>
        <CONNECTOR FROMFIELD ="ZZDVERSION" FROMINSTANCE ="SQ_ZINT_PROD_XREF" FROMINSTANCETYPE ="Source Qualifier" TOFIELD ="ZZDVERSION" TOINSTANCE ="EXP_CALC" TOINSTANCETYPE ="Expression"/>
        <CONNECTOR FROMFIELD ="ZINT_ZZDPUTUPCD" FROMINSTANCE ="SQ_ZINT_PROD_XREF" FROMINSTANCETYPE ="Source Qualifier" TOFIELD ="ZINT_ZZDPUTUPCD" TOINSTANCE ="EXP_CALC" TOINSTANCETYPE ="Expression"/>
        <CONNECTOR FROMFIELD ="ZZDXSIZECD" FROMINSTANCE ="SQ_ZINT_PROD_XREF" FROMINSTANCETYPE ="Source Qualifier" TOFIELD ="ZZDXSIZECD" TOINSTANCE ="EXP_CALC" TOINSTANCETYPE ="Expression"/>
        <CONNECTOR FROMFIELD ="ZZDPCKCD" FROMINSTANCE ="SQ_ZINT_PROD_XREF" FROMINSTANCETYPE ="Source Qualifier" TOFIELD ="ZZDPCKCD" TOINSTANCE ="EXP_CALC" TOINSTANCETYPE ="Expression"/>
        <CONNECTOR FROMFIELD ="ZZDALTSKU" FROMINSTANCE ="SQ_ZINT_PROD_XREF" FROMINSTANCETYPE ="Source Qualifier" TOFIELD ="ZZDALTSKU" TOINSTANCE ="EXP_CALC" TOINSTANCETYPE ="Expression"/>
        <CONNECTOR FROMFIELD ="ZZDFCLTYCD" FROMINSTANCE ="SQ_ZINT_PROD_XREF" FROMINSTANCETYPE ="Source Qualifier" TOFIELD ="ZZDFCLTYCD" TOINSTANCE ="EXP_CALC" TOINSTANCETYPE ="Expression"/>
        <CONNECTOR FROMFIELD ="ZZDREPSTYL" FROMINSTANCE ="SQ_ZINT_PROD_XREF" FROMINSTANCETYPE ="Source Qualifier" TOFIELD ="ZZDREPSTYL" TOINSTANCE ="EXP_CALC" TOINSTANCETYPE ="Expression"/>
        <CONNECTOR FROMFIELD ="ZINT_ZZDCOLOR" FROMINSTANCE ="SQ_ZINT_PROD_XREF" FROMINSTANCETYPE ="Source Qualifier" TOFIELD ="ZINT_ZZDCOLOR" TOINSTANCE ="EXP_CALC" TOINSTANCETYPE ="Expression"/>
        <CONNECTOR FROMFIELD ="ZINT_ZZDSIZE" FROMINSTANCE ="SQ_ZINT_PROD_XREF" FROMINSTANCETYPE ="Source Qualifier" TOFIELD ="ZINT_ZZDSIZE" TOINSTANCE ="EXP_CALC" TOINSTANCETYPE ="Expression"/>
        <CONNECTOR FROMFIELD ="ZINT_ZZDATTR" FROMINSTANCE ="SQ_ZINT_PROD_XREF" FROMINSTANCETYPE ="Source Qualifier" TOFIELD ="ZINT_ZZDATTR" TOINSTANCE ="EXP_CALC" TOINSTANCETYPE ="Expression"/>
        <CONNECTOR FROMFIELD ="ZTSA_ZZDATTR" FROMINSTANCE ="SQ_ZINT_PROD_XREF" FROMINSTANCETYPE ="Source Qualifier" TOFIELD ="ZTSA_ZZDATTR" TOINSTANCE ="EXP_CALC" TOINSTANCETYPE ="Expression"/>
        <CONNECTOR FROMFIELD ="ZTSA_ZZDPUTUPCD" FROMINSTANCE ="SQ_ZINT_PROD_XREF" FROMINSTANCETYPE ="Source Qualifier" TOFIELD ="ZTSA_ZZDPUTUPCD" TOINSTANCE ="EXP_CALC" TOINSTANCETYPE ="Expression"/>
        <CONNECTOR FROMFIELD ="ZTSA_SPART" FROMINSTANCE ="SQ_ZINT_PROD_XREF" FROMINSTANCETYPE ="Source Qualifier" TOFIELD ="CORP_DIVISION_CODE" TOINSTANCE ="EXP_CALC" TOINSTANCETYPE ="Expression"/>
        <TARGETLOADORDER ORDER ="1" TARGETINSTANCE ="HBI_EXTERNAL_SKU_XREF"/>
        <MAPPINGVARIABLE DATATYPE ="string" DEFAULTVALUE ="" DESCRIPTION ="" ISEXPRESSIONVARIABLE ="NO" ISPARAM ="YES" NAME ="$$DIV_CD" PRECISION ="150" SCALE ="0" USERDEFINED ="YES"/>
        <ERPINFO/>
        <METADATAEXTENSION DATATYPE ="STRING" DESCRIPTION ="Conversion Mapping Name with version " DOMAINNAME ="User Defined Metadata Domain" ISCLIENTEDITABLE ="YES" ISCLIENTVISIBLE ="YES" ISREUSABLE ="NO" ISSHAREREAD ="NO" ISSHAREWRITE ="NO" MAXLENGTH ="256" NAME ="CONV_MAP_NAME" VALUE ="Conversion Map : SAP to HBI DW External Sku Load v5.0" VENDORNAME ="INFORMATICA"/>
    </MAPPING>
    <CONFIG DESCRIPTION ="Default session configuration object" ISDEFAULT ="YES" NAME ="default_session_config" VERSIONNUMBER ="1">
        <ATTRIBUTE NAME ="Advanced" VALUE =""/>
        <ATTRIBUTE NAME ="Constraint based load ordering" VALUE ="NO"/>
        <ATTRIBUTE NAME ="Cache LOOKUP() function" VALUE ="YES"/>
        <ATTRIBUTE NAME ="Default buffer block size" VALUE ="Auto"/>
        <ATTRIBUTE NAME ="Line Sequential buffer length" VALUE ="1024"/>
        <ATTRIBUTE NAME ="Maximum Memory Allowed For Auto Memory Attributes" VALUE ="0"/>
        <ATTRIBUTE NAME ="Maximum Percentage of Total Memory Allowed For Auto Memory Attributes" VALUE ="5"/>
        <ATTRIBUTE NAME ="Additional Concurrent Pipelines for Lookup Cache Creation" VALUE ="0"/>
        <ATTRIBUTE NAME ="Custom Properties" VALUE =""/>
        <ATTRIBUTE NAME ="Pre-build lookup cache" VALUE ="Auto"/>
        <ATTRIBUTE NAME ="Optimization Level" VALUE ="Medium"/>
        <ATTRIBUTE NAME ="DateTime Format String" VALUE ="MM/DD/YYYY HH24:MI:SS.US"/>
        <ATTRIBUTE NAME ="Pre 85 Timestamp Compatibility" VALUE ="NO"/>
        <ATTRIBUTE NAME ="Log Options" VALUE ="0"/>
        <ATTRIBUTE NAME ="Save session log by" VALUE ="Session runs"/>
        <ATTRIBUTE NAME ="Save session log for these runs" VALUE ="9"/>
        <ATTRIBUTE NAME ="Session Log File Max Size" VALUE ="0"/>
        <ATTRIBUTE NAME ="Session Log File Max Time Period" VALUE ="0"/>
        <ATTRIBUTE NAME ="Maximum Partial Session Log Files" VALUE ="1"/>
        <ATTRIBUTE NAME ="Writer Commit Statistics Log Frequency" VALUE ="1"/>
        <ATTRIBUTE NAME ="Writer Commit Statistics Log Interval" VALUE ="0"/>
        <ATTRIBUTE NAME ="Error handling" VALUE =""/>
        <ATTRIBUTE NAME ="Stop on errors" VALUE ="1"/>
        <ATTRIBUTE NAME ="Override tracing" VALUE ="None"/>
        <ATTRIBUTE NAME ="On Stored Procedure error" VALUE ="Stop"/>
        <ATTRIBUTE NAME ="On Pre-session command task error" VALUE ="Stop"/>
        <ATTRIBUTE NAME ="On Pre-Post SQL error" VALUE ="Stop"/>
        <ATTRIBUTE NAME ="Enable Recovery" VALUE ="NO"/>
        <ATTRIBUTE NAME ="Error Log Type" VALUE ="None"/>
        <ATTRIBUTE NAME ="Error Log Table Name Prefix" VALUE =""/>
        <ATTRIBUTE NAME ="Error Log File Name" VALUE ="PMError.log"/>
        <ATTRIBUTE NAME ="Log Source Row Data" VALUE ="NO"/>
        <ATTRIBUTE NAME ="Data Column Delimiter" VALUE ="|"/>
        <ATTRIBUTE NAME ="Partitioning Options" VALUE =""/>
        <ATTRIBUTE NAME ="Dynamic Partitioning" VALUE ="Disabled"/>
        <ATTRIBUTE NAME ="Number of Partitions" VALUE ="1"/>
        <ATTRIBUTE NAME ="Multiplication Factor" VALUE ="Auto"/>
        <ATTRIBUTE NAME ="Session on Grid" VALUE =""/>
        <ATTRIBUTE NAME ="Is Enabled" VALUE ="NO"/>
    </CONFIG>
    <SESSION DESCRIPTION ="Session holds the mapping m_SAP_HBI_EXT_SKU_XREF" ISVALID ="YES" MAPPINGNAME ="m_SAP_HBI_EXT_SKU_XREF" NAME ="s_m_SAP_HBI_EXT_SKU_XREF" REUSABLE ="YES" SORTORDER ="Binary" VERSIONNUMBER ="1">
        <SESSTRANSFORMATIONINST ISREPARTITIONPOINT ="YES" PARTITIONTYPE ="PASS THROUGH" PIPELINE ="1" SINSTANCENAME ="HBI_EXTERNAL_SKU_XREF" STAGE ="1" TRANSFORMATIONNAME ="HBI_EXTERNAL_SKU_XREF" TRANSFORMATIONTYPE ="Target Definition"/>
        <SESSTRANSFORMATIONINST ISREPARTITIONPOINT ="NO" PIPELINE ="0" SINSTANCENAME ="ZINT_PROD_XREF" STAGE ="0" TRANSFORMATIONNAME ="ZINT_PROD_XREF" TRANSFORMATIONTYPE ="Source Definition"/>
        <SESSTRANSFORMATIONINST ISREPARTITIONPOINT ="YES" PARTITIONTYPE ="PASS THROUGH" PIPELINE ="1" SINSTANCENAME ="SQ_ZINT_PROD_XREF" STAGE ="2" TRANSFORMATIONNAME ="SQ_ZINT_PROD_XREF" TRANSFORMATIONTYPE ="Source Qualifier"/>
        <SESSTRANSFORMATIONINST ISREPARTITIONPOINT ="NO" PIPELINE ="0" SINSTANCENAME ="ZTSA_PROD_XREF" STAGE ="0" TRANSFORMATIONNAME ="ZTSA_PROD_XREF" TRANSFORMATIONTYPE ="Source Definition"/>
        <SESSTRANSFORMATIONINST ISREPARTITIONPOINT ="NO" PIPELINE ="1" SINSTANCENAME ="EXP_CALC" STAGE ="2" TRANSFORMATIONNAME ="EXP_CALC" TRANSFORMATIONTYPE ="Expression">
            <PARTITION DESCRIPTION ="" NAME ="Partition #1"/>
        </SESSTRANSFORMATIONINST>
        <SESSTRANSFORMATIONINST ISREPARTITIONPOINT ="NO" PIPELINE ="0" SINSTANCENAME ="PR_TRUNC_TARGET_TABLE" STAGE ="0" TRANSFORMATIONNAME ="PR_TRUNC_TARGET_TABLE" TRANSFORMATIONTYPE ="Stored Procedure"/>
        <CONFIGREFERENCE REFOBJECTNAME ="default_session_config" TYPE ="Session config"/>
        <SESSIONEXTENSION NAME ="Relational Writer" SINSTANCENAME ="HBI_EXTERNAL_SKU_XREF" SUBTYPE ="Relational Writer" TRANSFORMATIONTYPE ="Target Definition" TYPE ="WRITER">
            <CONNECTIONREFERENCE CNXREFNAME ="DB Connection" CONNECTIONNAME ="SLBADW" CONNECTIONNUMBER ="1" CONNECTIONSUBTYPE ="Oracle" CONNECTIONTYPE ="Relational" VARIABLE =""/>
            <ATTRIBUTE NAME ="Target load type" VALUE ="Normal"/>
            <ATTRIBUTE NAME ="Insert" VALUE ="YES"/>
            <ATTRIBUTE NAME ="Update as Update" VALUE ="NO"/>
            <ATTRIBUTE NAME ="Update as Insert" VALUE ="NO"/>
            <ATTRIBUTE NAME ="Update else Insert" VALUE ="NO"/>
            <ATTRIBUTE NAME ="Delete" VALUE ="NO"/>
            <ATTRIBUTE NAME ="Truncate target table option" VALUE ="NO"/>
            <ATTRIBUTE NAME ="Reject file directory" VALUE ="$PMBadFileDir&#x5c;INVENTORY_ANALYSIS&#x5c;BAD&#x5c;"/>
            <ATTRIBUTE NAME ="Reject filename" VALUE ="s_m_SAP_HBI_EXT_SKU_XREF.bad"/>
        </SESSIONEXTENSION>
        <SESSIONEXTENSION DSQINSTNAME ="SQ_ZINT_PROD_XREF" DSQINSTTYPE ="Source Qualifier" NAME ="Relational Reader" SINSTANCENAME ="ZINT_PROD_XREF" SUBTYPE ="Relational Reader" TRANSFORMATIONTYPE ="Source Definition" TYPE ="READER"/>
        <SESSIONEXTENSION NAME ="Relational Reader" SINSTANCENAME ="SQ_ZINT_PROD_XREF" SUBTYPE ="Relational Reader" TRANSFORMATIONTYPE ="Source Qualifier" TYPE ="READER">
            <CONNECTIONREFERENCE CNXREFNAME ="DB Connection" CONNECTIONNAME ="SAP" CONNECTIONNUMBER ="1" CONNECTIONSUBTYPE ="Oracle" CONNECTIONTYPE ="Relational" VARIABLE =""/>
        </SESSIONEXTENSION>
        <SESSIONEXTENSION DSQINSTNAME ="SQ_ZINT_PROD_XREF" DSQINSTTYPE ="Source Qualifier" NAME ="Relational Reader" SINSTANCENAME ="ZTSA_PROD_XREF" SUBTYPE ="Relational Reader" TRANSFORMATIONTYPE ="Source Definition" TYPE ="READER"/>
        <ATTRIBUTE NAME ="General Options" VALUE =""/>
        <ATTRIBUTE NAME ="Write Backward Compatible Session Log File" VALUE ="YES"/>
        <ATTRIBUTE NAME ="Session Log File Name" VALUE ="s_m_SAP_HBI_EXT_SKU_XREF.log"/>
        <ATTRIBUTE NAME ="Session Log File directory" VALUE ="$PMSessionLogDir&#x5c;INVENTORY_ANALYSIS&#x5c;LOG&#x5c;"/>
        <ATTRIBUTE NAME ="Parameter Filename" VALUE ="$PMRootDir&#x5c;INVENTORY_ANALYSIS&#x5c;CTL&#x5c;SAP_HBI_EXT_SKU_XREF.ipf"/>
        <ATTRIBUTE NAME ="Enable Test Load" VALUE ="NO"/>
        <ATTRIBUTE NAME ="$Source connection value" VALUE =""/>
        <ATTRIBUTE NAME ="$Target connection value" VALUE =""/>
        <ATTRIBUTE NAME ="Treat source rows as" VALUE ="Insert"/>
        <ATTRIBUTE NAME ="Commit Type" VALUE ="Target"/>
        <ATTRIBUTE NAME ="Commit Interval" VALUE ="2000000"/>
        <ATTRIBUTE NAME ="Commit On End Of File" VALUE ="YES"/>
        <ATTRIBUTE NAME ="Rollback Transactions on Errors" VALUE ="NO"/>
        <ATTRIBUTE NAME ="Recovery Strategy" VALUE ="Restart task"/>
        <ATTRIBUTE NAME ="Java Classpath" VALUE =""/>
        <ATTRIBUTE NAME ="Performance" VALUE =""/>
        <ATTRIBUTE NAME ="DTM buffer size" VALUE ="Auto"/>
        <ATTRIBUTE NAME ="Collect performance data" VALUE ="NO"/>
        <ATTRIBUTE NAME ="Write performance data to repository" VALUE ="NO"/>
        <ATTRIBUTE NAME ="Incremental Aggregation" VALUE ="NO"/>
        <ATTRIBUTE NAME ="Enable high precision" VALUE ="NO"/>
        <ATTRIBUTE NAME ="Session retry on deadlock" VALUE ="NO"/>
        <ATTRIBUTE NAME ="Pushdown Optimization" VALUE ="None"/>
        <ATTRIBUTE NAME ="Allow Temporary View for Pushdown" VALUE ="NO"/>
        <ATTRIBUTE NAME ="Allow Temporary Sequence for Pushdown" VALUE ="NO"/>
        <ATTRIBUTE NAME ="Allow Pushdown for User Incompatible Connections" VALUE ="NO"/>
        <METADATAEXTENSION DATATYPE ="STRING" DESCRIPTION ="Conversion Mapping  Name with version " DOMAINNAME ="User Defined Metadata Domain" ISCLIENTEDITABLE ="YES" ISCLIENTVISIBLE ="YES" ISREUSABLE ="NO" ISSHAREREAD ="NO" ISSHAREWRITE ="NO" MAXLENGTH ="256" NAME ="CONV_MAP_NAME" VALUE ="Conversion Map : SAP to HBI DW External Sku Load v5.0" VENDORNAME ="INFORMATICA"/>
    </SESSION>
    <WORKFLOW DESCRIPTION ="This workflow holds the session s_m_SAP_HBI_EXT_SKU_XREF." ISENABLED ="YES" ISRUNNABLESERVICE ="NO" ISSERVICE ="NO" ISVALID ="YES" NAME ="wf_s_m_SAP_HBI_EXT_SKU_XREF" REUSABLE_SCHEDULER ="NO" SCHEDULERNAME ="Scheduler" SERVERNAME ="Domain10_PRD_Int_Svc" SERVER_DOMAINNAME ="Domain10_PRD" SUSPEND_ON_ERROR ="NO" TASKS_MUST_RUN_ON_SERVER ="NO" VERSIONNUMBER ="1">
        <SCHEDULER DESCRIPTION ="" NAME ="Scheduler" REUSABLE ="NO" VERSIONNUMBER ="1">
            <SCHEDULEINFO SCHEDULETYPE ="ONDEMAND"/>
        </SCHEDULER>
        <TASK DESCRIPTION ="" NAME ="Start" REUSABLE ="NO" TYPE ="Start" VERSIONNUMBER ="1"/>
        <TASKINSTANCE DESCRIPTION ="Session holds the mapping m_SAP_HBI_EXT_SKU_XREF" FAIL_PARENT_IF_INSTANCE_DID_NOT_RUN ="YES" FAIL_PARENT_IF_INSTANCE_FAILS ="YES" ISENABLED ="YES" NAME ="s_m_SAP_HBI_EXT_SKU_XREF" REUSABLE ="YES" TASKNAME ="s_m_SAP_HBI_EXT_SKU_XREF" TASKTYPE ="Session" TREAT_INPUTLINK_AS_AND ="NO"/>
        <TASKINSTANCE DESCRIPTION ="" ISENABLED ="YES" NAME ="Start" REUSABLE ="NO" TASKNAME ="Start" TASKTYPE ="Start"/>
        <WORKFLOWLINK CONDITION ="" FROMTASK ="Start" TOTASK ="s_m_SAP_HBI_EXT_SKU_XREF"/>
        <WORKFLOWVARIABLE DATATYPE ="date/time" DEFAULTVALUE ="" DESCRIPTION ="The time this task started" ISNULL ="NO" ISPERSISTENT ="NO" NAME ="$s_m_SAP_HBI_EXT_SKU_XREF.StartTime" USERDEFINED ="NO"/>
        <WORKFLOWVARIABLE DATATYPE ="date/time" DEFAULTVALUE ="" DESCRIPTION ="The time this task completed" ISNULL ="NO" ISPERSISTENT ="NO" NAME ="$s_m_SAP_HBI_EXT_SKU_XREF.EndTime" USERDEFINED ="NO"/>
        <WORKFLOWVARIABLE DATATYPE ="integer" DEFAULTVALUE ="" DESCRIPTION ="Status of this task&apos;s execution" ISNULL ="NO" ISPERSISTENT ="NO" NAME ="$s_m_SAP_HBI_EXT_SKU_XREF.Status" USERDEFINED ="NO"/>
        <WORKFLOWVARIABLE DATATYPE ="integer" DEFAULTVALUE ="" DESCRIPTION ="Status of the previous task that is not disabled" ISNULL ="NO" ISPERSISTENT ="NO" NAME ="$s_m_SAP_HBI_EXT_SKU_XREF.PrevTaskStatus" USERDEFINED ="NO"/>
        <WORKFLOWVARIABLE DATATYPE ="integer" DEFAULTVALUE ="" DESCRIPTION ="Error code for this task&apos;s execution" ISNULL ="NO" ISPERSISTENT ="NO" NAME ="$s_m_SAP_HBI_EXT_SKU_XREF.ErrorCode" USERDEFINED ="NO"/>
        <WORKFLOWVARIABLE DATATYPE ="string" DEFAULTVALUE ="" DESCRIPTION ="Error message for this task&apos;s execution" ISNULL ="NO" ISPERSISTENT ="NO" NAME ="$s_m_SAP_HBI_EXT_SKU_XREF.ErrorMsg" USERDEFINED ="NO"/>
        <WORKFLOWVARIABLE DATATYPE ="integer" DEFAULTVALUE ="" DESCRIPTION ="Rows successfully read" ISNULL ="NO" ISPERSISTENT ="NO" NAME ="$s_m_SAP_HBI_EXT_SKU_XREF.SrcSuccessRows" USERDEFINED ="NO"/>
        <WORKFLOWVARIABLE DATATYPE ="integer" DEFAULTVALUE ="" DESCRIPTION ="Rows failed to read" ISNULL ="NO" ISPERSISTENT ="NO" NAME ="$s_m_SAP_HBI_EXT_SKU_XREF.SrcFailedRows" USERDEFINED ="NO"/>
        <WORKFLOWVARIABLE DATATYPE ="integer" DEFAULTVALUE ="" DESCRIPTION ="Rows successfully loaded" ISNULL ="NO" ISPERSISTENT ="NO" NAME ="$s_m_SAP_HBI_EXT_SKU_XREF.TgtSuccessRows" USERDEFINED ="NO"/>
        <WORKFLOWVARIABLE DATATYPE ="integer" DEFAULTVALUE ="" DESCRIPTION ="Rows failed to load" ISNULL ="NO" ISPERSISTENT ="NO" NAME ="$s_m_SAP_HBI_EXT_SKU_XREF.TgtFailedRows" USERDEFINED ="NO"/>
        <WORKFLOWVARIABLE DATATYPE ="integer" DEFAULTVALUE ="" DESCRIPTION ="Total number of transformation errors" ISNULL ="NO" ISPERSISTENT ="NO" NAME ="$s_m_SAP_HBI_EXT_SKU_XREF.TotalTransErrors" USERDEFINED ="NO"/>
        <WORKFLOWVARIABLE DATATYPE ="integer" DEFAULTVALUE ="" DESCRIPTION ="First error code" ISNULL ="NO" ISPERSISTENT ="NO" NAME ="$s_m_SAP_HBI_EXT_SKU_XREF.FirstErrorCode" USERDEFINED ="NO"/>
        <WORKFLOWVARIABLE DATATYPE ="string" DEFAULTVALUE ="" DESCRIPTION ="First error message" ISNULL ="NO" ISPERSISTENT ="NO" NAME ="$s_m_SAP_HBI_EXT_SKU_XREF.FirstErrorMsg" USERDEFINED ="NO"/>
        <WORKFLOWVARIABLE DATATYPE ="date/time" DEFAULTVALUE ="" DESCRIPTION ="The time this task started" ISNULL ="NO" ISPERSISTENT ="NO" NAME ="$Start.StartTime" USERDEFINED ="NO"/>
        <WORKFLOWVARIABLE DATATYPE ="date/time" DEFAULTVALUE ="" DESCRIPTION ="The time this task completed" ISNULL ="NO" ISPERSISTENT ="NO" NAME ="$Start.EndTime" USERDEFINED ="NO"/>
        <WORKFLOWVARIABLE DATATYPE ="integer" DEFAULTVALUE ="" DESCRIPTION ="Status of this task&apos;s execution" ISNULL ="NO" ISPERSISTENT ="NO" NAME ="$Start.Status" USERDEFINED ="NO"/>
        <WORKFLOWVARIABLE DATATYPE ="integer" DEFAULTVALUE ="" DESCRIPTION ="Status of the previous task that is not disabled" ISNULL ="NO" ISPERSISTENT ="NO" NAME ="$Start.PrevTaskStatus" USERDEFINED ="NO"/>
        <WORKFLOWVARIABLE DATATYPE ="integer" DEFAULTVALUE ="" DESCRIPTION ="Error code for this task&apos;s execution" ISNULL ="NO" ISPERSISTENT ="NO" NAME ="$Start.ErrorCode" USERDEFINED ="NO"/>
        <WORKFLOWVARIABLE DATATYPE ="string" DEFAULTVALUE ="" DESCRIPTION ="Error message for this task&apos;s execution" ISNULL ="NO" ISPERSISTENT ="NO" NAME ="$Start.ErrorMsg" USERDEFINED ="NO"/>
        <ATTRIBUTE NAME ="Parameter Filename" VALUE =""/>
        <ATTRIBUTE NAME ="Write Backward Compatible Workflow Log File" VALUE ="YES"/>
        <ATTRIBUTE NAME ="Workflow Log File Name" VALUE ="wf_s_m_SAP_HBI_EXT_SKU_XREF.log"/>
        <ATTRIBUTE NAME ="Workflow Log File Directory" VALUE ="$PMWorkflowLogDir&#x5c;INVENTORY_ANALYSIS&#x5c;LOG&#x5c;"/>
        <ATTRIBUTE NAME ="Save Workflow log by" VALUE ="By runs"/>
        <ATTRIBUTE NAME ="Save workflow log for these runs" VALUE ="9"/>
        <ATTRIBUTE NAME ="Service Name" VALUE =""/>
        <ATTRIBUTE NAME ="Service Timeout" VALUE ="0"/>
        <ATTRIBUTE NAME ="Is Service Visible" VALUE ="NO"/>
        <ATTRIBUTE NAME ="Is Service Protected" VALUE ="NO"/>
        <ATTRIBUTE NAME ="Fail task after wait time" VALUE ="0"/>
        <ATTRIBUTE NAME ="Enable HA recovery" VALUE ="NO"/>
        <ATTRIBUTE NAME ="Automatically recover terminated tasks" VALUE ="NO"/>
        <ATTRIBUTE NAME ="Service Level Name" VALUE ="Default"/>
        <ATTRIBUTE NAME ="Allow concurrent run with unique run instance name" VALUE ="NO"/>
        <ATTRIBUTE NAME ="Allow concurrent run with same run instance name" VALUE ="NO"/>
        <ATTRIBUTE NAME ="Maximum number of concurrent runs" VALUE ="0"/>
        <ATTRIBUTE NAME ="Assigned Web Services Hubs" VALUE =""/>
        <ATTRIBUTE NAME ="Maximum number of concurrent runs per Hub" VALUE ="1000"/>
        <ATTRIBUTE NAME ="Expected Service Time" VALUE ="1"/>
        <METADATAEXTENSION DATATYPE ="STRING" DESCRIPTION ="Conversion Mapping Name with version " DOMAINNAME ="User Defined Metadata Domain" ISCLIENTEDITABLE ="YES" ISCLIENTVISIBLE ="YES" ISREUSABLE ="NO" ISSHAREREAD ="NO" ISSHAREWRITE ="NO" MAXLENGTH ="256" NAME ="CONV_MAP_NAME" VALUE ="Conversion Map : SAP to HBI DW External Sku Load v1.0" VENDORNAME ="INFORMATICA"/>
        <METADATAEXTENSION DATATYPE ="STRING" DESCRIPTION ="" DOMAINNAME ="User Defined Metadata Domain" ISCLIENTEDITABLE ="YES" ISCLIENTVISIBLE ="YES" ISREUSABLE ="NO" ISSHAREREAD ="NO" ISSHAREWRITE ="NO" MAXLENGTH ="256" NAME ="Extension" VALUE ="CM - MarginLoss - stgMarginLossExpenseToStgFactSalesNew v1.0" VENDORNAME ="INFORMATICA"/>
    </WORKFLOW>
</FOLDER>
</REPOSITORY>
</POWERMART>