<?xml version="1.0" encoding="Windows-1252"?>
<!DOCTYPE POWERMART SYSTEM "powrmart.dtd">
<POWERMART CREATION_DATE="05/20/2024 10:09:52" REPOSITORY_VERSION="187.96">
<REPOSITORY NAME="Domain10_Rep_Svc_Prd" VERSION="187" CODEPAGE="MS1252" DATABASETYPE="Microsoft SQL Server">
<FOLDER NAME="INVENTORY_ANALYSIS" GROUP="" OWNER="Administrator" SHARED="NOTSHARED" DESCRIPTION="" PERMISSIONS="rwx---r--" UUID="27b7fb57-5066-4c7e-aee4-118d44bfa5b6">
    <SOURCE BUSINESSNAME ="" DATABASETYPE ="Microsoft SQL Server" DBDNAME ="SQLD1BUS16_D1BUS16" DESCRIPTION ="" NAME ="Sur_SKU" OBJECTVERSION ="1" OWNERNAME ="aia" VERSIONNUMBER ="1">
        <SOURCEFIELD BUSINESSNAME ="" DATATYPE ="varchar" DESCRIPTION ="" FIELDNUMBER ="1" FIELDPROPERTY ="0" FIELDTYPE ="ELEMITEM" HIDDEN ="NO" KEYTYPE ="NOT A KEY" LENGTH ="0" LEVEL ="0" NAME ="IPFA_SKU" NULLABLE ="NULL" OCCURS ="0" OFFSET ="0" PHYSICALLENGTH ="50" PHYSICALOFFSET ="0" PICTURETEXT ="" PRECISION ="50" SCALE ="0" USAGE_FLAGS =""/>
        <SOURCEFIELD BUSINESSNAME ="" DATATYPE ="int" DESCRIPTION ="" FIELDNUMBER ="2" FIELDPROPERTY ="0" FIELDTYPE ="ELEMITEM" HIDDEN ="NO" KEYTYPE ="NOT A KEY" LENGTH ="11" LEVEL ="0" NAME ="dim_Item_ID" NULLABLE ="NOTNULL" OCCURS ="0" OFFSET ="0" PHYSICALLENGTH ="10" PHYSICALOFFSET ="50" PICTURETEXT ="" PRECISION ="10" SCALE ="0" USAGE_FLAGS =""/>
        <SOURCEFIELD BUSINESSNAME ="" DATATYPE ="int" DESCRIPTION ="" FIELDNUMBER ="3" FIELDPROPERTY ="0" FIELDTYPE ="ELEMITEM" HIDDEN ="NO" KEYTYPE ="NOT A KEY" LENGTH ="11" LEVEL ="0" NAME ="Priority" NULLABLE ="NULL" OCCURS ="0" OFFSET ="11" PHYSICALLENGTH ="10" PHYSICALOFFSET ="60" PICTURETEXT ="" PRECISION ="10" SCALE ="0" USAGE_FLAGS =""/>
        <SOURCEFIELD BUSINESSNAME ="" DATATYPE ="int" DESCRIPTION ="" FIELDNUMBER ="4" FIELDPROPERTY ="0" FIELDTYPE ="ELEMITEM" HIDDEN ="NO" KEYTYPE ="NOT A KEY" LENGTH ="11" LEVEL ="0" NAME ="IPFA_Priority" NULLABLE ="NULL" OCCURS ="0" OFFSET ="22" PHYSICALLENGTH ="10" PHYSICALOFFSET ="70" PICTURETEXT ="" PRECISION ="10" SCALE ="0" USAGE_FLAGS =""/>
        <SOURCEFIELD BUSINESSNAME ="" DATATYPE ="bigint" DESCRIPTION ="" FIELDNUMBER ="5" FIELDPROPERTY ="0" FIELDTYPE ="ELEMITEM" HIDDEN ="NO" KEYTYPE ="NOT A KEY" LENGTH ="20" LEVEL ="0" NAME ="Grp" NULLABLE ="NULL" OCCURS ="0" OFFSET ="33" PHYSICALLENGTH ="19" PHYSICALOFFSET ="80" PICTURETEXT ="" PRECISION ="19" SCALE ="0" USAGE_FLAGS =""/>
        <SOURCEFIELD BUSINESSNAME ="" DATATYPE ="int" DESCRIPTION ="" FIELDNUMBER ="6" FIELDPROPERTY ="0" FIELDTYPE ="ELEMITEM" HIDDEN ="NO" KEYTYPE ="NOT A KEY" LENGTH ="11" LEVEL ="0" NAME ="ItmCnt" NULLABLE ="NULL" OCCURS ="0" OFFSET ="53" PHYSICALLENGTH ="10" PHYSICALOFFSET ="99" PICTURETEXT ="" PRECISION ="10" SCALE ="0" USAGE_FLAGS =""/>
        <SOURCEFIELD BUSINESSNAME ="" DATATYPE ="varchar" DESCRIPTION ="" FIELDNUMBER ="7" FIELDPROPERTY ="0" FIELDTYPE ="ELEMITEM" HIDDEN ="NO" KEYTYPE ="NOT A KEY" LENGTH ="0" LEVEL ="0" NAME ="SAP_GRID_VALUE" NULLABLE ="NULL" OCCURS ="0" OFFSET ="64" PHYSICALLENGTH ="16" PHYSICALOFFSET ="109" PICTURETEXT ="" PRECISION ="16" SCALE ="0" USAGE_FLAGS =""/>
        <SOURCEFIELD BUSINESSNAME ="" DATATYPE ="varchar" DESCRIPTION ="" FIELDNUMBER ="8" FIELDPROPERTY ="0" FIELDTYPE ="ELEMITEM" HIDDEN ="NO" KEYTYPE ="NOT A KEY" LENGTH ="0" LEVEL ="0" NAME ="SAP_Material_Num" NULLABLE ="NULL" OCCURS ="0" OFFSET ="64" PHYSICALLENGTH ="18" PHYSICALOFFSET ="125" PICTURETEXT ="" PRECISION ="18" SCALE ="0" USAGE_FLAGS =""/>
        <SOURCEFIELD BUSINESSNAME ="" DATATYPE ="int" DESCRIPTION ="" FIELDNUMBER ="9" FIELDPROPERTY ="0" FIELDTYPE ="ELEMITEM" HIDDEN ="NO" KEYTYPE ="NOT A KEY" LENGTH ="11" LEVEL ="0" NAME ="Socks_Cnt_NULL" NULLABLE ="NULL" OCCURS ="0" OFFSET ="64" PHYSICALLENGTH ="10" PHYSICALOFFSET ="143" PICTURETEXT ="" PRECISION ="10" SCALE ="0" USAGE_FLAGS =""/>
        <SOURCEFIELD BUSINESSNAME ="" DATATYPE ="datetime" DESCRIPTION ="" FIELDNUMBER ="10" FIELDPROPERTY ="0" FIELDTYPE ="ELEMITEM" HIDDEN ="NO" KEYTYPE ="NOT A KEY" LENGTH ="19" LEVEL ="0" NAME ="Max_Disco" NULLABLE ="NULL" OCCURS ="0" OFFSET ="75" PHYSICALLENGTH ="23" PHYSICALOFFSET ="153" PICTURETEXT ="" PRECISION ="23" SCALE ="3" USAGE_FLAGS =""/>
        <SOURCEFIELD BUSINESSNAME ="" DATATYPE ="varchar" DESCRIPTION ="" FIELDNUMBER ="11" FIELDPROPERTY ="0" FIELDTYPE ="ELEMITEM" HIDDEN ="NO" KEYTYPE ="NOT A KEY" LENGTH ="0" LEVEL ="0" NAME ="update_userid" NULLABLE ="NOTNULL" OCCURS ="0" OFFSET ="94" PHYSICALLENGTH ="10" PHYSICALOFFSET ="176" PICTURETEXT ="" PRECISION ="10" SCALE ="0" USAGE_FLAGS =""/>
        <SOURCEFIELD BUSINESSNAME ="" DATATYPE ="nvarchar" DESCRIPTION ="" FIELDNUMBER ="12" FIELDPROPERTY ="0" FIELDTYPE ="ELEMITEM" HIDDEN ="NO" KEYTYPE ="NOT A KEY" LENGTH ="0" LEVEL ="0" NAME ="update_timestamp" NULLABLE ="NOTNULL" OCCURS ="0" OFFSET ="94" PHYSICALLENGTH ="10" PHYSICALOFFSET ="186" PICTURETEXT ="" PRECISION ="10" SCALE ="0" USAGE_FLAGS =""/>
    </SOURCE>
    <SOURCE BUSINESSNAME ="" DATABASETYPE ="Flat File" DBDNAME ="FlatFile" DESCRIPTION ="" NAME ="ZSAPBW_SURPLUS_ATP_REPORT" OBJECTVERSION ="1" OWNERNAME ="" VERSIONNUMBER ="1">
        <FLATFILE CODEPAGE ="MS1252" CONSECDELIMITERSASONE ="NO" DELIMITED ="YES" DELIMITERS ="|" ESCAPE_CHARACTER ="" KEEPESCAPECHAR ="NO" LINESEQUENTIAL ="NO" MULTIDELIMITERSASAND ="NO" NULLCHARTYPE ="ASCII" NULL_CHARACTER ="*" PADBYTES ="1" QUOTE_CHARACTER ="DOUBLE" REPEATABLE ="NO" ROWDELIMITER ="0" SHIFTSENSITIVEDATA ="NO" SKIPROWS ="0" STRIPTRAILINGBLANKS ="NO"/>
        <TABLEATTRIBUTE NAME ="Base Table Name" VALUE =""/>
        <TABLEATTRIBUTE NAME ="Search Specification" VALUE =""/>
        <TABLEATTRIBUTE NAME ="Sort Specification" VALUE =""/>
        <TABLEATTRIBUTE NAME ="Datetime Format" VALUE ="A  19 mm/dd/yyyy hh24:mi:ss"/>
        <TABLEATTRIBUTE NAME ="Thousand Separator" VALUE ="None"/>
        <TABLEATTRIBUTE NAME ="Decimal Separator" VALUE ="."/>
        <TABLEATTRIBUTE NAME ="Add Currently Processed Flat File Name Port" VALUE ="NO"/>
        <TABLEATTRIBUTE NAME ="Source TimeStamp" VALUE =""/>
        <SOURCEFIELD BUSINESSNAME ="" DATATYPE ="string" DESCRIPTION ="" FIELDNUMBER ="1" FIELDPROPERTY ="0" FIELDTYPE ="ELEMITEM" HIDDEN ="NO" KEYTYPE ="NOT A KEY" LENGTH ="8" LEVEL ="0" NAME ="AF_GRDVAL" NULLABLE ="NULL" OCCURS ="0" OFFSET ="0" PHYSICALLENGTH ="8" PHYSICALOFFSET ="0" PICTURETEXT ="" PRECISION ="8" SCALE ="0" USAGE_FLAGS =""/>
        <SOURCEFIELD BUSINESSNAME ="" DATATYPE ="string" DESCRIPTION ="" FIELDNUMBER ="2" FIELDPROPERTY ="0" FIELDTYPE ="ELEMITEM" HIDDEN ="NO" KEYTYPE ="NOT A KEY" LENGTH ="18" LEVEL ="0" NAME ="MATERIAL" NULLABLE ="NULL" OCCURS ="0" OFFSET ="8" PHYSICALLENGTH ="18" PHYSICALOFFSET ="8" PICTURETEXT ="" PRECISION ="18" SCALE ="0" USAGE_FLAGS =""/>
        <SOURCEFIELD BUSINESSNAME ="" DATATYPE ="string" DESCRIPTION ="" FIELDNUMBER ="3" FIELDPROPERTY ="0" FIELDTYPE ="ELEMITEM" HIDDEN ="NO" KEYTYPE ="NOT A KEY" LENGTH ="20" LEVEL ="0" NAME ="ZTOT_OPEN" NULLABLE ="NULL" OCCURS ="0" OFFSET ="26" PHYSICALLENGTH ="20" PHYSICALOFFSET ="26" PICTURETEXT ="" PRECISION ="20" SCALE ="0" USAGE_FLAGS =""/>
        <SOURCEFIELD BUSINESSNAME ="" DATATYPE ="string" DESCRIPTION ="" FIELDNUMBER ="4" FIELDPROPERTY ="0" FIELDTYPE ="ELEMITEM" HIDDEN ="NO" KEYTYPE ="NOT A KEY" LENGTH ="20" LEVEL ="0" NAME ="ZCSATPQTY" NULLABLE ="NULL" OCCURS ="0" OFFSET ="46" PHYSICALLENGTH ="20" PHYSICALOFFSET ="46" PICTURETEXT ="" PRECISION ="20" SCALE ="0" USAGE_FLAGS =""/>
        <SOURCEFIELD BUSINESSNAME ="" DATATYPE ="string" DESCRIPTION ="" FIELDNUMBER ="5" FIELDPROPERTY ="0" FIELDTYPE ="ELEMITEM" HIDDEN ="NO" KEYTYPE ="NOT A KEY" LENGTH ="20" LEVEL ="0" NAME ="BLOCKED" NULLABLE ="NULL" OCCURS ="0" OFFSET ="66" PHYSICALLENGTH ="20" PHYSICALOFFSET ="66" PICTURETEXT ="" PRECISION ="20" SCALE ="0" USAGE_FLAGS =""/>
    </SOURCE>
    <TARGET BUSINESSNAME ="" CONSTRAINT ="" DATABASETYPE ="Microsoft SQL Server" DESCRIPTION ="" NAME ="Sur_Sap_data" OBJECTVERSION ="1" TABLEOPTIONS ="" VERSIONNUMBER ="1">
        <TARGETFIELD BUSINESSNAME ="" DATATYPE ="varchar" DESCRIPTION ="" FIELDNUMBER ="1" KEYTYPE ="NOT A KEY" NAME ="IPFA_SKU" NULLABLE ="NULL" PICTURETEXT ="" PRECISION ="60" SCALE ="0"/>
        <TARGETFIELD BUSINESSNAME ="" DATATYPE ="int" DESCRIPTION ="" FIELDNUMBER ="2" KEYTYPE ="NOT A KEY" NAME ="Demand Qty" NULLABLE ="NULL" PICTURETEXT ="" PRECISION ="10" SCALE ="0"/>
        <TARGETFIELD BUSINESSNAME ="" DATATYPE ="int" DESCRIPTION ="" FIELDNUMBER ="3" KEYTYPE ="NOT A KEY" NAME ="ATP Qty" NULLABLE ="NULL" PICTURETEXT ="" PRECISION ="10" SCALE ="0"/>
        <TARGETFIELD BUSINESSNAME ="" DATATYPE ="int" DESCRIPTION ="" FIELDNUMBER ="4" KEYTYPE ="NOT A KEY" NAME ="Blocked Stock" NULLABLE ="NULL" PICTURETEXT ="" PRECISION ="10" SCALE ="0"/>
        <TARGETFIELD BUSINESSNAME ="" DATATYPE ="varchar" DESCRIPTION ="" FIELDNUMBER ="5" KEYTYPE ="NOT A KEY" NAME ="update_userid" NULLABLE ="NOTNULL" PICTURETEXT ="" PRECISION ="10" SCALE ="0"/>
        <TARGETFIELD BUSINESSNAME ="" DATATYPE ="nvarchar" DESCRIPTION ="" FIELDNUMBER ="6" KEYTYPE ="NOT A KEY" NAME ="update_timestamp" NULLABLE ="NOTNULL" PICTURETEXT ="" PRECISION ="10" SCALE ="0"/>
    </TARGET>
    <MAPPING DESCRIPTION ="" ISVALID ="YES" NAME ="m_SURPLUS_SAP_DATA_LOAD" OBJECTVERSION ="1" VERSIONNUMBER ="1">
        <TRANSFORMATION DESCRIPTION ="Reads data from CSV file" NAME ="SQ_ZSAPBW_SURPLUS_ATP_REPORT" OBJECTVERSION ="1" REUSABLE ="NO" TYPE ="Source Qualifier" VERSIONNUMBER ="1">
            <TRANSFORMFIELD DATATYPE ="string" DEFAULTVALUE ="" DESCRIPTION ="" NAME ="AF_GRDVAL" PICTURETEXT ="" PORTTYPE ="INPUT/OUTPUT" PRECISION ="8" SCALE ="0"/>
            <TRANSFORMFIELD DATATYPE ="string" DEFAULTVALUE ="" DESCRIPTION ="" NAME ="MATERIAL" PICTURETEXT ="" PORTTYPE ="INPUT/OUTPUT" PRECISION ="18" SCALE ="0"/>
            <TRANSFORMFIELD DATATYPE ="string" DEFAULTVALUE ="" DESCRIPTION ="" NAME ="ZTOT_OPEN" PICTURETEXT ="" PORTTYPE ="INPUT/OUTPUT" PRECISION ="20" SCALE ="0"/>
            <TRANSFORMFIELD DATATYPE ="string" DEFAULTVALUE ="" DESCRIPTION ="" NAME ="ZCSATPQTY" PICTURETEXT ="" PORTTYPE ="INPUT/OUTPUT" PRECISION ="20" SCALE ="0"/>
            <TRANSFORMFIELD DATATYPE ="string" DEFAULTVALUE ="" DESCRIPTION ="" NAME ="BLOCKED" PICTURETEXT ="" PORTTYPE ="INPUT/OUTPUT" PRECISION ="20" SCALE ="0"/>
            <TABLEATTRIBUTE NAME ="Sql Query" VALUE =""/>
            <TABLEATTRIBUTE NAME ="User Defined Join" VALUE =""/>
            <TABLEATTRIBUTE NAME ="Source Filter" VALUE =""/>
            <TABLEATTRIBUTE NAME ="Number Of Sorted Ports" VALUE ="0"/>
            <TABLEATTRIBUTE NAME ="Tracing Level" VALUE ="Normal"/>
            <TABLEATTRIBUTE NAME ="Select Distinct" VALUE ="NO"/>
            <TABLEATTRIBUTE NAME ="Is Partitionable" VALUE ="NO"/>
            <TABLEATTRIBUTE NAME ="Pre SQL" VALUE =""/>
            <TABLEATTRIBUTE NAME ="Post SQL" VALUE =""/>
            <TABLEATTRIBUTE NAME ="Output is deterministic" VALUE ="NO"/>
            <TABLEATTRIBUTE NAME ="Output is repeatable" VALUE ="Never"/>
        </TRANSFORMATION>
        <TRANSFORMATION DESCRIPTION ="Reads distinct IPFA_SKU,SAP_GRID_VALUE and SAP_MATERIAL_NU M WHERE SAP_GRID_VALUE AND SAP_MATERIAL_NUM IS NOT NULL" NAME ="SQ_Sur_SKU" OBJECTVERSION ="1" REUSABLE ="NO" TYPE ="Source Qualifier" VERSIONNUMBER ="1">
            <TRANSFORMFIELD DATATYPE ="string" DEFAULTVALUE ="" DESCRIPTION ="" NAME ="IPFA_SKU" PICTURETEXT ="" PORTTYPE ="INPUT/OUTPUT" PRECISION ="50" SCALE ="0"/>
            <TRANSFORMFIELD DATATYPE ="integer" DEFAULTVALUE ="" DESCRIPTION ="" NAME ="dim_Item_ID" PICTURETEXT ="" PORTTYPE ="INPUT/OUTPUT" PRECISION ="10" SCALE ="0"/>
            <TRANSFORMFIELD DATATYPE ="integer" DEFAULTVALUE ="" DESCRIPTION ="" NAME ="Priority" PICTURETEXT ="" PORTTYPE ="INPUT/OUTPUT" PRECISION ="10" SCALE ="0"/>
            <TRANSFORMFIELD DATATYPE ="integer" DEFAULTVALUE ="" DESCRIPTION ="" NAME ="IPFA_Priority" PICTURETEXT ="" PORTTYPE ="INPUT/OUTPUT" PRECISION ="10" SCALE ="0"/>
            <TRANSFORMFIELD DATATYPE ="bigint" DEFAULTVALUE ="" DESCRIPTION ="" NAME ="Grp" PICTURETEXT ="" PORTTYPE ="INPUT/OUTPUT" PRECISION ="19" SCALE ="0"/>
            <TRANSFORMFIELD DATATYPE ="integer" DEFAULTVALUE ="" DESCRIPTION ="" NAME ="ItmCnt" PICTURETEXT ="" PORTTYPE ="INPUT/OUTPUT" PRECISION ="10" SCALE ="0"/>
            <TRANSFORMFIELD DATATYPE ="string" DEFAULTVALUE ="" DESCRIPTION ="" NAME ="SAP_GRID_VALUE" PICTURETEXT ="" PORTTYPE ="INPUT/OUTPUT" PRECISION ="16" SCALE ="0"/>
            <TRANSFORMFIELD DATATYPE ="string" DEFAULTVALUE ="" DESCRIPTION ="" NAME ="SAP_Material_Num" PICTURETEXT ="" PORTTYPE ="INPUT/OUTPUT" PRECISION ="18" SCALE ="0"/>
            <TRANSFORMFIELD DATATYPE ="integer" DEFAULTVALUE ="" DESCRIPTION ="" NAME ="Socks_Cnt_NULL" PICTURETEXT ="" PORTTYPE ="INPUT/OUTPUT" PRECISION ="10" SCALE ="0"/>
            <TRANSFORMFIELD DATATYPE ="date/time" DEFAULTVALUE ="" DESCRIPTION ="" NAME ="Max_Disco" PICTURETEXT ="" PORTTYPE ="INPUT/OUTPUT" PRECISION ="29" SCALE ="9"/>
            <TRANSFORMFIELD DATATYPE ="string" DEFAULTVALUE ="" DESCRIPTION ="" NAME ="update_userid" PICTURETEXT ="" PORTTYPE ="INPUT/OUTPUT" PRECISION ="10" SCALE ="0"/>
            <TRANSFORMFIELD DATATYPE ="nstring" DEFAULTVALUE ="" DESCRIPTION ="" NAME ="update_timestamp" PICTURETEXT ="" PORTTYPE ="INPUT/OUTPUT" PRECISION ="10" SCALE ="0"/>
            <TABLEATTRIBUTE NAME ="Sql Query" VALUE ="SELECT distinct a.IPFA_SKU,a.SAP_GRID_VALUE, a.SAP_Material_Num &#xD;&#xA;FROM&#xD;&#xA;aia. Sur_SKU a  WITH  (NOLOCK)   WHERE A.SAP_GRID_VALUE IS NOT NULL AND A.SAP_Material_Num IS NOT NULL"/>
            <TABLEATTRIBUTE NAME ="User Defined Join" VALUE =""/>
            <TABLEATTRIBUTE NAME ="Source Filter" VALUE =""/>
            <TABLEATTRIBUTE NAME ="Number Of Sorted Ports" VALUE ="0"/>
            <TABLEATTRIBUTE NAME ="Tracing Level" VALUE ="Normal"/>
            <TABLEATTRIBUTE NAME ="Select Distinct" VALUE ="NO"/>
            <TABLEATTRIBUTE NAME ="Is Partitionable" VALUE ="NO"/>
            <TABLEATTRIBUTE NAME ="Pre SQL" VALUE =""/>
            <TABLEATTRIBUTE NAME ="Post SQL" VALUE =""/>
            <TABLEATTRIBUTE NAME ="Output is deterministic" VALUE ="NO"/>
            <TABLEATTRIBUTE NAME ="Output is repeatable" VALUE ="Never"/>
        </TRANSFORMATION>
        <TRANSFORMATION DESCRIPTION ="convert columns to decimal and create join condition based on material column&#xD;&#xA;" NAME ="EXP_SAFE_SOURCE1" OBJECTVERSION ="1" REUSABLE ="NO" TYPE ="Expression" VERSIONNUMBER ="1">
            <TRANSFORMFIELD DATATYPE ="string" DEFAULTVALUE ="" DESCRIPTION ="" EXPRESSION ="AF_GRDVAL" EXPRESSIONTYPE ="GENERAL" NAME ="AF_GRDVAL" PICTURETEXT ="" PORTTYPE ="INPUT/OUTPUT" PRECISION ="8" SCALE ="0"/>
            <TRANSFORMFIELD DATATYPE ="string" DEFAULTVALUE ="" DESCRIPTION ="" EXPRESSION ="MATERIAL" EXPRESSIONTYPE ="GENERAL" NAME ="MATERIAL" PICTURETEXT ="" PORTTYPE ="INPUT/OUTPUT" PRECISION ="18" SCALE ="0"/>
            <TRANSFORMFIELD DATATYPE ="string" DEFAULTVALUE ="" DESCRIPTION ="" EXPRESSION ="ZTOT_OPEN" EXPRESSIONTYPE ="GENERAL" NAME ="ZTOT_OPEN" PICTURETEXT ="" PORTTYPE ="INPUT/OUTPUT" PRECISION ="20" SCALE ="0"/>
            <TRANSFORMFIELD DATATYPE ="string" DEFAULTVALUE ="" DESCRIPTION ="" EXPRESSION ="concat(iif(substr(ZTOT_OPEN,instr(ZTOT_OPEN,&apos;.&apos;,1)+4,5)=&apos;-&apos;,&apos;-&apos;),substr(ZTOT_OPEN,1,instr(ZTOT_OPEN,&apos;.&apos;,1)+3&#xD;&#xA;))" EXPRESSIONTYPE ="GENERAL" NAME ="V_ZTOT_OPEN" PICTURETEXT ="" PORTTYPE ="LOCAL VARIABLE" PRECISION ="20" SCALE ="0"/>
            <TRANSFORMFIELD DATATYPE ="decimal" DEFAULTVALUE ="ERROR(&apos;transformation error&apos;)" DESCRIPTION ="" EXPRESSION ="V_ZTOT_OPEN" EXPRESSIONTYPE ="GENERAL" NAME ="O_ZTOT_OPEN" PICTURETEXT ="" PORTTYPE ="OUTPUT" PRECISION ="17" SCALE ="3"/>
            <TRANSFORMFIELD DATATYPE ="string" DEFAULTVALUE ="" DESCRIPTION ="" EXPRESSION ="ZCSATPQTY" EXPRESSIONTYPE ="GENERAL" NAME ="ZCSATPQTY" PICTURETEXT ="" PORTTYPE ="INPUT/OUTPUT" PRECISION ="20" SCALE ="0"/>
            <TRANSFORMFIELD DATATYPE ="string" DEFAULTVALUE ="" DESCRIPTION ="" EXPRESSION ="concat(iif(substr(ZCSATPQTY,instr(ZCSATPQTY,&apos;.&apos;,1)+4,5)=&apos;-&apos;,&apos;-&apos;),substr(ZCSATPQTY,1,instr(ZCSATPQTY,&apos;.&apos;,1)+3&#xD;&#xA;))" EXPRESSIONTYPE ="GENERAL" NAME ="V_ZCSATPQTY" PICTURETEXT ="" PORTTYPE ="LOCAL VARIABLE" PRECISION ="20" SCALE ="0"/>
            <TRANSFORMFIELD DATATYPE ="decimal" DEFAULTVALUE ="ERROR(&apos;transformation error&apos;)" DESCRIPTION ="" EXPRESSION ="V_ZCSATPQTY" EXPRESSIONTYPE ="GENERAL" NAME ="O_ZCSATPQTY" PICTURETEXT ="" PORTTYPE ="OUTPUT" PRECISION ="17" SCALE ="3"/>
            <TRANSFORMFIELD DATATYPE ="string" DEFAULTVALUE ="" DESCRIPTION ="" EXPRESSION ="BLOCKED" EXPRESSIONTYPE ="GENERAL" NAME ="BLOCKED" PICTURETEXT ="" PORTTYPE ="INPUT/OUTPUT" PRECISION ="20" SCALE ="0"/>
            <TRANSFORMFIELD DATATYPE ="string" DEFAULTVALUE ="" DESCRIPTION ="" EXPRESSION ="concat(iif(substr(BLOCKED,instr(BLOCKED,&apos;.&apos;,1)+4,5)=&apos;-&apos;,&apos;-&apos;),substr(BLOCKED,1,instr(BLOCKED,&apos;.&apos;,1)+3&#xD;&#xA;))" EXPRESSIONTYPE ="GENERAL" NAME ="V_BLOCKED" PICTURETEXT ="" PORTTYPE ="LOCAL VARIABLE" PRECISION ="20" SCALE ="0"/>
            <TRANSFORMFIELD DATATYPE ="decimal" DEFAULTVALUE ="ERROR(&apos;transformation error&apos;)" DESCRIPTION ="" EXPRESSION ="V_BLOCKED" EXPRESSIONTYPE ="GENERAL" NAME ="O_BLOCKED" PICTURETEXT ="" PORTTYPE ="OUTPUT" PRECISION ="17" SCALE ="3"/>
            <TRANSFORMFIELD DATATYPE ="string" DEFAULTVALUE ="ERROR(&apos;transformation error&apos;)" DESCRIPTION ="" EXPRESSION ="LPAD(MATERIAL,18,0)" EXPRESSIONTYPE ="GENERAL" NAME ="O_JOIN_COND" PICTURETEXT ="" PORTTYPE ="OUTPUT" PRECISION ="18" SCALE ="0"/>
            <TABLEATTRIBUTE NAME ="Tracing Level" VALUE ="Normal"/>
        </TRANSFORMATION>
        <TRANSFORMATION DESCRIPTION ="Create UPDATE_USERID and UPDATE_TIMESTAMP output columns to map to target" NAME ="EXP_SAFE_TARGET" OBJECTVERSION ="1" REUSABLE ="NO" TYPE ="Expression" VERSIONNUMBER ="1">
            <TRANSFORMFIELD DATATYPE ="string" DEFAULTVALUE ="" DESCRIPTION ="" EXPRESSION ="IPFA_SKU" EXPRESSIONTYPE ="GENERAL" NAME ="IPFA_SKU" PICTURETEXT ="" PORTTYPE ="INPUT/OUTPUT" PRECISION ="50" SCALE ="0"/>
            <TRANSFORMFIELD DATATYPE ="decimal" DEFAULTVALUE ="" DESCRIPTION ="" EXPRESSION ="O_ZTOT_OPEN" EXPRESSIONTYPE ="GENERAL" NAME ="O_ZTOT_OPEN" PICTURETEXT ="" PORTTYPE ="INPUT/OUTPUT" PRECISION ="17" SCALE ="3"/>
            <TRANSFORMFIELD DATATYPE ="decimal" DEFAULTVALUE ="" DESCRIPTION ="" EXPRESSION ="O_ZCSATPQTY" EXPRESSIONTYPE ="GENERAL" NAME ="O_ZCSATPQTY" PICTURETEXT ="" PORTTYPE ="INPUT/OUTPUT" PRECISION ="17" SCALE ="3"/>
            <TRANSFORMFIELD DATATYPE ="decimal" DEFAULTVALUE ="" DESCRIPTION ="" EXPRESSION ="O_BLOCKED" EXPRESSIONTYPE ="GENERAL" NAME ="O_BLOCKED" PICTURETEXT ="" PORTTYPE ="INPUT/OUTPUT" PRECISION ="17" SCALE ="3"/>
            <TRANSFORMFIELD DATATYPE ="string" DEFAULTVALUE ="ERROR(&apos;transformation error&apos;)" DESCRIPTION ="" EXPRESSION ="&apos;ETL SAP&apos;" EXPRESSIONTYPE ="GENERAL" NAME ="O_UPDATE_USERID" PICTURETEXT ="" PORTTYPE ="OUTPUT" PRECISION ="30" SCALE ="0"/>
            <TRANSFORMFIELD DATATYPE ="date/time" DEFAULTVALUE ="ERROR(&apos;transformation error&apos;)" DESCRIPTION ="" EXPRESSION ="SYSDATE" EXPRESSIONTYPE ="GENERAL" NAME ="O_UPDATE_TIMESTAMP" PICTURETEXT ="" PORTTYPE ="OUTPUT" PRECISION ="29" SCALE ="9"/>
            <TABLEATTRIBUTE NAME ="Tracing Level" VALUE ="Normal"/>
        </TRANSFORMATION>
        <TRANSFORMATION DESCRIPTION ="Group the data by IPFA_SKU and calculate the sum of other columns" NAME ="AGG_ATP_REPORT" OBJECTVERSION ="1" REUSABLE ="NO" TYPE ="Aggregator" VERSIONNUMBER ="1">
            <TRANSFORMFIELD DATATYPE ="string" DEFAULTVALUE ="" DESCRIPTION ="" EXPRESSION ="IPFA_SKU" EXPRESSIONTYPE ="GROUPBY" NAME ="IPFA_SKU" PICTURETEXT ="" PORTTYPE ="INPUT/OUTPUT" PRECISION ="50" SCALE ="0"/>
            <TRANSFORMFIELD DATATYPE ="decimal" DEFAULTVALUE ="" DESCRIPTION ="" EXPRESSION ="ZTOT_OPEN" EXPRESSIONTYPE ="GENERAL" NAME ="ZTOT_OPEN" PICTURETEXT ="" PORTTYPE ="INPUT/OUTPUT" PRECISION ="17" SCALE ="3"/>
            <TRANSFORMFIELD DATATYPE ="decimal" DEFAULTVALUE ="ERROR(&apos;transformation error&apos;)" DESCRIPTION ="" EXPRESSION ="SUM(ZTOT_OPEN)" EXPRESSIONTYPE ="GENERAL" NAME ="O_ZTOT_OPEN" PICTURETEXT ="" PORTTYPE ="OUTPUT" PRECISION ="17" SCALE ="3"/>
            <TRANSFORMFIELD DATATYPE ="decimal" DEFAULTVALUE ="" DESCRIPTION ="" EXPRESSION ="ZCSATPQTY" EXPRESSIONTYPE ="GENERAL" NAME ="ZCSATPQTY" PICTURETEXT ="" PORTTYPE ="INPUT/OUTPUT" PRECISION ="17" SCALE ="3"/>
            <TRANSFORMFIELD DATATYPE ="decimal" DEFAULTVALUE ="ERROR(&apos;transformation error&apos;)" DESCRIPTION ="" EXPRESSION ="SUM(ZCSATPQTY)&#xD;&#xA;" EXPRESSIONTYPE ="GENERAL" NAME ="O_ZCSATPQTY" PICTURETEXT ="" PORTTYPE ="OUTPUT" PRECISION ="17" SCALE ="3"/>
            <TRANSFORMFIELD DATATYPE ="decimal" DEFAULTVALUE ="" DESCRIPTION ="" EXPRESSION ="BLOCKED" EXPRESSIONTYPE ="GENERAL" NAME ="BLOCKED" PICTURETEXT ="" PORTTYPE ="INPUT/OUTPUT" PRECISION ="17" SCALE ="3"/>
            <TRANSFORMFIELD DATATYPE ="decimal" DEFAULTVALUE ="ERROR(&apos;transformation error&apos;)" DESCRIPTION ="" EXPRESSION ="SUM(BLOCKED)" EXPRESSIONTYPE ="GENERAL" NAME ="O_BLOCKED" PICTURETEXT ="" PORTTYPE ="OUTPUT" PRECISION ="17" SCALE ="3"/>
            <TABLEATTRIBUTE NAME ="Cache Directory" VALUE ="$PMCacheDir"/>
            <TABLEATTRIBUTE NAME ="Tracing Level" VALUE ="Normal"/>
            <TABLEATTRIBUTE NAME ="Sorted Input" VALUE ="NO"/>
            <TABLEATTRIBUTE NAME ="Aggregator Data Cache Size" VALUE ="Auto"/>
            <TABLEATTRIBUTE NAME ="Aggregator Index Cache Size" VALUE ="Auto"/>
            <TABLEATTRIBUTE NAME ="Transformation Scope" VALUE ="All Input"/>
        </TRANSFORMATION>
        <TRANSFORMATION DESCRIPTION ="Pass records from Source qualifer" NAME ="EXP_SAFE_SOURCE" OBJECTVERSION ="1" REUSABLE ="NO" TYPE ="Expression" VERSIONNUMBER ="1">
            <TRANSFORMFIELD DATATYPE ="string" DEFAULTVALUE ="" DESCRIPTION ="" EXPRESSION ="IPFA_SKU" EXPRESSIONTYPE ="GENERAL" NAME ="IPFA_SKU" PICTURETEXT ="" PORTTYPE ="INPUT/OUTPUT" PRECISION ="50" SCALE ="0"/>
            <TRANSFORMFIELD DATATYPE ="string" DEFAULTVALUE ="" DESCRIPTION ="" EXPRESSION ="SAP_GRID_VALUE" EXPRESSIONTYPE ="GENERAL" NAME ="SAP_GRID_VALUE" PICTURETEXT ="" PORTTYPE ="INPUT/OUTPUT" PRECISION ="16" SCALE ="0"/>
            <TRANSFORMFIELD DATATYPE ="string" DEFAULTVALUE ="" DESCRIPTION ="" EXPRESSION ="SAP_Material_Num" EXPRESSIONTYPE ="GENERAL" NAME ="SAP_Material_Num" PICTURETEXT ="" PORTTYPE ="INPUT/OUTPUT" PRECISION ="18" SCALE ="0"/>
            <TABLEATTRIBUTE NAME ="Tracing Level" VALUE ="Normal"/>
        </TRANSFORMATION>
        <TRANSFORMATION DESCRIPTION ="Joining SKU and ATP_REPORT data based on matching SAP_GRID_VALUE and SAP_MATERIAL_NUM and fetch the matched records" NAME ="JNR_SKU_ATP_RPT" OBJECTVERSION ="1" REUSABLE ="NO" TYPE ="Joiner" VERSIONNUMBER ="1">
            <TRANSFORMFIELD DATATYPE ="string" DEFAULTVALUE ="" DESCRIPTION ="" NAME ="IPFA_SKU" PICTURETEXT ="" PORTTYPE ="INPUT/OUTPUT" PRECISION ="50" SCALE ="0"/>
            <TRANSFORMFIELD DATATYPE ="string" DEFAULTVALUE ="" DESCRIPTION ="" NAME ="SAP_GRID_VALUE" PICTURETEXT ="" PORTTYPE ="INPUT/OUTPUT" PRECISION ="16" SCALE ="0"/>
            <TRANSFORMFIELD DATATYPE ="string" DEFAULTVALUE ="" DESCRIPTION ="" NAME ="SAP_Material_Num" PICTURETEXT ="" PORTTYPE ="INPUT/OUTPUT" PRECISION ="18" SCALE ="0"/>
            <TRANSFORMFIELD DATATYPE ="string" DEFAULTVALUE ="" DESCRIPTION ="" NAME ="AF_GRDVAL" PICTURETEXT ="" PORTTYPE ="INPUT/OUTPUT/MASTER" PRECISION ="8" SCALE ="0"/>
            <TRANSFORMFIELD DATATYPE ="string" DEFAULTVALUE ="" DESCRIPTION ="" NAME ="O_JOIN_COND" PICTURETEXT ="" PORTTYPE ="INPUT/OUTPUT/MASTER" PRECISION ="18" SCALE ="0"/>
            <TRANSFORMFIELD DATATYPE ="decimal" DEFAULTVALUE ="" DESCRIPTION ="" NAME ="O_ZTOT_OPEN" PICTURETEXT ="" PORTTYPE ="INPUT/OUTPUT/MASTER" PRECISION ="17" SCALE ="3"/>
            <TRANSFORMFIELD DATATYPE ="decimal" DEFAULTVALUE ="" DESCRIPTION ="" NAME ="O_ZCSATPQTY" PICTURETEXT ="" PORTTYPE ="INPUT/OUTPUT/MASTER" PRECISION ="17" SCALE ="3"/>
            <TRANSFORMFIELD DATATYPE ="decimal" DEFAULTVALUE ="" DESCRIPTION ="" NAME ="O_BLOCKED" PICTURETEXT ="" PORTTYPE ="INPUT/OUTPUT/MASTER" PRECISION ="17" SCALE ="3"/>
            <TABLEATTRIBUTE NAME ="Case Sensitive String Comparison" VALUE ="YES"/>
            <TABLEATTRIBUTE NAME ="Cache Directory" VALUE ="$PMCacheDir"/>
            <TABLEATTRIBUTE NAME ="Join Condition" VALUE ="AF_GRDVAL = SAP_GRID_VALUE AND O_JOIN_COND = SAP_Material_Num"/>
            <TABLEATTRIBUTE NAME ="Join Type" VALUE ="Normal Join"/>
            <TABLEATTRIBUTE NAME ="Null ordering in master" VALUE ="Null Is Highest Value"/>
            <TABLEATTRIBUTE NAME ="Null ordering in detail" VALUE ="Null Is Highest Value"/>
            <TABLEATTRIBUTE NAME ="Tracing Level" VALUE ="Normal"/>
            <TABLEATTRIBUTE NAME ="Joiner Data Cache Size" VALUE ="Auto"/>
            <TABLEATTRIBUTE NAME ="Joiner Index Cache Size" VALUE ="Auto"/>
            <TABLEATTRIBUTE NAME ="Sorted Input" VALUE ="NO"/>
            <TABLEATTRIBUTE NAME ="Master Sort Order" VALUE ="Auto"/>
            <TABLEATTRIBUTE NAME ="Transformation Scope" VALUE ="All Input"/>
        </TRANSFORMATION>
        <INSTANCE DESCRIPTION ="Load the data into SUR_SAP_DATA target table" NAME ="Sur_Sap_data" TRANSFORMATION_NAME ="Sur_Sap_data" TRANSFORMATION_TYPE ="Target Definition" TYPE ="TARGET"/>
        <INSTANCE DBDNAME ="FlatFile" DESCRIPTION ="" NAME ="ZSAPBW_SURPLUS_ATP_REPORT" TRANSFORMATION_NAME ="ZSAPBW_SURPLUS_ATP_REPORT" TRANSFORMATION_TYPE ="Source Definition" TYPE ="SOURCE"/>
        <INSTANCE DBDNAME ="SQLD1BUS16_D1BUS16" DESCRIPTION ="Source definition" NAME ="Sur_SKU" TRANSFORMATION_NAME ="Sur_SKU" TRANSFORMATION_TYPE ="Source Definition" TYPE ="SOURCE"/>
        <INSTANCE DESCRIPTION ="Reads data from CSV file" NAME ="SQ_ZSAPBW_SURPLUS_ATP_REPORT" REUSABLE ="NO" TRANSFORMATION_NAME ="SQ_ZSAPBW_SURPLUS_ATP_REPORT" TRANSFORMATION_TYPE ="Source Qualifier" TYPE ="TRANSFORMATION">
            <ASSOCIATED_SOURCE_INSTANCE NAME ="ZSAPBW_SURPLUS_ATP_REPORT"/>
        </INSTANCE>
        <INSTANCE DESCRIPTION ="Reads distinct IPFA_SKU,SAP_GRID_VALUE and SAP_MATERIAL_NU M WHERE SAP_GRID_VALUE AND SAP_MATERIAL_NUM IS NOT NULL" NAME ="SQ_Sur_SKU" REUSABLE ="NO" TRANSFORMATION_NAME ="SQ_Sur_SKU" TRANSFORMATION_TYPE ="Source Qualifier" TYPE ="TRANSFORMATION">
            <ASSOCIATED_SOURCE_INSTANCE NAME ="Sur_SKU"/>
        </INSTANCE>
        <INSTANCE DESCRIPTION ="convert columns to decimal and create join condition based on material column&#xD;&#xA;" NAME ="EXP_SAFE_SOURCE1" REUSABLE ="NO" TRANSFORMATION_NAME ="EXP_SAFE_SOURCE1" TRANSFORMATION_TYPE ="Expression" TYPE ="TRANSFORMATION"/>
        <INSTANCE DESCRIPTION ="Create UPDATE_USERID and UPDATE_TIMESTAMP output columns to map to target" NAME ="EXP_SAFE_TARGET" REUSABLE ="NO" TRANSFORMATION_NAME ="EXP_SAFE_TARGET" TRANSFORMATION_TYPE ="Expression" TYPE ="TRANSFORMATION"/>
        <INSTANCE DESCRIPTION ="Group the data by IPFA_SKU and calculate the sum of other columns" NAME ="AGG_ATP_REPORT" REUSABLE ="NO" TRANSFORMATION_NAME ="AGG_ATP_REPORT" TRANSFORMATION_TYPE ="Aggregator" TYPE ="TRANSFORMATION"/>
        <INSTANCE DESCRIPTION ="Pass records from Source qualifer" NAME ="EXP_SAFE_SOURCE" REUSABLE ="NO" TRANSFORMATION_NAME ="EXP_SAFE_SOURCE" TRANSFORMATION_TYPE ="Expression" TYPE ="TRANSFORMATION"/>
        <INSTANCE DESCRIPTION ="Joining SKU and ATP_REPORT data based on matching SAP_GRID_VALUE and SAP_MATERIAL_NUM and fetch the matched records" NAME ="JNR_SKU_ATP_RPT" REUSABLE ="NO" TRANSFORMATION_NAME ="JNR_SKU_ATP_RPT" TRANSFORMATION_TYPE ="Joiner" TYPE ="TRANSFORMATION"/>
        <CONNECTOR FROMFIELD ="IPFA_SKU" FROMINSTANCE ="EXP_SAFE_TARGET" FROMINSTANCETYPE ="Expression" TOFIELD ="IPFA_SKU" TOINSTANCE ="Sur_Sap_data" TOINSTANCETYPE ="Target Definition"/>
        <CONNECTOR FROMFIELD ="O_ZTOT_OPEN" FROMINSTANCE ="EXP_SAFE_TARGET" FROMINSTANCETYPE ="Expression" TOFIELD ="Demand Qty" TOINSTANCE ="Sur_Sap_data" TOINSTANCETYPE ="Target Definition"/>
        <CONNECTOR FROMFIELD ="O_ZCSATPQTY" FROMINSTANCE ="EXP_SAFE_TARGET" FROMINSTANCETYPE ="Expression" TOFIELD ="ATP Qty" TOINSTANCE ="Sur_Sap_data" TOINSTANCETYPE ="Target Definition"/>
        <CONNECTOR FROMFIELD ="O_BLOCKED" FROMINSTANCE ="EXP_SAFE_TARGET" FROMINSTANCETYPE ="Expression" TOFIELD ="Blocked Stock" TOINSTANCE ="Sur_Sap_data" TOINSTANCETYPE ="Target Definition"/>
        <CONNECTOR FROMFIELD ="O_UPDATE_USERID" FROMINSTANCE ="EXP_SAFE_TARGET" FROMINSTANCETYPE ="Expression" TOFIELD ="update_userid" TOINSTANCE ="Sur_Sap_data" TOINSTANCETYPE ="Target Definition"/>
        <CONNECTOR FROMFIELD ="O_UPDATE_TIMESTAMP" FROMINSTANCE ="EXP_SAFE_TARGET" FROMINSTANCETYPE ="Expression" TOFIELD ="update_timestamp" TOINSTANCE ="Sur_Sap_data" TOINSTANCETYPE ="Target Definition"/>
        <CONNECTOR FROMFIELD ="AF_GRDVAL" FROMINSTANCE ="ZSAPBW_SURPLUS_ATP_REPORT" FROMINSTANCETYPE ="Source Definition" TOFIELD ="AF_GRDVAL" TOINSTANCE ="SQ_ZSAPBW_SURPLUS_ATP_REPORT" TOINSTANCETYPE ="Source Qualifier"/>
        <CONNECTOR FROMFIELD ="MATERIAL" FROMINSTANCE ="ZSAPBW_SURPLUS_ATP_REPORT" FROMINSTANCETYPE ="Source Definition" TOFIELD ="MATERIAL" TOINSTANCE ="SQ_ZSAPBW_SURPLUS_ATP_REPORT" TOINSTANCETYPE ="Source Qualifier"/>
        <CONNECTOR FROMFIELD ="ZTOT_OPEN" FROMINSTANCE ="ZSAPBW_SURPLUS_ATP_REPORT" FROMINSTANCETYPE ="Source Definition" TOFIELD ="ZTOT_OPEN" TOINSTANCE ="SQ_ZSAPBW_SURPLUS_ATP_REPORT" TOINSTANCETYPE ="Source Qualifier"/>
        <CONNECTOR FROMFIELD ="ZCSATPQTY" FROMINSTANCE ="ZSAPBW_SURPLUS_ATP_REPORT" FROMINSTANCETYPE ="Source Definition" TOFIELD ="ZCSATPQTY" TOINSTANCE ="SQ_ZSAPBW_SURPLUS_ATP_REPORT" TOINSTANCETYPE ="Source Qualifier"/>
        <CONNECTOR FROMFIELD ="BLOCKED" FROMINSTANCE ="ZSAPBW_SURPLUS_ATP_REPORT" FROMINSTANCETYPE ="Source Definition" TOFIELD ="BLOCKED" TOINSTANCE ="SQ_ZSAPBW_SURPLUS_ATP_REPORT" TOINSTANCETYPE ="Source Qualifier"/>
        <CONNECTOR FROMFIELD ="IPFA_Priority" FROMINSTANCE ="Sur_SKU" FROMINSTANCETYPE ="Source Definition" TOFIELD ="IPFA_Priority" TOINSTANCE ="SQ_Sur_SKU" TOINSTANCETYPE ="Source Qualifier"/>
        <CONNECTOR FROMFIELD ="Grp" FROMINSTANCE ="Sur_SKU" FROMINSTANCETYPE ="Source Definition" TOFIELD ="Grp" TOINSTANCE ="SQ_Sur_SKU" TOINSTANCETYPE ="Source Qualifier"/>
        <CONNECTOR FROMFIELD ="ItmCnt" FROMINSTANCE ="Sur_SKU" FROMINSTANCETYPE ="Source Definition" TOFIELD ="ItmCnt" TOINSTANCE ="SQ_Sur_SKU" TOINSTANCETYPE ="Source Qualifier"/>
        <CONNECTOR FROMFIELD ="SAP_GRID_VALUE" FROMINSTANCE ="Sur_SKU" FROMINSTANCETYPE ="Source Definition" TOFIELD ="SAP_GRID_VALUE" TOINSTANCE ="SQ_Sur_SKU" TOINSTANCETYPE ="Source Qualifier"/>
        <CONNECTOR FROMFIELD ="SAP_Material_Num" FROMINSTANCE ="Sur_SKU" FROMINSTANCETYPE ="Source Definition" TOFIELD ="SAP_Material_Num" TOINSTANCE ="SQ_Sur_SKU" TOINSTANCETYPE ="Source Qualifier"/>
        <CONNECTOR FROMFIELD ="Socks_Cnt_NULL" FROMINSTANCE ="Sur_SKU" FROMINSTANCETYPE ="Source Definition" TOFIELD ="Socks_Cnt_NULL" TOINSTANCE ="SQ_Sur_SKU" TOINSTANCETYPE ="Source Qualifier"/>
        <CONNECTOR FROMFIELD ="Max_Disco" FROMINSTANCE ="Sur_SKU" FROMINSTANCETYPE ="Source Definition" TOFIELD ="Max_Disco" TOINSTANCE ="SQ_Sur_SKU" TOINSTANCETYPE ="Source Qualifier"/>
        <CONNECTOR FROMFIELD ="update_userid" FROMINSTANCE ="Sur_SKU" FROMINSTANCETYPE ="Source Definition" TOFIELD ="update_userid" TOINSTANCE ="SQ_Sur_SKU" TOINSTANCETYPE ="Source Qualifier"/>
        <CONNECTOR FROMFIELD ="update_timestamp" FROMINSTANCE ="Sur_SKU" FROMINSTANCETYPE ="Source Definition" TOFIELD ="update_timestamp" TOINSTANCE ="SQ_Sur_SKU" TOINSTANCETYPE ="Source Qualifier"/>
        <CONNECTOR FROMFIELD ="IPFA_SKU" FROMINSTANCE ="Sur_SKU" FROMINSTANCETYPE ="Source Definition" TOFIELD ="IPFA_SKU" TOINSTANCE ="SQ_Sur_SKU" TOINSTANCETYPE ="Source Qualifier"/>
        <CONNECTOR FROMFIELD ="dim_Item_ID" FROMINSTANCE ="Sur_SKU" FROMINSTANCETYPE ="Source Definition" TOFIELD ="dim_Item_ID" TOINSTANCE ="SQ_Sur_SKU" TOINSTANCETYPE ="Source Qualifier"/>
        <CONNECTOR FROMFIELD ="Priority" FROMINSTANCE ="Sur_SKU" FROMINSTANCETYPE ="Source Definition" TOFIELD ="Priority" TOINSTANCE ="SQ_Sur_SKU" TOINSTANCETYPE ="Source Qualifier"/>
        <CONNECTOR FROMFIELD ="AF_GRDVAL" FROMINSTANCE ="SQ_ZSAPBW_SURPLUS_ATP_REPORT" FROMINSTANCETYPE ="Source Qualifier" TOFIELD ="AF_GRDVAL" TOINSTANCE ="EXP_SAFE_SOURCE1" TOINSTANCETYPE ="Expression"/>
        <CONNECTOR FROMFIELD ="MATERIAL" FROMINSTANCE ="SQ_ZSAPBW_SURPLUS_ATP_REPORT" FROMINSTANCETYPE ="Source Qualifier" TOFIELD ="MATERIAL" TOINSTANCE ="EXP_SAFE_SOURCE1" TOINSTANCETYPE ="Expression"/>
        <CONNECTOR FROMFIELD ="ZTOT_OPEN" FROMINSTANCE ="SQ_ZSAPBW_SURPLUS_ATP_REPORT" FROMINSTANCETYPE ="Source Qualifier" TOFIELD ="ZTOT_OPEN" TOINSTANCE ="EXP_SAFE_SOURCE1" TOINSTANCETYPE ="Expression"/>
        <CONNECTOR FROMFIELD ="ZCSATPQTY" FROMINSTANCE ="SQ_ZSAPBW_SURPLUS_ATP_REPORT" FROMINSTANCETYPE ="Source Qualifier" TOFIELD ="ZCSATPQTY" TOINSTANCE ="EXP_SAFE_SOURCE1" TOINSTANCETYPE ="Expression"/>
        <CONNECTOR FROMFIELD ="BLOCKED" FROMINSTANCE ="SQ_ZSAPBW_SURPLUS_ATP_REPORT" FROMINSTANCETYPE ="Source Qualifier" TOFIELD ="BLOCKED" TOINSTANCE ="EXP_SAFE_SOURCE1" TOINSTANCETYPE ="Expression"/>
        <CONNECTOR FROMFIELD ="IPFA_SKU" FROMINSTANCE ="SQ_Sur_SKU" FROMINSTANCETYPE ="Source Qualifier" TOFIELD ="IPFA_SKU" TOINSTANCE ="EXP_SAFE_SOURCE" TOINSTANCETYPE ="Expression"/>
        <CONNECTOR FROMFIELD ="SAP_GRID_VALUE" FROMINSTANCE ="SQ_Sur_SKU" FROMINSTANCETYPE ="Source Qualifier" TOFIELD ="SAP_GRID_VALUE" TOINSTANCE ="EXP_SAFE_SOURCE" TOINSTANCETYPE ="Expression"/>
        <CONNECTOR FROMFIELD ="SAP_Material_Num" FROMINSTANCE ="SQ_Sur_SKU" FROMINSTANCETYPE ="Source Qualifier" TOFIELD ="SAP_Material_Num" TOINSTANCE ="EXP_SAFE_SOURCE" TOINSTANCETYPE ="Expression"/>
        <CONNECTOR FROMFIELD ="AF_GRDVAL" FROMINSTANCE ="EXP_SAFE_SOURCE1" FROMINSTANCETYPE ="Expression" TOFIELD ="AF_GRDVAL" TOINSTANCE ="JNR_SKU_ATP_RPT" TOINSTANCETYPE ="Joiner"/>
        <CONNECTOR FROMFIELD ="O_JOIN_COND" FROMINSTANCE ="EXP_SAFE_SOURCE1" FROMINSTANCETYPE ="Expression" TOFIELD ="O_JOIN_COND" TOINSTANCE ="JNR_SKU_ATP_RPT" TOINSTANCETYPE ="Joiner"/>
        <CONNECTOR FROMFIELD ="O_ZTOT_OPEN" FROMINSTANCE ="EXP_SAFE_SOURCE1" FROMINSTANCETYPE ="Expression" TOFIELD ="O_ZTOT_OPEN" TOINSTANCE ="JNR_SKU_ATP_RPT" TOINSTANCETYPE ="Joiner"/>
        <CONNECTOR FROMFIELD ="O_ZCSATPQTY" FROMINSTANCE ="EXP_SAFE_SOURCE1" FROMINSTANCETYPE ="Expression" TOFIELD ="O_ZCSATPQTY" TOINSTANCE ="JNR_SKU_ATP_RPT" TOINSTANCETYPE ="Joiner"/>
        <CONNECTOR FROMFIELD ="O_BLOCKED" FROMINSTANCE ="EXP_SAFE_SOURCE1" FROMINSTANCETYPE ="Expression" TOFIELD ="O_BLOCKED" TOINSTANCE ="JNR_SKU_ATP_RPT" TOINSTANCETYPE ="Joiner"/>
        <CONNECTOR FROMFIELD ="IPFA_SKU" FROMINSTANCE ="AGG_ATP_REPORT" FROMINSTANCETYPE ="Aggregator" TOFIELD ="IPFA_SKU" TOINSTANCE ="EXP_SAFE_TARGET" TOINSTANCETYPE ="Expression"/>
        <CONNECTOR FROMFIELD ="O_ZTOT_OPEN" FROMINSTANCE ="AGG_ATP_REPORT" FROMINSTANCETYPE ="Aggregator" TOFIELD ="O_ZTOT_OPEN" TOINSTANCE ="EXP_SAFE_TARGET" TOINSTANCETYPE ="Expression"/>
        <CONNECTOR FROMFIELD ="O_ZCSATPQTY" FROMINSTANCE ="AGG_ATP_REPORT" FROMINSTANCETYPE ="Aggregator" TOFIELD ="O_ZCSATPQTY" TOINSTANCE ="EXP_SAFE_TARGET" TOINSTANCETYPE ="Expression"/>
        <CONNECTOR FROMFIELD ="O_BLOCKED" FROMINSTANCE ="AGG_ATP_REPORT" FROMINSTANCETYPE ="Aggregator" TOFIELD ="O_BLOCKED" TOINSTANCE ="EXP_SAFE_TARGET" TOINSTANCETYPE ="Expression"/>
        <CONNECTOR FROMFIELD ="O_ZCSATPQTY" FROMINSTANCE ="JNR_SKU_ATP_RPT" FROMINSTANCETYPE ="Joiner" TOFIELD ="ZCSATPQTY" TOINSTANCE ="AGG_ATP_REPORT" TOINSTANCETYPE ="Aggregator"/>
        <CONNECTOR FROMFIELD ="O_BLOCKED" FROMINSTANCE ="JNR_SKU_ATP_RPT" FROMINSTANCETYPE ="Joiner" TOFIELD ="BLOCKED" TOINSTANCE ="AGG_ATP_REPORT" TOINSTANCETYPE ="Aggregator"/>
        <CONNECTOR FROMFIELD ="IPFA_SKU" FROMINSTANCE ="JNR_SKU_ATP_RPT" FROMINSTANCETYPE ="Joiner" TOFIELD ="IPFA_SKU" TOINSTANCE ="AGG_ATP_REPORT" TOINSTANCETYPE ="Aggregator"/>
        <CONNECTOR FROMFIELD ="O_ZTOT_OPEN" FROMINSTANCE ="JNR_SKU_ATP_RPT" FROMINSTANCETYPE ="Joiner" TOFIELD ="ZTOT_OPEN" TOINSTANCE ="AGG_ATP_REPORT" TOINSTANCETYPE ="Aggregator"/>
        <CONNECTOR FROMFIELD ="IPFA_SKU" FROMINSTANCE ="EXP_SAFE_SOURCE" FROMINSTANCETYPE ="Expression" TOFIELD ="IPFA_SKU" TOINSTANCE ="JNR_SKU_ATP_RPT" TOINSTANCETYPE ="Joiner"/>
        <CONNECTOR FROMFIELD ="SAP_GRID_VALUE" FROMINSTANCE ="EXP_SAFE_SOURCE" FROMINSTANCETYPE ="Expression" TOFIELD ="SAP_GRID_VALUE" TOINSTANCE ="JNR_SKU_ATP_RPT" TOINSTANCETYPE ="Joiner"/>
        <CONNECTOR FROMFIELD ="SAP_Material_Num" FROMINSTANCE ="EXP_SAFE_SOURCE" FROMINSTANCETYPE ="Expression" TOFIELD ="SAP_Material_Num" TOINSTANCE ="JNR_SKU_ATP_RPT" TOINSTANCETYPE ="Joiner"/>
        <TARGETLOADORDER ORDER ="1" TARGETINSTANCE ="Sur_Sap_data"/>
        <ERPINFO/>
        <METADATAEXTENSION DATATYPE ="STRING" DESCRIPTION ="Conversion Mapping Name with version " DOMAINNAME ="User Defined Metadata Domain" ISCLIENTEDITABLE ="YES" ISCLIENTVISIBLE ="YES" ISREUSABLE ="NO" ISSHAREREAD ="NO" ISSHAREWRITE ="NO" MAXLENGTH ="256" NAME ="CONV_MAP_NAME" VALUE ="Surplus_Sap_data_load v1.0" VENDORNAME ="INFORMATICA"/>
    </MAPPING>
    <CONFIG DESCRIPTION ="Default session configuration object" ISDEFAULT ="YES" NAME ="default_session_config" VERSIONNUMBER ="1">
        <ATTRIBUTE NAME ="Advanced" VALUE =""/>
        <ATTRIBUTE NAME ="Constraint based load ordering" VALUE ="NO"/>
        <ATTRIBUTE NAME ="Cache LOOKUP() function" VALUE ="YES"/>
        <ATTRIBUTE NAME ="Default buffer block size" VALUE ="Auto"/>
        <ATTRIBUTE NAME ="Line Sequential buffer length" VALUE ="1024"/>
        <ATTRIBUTE NAME ="Maximum Memory Allowed For Auto Memory Attributes" VALUE ="0"/>
        <ATTRIBUTE NAME ="Maximum Percentage of Total Memory Allowed For Auto Memory Attributes" VALUE ="5"/>
        <ATTRIBUTE NAME ="Additional Concurrent Pipelines for Lookup Cache Creation" VALUE ="0"/>
        <ATTRIBUTE NAME ="Custom Properties" VALUE =""/>
        <ATTRIBUTE NAME ="Pre-build lookup cache" VALUE ="Auto"/>
        <ATTRIBUTE NAME ="Optimization Level" VALUE ="Medium"/>
        <ATTRIBUTE NAME ="DateTime Format String" VALUE ="MM/DD/YYYY HH24:MI:SS.US"/>
        <ATTRIBUTE NAME ="Pre 85 Timestamp Compatibility" VALUE ="NO"/>
        <ATTRIBUTE NAME ="Log Options" VALUE ="0"/>
        <ATTRIBUTE NAME ="Save session log by" VALUE ="Session runs"/>
        <ATTRIBUTE NAME ="Save session log for these runs" VALUE ="9"/>
        <ATTRIBUTE NAME ="Session Log File Max Size" VALUE ="0"/>
        <ATTRIBUTE NAME ="Session Log File Max Time Period" VALUE ="0"/>
        <ATTRIBUTE NAME ="Maximum Partial Session Log Files" VALUE ="1"/>
        <ATTRIBUTE NAME ="Writer Commit Statistics Log Frequency" VALUE ="1"/>
        <ATTRIBUTE NAME ="Writer Commit Statistics Log Interval" VALUE ="0"/>
        <ATTRIBUTE NAME ="Error handling" VALUE =""/>
        <ATTRIBUTE NAME ="Stop on errors" VALUE ="1"/>
        <ATTRIBUTE NAME ="Override tracing" VALUE ="None"/>
        <ATTRIBUTE NAME ="On Stored Procedure error" VALUE ="Stop"/>
        <ATTRIBUTE NAME ="On Pre-session command task error" VALUE ="Stop"/>
        <ATTRIBUTE NAME ="On Pre-Post SQL error" VALUE ="Stop"/>
        <ATTRIBUTE NAME ="Enable Recovery" VALUE ="NO"/>
        <ATTRIBUTE NAME ="Error Log Type" VALUE ="None"/>
        <ATTRIBUTE NAME ="Error Log Table Name Prefix" VALUE =""/>
        <ATTRIBUTE NAME ="Error Log File Name" VALUE ="PMError.log"/>
        <ATTRIBUTE NAME ="Log Source Row Data" VALUE ="NO"/>
        <ATTRIBUTE NAME ="Data Column Delimiter" VALUE ="|"/>
        <ATTRIBUTE NAME ="Partitioning Options" VALUE =""/>
        <ATTRIBUTE NAME ="Dynamic Partitioning" VALUE ="Disabled"/>
        <ATTRIBUTE NAME ="Number of Partitions" VALUE ="1"/>
        <ATTRIBUTE NAME ="Multiplication Factor" VALUE ="Auto"/>
        <ATTRIBUTE NAME ="Session on Grid" VALUE =""/>
        <ATTRIBUTE NAME ="Is Enabled" VALUE ="NO"/>
    </CONFIG>
    <SESSION DESCRIPTION ="This session is to load the data from SUR_SKU and ZSAPBW_SURPLUS_ATP_REPORT.CSV file to SUR_SAP_DATA table" ISVALID ="YES" MAPPINGNAME ="m_SURPLUS_SAP_DATA_LOAD" NAME ="s_m_SURPLUS_SAP_DATA_LOAD" REUSABLE ="YES" SORTORDER ="Binary" VERSIONNUMBER ="1">
        <SESSTRANSFORMATIONINST ISREPARTITIONPOINT ="YES" PARTITIONTYPE ="PASS THROUGH" PIPELINE ="1" SINSTANCENAME ="Sur_Sap_data" STAGE ="1" TRANSFORMATIONNAME ="Sur_Sap_data" TRANSFORMATIONTYPE ="Target Definition">
            <ATTRIBUTE NAME ="Table Name Prefix" VALUE ="AIA"/>
        </SESSTRANSFORMATIONINST>
        <SESSTRANSFORMATIONINST ISREPARTITIONPOINT ="NO" PIPELINE ="0" SINSTANCENAME ="Sur_SKU" STAGE ="0" TRANSFORMATIONNAME ="Sur_SKU" TRANSFORMATIONTYPE ="Source Definition">
            <ATTRIBUTE NAME ="Owner Name" VALUE ="AIA"/>
        </SESSTRANSFORMATIONINST>
        <SESSTRANSFORMATIONINST ISREPARTITIONPOINT ="YES" PARTITIONTYPE ="PASS THROUGH" PIPELINE ="1" SINSTANCENAME ="SQ_Sur_SKU" STAGE ="2" TRANSFORMATIONNAME ="SQ_Sur_SKU" TRANSFORMATIONTYPE ="Source Qualifier"/>
        <SESSTRANSFORMATIONINST ISREPARTITIONPOINT ="NO" PIPELINE ="1" SINSTANCENAME ="EXP_SAFE_SOURCE" STAGE ="2" TRANSFORMATIONNAME ="EXP_SAFE_SOURCE" TRANSFORMATIONTYPE ="Expression">
            <PARTITION DESCRIPTION ="" NAME ="Partition #1"/>
        </SESSTRANSFORMATIONINST>
        <SESSTRANSFORMATIONINST ISREPARTITIONPOINT ="NO" PIPELINE ="2" SINSTANCENAME ="EXP_SAFE_SOURCE1" STAGE ="4" TRANSFORMATIONNAME ="EXP_SAFE_SOURCE1" TRANSFORMATIONTYPE ="Expression">
            <PARTITION DESCRIPTION ="" NAME ="Partition #1"/>
        </SESSTRANSFORMATIONINST>
        <SESSTRANSFORMATIONINST ISREPARTITIONPOINT ="NO" PIPELINE ="1" SINSTANCENAME ="JNR_SKU_ATP_RPT" STAGE ="2" TRANSFORMATIONNAME ="JNR_SKU_ATP_RPT" TRANSFORMATIONTYPE ="Joiner">
            <PARTITION DESCRIPTION ="" NAME ="Partition #1"/>
            <ATTRIBUTE NAME ="Join Condition" VALUE ="AF_GRDVAL = SAP_GRID_VALUE AND O_JOIN_COND = SAP_Material_Num"/>
        </SESSTRANSFORMATIONINST>
        <SESSTRANSFORMATIONINST ISREPARTITIONPOINT ="YES" PARTITIONTYPE ="HASH AUTO KEYS" PIPELINE ="1" SINSTANCENAME ="AGG_ATP_REPORT" STAGE ="3" TRANSFORMATIONNAME ="AGG_ATP_REPORT" TRANSFORMATIONTYPE ="Aggregator">
            <PARTITION DESCRIPTION ="" NAME ="Partition #1"/>
        </SESSTRANSFORMATIONINST>
        <SESSTRANSFORMATIONINST ISREPARTITIONPOINT ="NO" PIPELINE ="1" SINSTANCENAME ="EXP_SAFE_TARGET" STAGE ="3" TRANSFORMATIONNAME ="EXP_SAFE_TARGET" TRANSFORMATIONTYPE ="Expression">
            <PARTITION DESCRIPTION ="" NAME ="Partition #1"/>
        </SESSTRANSFORMATIONINST>
        <SESSTRANSFORMATIONINST ISREPARTITIONPOINT ="NO" PIPELINE ="0" SINSTANCENAME ="ZSAPBW_SURPLUS_ATP_REPORT" STAGE ="0" TRANSFORMATIONNAME ="ZSAPBW_SURPLUS_ATP_REPORT" TRANSFORMATIONTYPE ="Source Definition">
            <FLATFILE CODEPAGE ="MS1252" CONSECDELIMITERSASONE ="NO" DELIMITED ="YES" DELIMITERS ="|" ESCAPE_CHARACTER ="" KEEPESCAPECHAR ="NO" LINESEQUENTIAL ="NO" MULTIDELIMITERSASAND ="NO" NULLCHARTYPE ="ASCII" NULL_CHARACTER ="*" PADBYTES ="1" QUOTE_CHARACTER ="DOUBLE" REPEATABLE ="NO" ROWDELIMITER ="0" SKIPROWS ="0" STRIPTRAILINGBLANKS ="NO"/>
        </SESSTRANSFORMATIONINST>
        <SESSTRANSFORMATIONINST ISREPARTITIONPOINT ="YES" PARTITIONTYPE ="PASS THROUGH" PIPELINE ="2" SINSTANCENAME ="SQ_ZSAPBW_SURPLUS_ATP_REPORT" STAGE ="4" TRANSFORMATIONNAME ="SQ_ZSAPBW_SURPLUS_ATP_REPORT" TRANSFORMATIONTYPE ="Source Qualifier"/>
        <CONFIGREFERENCE REFOBJECTNAME ="default_session_config" TYPE ="Session config"/>
        <SESSIONEXTENSION NAME ="Relational Writer" SINSTANCENAME ="Sur_Sap_data" SUBTYPE ="Relational Writer" TRANSFORMATIONTYPE ="Target Definition" TYPE ="WRITER">
            <CONNECTIONREFERENCE CNXREFNAME ="DB Connection" CONNECTIONNAME ="bus16_AMSO_IA" CONNECTIONNUMBER ="1" CONNECTIONSUBTYPE ="Microsoft SQL Server" CONNECTIONTYPE ="Relational" VARIABLE =""/>
            <ATTRIBUTE NAME ="Target load type" VALUE ="Normal"/>
            <ATTRIBUTE NAME ="Insert" VALUE ="YES"/>
            <ATTRIBUTE NAME ="Update as Update" VALUE ="NO"/>
            <ATTRIBUTE NAME ="Update as Insert" VALUE ="NO"/>
            <ATTRIBUTE NAME ="Update else Insert" VALUE ="NO"/>
            <ATTRIBUTE NAME ="Delete" VALUE ="NO"/>
            <ATTRIBUTE NAME ="Truncate target table option" VALUE ="YES"/>
            <ATTRIBUTE NAME ="Reject file directory" VALUE ="$PMBadFileDir&#x5c;INVENTORY_ANALYSIS&#x5c;BAD&#x5c;"/>
            <ATTRIBUTE NAME ="Reject filename" VALUE ="s_m_SURPLUS_SAP_DATA_LOAD.bad"/>
        </SESSIONEXTENSION>
        <SESSIONEXTENSION DSQINSTNAME ="SQ_Sur_SKU" DSQINSTTYPE ="Source Qualifier" NAME ="Relational Reader" SINSTANCENAME ="Sur_SKU" SUBTYPE ="Relational Reader" TRANSFORMATIONTYPE ="Source Definition" TYPE ="READER"/>
        <SESSIONEXTENSION NAME ="Relational Reader" SINSTANCENAME ="SQ_Sur_SKU" SUBTYPE ="Relational Reader" TRANSFORMATIONTYPE ="Source Qualifier" TYPE ="READER">
            <CONNECTIONREFERENCE CNXREFNAME ="DB Connection" CONNECTIONNAME ="bus16_AMSO_IA" CONNECTIONNUMBER ="1" CONNECTIONSUBTYPE ="Microsoft SQL Server" CONNECTIONTYPE ="Relational" VARIABLE =""/>
        </SESSIONEXTENSION>
        <SESSIONEXTENSION DSQINSTNAME ="SQ_ZSAPBW_SURPLUS_ATP_REPORT" DSQINSTTYPE ="Source Qualifier" NAME ="File Reader" SINSTANCENAME ="ZSAPBW_SURPLUS_ATP_REPORT" SUBTYPE ="File Reader" TRANSFORMATIONTYPE ="Source Definition" TYPE ="READER">
            <CONNECTIONREFERENCE CNXREFNAME ="Connection" CONNECTIONNAME ="" CONNECTIONNUMBER ="1" CONNECTIONSUBTYPE ="" CONNECTIONTYPE ="" VARIABLE =""/>
            <ATTRIBUTE NAME ="Input Type" VALUE ="File"/>
            <ATTRIBUTE NAME ="Concurrent read partitioning" VALUE ="Optimize throughput"/>
            <ATTRIBUTE NAME ="Command Type" VALUE ="Command Generating Data"/>
            <ATTRIBUTE NAME ="Source filetype" VALUE ="Direct"/>
            <ATTRIBUTE NAME ="Source file directory" VALUE ="$PMSourceFileDir&#x5c;INVENTORY_ANALYSIS&#x5c;SRC"/>
            <ATTRIBUTE NAME ="Source filename" VALUE ="ZSAPBW_SURPLUS_ATP_REPORT.CSV"/>
            <ATTRIBUTE NAME ="Command" VALUE =""/>
            <ATTRIBUTE NAME ="File Reader Truncate String Null" VALUE ="NO"/>
            <ATTRIBUTE NAME ="Codepage Parameter" VALUE =""/>
        </SESSIONEXTENSION>
        <SESSIONEXTENSION NAME ="File Reader" SINSTANCENAME ="SQ_ZSAPBW_SURPLUS_ATP_REPORT" SUBTYPE ="File Reader" TRANSFORMATIONTYPE ="Source Qualifier" TYPE ="READER"/>
        <ATTRIBUTE NAME ="General Options" VALUE =""/>
        <ATTRIBUTE NAME ="Write Backward Compatible Session Log File" VALUE ="YES"/>
        <ATTRIBUTE NAME ="Session Log File Name" VALUE ="s_m_SURPLUS_SAP_DATA_LOAD.log"/>
        <ATTRIBUTE NAME ="Session Log File directory" VALUE ="$PMSessionLogDir&#x5c;INVENTORY_ANALYSIS&#x5c;LOG&#x5c;"/>
        <ATTRIBUTE NAME ="Parameter Filename" VALUE =""/>
        <ATTRIBUTE NAME ="Enable Test Load" VALUE ="NO"/>
        <ATTRIBUTE NAME ="$Source connection value" VALUE =""/>
        <ATTRIBUTE NAME ="$Target connection value" VALUE =""/>
        <ATTRIBUTE NAME ="Treat source rows as" VALUE ="Insert"/>
        <ATTRIBUTE NAME ="Commit Type" VALUE ="Target"/>
        <ATTRIBUTE NAME ="Commit Interval" VALUE ="10000"/>
        <ATTRIBUTE NAME ="Commit On End Of File" VALUE ="YES"/>
        <ATTRIBUTE NAME ="Rollback Transactions on Errors" VALUE ="NO"/>
        <ATTRIBUTE NAME ="Recovery Strategy" VALUE ="Restart task"/>
        <ATTRIBUTE NAME ="Java Classpath" VALUE =""/>
        <ATTRIBUTE NAME ="Performance" VALUE =""/>
        <ATTRIBUTE NAME ="DTM buffer size" VALUE ="Auto"/>
        <ATTRIBUTE NAME ="Collect performance data" VALUE ="NO"/>
        <ATTRIBUTE NAME ="Write performance data to repository" VALUE ="NO"/>
        <ATTRIBUTE NAME ="Incremental Aggregation" VALUE ="NO"/>
        <ATTRIBUTE NAME ="Enable high precision" VALUE ="NO"/>
        <ATTRIBUTE NAME ="Session retry on deadlock" VALUE ="NO"/>
        <ATTRIBUTE NAME ="Pushdown Optimization" VALUE ="None"/>
        <ATTRIBUTE NAME ="Allow Temporary View for Pushdown" VALUE ="NO"/>
        <ATTRIBUTE NAME ="Allow Temporary Sequence for Pushdown" VALUE ="NO"/>
        <ATTRIBUTE NAME ="Allow Pushdown for User Incompatible Connections" VALUE ="NO"/>
        <METADATAEXTENSION DATATYPE ="STRING" DESCRIPTION ="Conversion Mapping  Name with version " DOMAINNAME ="User Defined Metadata Domain" ISCLIENTEDITABLE ="YES" ISCLIENTVISIBLE ="YES" ISREUSABLE ="NO" ISSHAREREAD ="NO" ISSHAREWRITE ="NO" MAXLENGTH ="256" NAME ="CONV_MAP_NAME" VALUE ="Surplus_Sap_data_load v1.0" VENDORNAME ="INFORMATICA"/>
    </SESSION>
    <WORKFLOW DESCRIPTION ="This workflow is to load the data from SUR_SKU and ZSAPBW_SURPLUS_ATP_REPORT.CSV file to SUR_SAP_DATA table" ISENABLED ="YES" ISRUNNABLESERVICE ="NO" ISSERVICE ="NO" ISVALID ="YES" NAME ="wf_s_m_SURPLUS_SAP_DATA_LOAD" REUSABLE_SCHEDULER ="NO" SCHEDULERNAME ="Scheduler" SERVERNAME ="Domain10_PRD_Int_Svc" SERVER_DOMAINNAME ="Domain10_PRD" SUSPEND_ON_ERROR ="NO" TASKS_MUST_RUN_ON_SERVER ="NO" VERSIONNUMBER ="1">
        <SCHEDULER DESCRIPTION ="" NAME ="Scheduler" REUSABLE ="NO" VERSIONNUMBER ="1">
            <SCHEDULEINFO SCHEDULETYPE ="ONDEMAND"/>
        </SCHEDULER>
        <TASK DESCRIPTION ="" NAME ="Start" REUSABLE ="NO" TYPE ="Start" VERSIONNUMBER ="1"/>
        <TASKINSTANCE DESCRIPTION ="This session is to load the data from SUR_SKU and ZSAPBW_SURPLUS_ATP_REPORT.CSV file to SUR_SAP_DATA table" FAIL_PARENT_IF_INSTANCE_DID_NOT_RUN ="YES" FAIL_PARENT_IF_INSTANCE_FAILS ="YES" ISENABLED ="YES" NAME ="s_m_SURPLUS_SAP_DATA_LOAD" REUSABLE ="YES" TASKNAME ="s_m_SURPLUS_SAP_DATA_LOAD" TASKTYPE ="Session" TREAT_INPUTLINK_AS_AND ="NO">
            <ATTRIBUTE NAME ="Write Backward Compatible Session Log File" VALUE ="YES"/>
            <ATTRIBUTE NAME ="Session Log File directory" VALUE ="$PMSessionLogDir&#x5c;INVENTORY_ANALYSIS&#x5c;LOG&#x5c;"/>
        </TASKINSTANCE>
        <TASKINSTANCE DESCRIPTION ="" ISENABLED ="YES" NAME ="Start" REUSABLE ="NO" TASKNAME ="Start" TASKTYPE ="Start"/>
        <WORKFLOWLINK CONDITION ="" FROMTASK ="Start" TOTASK ="s_m_SURPLUS_SAP_DATA_LOAD"/>
        <WORKFLOWVARIABLE DATATYPE ="date/time" DEFAULTVALUE ="" DESCRIPTION ="The time this task started" ISNULL ="NO" ISPERSISTENT ="NO" NAME ="$s_m_SURPLUS_SAP_DATA_LOAD.StartTime" USERDEFINED ="NO"/>
        <WORKFLOWVARIABLE DATATYPE ="date/time" DEFAULTVALUE ="" DESCRIPTION ="The time this task completed" ISNULL ="NO" ISPERSISTENT ="NO" NAME ="$s_m_SURPLUS_SAP_DATA_LOAD.EndTime" USERDEFINED ="NO"/>
        <WORKFLOWVARIABLE DATATYPE ="integer" DEFAULTVALUE ="" DESCRIPTION ="Status of this task&apos;s execution" ISNULL ="NO" ISPERSISTENT ="NO" NAME ="$s_m_SURPLUS_SAP_DATA_LOAD.Status" USERDEFINED ="NO"/>
        <WORKFLOWVARIABLE DATATYPE ="integer" DEFAULTVALUE ="" DESCRIPTION ="Status of the previous task that is not disabled" ISNULL ="NO" ISPERSISTENT ="NO" NAME ="$s_m_SURPLUS_SAP_DATA_LOAD.PrevTaskStatus" USERDEFINED ="NO"/>
        <WORKFLOWVARIABLE DATATYPE ="integer" DEFAULTVALUE ="" DESCRIPTION ="Error code for this task&apos;s execution" ISNULL ="NO" ISPERSISTENT ="NO" NAME ="$s_m_SURPLUS_SAP_DATA_LOAD.ErrorCode" USERDEFINED ="NO"/>
        <WORKFLOWVARIABLE DATATYPE ="string" DEFAULTVALUE ="" DESCRIPTION ="Error message for this task&apos;s execution" ISNULL ="NO" ISPERSISTENT ="NO" NAME ="$s_m_SURPLUS_SAP_DATA_LOAD.ErrorMsg" USERDEFINED ="NO"/>
        <WORKFLOWVARIABLE DATATYPE ="integer" DEFAULTVALUE ="" DESCRIPTION ="Rows successfully read" ISNULL ="NO" ISPERSISTENT ="NO" NAME ="$s_m_SURPLUS_SAP_DATA_LOAD.SrcSuccessRows" USERDEFINED ="NO"/>
        <WORKFLOWVARIABLE DATATYPE ="integer" DEFAULTVALUE ="" DESCRIPTION ="Rows failed to read" ISNULL ="NO" ISPERSISTENT ="NO" NAME ="$s_m_SURPLUS_SAP_DATA_LOAD.SrcFailedRows" USERDEFINED ="NO"/>
        <WORKFLOWVARIABLE DATATYPE ="integer" DEFAULTVALUE ="" DESCRIPTION ="Rows successfully loaded" ISNULL ="NO" ISPERSISTENT ="NO" NAME ="$s_m_SURPLUS_SAP_DATA_LOAD.TgtSuccessRows" USERDEFINED ="NO"/>
        <WORKFLOWVARIABLE DATATYPE ="integer" DEFAULTVALUE ="" DESCRIPTION ="Rows failed to load" ISNULL ="NO" ISPERSISTENT ="NO" NAME ="$s_m_SURPLUS_SAP_DATA_LOAD.TgtFailedRows" USERDEFINED ="NO"/>
        <WORKFLOWVARIABLE DATATYPE ="integer" DEFAULTVALUE ="" DESCRIPTION ="Total number of transformation errors" ISNULL ="NO" ISPERSISTENT ="NO" NAME ="$s_m_SURPLUS_SAP_DATA_LOAD.TotalTransErrors" USERDEFINED ="NO"/>
        <WORKFLOWVARIABLE DATATYPE ="integer" DEFAULTVALUE ="" DESCRIPTION ="First error code" ISNULL ="NO" ISPERSISTENT ="NO" NAME ="$s_m_SURPLUS_SAP_DATA_LOAD.FirstErrorCode" USERDEFINED ="NO"/>
        <WORKFLOWVARIABLE DATATYPE ="string" DEFAULTVALUE ="" DESCRIPTION ="First error message" ISNULL ="NO" ISPERSISTENT ="NO" NAME ="$s_m_SURPLUS_SAP_DATA_LOAD.FirstErrorMsg" USERDEFINED ="NO"/>
        <WORKFLOWVARIABLE DATATYPE ="date/time" DEFAULTVALUE ="" DESCRIPTION ="The time this task started" ISNULL ="NO" ISPERSISTENT ="NO" NAME ="$Start.StartTime" USERDEFINED ="NO"/>
        <WORKFLOWVARIABLE DATATYPE ="date/time" DEFAULTVALUE ="" DESCRIPTION ="The time this task completed" ISNULL ="NO" ISPERSISTENT ="NO" NAME ="$Start.EndTime" USERDEFINED ="NO"/>
        <WORKFLOWVARIABLE DATATYPE ="integer" DEFAULTVALUE ="" DESCRIPTION ="Status of this task&apos;s execution" ISNULL ="NO" ISPERSISTENT ="NO" NAME ="$Start.Status" USERDEFINED ="NO"/>
        <WORKFLOWVARIABLE DATATYPE ="integer" DEFAULTVALUE ="" DESCRIPTION ="Status of the previous task that is not disabled" ISNULL ="NO" ISPERSISTENT ="NO" NAME ="$Start.PrevTaskStatus" USERDEFINED ="NO"/>
        <WORKFLOWVARIABLE DATATYPE ="integer" DEFAULTVALUE ="" DESCRIPTION ="Error code for this task&apos;s execution" ISNULL ="NO" ISPERSISTENT ="NO" NAME ="$Start.ErrorCode" USERDEFINED ="NO"/>
        <WORKFLOWVARIABLE DATATYPE ="string" DEFAULTVALUE ="" DESCRIPTION ="Error message for this task&apos;s execution" ISNULL ="NO" ISPERSISTENT ="NO" NAME ="$Start.ErrorMsg" USERDEFINED ="NO"/>
        <ATTRIBUTE NAME ="Parameter Filename" VALUE =""/>
        <ATTRIBUTE NAME ="Write Backward Compatible Workflow Log File" VALUE ="YES"/>
        <ATTRIBUTE NAME ="Workflow Log File Name" VALUE ="wf_s_m_SURPLUS_SAP_DATA_LOAD.log"/>
        <ATTRIBUTE NAME ="Workflow Log File Directory" VALUE ="$PMWorkflowLogDir&#x5c;INVENTORY_ANALYSIS&#x5c;LOG&#x5c;"/>
        <ATTRIBUTE NAME ="Save Workflow log by" VALUE ="By runs"/>
        <ATTRIBUTE NAME ="Save workflow log for these runs" VALUE ="9"/>
        <ATTRIBUTE NAME ="Service Name" VALUE =""/>
        <ATTRIBUTE NAME ="Service Timeout" VALUE ="0"/>
        <ATTRIBUTE NAME ="Is Service Visible" VALUE ="NO"/>
        <ATTRIBUTE NAME ="Is Service Protected" VALUE ="NO"/>
        <ATTRIBUTE NAME ="Fail task after wait time" VALUE ="0"/>
        <ATTRIBUTE NAME ="Enable HA recovery" VALUE ="NO"/>
        <ATTRIBUTE NAME ="Automatically recover terminated tasks" VALUE ="NO"/>
        <ATTRIBUTE NAME ="Service Level Name" VALUE ="Default"/>
        <ATTRIBUTE NAME ="Allow concurrent run with unique run instance name" VALUE ="NO"/>
        <ATTRIBUTE NAME ="Allow concurrent run with same run instance name" VALUE ="NO"/>
        <ATTRIBUTE NAME ="Maximum number of concurrent runs" VALUE ="0"/>
        <ATTRIBUTE NAME ="Assigned Web Services Hubs" VALUE =""/>
        <ATTRIBUTE NAME ="Maximum number of concurrent runs per Hub" VALUE ="1000"/>
        <ATTRIBUTE NAME ="Expected Service Time" VALUE ="1"/>
        <METADATAEXTENSION DATATYPE ="STRING" DESCRIPTION ="Conversion Mapping Name with version " DOMAINNAME ="User Defined Metadata Domain" ISCLIENTEDITABLE ="YES" ISCLIENTVISIBLE ="YES" ISREUSABLE ="NO" ISSHAREREAD ="NO" ISSHAREWRITE ="NO" MAXLENGTH ="256" NAME ="CONV_MAP_NAME" VALUE ="Surplus_Sap_data_load v1.0" VENDORNAME ="INFORMATICA"/>
        <METADATAEXTENSION DATATYPE ="STRING" DESCRIPTION ="" DOMAINNAME ="User Defined Metadata Domain" ISCLIENTEDITABLE ="YES" ISCLIENTVISIBLE ="YES" ISREUSABLE ="NO" ISSHAREREAD ="NO" ISSHAREWRITE ="NO" MAXLENGTH ="256" NAME ="Extension" VALUE ="CM - MarginLoss - stgMarginLossExpenseToStgFactSalesNew v1.0" VENDORNAME ="INFORMATICA"/>
    </WORKFLOW>
</FOLDER>
</REPOSITORY>
</POWERMART>