<?xml version="1.0" encoding="Windows-1252"?>
<!DOCTYPE POWERMART SYSTEM "powrmart.dtd">
<POWERMART CREATION_DATE="05/20/2024 09:26:44" REPOSITORY_VERSION="187.96">
<REPOSITORY NAME="Domain10_Rep_Svc_Prd" VERSION="187" CODEPAGE="MS1252" DATABASETYPE="Microsoft SQL Server">
<FOLDER NAME="INVENTORY_ANALYSIS" GROUP="" OWNER="Administrator" SHARED="NOTSHARED" DESCRIPTION="" PERMISSIONS="rwx---r--" UUID="27b7fb57-5066-4c7e-aee4-118d44bfa5b6">
    <SOURCE BUSINESSNAME ="" DATABASETYPE ="Oracle" DBDNAME ="SLBADW" DESCRIPTION ="" NAME ="LOAD_CONTROL_DATES" OBJECTVERSION ="1" OWNERNAME ="SLBA" VERSIONNUMBER ="1">
        <SOURCEFIELD BUSINESSNAME ="" DATATYPE ="date" DESCRIPTION ="" FIELDNUMBER ="1" FIELDPROPERTY ="0" FIELDTYPE ="ELEMITEM" HIDDEN ="NO" KEYTYPE ="NOT A KEY" LENGTH ="19" LEVEL ="0" NAME ="AS_OF_DATE" NULLABLE ="NOTNULL" OCCURS ="0" OFFSET ="0" PHYSICALLENGTH ="19" PHYSICALOFFSET ="0" PICTURETEXT ="" PRECISION ="19" SCALE ="0" USAGE_FLAGS =""/>
        <SOURCEFIELD BUSINESSNAME ="" DATATYPE ="char" DESCRIPTION ="" FIELDNUMBER ="2" FIELDPROPERTY ="0" FIELDTYPE ="ELEMITEM" HIDDEN ="NO" KEYTYPE ="NOT A KEY" LENGTH ="0" LEVEL ="0" NAME ="LOAD_INDICATOR" NULLABLE ="NULL" OCCURS ="0" OFFSET ="19" PHYSICALLENGTH ="1" PHYSICALOFFSET ="19" PICTURETEXT ="" PRECISION ="1" SCALE ="0" USAGE_FLAGS =""/>
        <SOURCEFIELD BUSINESSNAME ="" DATATYPE ="varchar2" DESCRIPTION ="" FIELDNUMBER ="3" FIELDPROPERTY ="0" FIELDTYPE ="ELEMITEM" HIDDEN ="NO" KEYTYPE ="NOT A KEY" LENGTH ="0" LEVEL ="0" NAME ="TABLE_NAME" NULLABLE ="NULL" OCCURS ="0" OFFSET ="19" PHYSICALLENGTH ="30" PHYSICALOFFSET ="20" PICTURETEXT ="" PRECISION ="30" SCALE ="0" USAGE_FLAGS =""/>
        <SOURCEFIELD BUSINESSNAME ="" DATATYPE ="varchar2" DESCRIPTION ="" FIELDNUMBER ="4" FIELDPROPERTY ="0" FIELDTYPE ="ELEMITEM" HIDDEN ="NO" KEYTYPE ="NOT A KEY" LENGTH ="0" LEVEL ="0" NAME ="LBU" NULLABLE ="NULL" OCCURS ="0" OFFSET ="19" PHYSICALLENGTH ="30" PHYSICALOFFSET ="50" PICTURETEXT ="" PRECISION ="30" SCALE ="0" USAGE_FLAGS =""/>
    </SOURCE>
    <SOURCE BUSINESSNAME ="" DATABASETYPE ="Oracle" DBDNAME ="prod1" DESCRIPTION ="" NAME ="INV_BAL_ARCHIVE" OBJECTVERSION ="1" OWNERNAME ="PUBLIC" VERSIONNUMBER ="1">
        <SOURCEFIELD BUSINESSNAME ="" DATATYPE ="date" DESCRIPTION ="" FIELDNUMBER ="1" FIELDPROPERTY ="0" FIELDTYPE ="ELEMITEM" HIDDEN ="NO" KEYTYPE ="NOT A KEY" LENGTH ="19" LEVEL ="0" NAME ="AS_OF_DATE" NULLABLE ="NOTNULL" OCCURS ="0" OFFSET ="0" PHYSICALLENGTH ="19" PHYSICALOFFSET ="0" PICTURETEXT ="" PRECISION ="19" SCALE ="0" USAGE_FLAGS =""/>
        <SOURCEFIELD BUSINESSNAME ="" DATATYPE ="varchar2" DESCRIPTION ="" FIELDNUMBER ="2" FIELDPROPERTY ="0" FIELDTYPE ="ELEMITEM" HIDDEN ="NO" KEYTYPE ="NOT A KEY" LENGTH ="0" LEVEL ="0" NAME ="COST_TYPE_CD" NULLABLE ="NOTNULL" OCCURS ="0" OFFSET ="19" PHYSICALLENGTH ="1" PHYSICALOFFSET ="19" PICTURETEXT ="" PRECISION ="1" SCALE ="0" USAGE_FLAGS =""/>
        <SOURCEFIELD BUSINESSNAME ="" DATATYPE ="varchar2" DESCRIPTION ="" FIELDNUMBER ="3" FIELDPROPERTY ="0" FIELDTYPE ="ELEMITEM" HIDDEN ="NO" KEYTYPE ="NOT A KEY" LENGTH ="0" LEVEL ="0" NAME ="TIMEFRAME_CD" NULLABLE ="NOTNULL" OCCURS ="0" OFFSET ="19" PHYSICALLENGTH ="1" PHYSICALOFFSET ="20" PICTURETEXT ="" PRECISION ="1" SCALE ="0" USAGE_FLAGS =""/>
        <SOURCEFIELD BUSINESSNAME ="" DATATYPE ="varchar2" DESCRIPTION ="" FIELDNUMBER ="4" FIELDPROPERTY ="0" FIELDTYPE ="ELEMITEM" HIDDEN ="NO" KEYTYPE ="NOT A KEY" LENGTH ="0" LEVEL ="0" NAME ="PLANT" NULLABLE ="NOTNULL" OCCURS ="0" OFFSET ="19" PHYSICALLENGTH ="3" PHYSICALOFFSET ="21" PICTURETEXT ="" PRECISION ="3" SCALE ="0" USAGE_FLAGS =""/>
        <SOURCEFIELD BUSINESSNAME ="" DATATYPE ="varchar2" DESCRIPTION ="" FIELDNUMBER ="5" FIELDPROPERTY ="0" FIELDTYPE ="ELEMITEM" HIDDEN ="NO" KEYTYPE ="NOT A KEY" LENGTH ="0" LEVEL ="0" NAME ="STYLE" NULLABLE ="NOTNULL" OCCURS ="0" OFFSET ="19" PHYSICALLENGTH ="6" PHYSICALOFFSET ="24" PICTURETEXT ="" PRECISION ="6" SCALE ="0" USAGE_FLAGS =""/>
        <SOURCEFIELD BUSINESSNAME ="" DATATYPE ="varchar2" DESCRIPTION ="" FIELDNUMBER ="6" FIELDPROPERTY ="0" FIELDTYPE ="ELEMITEM" HIDDEN ="NO" KEYTYPE ="NOT A KEY" LENGTH ="0" LEVEL ="0" NAME ="COLOR" NULLABLE ="NOTNULL" OCCURS ="0" OFFSET ="19" PHYSICALLENGTH ="3" PHYSICALOFFSET ="30" PICTURETEXT ="" PRECISION ="3" SCALE ="0" USAGE_FLAGS =""/>
        <SOURCEFIELD BUSINESSNAME ="" DATATYPE ="varchar2" DESCRIPTION ="" FIELDNUMBER ="7" FIELDPROPERTY ="0" FIELDTYPE ="ELEMITEM" HIDDEN ="NO" KEYTYPE ="NOT A KEY" LENGTH ="0" LEVEL ="0" NAME ="ATTRIBUTE_CD" NULLABLE ="NOTNULL" OCCURS ="0" OFFSET ="19" PHYSICALLENGTH ="6" PHYSICALOFFSET ="33" PICTURETEXT ="" PRECISION ="6" SCALE ="0" USAGE_FLAGS =""/>
        <SOURCEFIELD BUSINESSNAME ="" DATATYPE ="varchar2" DESCRIPTION ="" FIELDNUMBER ="8" FIELDPROPERTY ="0" FIELDTYPE ="ELEMITEM" HIDDEN ="NO" KEYTYPE ="NOT A KEY" LENGTH ="0" LEVEL ="0" NAME ="SIZE_CD" NULLABLE ="NOTNULL" OCCURS ="0" OFFSET ="19" PHYSICALLENGTH ="2" PHYSICALOFFSET ="39" PICTURETEXT ="" PRECISION ="2" SCALE ="0" USAGE_FLAGS =""/>
        <SOURCEFIELD BUSINESSNAME ="" DATATYPE ="varchar2" DESCRIPTION ="" FIELDNUMBER ="9" FIELDPROPERTY ="0" FIELDTYPE ="ELEMITEM" HIDDEN ="NO" KEYTYPE ="NOT A KEY" LENGTH ="0" LEVEL ="0" NAME ="INVENTORY_LEVEL_CD" NULLABLE ="NOTNULL" OCCURS ="0" OFFSET ="19" PHYSICALLENGTH ="2" PHYSICALOFFSET ="41" PICTURETEXT ="" PRECISION ="2" SCALE ="0" USAGE_FLAGS =""/>
        <SOURCEFIELD BUSINESSNAME ="" DATATYPE ="varchar2" DESCRIPTION ="" FIELDNUMBER ="10" FIELDPROPERTY ="0" FIELDTYPE ="ELEMITEM" HIDDEN ="NO" KEYTYPE ="NOT A KEY" LENGTH ="0" LEVEL ="0" NAME ="QUALITY_CD" NULLABLE ="NOTNULL" OCCURS ="0" OFFSET ="19" PHYSICALLENGTH ="2" PHYSICALOFFSET ="43" PICTURETEXT ="" PRECISION ="2" SCALE ="0" USAGE_FLAGS =""/>
        <SOURCEFIELD BUSINESSNAME ="" DATATYPE ="varchar2" DESCRIPTION ="" FIELDNUMBER ="11" FIELDPROPERTY ="0" FIELDTYPE ="ELEMITEM" HIDDEN ="NO" KEYTYPE ="NOT A KEY" LENGTH ="0" LEVEL ="0" NAME ="RECEIVE_PLANT" NULLABLE ="NOTNULL" OCCURS ="0" OFFSET ="19" PHYSICALLENGTH ="3" PHYSICALOFFSET ="45" PICTURETEXT ="" PRECISION ="3" SCALE ="0" USAGE_FLAGS =""/>
        <SOURCEFIELD BUSINESSNAME ="" DATATYPE ="varchar2" DESCRIPTION ="" FIELDNUMBER ="12" FIELDPROPERTY ="0" FIELDTYPE ="ELEMITEM" HIDDEN ="NO" KEYTYPE ="NOT A KEY" LENGTH ="0" LEVEL ="0" NAME ="DEPARTMENT_CD" NULLABLE ="NOTNULL" OCCURS ="0" OFFSET ="19" PHYSICALLENGTH ="3" PHYSICALOFFSET ="48" PICTURETEXT ="" PRECISION ="3" SCALE ="0" USAGE_FLAGS =""/>
        <SOURCEFIELD BUSINESSNAME ="" DATATYPE ="varchar2" DESCRIPTION ="" FIELDNUMBER ="13" FIELDPROPERTY ="0" FIELDTYPE ="ELEMITEM" HIDDEN ="NO" KEYTYPE ="NOT A KEY" LENGTH ="0" LEVEL ="0" NAME ="OPERATION_NO" NULLABLE ="NOTNULL" OCCURS ="0" OFFSET ="19" PHYSICALLENGTH ="5" PHYSICALOFFSET ="51" PICTURETEXT ="" PRECISION ="5" SCALE ="0" USAGE_FLAGS =""/>
        <SOURCEFIELD BUSINESSNAME ="" DATATYPE ="varchar2" DESCRIPTION ="" FIELDNUMBER ="14" FIELDPROPERTY ="0" FIELDTYPE ="ELEMITEM" HIDDEN ="NO" KEYTYPE ="NOT A KEY" LENGTH ="0" LEVEL ="0" NAME ="PLT_SYS_STYLE" NULLABLE ="NOTNULL" OCCURS ="0" OFFSET ="19" PHYSICALLENGTH ="6" PHYSICALOFFSET ="56" PICTURETEXT ="" PRECISION ="6" SCALE ="0" USAGE_FLAGS =""/>
        <SOURCEFIELD BUSINESSNAME ="" DATATYPE ="varchar2" DESCRIPTION ="" FIELDNUMBER ="15" FIELDPROPERTY ="0" FIELDTYPE ="ELEMITEM" HIDDEN ="NO" KEYTYPE ="NOT A KEY" LENGTH ="0" LEVEL ="0" NAME ="PLT_SYS_COLOR" NULLABLE ="NOTNULL" OCCURS ="0" OFFSET ="19" PHYSICALLENGTH ="3" PHYSICALOFFSET ="62" PICTURETEXT ="" PRECISION ="3" SCALE ="0" USAGE_FLAGS =""/>
        <SOURCEFIELD BUSINESSNAME ="" DATATYPE ="varchar2" DESCRIPTION ="" FIELDNUMBER ="16" FIELDPROPERTY ="0" FIELDTYPE ="ELEMITEM" HIDDEN ="NO" KEYTYPE ="NOT A KEY" LENGTH ="0" LEVEL ="0" NAME ="PLT_SYS_ATTRIBUTE_CD" NULLABLE ="NOTNULL" OCCURS ="0" OFFSET ="19" PHYSICALLENGTH ="6" PHYSICALOFFSET ="65" PICTURETEXT ="" PRECISION ="6" SCALE ="0" USAGE_FLAGS =""/>
        <SOURCEFIELD BUSINESSNAME ="" DATATYPE ="varchar2" DESCRIPTION ="" FIELDNUMBER ="17" FIELDPROPERTY ="0" FIELDTYPE ="ELEMITEM" HIDDEN ="NO" KEYTYPE ="NOT A KEY" LENGTH ="0" LEVEL ="0" NAME ="PLT_SYS_SIZE_CD" NULLABLE ="NOTNULL" OCCURS ="0" OFFSET ="19" PHYSICALLENGTH ="2" PHYSICALOFFSET ="71" PICTURETEXT ="" PRECISION ="2" SCALE ="0" USAGE_FLAGS =""/>
        <SOURCEFIELD BUSINESSNAME ="" DATATYPE ="varchar2" DESCRIPTION ="" FIELDNUMBER ="18" FIELDPROPERTY ="0" FIELDTYPE ="ELEMITEM" HIDDEN ="NO" KEYTYPE ="NOT A KEY" LENGTH ="0" LEVEL ="0" NAME ="DEST_PLANT_CD" NULLABLE ="NOTNULL" OCCURS ="0" OFFSET ="19" PHYSICALLENGTH ="3" PHYSICALOFFSET ="73" PICTURETEXT ="" PRECISION ="3" SCALE ="0" USAGE_FLAGS =""/>
        <SOURCEFIELD BUSINESSNAME ="" DATATYPE ="varchar2" DESCRIPTION ="" FIELDNUMBER ="19" FIELDPROPERTY ="0" FIELDTYPE ="ELEMITEM" HIDDEN ="NO" KEYTYPE ="NOT A KEY" LENGTH ="0" LEVEL ="0" NAME ="MFG_PATH_ID" NULLABLE ="NOTNULL" OCCURS ="0" OFFSET ="19" PHYSICALLENGTH ="3" PHYSICALOFFSET ="76" PICTURETEXT ="" PRECISION ="3" SCALE ="0" USAGE_FLAGS =""/>
        <SOURCEFIELD BUSINESSNAME ="" DATATYPE ="varchar2" DESCRIPTION ="" FIELDNUMBER ="20" FIELDPROPERTY ="0" FIELDTYPE ="ELEMITEM" HIDDEN ="NO" KEYTYPE ="NOT A KEY" LENGTH ="0" LEVEL ="0" NAME ="IN_TRANSIT_IND" NULLABLE ="NOTNULL" OCCURS ="0" OFFSET ="19" PHYSICALLENGTH ="1" PHYSICALOFFSET ="79" PICTURETEXT ="" PRECISION ="1" SCALE ="0" USAGE_FLAGS =""/>
        <SOURCEFIELD BUSINESSNAME ="" DATATYPE ="varchar2" DESCRIPTION ="" FIELDNUMBER ="21" FIELDPROPERTY ="0" FIELDTYPE ="ELEMITEM" HIDDEN ="NO" KEYTYPE ="NOT A KEY" LENGTH ="0" LEVEL ="0" NAME ="INVENTORY_TYPE_CD" NULLABLE ="NOTNULL" OCCURS ="0" OFFSET ="19" PHYSICALLENGTH ="2" PHYSICALOFFSET ="80" PICTURETEXT ="" PRECISION ="2" SCALE ="0" USAGE_FLAGS =""/>
        <SOURCEFIELD BUSINESSNAME ="" DATATYPE ="varchar2" DESCRIPTION ="" FIELDNUMBER ="22" FIELDPROPERTY ="0" FIELDTYPE ="ELEMITEM" HIDDEN ="NO" KEYTYPE ="NOT A KEY" LENGTH ="0" LEVEL ="0" NAME ="MTRL_TYPE_CD" NULLABLE ="NOTNULL" OCCURS ="0" OFFSET ="19" PHYSICALLENGTH ="2" PHYSICALOFFSET ="82" PICTURETEXT ="" PRECISION ="2" SCALE ="0" USAGE_FLAGS =""/>
        <SOURCEFIELD BUSINESSNAME ="" DATATYPE ="varchar2" DESCRIPTION ="" FIELDNUMBER ="23" FIELDPROPERTY ="0" FIELDTYPE ="ELEMITEM" HIDDEN ="NO" KEYTYPE ="NOT A KEY" LENGTH ="0" LEVEL ="0" NAME ="UPDATE_SOURCE" NULLABLE ="NOTNULL" OCCURS ="0" OFFSET ="19" PHYSICALLENGTH ="4" PHYSICALOFFSET ="84" PICTURETEXT ="" PRECISION ="4" SCALE ="0" USAGE_FLAGS =""/>
        <SOURCEFIELD BUSINESSNAME ="" DATATYPE ="number(p,s)" DESCRIPTION ="" FIELDNUMBER ="24" FIELDPROPERTY ="0" FIELDTYPE ="ELEMITEM" HIDDEN ="NO" KEYTYPE ="NOT A KEY" LENGTH ="11" LEVEL ="0" NAME ="TOTAL_AVAIL_QTY" NULLABLE ="NOTNULL" OCCURS ="0" OFFSET ="19" PHYSICALLENGTH ="9" PHYSICALOFFSET ="88" PICTURETEXT ="" PRECISION ="9" SCALE ="1" USAGE_FLAGS =""/>
        <SOURCEFIELD BUSINESSNAME ="" DATATYPE ="number(p,s)" DESCRIPTION ="" FIELDNUMBER ="25" FIELDPROPERTY ="0" FIELDTYPE ="ELEMITEM" HIDDEN ="NO" KEYTYPE ="NOT A KEY" LENGTH ="11" LEVEL ="0" NAME ="TOTAL_NON_AVAIL_QTY" NULLABLE ="NOTNULL" OCCURS ="0" OFFSET ="30" PHYSICALLENGTH ="9" PHYSICALOFFSET ="97" PICTURETEXT ="" PRECISION ="9" SCALE ="1" USAGE_FLAGS =""/>
        <SOURCEFIELD BUSINESSNAME ="" DATATYPE ="number(p,s)" DESCRIPTION ="" FIELDNUMBER ="26" FIELDPROPERTY ="0" FIELDTYPE ="ELEMITEM" HIDDEN ="NO" KEYTYPE ="NOT A KEY" LENGTH ="11" LEVEL ="0" NAME ="TOTAL_ASSIGNED_QTY" NULLABLE ="NOTNULL" OCCURS ="0" OFFSET ="41" PHYSICALLENGTH ="9" PHYSICALOFFSET ="106" PICTURETEXT ="" PRECISION ="9" SCALE ="1" USAGE_FLAGS =""/>
        <SOURCEFIELD BUSINESSNAME ="" DATATYPE ="number(p,s)" DESCRIPTION ="" FIELDNUMBER ="27" FIELDPROPERTY ="0" FIELDTYPE ="ELEMITEM" HIDDEN ="NO" KEYTYPE ="NOT A KEY" LENGTH ="13" LEVEL ="0" NAME ="INVENTORY_AMT" NULLABLE ="NULL" OCCURS ="0" OFFSET ="52" PHYSICALLENGTH ="11" PHYSICALOFFSET ="115" PICTURETEXT ="" PRECISION ="11" SCALE ="2" USAGE_FLAGS =""/>
        <SOURCEFIELD BUSINESSNAME ="" DATATYPE ="date" DESCRIPTION ="" FIELDNUMBER ="28" FIELDPROPERTY ="0" FIELDTYPE ="ELEMITEM" HIDDEN ="NO" KEYTYPE ="NOT A KEY" LENGTH ="19" LEVEL ="0" NAME ="VALUED_DATE" NULLABLE ="NULL" OCCURS ="0" OFFSET ="65" PHYSICALLENGTH ="19" PHYSICALOFFSET ="126" PICTURETEXT ="" PRECISION ="19" SCALE ="0" USAGE_FLAGS =""/>
        <SOURCEFIELD BUSINESSNAME ="" DATATYPE ="date" DESCRIPTION ="" FIELDNUMBER ="29" FIELDPROPERTY ="0" FIELDTYPE ="ELEMITEM" HIDDEN ="NO" KEYTYPE ="NOT A KEY" LENGTH ="19" LEVEL ="0" NAME ="LAST_TRANS_DATE" NULLABLE ="NOTNULL" OCCURS ="0" OFFSET ="84" PHYSICALLENGTH ="19" PHYSICALOFFSET ="145" PICTURETEXT ="" PRECISION ="19" SCALE ="0" USAGE_FLAGS =""/>
        <SOURCEFIELD BUSINESSNAME ="" DATATYPE ="number(p,s)" DESCRIPTION ="" FIELDNUMBER ="30" FIELDPROPERTY ="0" FIELDTYPE ="ELEMITEM" HIDDEN ="NO" KEYTYPE ="NOT A KEY" LENGTH ="6" LEVEL ="0" NAME ="GL_COMPANY_CD" NULLABLE ="NOTNULL" OCCURS ="0" OFFSET ="103" PHYSICALLENGTH ="4" PHYSICALOFFSET ="164" PICTURETEXT ="" PRECISION ="4" SCALE ="0" USAGE_FLAGS =""/>
        <SOURCEFIELD BUSINESSNAME ="" DATATYPE ="varchar2" DESCRIPTION ="" FIELDNUMBER ="31" FIELDPROPERTY ="0" FIELDTYPE ="ELEMITEM" HIDDEN ="NO" KEYTYPE ="NOT A KEY" LENGTH ="0" LEVEL ="0" NAME ="PROD_FAMILY_CD" NULLABLE ="NOTNULL" OCCURS ="0" OFFSET ="109" PHYSICALLENGTH ="4" PHYSICALOFFSET ="168" PICTURETEXT ="" PRECISION ="4" SCALE ="0" USAGE_FLAGS =""/>
        <SOURCEFIELD BUSINESSNAME ="" DATATYPE ="number(p,s)" DESCRIPTION ="" FIELDNUMBER ="32" FIELDPROPERTY ="0" FIELDTYPE ="ELEMITEM" HIDDEN ="NO" KEYTYPE ="NOT A KEY" LENGTH ="8" LEVEL ="0" NAME ="GL_ACCT_NO" NULLABLE ="NOTNULL" OCCURS ="0" OFFSET ="109" PHYSICALLENGTH ="6" PHYSICALOFFSET ="172" PICTURETEXT ="" PRECISION ="6" SCALE ="0" USAGE_FLAGS =""/>
        <SOURCEFIELD BUSINESSNAME ="" DATATYPE ="date" DESCRIPTION ="" FIELDNUMBER ="33" FIELDPROPERTY ="0" FIELDTYPE ="ELEMITEM" HIDDEN ="NO" KEYTYPE ="NOT A KEY" LENGTH ="19" LEVEL ="0" NAME ="UPDATE_DATE" NULLABLE ="NULL" OCCURS ="0" OFFSET ="117" PHYSICALLENGTH ="19" PHYSICALOFFSET ="178" PICTURETEXT ="" PRECISION ="19" SCALE ="0" USAGE_FLAGS =""/>
        <SOURCEFIELD BUSINESSNAME ="" DATATYPE ="varchar2" DESCRIPTION ="" FIELDNUMBER ="34" FIELDPROPERTY ="0" FIELDTYPE ="ELEMITEM" HIDDEN ="NO" KEYTYPE ="NOT A KEY" LENGTH ="0" LEVEL ="0" NAME ="ACCOUNTING_UNIT" NULLABLE ="NOTNULL" OCCURS ="0" OFFSET ="136" PHYSICALLENGTH ="15" PHYSICALOFFSET ="197" PICTURETEXT ="" PRECISION ="15" SCALE ="0" USAGE_FLAGS =""/>
        <SOURCEFIELD BUSINESSNAME ="" DATATYPE ="date" DESCRIPTION ="" FIELDNUMBER ="35" FIELDPROPERTY ="0" FIELDTYPE ="ELEMITEM" HIDDEN ="NO" KEYTYPE ="NOT A KEY" LENGTH ="19" LEVEL ="0" NAME ="CREATE_DATE" NULLABLE ="NULL" OCCURS ="0" OFFSET ="136" PHYSICALLENGTH ="19" PHYSICALOFFSET ="212" PICTURETEXT ="" PRECISION ="19" SCALE ="0" USAGE_FLAGS =""/>
        <SOURCEFIELD BUSINESSNAME ="" DATATYPE ="number(p,s)" DESCRIPTION ="" FIELDNUMBER ="36" FIELDPROPERTY ="0" FIELDTYPE ="ELEMITEM" HIDDEN ="NO" KEYTYPE ="NOT A KEY" LENGTH ="6" LEVEL ="0" NAME ="SUB_ACCT" NULLABLE ="NOTNULL" OCCURS ="0" OFFSET ="155" PHYSICALLENGTH ="4" PHYSICALOFFSET ="231" PICTURETEXT ="" PRECISION ="4" SCALE ="0" USAGE_FLAGS =""/>
        <SOURCEFIELD BUSINESSNAME ="" DATATYPE ="number(p,s)" DESCRIPTION ="" FIELDNUMBER ="37" FIELDPROPERTY ="0" FIELDTYPE ="ELEMITEM" HIDDEN ="NO" KEYTYPE ="NOT A KEY" LENGTH ="4" LEVEL ="0" NAME ="WEEK" NULLABLE ="NOTNULL" OCCURS ="0" OFFSET ="161" PHYSICALLENGTH ="2" PHYSICALOFFSET ="235" PICTURETEXT ="" PRECISION ="2" SCALE ="0" USAGE_FLAGS =""/>
        <SOURCEFIELD BUSINESSNAME ="" DATATYPE ="number(p,s)" DESCRIPTION ="" FIELDNUMBER ="38" FIELDPROPERTY ="0" FIELDTYPE ="ELEMITEM" HIDDEN ="NO" KEYTYPE ="NOT A KEY" LENGTH ="6" LEVEL ="0" NAME ="YEAR" NULLABLE ="NOTNULL" OCCURS ="0" OFFSET ="165" PHYSICALLENGTH ="4" PHYSICALOFFSET ="237" PICTURETEXT ="" PRECISION ="4" SCALE ="0" USAGE_FLAGS =""/>
        <SOURCEFIELD BUSINESSNAME ="" DATATYPE ="number(p,s)" DESCRIPTION ="" FIELDNUMBER ="39" FIELDPROPERTY ="0" FIELDTYPE ="ELEMITEM" HIDDEN ="NO" KEYTYPE ="NOT A KEY" LENGTH ="4" LEVEL ="0" NAME ="PERIOD" NULLABLE ="NOTNULL" OCCURS ="0" OFFSET ="171" PHYSICALLENGTH ="2" PHYSICALOFFSET ="241" PICTURETEXT ="" PRECISION ="2" SCALE ="0" USAGE_FLAGS =""/>
        <SOURCEFIELD BUSINESSNAME ="" DATATYPE ="number(p,s)" DESCRIPTION ="" FIELDNUMBER ="40" FIELDPROPERTY ="0" FIELDTYPE ="ELEMITEM" HIDDEN ="NO" KEYTYPE ="NOT A KEY" LENGTH ="6" LEVEL ="0" NAME ="LW_SUB_ACCOUNT" NULLABLE ="NOTNULL" OCCURS ="0" OFFSET ="175" PHYSICALLENGTH ="4" PHYSICALOFFSET ="243" PICTURETEXT ="" PRECISION ="4" SCALE ="0" USAGE_FLAGS =""/>
        <SOURCEFIELD BUSINESSNAME ="" DATATYPE ="varchar2" DESCRIPTION ="" FIELDNUMBER ="41" FIELDPROPERTY ="0" FIELDTYPE ="ELEMITEM" HIDDEN ="NO" KEYTYPE ="NOT A KEY" LENGTH ="0" LEVEL ="0" NAME ="LW_ACCT_UNIT" NULLABLE ="NOTNULL" OCCURS ="0" OFFSET ="181" PHYSICALLENGTH ="15" PHYSICALOFFSET ="247" PICTURETEXT ="" PRECISION ="15" SCALE ="0" USAGE_FLAGS =""/>
        <SOURCEFIELD BUSINESSNAME ="" DATATYPE ="number(p,s)" DESCRIPTION ="" FIELDNUMBER ="42" FIELDPROPERTY ="0" FIELDTYPE ="ELEMITEM" HIDDEN ="NO" KEYTYPE ="NOT A KEY" LENGTH ="8" LEVEL ="0" NAME ="LW_ACCOUNT" NULLABLE ="NOTNULL" OCCURS ="0" OFFSET ="181" PHYSICALLENGTH ="6" PHYSICALOFFSET ="262" PICTURETEXT ="" PRECISION ="6" SCALE ="0" USAGE_FLAGS =""/>
        <SOURCEFIELD BUSINESSNAME ="" DATATYPE ="number(p,s)" DESCRIPTION ="" FIELDNUMBER ="43" FIELDPROPERTY ="0" FIELDTYPE ="ELEMITEM" HIDDEN ="NO" KEYTYPE ="NOT A KEY" LENGTH ="6" LEVEL ="0" NAME ="LW_COMPANY" NULLABLE ="NOTNULL" OCCURS ="0" OFFSET ="189" PHYSICALLENGTH ="4" PHYSICALOFFSET ="268" PICTURETEXT ="" PRECISION ="4" SCALE ="0" USAGE_FLAGS =""/>
        <SOURCEFIELD BUSINESSNAME ="" DATATYPE ="varchar2" DESCRIPTION ="" FIELDNUMBER ="44" FIELDPROPERTY ="0" FIELDTYPE ="ELEMITEM" HIDDEN ="NO" KEYTYPE ="NOT A KEY" LENGTH ="0" LEVEL ="0" NAME ="PLT_SYS_INVENTORY_TYPE_CD" NULLABLE ="NOTNULL" OCCURS ="0" OFFSET ="195" PHYSICALLENGTH ="2" PHYSICALOFFSET ="272" PICTURETEXT ="" PRECISION ="2" SCALE ="0" USAGE_FLAGS =""/>
        <SOURCEFIELD BUSINESSNAME ="" DATATYPE ="varchar2" DESCRIPTION ="" FIELDNUMBER ="45" FIELDPROPERTY ="0" FIELDTYPE ="ELEMITEM" HIDDEN ="NO" KEYTYPE ="NOT A KEY" LENGTH ="0" LEVEL ="0" NAME ="COST_PROCESS_GROUP_CD" NULLABLE ="NOTNULL" OCCURS ="0" OFFSET ="195" PHYSICALLENGTH ="6" PHYSICALOFFSET ="274" PICTURETEXT ="" PRECISION ="6" SCALE ="0" USAGE_FLAGS =""/>
        <SOURCEFIELD BUSINESSNAME ="" DATATYPE ="varchar2" DESCRIPTION ="" FIELDNUMBER ="46" FIELDPROPERTY ="0" FIELDTYPE ="ELEMITEM" HIDDEN ="NO" KEYTYPE ="NOT A KEY" LENGTH ="0" LEVEL ="0" NAME ="COST_OPER_CD" NULLABLE ="NOTNULL" OCCURS ="0" OFFSET ="195" PHYSICALLENGTH ="5" PHYSICALOFFSET ="280" PICTURETEXT ="" PRECISION ="5" SCALE ="0" USAGE_FLAGS =""/>
        <SOURCEFIELD BUSINESSNAME ="" DATATYPE ="number(p,s)" DESCRIPTION ="" FIELDNUMBER ="47" FIELDPROPERTY ="0" FIELDTYPE ="ELEMITEM" HIDDEN ="NO" KEYTYPE ="NOT A KEY" LENGTH ="11" LEVEL ="0" NAME ="UNIT_COST_AMT" NULLABLE ="NOTNULL" OCCURS ="0" OFFSET ="195" PHYSICALLENGTH ="9" PHYSICALOFFSET ="285" PICTURETEXT ="" PRECISION ="9" SCALE ="4" USAGE_FLAGS =""/>
        <SOURCEFIELD BUSINESSNAME ="" DATATYPE ="number(p,s)" DESCRIPTION ="" FIELDNUMBER ="48" FIELDPROPERTY ="0" FIELDTYPE ="ELEMITEM" HIDDEN ="NO" KEYTYPE ="NOT A KEY" LENGTH ="5" LEVEL ="0" NAME ="GEAC_CORP_ID" NULLABLE ="NOTNULL" OCCURS ="0" OFFSET ="206" PHYSICALLENGTH ="3" PHYSICALOFFSET ="294" PICTURETEXT ="" PRECISION ="3" SCALE ="0" USAGE_FLAGS =""/>
        <SOURCEFIELD BUSINESSNAME ="" DATATYPE ="varchar2" DESCRIPTION ="" FIELDNUMBER ="49" FIELDPROPERTY ="0" FIELDTYPE ="ELEMITEM" HIDDEN ="NO" KEYTYPE ="NOT A KEY" LENGTH ="0" LEVEL ="0" NAME ="GEAC_BASE_ACCT" NULLABLE ="NOTNULL" OCCURS ="0" OFFSET ="211" PHYSICALLENGTH ="5" PHYSICALOFFSET ="297" PICTURETEXT ="" PRECISION ="5" SCALE ="0" USAGE_FLAGS =""/>
        <SOURCEFIELD BUSINESSNAME ="" DATATYPE ="varchar2" DESCRIPTION ="" FIELDNUMBER ="50" FIELDPROPERTY ="0" FIELDTYPE ="ELEMITEM" HIDDEN ="NO" KEYTYPE ="NOT A KEY" LENGTH ="0" LEVEL ="0" NAME ="GEAC_SUB_ACCT" NULLABLE ="NOTNULL" OCCURS ="0" OFFSET ="211" PHYSICALLENGTH ="5" PHYSICALOFFSET ="302" PICTURETEXT ="" PRECISION ="5" SCALE ="0" USAGE_FLAGS =""/>
        <SOURCEFIELD BUSINESSNAME ="" DATATYPE ="varchar2" DESCRIPTION ="" FIELDNUMBER ="51" FIELDPROPERTY ="0" FIELDTYPE ="ELEMITEM" HIDDEN ="NO" KEYTYPE ="NOT A KEY" LENGTH ="0" LEVEL ="0" NAME ="GEAC_COST_CENTER" NULLABLE ="NOTNULL" OCCURS ="0" OFFSET ="211" PHYSICALLENGTH ="10" PHYSICALOFFSET ="307" PICTURETEXT ="" PRECISION ="10" SCALE ="0" USAGE_FLAGS =""/>
        <SOURCEFIELD BUSINESSNAME ="" DATATYPE ="varchar2" DESCRIPTION ="" FIELDNUMBER ="52" FIELDPROPERTY ="0" FIELDTYPE ="ELEMITEM" HIDDEN ="NO" KEYTYPE ="NOT A KEY" LENGTH ="0" LEVEL ="0" NAME ="COST_FAMILY_CD" NULLABLE ="NOTNULL" OCCURS ="0" OFFSET ="211" PHYSICALLENGTH ="4" PHYSICALOFFSET ="317" PICTURETEXT ="" PRECISION ="4" SCALE ="0" USAGE_FLAGS =""/>
        <SOURCEFIELD BUSINESSNAME ="" DATATYPE ="varchar2" DESCRIPTION ="" FIELDNUMBER ="53" FIELDPROPERTY ="0" FIELDTYPE ="ELEMITEM" HIDDEN ="NO" KEYTYPE ="NOT A KEY" LENGTH ="0" LEVEL ="0" NAME ="COST_MEGA_FAMILY_CD" NULLABLE ="NOTNULL" OCCURS ="0" OFFSET ="211" PHYSICALLENGTH ="4" PHYSICALOFFSET ="321" PICTURETEXT ="" PRECISION ="4" SCALE ="0" USAGE_FLAGS =""/>
    </SOURCE>
    <TARGET BUSINESSNAME ="" CONSTRAINT ="" DATABASETYPE ="Oracle" DESCRIPTION ="" NAME ="INV_CLASS_SOURCE" OBJECTVERSION ="1" TABLEOPTIONS ="" VERSIONNUMBER ="1">
        <TARGETFIELD BUSINESSNAME ="" DATATYPE ="varchar2" DESCRIPTION ="" FIELDNUMBER ="1" KEYTYPE ="PRIMARY KEY" NAME ="BUSINESS_UNIT" NULLABLE ="NOTNULL" PICTURETEXT ="" PRECISION ="2" SCALE ="0"/>
        <TARGETFIELD BUSINESSNAME ="" DATATYPE ="varchar2" DESCRIPTION ="" FIELDNUMBER ="2" KEYTYPE ="PRIMARY KEY" NAME ="PLANT" NULLABLE ="NOTNULL" PICTURETEXT ="" PRECISION ="4" SCALE ="0"/>
        <TARGETFIELD BUSINESSNAME ="" DATATYPE ="varchar2" DESCRIPTION ="" FIELDNUMBER ="3" KEYTYPE ="PRIMARY KEY" NAME ="STYLE" NULLABLE ="NOTNULL" PICTURETEXT ="" PRECISION ="9" SCALE ="0"/>
        <TARGETFIELD BUSINESSNAME ="" DATATYPE ="varchar2" DESCRIPTION ="" FIELDNUMBER ="4" KEYTYPE ="PRIMARY KEY" NAME ="COLOR" NULLABLE ="NOTNULL" PICTURETEXT ="" PRECISION ="5" SCALE ="0"/>
        <TARGETFIELD BUSINESSNAME ="" DATATYPE ="varchar2" DESCRIPTION ="" FIELDNUMBER ="5" KEYTYPE ="PRIMARY KEY" NAME ="ATTRIBUTE_CD" NULLABLE ="NOTNULL" PICTURETEXT ="" PRECISION ="6" SCALE ="0"/>
        <TARGETFIELD BUSINESSNAME ="" DATATYPE ="varchar2" DESCRIPTION ="" FIELDNUMBER ="6" KEYTYPE ="PRIMARY KEY" NAME ="SIZE_CD" NULLABLE ="NOTNULL" PICTURETEXT ="" PRECISION ="3" SCALE ="0"/>
        <TARGETFIELD BUSINESSNAME ="" DATATYPE ="varchar2" DESCRIPTION ="" FIELDNUMBER ="7" KEYTYPE ="PRIMARY KEY" NAME ="CUP_SIZE" NULLABLE ="NOTNULL" PICTURETEXT ="" PRECISION ="3" SCALE ="0"/>
        <TARGETFIELD BUSINESSNAME ="" DATATYPE ="varchar2" DESCRIPTION ="" FIELDNUMBER ="8" KEYTYPE ="PRIMARY KEY" NAME ="SAP_STOCK_CATEGORY" NULLABLE ="NOTNULL" PICTURETEXT ="" PRECISION ="5" SCALE ="0"/>
        <TARGETFIELD BUSINESSNAME ="" DATATYPE ="varchar2" DESCRIPTION ="" FIELDNUMBER ="9" KEYTYPE ="PRIMARY KEY" NAME ="SKU" NULLABLE ="NOTNULL" PICTURETEXT ="" PRECISION ="10" SCALE ="0"/>
        <TARGETFIELD BUSINESSNAME ="" DATATYPE ="varchar2" DESCRIPTION ="" FIELDNUMBER ="10" KEYTYPE ="NOT A KEY" NAME ="LEGACY_INV_CLASS" NULLABLE ="NOTNULL" PICTURETEXT ="" PRECISION ="30" SCALE ="0"/>
        <TARGETFIELD BUSINESSNAME ="" DATATYPE ="number(p,s)" DESCRIPTION ="" FIELDNUMBER ="11" KEYTYPE ="NOT A KEY" NAME ="INV_QTY" NULLABLE ="NOTNULL" PICTURETEXT ="" PRECISION ="10" SCALE ="2"/>
        <TARGETFIELD BUSINESSNAME ="" DATATYPE ="number(p,s)" DESCRIPTION ="" FIELDNUMBER ="12" KEYTYPE ="NOT A KEY" NAME ="INV_DOLLARS" NULLABLE ="NOTNULL" PICTURETEXT ="" PRECISION ="16" SCALE ="6"/>
        <TARGETFIELD BUSINESSNAME ="" DATATYPE ="date" DESCRIPTION ="" FIELDNUMBER ="13" KEYTYPE ="PRIMARY KEY" NAME ="UPDATE_TIMESTAMP" NULLABLE ="NOTNULL" PICTURETEXT ="" PRECISION ="19" SCALE ="0"/>
    </TARGET>
    <MAPPING DESCRIPTION ="This mapping loads CHAMPION records to inv_class_source target table." ISVALID ="YES" NAME ="m_INV_CH" OBJECTVERSION ="1" VERSIONNUMBER ="1">
        <TRANSFORMATION DESCRIPTION ="This expression checks for null values and hardcodes the respective fields." NAME ="EXP_INV_CLASS" OBJECTVERSION ="1" REUSABLE ="NO" TYPE ="Expression" VERSIONNUMBER ="1">
            <TRANSFORMFIELD DATATYPE ="string" DEFAULTVALUE ="" DESCRIPTION ="" NAME ="I_PLANT" PICTURETEXT ="" PORTTYPE ="INPUT" PRECISION ="3" SCALE ="0"/>
            <TRANSFORMFIELD DATATYPE ="string" DEFAULTVALUE ="" DESCRIPTION ="" NAME ="I_STYLE" PICTURETEXT ="" PORTTYPE ="INPUT" PRECISION ="6" SCALE ="0"/>
            <TRANSFORMFIELD DATATYPE ="string" DEFAULTVALUE ="" DESCRIPTION ="" NAME ="I_COLOR" PICTURETEXT ="" PORTTYPE ="INPUT" PRECISION ="3" SCALE ="0"/>
            <TRANSFORMFIELD DATATYPE ="string" DEFAULTVALUE ="" DESCRIPTION ="" NAME ="I_ATTRIBUTE_CD" PICTURETEXT ="" PORTTYPE ="INPUT" PRECISION ="6" SCALE ="0"/>
            <TRANSFORMFIELD DATATYPE ="string" DEFAULTVALUE ="" DESCRIPTION ="" NAME ="I_SIZE_CD" PICTURETEXT ="" PORTTYPE ="INPUT" PRECISION ="2" SCALE ="0"/>
            <TRANSFORMFIELD DATATYPE ="string" DEFAULTVALUE ="" DESCRIPTION ="" EXPRESSION ="LTRIM(RTRIM(I_ATTRIBUTE_CD))" EXPRESSIONTYPE ="GENERAL" NAME ="V_ATTRIBUTE_CD" PICTURETEXT ="" PORTTYPE ="LOCAL VARIABLE" PRECISION ="6" SCALE ="0"/>
            <TRANSFORMFIELD DATATYPE ="string" DEFAULTVALUE ="" DESCRIPTION ="" EXPRESSION ="&apos;CH&apos;" EXPRESSIONTYPE ="GENERAL" NAME ="BUSINESS_UNIT" PICTURETEXT ="" PORTTYPE ="OUTPUT" PRECISION ="10" SCALE ="0"/>
            <TRANSFORMFIELD DATATYPE ="string" DEFAULTVALUE ="ERROR(&apos;transformation error&apos;)" DESCRIPTION ="" EXPRESSION ="LTRIM(RTRIM(I_PLANT))" EXPRESSIONTYPE ="GENERAL" NAME ="O_PLANT" PICTURETEXT ="" PORTTYPE ="OUTPUT" PRECISION ="3" SCALE ="0"/>
            <TRANSFORMFIELD DATATYPE ="string" DEFAULTVALUE ="ERROR(&apos;transformation error&apos;)" DESCRIPTION ="" EXPRESSION ="LTRIM(RTRIM(I_STYLE))" EXPRESSIONTYPE ="GENERAL" NAME ="O_STYLE" PICTURETEXT ="" PORTTYPE ="OUTPUT" PRECISION ="6" SCALE ="0"/>
            <TRANSFORMFIELD DATATYPE ="string" DEFAULTVALUE ="ERROR(&apos;transformation error&apos;)" DESCRIPTION ="" EXPRESSION ="LTRIM(RTRIM(I_COLOR))" EXPRESSIONTYPE ="GENERAL" NAME ="O_COLOR" PICTURETEXT ="" PORTTYPE ="OUTPUT" PRECISION ="3" SCALE ="0"/>
            <TRANSFORMFIELD DATATYPE ="string" DEFAULTVALUE ="" DESCRIPTION ="" EXPRESSION ="IIF(ISNULL(V_ATTRIBUTE_CD) OR LENGTH(V_ATTRIBUTE_CD)=0,&apos;------&apos;,V_ATTRIBUTE_CD)" EXPRESSIONTYPE ="GENERAL" NAME ="O_ATTRIBUTE_CD" PICTURETEXT ="" PORTTYPE ="OUTPUT" PRECISION ="6" SCALE ="0"/>
            <TRANSFORMFIELD DATATYPE ="string" DEFAULTVALUE ="ERROR(&apos;transformation error&apos;)" DESCRIPTION ="" EXPRESSION ="LTRIM(RTRIM(I_SIZE_CD))" EXPRESSIONTYPE ="GENERAL" NAME ="O_SIZE_CD" PICTURETEXT ="" PORTTYPE ="OUTPUT" PRECISION ="2" SCALE ="0"/>
            <TRANSFORMFIELD DATATYPE ="string" DEFAULTVALUE ="" DESCRIPTION ="" EXPRESSION ="INVENTORY_CLASSIFICATION" EXPRESSIONTYPE ="GENERAL" NAME ="INVENTORY_CLASSIFICATION" PICTURETEXT ="" PORTTYPE ="INPUT/OUTPUT" PRECISION ="10" SCALE ="0"/>
            <TRANSFORMFIELD DATATYPE ="decimal" DEFAULTVALUE ="" DESCRIPTION ="" EXPRESSION ="0" EXPRESSIONTYPE ="GENERAL" NAME ="INV_QTY" PICTURETEXT ="" PORTTYPE ="OUTPUT" PRECISION ="10" SCALE ="2"/>
            <TRANSFORMFIELD DATATYPE ="decimal" DEFAULTVALUE ="" DESCRIPTION ="" EXPRESSION ="0" EXPRESSIONTYPE ="GENERAL" NAME ="INV_DOLLARS" PICTURETEXT ="" PORTTYPE ="OUTPUT" PRECISION ="16" SCALE ="6"/>
            <TRANSFORMFIELD DATATYPE ="string" DEFAULTVALUE ="ERROR(&apos;transformation error&apos;)" DESCRIPTION ="" EXPRESSION ="IIF(ISNULL(:LKP.LKP_LD_CTL_DATES(&apos;CH&apos;)), &apos;all&apos;, &#xD;&#xA;&apos;CH&apos;)&#xD;&#xA;" EXPRESSIONTYPE ="GENERAL" NAME ="O_LBU" PICTURETEXT ="" PORTTYPE ="OUTPUT" PRECISION ="5" SCALE ="0"/>
            <TRANSFORMFIELD DATATYPE ="date/time" DEFAULTVALUE ="" DESCRIPTION ="" EXPRESSION ="AS_OF_DATE" EXPRESSIONTYPE ="GENERAL" NAME ="AS_OF_DATE" PICTURETEXT ="" PORTTYPE ="INPUT/OUTPUT" PRECISION ="29" SCALE ="9"/>
            <TABLEATTRIBUTE NAME ="Tracing Level" VALUE ="Normal"/>
        </TRANSFORMATION>
        <TRANSFORMATION DESCRIPTION ="Joiner to get the as_of_date based on LBU." NAME ="JNR_AS_OF_DATE" OBJECTVERSION ="1" REUSABLE ="NO" TYPE ="Joiner" VERSIONNUMBER ="1">
            <TRANSFORMFIELD DATATYPE ="string" DEFAULTVALUE ="" DESCRIPTION ="" NAME ="BUSINESS_UNIT" PICTURETEXT ="" PORTTYPE ="INPUT/OUTPUT" PRECISION ="10" SCALE ="0"/>
            <TRANSFORMFIELD DATATYPE ="string" DEFAULTVALUE ="" DESCRIPTION ="" NAME ="O_PLANT" PICTURETEXT ="" PORTTYPE ="INPUT/OUTPUT" PRECISION ="3" SCALE ="0"/>
            <TRANSFORMFIELD DATATYPE ="string" DEFAULTVALUE ="" DESCRIPTION ="" NAME ="O_STYLE" PICTURETEXT ="" PORTTYPE ="INPUT/OUTPUT" PRECISION ="6" SCALE ="0"/>
            <TRANSFORMFIELD DATATYPE ="string" DEFAULTVALUE ="" DESCRIPTION ="" NAME ="O_COLOR" PICTURETEXT ="" PORTTYPE ="INPUT/OUTPUT" PRECISION ="3" SCALE ="0"/>
            <TRANSFORMFIELD DATATYPE ="string" DEFAULTVALUE ="" DESCRIPTION ="" NAME ="O_ATTRIBUTE_CD" PICTURETEXT ="" PORTTYPE ="INPUT/OUTPUT" PRECISION ="6" SCALE ="0"/>
            <TRANSFORMFIELD DATATYPE ="string" DEFAULTVALUE ="" DESCRIPTION ="" NAME ="O_SIZE_CD" PICTURETEXT ="" PORTTYPE ="INPUT/OUTPUT" PRECISION ="2" SCALE ="0"/>
            <TRANSFORMFIELD DATATYPE ="string" DEFAULTVALUE ="" DESCRIPTION ="" NAME ="INVENTORY_CLASSIFICATION" PICTURETEXT ="" PORTTYPE ="INPUT/OUTPUT" PRECISION ="10" SCALE ="0"/>
            <TRANSFORMFIELD DATATYPE ="decimal" DEFAULTVALUE ="" DESCRIPTION ="" NAME ="INV_QTY" PICTURETEXT ="" PORTTYPE ="INPUT/OUTPUT" PRECISION ="10" SCALE ="2"/>
            <TRANSFORMFIELD DATATYPE ="decimal" DEFAULTVALUE ="" DESCRIPTION ="" NAME ="INV_DOLLARS" PICTURETEXT ="" PORTTYPE ="INPUT/OUTPUT" PRECISION ="16" SCALE ="6"/>
            <TRANSFORMFIELD DATATYPE ="string" DEFAULTVALUE ="" DESCRIPTION ="" NAME ="O_LBU" PICTURETEXT ="" PORTTYPE ="INPUT/OUTPUT" PRECISION ="5" SCALE ="0"/>
            <TRANSFORMFIELD DATATYPE ="date/time" DEFAULTVALUE ="" DESCRIPTION ="" NAME ="AS_OF_DATE" PICTURETEXT ="" PORTTYPE ="INPUT/OUTPUT" PRECISION ="29" SCALE ="9"/>
            <TRANSFORMFIELD DATATYPE ="date/time" DEFAULTVALUE ="" DESCRIPTION ="" NAME ="AS_OF_DATE1" PICTURETEXT ="" PORTTYPE ="INPUT/OUTPUT/MASTER" PRECISION ="29" SCALE ="9"/>
            <TRANSFORMFIELD DATATYPE ="string" DEFAULTVALUE ="" DESCRIPTION ="" NAME ="LOAD_INDICATOR" PICTURETEXT ="" PORTTYPE ="INPUT/OUTPUT/MASTER" PRECISION ="1" SCALE ="0"/>
            <TRANSFORMFIELD DATATYPE ="string" DEFAULTVALUE ="" DESCRIPTION ="" NAME ="TABLE_NAME" PICTURETEXT ="" PORTTYPE ="INPUT/OUTPUT/MASTER" PRECISION ="30" SCALE ="0"/>
            <TRANSFORMFIELD DATATYPE ="string" DEFAULTVALUE ="" DESCRIPTION ="" NAME ="LBU" PICTURETEXT ="" PORTTYPE ="INPUT/OUTPUT/MASTER" PRECISION ="30" SCALE ="0"/>
            <TABLEATTRIBUTE NAME ="Case Sensitive String Comparison" VALUE ="YES"/>
            <TABLEATTRIBUTE NAME ="Cache Directory" VALUE ="$PMCacheDir"/>
            <TABLEATTRIBUTE NAME ="Join Condition" VALUE ="AS_OF_DATE1 = AS_OF_DATE AND LBU = O_LBU"/>
            <TABLEATTRIBUTE NAME ="Join Type" VALUE ="Normal Join"/>
            <TABLEATTRIBUTE NAME ="Null ordering in master" VALUE ="Null Is Highest Value"/>
            <TABLEATTRIBUTE NAME ="Null ordering in detail" VALUE ="Null Is Highest Value"/>
            <TABLEATTRIBUTE NAME ="Tracing Level" VALUE ="Normal"/>
            <TABLEATTRIBUTE NAME ="Joiner Data Cache Size" VALUE ="Auto"/>
            <TABLEATTRIBUTE NAME ="Joiner Index Cache Size" VALUE ="Auto"/>
            <TABLEATTRIBUTE NAME ="Sorted Input" VALUE ="NO"/>
            <TABLEATTRIBUTE NAME ="Master Sort Order" VALUE ="Auto"/>
            <TABLEATTRIBUTE NAME ="Transformation Scope" VALUE ="All Input"/>
        </TRANSFORMATION>
        <TRANSFORMATION DESCRIPTION ="Reads data from the source table" NAME ="SQ_INV_BAL_ARCHIVE" OBJECTVERSION ="1" REUSABLE ="NO" TYPE ="Source Qualifier" VERSIONNUMBER ="1">
            <TRANSFORMFIELD DATATYPE ="string" DEFAULTVALUE ="" DESCRIPTION ="" NAME ="PLANT" PICTURETEXT ="" PORTTYPE ="INPUT/OUTPUT" PRECISION ="3" SCALE ="0"/>
            <TRANSFORMFIELD DATATYPE ="string" DEFAULTVALUE ="" DESCRIPTION ="" NAME ="STYLE" PICTURETEXT ="" PORTTYPE ="INPUT/OUTPUT" PRECISION ="6" SCALE ="0"/>
            <TRANSFORMFIELD DATATYPE ="string" DEFAULTVALUE ="" DESCRIPTION ="" NAME ="COLOR" PICTURETEXT ="" PORTTYPE ="INPUT/OUTPUT" PRECISION ="3" SCALE ="0"/>
            <TRANSFORMFIELD DATATYPE ="string" DEFAULTVALUE ="" DESCRIPTION ="" NAME ="ATTRIBUTE_CD" PICTURETEXT ="" PORTTYPE ="INPUT/OUTPUT" PRECISION ="6" SCALE ="0"/>
            <TRANSFORMFIELD DATATYPE ="string" DEFAULTVALUE ="" DESCRIPTION ="" NAME ="SIZE_CD" PICTURETEXT ="" PORTTYPE ="INPUT/OUTPUT" PRECISION ="2" SCALE ="0"/>
            <TRANSFORMFIELD DATATYPE ="string" DEFAULTVALUE ="" DESCRIPTION ="" NAME ="INVENTORY_CLASSIFICATION" PICTURETEXT ="" PORTTYPE ="INPUT/OUTPUT" PRECISION ="10" SCALE ="0"/>
            <TRANSFORMFIELD DATATYPE ="date/time" DEFAULTVALUE ="" DESCRIPTION ="" NAME ="AS_OF_DATE" PICTURETEXT ="" PORTTYPE ="INPUT/OUTPUT" PRECISION ="29" SCALE ="9"/>
            <TABLEATTRIBUTE NAME ="Sql Query" VALUE ="Select&#xD;&#xA;i.PLANT as PLANT, &#xD;&#xA;i.STYLE as STYLE, &#xD;&#xA;i.COLOR as COLOR, &#xD;&#xA;i.ATTRIBUTE_CD as ATTRIBUTE_CD,&#xD;&#xA;i.SIZE_CD as SIZE_CD,&#xD;&#xA;i.QUALITY_CD || sk.Life_CYCLE_CD as  INVENTORY_CLASSIFICATION,&#xD;&#xA;i.AS_OF_DATE as AS_OF_DATE&#xD;&#xA;FROM&#xD;&#xA;    INV_BAL_ARCHIVE@PROD1.WORLD i,&#xD;&#xA;    STYLE@PROD1.WORLD st,&#xD;&#xA;    CORP_DIVISION@PROD1.WORLD c,&#xD;&#xA;    SKU@PROD1.WORLD sk&#xD;&#xA;&#xD;&#xA;Where&#xD;&#xA;    st.STYLE_CD = i.STYLE and&#xD;&#xA;    st.CORP_DIVISION_CD = c.CORP_DIVISION_CD and&#xD;&#xA;    c.CORP_BUSINESS_UNIT = &apos;CHP&apos; and&#xD;&#xA;    i.STYLE = sk.STYLE_CD and&#xD;&#xA;    i.COLOR = sk.COLOR_CD and&#xD;&#xA;    i.ATTRIBUTE_CD = sk.ATTRIBUTE_CD and&#xD;&#xA;    i.SIZE_CD = sk.SIZE_CD"/>
            <TABLEATTRIBUTE NAME ="User Defined Join" VALUE =""/>
            <TABLEATTRIBUTE NAME ="Source Filter" VALUE =""/>
            <TABLEATTRIBUTE NAME ="Number Of Sorted Ports" VALUE ="0"/>
            <TABLEATTRIBUTE NAME ="Tracing Level" VALUE ="Normal"/>
            <TABLEATTRIBUTE NAME ="Select Distinct" VALUE ="NO"/>
            <TABLEATTRIBUTE NAME ="Is Partitionable" VALUE ="NO"/>
            <TABLEATTRIBUTE NAME ="Pre SQL" VALUE =""/>
            <TABLEATTRIBUTE NAME ="Post SQL" VALUE =""/>
            <TABLEATTRIBUTE NAME ="Output is deterministic" VALUE ="NO"/>
            <TABLEATTRIBUTE NAME ="Output is repeatable" VALUE ="Never"/>
        </TRANSFORMATION>
        <TRANSFORMATION DESCRIPTION ="Source Qualifier" NAME ="SQ_LOAD_CONTROL_DATES" OBJECTVERSION ="1" REUSABLE ="NO" TYPE ="Source Qualifier" VERSIONNUMBER ="1">
            <TRANSFORMFIELD DATATYPE ="date/time" DEFAULTVALUE ="" DESCRIPTION ="" NAME ="AS_OF_DATE" PICTURETEXT ="" PORTTYPE ="INPUT/OUTPUT" PRECISION ="29" SCALE ="9"/>
            <TRANSFORMFIELD DATATYPE ="string" DEFAULTVALUE ="" DESCRIPTION ="" NAME ="LOAD_INDICATOR" PICTURETEXT ="" PORTTYPE ="INPUT/OUTPUT" PRECISION ="1" SCALE ="0"/>
            <TRANSFORMFIELD DATATYPE ="string" DEFAULTVALUE ="" DESCRIPTION ="" NAME ="TABLE_NAME" PICTURETEXT ="" PORTTYPE ="INPUT/OUTPUT" PRECISION ="30" SCALE ="0"/>
            <TRANSFORMFIELD DATATYPE ="string" DEFAULTVALUE ="" DESCRIPTION ="" NAME ="LBU" PICTURETEXT ="" PORTTYPE ="INPUT/OUTPUT" PRECISION ="30" SCALE ="0"/>
            <TABLEATTRIBUTE NAME ="Sql Query" VALUE ="SELECT LOAD_CONTROL_DATES.AS_OF_DATE, LOAD_CONTROL_DATES.LOAD_INDICATOR, LOAD_CONTROL_DATES.TABLE_NAME, LOAD_CONTROL_DATES.LBU &#xD;&#xA;FROM&#xD;&#xA; LOAD_CONTROL_DATES&#xD;&#xA;WHERE&#xD;&#xA;LOAD_CONTROL_DATES.LOAD_INDICATOR=&apos;Y&apos;&#xD;&#xA;AND LOAD_CONTROL_DATES.TABLE_NAME=&apos;inv_class_source&apos;&#xD;&#xA;AND LOAD_CONTROL_DATES.LBU IN (&apos;all&apos;,&apos;CH&apos;)"/>
            <TABLEATTRIBUTE NAME ="User Defined Join" VALUE =""/>
            <TABLEATTRIBUTE NAME ="Source Filter" VALUE =""/>
            <TABLEATTRIBUTE NAME ="Number Of Sorted Ports" VALUE ="0"/>
            <TABLEATTRIBUTE NAME ="Tracing Level" VALUE ="Normal"/>
            <TABLEATTRIBUTE NAME ="Select Distinct" VALUE ="NO"/>
            <TABLEATTRIBUTE NAME ="Is Partitionable" VALUE ="NO"/>
            <TABLEATTRIBUTE NAME ="Pre SQL" VALUE =""/>
            <TABLEATTRIBUTE NAME ="Post SQL" VALUE =""/>
            <TABLEATTRIBUTE NAME ="Output is deterministic" VALUE ="NO"/>
            <TABLEATTRIBUTE NAME ="Output is repeatable" VALUE ="Never"/>
        </TRANSFORMATION>
        <TRANSFORMATION DESCRIPTION ="This lookup transformation is used to lookup on the table load_control_dates based on lbu in (&apos;&apos; CH&apos;,all&apos;)." NAME ="LKP_LD_CTL_DATES" OBJECTVERSION ="1" REUSABLE ="NO" TYPE ="Lookup Procedure" VERSIONNUMBER ="1">
            <TRANSFORMFIELD DATATYPE ="date/time" DEFAULTVALUE ="" DESCRIPTION ="" NAME ="AS_OF_DATE" PICTURETEXT ="" PORTTYPE ="LOOKUP/RETURN/OUTPUT" PRECISION ="29" SCALE ="9"/>
            <TRANSFORMFIELD DATATYPE ="string" DEFAULTVALUE ="" DESCRIPTION ="" NAME ="LBU" PICTURETEXT ="" PORTTYPE ="LOOKUP" PRECISION ="30" SCALE ="0"/>
            <TRANSFORMFIELD DATATYPE ="string" DEFAULTVALUE ="" DESCRIPTION ="" NAME ="I_LBU" PICTURETEXT ="" PORTTYPE ="INPUT" PRECISION ="30" SCALE ="0"/>
            <TABLEATTRIBUTE NAME ="Lookup Sql Override" VALUE ="SELECT &#xD;&#xA;LOAD_CONTROL_DATES.AS_OF_DATE as AS_OF_DATE, &#xD;&#xA;LOAD_CONTROL_DATES.LBU as LBU &#xD;&#xA;FROM &#xD;&#xA;LOAD_CONTROL_DATES&#xD;&#xA;WHERE&#xD;&#xA;LOAD_CONTROL_DATES.TABLE_NAME=&apos;inv_class_source&apos;&#xD;&#xA;AND&#xD;&#xA;LOAD_CONTROL_DATES.LBU IN (&apos;CH&apos;,&apos;all&apos;)&#xD;&#xA;AND&#xD;&#xA;LOAD_CONTROL_DATES.LOAD_INDICATOR=&apos;Y&apos;"/>
            <TABLEATTRIBUTE NAME ="Lookup table name" VALUE ="LOAD_CONTROL_DATES"/>
            <TABLEATTRIBUTE NAME ="Lookup Source Filter" VALUE =""/>
            <TABLEATTRIBUTE NAME ="Lookup caching enabled" VALUE ="YES"/>
            <TABLEATTRIBUTE NAME ="Lookup policy on multiple match" VALUE ="Use Any Value"/>
            <TABLEATTRIBUTE NAME ="Lookup condition" VALUE ="LBU = I_LBU"/>
            <TABLEATTRIBUTE NAME ="Connection Information" VALUE ="$Source"/>
            <TABLEATTRIBUTE NAME ="Source Type" VALUE ="Database"/>
            <TABLEATTRIBUTE NAME ="Recache if Stale" VALUE ="NO"/>
            <TABLEATTRIBUTE NAME ="Tracing Level" VALUE ="Normal"/>
            <TABLEATTRIBUTE NAME ="Lookup cache directory name" VALUE ="$PMCacheDir"/>
            <TABLEATTRIBUTE NAME ="Lookup cache initialize" VALUE ="NO"/>
            <TABLEATTRIBUTE NAME ="Lookup cache persistent" VALUE ="NO"/>
            <TABLEATTRIBUTE NAME ="Lookup Data Cache Size" VALUE ="Auto"/>
            <TABLEATTRIBUTE NAME ="Lookup Index Cache Size" VALUE ="Auto"/>
            <TABLEATTRIBUTE NAME ="Dynamic Lookup Cache" VALUE ="NO"/>
            <TABLEATTRIBUTE NAME ="Synchronize Dynamic Cache" VALUE ="NO"/>
            <TABLEATTRIBUTE NAME ="Output Old Value On Update" VALUE ="NO"/>
            <TABLEATTRIBUTE NAME ="Update Dynamic Cache Condition" VALUE ="TRUE"/>
            <TABLEATTRIBUTE NAME ="Cache File Name Prefix" VALUE =""/>
            <TABLEATTRIBUTE NAME ="Re-cache from lookup source" VALUE ="NO"/>
            <TABLEATTRIBUTE NAME ="Insert Else Update" VALUE ="NO"/>
            <TABLEATTRIBUTE NAME ="Update Else Insert" VALUE ="NO"/>
            <TABLEATTRIBUTE NAME ="Datetime Format" VALUE =""/>
            <TABLEATTRIBUTE NAME ="Thousand Separator" VALUE ="None"/>
            <TABLEATTRIBUTE NAME ="Decimal Separator" VALUE ="."/>
            <TABLEATTRIBUTE NAME ="Case Sensitive String Comparison" VALUE ="NO"/>
            <TABLEATTRIBUTE NAME ="Null ordering" VALUE ="Null Is Highest Value"/>
            <TABLEATTRIBUTE NAME ="Sorted Input" VALUE ="NO"/>
            <TABLEATTRIBUTE NAME ="Lookup source is static" VALUE ="NO"/>
            <TABLEATTRIBUTE NAME ="Pre-build lookup cache" VALUE ="Auto"/>
            <TABLEATTRIBUTE NAME ="Subsecond Precision" VALUE ="6"/>
        </TRANSFORMATION>
        <TRANSFORMATION DESCRIPTION ="Aggregate on primary key values" NAME ="AGG_INV_CLASS_SOURCE" OBJECTVERSION ="1" REUSABLE ="NO" TYPE ="Aggregator" VERSIONNUMBER ="1">
            <TRANSFORMFIELD DATATYPE ="string" DEFAULTVALUE ="" DESCRIPTION ="" EXPRESSION ="BUSINESS_UNIT" EXPRESSIONTYPE ="GROUPBY" NAME ="BUSINESS_UNIT" PICTURETEXT ="" PORTTYPE ="INPUT/OUTPUT" PRECISION ="2" SCALE ="0"/>
            <TRANSFORMFIELD DATATYPE ="string" DEFAULTVALUE ="" DESCRIPTION ="" EXPRESSION ="PLANT" EXPRESSIONTYPE ="GROUPBY" NAME ="PLANT" PICTURETEXT ="" PORTTYPE ="INPUT/OUTPUT" PRECISION ="3" SCALE ="0"/>
            <TRANSFORMFIELD DATATYPE ="string" DEFAULTVALUE ="" DESCRIPTION ="" EXPRESSION ="STYLE" EXPRESSIONTYPE ="GROUPBY" NAME ="STYLE" PICTURETEXT ="" PORTTYPE ="INPUT/OUTPUT" PRECISION ="9" SCALE ="0"/>
            <TRANSFORMFIELD DATATYPE ="string" DEFAULTVALUE ="" DESCRIPTION ="" EXPRESSION ="COLOR" EXPRESSIONTYPE ="GROUPBY" NAME ="COLOR" PICTURETEXT ="" PORTTYPE ="INPUT/OUTPUT" PRECISION ="5" SCALE ="0"/>
            <TRANSFORMFIELD DATATYPE ="string" DEFAULTVALUE ="" DESCRIPTION ="" EXPRESSION ="ATTRIBUTE_CD" EXPRESSIONTYPE ="GROUPBY" NAME ="ATTRIBUTE_CD" PICTURETEXT ="" PORTTYPE ="INPUT/OUTPUT" PRECISION ="6" SCALE ="0"/>
            <TRANSFORMFIELD DATATYPE ="string" DEFAULTVALUE ="" DESCRIPTION ="" EXPRESSION ="SIZE_CD" EXPRESSIONTYPE ="GROUPBY" NAME ="SIZE_CD" PICTURETEXT ="" PORTTYPE ="INPUT/OUTPUT" PRECISION ="3" SCALE ="0"/>
            <TRANSFORMFIELD DATATYPE ="string" DEFAULTVALUE ="" DESCRIPTION ="" EXPRESSION ="LEGACY_INV_CLASS" EXPRESSIONTYPE ="GENERAL" NAME ="LEGACY_INV_CLASS" PICTURETEXT ="" PORTTYPE ="INPUT/OUTPUT" PRECISION ="30" SCALE ="0"/>
            <TRANSFORMFIELD DATATYPE ="decimal" DEFAULTVALUE ="" DESCRIPTION ="" EXPRESSION ="INV_QTY" EXPRESSIONTYPE ="GENERAL" NAME ="INV_QTY" PICTURETEXT ="" PORTTYPE ="INPUT/OUTPUT" PRECISION ="10" SCALE ="2"/>
            <TRANSFORMFIELD DATATYPE ="decimal" DEFAULTVALUE ="" DESCRIPTION ="" EXPRESSION ="INV_DOLLARS" EXPRESSIONTYPE ="GENERAL" NAME ="INV_DOLLARS" PICTURETEXT ="" PORTTYPE ="INPUT/OUTPUT" PRECISION ="16" SCALE ="6"/>
            <TRANSFORMFIELD DATATYPE ="date/time" DEFAULTVALUE ="" DESCRIPTION ="" EXPRESSION ="UPDATE_TIMESTAMP" EXPRESSIONTYPE ="GROUPBY" NAME ="UPDATE_TIMESTAMP" PICTURETEXT ="" PORTTYPE ="INPUT/OUTPUT" PRECISION ="29" SCALE ="9"/>
            <TABLEATTRIBUTE NAME ="Cache Directory" VALUE ="$PMCacheDir"/>
            <TABLEATTRIBUTE NAME ="Tracing Level" VALUE ="Normal"/>
            <TABLEATTRIBUTE NAME ="Sorted Input" VALUE ="NO"/>
            <TABLEATTRIBUTE NAME ="Aggregator Data Cache Size" VALUE ="Auto"/>
            <TABLEATTRIBUTE NAME ="Aggregator Index Cache Size" VALUE ="Auto"/>
            <TABLEATTRIBUTE NAME ="Transformation Scope" VALUE ="All Input"/>
        </TRANSFORMATION>
        <INSTANCE DESCRIPTION ="Target table." NAME ="INV_CLASS_SOURCE" TRANSFORMATION_NAME ="INV_CLASS_SOURCE" TRANSFORMATION_TYPE ="Target Definition" TYPE ="TARGET"/>
        <INSTANCE DBDNAME ="prod1" DESCRIPTION ="Source table." NAME ="INV_BAL_ARCHIVE" TRANSFORMATION_NAME ="INV_BAL_ARCHIVE" TRANSFORMATION_TYPE ="Source Definition" TYPE ="SOURCE"/>
        <INSTANCE DBDNAME ="SLBADW" DESCRIPTION ="Source" NAME ="LOAD_CONTROL_DATES" TRANSFORMATION_NAME ="LOAD_CONTROL_DATES" TRANSFORMATION_TYPE ="Source Definition" TYPE ="SOURCE"/>
        <INSTANCE DESCRIPTION ="This expression checks for null values and hardcodes the respective fields." NAME ="EXP_INV_CLASS" REUSABLE ="NO" TRANSFORMATION_NAME ="EXP_INV_CLASS" TRANSFORMATION_TYPE ="Expression" TYPE ="TRANSFORMATION"/>
        <INSTANCE DESCRIPTION ="Joiner to get the as_of_date based on LBU." NAME ="JNR_AS_OF_DATE" REUSABLE ="NO" TRANSFORMATION_NAME ="JNR_AS_OF_DATE" TRANSFORMATION_TYPE ="Joiner" TYPE ="TRANSFORMATION"/>
        <INSTANCE DESCRIPTION ="Reads data from the source table" NAME ="SQ_INV_BAL_ARCHIVE" REUSABLE ="NO" TRANSFORMATION_NAME ="SQ_INV_BAL_ARCHIVE" TRANSFORMATION_TYPE ="Source Qualifier" TYPE ="TRANSFORMATION">
            <ASSOCIATED_SOURCE_INSTANCE NAME ="INV_BAL_ARCHIVE"/>
        </INSTANCE>
        <INSTANCE DESCRIPTION ="Source Qualifier" NAME ="SQ_LOAD_CONTROL_DATES" REUSABLE ="NO" TRANSFORMATION_NAME ="SQ_LOAD_CONTROL_DATES" TRANSFORMATION_TYPE ="Source Qualifier" TYPE ="TRANSFORMATION">
            <ASSOCIATED_SOURCE_INSTANCE NAME ="LOAD_CONTROL_DATES"/>
        </INSTANCE>
        <INSTANCE DESCRIPTION ="This lookup transformation is used to lookup on the table load_control_dates based on lbu in (&apos;&apos; CH&apos;,all&apos;)." NAME ="LKP_LD_CTL_DATES" REUSABLE ="NO" TRANSFORMATION_NAME ="LKP_LD_CTL_DATES" TRANSFORMATION_TYPE ="Lookup Procedure" TYPE ="TRANSFORMATION"/>
        <INSTANCE DESCRIPTION ="Aggregate on primary key values" NAME ="AGG_INV_CLASS_SOURCE" REUSABLE ="NO" TRANSFORMATION_NAME ="AGG_INV_CLASS_SOURCE" TRANSFORMATION_TYPE ="Aggregator" TYPE ="TRANSFORMATION"/>
        <CONNECTOR FROMFIELD ="BUSINESS_UNIT" FROMINSTANCE ="AGG_INV_CLASS_SOURCE" FROMINSTANCETYPE ="Aggregator" TOFIELD ="BUSINESS_UNIT" TOINSTANCE ="INV_CLASS_SOURCE" TOINSTANCETYPE ="Target Definition"/>
        <CONNECTOR FROMFIELD ="PLANT" FROMINSTANCE ="AGG_INV_CLASS_SOURCE" FROMINSTANCETYPE ="Aggregator" TOFIELD ="PLANT" TOINSTANCE ="INV_CLASS_SOURCE" TOINSTANCETYPE ="Target Definition"/>
        <CONNECTOR FROMFIELD ="STYLE" FROMINSTANCE ="AGG_INV_CLASS_SOURCE" FROMINSTANCETYPE ="Aggregator" TOFIELD ="STYLE" TOINSTANCE ="INV_CLASS_SOURCE" TOINSTANCETYPE ="Target Definition"/>
        <CONNECTOR FROMFIELD ="COLOR" FROMINSTANCE ="AGG_INV_CLASS_SOURCE" FROMINSTANCETYPE ="Aggregator" TOFIELD ="COLOR" TOINSTANCE ="INV_CLASS_SOURCE" TOINSTANCETYPE ="Target Definition"/>
        <CONNECTOR FROMFIELD ="ATTRIBUTE_CD" FROMINSTANCE ="AGG_INV_CLASS_SOURCE" FROMINSTANCETYPE ="Aggregator" TOFIELD ="ATTRIBUTE_CD" TOINSTANCE ="INV_CLASS_SOURCE" TOINSTANCETYPE ="Target Definition"/>
        <CONNECTOR FROMFIELD ="SIZE_CD" FROMINSTANCE ="AGG_INV_CLASS_SOURCE" FROMINSTANCETYPE ="Aggregator" TOFIELD ="SIZE_CD" TOINSTANCE ="INV_CLASS_SOURCE" TOINSTANCETYPE ="Target Definition"/>
        <CONNECTOR FROMFIELD ="LEGACY_INV_CLASS" FROMINSTANCE ="AGG_INV_CLASS_SOURCE" FROMINSTANCETYPE ="Aggregator" TOFIELD ="LEGACY_INV_CLASS" TOINSTANCE ="INV_CLASS_SOURCE" TOINSTANCETYPE ="Target Definition"/>
        <CONNECTOR FROMFIELD ="INV_QTY" FROMINSTANCE ="AGG_INV_CLASS_SOURCE" FROMINSTANCETYPE ="Aggregator" TOFIELD ="INV_QTY" TOINSTANCE ="INV_CLASS_SOURCE" TOINSTANCETYPE ="Target Definition"/>
        <CONNECTOR FROMFIELD ="INV_DOLLARS" FROMINSTANCE ="AGG_INV_CLASS_SOURCE" FROMINSTANCETYPE ="Aggregator" TOFIELD ="INV_DOLLARS" TOINSTANCE ="INV_CLASS_SOURCE" TOINSTANCETYPE ="Target Definition"/>
        <CONNECTOR FROMFIELD ="UPDATE_TIMESTAMP" FROMINSTANCE ="AGG_INV_CLASS_SOURCE" FROMINSTANCETYPE ="Aggregator" TOFIELD ="UPDATE_TIMESTAMP" TOINSTANCE ="INV_CLASS_SOURCE" TOINSTANCETYPE ="Target Definition"/>
        <CONNECTOR FROMFIELD ="STYLE" FROMINSTANCE ="INV_BAL_ARCHIVE" FROMINSTANCETYPE ="Source Definition" TOFIELD ="STYLE" TOINSTANCE ="SQ_INV_BAL_ARCHIVE" TOINSTANCETYPE ="Source Qualifier"/>
        <CONNECTOR FROMFIELD ="COLOR" FROMINSTANCE ="INV_BAL_ARCHIVE" FROMINSTANCETYPE ="Source Definition" TOFIELD ="COLOR" TOINSTANCE ="SQ_INV_BAL_ARCHIVE" TOINSTANCETYPE ="Source Qualifier"/>
        <CONNECTOR FROMFIELD ="ATTRIBUTE_CD" FROMINSTANCE ="INV_BAL_ARCHIVE" FROMINSTANCETYPE ="Source Definition" TOFIELD ="ATTRIBUTE_CD" TOINSTANCE ="SQ_INV_BAL_ARCHIVE" TOINSTANCETYPE ="Source Qualifier"/>
        <CONNECTOR FROMFIELD ="SIZE_CD" FROMINSTANCE ="INV_BAL_ARCHIVE" FROMINSTANCETYPE ="Source Definition" TOFIELD ="SIZE_CD" TOINSTANCE ="SQ_INV_BAL_ARCHIVE" TOINSTANCETYPE ="Source Qualifier"/>
        <CONNECTOR FROMFIELD ="INVENTORY_LEVEL_CD" FROMINSTANCE ="INV_BAL_ARCHIVE" FROMINSTANCETYPE ="Source Definition" TOFIELD ="INVENTORY_CLASSIFICATION" TOINSTANCE ="SQ_INV_BAL_ARCHIVE" TOINSTANCETYPE ="Source Qualifier"/>
        <CONNECTOR FROMFIELD ="AS_OF_DATE" FROMINSTANCE ="INV_BAL_ARCHIVE" FROMINSTANCETYPE ="Source Definition" TOFIELD ="AS_OF_DATE" TOINSTANCE ="SQ_INV_BAL_ARCHIVE" TOINSTANCETYPE ="Source Qualifier"/>
        <CONNECTOR FROMFIELD ="PLANT" FROMINSTANCE ="INV_BAL_ARCHIVE" FROMINSTANCETYPE ="Source Definition" TOFIELD ="PLANT" TOINSTANCE ="SQ_INV_BAL_ARCHIVE" TOINSTANCETYPE ="Source Qualifier"/>
        <CONNECTOR FROMFIELD ="AS_OF_DATE" FROMINSTANCE ="LOAD_CONTROL_DATES" FROMINSTANCETYPE ="Source Definition" TOFIELD ="AS_OF_DATE" TOINSTANCE ="SQ_LOAD_CONTROL_DATES" TOINSTANCETYPE ="Source Qualifier"/>
        <CONNECTOR FROMFIELD ="LOAD_INDICATOR" FROMINSTANCE ="LOAD_CONTROL_DATES" FROMINSTANCETYPE ="Source Definition" TOFIELD ="LOAD_INDICATOR" TOINSTANCE ="SQ_LOAD_CONTROL_DATES" TOINSTANCETYPE ="Source Qualifier"/>
        <CONNECTOR FROMFIELD ="TABLE_NAME" FROMINSTANCE ="LOAD_CONTROL_DATES" FROMINSTANCETYPE ="Source Definition" TOFIELD ="TABLE_NAME" TOINSTANCE ="SQ_LOAD_CONTROL_DATES" TOINSTANCETYPE ="Source Qualifier"/>
        <CONNECTOR FROMFIELD ="LBU" FROMINSTANCE ="LOAD_CONTROL_DATES" FROMINSTANCETYPE ="Source Definition" TOFIELD ="LBU" TOINSTANCE ="SQ_LOAD_CONTROL_DATES" TOINSTANCETYPE ="Source Qualifier"/>
        <CONNECTOR FROMFIELD ="PLANT" FROMINSTANCE ="SQ_INV_BAL_ARCHIVE" FROMINSTANCETYPE ="Source Qualifier" TOFIELD ="I_PLANT" TOINSTANCE ="EXP_INV_CLASS" TOINSTANCETYPE ="Expression"/>
        <CONNECTOR FROMFIELD ="STYLE" FROMINSTANCE ="SQ_INV_BAL_ARCHIVE" FROMINSTANCETYPE ="Source Qualifier" TOFIELD ="I_STYLE" TOINSTANCE ="EXP_INV_CLASS" TOINSTANCETYPE ="Expression"/>
        <CONNECTOR FROMFIELD ="ATTRIBUTE_CD" FROMINSTANCE ="SQ_INV_BAL_ARCHIVE" FROMINSTANCETYPE ="Source Qualifier" TOFIELD ="I_ATTRIBUTE_CD" TOINSTANCE ="EXP_INV_CLASS" TOINSTANCETYPE ="Expression"/>
        <CONNECTOR FROMFIELD ="COLOR" FROMINSTANCE ="SQ_INV_BAL_ARCHIVE" FROMINSTANCETYPE ="Source Qualifier" TOFIELD ="I_COLOR" TOINSTANCE ="EXP_INV_CLASS" TOINSTANCETYPE ="Expression"/>
        <CONNECTOR FROMFIELD ="SIZE_CD" FROMINSTANCE ="SQ_INV_BAL_ARCHIVE" FROMINSTANCETYPE ="Source Qualifier" TOFIELD ="I_SIZE_CD" TOINSTANCE ="EXP_INV_CLASS" TOINSTANCETYPE ="Expression"/>
        <CONNECTOR FROMFIELD ="AS_OF_DATE" FROMINSTANCE ="SQ_INV_BAL_ARCHIVE" FROMINSTANCETYPE ="Source Qualifier" TOFIELD ="AS_OF_DATE" TOINSTANCE ="EXP_INV_CLASS" TOINSTANCETYPE ="Expression"/>
        <CONNECTOR FROMFIELD ="INVENTORY_CLASSIFICATION" FROMINSTANCE ="SQ_INV_BAL_ARCHIVE" FROMINSTANCETYPE ="Source Qualifier" TOFIELD ="INVENTORY_CLASSIFICATION" TOINSTANCE ="EXP_INV_CLASS" TOINSTANCETYPE ="Expression"/>
        <CONNECTOR FROMFIELD ="BUSINESS_UNIT" FROMINSTANCE ="EXP_INV_CLASS" FROMINSTANCETYPE ="Expression" TOFIELD ="BUSINESS_UNIT" TOINSTANCE ="JNR_AS_OF_DATE" TOINSTANCETYPE ="Joiner"/>
        <CONNECTOR FROMFIELD ="O_PLANT" FROMINSTANCE ="EXP_INV_CLASS" FROMINSTANCETYPE ="Expression" TOFIELD ="O_PLANT" TOINSTANCE ="JNR_AS_OF_DATE" TOINSTANCETYPE ="Joiner"/>
        <CONNECTOR FROMFIELD ="O_STYLE" FROMINSTANCE ="EXP_INV_CLASS" FROMINSTANCETYPE ="Expression" TOFIELD ="O_STYLE" TOINSTANCE ="JNR_AS_OF_DATE" TOINSTANCETYPE ="Joiner"/>
        <CONNECTOR FROMFIELD ="O_COLOR" FROMINSTANCE ="EXP_INV_CLASS" FROMINSTANCETYPE ="Expression" TOFIELD ="O_COLOR" TOINSTANCE ="JNR_AS_OF_DATE" TOINSTANCETYPE ="Joiner"/>
        <CONNECTOR FROMFIELD ="O_ATTRIBUTE_CD" FROMINSTANCE ="EXP_INV_CLASS" FROMINSTANCETYPE ="Expression" TOFIELD ="O_ATTRIBUTE_CD" TOINSTANCE ="JNR_AS_OF_DATE" TOINSTANCETYPE ="Joiner"/>
        <CONNECTOR FROMFIELD ="O_SIZE_CD" FROMINSTANCE ="EXP_INV_CLASS" FROMINSTANCETYPE ="Expression" TOFIELD ="O_SIZE_CD" TOINSTANCE ="JNR_AS_OF_DATE" TOINSTANCETYPE ="Joiner"/>
        <CONNECTOR FROMFIELD ="INVENTORY_CLASSIFICATION" FROMINSTANCE ="EXP_INV_CLASS" FROMINSTANCETYPE ="Expression" TOFIELD ="INVENTORY_CLASSIFICATION" TOINSTANCE ="JNR_AS_OF_DATE" TOINSTANCETYPE ="Joiner"/>
        <CONNECTOR FROMFIELD ="INV_QTY" FROMINSTANCE ="EXP_INV_CLASS" FROMINSTANCETYPE ="Expression" TOFIELD ="INV_QTY" TOINSTANCE ="JNR_AS_OF_DATE" TOINSTANCETYPE ="Joiner"/>
        <CONNECTOR FROMFIELD ="INV_DOLLARS" FROMINSTANCE ="EXP_INV_CLASS" FROMINSTANCETYPE ="Expression" TOFIELD ="INV_DOLLARS" TOINSTANCE ="JNR_AS_OF_DATE" TOINSTANCETYPE ="Joiner"/>
        <CONNECTOR FROMFIELD ="O_LBU" FROMINSTANCE ="EXP_INV_CLASS" FROMINSTANCETYPE ="Expression" TOFIELD ="O_LBU" TOINSTANCE ="JNR_AS_OF_DATE" TOINSTANCETYPE ="Joiner"/>
        <CONNECTOR FROMFIELD ="AS_OF_DATE" FROMINSTANCE ="EXP_INV_CLASS" FROMINSTANCETYPE ="Expression" TOFIELD ="AS_OF_DATE" TOINSTANCE ="JNR_AS_OF_DATE" TOINSTANCETYPE ="Joiner"/>
        <CONNECTOR FROMFIELD ="BUSINESS_UNIT" FROMINSTANCE ="JNR_AS_OF_DATE" FROMINSTANCETYPE ="Joiner" TOFIELD ="BUSINESS_UNIT" TOINSTANCE ="AGG_INV_CLASS_SOURCE" TOINSTANCETYPE ="Aggregator"/>
        <CONNECTOR FROMFIELD ="O_PLANT" FROMINSTANCE ="JNR_AS_OF_DATE" FROMINSTANCETYPE ="Joiner" TOFIELD ="PLANT" TOINSTANCE ="AGG_INV_CLASS_SOURCE" TOINSTANCETYPE ="Aggregator"/>
        <CONNECTOR FROMFIELD ="O_STYLE" FROMINSTANCE ="JNR_AS_OF_DATE" FROMINSTANCETYPE ="Joiner" TOFIELD ="STYLE" TOINSTANCE ="AGG_INV_CLASS_SOURCE" TOINSTANCETYPE ="Aggregator"/>
        <CONNECTOR FROMFIELD ="O_COLOR" FROMINSTANCE ="JNR_AS_OF_DATE" FROMINSTANCETYPE ="Joiner" TOFIELD ="COLOR" TOINSTANCE ="AGG_INV_CLASS_SOURCE" TOINSTANCETYPE ="Aggregator"/>
        <CONNECTOR FROMFIELD ="O_ATTRIBUTE_CD" FROMINSTANCE ="JNR_AS_OF_DATE" FROMINSTANCETYPE ="Joiner" TOFIELD ="ATTRIBUTE_CD" TOINSTANCE ="AGG_INV_CLASS_SOURCE" TOINSTANCETYPE ="Aggregator"/>
        <CONNECTOR FROMFIELD ="O_SIZE_CD" FROMINSTANCE ="JNR_AS_OF_DATE" FROMINSTANCETYPE ="Joiner" TOFIELD ="SIZE_CD" TOINSTANCE ="AGG_INV_CLASS_SOURCE" TOINSTANCETYPE ="Aggregator"/>
        <CONNECTOR FROMFIELD ="INVENTORY_CLASSIFICATION" FROMINSTANCE ="JNR_AS_OF_DATE" FROMINSTANCETYPE ="Joiner" TOFIELD ="LEGACY_INV_CLASS" TOINSTANCE ="AGG_INV_CLASS_SOURCE" TOINSTANCETYPE ="Aggregator"/>
        <CONNECTOR FROMFIELD ="INV_QTY" FROMINSTANCE ="JNR_AS_OF_DATE" FROMINSTANCETYPE ="Joiner" TOFIELD ="INV_QTY" TOINSTANCE ="AGG_INV_CLASS_SOURCE" TOINSTANCETYPE ="Aggregator"/>
        <CONNECTOR FROMFIELD ="INV_DOLLARS" FROMINSTANCE ="JNR_AS_OF_DATE" FROMINSTANCETYPE ="Joiner" TOFIELD ="INV_DOLLARS" TOINSTANCE ="AGG_INV_CLASS_SOURCE" TOINSTANCETYPE ="Aggregator"/>
        <CONNECTOR FROMFIELD ="AS_OF_DATE" FROMINSTANCE ="JNR_AS_OF_DATE" FROMINSTANCETYPE ="Joiner" TOFIELD ="UPDATE_TIMESTAMP" TOINSTANCE ="AGG_INV_CLASS_SOURCE" TOINSTANCETYPE ="Aggregator"/>
        <CONNECTOR FROMFIELD ="AS_OF_DATE" FROMINSTANCE ="SQ_LOAD_CONTROL_DATES" FROMINSTANCETYPE ="Source Qualifier" TOFIELD ="AS_OF_DATE1" TOINSTANCE ="JNR_AS_OF_DATE" TOINSTANCETYPE ="Joiner"/>
        <CONNECTOR FROMFIELD ="LOAD_INDICATOR" FROMINSTANCE ="SQ_LOAD_CONTROL_DATES" FROMINSTANCETYPE ="Source Qualifier" TOFIELD ="LOAD_INDICATOR" TOINSTANCE ="JNR_AS_OF_DATE" TOINSTANCETYPE ="Joiner"/>
        <CONNECTOR FROMFIELD ="TABLE_NAME" FROMINSTANCE ="SQ_LOAD_CONTROL_DATES" FROMINSTANCETYPE ="Source Qualifier" TOFIELD ="TABLE_NAME" TOINSTANCE ="JNR_AS_OF_DATE" TOINSTANCETYPE ="Joiner"/>
        <CONNECTOR FROMFIELD ="LBU" FROMINSTANCE ="SQ_LOAD_CONTROL_DATES" FROMINSTANCETYPE ="Source Qualifier" TOFIELD ="LBU" TOINSTANCE ="JNR_AS_OF_DATE" TOINSTANCETYPE ="Joiner"/>
        <TARGETLOADORDER ORDER ="1" TARGETINSTANCE ="INV_CLASS_SOURCE"/>
        <ERPINFO/>
        <METADATAEXTENSION DATATYPE ="STRING" DESCRIPTION ="Conversion Mapping Name with version " DOMAINNAME ="User Defined Metadata Domain" ISCLIENTEDITABLE ="YES" ISCLIENTVISIBLE ="YES" ISREUSABLE ="NO" ISSHAREREAD ="NO" ISSHAREWRITE ="NO" MAXLENGTH ="256" NAME ="CONV_MAP_NAME" VALUE ="" VENDORNAME ="INFORMATICA"/>
    </MAPPING>
    <CONFIG DESCRIPTION ="Default session configuration object" ISDEFAULT ="YES" NAME ="default_session_config" VERSIONNUMBER ="1">
        <ATTRIBUTE NAME ="Advanced" VALUE =""/>
        <ATTRIBUTE NAME ="Constraint based load ordering" VALUE ="NO"/>
        <ATTRIBUTE NAME ="Cache LOOKUP() function" VALUE ="YES"/>
        <ATTRIBUTE NAME ="Default buffer block size" VALUE ="Auto"/>
        <ATTRIBUTE NAME ="Line Sequential buffer length" VALUE ="1024"/>
        <ATTRIBUTE NAME ="Maximum Memory Allowed For Auto Memory Attributes" VALUE ="0"/>
        <ATTRIBUTE NAME ="Maximum Percentage of Total Memory Allowed For Auto Memory Attributes" VALUE ="5"/>
        <ATTRIBUTE NAME ="Additional Concurrent Pipelines for Lookup Cache Creation" VALUE ="0"/>
        <ATTRIBUTE NAME ="Custom Properties" VALUE =""/>
        <ATTRIBUTE NAME ="Pre-build lookup cache" VALUE ="Auto"/>
        <ATTRIBUTE NAME ="Optimization Level" VALUE ="Medium"/>
        <ATTRIBUTE NAME ="DateTime Format String" VALUE ="MM/DD/YYYY HH24:MI:SS.US"/>
        <ATTRIBUTE NAME ="Pre 85 Timestamp Compatibility" VALUE ="NO"/>
        <ATTRIBUTE NAME ="Log Options" VALUE ="0"/>
        <ATTRIBUTE NAME ="Save session log by" VALUE ="Session runs"/>
        <ATTRIBUTE NAME ="Save session log for these runs" VALUE ="9"/>
        <ATTRIBUTE NAME ="Session Log File Max Size" VALUE ="0"/>
        <ATTRIBUTE NAME ="Session Log File Max Time Period" VALUE ="0"/>
        <ATTRIBUTE NAME ="Maximum Partial Session Log Files" VALUE ="1"/>
        <ATTRIBUTE NAME ="Writer Commit Statistics Log Frequency" VALUE ="1"/>
        <ATTRIBUTE NAME ="Writer Commit Statistics Log Interval" VALUE ="0"/>
        <ATTRIBUTE NAME ="Error handling" VALUE =""/>
        <ATTRIBUTE NAME ="Stop on errors" VALUE ="1"/>
        <ATTRIBUTE NAME ="Override tracing" VALUE ="None"/>
        <ATTRIBUTE NAME ="On Stored Procedure error" VALUE ="Stop"/>
        <ATTRIBUTE NAME ="On Pre-session command task error" VALUE ="Stop"/>
        <ATTRIBUTE NAME ="On Pre-Post SQL error" VALUE ="Stop"/>
        <ATTRIBUTE NAME ="Enable Recovery" VALUE ="NO"/>
        <ATTRIBUTE NAME ="Error Log Type" VALUE ="None"/>
        <ATTRIBUTE NAME ="Error Log Table Name Prefix" VALUE =""/>
        <ATTRIBUTE NAME ="Error Log File Name" VALUE ="PMError.log"/>
        <ATTRIBUTE NAME ="Log Source Row Data" VALUE ="NO"/>
        <ATTRIBUTE NAME ="Data Column Delimiter" VALUE ="|"/>
        <ATTRIBUTE NAME ="Partitioning Options" VALUE =""/>
        <ATTRIBUTE NAME ="Dynamic Partitioning" VALUE ="Disabled"/>
        <ATTRIBUTE NAME ="Number of Partitions" VALUE ="1"/>
        <ATTRIBUTE NAME ="Multiplication Factor" VALUE ="Auto"/>
        <ATTRIBUTE NAME ="Session on Grid" VALUE =""/>
        <ATTRIBUTE NAME ="Is Enabled" VALUE ="NO"/>
    </CONFIG>
    <SESSION DESCRIPTION ="This session is used to delete champion records from taret table inv_class_source." ISVALID ="YES" MAPPINGNAME ="m_INV_CH" NAME ="s_m_INV_CH_DEL" REUSABLE ="YES" SORTORDER ="Binary" VERSIONNUMBER ="1">
        <SESSTRANSFORMATIONINST ISREPARTITIONPOINT ="YES" PARTITIONTYPE ="PASS THROUGH" PIPELINE ="1" SINSTANCENAME ="INV_CLASS_SOURCE" STAGE ="1" TRANSFORMATIONNAME ="INV_CLASS_SOURCE" TRANSFORMATIONTYPE ="Target Definition"/>
        <SESSTRANSFORMATIONINST ISREPARTITIONPOINT ="NO" PIPELINE ="0" SINSTANCENAME ="INV_BAL_ARCHIVE" STAGE ="0" TRANSFORMATIONNAME ="INV_BAL_ARCHIVE" TRANSFORMATIONTYPE ="Source Definition"/>
        <SESSTRANSFORMATIONINST ISREPARTITIONPOINT ="YES" PARTITIONTYPE ="PASS THROUGH" PIPELINE ="1" SINSTANCENAME ="SQ_INV_BAL_ARCHIVE" STAGE ="2" TRANSFORMATIONNAME ="SQ_INV_BAL_ARCHIVE" TRANSFORMATIONTYPE ="Source Qualifier">
            <ATTRIBUTE NAME ="Sql Query" VALUE ="Select&#xD;&#xA;i.PLANT as PLANT, &#xD;&#xA;i.STYLE as STYLE, &#xD;&#xA;i.COLOR as COLOR, &#xD;&#xA;i.ATTRIBUTE_CD as ATTRIBUTE_CD,&#xD;&#xA;i.SIZE_CD as SIZE_CD,&#xD;&#xA;i.QUALITY_CD || sk.Life_CYCLE_CD as  INVENTORY_CLASSIFICATION,&#xD;&#xA;i.AS_OF_DATE as AS_OF_DATE&#xD;&#xA;FROM&#xD;&#xA;    INV_BAL_ARCHIVE i,&#xD;&#xA;    STYLE st,&#xD;&#xA;    CORP_DIVISION c,&#xD;&#xA;    SKU sk&#xD;&#xA;&#xD;&#xA;Where&#xD;&#xA;    st.STYLE_CD = i.STYLE and&#xD;&#xA;    st.CORP_DIVISION_CD = c.CORP_DIVISION_CD and&#xD;&#xA;    c.CORP_BUSINESS_UNIT = &apos;CHP&apos; and&#xD;&#xA;    i.STYLE = sk.STYLE_CD and&#xD;&#xA;    i.COLOR = sk.COLOR_CD and&#xD;&#xA;    i.ATTRIBUTE_CD = sk.ATTRIBUTE_CD and&#xD;&#xA;    i.SIZE_CD = sk.SIZE_CD"/>
        </SESSTRANSFORMATIONINST>
        <SESSTRANSFORMATIONINST ISREPARTITIONPOINT ="NO" PIPELINE ="1" SINSTANCENAME ="EXP_INV_CLASS" STAGE ="2" TRANSFORMATIONNAME ="EXP_INV_CLASS" TRANSFORMATIONTYPE ="Expression">
            <PARTITION DESCRIPTION ="" NAME ="Partition #1"/>
        </SESSTRANSFORMATIONINST>
        <SESSTRANSFORMATIONINST ISREPARTITIONPOINT ="YES" PARTITIONTYPE ="HASH AUTO KEYS" PIPELINE ="1" SINSTANCENAME ="AGG_INV_CLASS_SOURCE" STAGE ="3" TRANSFORMATIONNAME ="AGG_INV_CLASS_SOURCE" TRANSFORMATIONTYPE ="Aggregator">
            <PARTITION DESCRIPTION ="" NAME ="Partition #1"/>
        </SESSTRANSFORMATIONINST>
        <SESSTRANSFORMATIONINST ISREPARTITIONPOINT ="NO" PIPELINE ="0" SINSTANCENAME ="LKP_LD_CTL_DATES" STAGE ="0" TRANSFORMATIONNAME ="LKP_LD_CTL_DATES" TRANSFORMATIONTYPE ="Lookup Procedure">
            <ATTRIBUTE NAME ="Connection Information" VALUE ="Relational:SLBADW"/>
        </SESSTRANSFORMATIONINST>
        <SESSTRANSFORMATIONINST ISREPARTITIONPOINT ="NO" PIPELINE ="0" SINSTANCENAME ="LOAD_CONTROL_DATES" STAGE ="0" TRANSFORMATIONNAME ="LOAD_CONTROL_DATES" TRANSFORMATIONTYPE ="Source Definition"/>
        <SESSTRANSFORMATIONINST ISREPARTITIONPOINT ="YES" PARTITIONTYPE ="PASS THROUGH" PIPELINE ="2" SINSTANCENAME ="SQ_LOAD_CONTROL_DATES" STAGE ="4" TRANSFORMATIONNAME ="SQ_LOAD_CONTROL_DATES" TRANSFORMATIONTYPE ="Source Qualifier"/>
        <SESSTRANSFORMATIONINST ISREPARTITIONPOINT ="NO" PIPELINE ="1" SINSTANCENAME ="JNR_AS_OF_DATE" STAGE ="2" TRANSFORMATIONNAME ="JNR_AS_OF_DATE" TRANSFORMATIONTYPE ="Joiner">
            <PARTITION DESCRIPTION ="" NAME ="Partition #1"/>
        </SESSTRANSFORMATIONINST>
        <CONFIGREFERENCE REFOBJECTNAME ="default_session_config" TYPE ="Session config">
            <ATTRIBUTE NAME ="Save session log for these runs" VALUE ="9"/>
            <ATTRIBUTE NAME ="Stop on errors" VALUE ="1"/>
        </CONFIGREFERENCE>
        <SESSIONEXTENSION NAME ="Relational Writer" SINSTANCENAME ="INV_CLASS_SOURCE" SUBTYPE ="Relational Writer" TRANSFORMATIONTYPE ="Target Definition" TYPE ="WRITER">
            <CONNECTIONREFERENCE CNXREFNAME ="DB Connection" CONNECTIONNAME ="SLBADW" CONNECTIONNUMBER ="1" CONNECTIONSUBTYPE ="Oracle" CONNECTIONTYPE ="Relational" VARIABLE =""/>
            <ATTRIBUTE NAME ="Target load type" VALUE ="Normal"/>
            <ATTRIBUTE NAME ="Insert" VALUE ="NO"/>
            <ATTRIBUTE NAME ="Update as Update" VALUE ="NO"/>
            <ATTRIBUTE NAME ="Update as Insert" VALUE ="NO"/>
            <ATTRIBUTE NAME ="Update else Insert" VALUE ="NO"/>
            <ATTRIBUTE NAME ="Delete" VALUE ="YES"/>
            <ATTRIBUTE NAME ="Truncate target table option" VALUE ="NO"/>
            <ATTRIBUTE NAME ="Reject file directory" VALUE ="$PMBadFileDir&#x5c;INVENTORY_ANALYSIS&#x5c;BAD&#x5c;"/>
            <ATTRIBUTE NAME ="Reject filename" VALUE ="s_m_INV_CH_DEL.bad"/>
        </SESSIONEXTENSION>
        <SESSIONEXTENSION DSQINSTNAME ="SQ_INV_BAL_ARCHIVE" DSQINSTTYPE ="Source Qualifier" NAME ="Relational Reader" SINSTANCENAME ="INV_BAL_ARCHIVE" SUBTYPE ="Relational Reader" TRANSFORMATIONTYPE ="Source Definition" TYPE ="READER"/>
        <SESSIONEXTENSION NAME ="Relational Reader" SINSTANCENAME ="SQ_INV_BAL_ARCHIVE" SUBTYPE ="Relational Reader" TRANSFORMATIONTYPE ="Source Qualifier" TYPE ="READER">
            <CONNECTIONREFERENCE CNXREFNAME ="DB Connection" CONNECTIONNAME ="PROD1" CONNECTIONNUMBER ="1" CONNECTIONSUBTYPE ="Oracle" CONNECTIONTYPE ="Relational" VARIABLE =""/>
        </SESSIONEXTENSION>
        <SESSIONEXTENSION NAME ="Relational Lookup" SINSTANCENAME ="LKP_LD_CTL_DATES" SUBTYPE ="Relational Lookup" TRANSFORMATIONTYPE ="Lookup Procedure" TYPE ="LOOKUPEXTENSION">
            <CONNECTIONREFERENCE CNXREFNAME ="DB Connection" CONNECTIONNAME ="SLBADW" CONNECTIONNUMBER ="1" CONNECTIONSUBTYPE ="Oracle" CONNECTIONTYPE ="Relational" VARIABLE =""/>
        </SESSIONEXTENSION>
        <SESSIONEXTENSION DSQINSTNAME ="SQ_LOAD_CONTROL_DATES" DSQINSTTYPE ="Source Qualifier" NAME ="Relational Reader" SINSTANCENAME ="LOAD_CONTROL_DATES" SUBTYPE ="Relational Reader" TRANSFORMATIONTYPE ="Source Definition" TYPE ="READER"/>
        <SESSIONEXTENSION NAME ="Relational Reader" SINSTANCENAME ="SQ_LOAD_CONTROL_DATES" SUBTYPE ="Relational Reader" TRANSFORMATIONTYPE ="Source Qualifier" TYPE ="READER">
            <CONNECTIONREFERENCE CNXREFNAME ="DB Connection" CONNECTIONNAME ="SLBADW" CONNECTIONNUMBER ="1" CONNECTIONSUBTYPE ="Oracle" CONNECTIONTYPE ="Relational" VARIABLE =""/>
        </SESSIONEXTENSION>
        <ATTRIBUTE NAME ="General Options" VALUE =""/>
        <ATTRIBUTE NAME ="Write Backward Compatible Session Log File" VALUE ="YES"/>
        <ATTRIBUTE NAME ="Session Log File Name" VALUE ="s_m_INV_CH_DEL.log"/>
        <ATTRIBUTE NAME ="Session Log File directory" VALUE ="$PMSessionLogDir&#x5c;INVENTORY_ANALYSIS&#x5c;LOG&#x5c;"/>
        <ATTRIBUTE NAME ="Parameter Filename" VALUE =""/>
        <ATTRIBUTE NAME ="Enable Test Load" VALUE ="NO"/>
        <ATTRIBUTE NAME ="$Source connection value" VALUE =""/>
        <ATTRIBUTE NAME ="$Target connection value" VALUE =""/>
        <ATTRIBUTE NAME ="Treat source rows as" VALUE ="Delete"/>
        <ATTRIBUTE NAME ="Commit Type" VALUE ="Target"/>
        <ATTRIBUTE NAME ="Commit Interval" VALUE ="2000000"/>
        <ATTRIBUTE NAME ="Commit On End Of File" VALUE ="YES"/>
        <ATTRIBUTE NAME ="Rollback Transactions on Errors" VALUE ="NO"/>
        <ATTRIBUTE NAME ="Recovery Strategy" VALUE ="Restart task"/>
        <ATTRIBUTE NAME ="Java Classpath" VALUE =""/>
        <ATTRIBUTE NAME ="Performance" VALUE =""/>
        <ATTRIBUTE NAME ="DTM buffer size" VALUE ="Auto"/>
        <ATTRIBUTE NAME ="Collect performance data" VALUE ="NO"/>
        <ATTRIBUTE NAME ="Write performance data to repository" VALUE ="NO"/>
        <ATTRIBUTE NAME ="Incremental Aggregation" VALUE ="NO"/>
        <ATTRIBUTE NAME ="Enable high precision" VALUE ="NO"/>
        <ATTRIBUTE NAME ="Session retry on deadlock" VALUE ="NO"/>
        <ATTRIBUTE NAME ="Pushdown Optimization" VALUE ="None"/>
        <ATTRIBUTE NAME ="Allow Temporary View for Pushdown" VALUE ="NO"/>
        <ATTRIBUTE NAME ="Allow Temporary Sequence for Pushdown" VALUE ="NO"/>
        <ATTRIBUTE NAME ="Allow Pushdown for User Incompatible Connections" VALUE ="NO"/>
        <METADATAEXTENSION DATATYPE ="STRING" DESCRIPTION ="Conversion Mapping  Name with version " DOMAINNAME ="User Defined Metadata Domain" ISCLIENTEDITABLE ="YES" ISCLIENTVISIBLE ="YES" ISREUSABLE ="NO" ISSHAREREAD ="NO" ISSHAREWRITE ="NO" MAXLENGTH ="256" NAME ="CONV_MAP_NAME" VALUE ="" VENDORNAME ="INFORMATICA"/>
    </SESSION>
    <SESSION DESCRIPTION ="session runs the mapping m_inv_ch which is to load champion records to taret table inv_class_source." ISVALID ="YES" MAPPINGNAME ="m_INV_CH" NAME ="s_m_INV_CH" REUSABLE ="YES" SORTORDER ="Binary" VERSIONNUMBER ="1">
        <SESSTRANSFORMATIONINST ISREPARTITIONPOINT ="YES" PARTITIONTYPE ="PASS THROUGH" PIPELINE ="1" SINSTANCENAME ="INV_CLASS_SOURCE" STAGE ="1" TRANSFORMATIONNAME ="INV_CLASS_SOURCE" TRANSFORMATIONTYPE ="Target Definition"/>
        <SESSTRANSFORMATIONINST ISREPARTITIONPOINT ="NO" PIPELINE ="0" SINSTANCENAME ="INV_BAL_ARCHIVE" STAGE ="0" TRANSFORMATIONNAME ="INV_BAL_ARCHIVE" TRANSFORMATIONTYPE ="Source Definition"/>
        <SESSTRANSFORMATIONINST ISREPARTITIONPOINT ="YES" PARTITIONTYPE ="PASS THROUGH" PIPELINE ="1" SINSTANCENAME ="SQ_INV_BAL_ARCHIVE" STAGE ="2" TRANSFORMATIONNAME ="SQ_INV_BAL_ARCHIVE" TRANSFORMATIONTYPE ="Source Qualifier">
            <ATTRIBUTE NAME ="Sql Query" VALUE ="Select&#xD;&#xA;i.PLANT as PLANT, &#xD;&#xA;i.STYLE as STYLE, &#xD;&#xA;i.COLOR as COLOR, &#xD;&#xA;i.ATTRIBUTE_CD as ATTRIBUTE_CD,&#xD;&#xA;i.SIZE_CD as SIZE_CD,&#xD;&#xA;i.QUALITY_CD || sk.Life_CYCLE_CD as  INVENTORY_CLASSIFICATION,&#xD;&#xA;i.AS_OF_DATE as AS_OF_DATE&#xD;&#xA;FROM&#xD;&#xA;    INV_BAL_ARCHIVE i,&#xD;&#xA;    STYLE st,&#xD;&#xA;    CORP_DIVISION c,&#xD;&#xA;    SKU sk&#xD;&#xA;&#xD;&#xA;Where&#xD;&#xA;    st.STYLE_CD = i.STYLE and&#xD;&#xA;    st.CORP_DIVISION_CD = c.CORP_DIVISION_CD and&#xD;&#xA;    c.CORP_BUSINESS_UNIT = &apos;CHP&apos; and&#xD;&#xA;    i.STYLE = sk.STYLE_CD and&#xD;&#xA;    i.COLOR = sk.COLOR_CD and&#xD;&#xA;    i.ATTRIBUTE_CD = sk.ATTRIBUTE_CD and&#xD;&#xA;    i.SIZE_CD = sk.SIZE_CD"/>
        </SESSTRANSFORMATIONINST>
        <SESSTRANSFORMATIONINST ISREPARTITIONPOINT ="NO" PIPELINE ="1" SINSTANCENAME ="EXP_INV_CLASS" STAGE ="2" TRANSFORMATIONNAME ="EXP_INV_CLASS" TRANSFORMATIONTYPE ="Expression">
            <PARTITION DESCRIPTION ="" NAME ="Partition #1"/>
        </SESSTRANSFORMATIONINST>
        <SESSTRANSFORMATIONINST ISREPARTITIONPOINT ="YES" PARTITIONTYPE ="HASH AUTO KEYS" PIPELINE ="1" SINSTANCENAME ="AGG_INV_CLASS_SOURCE" STAGE ="3" TRANSFORMATIONNAME ="AGG_INV_CLASS_SOURCE" TRANSFORMATIONTYPE ="Aggregator">
            <PARTITION DESCRIPTION ="" NAME ="Partition #1"/>
        </SESSTRANSFORMATIONINST>
        <SESSTRANSFORMATIONINST ISREPARTITIONPOINT ="NO" PIPELINE ="0" SINSTANCENAME ="LKP_LD_CTL_DATES" STAGE ="0" TRANSFORMATIONNAME ="LKP_LD_CTL_DATES" TRANSFORMATIONTYPE ="Lookup Procedure">
            <ATTRIBUTE NAME ="Connection Information" VALUE ="Relational:SLBADW"/>
        </SESSTRANSFORMATIONINST>
        <SESSTRANSFORMATIONINST ISREPARTITIONPOINT ="NO" PIPELINE ="0" SINSTANCENAME ="LOAD_CONTROL_DATES" STAGE ="0" TRANSFORMATIONNAME ="LOAD_CONTROL_DATES" TRANSFORMATIONTYPE ="Source Definition"/>
        <SESSTRANSFORMATIONINST ISREPARTITIONPOINT ="YES" PARTITIONTYPE ="PASS THROUGH" PIPELINE ="2" SINSTANCENAME ="SQ_LOAD_CONTROL_DATES" STAGE ="4" TRANSFORMATIONNAME ="SQ_LOAD_CONTROL_DATES" TRANSFORMATIONTYPE ="Source Qualifier"/>
        <SESSTRANSFORMATIONINST ISREPARTITIONPOINT ="NO" PIPELINE ="1" SINSTANCENAME ="JNR_AS_OF_DATE" STAGE ="2" TRANSFORMATIONNAME ="JNR_AS_OF_DATE" TRANSFORMATIONTYPE ="Joiner">
            <PARTITION DESCRIPTION ="" NAME ="Partition #1"/>
        </SESSTRANSFORMATIONINST>
        <CONFIGREFERENCE REFOBJECTNAME ="default_session_config" TYPE ="Session config">
            <ATTRIBUTE NAME ="Save session log for these runs" VALUE ="9"/>
            <ATTRIBUTE NAME ="Stop on errors" VALUE ="1"/>
        </CONFIGREFERENCE>
        <SESSIONEXTENSION NAME ="Relational Writer" SINSTANCENAME ="INV_CLASS_SOURCE" SUBTYPE ="Relational Writer" TRANSFORMATIONTYPE ="Target Definition" TYPE ="WRITER">
            <CONNECTIONREFERENCE CNXREFNAME ="DB Connection" CONNECTIONNAME ="SLBADW" CONNECTIONNUMBER ="1" CONNECTIONSUBTYPE ="Oracle" CONNECTIONTYPE ="Relational" VARIABLE =""/>
            <ATTRIBUTE NAME ="Target load type" VALUE ="Normal"/>
            <ATTRIBUTE NAME ="Insert" VALUE ="YES"/>
            <ATTRIBUTE NAME ="Update as Update" VALUE ="NO"/>
            <ATTRIBUTE NAME ="Update as Insert" VALUE ="NO"/>
            <ATTRIBUTE NAME ="Update else Insert" VALUE ="YES"/>
            <ATTRIBUTE NAME ="Delete" VALUE ="NO"/>
            <ATTRIBUTE NAME ="Truncate target table option" VALUE ="NO"/>
            <ATTRIBUTE NAME ="Reject file directory" VALUE ="$PMBadFileDir&#x5c;INVENTORY_ANALYSIS&#x5c;BAD&#x5c;"/>
            <ATTRIBUTE NAME ="Reject filename" VALUE ="s_m_INV_CH.bad"/>
        </SESSIONEXTENSION>
        <SESSIONEXTENSION DSQINSTNAME ="SQ_INV_BAL_ARCHIVE" DSQINSTTYPE ="Source Qualifier" NAME ="Relational Reader" SINSTANCENAME ="INV_BAL_ARCHIVE" SUBTYPE ="Relational Reader" TRANSFORMATIONTYPE ="Source Definition" TYPE ="READER"/>
        <SESSIONEXTENSION NAME ="Relational Reader" SINSTANCENAME ="SQ_INV_BAL_ARCHIVE" SUBTYPE ="Relational Reader" TRANSFORMATIONTYPE ="Source Qualifier" TYPE ="READER">
            <CONNECTIONREFERENCE CNXREFNAME ="DB Connection" CONNECTIONNAME ="PROD1" CONNECTIONNUMBER ="1" CONNECTIONSUBTYPE ="Oracle" CONNECTIONTYPE ="Relational" VARIABLE =""/>
        </SESSIONEXTENSION>
        <SESSIONEXTENSION NAME ="Relational Lookup" SINSTANCENAME ="LKP_LD_CTL_DATES" SUBTYPE ="Relational Lookup" TRANSFORMATIONTYPE ="Lookup Procedure" TYPE ="LOOKUPEXTENSION">
            <CONNECTIONREFERENCE CNXREFNAME ="DB Connection" CONNECTIONNAME ="SLBADW" CONNECTIONNUMBER ="1" CONNECTIONSUBTYPE ="Oracle" CONNECTIONTYPE ="Relational" VARIABLE =""/>
        </SESSIONEXTENSION>
        <SESSIONEXTENSION DSQINSTNAME ="SQ_LOAD_CONTROL_DATES" DSQINSTTYPE ="Source Qualifier" NAME ="Relational Reader" SINSTANCENAME ="LOAD_CONTROL_DATES" SUBTYPE ="Relational Reader" TRANSFORMATIONTYPE ="Source Definition" TYPE ="READER"/>
        <SESSIONEXTENSION NAME ="Relational Reader" SINSTANCENAME ="SQ_LOAD_CONTROL_DATES" SUBTYPE ="Relational Reader" TRANSFORMATIONTYPE ="Source Qualifier" TYPE ="READER">
            <CONNECTIONREFERENCE CNXREFNAME ="DB Connection" CONNECTIONNAME ="SLBADW" CONNECTIONNUMBER ="1" CONNECTIONSUBTYPE ="Oracle" CONNECTIONTYPE ="Relational" VARIABLE =""/>
        </SESSIONEXTENSION>
        <ATTRIBUTE NAME ="General Options" VALUE =""/>
        <ATTRIBUTE NAME ="Write Backward Compatible Session Log File" VALUE ="YES"/>
        <ATTRIBUTE NAME ="Session Log File Name" VALUE ="s_m_INV_CH.log"/>
        <ATTRIBUTE NAME ="Session Log File directory" VALUE ="$PMSessionLogDir&#x5c;INVENTORY_ANALYSIS&#x5c;LOG&#x5c;"/>
        <ATTRIBUTE NAME ="Parameter Filename" VALUE =""/>
        <ATTRIBUTE NAME ="Enable Test Load" VALUE ="NO"/>
        <ATTRIBUTE NAME ="$Source connection value" VALUE =""/>
        <ATTRIBUTE NAME ="$Target connection value" VALUE ="Relational:SLBADW"/>
        <ATTRIBUTE NAME ="Treat source rows as" VALUE ="Insert"/>
        <ATTRIBUTE NAME ="Commit Type" VALUE ="Target"/>
        <ATTRIBUTE NAME ="Commit Interval" VALUE ="2000000"/>
        <ATTRIBUTE NAME ="Commit On End Of File" VALUE ="YES"/>
        <ATTRIBUTE NAME ="Rollback Transactions on Errors" VALUE ="NO"/>
        <ATTRIBUTE NAME ="Recovery Strategy" VALUE ="Restart task"/>
        <ATTRIBUTE NAME ="Java Classpath" VALUE =""/>
        <ATTRIBUTE NAME ="Performance" VALUE =""/>
        <ATTRIBUTE NAME ="DTM buffer size" VALUE ="Auto"/>
        <ATTRIBUTE NAME ="Collect performance data" VALUE ="NO"/>
        <ATTRIBUTE NAME ="Write performance data to repository" VALUE ="NO"/>
        <ATTRIBUTE NAME ="Incremental Aggregation" VALUE ="NO"/>
        <ATTRIBUTE NAME ="Enable high precision" VALUE ="NO"/>
        <ATTRIBUTE NAME ="Session retry on deadlock" VALUE ="NO"/>
        <ATTRIBUTE NAME ="Pushdown Optimization" VALUE ="None"/>
        <ATTRIBUTE NAME ="Allow Temporary View for Pushdown" VALUE ="NO"/>
        <ATTRIBUTE NAME ="Allow Temporary Sequence for Pushdown" VALUE ="NO"/>
        <ATTRIBUTE NAME ="Allow Pushdown for User Incompatible Connections" VALUE ="NO"/>
        <METADATAEXTENSION DATATYPE ="STRING" DESCRIPTION ="Conversion Mapping  Name with version " DOMAINNAME ="User Defined Metadata Domain" ISCLIENTEDITABLE ="YES" ISCLIENTVISIBLE ="YES" ISREUSABLE ="NO" ISSHAREREAD ="NO" ISSHAREWRITE ="NO" MAXLENGTH ="256" NAME ="CONV_MAP_NAME" VALUE ="" VENDORNAME ="INFORMATICA"/>
    </SESSION>
    <WORKFLOW DESCRIPTION ="This workflow runs the session s_m_inv_ch_load." ISENABLED ="YES" ISRUNNABLESERVICE ="NO" ISSERVICE ="NO" ISVALID ="YES" NAME ="wf_s_m_INV_CH" REUSABLE_SCHEDULER ="NO" SCHEDULERNAME ="Scheduler" SERVERNAME ="Domain10_PRD_Int_Svc" SERVER_DOMAINNAME ="Domain10_PRD" SUSPEND_ON_ERROR ="NO" TASKS_MUST_RUN_ON_SERVER ="NO" VERSIONNUMBER ="1">
        <SCHEDULER DESCRIPTION ="" NAME ="Scheduler" REUSABLE ="NO" VERSIONNUMBER ="1">
            <SCHEDULEINFO SCHEDULETYPE ="ONDEMAND"/>
        </SCHEDULER>
        <TASK DESCRIPTION ="" NAME ="cntl_abend" REUSABLE ="NO" TYPE ="Control" VERSIONNUMBER ="1">
            <ATTRIBUTE NAME ="Control Option" VALUE ="Fail me"/>
        </TASK>
        <TASK DESCRIPTION ="" NAME ="Start" REUSABLE ="NO" TYPE ="Start" VERSIONNUMBER ="1"/>
        <TASKINSTANCE DESCRIPTION ="" FAIL_PARENT_IF_INSTANCE_DID_NOT_RUN ="NO" FAIL_PARENT_IF_INSTANCE_FAILS ="YES" ISENABLED ="YES" NAME ="cntl_abend" REUSABLE ="NO" TASKNAME ="cntl_abend" TASKTYPE ="Control" TREAT_INPUTLINK_AS_AND ="NO"/>
        <TASKINSTANCE DESCRIPTION ="This session is used to delete champion records from taret table inv_class_source." FAIL_PARENT_IF_INSTANCE_DID_NOT_RUN ="YES" FAIL_PARENT_IF_INSTANCE_FAILS ="YES" ISENABLED ="YES" NAME ="s_m_INV_CH_DEL" REUSABLE ="YES" TASKNAME ="s_m_INV_CH_DEL" TASKTYPE ="Session" TREAT_INPUTLINK_AS_AND ="NO"/>
        <TASKINSTANCE DESCRIPTION ="" ISENABLED ="YES" NAME ="Start" REUSABLE ="NO" TASKNAME ="Start" TASKTYPE ="Start"/>
        <TASKINSTANCE DESCRIPTION ="session runs the mapping m_inv_ch which is to load champion records to taret table inv_class_source." FAIL_PARENT_IF_INSTANCE_DID_NOT_RUN ="YES" FAIL_PARENT_IF_INSTANCE_FAILS ="YES" ISENABLED ="YES" NAME ="s_m_INV_CH_LOAD" REUSABLE ="YES" TASKNAME ="s_m_INV_CH" TASKTYPE ="Session" TREAT_INPUTLINK_AS_AND ="NO"/>
        <WORKFLOWLINK CONDITION ="$s_m_INV_CH_LOAD.TgtSuccessRows=0" FROMTASK ="s_m_INV_CH_LOAD" TOTASK ="cntl_abend"/>
        <WORKFLOWLINK CONDITION ="" FROMTASK ="Start" TOTASK ="s_m_INV_CH_DEL"/>
        <WORKFLOWLINK CONDITION ="$s_m_INV_CH_DEL.Status=SUCCEEDED" FROMTASK ="s_m_INV_CH_DEL" TOTASK ="s_m_INV_CH_LOAD"/>
        <WORKFLOWVARIABLE DATATYPE ="date/time" DEFAULTVALUE ="" DESCRIPTION ="The time this task started" ISNULL ="NO" ISPERSISTENT ="NO" NAME ="$cntl_abend.StartTime" USERDEFINED ="NO"/>
        <WORKFLOWVARIABLE DATATYPE ="date/time" DEFAULTVALUE ="" DESCRIPTION ="The time this task completed" ISNULL ="NO" ISPERSISTENT ="NO" NAME ="$cntl_abend.EndTime" USERDEFINED ="NO"/>
        <WORKFLOWVARIABLE DATATYPE ="integer" DEFAULTVALUE ="" DESCRIPTION ="Status of this task&apos;s execution" ISNULL ="NO" ISPERSISTENT ="NO" NAME ="$cntl_abend.Status" USERDEFINED ="NO"/>
        <WORKFLOWVARIABLE DATATYPE ="integer" DEFAULTVALUE ="" DESCRIPTION ="Status of the previous task that is not disabled" ISNULL ="NO" ISPERSISTENT ="NO" NAME ="$cntl_abend.PrevTaskStatus" USERDEFINED ="NO"/>
        <WORKFLOWVARIABLE DATATYPE ="integer" DEFAULTVALUE ="" DESCRIPTION ="Error code for this task&apos;s execution" ISNULL ="NO" ISPERSISTENT ="NO" NAME ="$cntl_abend.ErrorCode" USERDEFINED ="NO"/>
        <WORKFLOWVARIABLE DATATYPE ="string" DEFAULTVALUE ="" DESCRIPTION ="Error message for this task&apos;s execution" ISNULL ="NO" ISPERSISTENT ="NO" NAME ="$cntl_abend.ErrorMsg" USERDEFINED ="NO"/>
        <WORKFLOWVARIABLE DATATYPE ="date/time" DEFAULTVALUE ="" DESCRIPTION ="The time this task started" ISNULL ="NO" ISPERSISTENT ="NO" NAME ="$s_m_INV_CH_DEL.StartTime" USERDEFINED ="NO"/>
        <WORKFLOWVARIABLE DATATYPE ="date/time" DEFAULTVALUE ="" DESCRIPTION ="The time this task completed" ISNULL ="NO" ISPERSISTENT ="NO" NAME ="$s_m_INV_CH_DEL.EndTime" USERDEFINED ="NO"/>
        <WORKFLOWVARIABLE DATATYPE ="integer" DEFAULTVALUE ="" DESCRIPTION ="Status of this task&apos;s execution" ISNULL ="NO" ISPERSISTENT ="NO" NAME ="$s_m_INV_CH_DEL.Status" USERDEFINED ="NO"/>
        <WORKFLOWVARIABLE DATATYPE ="integer" DEFAULTVALUE ="" DESCRIPTION ="Status of the previous task that is not disabled" ISNULL ="NO" ISPERSISTENT ="NO" NAME ="$s_m_INV_CH_DEL.PrevTaskStatus" USERDEFINED ="NO"/>
        <WORKFLOWVARIABLE DATATYPE ="integer" DEFAULTVALUE ="" DESCRIPTION ="Error code for this task&apos;s execution" ISNULL ="NO" ISPERSISTENT ="NO" NAME ="$s_m_INV_CH_DEL.ErrorCode" USERDEFINED ="NO"/>
        <WORKFLOWVARIABLE DATATYPE ="string" DEFAULTVALUE ="" DESCRIPTION ="Error message for this task&apos;s execution" ISNULL ="NO" ISPERSISTENT ="NO" NAME ="$s_m_INV_CH_DEL.ErrorMsg" USERDEFINED ="NO"/>
        <WORKFLOWVARIABLE DATATYPE ="integer" DEFAULTVALUE ="" DESCRIPTION ="Rows successfully read" ISNULL ="NO" ISPERSISTENT ="NO" NAME ="$s_m_INV_CH_DEL.SrcSuccessRows" USERDEFINED ="NO"/>
        <WORKFLOWVARIABLE DATATYPE ="integer" DEFAULTVALUE ="" DESCRIPTION ="Rows failed to read" ISNULL ="NO" ISPERSISTENT ="NO" NAME ="$s_m_INV_CH_DEL.SrcFailedRows" USERDEFINED ="NO"/>
        <WORKFLOWVARIABLE DATATYPE ="integer" DEFAULTVALUE ="" DESCRIPTION ="Rows successfully loaded" ISNULL ="NO" ISPERSISTENT ="NO" NAME ="$s_m_INV_CH_DEL.TgtSuccessRows" USERDEFINED ="NO"/>
        <WORKFLOWVARIABLE DATATYPE ="integer" DEFAULTVALUE ="" DESCRIPTION ="Rows failed to load" ISNULL ="NO" ISPERSISTENT ="NO" NAME ="$s_m_INV_CH_DEL.TgtFailedRows" USERDEFINED ="NO"/>
        <WORKFLOWVARIABLE DATATYPE ="integer" DEFAULTVALUE ="" DESCRIPTION ="Total number of transformation errors" ISNULL ="NO" ISPERSISTENT ="NO" NAME ="$s_m_INV_CH_DEL.TotalTransErrors" USERDEFINED ="NO"/>
        <WORKFLOWVARIABLE DATATYPE ="integer" DEFAULTVALUE ="" DESCRIPTION ="First error code" ISNULL ="NO" ISPERSISTENT ="NO" NAME ="$s_m_INV_CH_DEL.FirstErrorCode" USERDEFINED ="NO"/>
        <WORKFLOWVARIABLE DATATYPE ="string" DEFAULTVALUE ="" DESCRIPTION ="First error message" ISNULL ="NO" ISPERSISTENT ="NO" NAME ="$s_m_INV_CH_DEL.FirstErrorMsg" USERDEFINED ="NO"/>
        <WORKFLOWVARIABLE DATATYPE ="date/time" DEFAULTVALUE ="" DESCRIPTION ="The time this task started" ISNULL ="NO" ISPERSISTENT ="NO" NAME ="$Start.StartTime" USERDEFINED ="NO"/>
        <WORKFLOWVARIABLE DATATYPE ="date/time" DEFAULTVALUE ="" DESCRIPTION ="The time this task completed" ISNULL ="NO" ISPERSISTENT ="NO" NAME ="$Start.EndTime" USERDEFINED ="NO"/>
        <WORKFLOWVARIABLE DATATYPE ="integer" DEFAULTVALUE ="" DESCRIPTION ="Status of this task&apos;s execution" ISNULL ="NO" ISPERSISTENT ="NO" NAME ="$Start.Status" USERDEFINED ="NO"/>
        <WORKFLOWVARIABLE DATATYPE ="integer" DEFAULTVALUE ="" DESCRIPTION ="Status of the previous task that is not disabled" ISNULL ="NO" ISPERSISTENT ="NO" NAME ="$Start.PrevTaskStatus" USERDEFINED ="NO"/>
        <WORKFLOWVARIABLE DATATYPE ="integer" DEFAULTVALUE ="" DESCRIPTION ="Error code for this task&apos;s execution" ISNULL ="NO" ISPERSISTENT ="NO" NAME ="$Start.ErrorCode" USERDEFINED ="NO"/>
        <WORKFLOWVARIABLE DATATYPE ="string" DEFAULTVALUE ="" DESCRIPTION ="Error message for this task&apos;s execution" ISNULL ="NO" ISPERSISTENT ="NO" NAME ="$Start.ErrorMsg" USERDEFINED ="NO"/>
        <WORKFLOWVARIABLE DATATYPE ="date/time" DEFAULTVALUE ="" DESCRIPTION ="The time this task started" ISNULL ="NO" ISPERSISTENT ="NO" NAME ="$s_m_INV_CH_LOAD.StartTime" USERDEFINED ="NO"/>
        <WORKFLOWVARIABLE DATATYPE ="date/time" DEFAULTVALUE ="" DESCRIPTION ="The time this task completed" ISNULL ="NO" ISPERSISTENT ="NO" NAME ="$s_m_INV_CH_LOAD.EndTime" USERDEFINED ="NO"/>
        <WORKFLOWVARIABLE DATATYPE ="integer" DEFAULTVALUE ="" DESCRIPTION ="Status of this task&apos;s execution" ISNULL ="NO" ISPERSISTENT ="NO" NAME ="$s_m_INV_CH_LOAD.Status" USERDEFINED ="NO"/>
        <WORKFLOWVARIABLE DATATYPE ="integer" DEFAULTVALUE ="" DESCRIPTION ="Status of the previous task that is not disabled" ISNULL ="NO" ISPERSISTENT ="NO" NAME ="$s_m_INV_CH_LOAD.PrevTaskStatus" USERDEFINED ="NO"/>
        <WORKFLOWVARIABLE DATATYPE ="integer" DEFAULTVALUE ="" DESCRIPTION ="Error code for this task&apos;s execution" ISNULL ="NO" ISPERSISTENT ="NO" NAME ="$s_m_INV_CH_LOAD.ErrorCode" USERDEFINED ="NO"/>
        <WORKFLOWVARIABLE DATATYPE ="string" DEFAULTVALUE ="" DESCRIPTION ="Error message for this task&apos;s execution" ISNULL ="NO" ISPERSISTENT ="NO" NAME ="$s_m_INV_CH_LOAD.ErrorMsg" USERDEFINED ="NO"/>
        <WORKFLOWVARIABLE DATATYPE ="integer" DEFAULTVALUE ="" DESCRIPTION ="Rows successfully read" ISNULL ="NO" ISPERSISTENT ="NO" NAME ="$s_m_INV_CH_LOAD.SrcSuccessRows" USERDEFINED ="NO"/>
        <WORKFLOWVARIABLE DATATYPE ="integer" DEFAULTVALUE ="" DESCRIPTION ="Rows failed to read" ISNULL ="NO" ISPERSISTENT ="NO" NAME ="$s_m_INV_CH_LOAD.SrcFailedRows" USERDEFINED ="NO"/>
        <WORKFLOWVARIABLE DATATYPE ="integer" DEFAULTVALUE ="" DESCRIPTION ="Rows successfully loaded" ISNULL ="NO" ISPERSISTENT ="NO" NAME ="$s_m_INV_CH_LOAD.TgtSuccessRows" USERDEFINED ="NO"/>
        <WORKFLOWVARIABLE DATATYPE ="integer" DEFAULTVALUE ="" DESCRIPTION ="Rows failed to load" ISNULL ="NO" ISPERSISTENT ="NO" NAME ="$s_m_INV_CH_LOAD.TgtFailedRows" USERDEFINED ="NO"/>
        <WORKFLOWVARIABLE DATATYPE ="integer" DEFAULTVALUE ="" DESCRIPTION ="Total number of transformation errors" ISNULL ="NO" ISPERSISTENT ="NO" NAME ="$s_m_INV_CH_LOAD.TotalTransErrors" USERDEFINED ="NO"/>
        <WORKFLOWVARIABLE DATATYPE ="integer" DEFAULTVALUE ="" DESCRIPTION ="First error code" ISNULL ="NO" ISPERSISTENT ="NO" NAME ="$s_m_INV_CH_LOAD.FirstErrorCode" USERDEFINED ="NO"/>
        <WORKFLOWVARIABLE DATATYPE ="string" DEFAULTVALUE ="" DESCRIPTION ="First error message" ISNULL ="NO" ISPERSISTENT ="NO" NAME ="$s_m_INV_CH_LOAD.FirstErrorMsg" USERDEFINED ="NO"/>
        <ATTRIBUTE NAME ="Parameter Filename" VALUE =""/>
        <ATTRIBUTE NAME ="Write Backward Compatible Workflow Log File" VALUE ="YES"/>
        <ATTRIBUTE NAME ="Workflow Log File Name" VALUE ="wf_s_m_INV_CH.log"/>
        <ATTRIBUTE NAME ="Workflow Log File Directory" VALUE ="$PMWorkflowLogDir&#x5c;INVENTORY_ANALYSIS&#x5c;LOG&#x5c;"/>
        <ATTRIBUTE NAME ="Save Workflow log by" VALUE ="By runs"/>
        <ATTRIBUTE NAME ="Save workflow log for these runs" VALUE ="9"/>
        <ATTRIBUTE NAME ="Service Name" VALUE =""/>
        <ATTRIBUTE NAME ="Service Timeout" VALUE ="0"/>
        <ATTRIBUTE NAME ="Is Service Visible" VALUE ="NO"/>
        <ATTRIBUTE NAME ="Is Service Protected" VALUE ="NO"/>
        <ATTRIBUTE NAME ="Fail task after wait time" VALUE ="0"/>
        <ATTRIBUTE NAME ="Enable HA recovery" VALUE ="NO"/>
        <ATTRIBUTE NAME ="Automatically recover terminated tasks" VALUE ="NO"/>
        <ATTRIBUTE NAME ="Service Level Name" VALUE ="Default"/>
        <ATTRIBUTE NAME ="Allow concurrent run with unique run instance name" VALUE ="NO"/>
        <ATTRIBUTE NAME ="Allow concurrent run with same run instance name" VALUE ="NO"/>
        <ATTRIBUTE NAME ="Maximum number of concurrent runs" VALUE ="0"/>
        <ATTRIBUTE NAME ="Assigned Web Services Hubs" VALUE =""/>
        <ATTRIBUTE NAME ="Maximum number of concurrent runs per Hub" VALUE ="1000"/>
        <ATTRIBUTE NAME ="Expected Service Time" VALUE ="1"/>
        <METADATAEXTENSION DATATYPE ="STRING" DESCRIPTION ="Conversion Mapping Name with version " DOMAINNAME ="User Defined Metadata Domain" ISCLIENTEDITABLE ="YES" ISCLIENTVISIBLE ="YES" ISREUSABLE ="NO" ISSHAREREAD ="NO" ISSHAREWRITE ="NO" MAXLENGTH ="256" NAME ="CONV_MAP_NAME" VALUE ="" VENDORNAME ="INFORMATICA"/>
        <METADATAEXTENSION DATATYPE ="STRING" DESCRIPTION ="" DOMAINNAME ="User Defined Metadata Domain" ISCLIENTEDITABLE ="YES" ISCLIENTVISIBLE ="YES" ISREUSABLE ="NO" ISSHAREREAD ="NO" ISSHAREWRITE ="NO" MAXLENGTH ="256" NAME ="Extension" VALUE ="CM - MarginLoss - stgMarginLossExpenseToStgFactSalesNew v1.0" VENDORNAME ="INFORMATICA"/>
    </WORKFLOW>
</FOLDER>
</REPOSITORY>
</POWERMART>