<?xml version="1.0" encoding="Windows-1252"?>
<!DOCTYPE POWERMART SYSTEM "powrmart.dtd">
<POWERMART CREATION_DATE="05/20/2024 09:34:58" REPOSITORY_VERSION="187.96">
<REPOSITORY NAME="Domain10_Rep_Svc_Prd" VERSION="187" CODEPAGE="MS1252" DATABASETYPE="Microsoft SQL Server">
<FOLDER NAME="INVENTORY_ANALYSIS" GROUP="" OWNER="Administrator" SHARED="NOTSHARED" DESCRIPTION="" PERMISSIONS="rwx---r--" UUID="27b7fb57-5066-4c7e-aee4-118d44bfa5b6">
    <SOURCE BUSINESSNAME ="" DATABASETYPE ="Oracle" DBDNAME ="SLBADW" DESCRIPTION ="" NAME ="STG_RMLCA_FGRM_INFO" OBJECTVERSION ="1" OWNERNAME ="PUBLIC" VERSIONNUMBER ="1">
        <SOURCEFIELD BUSINESSNAME ="" DATATYPE ="varchar2" DESCRIPTION ="" FIELDNUMBER ="1" FIELDPROPERTY ="0" FIELDTYPE ="ELEMITEM" HIDDEN ="NO" KEYTYPE ="NOT A KEY" LENGTH ="0" LEVEL ="0" NAME ="COMP_STYLE_CD" NULLABLE ="NULL" OCCURS ="0" OFFSET ="0" PHYSICALLENGTH ="6" PHYSICALOFFSET ="0" PICTURETEXT ="" PRECISION ="6" SCALE ="0" USAGE_FLAGS =""/>
        <SOURCEFIELD BUSINESSNAME ="" DATATYPE ="varchar2" DESCRIPTION ="" FIELDNUMBER ="2" FIELDPROPERTY ="0" FIELDTYPE ="ELEMITEM" HIDDEN ="NO" KEYTYPE ="NOT A KEY" LENGTH ="0" LEVEL ="0" NAME ="COMP_COLOR_CD" NULLABLE ="NULL" OCCURS ="0" OFFSET ="0" PHYSICALLENGTH ="4" PHYSICALOFFSET ="6" PICTURETEXT ="" PRECISION ="4" SCALE ="0" USAGE_FLAGS =""/>
        <SOURCEFIELD BUSINESSNAME ="" DATATYPE ="varchar2" DESCRIPTION ="" FIELDNUMBER ="3" FIELDPROPERTY ="0" FIELDTYPE ="ELEMITEM" HIDDEN ="NO" KEYTYPE ="NOT A KEY" LENGTH ="0" LEVEL ="0" NAME ="COMP_ATTRIBUTE_CD" NULLABLE ="NULL" OCCURS ="0" OFFSET ="0" PHYSICALLENGTH ="6" PHYSICALOFFSET ="10" PICTURETEXT ="" PRECISION ="6" SCALE ="0" USAGE_FLAGS =""/>
        <SOURCEFIELD BUSINESSNAME ="" DATATYPE ="varchar2" DESCRIPTION ="" FIELDNUMBER ="4" FIELDPROPERTY ="0" FIELDTYPE ="ELEMITEM" HIDDEN ="NO" KEYTYPE ="NOT A KEY" LENGTH ="0" LEVEL ="0" NAME ="COMP_SIZE_CD" NULLABLE ="NULL" OCCURS ="0" OFFSET ="0" PHYSICALLENGTH ="3" PHYSICALOFFSET ="16" PICTURETEXT ="" PRECISION ="3" SCALE ="0" USAGE_FLAGS =""/>
        <SOURCEFIELD BUSINESSNAME ="" DATATYPE ="varchar2" DESCRIPTION ="" FIELDNUMBER ="5" FIELDPROPERTY ="0" FIELDTYPE ="ELEMITEM" HIDDEN ="NO" KEYTYPE ="NOT A KEY" LENGTH ="0" LEVEL ="0" NAME ="RM_SKU" NULLABLE ="NULL" OCCURS ="0" OFFSET ="0" PHYSICALLENGTH ="25" PHYSICALOFFSET ="19" PICTURETEXT ="" PRECISION ="25" SCALE ="0" USAGE_FLAGS =""/>
        <SOURCEFIELD BUSINESSNAME ="" DATATYPE ="varchar2" DESCRIPTION ="" FIELDNUMBER ="6" FIELDPROPERTY ="0" FIELDTYPE ="ELEMITEM" HIDDEN ="NO" KEYTYPE ="NOT A KEY" LENGTH ="0" LEVEL ="0" NAME ="COMP_PLANT" NULLABLE ="NULL" OCCURS ="0" OFFSET ="0" PHYSICALLENGTH ="2" PHYSICALOFFSET ="44" PICTURETEXT ="" PRECISION ="2" SCALE ="0" USAGE_FLAGS =""/>
        <SOURCEFIELD BUSINESSNAME ="" DATATYPE ="varchar2" DESCRIPTION ="" FIELDNUMBER ="7" FIELDPROPERTY ="0" FIELDTYPE ="ELEMITEM" HIDDEN ="NO" KEYTYPE ="NOT A KEY" LENGTH ="0" LEVEL ="0" NAME ="ALT_PLANT" NULLABLE ="NULL" OCCURS ="0" OFFSET ="0" PHYSICALLENGTH ="6" PHYSICALOFFSET ="46" PICTURETEXT ="" PRECISION ="6" SCALE ="0" USAGE_FLAGS =""/>
        <SOURCEFIELD BUSINESSNAME ="" DATATYPE ="varchar2" DESCRIPTION ="" FIELDNUMBER ="8" FIELDPROPERTY ="0" FIELDTYPE ="ELEMITEM" HIDDEN ="NO" KEYTYPE ="NOT A KEY" LENGTH ="0" LEVEL ="0" NAME ="CORP_DIVISION" NULLABLE ="NULL" OCCURS ="0" OFFSET ="0" PHYSICALLENGTH ="2" PHYSICALOFFSET ="52" PICTURETEXT ="" PRECISION ="2" SCALE ="0" USAGE_FLAGS =""/>
        <SOURCEFIELD BUSINESSNAME ="" DATATYPE ="number" DESCRIPTION ="" FIELDNUMBER ="9" FIELDPROPERTY ="0" FIELDTYPE ="ELEMITEM" HIDDEN ="NO" KEYTYPE ="NOT A KEY" LENGTH ="24" LEVEL ="0" NAME ="MIN_LCA_PRIORITY" NULLABLE ="NULL" OCCURS ="0" OFFSET ="0" PHYSICALLENGTH ="15" PHYSICALOFFSET ="54" PICTURETEXT ="" PRECISION ="15" SCALE ="0" USAGE_FLAGS =""/>
        <SOURCEFIELD BUSINESSNAME ="" DATATYPE ="varchar2" DESCRIPTION ="" FIELDNUMBER ="10" FIELDPROPERTY ="0" FIELDTYPE ="ELEMITEM" HIDDEN ="NO" KEYTYPE ="NOT A KEY" LENGTH ="0" LEVEL ="0" NAME ="LCA_NOTES" NULLABLE ="NULL" OCCURS ="0" OFFSET ="24" PHYSICALLENGTH ="25" PHYSICALOFFSET ="69" PICTURETEXT ="" PRECISION ="25" SCALE ="0" USAGE_FLAGS =""/>
        <SOURCEFIELD BUSINESSNAME ="" DATATYPE ="number" DESCRIPTION ="" FIELDNUMBER ="11" FIELDPROPERTY ="0" FIELDTYPE ="ELEMITEM" HIDDEN ="NO" KEYTYPE ="NOT A KEY" LENGTH ="24" LEVEL ="0" NAME ="SSIDX" NULLABLE ="NULL" OCCURS ="0" OFFSET ="24" PHYSICALLENGTH ="15" PHYSICALOFFSET ="94" PICTURETEXT ="" PRECISION ="15" SCALE ="0" USAGE_FLAGS =""/>
        <SOURCEFIELD BUSINESSNAME ="" DATATYPE ="number" DESCRIPTION ="" FIELDNUMBER ="12" FIELDPROPERTY ="0" FIELDTYPE ="ELEMITEM" HIDDEN ="NO" KEYTYPE ="NOT A KEY" LENGTH ="24" LEVEL ="0" NAME ="RM_PRODUCTION" NULLABLE ="NULL" OCCURS ="0" OFFSET ="48" PHYSICALLENGTH ="15" PHYSICALOFFSET ="109" PICTURETEXT ="" PRECISION ="15" SCALE ="0" USAGE_FLAGS =""/>
        <SOURCEFIELD BUSINESSNAME ="" DATATYPE ="number" DESCRIPTION ="" FIELDNUMBER ="13" FIELDPROPERTY ="0" FIELDTYPE ="ELEMITEM" HIDDEN ="NO" KEYTYPE ="NOT A KEY" LENGTH ="24" LEVEL ="0" NAME ="TIL" NULLABLE ="NULL" OCCURS ="0" OFFSET ="72" PHYSICALLENGTH ="15" PHYSICALOFFSET ="124" PICTURETEXT ="" PRECISION ="15" SCALE ="0" USAGE_FLAGS =""/>
        <SOURCEFIELD BUSINESSNAME ="" DATATYPE ="varchar2" DESCRIPTION ="" FIELDNUMBER ="14" FIELDPROPERTY ="0" FIELDTYPE ="ELEMITEM" HIDDEN ="NO" KEYTYPE ="NOT A KEY" LENGTH ="0" LEVEL ="0" NAME ="HUB_MEMBER" NULLABLE ="NULL" OCCURS ="0" OFFSET ="96" PHYSICALLENGTH ="6" PHYSICALOFFSET ="139" PICTURETEXT ="" PRECISION ="6" SCALE ="0" USAGE_FLAGS =""/>
        <SOURCEFIELD BUSINESSNAME ="" DATATYPE ="number" DESCRIPTION ="" FIELDNUMBER ="15" FIELDPROPERTY ="0" FIELDTYPE ="ELEMITEM" HIDDEN ="NO" KEYTYPE ="NOT A KEY" LENGTH ="24" LEVEL ="0" NAME ="ORIG_ALLOCATION_QTY" NULLABLE ="NULL" OCCURS ="0" OFFSET ="96" PHYSICALLENGTH ="15" PHYSICALOFFSET ="145" PICTURETEXT ="" PRECISION ="15" SCALE ="0" USAGE_FLAGS =""/>
        <SOURCEFIELD BUSINESSNAME ="" DATATYPE ="number" DESCRIPTION ="" FIELDNUMBER ="16" FIELDPROPERTY ="0" FIELDTYPE ="ELEMITEM" HIDDEN ="NO" KEYTYPE ="NOT A KEY" LENGTH ="24" LEVEL ="0" NAME ="RM_LCA_PRIORITY" NULLABLE ="NULL" OCCURS ="0" OFFSET ="120" PHYSICALLENGTH ="15" PHYSICALOFFSET ="160" PICTURETEXT ="" PRECISION ="15" SCALE ="0" USAGE_FLAGS =""/>
        <SOURCEFIELD BUSINESSNAME ="" DATATYPE ="varchar2" DESCRIPTION ="" FIELDNUMBER ="17" FIELDPROPERTY ="0" FIELDTYPE ="ELEMITEM" HIDDEN ="NO" KEYTYPE ="NOT A KEY" LENGTH ="0" LEVEL ="0" NAME ="RM_LCA_NOTES" NULLABLE ="NULL" OCCURS ="0" OFFSET ="144" PHYSICALLENGTH ="25" PHYSICALOFFSET ="175" PICTURETEXT ="" PRECISION ="25" SCALE ="0" USAGE_FLAGS =""/>
        <SOURCEFIELD BUSINESSNAME ="" DATATYPE ="varchar2" DESCRIPTION ="" FIELDNUMBER ="18" FIELDPROPERTY ="0" FIELDTYPE ="ELEMITEM" HIDDEN ="NO" KEYTYPE ="NOT A KEY" LENGTH ="0" LEVEL ="0" NAME ="TIL_IND" NULLABLE ="NULL" OCCURS ="0" OFFSET ="144" PHYSICALLENGTH ="1" PHYSICALOFFSET ="200" PICTURETEXT ="" PRECISION ="1" SCALE ="0" USAGE_FLAGS =""/>
        <SOURCEFIELD BUSINESSNAME ="" DATATYPE ="date" DESCRIPTION ="" FIELDNUMBER ="19" FIELDPROPERTY ="0" FIELDTYPE ="ELEMITEM" HIDDEN ="NO" KEYTYPE ="NOT A KEY" LENGTH ="19" LEVEL ="0" NAME ="AS_OF_DATE" NULLABLE ="NULL" OCCURS ="0" OFFSET ="144" PHYSICALLENGTH ="19" PHYSICALOFFSET ="201" PICTURETEXT ="" PRECISION ="19" SCALE ="0" USAGE_FLAGS =""/>
        <SOURCEFIELD BUSINESSNAME ="" DATATYPE ="date" DESCRIPTION ="" FIELDNUMBER ="20" FIELDPROPERTY ="0" FIELDTYPE ="ELEMITEM" HIDDEN ="NO" KEYTYPE ="NOT A KEY" LENGTH ="19" LEVEL ="0" NAME ="RM_DISCO_DATE" NULLABLE ="NULL" OCCURS ="0" OFFSET ="163" PHYSICALLENGTH ="19" PHYSICALOFFSET ="220" PICTURETEXT ="" PRECISION ="19" SCALE ="0" USAGE_FLAGS =""/>
        <SOURCEFIELD BUSINESSNAME ="" DATATYPE ="varchar2" DESCRIPTION ="" FIELDNUMBER ="21" FIELDPROPERTY ="0" FIELDTYPE ="ELEMITEM" HIDDEN ="NO" KEYTYPE ="NOT A KEY" LENGTH ="0" LEVEL ="0" NAME ="SBU_DESC" NULLABLE ="NULL" OCCURS ="0" OFFSET ="182" PHYSICALLENGTH ="30" PHYSICALOFFSET ="239" PICTURETEXT ="" PRECISION ="30" SCALE ="0" USAGE_FLAGS =""/>
        <SOURCEFIELD BUSINESSNAME ="" DATATYPE ="varchar2" DESCRIPTION ="" FIELDNUMBER ="22" FIELDPROPERTY ="0" FIELDTYPE ="ELEMITEM" HIDDEN ="NO" KEYTYPE ="NOT A KEY" LENGTH ="0" LEVEL ="0" NAME ="DIVISION_CODE" NULLABLE ="NULL" OCCURS ="0" OFFSET ="182" PHYSICALLENGTH ="4" PHYSICALOFFSET ="269" PICTURETEXT ="" PRECISION ="4" SCALE ="0" USAGE_FLAGS =""/>
    </SOURCE>
    <TARGET BUSINESSNAME ="" CONSTRAINT ="" DATABASETYPE ="Oracle" DESCRIPTION ="" NAME ="STG_RMLCA_RM_INFO" OBJECTVERSION ="1" TABLEOPTIONS ="" VERSIONNUMBER ="1">
        <TARGETFIELD BUSINESSNAME ="" DATATYPE ="varchar2" DESCRIPTION ="" FIELDNUMBER ="1" KEYTYPE ="NOT A KEY" NAME ="COMP_STYLE_CD" NULLABLE ="NULL" PICTURETEXT ="" PRECISION ="6" SCALE ="0"/>
        <TARGETFIELD BUSINESSNAME ="" DATATYPE ="varchar2" DESCRIPTION ="" FIELDNUMBER ="2" KEYTYPE ="NOT A KEY" NAME ="COMP_COLOR_CD" NULLABLE ="NULL" PICTURETEXT ="" PRECISION ="4" SCALE ="0"/>
        <TARGETFIELD BUSINESSNAME ="" DATATYPE ="varchar2" DESCRIPTION ="" FIELDNUMBER ="3" KEYTYPE ="NOT A KEY" NAME ="COMP_ATTRIBUTE_CD" NULLABLE ="NULL" PICTURETEXT ="" PRECISION ="6" SCALE ="0"/>
        <TARGETFIELD BUSINESSNAME ="" DATATYPE ="varchar2" DESCRIPTION ="" FIELDNUMBER ="4" KEYTYPE ="NOT A KEY" NAME ="COMP_SIZE_CD" NULLABLE ="NULL" PICTURETEXT ="" PRECISION ="3" SCALE ="0"/>
        <TARGETFIELD BUSINESSNAME ="" DATATYPE ="varchar2" DESCRIPTION ="" FIELDNUMBER ="5" KEYTYPE ="NOT A KEY" NAME ="RM_SKU" NULLABLE ="NULL" PICTURETEXT ="" PRECISION ="25" SCALE ="0"/>
        <TARGETFIELD BUSINESSNAME ="" DATATYPE ="varchar2" DESCRIPTION ="" FIELDNUMBER ="6" KEYTYPE ="NOT A KEY" NAME ="COMP_PLANT" NULLABLE ="NULL" PICTURETEXT ="" PRECISION ="2" SCALE ="0"/>
        <TARGETFIELD BUSINESSNAME ="" DATATYPE ="varchar2" DESCRIPTION ="" FIELDNUMBER ="7" KEYTYPE ="NOT A KEY" NAME ="CORP_DIVISION" NULLABLE ="NULL" PICTURETEXT ="" PRECISION ="2" SCALE ="0"/>
        <TARGETFIELD BUSINESSNAME ="" DATATYPE ="number" DESCRIPTION ="" FIELDNUMBER ="8" KEYTYPE ="NOT A KEY" NAME ="RM_LCA_PRIORITY" NULLABLE ="NULL" PICTURETEXT ="" PRECISION ="15" SCALE ="0"/>
        <TARGETFIELD BUSINESSNAME ="" DATATYPE ="varchar2" DESCRIPTION ="" FIELDNUMBER ="9" KEYTYPE ="NOT A KEY" NAME ="RM_LCA_NOTES" NULLABLE ="NULL" PICTURETEXT ="" PRECISION ="21" SCALE ="0"/>
        <TARGETFIELD BUSINESSNAME ="" DATATYPE ="number" DESCRIPTION ="" FIELDNUMBER ="10" KEYTYPE ="NOT A KEY" NAME ="MRP_DMD" NULLABLE ="NULL" PICTURETEXT ="" PRECISION ="15" SCALE ="0"/>
        <TARGETFIELD BUSINESSNAME ="" DATATYPE ="number" DESCRIPTION ="" FIELDNUMBER ="11" KEYTYPE ="NOT A KEY" NAME ="TOTAL_MRP_DMD" NULLABLE ="NULL" PICTURETEXT ="" PRECISION ="15" SCALE ="0"/>
        <TARGETFIELD BUSINESSNAME ="" DATATYPE ="number" DESCRIPTION ="" FIELDNUMBER ="12" KEYTYPE ="NOT A KEY" NAME ="MRP_DMD_PERCENT" NULLABLE ="NULL" PICTURETEXT ="" PRECISION ="15" SCALE ="0"/>
        <TARGETFIELD BUSINESSNAME ="" DATATYPE ="number" DESCRIPTION ="" FIELDNUMBER ="13" KEYTYPE ="NOT A KEY" NAME ="PRODUCTION" NULLABLE ="NULL" PICTURETEXT ="" PRECISION ="15" SCALE ="0"/>
        <TARGETFIELD BUSINESSNAME ="" DATATYPE ="number" DESCRIPTION ="" FIELDNUMBER ="14" KEYTYPE ="NOT A KEY" NAME ="TOTAL_RM_PRODUCTION" NULLABLE ="NULL" PICTURETEXT ="" PRECISION ="15" SCALE ="0"/>
        <TARGETFIELD BUSINESSNAME ="" DATATYPE ="number" DESCRIPTION ="" FIELDNUMBER ="15" KEYTYPE ="NOT A KEY" NAME ="PRODUCTION_PERCENT" NULLABLE ="NULL" PICTURETEXT ="" PRECISION ="15" SCALE ="0"/>
        <TARGETFIELD BUSINESSNAME ="" DATATYPE ="number" DESCRIPTION ="" FIELDNUMBER ="16" KEYTYPE ="NOT A KEY" NAME ="MRP_DMD_PRODUCTION" NULLABLE ="NULL" PICTURETEXT ="" PRECISION ="15" SCALE ="0"/>
        <TARGETFIELD BUSINESSNAME ="" DATATYPE ="number" DESCRIPTION ="" FIELDNUMBER ="17" KEYTYPE ="NOT A KEY" NAME ="TOTAL_MRP_DMD_PRODUCTION" NULLABLE ="NULL" PICTURETEXT ="" PRECISION ="15" SCALE ="0"/>
        <TARGETFIELD BUSINESSNAME ="" DATATYPE ="number" DESCRIPTION ="" FIELDNUMBER ="18" KEYTYPE ="NOT A KEY" NAME ="MRP_DMD_PRODUCTION_PERCENT" NULLABLE ="NULL" PICTURETEXT ="" PRECISION ="15" SCALE ="0"/>
        <TARGETFIELD BUSINESSNAME ="" DATATYPE ="varchar2" DESCRIPTION ="" FIELDNUMBER ="19" KEYTYPE ="NOT A KEY" NAME ="TIL_IND" NULLABLE ="NULL" PICTURETEXT ="" PRECISION ="1" SCALE ="0"/>
        <TARGETFIELD BUSINESSNAME ="" DATATYPE ="varchar2" DESCRIPTION ="" FIELDNUMBER ="20" KEYTYPE ="NOT A KEY" NAME ="HUB_MEMBER" NULLABLE ="NULL" PICTURETEXT ="" PRECISION ="6" SCALE ="0"/>
        <TARGETFIELD BUSINESSNAME ="" DATATYPE ="varchar2" DESCRIPTION ="" FIELDNUMBER ="21" KEYTYPE ="NOT A KEY" NAME ="MAX_TIL_IND" NULLABLE ="NULL" PICTURETEXT ="" PRECISION ="1" SCALE ="0"/>
        <TARGETFIELD BUSINESSNAME ="" DATATYPE ="date" DESCRIPTION ="" FIELDNUMBER ="22" KEYTYPE ="NOT A KEY" NAME ="AS_OF_DATE" NULLABLE ="NULL" PICTURETEXT ="" PRECISION ="19" SCALE ="0"/>
        <TARGETFIELD BUSINESSNAME ="" DATATYPE ="varchar2" DESCRIPTION ="" FIELDNUMBER ="23" KEYTYPE ="NOT A KEY" NAME ="UPDATE_USERID" NULLABLE ="NULL" PICTURETEXT ="" PRECISION ="20" SCALE ="0"/>
        <TARGETFIELD BUSINESSNAME ="" DATATYPE ="date" DESCRIPTION ="" FIELDNUMBER ="24" KEYTYPE ="NOT A KEY" NAME ="UPDATE_TIMESTAMP" NULLABLE ="NULL" PICTURETEXT ="" PRECISION ="19" SCALE ="0"/>
        <TARGETFIELD BUSINESSNAME ="" DATATYPE ="number" DESCRIPTION ="" FIELDNUMBER ="25" KEYTYPE ="NOT A KEY" NAME ="SS_POLICY_IND" NULLABLE ="NULL" PICTURETEXT ="" PRECISION ="15" SCALE ="0"/>
        <TARGETFIELD BUSINESSNAME ="" DATATYPE ="date" DESCRIPTION ="" FIELDNUMBER ="26" KEYTYPE ="NOT A KEY" NAME ="RM_DISCO_DATE" NULLABLE ="NULL" PICTURETEXT ="" PRECISION ="19" SCALE ="0"/>
    </TARGET>
    <TRANSFORMATION DESCRIPTION ="Stored procudure to truncate stg table." NAME ="PR_TRUNC_STG_TBLS" OBJECTVERSION ="1" REUSABLE ="YES" TYPE ="Stored Procedure" VERSIONNUMBER ="1">
        <TRANSFORMFIELD DATATYPE ="string" DEFAULTVALUE ="" DESCRIPTION ="" NAME ="I_TABLE_NAME" PICTURETEXT ="" PORTTYPE ="INPUT" PRECISION ="4000" SCALE ="0"/>
        <TABLEATTRIBUTE NAME ="Stored Procedure Name" VALUE ="PR_TRUNC_STG_TBLS"/>
        <TABLEATTRIBUTE NAME ="Connection Information" VALUE ="SLBADW"/>
        <TABLEATTRIBUTE NAME ="Call Text" VALUE ="PR_TRUNC_STG_TBLS(STG_RMLCA_SS_Production)"/>
        <TABLEATTRIBUTE NAME ="Stored Procedure Type" VALUE ="Target Pre Load "/>
        <TABLEATTRIBUTE NAME ="Execution Order" VALUE ="1"/>
        <TABLEATTRIBUTE NAME ="Tracing Level" VALUE ="Normal"/>
        <TABLEATTRIBUTE NAME ="Subsecond Precision" VALUE ="6"/>
        <TABLEATTRIBUTE NAME ="Output is Repeatable" VALUE ="Based On Input Order"/>
        <TABLEATTRIBUTE NAME ="Output is Deterministic" VALUE ="NO"/>
    </TRANSFORMATION>
    <MAPPING DESCRIPTION ="Mapping to load data into STG_RMLCA_RM_INFO table" ISVALID ="YES" NAME ="m_RMLCA_RM_INFO_STG" OBJECTVERSION ="1" VERSIONNUMBER ="1">
        <TRANSFORMATION DESCRIPTION ="Sq for the source" NAME ="SQ_STG_RMLCA_FGRM_INFO" OBJECTVERSION ="1" REUSABLE ="NO" TYPE ="Source Qualifier" VERSIONNUMBER ="1">
            <TRANSFORMFIELD DATATYPE ="string" DEFAULTVALUE ="" DESCRIPTION ="" NAME ="COMP_STYLE_CD" PICTURETEXT ="" PORTTYPE ="INPUT/OUTPUT" PRECISION ="6" SCALE ="0"/>
            <TRANSFORMFIELD DATATYPE ="string" DEFAULTVALUE ="" DESCRIPTION ="" NAME ="COMP_COLOR_CD" PICTURETEXT ="" PORTTYPE ="INPUT/OUTPUT" PRECISION ="4" SCALE ="0"/>
            <TRANSFORMFIELD DATATYPE ="string" DEFAULTVALUE ="" DESCRIPTION ="" NAME ="COMP_ATTRIBUTE_CD" PICTURETEXT ="" PORTTYPE ="INPUT/OUTPUT" PRECISION ="6" SCALE ="0"/>
            <TRANSFORMFIELD DATATYPE ="string" DEFAULTVALUE ="" DESCRIPTION ="" NAME ="COMP_SIZE_CD" PICTURETEXT ="" PORTTYPE ="INPUT/OUTPUT" PRECISION ="3" SCALE ="0"/>
            <TRANSFORMFIELD DATATYPE ="string" DEFAULTVALUE ="" DESCRIPTION ="" NAME ="RM_SKU" PICTURETEXT ="" PORTTYPE ="INPUT/OUTPUT" PRECISION ="25" SCALE ="0"/>
            <TRANSFORMFIELD DATATYPE ="string" DEFAULTVALUE ="" DESCRIPTION ="" NAME ="COMP_PLANT" PICTURETEXT ="" PORTTYPE ="INPUT/OUTPUT" PRECISION ="2" SCALE ="0"/>
            <TRANSFORMFIELD DATATYPE ="string" DEFAULTVALUE ="" DESCRIPTION ="" NAME ="CORP_DIVISION" PICTURETEXT ="" PORTTYPE ="INPUT/OUTPUT" PRECISION ="2" SCALE ="0"/>
            <TRANSFORMFIELD DATATYPE ="double" DEFAULTVALUE ="" DESCRIPTION ="" NAME ="RM_PRODUCTION" PICTURETEXT ="" PORTTYPE ="INPUT/OUTPUT" PRECISION ="15" SCALE ="0"/>
            <TRANSFORMFIELD DATATYPE ="string" DEFAULTVALUE ="" DESCRIPTION ="" NAME ="HUB_MEMBER" PICTURETEXT ="" PORTTYPE ="INPUT/OUTPUT" PRECISION ="6" SCALE ="0"/>
            <TRANSFORMFIELD DATATYPE ="double" DEFAULTVALUE ="" DESCRIPTION ="" NAME ="MRP_DMD" PICTURETEXT ="" PORTTYPE ="INPUT/OUTPUT" PRECISION ="15" SCALE ="0"/>
            <TRANSFORMFIELD DATATYPE ="double" DEFAULTVALUE ="" DESCRIPTION ="" NAME ="TOTAL_MRP_DMD" PICTURETEXT ="" PORTTYPE ="INPUT/OUTPUT" PRECISION ="15" SCALE ="0"/>
            <TRANSFORMFIELD DATATYPE ="double" DEFAULTVALUE ="" DESCRIPTION ="" NAME ="TOTAL_RM_PROD" PICTURETEXT ="" PORTTYPE ="INPUT/OUTPUT" PRECISION ="15" SCALE ="0"/>
            <TRANSFORMFIELD DATATYPE ="double" DEFAULTVALUE ="" DESCRIPTION ="" NAME ="RM_LCA_PRIORITY" PICTURETEXT ="" PORTTYPE ="INPUT/OUTPUT" PRECISION ="15" SCALE ="0"/>
            <TRANSFORMFIELD DATATYPE ="string" DEFAULTVALUE ="" DESCRIPTION ="" NAME ="RM_LCA_NOTES" PICTURETEXT ="" PORTTYPE ="INPUT/OUTPUT" PRECISION ="25" SCALE ="0"/>
            <TRANSFORMFIELD DATATYPE ="string" DEFAULTVALUE ="" DESCRIPTION ="" NAME ="TIL_IND" PICTURETEXT ="" PORTTYPE ="INPUT/OUTPUT" PRECISION ="1" SCALE ="0"/>
            <TRANSFORMFIELD DATATYPE ="string" DEFAULTVALUE ="" DESCRIPTION ="" NAME ="MAX_TIL_IND" PICTURETEXT ="" PORTTYPE ="INPUT/OUTPUT" PRECISION ="1" SCALE ="0"/>
            <TRANSFORMFIELD DATATYPE ="date/time" DEFAULTVALUE ="" DESCRIPTION ="" NAME ="AS_OF_DATE" PICTURETEXT ="" PORTTYPE ="INPUT/OUTPUT" PRECISION ="29" SCALE ="9"/>
            <TRANSFORMFIELD DATATYPE ="date/time" DEFAULTVALUE ="" DESCRIPTION ="" NAME ="RM_DISCO_DATE" PICTURETEXT ="" PORTTYPE ="INPUT/OUTPUT" PRECISION ="29" SCALE ="9"/>
            <TABLEATTRIBUTE NAME ="Sql Query" VALUE ="SELECT comp_STYLE_CD,&#xD;&#xA;  comp_COLOR_CD,&#xD;&#xA;  comp_ATTRIBUTE_CD,&#xD;&#xA;  comp_SIZE_CD,&#xD;&#xA;  RM_SKU,&#xD;&#xA;  COMP_PLANT,&#xD;&#xA;  CORP_DIVISION ,&#xD;&#xA;  RM_production Production ,&#xD;&#xA;  Hub_Member ,&#xD;&#xA;  ORIG_ALLOCATION_QTY MRP_Dmd ,&#xD;&#xA;  SUM(&#xD;&#xA;  CASE&#xD;&#xA;    WHEN COMP_PLANT=Hub_Member&#xD;&#xA;    OR Hub_Member IS NULL&#xD;&#xA;    THEN ORIG_ALLOCATION_QTY&#xD;&#xA;    ELSE 0&#xD;&#xA;  END) OVER (PARTITION BY RM_SKU, NVL(Hub_Member,COMP_PLANT)) Total_MRP_Dmd ,&#xD;&#xA;  SUM(&#xD;&#xA;  CASE&#xD;&#xA;    WHEN COMP_PLANT=Hub_Member&#xD;&#xA;    OR Hub_Member IS NULL&#xD;&#xA;    THEN rm_production&#xD;&#xA;    ELSE 0&#xD;&#xA;  END) OVER (PARTITION BY RM_SKU, NVL(Hub_Member,COMP_PLANT)) AS Total_RM_Production ,&#xD;&#xA;  RM_LCA_Priority,&#xD;&#xA;  RM_LCA_Notes ,&#xD;&#xA;  TIL_Ind ,&#xD;&#xA;  MAX(TIL_Ind) OVER (PARTITION BY RM_SKU, COMP_PLANT) Max_TIL_Ind,&#xD;&#xA;  as_of_date,&#xD;&#xA;RM_DISCO_DATE&#xD;&#xA;FROM stg_rmlca_fgrm_info"/>
            <TABLEATTRIBUTE NAME ="User Defined Join" VALUE =""/>
            <TABLEATTRIBUTE NAME ="Source Filter" VALUE =""/>
            <TABLEATTRIBUTE NAME ="Number Of Sorted Ports" VALUE ="0"/>
            <TABLEATTRIBUTE NAME ="Tracing Level" VALUE ="Normal"/>
            <TABLEATTRIBUTE NAME ="Select Distinct" VALUE ="NO"/>
            <TABLEATTRIBUTE NAME ="Is Partitionable" VALUE ="NO"/>
            <TABLEATTRIBUTE NAME ="Pre SQL" VALUE =""/>
            <TABLEATTRIBUTE NAME ="Post SQL" VALUE =""/>
            <TABLEATTRIBUTE NAME ="Output is deterministic" VALUE ="NO"/>
            <TABLEATTRIBUTE NAME ="Output is repeatable" VALUE ="Never"/>
        </TRANSFORMATION>
        <TRANSFORMATION DESCRIPTION ="LOOKUP TO GENERATE THE PLANT" NAME ="LKP_SS_POLICY" OBJECTVERSION ="1" REUSABLE ="NO" TYPE ="Lookup Procedure" VERSIONNUMBER ="1">
            <TRANSFORMFIELD DATATYPE ="string" DEFAULTVALUE ="" DESCRIPTION ="" NAME ="PLANT" PICTURETEXT ="" PORTTYPE ="LOOKUP/OUTPUT" PRECISION ="3" SCALE ="0"/>
            <TRANSFORMFIELD DATATYPE ="string" DEFAULTVALUE ="" DESCRIPTION ="" NAME ="CORP_DIVISION" PICTURETEXT ="" PORTTYPE ="LOOKUP" PRECISION ="2" SCALE ="0"/>
            <TRANSFORMFIELD DATATYPE ="string" DEFAULTVALUE ="" DESCRIPTION ="" NAME ="INDICATOR_SWITCH" PICTURETEXT ="" PORTTYPE ="LOOKUP" PRECISION ="1" SCALE ="0"/>
            <TRANSFORMFIELD DATATYPE ="string" DEFAULTVALUE ="" DESCRIPTION ="" NAME ="COMP_PLANT" PICTURETEXT ="" PORTTYPE ="INPUT" PRECISION ="2" SCALE ="0"/>
            <TRANSFORMFIELD DATATYPE ="string" DEFAULTVALUE ="" DESCRIPTION ="" NAME ="CORP_DIVISION1" PICTURETEXT ="" PORTTYPE ="INPUT" PRECISION ="2" SCALE ="0"/>
            <TABLEATTRIBUTE NAME ="Lookup Sql Override" VALUE ="SELECT DISTINCT&#xD;&#xA; SS.PLANT as PLANT, &#xD;&#xA;SS.CORP_DIVISION as CORP_DIVISION&#xD;&#xA; FROM RM_SAFETY_STOCK_POLICY SS&#xD;&#xA;WHERE INDICATOR_SWITCH=&apos;Y&apos;"/>
            <TABLEATTRIBUTE NAME ="Lookup table name" VALUE ="RM_SAFETY_STOCK_POLICY"/>
            <TABLEATTRIBUTE NAME ="Lookup Source Filter" VALUE =""/>
            <TABLEATTRIBUTE NAME ="Lookup caching enabled" VALUE ="YES"/>
            <TABLEATTRIBUTE NAME ="Lookup policy on multiple match" VALUE ="Use Any Value"/>
            <TABLEATTRIBUTE NAME ="Lookup condition" VALUE ="PLANT = COMP_PLANT AND CORP_DIVISION = CORP_DIVISION1"/>
            <TABLEATTRIBUTE NAME ="Connection Information" VALUE ="$Target"/>
            <TABLEATTRIBUTE NAME ="Source Type" VALUE ="Database"/>
            <TABLEATTRIBUTE NAME ="Recache if Stale" VALUE ="NO"/>
            <TABLEATTRIBUTE NAME ="Tracing Level" VALUE ="Normal"/>
            <TABLEATTRIBUTE NAME ="Lookup cache directory name" VALUE ="$PMCacheDir"/>
            <TABLEATTRIBUTE NAME ="Lookup cache initialize" VALUE ="NO"/>
            <TABLEATTRIBUTE NAME ="Lookup cache persistent" VALUE ="NO"/>
            <TABLEATTRIBUTE NAME ="Lookup Data Cache Size" VALUE ="Auto"/>
            <TABLEATTRIBUTE NAME ="Lookup Index Cache Size" VALUE ="Auto"/>
            <TABLEATTRIBUTE NAME ="Dynamic Lookup Cache" VALUE ="NO"/>
            <TABLEATTRIBUTE NAME ="Synchronize Dynamic Cache" VALUE ="NO"/>
            <TABLEATTRIBUTE NAME ="Output Old Value On Update" VALUE ="NO"/>
            <TABLEATTRIBUTE NAME ="Update Dynamic Cache Condition" VALUE ="TRUE"/>
            <TABLEATTRIBUTE NAME ="Cache File Name Prefix" VALUE =""/>
            <TABLEATTRIBUTE NAME ="Re-cache from lookup source" VALUE ="NO"/>
            <TABLEATTRIBUTE NAME ="Insert Else Update" VALUE ="NO"/>
            <TABLEATTRIBUTE NAME ="Update Else Insert" VALUE ="NO"/>
            <TABLEATTRIBUTE NAME ="Datetime Format" VALUE =""/>
            <TABLEATTRIBUTE NAME ="Thousand Separator" VALUE ="None"/>
            <TABLEATTRIBUTE NAME ="Decimal Separator" VALUE ="."/>
            <TABLEATTRIBUTE NAME ="Case Sensitive String Comparison" VALUE ="NO"/>
            <TABLEATTRIBUTE NAME ="Null ordering" VALUE ="Null Is Highest Value"/>
            <TABLEATTRIBUTE NAME ="Sorted Input" VALUE ="NO"/>
            <TABLEATTRIBUTE NAME ="Lookup source is static" VALUE ="NO"/>
            <TABLEATTRIBUTE NAME ="Pre-build lookup cache" VALUE ="Auto"/>
            <TABLEATTRIBUTE NAME ="Subsecond Precision" VALUE ="6"/>
        </TRANSFORMATION>
        <TRANSFORMATION DESCRIPTION ="To compute values" NAME ="AGG_FGRM_INFO" OBJECTVERSION ="1" REUSABLE ="NO" TYPE ="Aggregator" VERSIONNUMBER ="1">
            <TRANSFORMFIELD DATATYPE ="string" DEFAULTVALUE ="" DESCRIPTION ="" EXPRESSION ="COMP_STYLE_CD" EXPRESSIONTYPE ="GROUPBY" NAME ="COMP_STYLE_CD" PICTURETEXT ="" PORTTYPE ="INPUT/OUTPUT" PRECISION ="6" SCALE ="0"/>
            <TRANSFORMFIELD DATATYPE ="string" DEFAULTVALUE ="" DESCRIPTION ="" EXPRESSION ="COMP_COLOR_CD" EXPRESSIONTYPE ="GROUPBY" NAME ="COMP_COLOR_CD" PICTURETEXT ="" PORTTYPE ="INPUT/OUTPUT" PRECISION ="4" SCALE ="0"/>
            <TRANSFORMFIELD DATATYPE ="string" DEFAULTVALUE ="" DESCRIPTION ="" EXPRESSION ="COMP_ATTRIBUTE_CD" EXPRESSIONTYPE ="GROUPBY" NAME ="COMP_ATTRIBUTE_CD" PICTURETEXT ="" PORTTYPE ="INPUT/OUTPUT" PRECISION ="6" SCALE ="0"/>
            <TRANSFORMFIELD DATATYPE ="string" DEFAULTVALUE ="" DESCRIPTION ="" EXPRESSION ="COMP_SIZE_CD" EXPRESSIONTYPE ="GROUPBY" NAME ="COMP_SIZE_CD" PICTURETEXT ="" PORTTYPE ="INPUT/OUTPUT" PRECISION ="3" SCALE ="0"/>
            <TRANSFORMFIELD DATATYPE ="string" DEFAULTVALUE ="" DESCRIPTION ="" EXPRESSION ="RM_SKU" EXPRESSIONTYPE ="GROUPBY" NAME ="RM_SKU" PICTURETEXT ="" PORTTYPE ="INPUT/OUTPUT" PRECISION ="25" SCALE ="0"/>
            <TRANSFORMFIELD DATATYPE ="string" DEFAULTVALUE ="" DESCRIPTION ="" EXPRESSION ="COMP_PLANT" EXPRESSIONTYPE ="GROUPBY" NAME ="COMP_PLANT" PICTURETEXT ="" PORTTYPE ="INPUT/OUTPUT" PRECISION ="2" SCALE ="0"/>
            <TRANSFORMFIELD DATATYPE ="string" DEFAULTVALUE ="" DESCRIPTION ="" EXPRESSION ="CORP_DIVISION" EXPRESSIONTYPE ="GROUPBY" NAME ="CORP_DIVISION" PICTURETEXT ="" PORTTYPE ="INPUT/OUTPUT" PRECISION ="2" SCALE ="0"/>
            <TRANSFORMFIELD DATATYPE ="double" DEFAULTVALUE ="" DESCRIPTION ="" NAME ="PRODUCTION" PICTURETEXT ="" PORTTYPE ="INPUT" PRECISION ="15" SCALE ="0"/>
            <TRANSFORMFIELD DATATYPE ="double" DEFAULTVALUE ="ERROR(&apos;transformation error&apos;)" DESCRIPTION ="" EXPRESSION ="SUM(PRODUCTION)" EXPRESSIONTYPE ="GENERAL" NAME ="SUM_PRODUCTION" PICTURETEXT ="" PORTTYPE ="OUTPUT" PRECISION ="15" SCALE ="0"/>
            <TRANSFORMFIELD DATATYPE ="string" DEFAULTVALUE ="" DESCRIPTION ="" NAME ="HUB_MEMBER" PICTURETEXT ="" PORTTYPE ="INPUT" PRECISION ="6" SCALE ="0"/>
            <TRANSFORMFIELD DATATYPE ="string" DEFAULTVALUE ="ERROR(&apos;transformation error&apos;)" DESCRIPTION ="" EXPRESSION ="MAX(HUB_MEMBER)" EXPRESSIONTYPE ="GENERAL" NAME ="MAX_HUB_MEMBER" PICTURETEXT ="" PORTTYPE ="OUTPUT" PRECISION ="6" SCALE ="0"/>
            <TRANSFORMFIELD DATATYPE ="double" DEFAULTVALUE ="" DESCRIPTION ="" NAME ="MRP_DMD" PICTURETEXT ="" PORTTYPE ="INPUT" PRECISION ="15" SCALE ="0"/>
            <TRANSFORMFIELD DATATYPE ="double" DEFAULTVALUE ="ERROR(&apos;transformation error&apos;)" DESCRIPTION ="" EXPRESSION ="SUM(MRP_DMD)" EXPRESSIONTYPE ="GENERAL" NAME ="SUM_MRP_DMD" PICTURETEXT ="" PORTTYPE ="OUTPUT" PRECISION ="15" SCALE ="0"/>
            <TRANSFORMFIELD DATATYPE ="double" DEFAULTVALUE ="" DESCRIPTION ="" NAME ="TOTAL_MRP_DMD" PICTURETEXT ="" PORTTYPE ="INPUT" PRECISION ="15" SCALE ="0"/>
            <TRANSFORMFIELD DATATYPE ="double" DEFAULTVALUE ="ERROR(&apos;transformation error&apos;)" DESCRIPTION ="" EXPRESSION ="MAX(TOTAL_MRP_DMD)" EXPRESSIONTYPE ="GENERAL" NAME ="MAX_TOTAL_MRP_DMD" PICTURETEXT ="" PORTTYPE ="OUTPUT" PRECISION ="15" SCALE ="0"/>
            <TRANSFORMFIELD DATATYPE ="double" DEFAULTVALUE ="" DESCRIPTION ="" NAME ="TOTAL_RM_PRODUCTION" PICTURETEXT ="" PORTTYPE ="INPUT" PRECISION ="15" SCALE ="0"/>
            <TRANSFORMFIELD DATATYPE ="double" DEFAULTVALUE ="ERROR(&apos;transformation error&apos;)" DESCRIPTION ="" EXPRESSION ="MAX(TOTAL_RM_PRODUCTION)" EXPRESSIONTYPE ="GENERAL" NAME ="MAX_TOTAL_RM_PRODUCTION" PICTURETEXT ="" PORTTYPE ="OUTPUT" PRECISION ="15" SCALE ="0"/>
            <TRANSFORMFIELD DATATYPE ="double" DEFAULTVALUE ="" DESCRIPTION ="" NAME ="RM_LCA_PRIORITY" PICTURETEXT ="" PORTTYPE ="INPUT" PRECISION ="15" SCALE ="0"/>
            <TRANSFORMFIELD DATATYPE ="double" DEFAULTVALUE ="ERROR(&apos;transformation error&apos;)" DESCRIPTION ="" EXPRESSION ="MIN(RM_LCA_PRIORITY)" EXPRESSIONTYPE ="GENERAL" NAME ="MIN_RM_LCA_PRIORITY" PICTURETEXT ="" PORTTYPE ="OUTPUT" PRECISION ="15" SCALE ="0"/>
            <TRANSFORMFIELD DATATYPE ="string" DEFAULTVALUE ="" DESCRIPTION ="" NAME ="RM_LCA_NOTES" PICTURETEXT ="" PORTTYPE ="INPUT" PRECISION ="25" SCALE ="0"/>
            <TRANSFORMFIELD DATATYPE ="string" DEFAULTVALUE ="ERROR(&apos;transformation error&apos;)" DESCRIPTION ="" EXPRESSION ="MIN(RM_LCA_NOTES)" EXPRESSIONTYPE ="GENERAL" NAME ="MIN_RM_LCA_NOTES" PICTURETEXT ="" PORTTYPE ="OUTPUT" PRECISION ="25" SCALE ="0"/>
            <TRANSFORMFIELD DATATYPE ="string" DEFAULTVALUE ="" DESCRIPTION ="" NAME ="TIL_IND" PICTURETEXT ="" PORTTYPE ="INPUT" PRECISION ="1" SCALE ="0"/>
            <TRANSFORMFIELD DATATYPE ="string" DEFAULTVALUE ="ERROR(&apos;transformation error&apos;)" DESCRIPTION ="" EXPRESSION ="MAX(TIL_IND)" EXPRESSIONTYPE ="GENERAL" NAME ="MX_TIL_IND" PICTURETEXT ="" PORTTYPE ="OUTPUT" PRECISION ="1" SCALE ="0"/>
            <TRANSFORMFIELD DATATYPE ="string" DEFAULTVALUE ="" DESCRIPTION ="" NAME ="MAX_TIL_IND" PICTURETEXT ="" PORTTYPE ="INPUT" PRECISION ="1" SCALE ="0"/>
            <TRANSFORMFIELD DATATYPE ="string" DEFAULTVALUE ="ERROR(&apos;transformation error&apos;)" DESCRIPTION ="" EXPRESSION ="MAX(MAX_TIL_IND)" EXPRESSIONTYPE ="GENERAL" NAME ="MAX_MAX_TIL_IND" PICTURETEXT ="" PORTTYPE ="OUTPUT" PRECISION ="1" SCALE ="0"/>
            <TRANSFORMFIELD DATATYPE ="date/time" DEFAULTVALUE ="" DESCRIPTION ="" EXPRESSION ="AS_OF_DATE" EXPRESSIONTYPE ="GROUPBY" NAME ="AS_OF_DATE" PICTURETEXT ="" PORTTYPE ="INPUT/OUTPUT" PRECISION ="29" SCALE ="9"/>
            <TRANSFORMFIELD DATATYPE ="double" DEFAULTVALUE ="ERROR(&apos;transformation error&apos;)" DESCRIPTION ="" EXPRESSION ="SUM(MRP_DMD+PRODUCTION)" EXPRESSIONTYPE ="GENERAL" NAME ="SUM_MRP_DMD_PRODUCTOPN" PICTURETEXT ="" PORTTYPE ="OUTPUT" PRECISION ="15" SCALE ="0"/>
            <TRANSFORMFIELD DATATYPE ="double" DEFAULTVALUE ="ERROR(&apos;transformation error&apos;)" DESCRIPTION ="" EXPRESSION ="MAX(TOTAL_MRP_DMD+TOTAL_RM_PRODUCTION)" EXPRESSIONTYPE ="GENERAL" NAME ="MAX_TOTAL_MRP_DMD_PRODUCTION" PICTURETEXT ="" PORTTYPE ="OUTPUT" PRECISION ="15" SCALE ="0"/>
            <TRANSFORMFIELD DATATYPE ="string" DEFAULTVALUE ="" DESCRIPTION ="" EXPRESSION ="PLANT" EXPRESSIONTYPE ="GROUPBY" NAME ="PLANT" PICTURETEXT ="" PORTTYPE ="INPUT/OUTPUT" PRECISION ="3" SCALE ="0"/>
            <TRANSFORMFIELD DATATYPE ="date/time" DEFAULTVALUE ="" DESCRIPTION ="" NAME ="RM_DISCO_DATE" PICTURETEXT ="" PORTTYPE ="INPUT" PRECISION ="29" SCALE ="9"/>
            <TRANSFORMFIELD DATATYPE ="date/time" DEFAULTVALUE ="ERROR(&apos;transformation error&apos;)" DESCRIPTION ="" EXPRESSION ="MAX(RM_DISCO_DATE)" EXPRESSIONTYPE ="GENERAL" NAME ="MAX_RM_DISCO_DATE" PICTURETEXT ="" PORTTYPE ="OUTPUT" PRECISION ="29" SCALE ="9"/>
            <TABLEATTRIBUTE NAME ="Cache Directory" VALUE ="$PMCacheDir"/>
            <TABLEATTRIBUTE NAME ="Tracing Level" VALUE ="Normal"/>
            <TABLEATTRIBUTE NAME ="Sorted Input" VALUE ="NO"/>
            <TABLEATTRIBUTE NAME ="Aggregator Data Cache Size" VALUE ="Auto"/>
            <TABLEATTRIBUTE NAME ="Aggregator Index Cache Size" VALUE ="Auto"/>
            <TABLEATTRIBUTE NAME ="Transformation Scope" VALUE ="All Input"/>
        </TRANSFORMATION>
        <TRANSFORMATION DESCRIPTION ="To calculate values" NAME ="EXP_RM_INFO_LD" OBJECTVERSION ="1" REUSABLE ="NO" TYPE ="Expression" VERSIONNUMBER ="1">
            <TRANSFORMFIELD DATATYPE ="string" DEFAULTVALUE ="" DESCRIPTION ="" EXPRESSION ="COMP_STYLE_CD" EXPRESSIONTYPE ="GENERAL" NAME ="COMP_STYLE_CD" PICTURETEXT ="" PORTTYPE ="INPUT/OUTPUT" PRECISION ="6" SCALE ="0"/>
            <TRANSFORMFIELD DATATYPE ="string" DEFAULTVALUE ="" DESCRIPTION ="" EXPRESSION ="COMP_COLOR_CD" EXPRESSIONTYPE ="GENERAL" NAME ="COMP_COLOR_CD" PICTURETEXT ="" PORTTYPE ="INPUT/OUTPUT" PRECISION ="4" SCALE ="0"/>
            <TRANSFORMFIELD DATATYPE ="string" DEFAULTVALUE ="" DESCRIPTION ="" EXPRESSION ="COMP_ATTRIBUTE_CD" EXPRESSIONTYPE ="GENERAL" NAME ="COMP_ATTRIBUTE_CD" PICTURETEXT ="" PORTTYPE ="INPUT/OUTPUT" PRECISION ="6" SCALE ="0"/>
            <TRANSFORMFIELD DATATYPE ="string" DEFAULTVALUE ="" DESCRIPTION ="" EXPRESSION ="COMP_SIZE_CD" EXPRESSIONTYPE ="GENERAL" NAME ="COMP_SIZE_CD" PICTURETEXT ="" PORTTYPE ="INPUT/OUTPUT" PRECISION ="3" SCALE ="0"/>
            <TRANSFORMFIELD DATATYPE ="string" DEFAULTVALUE ="" DESCRIPTION ="" EXPRESSION ="RM_SKU" EXPRESSIONTYPE ="GENERAL" NAME ="RM_SKU" PICTURETEXT ="" PORTTYPE ="INPUT/OUTPUT" PRECISION ="25" SCALE ="0"/>
            <TRANSFORMFIELD DATATYPE ="string" DEFAULTVALUE ="" DESCRIPTION ="" EXPRESSION ="COMP_PLANT" EXPRESSIONTYPE ="GENERAL" NAME ="COMP_PLANT" PICTURETEXT ="" PORTTYPE ="INPUT/OUTPUT" PRECISION ="2" SCALE ="0"/>
            <TRANSFORMFIELD DATATYPE ="string" DEFAULTVALUE ="" DESCRIPTION ="" EXPRESSION ="CORP_DIVISION" EXPRESSIONTYPE ="GENERAL" NAME ="CORP_DIVISION" PICTURETEXT ="" PORTTYPE ="INPUT/OUTPUT" PRECISION ="2" SCALE ="0"/>
            <TRANSFORMFIELD DATATYPE ="double" DEFAULTVALUE ="" DESCRIPTION ="" EXPRESSION ="SUM_PRODUCTION" EXPRESSIONTYPE ="GENERAL" NAME ="SUM_PRODUCTION" PICTURETEXT ="" PORTTYPE ="INPUT/OUTPUT" PRECISION ="15" SCALE ="0"/>
            <TRANSFORMFIELD DATATYPE ="string" DEFAULTVALUE ="" DESCRIPTION ="" EXPRESSION ="MAX_HUB_MEMBER" EXPRESSIONTYPE ="GENERAL" NAME ="MAX_HUB_MEMBER" PICTURETEXT ="" PORTTYPE ="INPUT/OUTPUT" PRECISION ="6" SCALE ="0"/>
            <TRANSFORMFIELD DATATYPE ="double" DEFAULTVALUE ="" DESCRIPTION ="" EXPRESSION ="SUM_MRP_DMD" EXPRESSIONTYPE ="GENERAL" NAME ="SUM_MRP_DMD" PICTURETEXT ="" PORTTYPE ="INPUT/OUTPUT" PRECISION ="15" SCALE ="0"/>
            <TRANSFORMFIELD DATATYPE ="double" DEFAULTVALUE ="" DESCRIPTION ="" EXPRESSION ="MAX_TOTAL_MRP_DMD" EXPRESSIONTYPE ="GENERAL" NAME ="MAX_TOTAL_MRP_DMD" PICTURETEXT ="" PORTTYPE ="INPUT/OUTPUT" PRECISION ="15" SCALE ="0"/>
            <TRANSFORMFIELD DATATYPE ="double" DEFAULTVALUE ="" DESCRIPTION ="" EXPRESSION ="MAX_TOTAL_RM_PRODUCTION" EXPRESSIONTYPE ="GENERAL" NAME ="MAX_TOTAL_RM_PRODUCTION" PICTURETEXT ="" PORTTYPE ="INPUT/OUTPUT" PRECISION ="15" SCALE ="0"/>
            <TRANSFORMFIELD DATATYPE ="double" DEFAULTVALUE ="" DESCRIPTION ="" EXPRESSION ="MIN_RM_LCA_PRIORITY" EXPRESSIONTYPE ="GENERAL" NAME ="MIN_RM_LCA_PRIORITY" PICTURETEXT ="" PORTTYPE ="INPUT/OUTPUT" PRECISION ="15" SCALE ="0"/>
            <TRANSFORMFIELD DATATYPE ="string" DEFAULTVALUE ="" DESCRIPTION ="" EXPRESSION ="MIN_RM_LCA_NOTES" EXPRESSIONTYPE ="GENERAL" NAME ="MIN_RM_LCA_NOTES" PICTURETEXT ="" PORTTYPE ="INPUT/OUTPUT" PRECISION ="25" SCALE ="0"/>
            <TRANSFORMFIELD DATATYPE ="string" DEFAULTVALUE ="" DESCRIPTION ="" EXPRESSION ="MX_TIL_IND" EXPRESSIONTYPE ="GENERAL" NAME ="MX_TIL_IND" PICTURETEXT ="" PORTTYPE ="INPUT/OUTPUT" PRECISION ="1" SCALE ="0"/>
            <TRANSFORMFIELD DATATYPE ="string" DEFAULTVALUE ="" DESCRIPTION ="" EXPRESSION ="MAX_MAX_TIL_IND" EXPRESSIONTYPE ="GENERAL" NAME ="MAX_MAX_TIL_IND" PICTURETEXT ="" PORTTYPE ="INPUT/OUTPUT" PRECISION ="1" SCALE ="0"/>
            <TRANSFORMFIELD DATATYPE ="date/time" DEFAULTVALUE ="" DESCRIPTION ="" EXPRESSION ="AS_OF_DATE" EXPRESSIONTYPE ="GENERAL" NAME ="AS_OF_DATE" PICTURETEXT ="" PORTTYPE ="INPUT/OUTPUT" PRECISION ="29" SCALE ="9"/>
            <TRANSFORMFIELD DATATYPE ="double" DEFAULTVALUE ="" DESCRIPTION ="" EXPRESSION ="SUM_MRP_DMD_PRODUCTOPN" EXPRESSIONTYPE ="GENERAL" NAME ="SUM_MRP_DMD_PRODUCTOPN" PICTURETEXT ="" PORTTYPE ="INPUT/OUTPUT" PRECISION ="15" SCALE ="0"/>
            <TRANSFORMFIELD DATATYPE ="double" DEFAULTVALUE ="" DESCRIPTION ="" EXPRESSION ="MAX_TOTAL_MRP_DMD_PRODUCTION" EXPRESSIONTYPE ="GENERAL" NAME ="MAX_TOTAL_MRP_DMD_PRODUCTION" PICTURETEXT ="" PORTTYPE ="INPUT/OUTPUT" PRECISION ="15" SCALE ="0"/>
            <TRANSFORMFIELD DATATYPE ="double" DEFAULTVALUE ="ERROR(&apos;transformation error&apos;)" DESCRIPTION ="" EXPRESSION ="IIF(MAX_TOTAL_MRP_DMD&gt;0,(SUM_MRP_DMD/MAX_TOTAL_MRP_DMD),0)&#xD;&#xA;&#xD;&#xA;" EXPRESSIONTYPE ="GENERAL" NAME ="O_MRP_DMD_PERCENT" PICTURETEXT ="" PORTTYPE ="OUTPUT" PRECISION ="15" SCALE ="0"/>
            <TRANSFORMFIELD DATATYPE ="double" DEFAULTVALUE ="ERROR(&apos;transformation error&apos;)" DESCRIPTION ="" EXPRESSION ="IIF(MAX_TOTAL_RM_PRODUCTION&gt;0,(SUM_PRODUCTION/MAX_TOTAL_RM_PRODUCTION),0)&#xD;&#xA;&#xD;&#xA;" EXPRESSIONTYPE ="GENERAL" NAME ="O_PRODUCTION_PERCENT" PICTURETEXT ="" PORTTYPE ="OUTPUT" PRECISION ="15" SCALE ="0"/>
            <TRANSFORMFIELD DATATYPE ="double" DEFAULTVALUE ="ERROR(&apos;transformation error&apos;)" DESCRIPTION ="" EXPRESSION ="IIF(MAX_TOTAL_MRP_DMD_PRODUCTION&gt; 0,&#xD;&#xA;(SUM_MRP_DMD_PRODUCTOPN/MAX_TOTAL_MRP_DMD_PRODUCTION),0)&#xD;&#xA;&#xD;&#xA;" EXPRESSIONTYPE ="GENERAL" NAME ="O_MRP_DMD_PRODUCTION_PERCENT" PICTURETEXT ="" PORTTYPE ="OUTPUT" PRECISION ="15" SCALE ="0"/>
            <TRANSFORMFIELD DATATYPE ="string" DEFAULTVALUE ="ERROR(&apos;transformation error&apos;)" DESCRIPTION ="" EXPRESSION =" &apos;ETL RMLCA&apos;" EXPRESSIONTYPE ="GENERAL" NAME ="O_USERID" PICTURETEXT ="" PORTTYPE ="OUTPUT" PRECISION ="20" SCALE ="0"/>
            <TRANSFORMFIELD DATATYPE ="date/time" DEFAULTVALUE ="ERROR(&apos;transformation error&apos;)" DESCRIPTION ="" EXPRESSION ="SYSDATE" EXPRESSIONTYPE ="GENERAL" NAME ="O_TIMESTAMP" PICTURETEXT ="" PORTTYPE ="OUTPUT" PRECISION ="29" SCALE ="9"/>
            <TRANSFORMFIELD DATATYPE ="string" DEFAULTVALUE ="" DESCRIPTION ="" EXPRESSION ="PLANT" EXPRESSIONTYPE ="GENERAL" NAME ="PLANT" PICTURETEXT ="" PORTTYPE ="INPUT/OUTPUT" PRECISION ="3" SCALE ="0"/>
            <TRANSFORMFIELD DATATYPE ="date/time" DEFAULTVALUE ="" DESCRIPTION ="" EXPRESSION ="RM_DISCO_DATE" EXPRESSIONTYPE ="GENERAL" NAME ="RM_DISCO_DATE" PICTURETEXT ="" PORTTYPE ="INPUT/OUTPUT" PRECISION ="29" SCALE ="9"/>
            <TABLEATTRIBUTE NAME ="Tracing Level" VALUE ="Normal"/>
        </TRANSFORMATION>
        <TRANSFORMATION DESCRIPTION ="exp to pass on values" NAME ="EXP_FGRM_INFO" OBJECTVERSION ="1" REUSABLE ="NO" TYPE ="Expression" VERSIONNUMBER ="1">
            <TRANSFORMFIELD DATATYPE ="string" DEFAULTVALUE ="" DESCRIPTION ="" EXPRESSION ="COMP_STYLE_CD" EXPRESSIONTYPE ="GENERAL" NAME ="COMP_STYLE_CD" PICTURETEXT ="" PORTTYPE ="INPUT/OUTPUT" PRECISION ="6" SCALE ="0"/>
            <TRANSFORMFIELD DATATYPE ="string" DEFAULTVALUE ="" DESCRIPTION ="" EXPRESSION ="COMP_COLOR_CD" EXPRESSIONTYPE ="GENERAL" NAME ="COMP_COLOR_CD" PICTURETEXT ="" PORTTYPE ="INPUT/OUTPUT" PRECISION ="4" SCALE ="0"/>
            <TRANSFORMFIELD DATATYPE ="string" DEFAULTVALUE ="" DESCRIPTION ="" EXPRESSION ="COMP_ATTRIBUTE_CD" EXPRESSIONTYPE ="GENERAL" NAME ="COMP_ATTRIBUTE_CD" PICTURETEXT ="" PORTTYPE ="INPUT/OUTPUT" PRECISION ="6" SCALE ="0"/>
            <TRANSFORMFIELD DATATYPE ="string" DEFAULTVALUE ="" DESCRIPTION ="" EXPRESSION ="COMP_SIZE_CD" EXPRESSIONTYPE ="GENERAL" NAME ="COMP_SIZE_CD" PICTURETEXT ="" PORTTYPE ="INPUT/OUTPUT" PRECISION ="3" SCALE ="0"/>
            <TRANSFORMFIELD DATATYPE ="string" DEFAULTVALUE ="" DESCRIPTION ="" EXPRESSION ="RM_SKU" EXPRESSIONTYPE ="GENERAL" NAME ="RM_SKU" PICTURETEXT ="" PORTTYPE ="INPUT/OUTPUT" PRECISION ="25" SCALE ="0"/>
            <TRANSFORMFIELD DATATYPE ="string" DEFAULTVALUE ="" DESCRIPTION ="" EXPRESSION ="COMP_PLANT" EXPRESSIONTYPE ="GENERAL" NAME ="COMP_PLANT" PICTURETEXT ="" PORTTYPE ="INPUT/OUTPUT" PRECISION ="2" SCALE ="0"/>
            <TRANSFORMFIELD DATATYPE ="string" DEFAULTVALUE ="" DESCRIPTION ="" EXPRESSION ="CORP_DIVISION" EXPRESSIONTYPE ="GENERAL" NAME ="CORP_DIVISION" PICTURETEXT ="" PORTTYPE ="INPUT/OUTPUT" PRECISION ="2" SCALE ="0"/>
            <TRANSFORMFIELD DATATYPE ="double" DEFAULTVALUE ="" DESCRIPTION ="" EXPRESSION ="PRODUCTION" EXPRESSIONTYPE ="GENERAL" NAME ="PRODUCTION" PICTURETEXT ="" PORTTYPE ="INPUT/OUTPUT" PRECISION ="15" SCALE ="0"/>
            <TRANSFORMFIELD DATATYPE ="string" DEFAULTVALUE ="" DESCRIPTION ="" EXPRESSION ="HUB_MEMBER" EXPRESSIONTYPE ="GENERAL" NAME ="HUB_MEMBER" PICTURETEXT ="" PORTTYPE ="INPUT/OUTPUT" PRECISION ="6" SCALE ="0"/>
            <TRANSFORMFIELD DATATYPE ="double" DEFAULTVALUE ="" DESCRIPTION ="" EXPRESSION ="MRP_DMD" EXPRESSIONTYPE ="GENERAL" NAME ="MRP_DMD" PICTURETEXT ="" PORTTYPE ="INPUT/OUTPUT" PRECISION ="15" SCALE ="0"/>
            <TRANSFORMFIELD DATATYPE ="double" DEFAULTVALUE ="" DESCRIPTION ="" EXPRESSION ="TOTAL_MRP_DMD" EXPRESSIONTYPE ="GENERAL" NAME ="TOTAL_MRP_DMD" PICTURETEXT ="" PORTTYPE ="INPUT/OUTPUT" PRECISION ="15" SCALE ="0"/>
            <TRANSFORMFIELD DATATYPE ="double" DEFAULTVALUE ="" DESCRIPTION ="" EXPRESSION ="TOTAL_RM_PRODUCTION" EXPRESSIONTYPE ="GENERAL" NAME ="TOTAL_RM_PRODUCTION" PICTURETEXT ="" PORTTYPE ="INPUT/OUTPUT" PRECISION ="15" SCALE ="0"/>
            <TRANSFORMFIELD DATATYPE ="double" DEFAULTVALUE ="" DESCRIPTION ="" EXPRESSION ="RM_LCA_PRIORITY" EXPRESSIONTYPE ="GENERAL" NAME ="RM_LCA_PRIORITY" PICTURETEXT ="" PORTTYPE ="INPUT/OUTPUT" PRECISION ="15" SCALE ="0"/>
            <TRANSFORMFIELD DATATYPE ="string" DEFAULTVALUE ="" DESCRIPTION ="" EXPRESSION ="RM_LCA_NOTES" EXPRESSIONTYPE ="GENERAL" NAME ="RM_LCA_NOTES" PICTURETEXT ="" PORTTYPE ="INPUT/OUTPUT" PRECISION ="25" SCALE ="0"/>
            <TRANSFORMFIELD DATATYPE ="string" DEFAULTVALUE ="" DESCRIPTION ="" EXPRESSION ="TIL_IND" EXPRESSIONTYPE ="GENERAL" NAME ="TIL_IND" PICTURETEXT ="" PORTTYPE ="INPUT/OUTPUT" PRECISION ="1" SCALE ="0"/>
            <TRANSFORMFIELD DATATYPE ="string" DEFAULTVALUE ="" DESCRIPTION ="" EXPRESSION ="MAX_TIL_IND" EXPRESSIONTYPE ="GENERAL" NAME ="MAX_TIL_IND" PICTURETEXT ="" PORTTYPE ="INPUT/OUTPUT" PRECISION ="1" SCALE ="0"/>
            <TRANSFORMFIELD DATATYPE ="date/time" DEFAULTVALUE ="" DESCRIPTION ="" EXPRESSION ="AS_OF_DATE" EXPRESSIONTYPE ="GENERAL" NAME ="AS_OF_DATE" PICTURETEXT ="" PORTTYPE ="INPUT/OUTPUT" PRECISION ="29" SCALE ="9"/>
            <TRANSFORMFIELD DATATYPE ="date/time" DEFAULTVALUE ="" DESCRIPTION ="" EXPRESSION ="RM_DISCO_DATE" EXPRESSIONTYPE ="GENERAL" NAME ="RM_DISCO_DATE" PICTURETEXT ="" PORTTYPE ="INPUT/OUTPUT" PRECISION ="29" SCALE ="9"/>
            <TRANSFORMFIELD DATATYPE ="string" DEFAULTVALUE ="" DESCRIPTION ="" NAME ="I_PLANT" PICTURETEXT ="" PORTTYPE ="INPUT" PRECISION ="3" SCALE ="0"/>
            <TRANSFORMFIELD DATATYPE ="string" DEFAULTVALUE ="ERROR(&apos;transformation error&apos;)" DESCRIPTION ="" EXPRESSION ="IIF(ISNULL(I_PLANT),&apos;1&apos;,&apos;0&apos;)" EXPRESSIONTYPE ="GENERAL" NAME ="O_PLANT" PICTURETEXT ="" PORTTYPE ="OUTPUT" PRECISION ="3" SCALE ="0"/>
            <TABLEATTRIBUTE NAME ="Tracing Level" VALUE ="Normal"/>
        </TRANSFORMATION>
        <INSTANCE DESCRIPTION ="Target definition" NAME ="STG_RMLCA_RM_INFO" TRANSFORMATION_NAME ="STG_RMLCA_RM_INFO" TRANSFORMATION_TYPE ="Target Definition" TYPE ="TARGET"/>
        <INSTANCE DBDNAME ="SLBADW" DESCRIPTION ="Source Definition" NAME ="STG_RMLCA_FGRM_INFO" TRANSFORMATION_NAME ="STG_RMLCA_FGRM_INFO" TRANSFORMATION_TYPE ="Source Definition" TYPE ="SOURCE"/>
        <INSTANCE DESCRIPTION ="This SP is used to trucnate the table STG_RMLCA_RM_INFO" NAME ="PR_TRUNC_STG_TBLS" REUSABLE ="YES" TRANSFORMATION_NAME ="PR_TRUNC_STG_TBLS" TRANSFORMATION_TYPE ="Stored Procedure" TYPE ="TRANSFORMATION">
            <TABLEATTRIBUTE NAME ="Connection Information" VALUE ="SLBADW"/>
            <TABLEATTRIBUTE NAME ="Call Text" VALUE ="PR_TRUNC_STG_TBLS(STG_RMLCA_RM_INFO)"/>
            <TABLEATTRIBUTE NAME ="Stored Procedure Type" VALUE ="Target Pre Load "/>
        </INSTANCE>
        <INSTANCE DESCRIPTION ="Sq for the source" NAME ="SQ_STG_RMLCA_FGRM_INFO" REUSABLE ="NO" TRANSFORMATION_NAME ="SQ_STG_RMLCA_FGRM_INFO" TRANSFORMATION_TYPE ="Source Qualifier" TYPE ="TRANSFORMATION">
            <ASSOCIATED_SOURCE_INSTANCE NAME ="STG_RMLCA_FGRM_INFO"/>
        </INSTANCE>
        <INSTANCE DESCRIPTION ="LOOKUP TO GENERATE THE PLANT" NAME ="LKP_SS_POLICY" REUSABLE ="NO" TRANSFORMATION_NAME ="LKP_SS_POLICY" TRANSFORMATION_TYPE ="Lookup Procedure" TYPE ="TRANSFORMATION"/>
        <INSTANCE DESCRIPTION ="To compute values" NAME ="AGG_FGRM_INFO" REUSABLE ="NO" TRANSFORMATION_NAME ="AGG_FGRM_INFO" TRANSFORMATION_TYPE ="Aggregator" TYPE ="TRANSFORMATION"/>
        <INSTANCE DESCRIPTION ="To calculate values" NAME ="EXP_RM_INFO_LD" REUSABLE ="NO" TRANSFORMATION_NAME ="EXP_RM_INFO_LD" TRANSFORMATION_TYPE ="Expression" TYPE ="TRANSFORMATION"/>
        <INSTANCE DESCRIPTION ="exp to pass on values" NAME ="EXP_FGRM_INFO" REUSABLE ="NO" TRANSFORMATION_NAME ="EXP_FGRM_INFO" TRANSFORMATION_TYPE ="Expression" TYPE ="TRANSFORMATION"/>
        <CONNECTOR FROMFIELD ="COMP_STYLE_CD" FROMINSTANCE ="EXP_RM_INFO_LD" FROMINSTANCETYPE ="Expression" TOFIELD ="COMP_STYLE_CD" TOINSTANCE ="STG_RMLCA_RM_INFO" TOINSTANCETYPE ="Target Definition"/>
        <CONNECTOR FROMFIELD ="COMP_COLOR_CD" FROMINSTANCE ="EXP_RM_INFO_LD" FROMINSTANCETYPE ="Expression" TOFIELD ="COMP_COLOR_CD" TOINSTANCE ="STG_RMLCA_RM_INFO" TOINSTANCETYPE ="Target Definition"/>
        <CONNECTOR FROMFIELD ="COMP_ATTRIBUTE_CD" FROMINSTANCE ="EXP_RM_INFO_LD" FROMINSTANCETYPE ="Expression" TOFIELD ="COMP_ATTRIBUTE_CD" TOINSTANCE ="STG_RMLCA_RM_INFO" TOINSTANCETYPE ="Target Definition"/>
        <CONNECTOR FROMFIELD ="COMP_SIZE_CD" FROMINSTANCE ="EXP_RM_INFO_LD" FROMINSTANCETYPE ="Expression" TOFIELD ="COMP_SIZE_CD" TOINSTANCE ="STG_RMLCA_RM_INFO" TOINSTANCETYPE ="Target Definition"/>
        <CONNECTOR FROMFIELD ="RM_SKU" FROMINSTANCE ="EXP_RM_INFO_LD" FROMINSTANCETYPE ="Expression" TOFIELD ="RM_SKU" TOINSTANCE ="STG_RMLCA_RM_INFO" TOINSTANCETYPE ="Target Definition"/>
        <CONNECTOR FROMFIELD ="COMP_PLANT" FROMINSTANCE ="EXP_RM_INFO_LD" FROMINSTANCETYPE ="Expression" TOFIELD ="COMP_PLANT" TOINSTANCE ="STG_RMLCA_RM_INFO" TOINSTANCETYPE ="Target Definition"/>
        <CONNECTOR FROMFIELD ="CORP_DIVISION" FROMINSTANCE ="EXP_RM_INFO_LD" FROMINSTANCETYPE ="Expression" TOFIELD ="CORP_DIVISION" TOINSTANCE ="STG_RMLCA_RM_INFO" TOINSTANCETYPE ="Target Definition"/>
        <CONNECTOR FROMFIELD ="MIN_RM_LCA_PRIORITY" FROMINSTANCE ="EXP_RM_INFO_LD" FROMINSTANCETYPE ="Expression" TOFIELD ="RM_LCA_PRIORITY" TOINSTANCE ="STG_RMLCA_RM_INFO" TOINSTANCETYPE ="Target Definition"/>
        <CONNECTOR FROMFIELD ="MIN_RM_LCA_NOTES" FROMINSTANCE ="EXP_RM_INFO_LD" FROMINSTANCETYPE ="Expression" TOFIELD ="RM_LCA_NOTES" TOINSTANCE ="STG_RMLCA_RM_INFO" TOINSTANCETYPE ="Target Definition"/>
        <CONNECTOR FROMFIELD ="SUM_MRP_DMD" FROMINSTANCE ="EXP_RM_INFO_LD" FROMINSTANCETYPE ="Expression" TOFIELD ="MRP_DMD" TOINSTANCE ="STG_RMLCA_RM_INFO" TOINSTANCETYPE ="Target Definition"/>
        <CONNECTOR FROMFIELD ="MAX_TOTAL_MRP_DMD" FROMINSTANCE ="EXP_RM_INFO_LD" FROMINSTANCETYPE ="Expression" TOFIELD ="TOTAL_MRP_DMD" TOINSTANCE ="STG_RMLCA_RM_INFO" TOINSTANCETYPE ="Target Definition"/>
        <CONNECTOR FROMFIELD ="O_MRP_DMD_PERCENT" FROMINSTANCE ="EXP_RM_INFO_LD" FROMINSTANCETYPE ="Expression" TOFIELD ="MRP_DMD_PERCENT" TOINSTANCE ="STG_RMLCA_RM_INFO" TOINSTANCETYPE ="Target Definition"/>
        <CONNECTOR FROMFIELD ="SUM_PRODUCTION" FROMINSTANCE ="EXP_RM_INFO_LD" FROMINSTANCETYPE ="Expression" TOFIELD ="PRODUCTION" TOINSTANCE ="STG_RMLCA_RM_INFO" TOINSTANCETYPE ="Target Definition"/>
        <CONNECTOR FROMFIELD ="MAX_TOTAL_RM_PRODUCTION" FROMINSTANCE ="EXP_RM_INFO_LD" FROMINSTANCETYPE ="Expression" TOFIELD ="TOTAL_RM_PRODUCTION" TOINSTANCE ="STG_RMLCA_RM_INFO" TOINSTANCETYPE ="Target Definition"/>
        <CONNECTOR FROMFIELD ="O_PRODUCTION_PERCENT" FROMINSTANCE ="EXP_RM_INFO_LD" FROMINSTANCETYPE ="Expression" TOFIELD ="PRODUCTION_PERCENT" TOINSTANCE ="STG_RMLCA_RM_INFO" TOINSTANCETYPE ="Target Definition"/>
        <CONNECTOR FROMFIELD ="SUM_MRP_DMD_PRODUCTOPN" FROMINSTANCE ="EXP_RM_INFO_LD" FROMINSTANCETYPE ="Expression" TOFIELD ="MRP_DMD_PRODUCTION" TOINSTANCE ="STG_RMLCA_RM_INFO" TOINSTANCETYPE ="Target Definition"/>
        <CONNECTOR FROMFIELD ="MAX_TOTAL_MRP_DMD_PRODUCTION" FROMINSTANCE ="EXP_RM_INFO_LD" FROMINSTANCETYPE ="Expression" TOFIELD ="TOTAL_MRP_DMD_PRODUCTION" TOINSTANCE ="STG_RMLCA_RM_INFO" TOINSTANCETYPE ="Target Definition"/>
        <CONNECTOR FROMFIELD ="O_MRP_DMD_PRODUCTION_PERCENT" FROMINSTANCE ="EXP_RM_INFO_LD" FROMINSTANCETYPE ="Expression" TOFIELD ="MRP_DMD_PRODUCTION_PERCENT" TOINSTANCE ="STG_RMLCA_RM_INFO" TOINSTANCETYPE ="Target Definition"/>
        <CONNECTOR FROMFIELD ="MX_TIL_IND" FROMINSTANCE ="EXP_RM_INFO_LD" FROMINSTANCETYPE ="Expression" TOFIELD ="TIL_IND" TOINSTANCE ="STG_RMLCA_RM_INFO" TOINSTANCETYPE ="Target Definition"/>
        <CONNECTOR FROMFIELD ="MAX_MAX_TIL_IND" FROMINSTANCE ="EXP_RM_INFO_LD" FROMINSTANCETYPE ="Expression" TOFIELD ="MAX_TIL_IND" TOINSTANCE ="STG_RMLCA_RM_INFO" TOINSTANCETYPE ="Target Definition"/>
        <CONNECTOR FROMFIELD ="AS_OF_DATE" FROMINSTANCE ="EXP_RM_INFO_LD" FROMINSTANCETYPE ="Expression" TOFIELD ="AS_OF_DATE" TOINSTANCE ="STG_RMLCA_RM_INFO" TOINSTANCETYPE ="Target Definition"/>
        <CONNECTOR FROMFIELD ="MAX_HUB_MEMBER" FROMINSTANCE ="EXP_RM_INFO_LD" FROMINSTANCETYPE ="Expression" TOFIELD ="HUB_MEMBER" TOINSTANCE ="STG_RMLCA_RM_INFO" TOINSTANCETYPE ="Target Definition"/>
        <CONNECTOR FROMFIELD ="O_USERID" FROMINSTANCE ="EXP_RM_INFO_LD" FROMINSTANCETYPE ="Expression" TOFIELD ="UPDATE_USERID" TOINSTANCE ="STG_RMLCA_RM_INFO" TOINSTANCETYPE ="Target Definition"/>
        <CONNECTOR FROMFIELD ="O_TIMESTAMP" FROMINSTANCE ="EXP_RM_INFO_LD" FROMINSTANCETYPE ="Expression" TOFIELD ="UPDATE_TIMESTAMP" TOINSTANCE ="STG_RMLCA_RM_INFO" TOINSTANCETYPE ="Target Definition"/>
        <CONNECTOR FROMFIELD ="RM_DISCO_DATE" FROMINSTANCE ="EXP_RM_INFO_LD" FROMINSTANCETYPE ="Expression" TOFIELD ="RM_DISCO_DATE" TOINSTANCE ="STG_RMLCA_RM_INFO" TOINSTANCETYPE ="Target Definition"/>
        <CONNECTOR FROMFIELD ="PLANT" FROMINSTANCE ="EXP_RM_INFO_LD" FROMINSTANCETYPE ="Expression" TOFIELD ="SS_POLICY_IND" TOINSTANCE ="STG_RMLCA_RM_INFO" TOINSTANCETYPE ="Target Definition"/>
        <CONNECTOR FROMFIELD ="COMP_STYLE_CD" FROMINSTANCE ="STG_RMLCA_FGRM_INFO" FROMINSTANCETYPE ="Source Definition" TOFIELD ="COMP_STYLE_CD" TOINSTANCE ="SQ_STG_RMLCA_FGRM_INFO" TOINSTANCETYPE ="Source Qualifier"/>
        <CONNECTOR FROMFIELD ="COMP_COLOR_CD" FROMINSTANCE ="STG_RMLCA_FGRM_INFO" FROMINSTANCETYPE ="Source Definition" TOFIELD ="COMP_COLOR_CD" TOINSTANCE ="SQ_STG_RMLCA_FGRM_INFO" TOINSTANCETYPE ="Source Qualifier"/>
        <CONNECTOR FROMFIELD ="COMP_ATTRIBUTE_CD" FROMINSTANCE ="STG_RMLCA_FGRM_INFO" FROMINSTANCETYPE ="Source Definition" TOFIELD ="COMP_ATTRIBUTE_CD" TOINSTANCE ="SQ_STG_RMLCA_FGRM_INFO" TOINSTANCETYPE ="Source Qualifier"/>
        <CONNECTOR FROMFIELD ="COMP_SIZE_CD" FROMINSTANCE ="STG_RMLCA_FGRM_INFO" FROMINSTANCETYPE ="Source Definition" TOFIELD ="COMP_SIZE_CD" TOINSTANCE ="SQ_STG_RMLCA_FGRM_INFO" TOINSTANCETYPE ="Source Qualifier"/>
        <CONNECTOR FROMFIELD ="RM_SKU" FROMINSTANCE ="STG_RMLCA_FGRM_INFO" FROMINSTANCETYPE ="Source Definition" TOFIELD ="RM_SKU" TOINSTANCE ="SQ_STG_RMLCA_FGRM_INFO" TOINSTANCETYPE ="Source Qualifier"/>
        <CONNECTOR FROMFIELD ="COMP_PLANT" FROMINSTANCE ="STG_RMLCA_FGRM_INFO" FROMINSTANCETYPE ="Source Definition" TOFIELD ="COMP_PLANT" TOINSTANCE ="SQ_STG_RMLCA_FGRM_INFO" TOINSTANCETYPE ="Source Qualifier"/>
        <CONNECTOR FROMFIELD ="CORP_DIVISION" FROMINSTANCE ="STG_RMLCA_FGRM_INFO" FROMINSTANCETYPE ="Source Definition" TOFIELD ="CORP_DIVISION" TOINSTANCE ="SQ_STG_RMLCA_FGRM_INFO" TOINSTANCETYPE ="Source Qualifier"/>
        <CONNECTOR FROMFIELD ="RM_PRODUCTION" FROMINSTANCE ="STG_RMLCA_FGRM_INFO" FROMINSTANCETYPE ="Source Definition" TOFIELD ="RM_PRODUCTION" TOINSTANCE ="SQ_STG_RMLCA_FGRM_INFO" TOINSTANCETYPE ="Source Qualifier"/>
        <CONNECTOR FROMFIELD ="HUB_MEMBER" FROMINSTANCE ="STG_RMLCA_FGRM_INFO" FROMINSTANCETYPE ="Source Definition" TOFIELD ="HUB_MEMBER" TOINSTANCE ="SQ_STG_RMLCA_FGRM_INFO" TOINSTANCETYPE ="Source Qualifier"/>
        <CONNECTOR FROMFIELD ="ORIG_ALLOCATION_QTY" FROMINSTANCE ="STG_RMLCA_FGRM_INFO" FROMINSTANCETYPE ="Source Definition" TOFIELD ="MRP_DMD" TOINSTANCE ="SQ_STG_RMLCA_FGRM_INFO" TOINSTANCETYPE ="Source Qualifier"/>
        <CONNECTOR FROMFIELD ="RM_LCA_PRIORITY" FROMINSTANCE ="STG_RMLCA_FGRM_INFO" FROMINSTANCETYPE ="Source Definition" TOFIELD ="RM_LCA_PRIORITY" TOINSTANCE ="SQ_STG_RMLCA_FGRM_INFO" TOINSTANCETYPE ="Source Qualifier"/>
        <CONNECTOR FROMFIELD ="RM_LCA_NOTES" FROMINSTANCE ="STG_RMLCA_FGRM_INFO" FROMINSTANCETYPE ="Source Definition" TOFIELD ="RM_LCA_NOTES" TOINSTANCE ="SQ_STG_RMLCA_FGRM_INFO" TOINSTANCETYPE ="Source Qualifier"/>
        <CONNECTOR FROMFIELD ="TIL_IND" FROMINSTANCE ="STG_RMLCA_FGRM_INFO" FROMINSTANCETYPE ="Source Definition" TOFIELD ="TIL_IND" TOINSTANCE ="SQ_STG_RMLCA_FGRM_INFO" TOINSTANCETYPE ="Source Qualifier"/>
        <CONNECTOR FROMFIELD ="AS_OF_DATE" FROMINSTANCE ="STG_RMLCA_FGRM_INFO" FROMINSTANCETYPE ="Source Definition" TOFIELD ="AS_OF_DATE" TOINSTANCE ="SQ_STG_RMLCA_FGRM_INFO" TOINSTANCETYPE ="Source Qualifier"/>
        <CONNECTOR FROMFIELD ="ORIG_ALLOCATION_QTY" FROMINSTANCE ="STG_RMLCA_FGRM_INFO" FROMINSTANCETYPE ="Source Definition" TOFIELD ="TOTAL_MRP_DMD" TOINSTANCE ="SQ_STG_RMLCA_FGRM_INFO" TOINSTANCETYPE ="Source Qualifier"/>
        <CONNECTOR FROMFIELD ="ORIG_ALLOCATION_QTY" FROMINSTANCE ="STG_RMLCA_FGRM_INFO" FROMINSTANCETYPE ="Source Definition" TOFIELD ="TOTAL_RM_PROD" TOINSTANCE ="SQ_STG_RMLCA_FGRM_INFO" TOINSTANCETYPE ="Source Qualifier"/>
        <CONNECTOR FROMFIELD ="TIL_IND" FROMINSTANCE ="STG_RMLCA_FGRM_INFO" FROMINSTANCETYPE ="Source Definition" TOFIELD ="MAX_TIL_IND" TOINSTANCE ="SQ_STG_RMLCA_FGRM_INFO" TOINSTANCETYPE ="Source Qualifier"/>
        <CONNECTOR FROMFIELD ="RM_DISCO_DATE" FROMINSTANCE ="STG_RMLCA_FGRM_INFO" FROMINSTANCETYPE ="Source Definition" TOFIELD ="RM_DISCO_DATE" TOINSTANCE ="SQ_STG_RMLCA_FGRM_INFO" TOINSTANCETYPE ="Source Qualifier"/>
        <CONNECTOR FROMFIELD ="RM_LCA_NOTES" FROMINSTANCE ="SQ_STG_RMLCA_FGRM_INFO" FROMINSTANCETYPE ="Source Qualifier" TOFIELD ="RM_LCA_NOTES" TOINSTANCE ="EXP_FGRM_INFO" TOINSTANCETYPE ="Expression"/>
        <CONNECTOR FROMFIELD ="RM_DISCO_DATE" FROMINSTANCE ="SQ_STG_RMLCA_FGRM_INFO" FROMINSTANCETYPE ="Source Qualifier" TOFIELD ="RM_DISCO_DATE" TOINSTANCE ="EXP_FGRM_INFO" TOINSTANCETYPE ="Expression"/>
        <CONNECTOR FROMFIELD ="TIL_IND" FROMINSTANCE ="SQ_STG_RMLCA_FGRM_INFO" FROMINSTANCETYPE ="Source Qualifier" TOFIELD ="TIL_IND" TOINSTANCE ="EXP_FGRM_INFO" TOINSTANCETYPE ="Expression"/>
        <CONNECTOR FROMFIELD ="AS_OF_DATE" FROMINSTANCE ="SQ_STG_RMLCA_FGRM_INFO" FROMINSTANCETYPE ="Source Qualifier" TOFIELD ="AS_OF_DATE" TOINSTANCE ="EXP_FGRM_INFO" TOINSTANCETYPE ="Expression"/>
        <CONNECTOR FROMFIELD ="MAX_TIL_IND" FROMINSTANCE ="SQ_STG_RMLCA_FGRM_INFO" FROMINSTANCETYPE ="Source Qualifier" TOFIELD ="MAX_TIL_IND" TOINSTANCE ="EXP_FGRM_INFO" TOINSTANCETYPE ="Expression"/>
        <CONNECTOR FROMFIELD ="TOTAL_MRP_DMD" FROMINSTANCE ="SQ_STG_RMLCA_FGRM_INFO" FROMINSTANCETYPE ="Source Qualifier" TOFIELD ="TOTAL_MRP_DMD" TOINSTANCE ="EXP_FGRM_INFO" TOINSTANCETYPE ="Expression"/>
        <CONNECTOR FROMFIELD ="TOTAL_RM_PROD" FROMINSTANCE ="SQ_STG_RMLCA_FGRM_INFO" FROMINSTANCETYPE ="Source Qualifier" TOFIELD ="TOTAL_RM_PRODUCTION" TOINSTANCE ="EXP_FGRM_INFO" TOINSTANCETYPE ="Expression"/>
        <CONNECTOR FROMFIELD ="COMP_STYLE_CD" FROMINSTANCE ="SQ_STG_RMLCA_FGRM_INFO" FROMINSTANCETYPE ="Source Qualifier" TOFIELD ="COMP_STYLE_CD" TOINSTANCE ="EXP_FGRM_INFO" TOINSTANCETYPE ="Expression"/>
        <CONNECTOR FROMFIELD ="COMP_COLOR_CD" FROMINSTANCE ="SQ_STG_RMLCA_FGRM_INFO" FROMINSTANCETYPE ="Source Qualifier" TOFIELD ="COMP_COLOR_CD" TOINSTANCE ="EXP_FGRM_INFO" TOINSTANCETYPE ="Expression"/>
        <CONNECTOR FROMFIELD ="COMP_ATTRIBUTE_CD" FROMINSTANCE ="SQ_STG_RMLCA_FGRM_INFO" FROMINSTANCETYPE ="Source Qualifier" TOFIELD ="COMP_ATTRIBUTE_CD" TOINSTANCE ="EXP_FGRM_INFO" TOINSTANCETYPE ="Expression"/>
        <CONNECTOR FROMFIELD ="COMP_SIZE_CD" FROMINSTANCE ="SQ_STG_RMLCA_FGRM_INFO" FROMINSTANCETYPE ="Source Qualifier" TOFIELD ="COMP_SIZE_CD" TOINSTANCE ="EXP_FGRM_INFO" TOINSTANCETYPE ="Expression"/>
        <CONNECTOR FROMFIELD ="RM_SKU" FROMINSTANCE ="SQ_STG_RMLCA_FGRM_INFO" FROMINSTANCETYPE ="Source Qualifier" TOFIELD ="RM_SKU" TOINSTANCE ="EXP_FGRM_INFO" TOINSTANCETYPE ="Expression"/>
        <CONNECTOR FROMFIELD ="COMP_PLANT" FROMINSTANCE ="SQ_STG_RMLCA_FGRM_INFO" FROMINSTANCETYPE ="Source Qualifier" TOFIELD ="COMP_PLANT" TOINSTANCE ="EXP_FGRM_INFO" TOINSTANCETYPE ="Expression"/>
        <CONNECTOR FROMFIELD ="CORP_DIVISION" FROMINSTANCE ="SQ_STG_RMLCA_FGRM_INFO" FROMINSTANCETYPE ="Source Qualifier" TOFIELD ="CORP_DIVISION" TOINSTANCE ="EXP_FGRM_INFO" TOINSTANCETYPE ="Expression"/>
        <CONNECTOR FROMFIELD ="RM_PRODUCTION" FROMINSTANCE ="SQ_STG_RMLCA_FGRM_INFO" FROMINSTANCETYPE ="Source Qualifier" TOFIELD ="PRODUCTION" TOINSTANCE ="EXP_FGRM_INFO" TOINSTANCETYPE ="Expression"/>
        <CONNECTOR FROMFIELD ="HUB_MEMBER" FROMINSTANCE ="SQ_STG_RMLCA_FGRM_INFO" FROMINSTANCETYPE ="Source Qualifier" TOFIELD ="HUB_MEMBER" TOINSTANCE ="EXP_FGRM_INFO" TOINSTANCETYPE ="Expression"/>
        <CONNECTOR FROMFIELD ="MRP_DMD" FROMINSTANCE ="SQ_STG_RMLCA_FGRM_INFO" FROMINSTANCETYPE ="Source Qualifier" TOFIELD ="MRP_DMD" TOINSTANCE ="EXP_FGRM_INFO" TOINSTANCETYPE ="Expression"/>
        <CONNECTOR FROMFIELD ="RM_LCA_PRIORITY" FROMINSTANCE ="SQ_STG_RMLCA_FGRM_INFO" FROMINSTANCETYPE ="Source Qualifier" TOFIELD ="RM_LCA_PRIORITY" TOINSTANCE ="EXP_FGRM_INFO" TOINSTANCETYPE ="Expression"/>
        <CONNECTOR FROMFIELD ="COMP_PLANT" FROMINSTANCE ="SQ_STG_RMLCA_FGRM_INFO" FROMINSTANCETYPE ="Source Qualifier" TOFIELD ="COMP_PLANT" TOINSTANCE ="LKP_SS_POLICY" TOINSTANCETYPE ="Lookup Procedure"/>
        <CONNECTOR FROMFIELD ="CORP_DIVISION" FROMINSTANCE ="SQ_STG_RMLCA_FGRM_INFO" FROMINSTANCETYPE ="Source Qualifier" TOFIELD ="CORP_DIVISION1" TOINSTANCE ="LKP_SS_POLICY" TOINSTANCETYPE ="Lookup Procedure"/>
        <CONNECTOR FROMFIELD ="PLANT" FROMINSTANCE ="LKP_SS_POLICY" FROMINSTANCETYPE ="Lookup Procedure" TOFIELD ="I_PLANT" TOINSTANCE ="EXP_FGRM_INFO" TOINSTANCETYPE ="Expression"/>
        <CONNECTOR FROMFIELD ="TIL_IND" FROMINSTANCE ="EXP_FGRM_INFO" FROMINSTANCETYPE ="Expression" TOFIELD ="TIL_IND" TOINSTANCE ="AGG_FGRM_INFO" TOINSTANCETYPE ="Aggregator"/>
        <CONNECTOR FROMFIELD ="MAX_TIL_IND" FROMINSTANCE ="EXP_FGRM_INFO" FROMINSTANCETYPE ="Expression" TOFIELD ="MAX_TIL_IND" TOINSTANCE ="AGG_FGRM_INFO" TOINSTANCETYPE ="Aggregator"/>
        <CONNECTOR FROMFIELD ="AS_OF_DATE" FROMINSTANCE ="EXP_FGRM_INFO" FROMINSTANCETYPE ="Expression" TOFIELD ="AS_OF_DATE" TOINSTANCE ="AGG_FGRM_INFO" TOINSTANCETYPE ="Aggregator"/>
        <CONNECTOR FROMFIELD ="RM_DISCO_DATE" FROMINSTANCE ="EXP_FGRM_INFO" FROMINSTANCETYPE ="Expression" TOFIELD ="RM_DISCO_DATE" TOINSTANCE ="AGG_FGRM_INFO" TOINSTANCETYPE ="Aggregator"/>
        <CONNECTOR FROMFIELD ="O_PLANT" FROMINSTANCE ="EXP_FGRM_INFO" FROMINSTANCETYPE ="Expression" TOFIELD ="PLANT" TOINSTANCE ="AGG_FGRM_INFO" TOINSTANCETYPE ="Aggregator"/>
        <CONNECTOR FROMFIELD ="COMP_STYLE_CD" FROMINSTANCE ="EXP_FGRM_INFO" FROMINSTANCETYPE ="Expression" TOFIELD ="COMP_STYLE_CD" TOINSTANCE ="AGG_FGRM_INFO" TOINSTANCETYPE ="Aggregator"/>
        <CONNECTOR FROMFIELD ="COMP_COLOR_CD" FROMINSTANCE ="EXP_FGRM_INFO" FROMINSTANCETYPE ="Expression" TOFIELD ="COMP_COLOR_CD" TOINSTANCE ="AGG_FGRM_INFO" TOINSTANCETYPE ="Aggregator"/>
        <CONNECTOR FROMFIELD ="COMP_ATTRIBUTE_CD" FROMINSTANCE ="EXP_FGRM_INFO" FROMINSTANCETYPE ="Expression" TOFIELD ="COMP_ATTRIBUTE_CD" TOINSTANCE ="AGG_FGRM_INFO" TOINSTANCETYPE ="Aggregator"/>
        <CONNECTOR FROMFIELD ="COMP_SIZE_CD" FROMINSTANCE ="EXP_FGRM_INFO" FROMINSTANCETYPE ="Expression" TOFIELD ="COMP_SIZE_CD" TOINSTANCE ="AGG_FGRM_INFO" TOINSTANCETYPE ="Aggregator"/>
        <CONNECTOR FROMFIELD ="RM_SKU" FROMINSTANCE ="EXP_FGRM_INFO" FROMINSTANCETYPE ="Expression" TOFIELD ="RM_SKU" TOINSTANCE ="AGG_FGRM_INFO" TOINSTANCETYPE ="Aggregator"/>
        <CONNECTOR FROMFIELD ="COMP_PLANT" FROMINSTANCE ="EXP_FGRM_INFO" FROMINSTANCETYPE ="Expression" TOFIELD ="COMP_PLANT" TOINSTANCE ="AGG_FGRM_INFO" TOINSTANCETYPE ="Aggregator"/>
        <CONNECTOR FROMFIELD ="CORP_DIVISION" FROMINSTANCE ="EXP_FGRM_INFO" FROMINSTANCETYPE ="Expression" TOFIELD ="CORP_DIVISION" TOINSTANCE ="AGG_FGRM_INFO" TOINSTANCETYPE ="Aggregator"/>
        <CONNECTOR FROMFIELD ="PRODUCTION" FROMINSTANCE ="EXP_FGRM_INFO" FROMINSTANCETYPE ="Expression" TOFIELD ="PRODUCTION" TOINSTANCE ="AGG_FGRM_INFO" TOINSTANCETYPE ="Aggregator"/>
        <CONNECTOR FROMFIELD ="HUB_MEMBER" FROMINSTANCE ="EXP_FGRM_INFO" FROMINSTANCETYPE ="Expression" TOFIELD ="HUB_MEMBER" TOINSTANCE ="AGG_FGRM_INFO" TOINSTANCETYPE ="Aggregator"/>
        <CONNECTOR FROMFIELD ="MRP_DMD" FROMINSTANCE ="EXP_FGRM_INFO" FROMINSTANCETYPE ="Expression" TOFIELD ="MRP_DMD" TOINSTANCE ="AGG_FGRM_INFO" TOINSTANCETYPE ="Aggregator"/>
        <CONNECTOR FROMFIELD ="TOTAL_MRP_DMD" FROMINSTANCE ="EXP_FGRM_INFO" FROMINSTANCETYPE ="Expression" TOFIELD ="TOTAL_MRP_DMD" TOINSTANCE ="AGG_FGRM_INFO" TOINSTANCETYPE ="Aggregator"/>
        <CONNECTOR FROMFIELD ="TOTAL_RM_PRODUCTION" FROMINSTANCE ="EXP_FGRM_INFO" FROMINSTANCETYPE ="Expression" TOFIELD ="TOTAL_RM_PRODUCTION" TOINSTANCE ="AGG_FGRM_INFO" TOINSTANCETYPE ="Aggregator"/>
        <CONNECTOR FROMFIELD ="RM_LCA_PRIORITY" FROMINSTANCE ="EXP_FGRM_INFO" FROMINSTANCETYPE ="Expression" TOFIELD ="RM_LCA_PRIORITY" TOINSTANCE ="AGG_FGRM_INFO" TOINSTANCETYPE ="Aggregator"/>
        <CONNECTOR FROMFIELD ="RM_LCA_NOTES" FROMINSTANCE ="EXP_FGRM_INFO" FROMINSTANCETYPE ="Expression" TOFIELD ="RM_LCA_NOTES" TOINSTANCE ="AGG_FGRM_INFO" TOINSTANCETYPE ="Aggregator"/>
        <CONNECTOR FROMFIELD ="AS_OF_DATE" FROMINSTANCE ="AGG_FGRM_INFO" FROMINSTANCETYPE ="Aggregator" TOFIELD ="AS_OF_DATE" TOINSTANCE ="EXP_RM_INFO_LD" TOINSTANCETYPE ="Expression"/>
        <CONNECTOR FROMFIELD ="SUM_MRP_DMD_PRODUCTOPN" FROMINSTANCE ="AGG_FGRM_INFO" FROMINSTANCETYPE ="Aggregator" TOFIELD ="SUM_MRP_DMD_PRODUCTOPN" TOINSTANCE ="EXP_RM_INFO_LD" TOINSTANCETYPE ="Expression"/>
        <CONNECTOR FROMFIELD ="MAX_TOTAL_MRP_DMD_PRODUCTION" FROMINSTANCE ="AGG_FGRM_INFO" FROMINSTANCETYPE ="Aggregator" TOFIELD ="MAX_TOTAL_MRP_DMD_PRODUCTION" TOINSTANCE ="EXP_RM_INFO_LD" TOINSTANCETYPE ="Expression"/>
        <CONNECTOR FROMFIELD ="PLANT" FROMINSTANCE ="AGG_FGRM_INFO" FROMINSTANCETYPE ="Aggregator" TOFIELD ="PLANT" TOINSTANCE ="EXP_RM_INFO_LD" TOINSTANCETYPE ="Expression"/>
        <CONNECTOR FROMFIELD ="MAX_RM_DISCO_DATE" FROMINSTANCE ="AGG_FGRM_INFO" FROMINSTANCETYPE ="Aggregator" TOFIELD ="RM_DISCO_DATE" TOINSTANCE ="EXP_RM_INFO_LD" TOINSTANCETYPE ="Expression"/>
        <CONNECTOR FROMFIELD ="COMP_STYLE_CD" FROMINSTANCE ="AGG_FGRM_INFO" FROMINSTANCETYPE ="Aggregator" TOFIELD ="COMP_STYLE_CD" TOINSTANCE ="EXP_RM_INFO_LD" TOINSTANCETYPE ="Expression"/>
        <CONNECTOR FROMFIELD ="COMP_COLOR_CD" FROMINSTANCE ="AGG_FGRM_INFO" FROMINSTANCETYPE ="Aggregator" TOFIELD ="COMP_COLOR_CD" TOINSTANCE ="EXP_RM_INFO_LD" TOINSTANCETYPE ="Expression"/>
        <CONNECTOR FROMFIELD ="COMP_ATTRIBUTE_CD" FROMINSTANCE ="AGG_FGRM_INFO" FROMINSTANCETYPE ="Aggregator" TOFIELD ="COMP_ATTRIBUTE_CD" TOINSTANCE ="EXP_RM_INFO_LD" TOINSTANCETYPE ="Expression"/>
        <CONNECTOR FROMFIELD ="COMP_SIZE_CD" FROMINSTANCE ="AGG_FGRM_INFO" FROMINSTANCETYPE ="Aggregator" TOFIELD ="COMP_SIZE_CD" TOINSTANCE ="EXP_RM_INFO_LD" TOINSTANCETYPE ="Expression"/>
        <CONNECTOR FROMFIELD ="RM_SKU" FROMINSTANCE ="AGG_FGRM_INFO" FROMINSTANCETYPE ="Aggregator" TOFIELD ="RM_SKU" TOINSTANCE ="EXP_RM_INFO_LD" TOINSTANCETYPE ="Expression"/>
        <CONNECTOR FROMFIELD ="COMP_PLANT" FROMINSTANCE ="AGG_FGRM_INFO" FROMINSTANCETYPE ="Aggregator" TOFIELD ="COMP_PLANT" TOINSTANCE ="EXP_RM_INFO_LD" TOINSTANCETYPE ="Expression"/>
        <CONNECTOR FROMFIELD ="CORP_DIVISION" FROMINSTANCE ="AGG_FGRM_INFO" FROMINSTANCETYPE ="Aggregator" TOFIELD ="CORP_DIVISION" TOINSTANCE ="EXP_RM_INFO_LD" TOINSTANCETYPE ="Expression"/>
        <CONNECTOR FROMFIELD ="SUM_PRODUCTION" FROMINSTANCE ="AGG_FGRM_INFO" FROMINSTANCETYPE ="Aggregator" TOFIELD ="SUM_PRODUCTION" TOINSTANCE ="EXP_RM_INFO_LD" TOINSTANCETYPE ="Expression"/>
        <CONNECTOR FROMFIELD ="MAX_HUB_MEMBER" FROMINSTANCE ="AGG_FGRM_INFO" FROMINSTANCETYPE ="Aggregator" TOFIELD ="MAX_HUB_MEMBER" TOINSTANCE ="EXP_RM_INFO_LD" TOINSTANCETYPE ="Expression"/>
        <CONNECTOR FROMFIELD ="SUM_MRP_DMD" FROMINSTANCE ="AGG_FGRM_INFO" FROMINSTANCETYPE ="Aggregator" TOFIELD ="SUM_MRP_DMD" TOINSTANCE ="EXP_RM_INFO_LD" TOINSTANCETYPE ="Expression"/>
        <CONNECTOR FROMFIELD ="MAX_TOTAL_MRP_DMD" FROMINSTANCE ="AGG_FGRM_INFO" FROMINSTANCETYPE ="Aggregator" TOFIELD ="MAX_TOTAL_MRP_DMD" TOINSTANCE ="EXP_RM_INFO_LD" TOINSTANCETYPE ="Expression"/>
        <CONNECTOR FROMFIELD ="MAX_TOTAL_RM_PRODUCTION" FROMINSTANCE ="AGG_FGRM_INFO" FROMINSTANCETYPE ="Aggregator" TOFIELD ="MAX_TOTAL_RM_PRODUCTION" TOINSTANCE ="EXP_RM_INFO_LD" TOINSTANCETYPE ="Expression"/>
        <CONNECTOR FROMFIELD ="MIN_RM_LCA_PRIORITY" FROMINSTANCE ="AGG_FGRM_INFO" FROMINSTANCETYPE ="Aggregator" TOFIELD ="MIN_RM_LCA_PRIORITY" TOINSTANCE ="EXP_RM_INFO_LD" TOINSTANCETYPE ="Expression"/>
        <CONNECTOR FROMFIELD ="MIN_RM_LCA_NOTES" FROMINSTANCE ="AGG_FGRM_INFO" FROMINSTANCETYPE ="Aggregator" TOFIELD ="MIN_RM_LCA_NOTES" TOINSTANCE ="EXP_RM_INFO_LD" TOINSTANCETYPE ="Expression"/>
        <CONNECTOR FROMFIELD ="MX_TIL_IND" FROMINSTANCE ="AGG_FGRM_INFO" FROMINSTANCETYPE ="Aggregator" TOFIELD ="MX_TIL_IND" TOINSTANCE ="EXP_RM_INFO_LD" TOINSTANCETYPE ="Expression"/>
        <CONNECTOR FROMFIELD ="MAX_MAX_TIL_IND" FROMINSTANCE ="AGG_FGRM_INFO" FROMINSTANCETYPE ="Aggregator" TOFIELD ="MAX_MAX_TIL_IND" TOINSTANCE ="EXP_RM_INFO_LD" TOINSTANCETYPE ="Expression"/>
        <TARGETLOADORDER ORDER ="1" TARGETINSTANCE ="STG_RMLCA_RM_INFO"/>
        <ERPINFO/>
        <METADATAEXTENSION DATATYPE ="STRING" DESCRIPTION ="Conversion Mapping Name with version " DOMAINNAME ="User Defined Metadata Domain" ISCLIENTEDITABLE ="YES" ISCLIENTVISIBLE ="YES" ISREUSABLE ="NO" ISSHAREREAD ="NO" ISSHAREWRITE ="NO" MAXLENGTH ="256" NAME ="CONV_MAP_NAME" VALUE ="RMLCA_Load_MRP_Dmd_Per_v2.0" VENDORNAME ="INFORMATICA"/>
    </MAPPING>
    <CONFIG DESCRIPTION ="Default session configuration object" ISDEFAULT ="YES" NAME ="default_session_config" VERSIONNUMBER ="1">
        <ATTRIBUTE NAME ="Advanced" VALUE =""/>
        <ATTRIBUTE NAME ="Constraint based load ordering" VALUE ="NO"/>
        <ATTRIBUTE NAME ="Cache LOOKUP() function" VALUE ="YES"/>
        <ATTRIBUTE NAME ="Default buffer block size" VALUE ="Auto"/>
        <ATTRIBUTE NAME ="Line Sequential buffer length" VALUE ="1024"/>
        <ATTRIBUTE NAME ="Maximum Memory Allowed For Auto Memory Attributes" VALUE ="0"/>
        <ATTRIBUTE NAME ="Maximum Percentage of Total Memory Allowed For Auto Memory Attributes" VALUE ="5"/>
        <ATTRIBUTE NAME ="Additional Concurrent Pipelines for Lookup Cache Creation" VALUE ="0"/>
        <ATTRIBUTE NAME ="Custom Properties" VALUE =""/>
        <ATTRIBUTE NAME ="Pre-build lookup cache" VALUE ="Auto"/>
        <ATTRIBUTE NAME ="Optimization Level" VALUE ="Medium"/>
        <ATTRIBUTE NAME ="DateTime Format String" VALUE ="MM/DD/YYYY HH24:MI:SS.US"/>
        <ATTRIBUTE NAME ="Pre 85 Timestamp Compatibility" VALUE ="NO"/>
        <ATTRIBUTE NAME ="Log Options" VALUE ="0"/>
        <ATTRIBUTE NAME ="Save session log by" VALUE ="Session runs"/>
        <ATTRIBUTE NAME ="Save session log for these runs" VALUE ="9"/>
        <ATTRIBUTE NAME ="Session Log File Max Size" VALUE ="0"/>
        <ATTRIBUTE NAME ="Session Log File Max Time Period" VALUE ="0"/>
        <ATTRIBUTE NAME ="Maximum Partial Session Log Files" VALUE ="1"/>
        <ATTRIBUTE NAME ="Writer Commit Statistics Log Frequency" VALUE ="1"/>
        <ATTRIBUTE NAME ="Writer Commit Statistics Log Interval" VALUE ="0"/>
        <ATTRIBUTE NAME ="Error handling" VALUE =""/>
        <ATTRIBUTE NAME ="Stop on errors" VALUE ="1"/>
        <ATTRIBUTE NAME ="Override tracing" VALUE ="None"/>
        <ATTRIBUTE NAME ="On Stored Procedure error" VALUE ="Stop"/>
        <ATTRIBUTE NAME ="On Pre-session command task error" VALUE ="Stop"/>
        <ATTRIBUTE NAME ="On Pre-Post SQL error" VALUE ="Stop"/>
        <ATTRIBUTE NAME ="Enable Recovery" VALUE ="NO"/>
        <ATTRIBUTE NAME ="Error Log Type" VALUE ="None"/>
        <ATTRIBUTE NAME ="Error Log Table Name Prefix" VALUE =""/>
        <ATTRIBUTE NAME ="Error Log File Name" VALUE ="PMError.log"/>
        <ATTRIBUTE NAME ="Log Source Row Data" VALUE ="NO"/>
        <ATTRIBUTE NAME ="Data Column Delimiter" VALUE ="|"/>
        <ATTRIBUTE NAME ="Partitioning Options" VALUE =""/>
        <ATTRIBUTE NAME ="Dynamic Partitioning" VALUE ="Disabled"/>
        <ATTRIBUTE NAME ="Number of Partitions" VALUE ="1"/>
        <ATTRIBUTE NAME ="Multiplication Factor" VALUE ="Auto"/>
        <ATTRIBUTE NAME ="Session on Grid" VALUE =""/>
        <ATTRIBUTE NAME ="Is Enabled" VALUE ="NO"/>
    </CONFIG>
    <SESSION DESCRIPTION ="Session to load data into STG_RMLCA_RM_INFO table" ISVALID ="YES" MAPPINGNAME ="m_RMLCA_RM_INFO_STG" NAME ="s_m_RMLCA_RM_INFO_STG" REUSABLE ="YES" SORTORDER ="Binary" VERSIONNUMBER ="1">
        <SESSTRANSFORMATIONINST ISREPARTITIONPOINT ="YES" PARTITIONTYPE ="PASS THROUGH" PIPELINE ="1" SINSTANCENAME ="STG_RMLCA_RM_INFO" STAGE ="1" TRANSFORMATIONNAME ="STG_RMLCA_RM_INFO" TRANSFORMATIONTYPE ="Target Definition"/>
        <SESSTRANSFORMATIONINST ISREPARTITIONPOINT ="NO" PIPELINE ="0" SINSTANCENAME ="STG_RMLCA_FGRM_INFO" STAGE ="0" TRANSFORMATIONNAME ="STG_RMLCA_FGRM_INFO" TRANSFORMATIONTYPE ="Source Definition"/>
        <SESSTRANSFORMATIONINST ISREPARTITIONPOINT ="YES" PARTITIONTYPE ="PASS THROUGH" PIPELINE ="1" SINSTANCENAME ="SQ_STG_RMLCA_FGRM_INFO" STAGE ="2" TRANSFORMATIONNAME ="SQ_STG_RMLCA_FGRM_INFO" TRANSFORMATIONTYPE ="Source Qualifier"/>
        <SESSTRANSFORMATIONINST ISREPARTITIONPOINT ="NO" PIPELINE ="1" SINSTANCENAME ="EXP_FGRM_INFO" STAGE ="2" TRANSFORMATIONNAME ="EXP_FGRM_INFO" TRANSFORMATIONTYPE ="Expression">
            <PARTITION DESCRIPTION ="" NAME ="Partition #1"/>
        </SESSTRANSFORMATIONINST>
        <SESSTRANSFORMATIONINST ISREPARTITIONPOINT ="YES" PARTITIONTYPE ="HASH AUTO KEYS" PIPELINE ="1" SINSTANCENAME ="AGG_FGRM_INFO" STAGE ="3" TRANSFORMATIONNAME ="AGG_FGRM_INFO" TRANSFORMATIONTYPE ="Aggregator">
            <PARTITION DESCRIPTION ="" NAME ="Partition #1"/>
        </SESSTRANSFORMATIONINST>
        <SESSTRANSFORMATIONINST ISREPARTITIONPOINT ="NO" PIPELINE ="1" SINSTANCENAME ="EXP_RM_INFO_LD" STAGE ="3" TRANSFORMATIONNAME ="EXP_RM_INFO_LD" TRANSFORMATIONTYPE ="Expression">
            <PARTITION DESCRIPTION ="" NAME ="Partition #1"/>
        </SESSTRANSFORMATIONINST>
        <SESSTRANSFORMATIONINST ISREPARTITIONPOINT ="NO" PIPELINE ="0" SINSTANCENAME ="PR_TRUNC_STG_TBLS" STAGE ="0" TRANSFORMATIONNAME ="PR_TRUNC_STG_TBLS" TRANSFORMATIONTYPE ="Stored Procedure"/>
        <SESSTRANSFORMATIONINST ISREPARTITIONPOINT ="NO" PIPELINE ="1" SINSTANCENAME ="LKP_SS_POLICY" STAGE ="2" TRANSFORMATIONNAME ="LKP_SS_POLICY" TRANSFORMATIONTYPE ="Lookup Procedure">
            <PARTITION DESCRIPTION ="" NAME ="Partition #1"/>
            <ATTRIBUTE NAME ="Connection Information" VALUE ="Relational:PROD4"/>
        </SESSTRANSFORMATIONINST>
        <CONFIGREFERENCE REFOBJECTNAME ="default_session_config" TYPE ="Session config"/>
        <SESSIONEXTENSION NAME ="Relational Writer" SINSTANCENAME ="STG_RMLCA_RM_INFO" SUBTYPE ="Relational Writer" TRANSFORMATIONTYPE ="Target Definition" TYPE ="WRITER">
            <CONNECTIONREFERENCE CNXREFNAME ="DB Connection" CONNECTIONNAME ="SLBADW" CONNECTIONNUMBER ="1" CONNECTIONSUBTYPE ="Oracle" CONNECTIONTYPE ="Relational" VARIABLE =""/>
            <ATTRIBUTE NAME ="Target load type" VALUE ="Normal"/>
            <ATTRIBUTE NAME ="Insert" VALUE ="YES"/>
            <ATTRIBUTE NAME ="Update as Update" VALUE ="NO"/>
            <ATTRIBUTE NAME ="Update as Insert" VALUE ="NO"/>
            <ATTRIBUTE NAME ="Update else Insert" VALUE ="NO"/>
            <ATTRIBUTE NAME ="Delete" VALUE ="NO"/>
            <ATTRIBUTE NAME ="Truncate target table option" VALUE ="NO"/>
            <ATTRIBUTE NAME ="Reject file directory" VALUE ="$PMBadFileDir&#x5c;INVENTORY_ANALYSIS&#x5c;BAD&#x5c;"/>
            <ATTRIBUTE NAME ="Reject filename" VALUE ="s_m_RMLCA_RM_INFO_STG.bad"/>
        </SESSIONEXTENSION>
        <SESSIONEXTENSION DSQINSTNAME ="SQ_STG_RMLCA_FGRM_INFO" DSQINSTTYPE ="Source Qualifier" NAME ="Relational Reader" SINSTANCENAME ="STG_RMLCA_FGRM_INFO" SUBTYPE ="Relational Reader" TRANSFORMATIONTYPE ="Source Definition" TYPE ="READER"/>
        <SESSIONEXTENSION NAME ="Relational Reader" SINSTANCENAME ="SQ_STG_RMLCA_FGRM_INFO" SUBTYPE ="Relational Reader" TRANSFORMATIONTYPE ="Source Qualifier" TYPE ="READER">
            <CONNECTIONREFERENCE CNXREFNAME ="DB Connection" CONNECTIONNAME ="SLBADW" CONNECTIONNUMBER ="1" CONNECTIONSUBTYPE ="Oracle" CONNECTIONTYPE ="Relational" VARIABLE =""/>
        </SESSIONEXTENSION>
        <SESSIONEXTENSION NAME ="Relational Lookup" SINSTANCENAME ="LKP_SS_POLICY" SUBTYPE ="Relational Lookup" TRANSFORMATIONTYPE ="Lookup Procedure" TYPE ="LOOKUPEXTENSION">
            <CONNECTIONREFERENCE CNXREFNAME ="DB Connection" CONNECTIONNAME ="PROD4" CONNECTIONNUMBER ="1" CONNECTIONSUBTYPE ="Oracle" CONNECTIONTYPE ="Relational" VARIABLE =""/>
        </SESSIONEXTENSION>
        <ATTRIBUTE NAME ="General Options" VALUE =""/>
        <ATTRIBUTE NAME ="Write Backward Compatible Session Log File" VALUE ="YES"/>
        <ATTRIBUTE NAME ="Session Log File Name" VALUE ="s_m_RMLCA_RM_INFO_STG.log"/>
        <ATTRIBUTE NAME ="Session Log File directory" VALUE ="$PMSessionLogDir&#x5c;INVENTORY_ANALYSIS&#x5c;LOG&#x5c;"/>
        <ATTRIBUTE NAME ="Parameter Filename" VALUE =""/>
        <ATTRIBUTE NAME ="Enable Test Load" VALUE ="NO"/>
        <ATTRIBUTE NAME ="$Source connection value" VALUE =""/>
        <ATTRIBUTE NAME ="$Target connection value" VALUE =""/>
        <ATTRIBUTE NAME ="Treat source rows as" VALUE ="Insert"/>
        <ATTRIBUTE NAME ="Commit Type" VALUE ="Target"/>
        <ATTRIBUTE NAME ="Commit Interval" VALUE ="2000000"/>
        <ATTRIBUTE NAME ="Commit On End Of File" VALUE ="YES"/>
        <ATTRIBUTE NAME ="Rollback Transactions on Errors" VALUE ="NO"/>
        <ATTRIBUTE NAME ="Recovery Strategy" VALUE ="Restart task"/>
        <ATTRIBUTE NAME ="Java Classpath" VALUE =""/>
        <ATTRIBUTE NAME ="Performance" VALUE =""/>
        <ATTRIBUTE NAME ="DTM buffer size" VALUE ="Auto"/>
        <ATTRIBUTE NAME ="Collect performance data" VALUE ="NO"/>
        <ATTRIBUTE NAME ="Write performance data to repository" VALUE ="NO"/>
        <ATTRIBUTE NAME ="Incremental Aggregation" VALUE ="NO"/>
        <ATTRIBUTE NAME ="Enable high precision" VALUE ="NO"/>
        <ATTRIBUTE NAME ="Session retry on deadlock" VALUE ="NO"/>
        <ATTRIBUTE NAME ="Pushdown Optimization" VALUE ="None"/>
        <ATTRIBUTE NAME ="Allow Temporary View for Pushdown" VALUE ="NO"/>
        <ATTRIBUTE NAME ="Allow Temporary Sequence for Pushdown" VALUE ="NO"/>
        <ATTRIBUTE NAME ="Allow Pushdown for User Incompatible Connections" VALUE ="NO"/>
        <METADATAEXTENSION DATATYPE ="STRING" DESCRIPTION ="Conversion Mapping  Name with version " DOMAINNAME ="User Defined Metadata Domain" ISCLIENTEDITABLE ="YES" ISCLIENTVISIBLE ="YES" ISREUSABLE ="NO" ISSHAREREAD ="NO" ISSHAREWRITE ="NO" MAXLENGTH ="256" NAME ="CONV_MAP_NAME" VALUE ="RMLCA_Load_MRP_Dmd_Per_v2.0" VENDORNAME ="INFORMATICA"/>
    </SESSION>
    <WORKFLOW DESCRIPTION ="Workflow to load data into STG_RMLCA_RM_INFO table" ISENABLED ="YES" ISRUNNABLESERVICE ="NO" ISSERVICE ="NO" ISVALID ="YES" NAME ="wf_s_m_RMLCA_RM_INFO_STG" REUSABLE_SCHEDULER ="NO" SCHEDULERNAME ="Scheduler" SERVERNAME ="Domain10_PRD_Int_Svc" SERVER_DOMAINNAME ="Domain10_PRD" SUSPEND_ON_ERROR ="NO" TASKS_MUST_RUN_ON_SERVER ="NO" VERSIONNUMBER ="1">
        <SCHEDULER DESCRIPTION ="" NAME ="Scheduler" REUSABLE ="NO" VERSIONNUMBER ="1">
            <SCHEDULEINFO SCHEDULETYPE ="ONDEMAND"/>
        </SCHEDULER>
        <TASK DESCRIPTION ="" NAME ="Start" REUSABLE ="NO" TYPE ="Start" VERSIONNUMBER ="1"/>
        <TASKINSTANCE DESCRIPTION ="Session to load data into STG_RMLCA_RM_INFO table" FAIL_PARENT_IF_INSTANCE_DID_NOT_RUN ="YES" FAIL_PARENT_IF_INSTANCE_FAILS ="YES" ISENABLED ="YES" NAME ="s_m_RMLCA_RM_INFO_STG" REUSABLE ="YES" TASKNAME ="s_m_RMLCA_RM_INFO_STG" TASKTYPE ="Session" TREAT_INPUTLINK_AS_AND ="NO"/>
        <TASKINSTANCE DESCRIPTION ="" ISENABLED ="YES" NAME ="Start" REUSABLE ="NO" TASKNAME ="Start" TASKTYPE ="Start"/>
        <WORKFLOWLINK CONDITION ="" FROMTASK ="Start" TOTASK ="s_m_RMLCA_RM_INFO_STG"/>
        <WORKFLOWVARIABLE DATATYPE ="date/time" DEFAULTVALUE ="" DESCRIPTION ="The time this task started" ISNULL ="NO" ISPERSISTENT ="NO" NAME ="$s_m_RMLCA_RM_INFO_STG.StartTime" USERDEFINED ="NO"/>
        <WORKFLOWVARIABLE DATATYPE ="date/time" DEFAULTVALUE ="" DESCRIPTION ="The time this task completed" ISNULL ="NO" ISPERSISTENT ="NO" NAME ="$s_m_RMLCA_RM_INFO_STG.EndTime" USERDEFINED ="NO"/>
        <WORKFLOWVARIABLE DATATYPE ="integer" DEFAULTVALUE ="" DESCRIPTION ="Status of this task&apos;s execution" ISNULL ="NO" ISPERSISTENT ="NO" NAME ="$s_m_RMLCA_RM_INFO_STG.Status" USERDEFINED ="NO"/>
        <WORKFLOWVARIABLE DATATYPE ="integer" DEFAULTVALUE ="" DESCRIPTION ="Status of the previous task that is not disabled" ISNULL ="NO" ISPERSISTENT ="NO" NAME ="$s_m_RMLCA_RM_INFO_STG.PrevTaskStatus" USERDEFINED ="NO"/>
        <WORKFLOWVARIABLE DATATYPE ="integer" DEFAULTVALUE ="" DESCRIPTION ="Error code for this task&apos;s execution" ISNULL ="NO" ISPERSISTENT ="NO" NAME ="$s_m_RMLCA_RM_INFO_STG.ErrorCode" USERDEFINED ="NO"/>
        <WORKFLOWVARIABLE DATATYPE ="string" DEFAULTVALUE ="" DESCRIPTION ="Error message for this task&apos;s execution" ISNULL ="NO" ISPERSISTENT ="NO" NAME ="$s_m_RMLCA_RM_INFO_STG.ErrorMsg" USERDEFINED ="NO"/>
        <WORKFLOWVARIABLE DATATYPE ="integer" DEFAULTVALUE ="" DESCRIPTION ="Rows successfully read" ISNULL ="NO" ISPERSISTENT ="NO" NAME ="$s_m_RMLCA_RM_INFO_STG.SrcSuccessRows" USERDEFINED ="NO"/>
        <WORKFLOWVARIABLE DATATYPE ="integer" DEFAULTVALUE ="" DESCRIPTION ="Rows failed to read" ISNULL ="NO" ISPERSISTENT ="NO" NAME ="$s_m_RMLCA_RM_INFO_STG.SrcFailedRows" USERDEFINED ="NO"/>
        <WORKFLOWVARIABLE DATATYPE ="integer" DEFAULTVALUE ="" DESCRIPTION ="Rows successfully loaded" ISNULL ="NO" ISPERSISTENT ="NO" NAME ="$s_m_RMLCA_RM_INFO_STG.TgtSuccessRows" USERDEFINED ="NO"/>
        <WORKFLOWVARIABLE DATATYPE ="integer" DEFAULTVALUE ="" DESCRIPTION ="Rows failed to load" ISNULL ="NO" ISPERSISTENT ="NO" NAME ="$s_m_RMLCA_RM_INFO_STG.TgtFailedRows" USERDEFINED ="NO"/>
        <WORKFLOWVARIABLE DATATYPE ="integer" DEFAULTVALUE ="" DESCRIPTION ="Total number of transformation errors" ISNULL ="NO" ISPERSISTENT ="NO" NAME ="$s_m_RMLCA_RM_INFO_STG.TotalTransErrors" USERDEFINED ="NO"/>
        <WORKFLOWVARIABLE DATATYPE ="integer" DEFAULTVALUE ="" DESCRIPTION ="First error code" ISNULL ="NO" ISPERSISTENT ="NO" NAME ="$s_m_RMLCA_RM_INFO_STG.FirstErrorCode" USERDEFINED ="NO"/>
        <WORKFLOWVARIABLE DATATYPE ="string" DEFAULTVALUE ="" DESCRIPTION ="First error message" ISNULL ="NO" ISPERSISTENT ="NO" NAME ="$s_m_RMLCA_RM_INFO_STG.FirstErrorMsg" USERDEFINED ="NO"/>
        <WORKFLOWVARIABLE DATATYPE ="date/time" DEFAULTVALUE ="" DESCRIPTION ="The time this task started" ISNULL ="NO" ISPERSISTENT ="NO" NAME ="$Start.StartTime" USERDEFINED ="NO"/>
        <WORKFLOWVARIABLE DATATYPE ="date/time" DEFAULTVALUE ="" DESCRIPTION ="The time this task completed" ISNULL ="NO" ISPERSISTENT ="NO" NAME ="$Start.EndTime" USERDEFINED ="NO"/>
        <WORKFLOWVARIABLE DATATYPE ="integer" DEFAULTVALUE ="" DESCRIPTION ="Status of this task&apos;s execution" ISNULL ="NO" ISPERSISTENT ="NO" NAME ="$Start.Status" USERDEFINED ="NO"/>
        <WORKFLOWVARIABLE DATATYPE ="integer" DEFAULTVALUE ="" DESCRIPTION ="Status of the previous task that is not disabled" ISNULL ="NO" ISPERSISTENT ="NO" NAME ="$Start.PrevTaskStatus" USERDEFINED ="NO"/>
        <WORKFLOWVARIABLE DATATYPE ="integer" DEFAULTVALUE ="" DESCRIPTION ="Error code for this task&apos;s execution" ISNULL ="NO" ISPERSISTENT ="NO" NAME ="$Start.ErrorCode" USERDEFINED ="NO"/>
        <WORKFLOWVARIABLE DATATYPE ="string" DEFAULTVALUE ="" DESCRIPTION ="Error message for this task&apos;s execution" ISNULL ="NO" ISPERSISTENT ="NO" NAME ="$Start.ErrorMsg" USERDEFINED ="NO"/>
        <ATTRIBUTE NAME ="Parameter Filename" VALUE =""/>
        <ATTRIBUTE NAME ="Write Backward Compatible Workflow Log File" VALUE ="YES"/>
        <ATTRIBUTE NAME ="Workflow Log File Name" VALUE ="wf_s_m_RMLCA_RM_INFO_STG.log"/>
        <ATTRIBUTE NAME ="Workflow Log File Directory" VALUE ="$PMWorkflowLogDir&#x5c;INVENTORY_ANALYSIS&#x5c;LOG&#x5c;"/>
        <ATTRIBUTE NAME ="Save Workflow log by" VALUE ="By runs"/>
        <ATTRIBUTE NAME ="Save workflow log for these runs" VALUE ="9"/>
        <ATTRIBUTE NAME ="Service Name" VALUE =""/>
        <ATTRIBUTE NAME ="Service Timeout" VALUE ="0"/>
        <ATTRIBUTE NAME ="Is Service Visible" VALUE ="NO"/>
        <ATTRIBUTE NAME ="Is Service Protected" VALUE ="NO"/>
        <ATTRIBUTE NAME ="Fail task after wait time" VALUE ="0"/>
        <ATTRIBUTE NAME ="Enable HA recovery" VALUE ="NO"/>
        <ATTRIBUTE NAME ="Automatically recover terminated tasks" VALUE ="NO"/>
        <ATTRIBUTE NAME ="Service Level Name" VALUE ="Default"/>
        <ATTRIBUTE NAME ="Allow concurrent run with unique run instance name" VALUE ="NO"/>
        <ATTRIBUTE NAME ="Allow concurrent run with same run instance name" VALUE ="NO"/>
        <ATTRIBUTE NAME ="Maximum number of concurrent runs" VALUE ="0"/>
        <ATTRIBUTE NAME ="Assigned Web Services Hubs" VALUE =""/>
        <ATTRIBUTE NAME ="Maximum number of concurrent runs per Hub" VALUE ="1000"/>
        <ATTRIBUTE NAME ="Expected Service Time" VALUE ="1"/>
        <METADATAEXTENSION COMPONENTVERSION ="1000000" DATATYPE ="STRING" DESCRIPTION ="Conversion Mapping Name with version " DOMAINNAME ="User Defined Metadata Domain" ISCLIENTEDITABLE ="YES" ISCLIENTVISIBLE ="YES" ISREUSABLE ="NO" ISSHAREREAD ="NO" ISSHAREWRITE ="NO" MAXLENGTH ="256" NAME ="CONV_MAP_NAME" VALUE ="RMLCA_Load_MRP_Dmd_Per_v1.0" VENDORNAME ="INFORMATICA"/>
        <METADATAEXTENSION COMPONENTVERSION ="1000000" DATATYPE ="STRING" DESCRIPTION ="" DOMAINNAME ="User Defined Metadata Domain" ISCLIENTEDITABLE ="YES" ISCLIENTVISIBLE ="YES" ISREUSABLE ="NO" ISSHAREREAD ="NO" ISSHAREWRITE ="NO" MAXLENGTH ="256" NAME ="Extension" VALUE ="" VENDORNAME ="INFORMATICA"/>
    </WORKFLOW>
</FOLDER>
</REPOSITORY>
</POWERMART>