<?xml version="1.0" encoding="Windows-1252"?>
<!DOCTYPE POWERMART SYSTEM "powrmart.dtd">
<POWERMART CREATION_DATE="05/20/2024 09:26:19" REPOSITORY_VERSION="187.96">
<REPOSITORY NAME="Domain10_Rep_Svc_Prd" VERSION="187" CODEPAGE="MS1252" DATABASETYPE="Microsoft SQL Server">
<FOLDER NAME="INVENTORY_ANALYSIS" GROUP="" OWNER="Administrator" SHARED="NOTSHARED" DESCRIPTION="" PERMISSIONS="rwx---r--" UUID="27b7fb57-5066-4c7e-aee4-118d44bfa5b6">
    <SOURCE BUSINESSNAME ="" DATABASETYPE ="Oracle" DBDNAME ="slbadw" DESCRIPTION ="" NAME ="V_WATR_DP_SC_MAXBUILD" OBJECTVERSION ="1" OWNERNAME ="STAGING" VERSIONNUMBER ="1">
        <SOURCEFIELD BUSINESSNAME ="" DATATYPE ="varchar2" DESCRIPTION ="" FIELDNUMBER ="1" FIELDPROPERTY ="0" FIELDTYPE ="ELEMITEM" HIDDEN ="NO" KEYTYPE ="NOT A KEY" LENGTH ="0" LEVEL ="0" NAME ="SKU" NULLABLE ="NULL" OCCURS ="0" OFFSET ="0" PHYSICALLENGTH ="20" PHYSICALOFFSET ="0" PICTURETEXT ="" PRECISION ="20" SCALE ="0" USAGE_FLAGS =""/>
        <SOURCEFIELD BUSINESSNAME ="" DATATYPE ="date" DESCRIPTION ="" FIELDNUMBER ="2" FIELDPROPERTY ="0" FIELDTYPE ="ELEMITEM" HIDDEN ="NO" KEYTYPE ="NOT A KEY" LENGTH ="19" LEVEL ="0" NAME ="START_DATE" NULLABLE ="NULL" OCCURS ="0" OFFSET ="0" PHYSICALLENGTH ="19" PHYSICALOFFSET ="20" PICTURETEXT ="" PRECISION ="19" SCALE ="0" USAGE_FLAGS =""/>
        <SOURCEFIELD BUSINESSNAME ="" DATATYPE ="date" DESCRIPTION ="" FIELDNUMBER ="3" FIELDPROPERTY ="0" FIELDTYPE ="ELEMITEM" HIDDEN ="NO" KEYTYPE ="NOT A KEY" LENGTH ="19" LEVEL ="0" NAME ="END_DATE" NULLABLE ="NULL" OCCURS ="0" OFFSET ="19" PHYSICALLENGTH ="19" PHYSICALOFFSET ="39" PICTURETEXT ="" PRECISION ="19" SCALE ="0" USAGE_FLAGS =""/>
        <SOURCEFIELD BUSINESSNAME ="" DATATYPE ="number" DESCRIPTION ="" FIELDNUMBER ="4" FIELDPROPERTY ="0" FIELDTYPE ="ELEMITEM" HIDDEN ="NO" KEYTYPE ="NOT A KEY" LENGTH ="24" LEVEL ="0" NAME ="MAX_BUILD_QTY" NULLABLE ="NULL" OCCURS ="0" OFFSET ="38" PHYSICALLENGTH ="15" PHYSICALOFFSET ="58" PICTURETEXT ="" PRECISION ="15" SCALE ="0" USAGE_FLAGS =""/>
        <SOURCEFIELD BUSINESSNAME ="" DATATYPE ="varchar2" DESCRIPTION ="" FIELDNUMBER ="5" FIELDPROPERTY ="0" FIELDTYPE ="ELEMITEM" HIDDEN ="NO" KEYTYPE ="NOT A KEY" LENGTH ="0" LEVEL ="0" NAME ="UOM" NULLABLE ="NULL" OCCURS ="0" OFFSET ="62" PHYSICALLENGTH ="10" PHYSICALOFFSET ="73" PICTURETEXT ="" PRECISION ="10" SCALE ="0" USAGE_FLAGS =""/>
    </SOURCE>
    <TARGET BUSINESSNAME ="" CONSTRAINT ="" DATABASETYPE ="Oracle" DESCRIPTION ="" NAME ="INVENTORY_MAX_BUILD" OBJECTVERSION ="1" TABLEOPTIONS ="" VERSIONNUMBER ="1">
        <TARGETFIELD BUSINESSNAME ="" DATATYPE ="date" DESCRIPTION ="" FIELDNUMBER ="1" KEYTYPE ="PRIMARY KEY" NAME ="START_DATE" NULLABLE ="NOTNULL" PICTURETEXT ="" PRECISION ="19" SCALE ="0"/>
        <TARGETFIELD BUSINESSNAME ="" DATATYPE ="number(p,s)" DESCRIPTION ="" FIELDNUMBER ="2" KEYTYPE ="PRIMARY KEY" NAME ="ITEM_ID" NULLABLE ="NOTNULL" PICTURETEXT ="" PRECISION ="38" SCALE ="0"/>
        <TARGETFIELD BUSINESSNAME ="" DATATYPE ="date" DESCRIPTION ="" FIELDNUMBER ="3" KEYTYPE ="NOT A KEY" NAME ="END_DATE" NULLABLE ="NULL" PICTURETEXT ="" PRECISION ="19" SCALE ="0"/>
        <TARGETFIELD BUSINESSNAME ="" DATATYPE ="number(p,s)" DESCRIPTION ="" FIELDNUMBER ="4" KEYTYPE ="NOT A KEY" NAME ="MAX_BUILD_QTY" NULLABLE ="NULL" PICTURETEXT ="" PRECISION ="38" SCALE ="0"/>
        <TARGETFIELD BUSINESSNAME ="" DATATYPE ="varchar2" DESCRIPTION ="" FIELDNUMBER ="5" KEYTYPE ="NOT A KEY" NAME ="UOM" NULLABLE ="NULL" PICTURETEXT ="" PRECISION ="5" SCALE ="0"/>
        <TARGETFIELD BUSINESSNAME ="" DATATYPE ="varchar2" DESCRIPTION ="" FIELDNUMBER ="6" KEYTYPE ="NOT A KEY" NAME ="UPDATE_USERID" NULLABLE ="NULL" PICTURETEXT ="" PRECISION ="25" SCALE ="0"/>
        <TARGETFIELD BUSINESSNAME ="" DATATYPE ="date" DESCRIPTION ="" FIELDNUMBER ="7" KEYTYPE ="NOT A KEY" NAME ="UPDATE_TIMESTAMP" NULLABLE ="NULL" PICTURETEXT ="" PRECISION ="19" SCALE ="0"/>
    </TARGET>
    <MAPPLET DESCRIPTION ="This mapplet retrieves the item_id from the item_table for the item_type_code of &apos;SEL&apos; " ISVALID ="YES" NAME ="ML_ITEM_SELL" OBJECTVERSION ="1" VERSIONNUMBER ="1">
        <TRANSFORMATION DESCRIPTION ="This expression determines the item_id and garm_per_pkg_qty for division_groups:slsp and sli for the second set of keys." NAME ="EXP_ITEM_SELL" OBJECTVERSION ="1" REUSABLE ="NO" TYPE ="Expression" VERSIONNUMBER ="1">
            <TRANSFORMFIELD DATATYPE ="string" DEFAULTVALUE ="" DESCRIPTION ="" NAME ="I_DIVISION_GROUP" PICTURETEXT ="" PORTTYPE ="INPUT" PRECISION ="4" SCALE ="0"/>
            <TRANSFORMFIELD DATATYPE ="decimal" DEFAULTVALUE ="" DESCRIPTION ="" NAME ="I_ITEM_ID" PICTURETEXT ="" PORTTYPE ="INPUT" PRECISION ="38" SCALE ="0"/>
            <TRANSFORMFIELD DATATYPE ="string" DEFAULTVALUE ="" DESCRIPTION ="" NAME ="I_UPC_CODE" PICTURETEXT ="" PORTTYPE ="INPUT" PRECISION ="18" SCALE ="0"/>
            <TRANSFORMFIELD DATATYPE ="decimal" DEFAULTVALUE ="" DESCRIPTION ="" EXPRESSION ="IIF(I_DIVISION_GROUP=&apos;sli&apos;, IIF(ISNULL(I_ITEM_ID), :LKP.LKP_ITEM_SELL_IN(I_UPC_CODE),I_ITEM_ID), I_ITEM_ID )" EXPRESSIONTYPE ="GENERAL" NAME ="V_ITEM_ID" PICTURETEXT ="" PORTTYPE ="LOCAL VARIABLE" PRECISION ="38" SCALE ="0"/>
            <TRANSFORMFIELD DATATYPE ="decimal" DEFAULTVALUE ="" DESCRIPTION ="" EXPRESSION ="V_ITEM_ID" EXPRESSIONTYPE ="GENERAL" NAME ="O_ITEM_ID" PICTURETEXT ="" PORTTYPE ="OUTPUT" PRECISION ="38" SCALE ="0"/>
            <TABLEATTRIBUTE NAME ="Tracing Level" VALUE ="Normal"/>
        </TRANSFORMATION>
        <TRANSFORMATION DESCRIPTION ="This transformation retreives the item_id and garm_per_pkg_qty for the various division_groups for the item_type_code=&apos;SEL&apos;" NAME ="LKP_ITEM_SELL" OBJECTVERSION ="1" REUSABLE ="NO" TYPE ="Lookup Procedure" VERSIONNUMBER ="1">
            <TRANSFORMFIELD DATATYPE ="decimal" DEFAULTVALUE ="" DESCRIPTION ="" NAME ="ITEM_ID" PICTURETEXT ="" PORTTYPE ="LOOKUP/OUTPUT" PRECISION ="38" SCALE ="0"/>
            <TRANSFORMFIELD DATATYPE ="string" DEFAULTVALUE ="" DESCRIPTION ="" NAME ="DIVISION_GROUP" PICTURETEXT ="" PORTTYPE ="LOOKUP" PRECISION ="4" SCALE ="0"/>
            <TRANSFORMFIELD DATATYPE ="string" DEFAULTVALUE ="" DESCRIPTION ="" NAME ="STYLE_NUM" PICTURETEXT ="" PORTTYPE ="LOOKUP" PRECISION ="9" SCALE ="0"/>
            <TRANSFORMFIELD DATATYPE ="string" DEFAULTVALUE ="" DESCRIPTION ="" NAME ="COLOR_CODE" PICTURETEXT ="" PORTTYPE ="LOOKUP" PRECISION ="5" SCALE ="0"/>
            <TRANSFORMFIELD DATATYPE ="string" DEFAULTVALUE ="" DESCRIPTION ="" NAME ="SIZE_CODE" PICTURETEXT ="" PORTTYPE ="LOOKUP" PRECISION ="3" SCALE ="0"/>
            <TRANSFORMFIELD DATATYPE ="string" DEFAULTVALUE ="" DESCRIPTION ="" NAME ="ATTRIBUTION_CODE" PICTURETEXT ="" PORTTYPE ="LOOKUP" PRECISION ="10" SCALE ="0"/>
            <TRANSFORMFIELD DATATYPE ="string" DEFAULTVALUE ="" DESCRIPTION ="" NAME ="CUP_SIZE" PICTURETEXT ="" PORTTYPE ="LOOKUP" PRECISION ="3" SCALE ="0"/>
            <TRANSFORMFIELD DATATYPE ="string" DEFAULTVALUE ="" DESCRIPTION ="" NAME ="SKU" PICTURETEXT ="" PORTTYPE ="LOOKUP" PRECISION ="16" SCALE ="0"/>
            <TRANSFORMFIELD DATATYPE ="string" DEFAULTVALUE ="" DESCRIPTION ="" NAME ="DIVISION_CODE" PICTURETEXT ="" PORTTYPE ="LOOKUP" PRECISION ="2" SCALE ="0"/>
            <TRANSFORMFIELD DATATYPE ="string" DEFAULTVALUE ="" DESCRIPTION ="" NAME ="COMPANY_CODE" PICTURETEXT ="" PORTTYPE ="LOOKUP" PRECISION ="2" SCALE ="0"/>
            <TRANSFORMFIELD DATATYPE ="string" DEFAULTVALUE ="" DESCRIPTION ="" NAME ="SAP_MATERIAL_NUM" PICTURETEXT ="" PORTTYPE ="LOOKUP" PRECISION ="18" SCALE ="0"/>
            <TRANSFORMFIELD DATATYPE ="string" DEFAULTVALUE ="" DESCRIPTION ="" NAME ="SAP_GRID_VALUE" PICTURETEXT ="" PORTTYPE ="LOOKUP" PRECISION ="16" SCALE ="0"/>
            <TRANSFORMFIELD DATATYPE ="string" DEFAULTVALUE ="" DESCRIPTION ="" NAME ="I_DIVISION_GROUP" PICTURETEXT ="" PORTTYPE ="INPUT" PRECISION ="4" SCALE ="0"/>
            <TRANSFORMFIELD DATATYPE ="string" DEFAULTVALUE ="" DESCRIPTION ="" NAME ="I_DIVISION_CODE" PICTURETEXT ="" PORTTYPE ="INPUT" PRECISION ="2" SCALE ="0"/>
            <TRANSFORMFIELD DATATYPE ="string" DEFAULTVALUE ="" DESCRIPTION ="" NAME ="I_COMPANY_CODE" PICTURETEXT ="" PORTTYPE ="INPUT" PRECISION ="2" SCALE ="0"/>
            <TRANSFORMFIELD DATATYPE ="string" DEFAULTVALUE ="" DESCRIPTION ="" NAME ="I_STYLE_NUM" PICTURETEXT ="" PORTTYPE ="INPUT" PRECISION ="9" SCALE ="0"/>
            <TRANSFORMFIELD DATATYPE ="string" DEFAULTVALUE ="" DESCRIPTION ="" NAME ="I_COLOR_CODE" PICTURETEXT ="" PORTTYPE ="INPUT" PRECISION ="5" SCALE ="0"/>
            <TRANSFORMFIELD DATATYPE ="string" DEFAULTVALUE ="" DESCRIPTION ="" NAME ="I_SIZE_CODE" PICTURETEXT ="" PORTTYPE ="INPUT" PRECISION ="3" SCALE ="0"/>
            <TRANSFORMFIELD DATATYPE ="string" DEFAULTVALUE ="" DESCRIPTION ="" NAME ="I_CUP_SIZE" PICTURETEXT ="" PORTTYPE ="INPUT" PRECISION ="3" SCALE ="0"/>
            <TRANSFORMFIELD DATATYPE ="string" DEFAULTVALUE ="" DESCRIPTION ="" NAME ="I_SKU" PICTURETEXT ="" PORTTYPE ="INPUT" PRECISION ="20" SCALE ="0"/>
            <TRANSFORMFIELD DATATYPE ="string" DEFAULTVALUE ="" DESCRIPTION ="" NAME ="I_SAP_MATERIAL_NUM" PICTURETEXT ="" PORTTYPE ="INPUT" PRECISION ="18" SCALE ="0"/>
            <TRANSFORMFIELD DATATYPE ="string" DEFAULTVALUE ="" DESCRIPTION ="" NAME ="I_SAP_GRID_VALUE" PICTURETEXT ="" PORTTYPE ="INPUT" PRECISION ="16" SCALE ="0"/>
            <TRANSFORMFIELD DATATYPE ="string" DEFAULTVALUE ="" DESCRIPTION ="" NAME ="I_ATTRIBUTION_CODE" PICTURETEXT ="" PORTTYPE ="INPUT" PRECISION ="10" SCALE ="0"/>
            <TABLEATTRIBUTE NAME ="Lookup Sql Override" VALUE ="SELECT &#xD;&#xA;ITEM_ID as ITEM_ID,&#xD;&#xA;DIVISION_GROUP as  DIVISION_GROUP,&#xD;&#xA;NVL(STYLE_NUM, &apos;1&apos; )  as STYLE_NUM,&#xD;&#xA;NVL(COLOR_CODE, &apos;1&apos; ) as COLOR_CODE,&#xD;&#xA;NVL(SIZE_CODE, &apos;1&apos; ) as SIZE_CODE,&#xD;&#xA;NVL(ATTRIBUTION_CODE, &apos;1&apos; ) as ATTRIBUTION_CODE,&#xD;&#xA;NVL(CUP_SIZE, &apos;1&apos; ) as CUP_SIZE, &#xD;&#xA;NVL(SKU, &apos;1&apos; ) as SKU,&#xD;&#xA;NVL(DIVISION_CODE, &apos;1&apos; ) as DIVISION_CODE, &#xD;&#xA;NVL(COMPANY_CODE, &apos;1&apos; ) as COMPANY_CODE,&#xD;&#xA;NVL(SAP_MATERIAL_NUM, &apos;1&apos; ) as SAP_MATERIAL_NUM,&#xD;&#xA;NVL(SAP_GRID_VALUE, &apos;1&apos; ) as SAP_GRID_VALUE FROM &#xD;&#xA;(  SELECT I.ITEM_ID as ITEM_ID, &#xD;&#xA;TRIM(I.DIVISION_GROUP) as DIVISION_GROUP, &#xD;&#xA;DECODE(LOWER(TRIM(&apos;$$DIVISION_GROUP&apos;)),&apos;slh&apos;,TRIM(I.STYLE_NUM),&apos;slsp&apos;,TRIM(I.STYLE_NUM),&apos;slca&apos;,TRIM(I.STYLE_NUM),&apos;sli&apos;,TRIM(I.STYLE_NUM),&apos;hbi&apos;,TRIM(I.STYLE_NUM),&apos;exp&apos;,TRIM(I.STYLE_NUM),&apos;mex&apos;,TRIM(I.STYLE_NUM),&apos;gfs&apos;,TRIM(I.STYLE_NUM),&apos;1&apos;) as STYLE_NUM,&#xD;&#xA;DECODE(LOWER(TRIM(&apos;$$DIVISION_GROUP&apos;)),&apos;slh&apos;,TRIM(I.COLOR_CODE),&apos;slsp&apos;,TRIM(I.COLOR_CODE),&apos;slca&apos;,TRIM(I.COLOR_CODE),&apos;sli&apos;,TRIM(I.COLOR_CODE),&apos;mex&apos;,TRIM(I.COLOR_CODE),&apos;gfs&apos;,TRIM(I.COLOR_CODE),&apos;1&apos;) as COLOR_CODE, &#xD;&#xA;DECODE(LOWER(TRIM(&apos;$$DIVISION_GROUP&apos;)),&apos;slh&apos;,TRIM(I.SIZE_CODE),&apos;slsp&apos;,TRIM(I.SIZE_CODE),&apos;slca&apos;,TRIM(I.SIZE_CODE),&apos;sli&apos;,TRIM(I.SIZE_CODE),&apos;mex&apos;,TRIM(I.SIZE_CODE),&apos;gfs&apos;,TRIM(I.SIZE_CODE),&apos;1&apos;) as SIZE_CODE, &#xD;&#xA;DECODE(LOWER(TRIM(&apos;$$DIVISION_GROUP&apos;)),&apos;slsp&apos;,TRIM(I.ATTRIBUTION_CODE),&apos;mex&apos;,TRIM(I.ATTRIBUTION_CODE),&apos;gfs&apos;,TRIM(I.ATTRIBUTION_CODE),&apos;1&apos;) as ATTRIBUTION_CODE, &#xD;&#xA;DECODE(LOWER(TRIM(&apos;$$DIVISION_GROUP&apos;)),&apos;slca&apos;,TRIM(I.CUP_SIZE),&apos;sli&apos;,TRIM(I.CUP_SIZE),&apos;mex&apos;,TRIM(I.CUP_SIZE),&apos;gfs&apos;,TRIM(I.CUP_SIZE),&apos;1&apos;) as CUP_SIZE,&#xD;&#xA;DECODE(LOWER(TRIM(&apos;$$DIVISION_GROUP&apos;)),&apos;slu&apos;,TRIM(I.SKU),&apos;sls&apos;,TRIM(I.SKU),&apos;sld&apos;,TRIM(I.SKU), &apos;sli&apos;, RTRIM(SKU), &apos;1&apos;) as SKU, &#xD;&#xA;DECODE(LOWER(TRIM(&apos;$$DIVISION_GROUP&apos;)),&apos;sls&apos;,&apos;1&apos;, &apos;slsp&apos;, &apos;1&apos;, &apos;sld&apos;, &apos;1&apos;, &apos;slu&apos;, &apos;1&apos;,&apos;hbi&apos;,&apos;1&apos;,&apos;exp&apos;,&apos;1&apos;,&apos;mex&apos;,&apos;1&apos;,&apos;gfs&apos;,&apos;1&apos;, TRIM(I.DIVISION_CODE)) as DIVISION_CODE,&#xD;&#xA;DECODE(LOWER(TRIM(&apos;$$DIVISION_GROUP&apos;)),&apos;sli&apos;,TRIM(COMPANY_CODE),&apos;1&apos;) as COMPANY_CODE,&#xD;&#xA;&apos;1&apos; as SAP_MATERIAL_NUM,&#xD;&#xA;&apos;1&apos; as SAP_GRID_VALUE &#xD;&#xA;FROM ITEM I &#xD;&#xA;WHERE LOWER(TRIM(I.DIVISION_GROUP)) = LOWER(TRIM(&apos;$$DIVISION_GROUP&apos;)) AND &#xD;&#xA;I.ITEM_TYPE_CODE = &apos;SEL&apos; AND &#xD;&#xA;I.ITEM_ID IN ( SELECT MIN(I.ITEM_ID) FROM ITEM I WHERE LOWER(TRIM(I.DIVISION_GROUP)) = LOWER(TRIM(&apos;$$DIVISION_GROUP&apos;)) AND &#xD;&#xA;I.ITEM_TYPE_CODE = &apos;SEL&apos;  GROUP BY  TRIM(I.DIVISION_GROUP) , &#xD;&#xA;DECODE(LOWER(TRIM(&apos;$$DIVISION_GROUP&apos;)),&apos;slh&apos;,TRIM(I.STYLE_NUM),&apos;slsp&apos;,TRIM(I.STYLE_NUM),&apos;slca&apos;,TRIM(I.STYLE_NUM),&apos;sli&apos;,TRIM(I.STYLE_NUM),&apos;hbi&apos;,TRIM(I.STYLE_NUM),&apos;exp&apos;,TRIM(I.STYLE_NUM),&apos;mex&apos;,TRIM(I.STYLE_NUM),&apos;gfs&apos;,TRIM(I.STYLE_NUM),&apos;1&apos;) ,&#xD;&#xA;DECODE(LOWER(TRIM(&apos;$$DIVISION_GROUP&apos;)),&apos;slh&apos;,TRIM(I.COLOR_CODE),&apos;slsp&apos;,TRIM(I.COLOR_CODE),&apos;slca&apos;,TRIM(I.COLOR_CODE),&apos;sli&apos;,TRIM(I.COLOR_CODE),&apos;mex&apos;,TRIM(I.COLOR_CODE),&apos;gfs&apos;,TRIM(I.COLOR_CODE),&apos;1&apos;) , &#xD;&#xA;DECODE(LOWER(TRIM(&apos;$$DIVISION_GROUP&apos;)),&apos;slh&apos;,TRIM(I.SIZE_CODE),&apos;slsp&apos;,TRIM(I.SIZE_CODE),&apos;slca&apos;,TRIM(I.SIZE_CODE),&apos;sli&apos;,TRIM(I.SIZE_CODE),&apos;mex&apos;,TRIM(I.SIZE_CODE),&apos;gfs&apos;,TRIM(I.SIZE_CODE),&apos;1&apos;) , &#xD;&#xA;DECODE(LOWER(TRIM(&apos;$$DIVISION_GROUP&apos;)),&apos;slsp&apos;,TRIM(I.ATTRIBUTION_CODE),&apos;mex&apos;,TRIM(I.ATTRIBUTION_CODE),&apos;gfs&apos;,TRIM(I.ATTRIBUTION_CODE),&apos;1&apos;) , &#xD;&#xA;DECODE(LOWER(TRIM(&apos;$$DIVISION_GROUP&apos;)),&apos;slca&apos;,TRIM(I.CUP_SIZE),&apos;sli&apos;,TRIM(I.CUP_SIZE),&apos;mex&apos;,TRIM(I.CUP_SIZE),&apos;gfs&apos;,TRIM(I.CUP_SIZE),&apos;1&apos;) ,&#xD;&#xA;DECODE(LOWER(TRIM(&apos;$$DIVISION_GROUP&apos;)),&apos;slu&apos;,TRIM(I.SKU),&apos;sls&apos;,TRIM(I.SKU),&apos;sld&apos;,TRIM(I.SKU), &apos;sli&apos;, RTRIM(SKU), &apos;1&apos;) , &#xD;&#xA;DECODE(LOWER(TRIM(&apos;$$DIVISION_GROUP&apos;)),&apos;sls&apos;,&apos;1&apos;, &apos;slsp&apos;, &apos;1&apos;, &apos;sld&apos;, &apos;1&apos;, &apos;slu&apos;, &apos;1&apos;,&apos;hbi&apos;,&apos;1&apos;,&apos;exp&apos;,&apos;1&apos;, &apos;mex&apos;,&apos;1&apos;,&apos;gfs&apos;,&apos;1&apos;,TRIM(I.DIVISION_CODE)) ,&#xD;&#xA;DECODE(LOWER(TRIM(&apos;$$DIVISION_GROUP&apos;)),&apos;sli&apos;,TRIM(COMPANY_CODE),&apos;1&apos;), &apos;1&apos;, &apos;1&apos; ) &#xD;&#xA;UNION ALL &#xD;&#xA;SELECT I.ITEM_ID as ITEM_ID, &#xD;&#xA;TRIM(I.DIVISION_GROUP) as DIVISION_GROUP, &#xD;&#xA;&apos;1&apos; as STYLE_NUM,&#xD;&#xA;&apos;1&apos; as COLOR_CODE, &#xD;&#xA;&apos;1&apos; as SIZE_CODE, &#xD;&#xA;&apos;1&apos; as ATTRIBUTION_CODE, &#xD;&#xA;&apos;1&apos; as CUP_SIZE,&#xD;&#xA;&apos;1&apos; as SKU, &#xD;&#xA;&apos;1&apos; as DIVISION_CODE,&#xD;&#xA;&apos;1&apos; as COMPANY_CODE,&#xD;&#xA;DECODE(LOWER(TRIM(&apos;$$DIVISION_GROUP&apos;)),&apos;slsp&apos;,SAP_MATERIAL_NUM, &apos;1&apos; ) as SAP_MATERIAL_NUM,&#xD;&#xA;DECODE(LOWER(TRIM(&apos;$$DIVISION_GROUP&apos;)),&apos;slsp&apos;,SAP_GRID_VALUE, &apos;1&apos; ) as SAP_GRID_VALUE &#xD;&#xA;FROM ITEM I &#xD;&#xA;WHERE LOWER(TRIM(I.DIVISION_GROUP)) = LOWER(TRIM(&apos;$$DIVISION_GROUP&apos;)) AND &#xD;&#xA;LOWER(TRIM(I.DIVISION_GROUP)) = &apos;slsp&apos; AND &#xD;&#xA;SAP_MATERIAL_NUM IS NOT NULL AND &#xD;&#xA;SAP_GRID_VALUE IS NOT NULL AND &#xD;&#xA;I.ITEM_TYPE_CODE = &apos;SEL&apos; &#xD;&#xA;AND I.ITEM_ID IN ( SELECT MIN(I.ITEM_ID) FROM ITEM I WHERE  LOWER(TRIM(I.DIVISION_GROUP)) = LOWER(TRIM(&apos;$$DIVISION_GROUP&apos;)) AND &#xD;&#xA;LOWER(TRIM(I.DIVISION_GROUP)) = &apos;slsp&apos; AND &#xD;&#xA;I.SAP_MATERIAL_NUM IS NOT NULL AND &#xD;&#xA;I.SAP_GRID_VALUE IS NOT NULL AND &#xD;&#xA;I.ITEM_TYPE_CODE = &apos;SEL&apos; GROUP BY I.SAP_MATERIAL_NUM, I.SAP_GRID_VALUE) &#xD;&#xA;UNION ALL &#xD;&#xA;SELECT I.ITEM_ID as ITEM_ID, &#xD;&#xA;TRIM(I.DIVISION_GROUP) as DIVISION_GROUP, &#xD;&#xA;DECODE(LOWER(TRIM(&apos;$$DIVISION_GROUP&apos;)),&apos;slh&apos;,TRIM(I.STYLE_NUM),&apos;slsp&apos;,TRIM(I.STYLE_NUM),&apos;slca&apos;,TRIM(I.STYLE_NUM),&apos;sli&apos;,TRIM(I.STYLE_NUM),&apos;hbi&apos;,TRIM(I.STYLE_NUM),&apos;exp&apos;,TRIM(I.STYLE_NUM),&apos;mex&apos;,TRIM(I.STYLE_NUM),&apos;gfs&apos;,TRIM(I.STYLE_NUM),&apos;1&apos;) as STYLE_NUM,&#xD;&#xA;DECODE(LOWER(TRIM(&apos;$$DIVISION_GROUP&apos;)),&apos;slh&apos;,TRIM(I.COLOR_CODE),&apos;slsp&apos;,TRIM(I.COLOR_CODE),&apos;slca&apos;,TRIM(I.COLOR_CODE),&apos;sli&apos;,TRIM(I.COLOR_CODE),&apos;mex&apos;,TRIM(I.COLOR_CODE),&apos;gfs&apos;,TRIM(I.COLOR_CODE),&apos;1&apos;) as COLOR_CODE, &#xD;&#xA;DECODE(LOWER(TRIM(&apos;$$DIVISION_GROUP&apos;)),&apos;slh&apos;,TRIM(I.SIZE_CODE),&apos;slsp&apos;,TRIM(I.SIZE_CODE),&apos;slca&apos;,TRIM(I.SIZE_CODE),&apos;sli&apos;,TRIM(I.SIZE_CODE),&apos;mex&apos;,TRIM(I.SIZE_CODE),&apos;gfs&apos;,TRIM(I.SIZE_CODE),&apos;1&apos;) as SIZE_CODE, &#xD;&#xA;DECODE(LOWER(TRIM(&apos;$$DIVISION_GROUP&apos;)),&apos;slsp&apos;,TRIM(I.ATTRIBUTION_CODE),&apos;mex&apos;,TRIM(I.ATTRIBUTION_CODE),&apos;gfs&apos;,TRIM(I.ATTRIBUTION_CODE),&apos;1&apos;) as ATTRIBUTION_CODE, &#xD;&#xA;DECODE(LOWER(TRIM(&apos;$$DIVISION_GROUP&apos;)),&apos;slca&apos;,TRIM(I.CUP_SIZE),&apos;sli&apos;,TRIM(I.CUP_SIZE),&apos;mex&apos;,TRIM(I.CUP_SIZE),&apos;gfs&apos;,TRIM(I.CUP_SIZE),&apos;1&apos;) as CUP_SIZE,&#xD;&#xA;DECODE(LOWER(TRIM(&apos;$$DIVISION_GROUP&apos;)),&apos;slu&apos;,TRIM(I.SKU),&apos;sls&apos;,TRIM(I.SKU),&apos;sld&apos;,TRIM(I.SKU), &apos;sli&apos;, RTRIM(SKU), &apos;1&apos;) as SKU, &#xD;&#xA;DECODE(LOWER(TRIM(&apos;$$DIVISION_GROUP&apos;)),&apos;sls&apos;,&apos;1&apos;, &apos;slsp&apos;, &apos;1&apos;, &apos;sld&apos;, &apos;1&apos;, &apos;slu&apos;, &apos;1&apos;,&apos;hbi&apos;,&apos;1&apos;,&apos;exp&apos;,&apos;1&apos;,&apos;mex&apos;,&apos;1&apos;,&apos;gfs&apos;,&apos;1&apos;, TRIM(I.DIVISION_CODE)) as DIVISION_CODE,&#xD;&#xA;DECODE(LOWER(TRIM(&apos;$$DIVISION_GROUP&apos;)),&apos;sli&apos;,TRIM(COMPANY_CODE),&apos;1&apos;) as COMPANY_CODE,&#xD;&#xA;&apos;1&apos; as SAP_MATERIAL_NUM,&#xD;&#xA;&apos;1&apos; as SAP_GRID_VALUE &#xD;&#xA;FROM ITEM I &#xD;&#xA;WHERE LOWER(TRIM(I.DIVISION_GROUP)) = LOWER(TRIM(&apos;$$DIVISION_GROUP&apos;)) AND &#xD;&#xA;I.ITEM_TYPE_CODE = &apos;MFG&apos; AND &#xD;&#xA;I.ITEM_ID IN ( SELECT MIN(I.ITEM_ID) FROM ITEM I WHERE LOWER(TRIM(I.DIVISION_GROUP)) = LOWER(TRIM(&apos;$$DIVISION_GROUP&apos;)) AND &#xD;&#xA;I.ITEM_TYPE_CODE = &apos;MFG&apos;  &#xD;&#xA;AND LOWER(TRIM(I.DIVISION_GROUP)) = &apos;sli&apos;  &#xD;&#xA;GROUP BY  TRIM(I.DIVISION_GROUP) , &#xD;&#xA;DECODE(LOWER(TRIM(&apos;$$DIVISION_GROUP&apos;)),&apos;slh&apos;,TRIM(I.STYLE_NUM),&apos;slsp&apos;,TRIM(I.STYLE_NUM),&apos;slca&apos;,TRIM(I.STYLE_NUM),&apos;sli&apos;,TRIM(I.STYLE_NUM),&apos;hbi&apos;,TRIM(I.STYLE_NUM),&apos;exp&apos;,TRIM(I.STYLE_NUM),&apos;mex&apos;,TRIM(I.STYLE_NUM),&apos;gfs&apos;,TRIM(I.STYLE_NUM),&apos;1&apos;) ,&#xD;&#xA;DECODE(LOWER(TRIM(&apos;$$DIVISION_GROUP&apos;)),&apos;slh&apos;,TRIM(I.COLOR_CODE),&apos;slsp&apos;,TRIM(I.COLOR_CODE),&apos;slca&apos;,TRIM(I.COLOR_CODE),&apos;sli&apos;,TRIM(I.COLOR_CODE),&apos;mex&apos;,TRIM(I.COLOR_CODE),&apos;gfs&apos;,TRIM(I.COLOR_CODE),&apos;1&apos;) , &#xD;&#xA;DECODE(LOWER(TRIM(&apos;$$DIVISION_GROUP&apos;)),&apos;slh&apos;,TRIM(I.SIZE_CODE),&apos;slsp&apos;,TRIM(I.SIZE_CODE),&apos;slca&apos;,TRIM(I.SIZE_CODE),&apos;sli&apos;,TRIM(I.SIZE_CODE),&apos;mex&apos;,TRIM(I.SIZE_CODE),&apos;gfs&apos;,TRIM(I.SIZE_CODE),&apos;1&apos;) , &#xD;&#xA;DECODE(LOWER(TRIM(&apos;$$DIVISION_GROUP&apos;)),&apos;slsp&apos;,TRIM(I.ATTRIBUTION_CODE),&apos;mex&apos;,TRIM(I.ATTRIBUTION_CODE),&apos;gfs&apos;,TRIM(I.ATTRIBUTION_CODE),&apos;1&apos;) , &#xD;&#xA;DECODE(LOWER(TRIM(&apos;$$DIVISION_GROUP&apos;)),&apos;slca&apos;,TRIM(I.CUP_SIZE),&apos;sli&apos;,TRIM(I.CUP_SIZE),&apos;mex&apos;,TRIM(I.CUP_SIZE),&apos;gfs&apos;,TRIM(I.CUP_SIZE),&apos;1&apos;) ,&#xD;&#xA;DECODE(LOWER(TRIM(&apos;$$DIVISION_GROUP&apos;)),&apos;slu&apos;,TRIM(I.SKU),&apos;sls&apos;,TRIM(I.SKU),&apos;sld&apos;,TRIM(I.SKU), &apos;sli&apos;, RTRIM(SKU), &apos;1&apos;) , &#xD;&#xA;DECODE(LOWER(TRIM(&apos;$$DIVISION_GROUP&apos;)),&apos;sls&apos;,&apos;1&apos;, &apos;slsp&apos;, &apos;1&apos;, &apos;sld&apos;, &apos;1&apos;, &apos;slu&apos;, &apos;1&apos;,&apos;hbi&apos;,&apos;1&apos;,&apos;exp&apos;,&apos;1&apos;, &apos;mex&apos;,&apos;1&apos;,&apos;gfs&apos;,&apos;1&apos;,TRIM(I.DIVISION_CODE)) ,&#xD;&#xA;DECODE(LOWER(TRIM(&apos;$$DIVISION_GROUP&apos;)),&apos;sli&apos;,TRIM(COMPANY_CODE),&apos;1&apos;), &apos;1&apos;, &apos;1&apos; ) &#xD;&#xA;)&#xD;&#xA;ORDER BY ITEM_ID ASC&#xD;&#xA;--"/>
            <TABLEATTRIBUTE NAME ="Lookup table name" VALUE ="ITEM"/>
            <TABLEATTRIBUTE NAME ="Lookup Source Filter" VALUE =""/>
            <TABLEATTRIBUTE NAME ="Lookup caching enabled" VALUE ="YES"/>
            <TABLEATTRIBUTE NAME ="Lookup policy on multiple match" VALUE ="Use First Value"/>
            <TABLEATTRIBUTE NAME ="Lookup condition" VALUE ="DIVISION_GROUP = I_DIVISION_GROUP AND DIVISION_CODE = I_DIVISION_CODE AND COMPANY_CODE = I_COMPANY_CODE AND STYLE_NUM = I_STYLE_NUM AND COLOR_CODE = I_COLOR_CODE AND SIZE_CODE = I_SIZE_CODE AND ATTRIBUTION_CODE = I_ATTRIBUTION_CODE AND CUP_SIZE = I_CUP_SIZE AND SKU = I_SKU AND SAP_MATERIAL_NUM = I_SAP_MATERIAL_NUM AND SAP_GRID_VALUE = I_SAP_GRID_VALUE"/>
            <TABLEATTRIBUTE NAME ="Connection Information" VALUE ="$Source"/>
            <TABLEATTRIBUTE NAME ="Source Type" VALUE ="Database"/>
            <TABLEATTRIBUTE NAME ="Recache if Stale" VALUE ="NO"/>
            <TABLEATTRIBUTE NAME ="Tracing Level" VALUE ="Normal"/>
            <TABLEATTRIBUTE NAME ="Lookup cache directory name" VALUE ="$PMCacheDir"/>
            <TABLEATTRIBUTE NAME ="Lookup cache initialize" VALUE ="NO"/>
            <TABLEATTRIBUTE NAME ="Lookup cache persistent" VALUE ="NO"/>
            <TABLEATTRIBUTE NAME ="Lookup Data Cache Size" VALUE ="Auto"/>
            <TABLEATTRIBUTE NAME ="Lookup Index Cache Size" VALUE ="Auto"/>
            <TABLEATTRIBUTE NAME ="Dynamic Lookup Cache" VALUE ="NO"/>
            <TABLEATTRIBUTE NAME ="Synchronize Dynamic Cache" VALUE ="NO"/>
            <TABLEATTRIBUTE NAME ="Output Old Value On Update" VALUE ="NO"/>
            <TABLEATTRIBUTE NAME ="Update Dynamic Cache Condition" VALUE ="TRUE"/>
            <TABLEATTRIBUTE NAME ="Cache File Name Prefix" VALUE =""/>
            <TABLEATTRIBUTE NAME ="Re-cache from lookup source" VALUE ="NO"/>
            <TABLEATTRIBUTE NAME ="Insert Else Update" VALUE ="NO"/>
            <TABLEATTRIBUTE NAME ="Update Else Insert" VALUE ="NO"/>
            <TABLEATTRIBUTE NAME ="Datetime Format" VALUE =""/>
            <TABLEATTRIBUTE NAME ="Thousand Separator" VALUE ="None"/>
            <TABLEATTRIBUTE NAME ="Decimal Separator" VALUE ="."/>
            <TABLEATTRIBUTE NAME ="Case Sensitive String Comparison" VALUE ="NO"/>
            <TABLEATTRIBUTE NAME ="Null ordering" VALUE ="Null Is Highest Value"/>
            <TABLEATTRIBUTE NAME ="Sorted Input" VALUE ="NO"/>
            <TABLEATTRIBUTE NAME ="Lookup source is static" VALUE ="NO"/>
            <TABLEATTRIBUTE NAME ="Pre-build lookup cache" VALUE ="Auto"/>
            <TABLEATTRIBUTE NAME ="Subsecond Precision" VALUE ="6"/>
        </TRANSFORMATION>
        <TRANSFORMATION DESCRIPTION ="This expression transformation defaults the values to 1 when Null and when not a key to determine the item_id." NAME ="EXP_ITEM" OBJECTVERSION ="1" REUSABLE ="NO" TYPE ="Expression" VERSIONNUMBER ="1">
            <TRANSFORMFIELD DATATYPE ="string" DEFAULTVALUE ="" DESCRIPTION ="" NAME ="I_DIVISION_CODE" PICTURETEXT ="" PORTTYPE ="INPUT" PRECISION ="2" SCALE ="0"/>
            <TRANSFORMFIELD DATATYPE ="string" DEFAULTVALUE ="" DESCRIPTION ="" NAME ="I_COMPANY_CODE" PICTURETEXT ="" PORTTYPE ="INPUT" PRECISION ="2" SCALE ="0"/>
            <TRANSFORMFIELD DATATYPE ="string" DEFAULTVALUE ="" DESCRIPTION ="" NAME ="I_STYLE_NUM" PICTURETEXT ="" PORTTYPE ="INPUT" PRECISION ="9" SCALE ="0"/>
            <TRANSFORMFIELD DATATYPE ="string" DEFAULTVALUE ="" DESCRIPTION ="" NAME ="I_COLOR_CODE" PICTURETEXT ="" PORTTYPE ="INPUT" PRECISION ="5" SCALE ="0"/>
            <TRANSFORMFIELD DATATYPE ="string" DEFAULTVALUE ="" DESCRIPTION ="" NAME ="I_SIZE_NUM" PICTURETEXT ="" PORTTYPE ="INPUT" PRECISION ="3" SCALE ="0"/>
            <TRANSFORMFIELD DATATYPE ="string" DEFAULTVALUE ="" DESCRIPTION ="" NAME ="I_ATTRIBUTION_CODE" PICTURETEXT ="" PORTTYPE ="INPUT" PRECISION ="10" SCALE ="0"/>
            <TRANSFORMFIELD DATATYPE ="string" DEFAULTVALUE ="" DESCRIPTION ="" NAME ="I_CUP_SIZE" PICTURETEXT ="" PORTTYPE ="INPUT" PRECISION ="3" SCALE ="0"/>
            <TRANSFORMFIELD DATATYPE ="string" DEFAULTVALUE ="" DESCRIPTION ="" NAME ="I_SKU" PICTURETEXT ="" PORTTYPE ="INPUT" PRECISION ="20" SCALE ="0"/>
            <TRANSFORMFIELD DATATYPE ="string" DEFAULTVALUE ="" DESCRIPTION ="" NAME ="I_UPC_CODE" PICTURETEXT ="" PORTTYPE ="INPUT" PRECISION ="18" SCALE ="0"/>
            <TRANSFORMFIELD DATATYPE ="string" DEFAULTVALUE ="" DESCRIPTION ="" NAME ="I_SAP_MATERIAL_NUM" PICTURETEXT ="" PORTTYPE ="INPUT" PRECISION ="18" SCALE ="0"/>
            <TRANSFORMFIELD DATATYPE ="string" DEFAULTVALUE ="" DESCRIPTION ="" NAME ="I_SAP_GRID_VALUE" PICTURETEXT ="" PORTTYPE ="INPUT" PRECISION ="16" SCALE ="0"/>
            <TRANSFORMFIELD DATATYPE ="string" DEFAULTVALUE ="" DESCRIPTION ="" EXPRESSION ="IIF(ISNULL($$DIVISION_GROUP) OR LENGTH(LTRIM(RTRIM($$DIVISION_GROUP))) = 0, ABORT(&apos;Parameter file for division_group not setup&apos;), $$DIVISION_GROUP)" EXPRESSIONTYPE ="GENERAL" NAME ="V_DIVISION_GROUP" PICTURETEXT ="" PORTTYPE ="LOCAL VARIABLE" PRECISION ="4" SCALE ="0"/>
            <TRANSFORMFIELD DATATYPE ="string" DEFAULTVALUE ="" DESCRIPTION ="" EXPRESSION ="IIF(ISNULL(I_DIVISION_CODE) OR &#xD;&#xA;LENGTH(LTRIM(RTRIM(I_DIVISION_CODE)))=0,&apos;1&apos;, &#xD;&#xA;LTRIM(RTRIM(I_DIVISION_CODE)))" EXPRESSIONTYPE ="GENERAL" NAME ="V_DIVISION_CODE" PICTURETEXT ="" PORTTYPE ="LOCAL VARIABLE" PRECISION ="2" SCALE ="0"/>
            <TRANSFORMFIELD DATATYPE ="string" DEFAULTVALUE ="" DESCRIPTION ="" EXPRESSION ="IIF(ISNULL(I_COMPANY_CODE) OR &#xD;&#xA;LENGTH(LTRIM(RTRIM(I_COMPANY_CODE))) = 0 ,&apos;1&apos;, &#xD;&#xA;LTRIM(RTRIM(I_COMPANY_CODE))) " EXPRESSIONTYPE ="GENERAL" NAME ="V_COMPANY_CODE" PICTURETEXT ="" PORTTYPE ="LOCAL VARIABLE" PRECISION ="2" SCALE ="0"/>
            <TRANSFORMFIELD DATATYPE ="string" DEFAULTVALUE ="" DESCRIPTION ="" EXPRESSION ="IIF(ISNULL(I_STYLE_NUM) OR &#xD;&#xA;LENGTH(LTRIM(RTRIM(I_STYLE_NUM))) = 0,&apos;1&apos;, LTRIM(RTRIM(I_STYLE_NUM)))" EXPRESSIONTYPE ="GENERAL" NAME ="V_STYLE_NUM" PICTURETEXT ="" PORTTYPE ="LOCAL VARIABLE" PRECISION ="9" SCALE ="0"/>
            <TRANSFORMFIELD DATATYPE ="string" DEFAULTVALUE ="" DESCRIPTION ="" EXPRESSION ="IIF(ISNULL(I_COLOR_CODE) OR &#xD;&#xA;LENGTH(LTRIM(RTRIM(I_COLOR_CODE))) = 0 ,&apos;1&apos;, LTRIM(RTRIM(I_COLOR_CODE)))" EXPRESSIONTYPE ="GENERAL" NAME ="V_COLOR_CODE" PICTURETEXT ="" PORTTYPE ="LOCAL VARIABLE" PRECISION ="5" SCALE ="0"/>
            <TRANSFORMFIELD DATATYPE ="string" DEFAULTVALUE ="" DESCRIPTION ="" EXPRESSION ="IIF(ISNULL(I_SIZE_NUM) OR &#xD;&#xA;LENGTH(LTRIM(RTRIM(I_SIZE_NUM))) = 0 , &apos;1&apos;, &#xD;&#xA;LTRIM(RTRIM(I_SIZE_NUM)))" EXPRESSIONTYPE ="GENERAL" NAME ="V_SIZE_NUM" PICTURETEXT ="" PORTTYPE ="LOCAL VARIABLE" PRECISION ="3" SCALE ="0"/>
            <TRANSFORMFIELD DATATYPE ="string" DEFAULTVALUE ="" DESCRIPTION ="" EXPRESSION ="IIF(ISNULL(I_ATTRIBUTION_CODE) OR &#xD;&#xA;LENGTH(LTRIM(RTRIM(I_ATTRIBUTION_CODE))) = 0, &apos;1&apos;, &#xD;&#xA;LTRIM(RTRIM(I_ATTRIBUTION_CODE)))" EXPRESSIONTYPE ="GENERAL" NAME ="V_ATTRIBUTION_CODE" PICTURETEXT ="" PORTTYPE ="LOCAL VARIABLE" PRECISION ="10" SCALE ="0"/>
            <TRANSFORMFIELD DATATYPE ="string" DEFAULTVALUE ="" DESCRIPTION ="" EXPRESSION ="IIF(ISNULL(I_CUP_SIZE) OR &#xD;&#xA;LENGTH(LTRIM(RTRIM(I_CUP_SIZE))) = 0,&apos;1&apos;, &#xD;&#xA;LTRIM(RTRIM(I_CUP_SIZE)))" EXPRESSIONTYPE ="GENERAL" NAME ="V_CUP_SIZE" PICTURETEXT ="" PORTTYPE ="LOCAL VARIABLE" PRECISION ="3" SCALE ="0"/>
            <TRANSFORMFIELD DATATYPE ="string" DEFAULTVALUE ="" DESCRIPTION ="" EXPRESSION ="IIF(ISNULL(I_SKU) OR &#xD;&#xA;LENGTH(LTRIM(RTRIM(I_SKU))) = 0 ,&apos;1&apos;, &#xD;&#xA;LTRIM(RTRIM(I_SKU)))" EXPRESSIONTYPE ="GENERAL" NAME ="V_SKU" PICTURETEXT ="" PORTTYPE ="LOCAL VARIABLE" PRECISION ="20" SCALE ="0"/>
            <TRANSFORMFIELD DATATYPE ="string" DEFAULTVALUE ="" DESCRIPTION ="" EXPRESSION ="IIF(ISNULL(I_UPC_CODE) OR &#xD;&#xA;LENGTH(LTRIM(RTRIM(I_UPC_CODE))) = 0,&apos;1&apos;, &#xD;&#xA;LTRIM(RTRIM(I_UPC_CODE))) " EXPRESSIONTYPE ="GENERAL" NAME ="V_UPC_CODE" PICTURETEXT ="" PORTTYPE ="LOCAL VARIABLE" PRECISION ="18" SCALE ="0"/>
            <TRANSFORMFIELD DATATYPE ="string" DEFAULTVALUE ="" DESCRIPTION ="" EXPRESSION ="IIF(ISNULL(I_SAP_MATERIAL_NUM) OR &#xD;&#xA;LENGTH(LTRIM(RTRIM(I_SAP_MATERIAL_NUM))) = 0 ,&apos;1&apos;, &#xD;&#xA;LTRIM(RTRIM(I_SAP_MATERIAL_NUM))) " EXPRESSIONTYPE ="GENERAL" NAME ="V_SAP_MATERIAL_NUM" PICTURETEXT ="" PORTTYPE ="LOCAL VARIABLE" PRECISION ="18" SCALE ="0"/>
            <TRANSFORMFIELD DATATYPE ="string" DEFAULTVALUE ="" DESCRIPTION ="" EXPRESSION ="IIF(ISNULL(I_SAP_GRID_VALUE) OR &#xD;&#xA;LENGTH(LTRIM(RTRIM(I_SAP_GRID_VALUE))) = 0 ,&apos;1&apos;, &#xD;&#xA;LTRIM(RTRIM(I_SAP_GRID_VALUE))) " EXPRESSIONTYPE ="GENERAL" NAME ="V_SAP_GRID_VALUE" PICTURETEXT ="" PORTTYPE ="LOCAL VARIABLE" PRECISION ="16" SCALE ="0"/>
            <TRANSFORMFIELD DATATYPE ="string" DEFAULTVALUE ="" DESCRIPTION ="" EXPRESSION ="V_DIVISION_GROUP" EXPRESSIONTYPE ="GENERAL" NAME ="O_DIVISION_GROUP" PICTURETEXT ="" PORTTYPE ="OUTPUT" PRECISION ="4" SCALE ="0"/>
            <TRANSFORMFIELD DATATYPE ="string" DEFAULTVALUE ="" DESCRIPTION ="" EXPRESSION ="DECODE(V_DIVISION_GROUP,&#xD;&#xA;&apos;sls&apos;,&apos;1&apos;,&#xD;&#xA;&apos;slsp&apos;,&apos;1&apos;,&#xD;&#xA;&apos;sld&apos;,&apos;1&apos;,&#xD;&#xA;&apos;slu&apos;,&apos;1&apos;,&#xD;&#xA;&apos;hbi&apos;,&apos;1&apos;,&#xD;&#xA;&apos;exp&apos;,&apos;1&apos;,&#xD;&#xA;&apos;mex&apos;,&apos;1&apos;,&#xD;&#xA;&apos;gfs&apos;,&apos;1&apos;,&#xD;&#xA;V_DIVISION_CODE)" EXPRESSIONTYPE ="GENERAL" NAME ="O_DIVISION_CODE" PICTURETEXT ="" PORTTYPE ="OUTPUT" PRECISION ="2" SCALE ="0"/>
            <TRANSFORMFIELD DATATYPE ="string" DEFAULTVALUE ="" DESCRIPTION ="" EXPRESSION ="DECODE(V_DIVISION_GROUP,&#xD;&#xA;&apos;sli&apos;,V_COMPANY_CODE,&#xD;&#xA;&apos;1&apos;)" EXPRESSIONTYPE ="GENERAL" NAME ="O_COMPANY_CODE" PICTURETEXT ="" PORTTYPE ="OUTPUT" PRECISION ="2" SCALE ="0"/>
            <TRANSFORMFIELD DATATYPE ="string" DEFAULTVALUE ="" DESCRIPTION ="" EXPRESSION ="DECODE(V_DIVISION_GROUP,&#xD;&#xA;&apos;slh&apos;,V_STYLE_NUM,&#xD;&#xA;&apos;sli&apos;,V_STYLE_NUM,&#xD;&#xA;&apos;slca&apos;,V_STYLE_NUM,&#xD;&#xA;&apos;slsp&apos;, V_STYLE_NUM,&#xD;&#xA;&apos;hbi&apos;,V_STYLE_NUM,&#xD;&#xA;&apos;exp&apos;,V_STYLE_NUM,&#xD;&#xA;&apos;mex&apos;,V_STYLE_NUM,&#xD;&#xA;&apos;gfs&apos;,V_STYLE_NUM,&#xD;&#xA;&apos;1&apos;)" EXPRESSIONTYPE ="GENERAL" NAME ="O_STYLE_NUM" PICTURETEXT ="" PORTTYPE ="OUTPUT" PRECISION ="9" SCALE ="0"/>
            <TRANSFORMFIELD DATATYPE ="string" DEFAULTVALUE ="" DESCRIPTION ="" EXPRESSION ="DECODE(V_DIVISION_GROUP,&#xD;&#xA;&apos;slh&apos;,V_COLOR_CODE,&#xD;&#xA;&apos;sli&apos;,V_COLOR_CODE,&#xD;&#xA;&apos;slca&apos;,V_COLOR_CODE,&#xD;&#xA;&apos;slsp&apos;, V_COLOR_CODE,&#xD;&#xA;&apos;mex&apos;,V_COLOR_CODE,&#xD;&#xA;&apos;gfs&apos;,V_COLOR_CODE,&#xD;&#xA;&apos;1&apos;)&#xD;&#xA;" EXPRESSIONTYPE ="GENERAL" NAME ="O_COLOR_CODE" PICTURETEXT ="" PORTTYPE ="OUTPUT" PRECISION ="5" SCALE ="0"/>
            <TRANSFORMFIELD DATATYPE ="string" DEFAULTVALUE ="" DESCRIPTION ="" EXPRESSION ="DECODE(V_DIVISION_GROUP,&#xD;&#xA;&apos;slsp&apos;, V_ATTRIBUTION_CODE,&#xD;&#xA;&apos;mex&apos;, V_ATTRIBUTION_CODE,&#xD;&#xA;&apos;gfs&apos;, V_ATTRIBUTION_CODE,&#xD;&#xA;&apos;1&apos;)" EXPRESSIONTYPE ="GENERAL" NAME ="O_ATTRIBUTION_CD" PICTURETEXT ="" PORTTYPE ="OUTPUT" PRECISION ="10" SCALE ="0"/>
            <TRANSFORMFIELD DATATYPE ="string" DEFAULTVALUE ="" DESCRIPTION ="" EXPRESSION ="DECODE(V_DIVISION_GROUP,&#xD;&#xA;&apos;slh&apos;,V_SIZE_NUM,&#xD;&#xA;&apos;sli&apos;,V_SIZE_NUM,&#xD;&#xA;&apos;slca&apos;,V_SIZE_NUM,&#xD;&#xA;&apos;slsp&apos;, V_SIZE_NUM,&#xD;&#xA;&apos;mex&apos;, V_SIZE_NUM,&#xD;&#xA;&apos;gfs&apos;, V_SIZE_NUM,&#xD;&#xA;&apos;1&apos;)" EXPRESSIONTYPE ="GENERAL" NAME ="O_SIZE_NUM" PICTURETEXT ="" PORTTYPE ="OUTPUT" PRECISION ="3" SCALE ="0"/>
            <TRANSFORMFIELD DATATYPE ="string" DEFAULTVALUE ="" DESCRIPTION ="" EXPRESSION ="DECODE(V_DIVISION_GROUP,&#xD;&#xA;&apos;sli&apos;,V_CUP_SIZE,&#xD;&#xA;&apos;slca&apos;,V_CUP_SIZE,&#xD;&#xA;&apos;mex&apos;,V_CUP_SIZE,&#xD;&#xA;&apos;gfs&apos;,V_CUP_SIZE,&#xD;&#xA;&apos;1&apos;) " EXPRESSIONTYPE ="GENERAL" NAME ="O_CUP_SIZE" PICTURETEXT ="" PORTTYPE ="OUTPUT" PRECISION ="3" SCALE ="0"/>
            <TRANSFORMFIELD DATATYPE ="string" DEFAULTVALUE ="" DESCRIPTION ="" EXPRESSION ="DECODE(V_DIVISION_GROUP,&#xD;&#xA;&apos;slu&apos;,V_SKU,&#xD;&#xA;&apos;sls&apos;,V_SKU,&#xD;&#xA;&apos;sld&apos;,V_SKU,&#xD;&#xA;&apos;sli&apos;, V_SKU,&#xD;&#xA;&apos;1&apos;)" EXPRESSIONTYPE ="GENERAL" NAME ="O_SKU" PICTURETEXT ="" PORTTYPE ="OUTPUT" PRECISION ="20" SCALE ="0"/>
            <TRANSFORMFIELD DATATYPE ="string" DEFAULTVALUE ="" DESCRIPTION ="" EXPRESSION ="DECODE(V_DIVISION_GROUP,&#xD;&#xA;&apos;slsp&apos;,V_SAP_MATERIAL_NUM,&#xD;&#xA;&apos;1&apos;)" EXPRESSIONTYPE ="GENERAL" NAME ="O_SAP_MATERIAL_NUM" PICTURETEXT ="" PORTTYPE ="OUTPUT" PRECISION ="18" SCALE ="0"/>
            <TRANSFORMFIELD DATATYPE ="string" DEFAULTVALUE ="" DESCRIPTION ="" EXPRESSION ="DECODE(V_DIVISION_GROUP,&#xD;&#xA;&apos;slsp&apos;,V_SAP_GRID_VALUE,&#xD;&#xA;&apos;1&apos;)" EXPRESSIONTYPE ="GENERAL" NAME ="O_SAP_GRID_VALUE" PICTURETEXT ="" PORTTYPE ="OUTPUT" PRECISION ="16" SCALE ="0"/>
            <TRANSFORMFIELD DATATYPE ="string" DEFAULTVALUE ="" DESCRIPTION ="" EXPRESSION ="V_UPC_CODE" EXPRESSIONTYPE ="GENERAL" NAME ="O_UPC_CODE_LKP" PICTURETEXT ="" PORTTYPE ="OUTPUT" PRECISION ="18" SCALE ="0"/>
            <TABLEATTRIBUTE NAME ="Tracing Level" VALUE ="Normal"/>
        </TRANSFORMATION>
        <TRANSFORMATION DESCRIPTION ="This transformation retrieves the input values for the mapplet." NAME ="IN_ITEM" OBJECTVERSION ="1" REUSABLE ="NO" TYPE ="Input Transformation" VERSIONNUMBER ="1">
            <TRANSFORMFIELD DATATYPE ="string" DEFAULTVALUE ="" DESCRIPTION ="" NAME ="I_DIVISION_CODE" PICTURETEXT ="" PORTTYPE ="OUTPUT" PRECISION ="10" SCALE ="0"/>
            <TRANSFORMFIELD DATATYPE ="string" DEFAULTVALUE ="" DESCRIPTION ="" NAME ="I_COMPANY_CODE" PICTURETEXT ="" PORTTYPE ="OUTPUT" PRECISION ="10" SCALE ="0"/>
            <TRANSFORMFIELD DATATYPE ="string" DEFAULTVALUE ="" DESCRIPTION ="" NAME ="I_STYLE_NUM" PICTURETEXT ="" PORTTYPE ="OUTPUT" PRECISION ="10" SCALE ="0"/>
            <TRANSFORMFIELD DATATYPE ="string" DEFAULTVALUE ="" DESCRIPTION ="" NAME ="I_COLOR_CODE" PICTURETEXT ="" PORTTYPE ="OUTPUT" PRECISION ="10" SCALE ="0"/>
            <TRANSFORMFIELD DATATYPE ="string" DEFAULTVALUE ="" DESCRIPTION ="" NAME ="I_SIZE_NUM" PICTURETEXT ="" PORTTYPE ="OUTPUT" PRECISION ="10" SCALE ="0"/>
            <TRANSFORMFIELD DATATYPE ="string" DEFAULTVALUE ="" DESCRIPTION ="" NAME ="I_ATTRIBUTION_CODE" PICTURETEXT ="" PORTTYPE ="OUTPUT" PRECISION ="10" SCALE ="0"/>
            <TRANSFORMFIELD DATATYPE ="string" DEFAULTVALUE ="" DESCRIPTION ="" NAME ="I_CUP_SIZE" PICTURETEXT ="" PORTTYPE ="OUTPUT" PRECISION ="10" SCALE ="0"/>
            <TRANSFORMFIELD DATATYPE ="string" DEFAULTVALUE ="" DESCRIPTION ="" NAME ="I_SKU" PICTURETEXT ="" PORTTYPE ="OUTPUT" PRECISION ="10" SCALE ="0"/>
            <TRANSFORMFIELD DATATYPE ="string" DEFAULTVALUE ="" DESCRIPTION ="" NAME ="I_UPC_CODE" PICTURETEXT ="" PORTTYPE ="OUTPUT" PRECISION ="10" SCALE ="0"/>
            <TRANSFORMFIELD DATATYPE ="string" DEFAULTVALUE ="" DESCRIPTION ="" NAME ="I_SAP_MATERIAL_NUM" PICTURETEXT ="" PORTTYPE ="OUTPUT" PRECISION ="10" SCALE ="0"/>
            <TRANSFORMFIELD DATATYPE ="string" DEFAULTVALUE ="" DESCRIPTION ="" NAME ="I_SAP_GRID_VALUE" PICTURETEXT ="" PORTTYPE ="OUTPUT" PRECISION ="10" SCALE ="0"/>
        </TRANSFORMATION>
        <TRANSFORMATION DESCRIPTION ="This transformation passes the output values from the mapplet." NAME ="OUT_ITEM" OBJECTVERSION ="1" REUSABLE ="NO" TYPE ="Output Transformation" VERSIONNUMBER ="1">
            <TRANSFORMFIELD DATATYPE ="decimal" DEFAULTVALUE ="" DESCRIPTION ="" NAME ="O_ITEM_ID" PICTURETEXT ="" PORTTYPE ="INPUT" PRECISION ="38" SCALE ="0"/>
        </TRANSFORMATION>
        <TRANSFORMATION DESCRIPTION ="Looksup for the item_id for the division_groups:sli and slsp for the second set of keys." NAME ="LKP_ITEM_SELL_IN" OBJECTVERSION ="1" REUSABLE ="NO" TYPE ="Lookup Procedure" VERSIONNUMBER ="1">
            <TRANSFORMFIELD DATATYPE ="decimal" DEFAULTVALUE ="" DESCRIPTION ="" NAME ="ITEM_ID" PICTURETEXT ="" PORTTYPE ="LOOKUP/RETURN/OUTPUT" PRECISION ="38" SCALE ="0"/>
            <TRANSFORMFIELD DATATYPE ="string" DEFAULTVALUE ="" DESCRIPTION ="" NAME ="UPC_CODE" PICTURETEXT ="" PORTTYPE ="LOOKUP" PRECISION ="18" SCALE ="0"/>
            <TRANSFORMFIELD DATATYPE ="string" DEFAULTVALUE ="" DESCRIPTION ="" NAME ="I_UPC_CODE" PICTURETEXT ="" PORTTYPE ="INPUT" PRECISION ="18" SCALE ="0"/>
            <TABLEATTRIBUTE NAME ="Lookup Sql Override" VALUE ="SELECT ITEM.ITEM_ID as ITEM_ID, ITEM.UPC_CODE as UPC_CODE FROM ITEM &#xD;&#xA;WHERE ITEM.DIVISION_GROUP = &apos;$$DIVISION_GROUP&apos; AND ITEM_TYPE_CODE = &apos;SEL&apos; AND ITEM.DIVISION_GROUP = &apos;sli&apos; AND ITEM.ITEM_ID IN ( SELECT MIN(ITEM_ID) FROM ITEM WHERE ITEM.DIVISION_GROUP = &apos;$$DIVISION_GROUP&apos; AND ITEM_TYPE_CODE = &apos;SEL&apos; AND ITEM.DIVISION_GROUP = &apos;sli&apos; GROUP BY UPC_CODE )"/>
            <TABLEATTRIBUTE NAME ="Lookup table name" VALUE ="ITEM"/>
            <TABLEATTRIBUTE NAME ="Lookup Source Filter" VALUE =""/>
            <TABLEATTRIBUTE NAME ="Lookup caching enabled" VALUE ="YES"/>
            <TABLEATTRIBUTE NAME ="Lookup policy on multiple match" VALUE ="Use First Value"/>
            <TABLEATTRIBUTE NAME ="Lookup condition" VALUE ="UPC_CODE = I_UPC_CODE"/>
            <TABLEATTRIBUTE NAME ="Connection Information" VALUE ="$Source"/>
            <TABLEATTRIBUTE NAME ="Source Type" VALUE ="Database"/>
            <TABLEATTRIBUTE NAME ="Recache if Stale" VALUE ="NO"/>
            <TABLEATTRIBUTE NAME ="Tracing Level" VALUE ="Normal"/>
            <TABLEATTRIBUTE NAME ="Lookup cache directory name" VALUE ="$PMCacheDir"/>
            <TABLEATTRIBUTE NAME ="Lookup cache initialize" VALUE ="NO"/>
            <TABLEATTRIBUTE NAME ="Lookup cache persistent" VALUE ="NO"/>
            <TABLEATTRIBUTE NAME ="Lookup Data Cache Size" VALUE ="Auto"/>
            <TABLEATTRIBUTE NAME ="Lookup Index Cache Size" VALUE ="Auto"/>
            <TABLEATTRIBUTE NAME ="Dynamic Lookup Cache" VALUE ="NO"/>
            <TABLEATTRIBUTE NAME ="Synchronize Dynamic Cache" VALUE ="NO"/>
            <TABLEATTRIBUTE NAME ="Output Old Value On Update" VALUE ="NO"/>
            <TABLEATTRIBUTE NAME ="Update Dynamic Cache Condition" VALUE ="TRUE"/>
            <TABLEATTRIBUTE NAME ="Cache File Name Prefix" VALUE =""/>
            <TABLEATTRIBUTE NAME ="Re-cache from lookup source" VALUE ="NO"/>
            <TABLEATTRIBUTE NAME ="Insert Else Update" VALUE ="NO"/>
            <TABLEATTRIBUTE NAME ="Update Else Insert" VALUE ="NO"/>
            <TABLEATTRIBUTE NAME ="Datetime Format" VALUE =""/>
            <TABLEATTRIBUTE NAME ="Thousand Separator" VALUE ="None"/>
            <TABLEATTRIBUTE NAME ="Decimal Separator" VALUE ="."/>
            <TABLEATTRIBUTE NAME ="Case Sensitive String Comparison" VALUE ="NO"/>
            <TABLEATTRIBUTE NAME ="Null ordering" VALUE ="Null Is Highest Value"/>
            <TABLEATTRIBUTE NAME ="Sorted Input" VALUE ="NO"/>
            <TABLEATTRIBUTE NAME ="Lookup source is static" VALUE ="NO"/>
            <TABLEATTRIBUTE NAME ="Pre-build lookup cache" VALUE ="Auto"/>
            <TABLEATTRIBUTE NAME ="Subsecond Precision" VALUE ="6"/>
        </TRANSFORMATION>
        <TRANSFORMATION DESCRIPTION ="This mapplet retrieves the item_id from the item_table for the item_type_code of &apos;SEL&apos; " NAME ="ML_ITEM_SELL" OBJECTVERSION ="1" REUSABLE ="YES" TYPE ="Mapplet" VERSIONNUMBER ="1">
            <TRANSFORMFIELD DATATYPE ="string" DEFAULTVALUE ="" DESCRIPTION ="" MAPPLETGROUP ="IN_ITEM" NAME ="I_DIVISION_CODE" PICTURETEXT ="" PORTTYPE ="INPUT" PRECISION ="2" REF_FIELD ="I_DIVISION_CODE" REF_INSTANCETYPE ="Input Transformation" SCALE ="0"/>
            <TRANSFORMFIELD DATATYPE ="string" DEFAULTVALUE ="" DESCRIPTION ="" MAPPLETGROUP ="IN_ITEM" NAME ="I_COMPANY_CODE" PICTURETEXT ="" PORTTYPE ="INPUT" PRECISION ="2" REF_FIELD ="I_COMPANY_CODE" REF_INSTANCETYPE ="Input Transformation" SCALE ="0"/>
            <TRANSFORMFIELD DATATYPE ="string" DEFAULTVALUE ="" DESCRIPTION ="" MAPPLETGROUP ="IN_ITEM" NAME ="I_STYLE_NUM" PICTURETEXT ="" PORTTYPE ="INPUT" PRECISION ="9" REF_FIELD ="I_STYLE_NUM" REF_INSTANCETYPE ="Input Transformation" SCALE ="0"/>
            <TRANSFORMFIELD DATATYPE ="string" DEFAULTVALUE ="" DESCRIPTION ="" MAPPLETGROUP ="IN_ITEM" NAME ="I_COLOR_CODE" PICTURETEXT ="" PORTTYPE ="INPUT" PRECISION ="5" REF_FIELD ="I_COLOR_CODE" REF_INSTANCETYPE ="Input Transformation" SCALE ="0"/>
            <TRANSFORMFIELD DATATYPE ="string" DEFAULTVALUE ="" DESCRIPTION ="" MAPPLETGROUP ="IN_ITEM" NAME ="I_SIZE_NUM" PICTURETEXT ="" PORTTYPE ="INPUT" PRECISION ="3" REF_FIELD ="I_SIZE_NUM" REF_INSTANCETYPE ="Input Transformation" SCALE ="0"/>
            <TRANSFORMFIELD DATATYPE ="string" DEFAULTVALUE ="" DESCRIPTION ="" MAPPLETGROUP ="IN_ITEM" NAME ="I_ATTRIBUTION_CODE" PICTURETEXT ="" PORTTYPE ="INPUT" PRECISION ="10" REF_FIELD ="I_ATTRIBUTION_CODE" REF_INSTANCETYPE ="Input Transformation" SCALE ="0"/>
            <TRANSFORMFIELD DATATYPE ="string" DEFAULTVALUE ="" DESCRIPTION ="" MAPPLETGROUP ="IN_ITEM" NAME ="I_CUP_SIZE" PICTURETEXT ="" PORTTYPE ="INPUT" PRECISION ="3" REF_FIELD ="I_CUP_SIZE" REF_INSTANCETYPE ="Input Transformation" SCALE ="0"/>
            <TRANSFORMFIELD DATATYPE ="string" DEFAULTVALUE ="" DESCRIPTION ="" MAPPLETGROUP ="IN_ITEM" NAME ="I_SKU" PICTURETEXT ="" PORTTYPE ="INPUT" PRECISION ="20" REF_FIELD ="I_SKU" REF_INSTANCETYPE ="Input Transformation" SCALE ="0"/>
            <TRANSFORMFIELD DATATYPE ="string" DEFAULTVALUE ="" DESCRIPTION ="" MAPPLETGROUP ="IN_ITEM" NAME ="I_UPC_CODE" PICTURETEXT ="" PORTTYPE ="INPUT" PRECISION ="18" REF_FIELD ="I_UPC_CODE" REF_INSTANCETYPE ="Input Transformation" SCALE ="0"/>
            <TRANSFORMFIELD DATATYPE ="string" DEFAULTVALUE ="" DESCRIPTION ="" MAPPLETGROUP ="IN_ITEM" NAME ="I_SAP_MATERIAL_NUM" PICTURETEXT ="" PORTTYPE ="INPUT" PRECISION ="18" REF_FIELD ="I_SAP_MATERIAL_NUM" REF_INSTANCETYPE ="Input Transformation" SCALE ="0"/>
            <TRANSFORMFIELD DATATYPE ="string" DEFAULTVALUE ="" DESCRIPTION ="" MAPPLETGROUP ="IN_ITEM" NAME ="I_SAP_GRID_VALUE" PICTURETEXT ="" PORTTYPE ="INPUT" PRECISION ="16" REF_FIELD ="I_SAP_GRID_VALUE" REF_INSTANCETYPE ="Input Transformation" SCALE ="0"/>
            <TRANSFORMFIELD DATATYPE ="decimal" DEFAULTVALUE ="" DESCRIPTION ="" MAPPLETGROUP ="OUT_ITEM" NAME ="O_ITEM_ID" PICTURETEXT ="" PORTTYPE ="OUTPUT" PRECISION ="38" REF_FIELD ="O_ITEM_ID" REF_INSTANCETYPE ="Output Transformation" SCALE ="0"/>
            <TABLEATTRIBUTE NAME ="Is Active" VALUE ="NO"/>
            <TABLEATTRIBUTE NAME ="Is Partitionable" VALUE ="NO"/>
            <TABLEATTRIBUTE NAME ="Form Name" VALUE =""/>
        </TRANSFORMATION>
        <INSTANCE DESCRIPTION ="This expression determines the item_id and garm_per_pkg_qty for division_groups:slsp and sli for the second set of keys." NAME ="EXP_ITEM_SELL" REUSABLE ="NO" TRANSFORMATION_NAME ="EXP_ITEM_SELL" TRANSFORMATION_TYPE ="Expression" TYPE ="TRANSFORMATION"/>
        <INSTANCE DESCRIPTION ="This transformation retreives the item_id and garm_per_pkg_qty for the various division_groups for the item_type_code=&apos;SEL&apos;" NAME ="LKP_ITEM_SELL" REUSABLE ="NO" TRANSFORMATION_NAME ="LKP_ITEM_SELL" TRANSFORMATION_TYPE ="Lookup Procedure" TYPE ="TRANSFORMATION"/>
        <INSTANCE DESCRIPTION ="This expression transformation defaults the values to 1 when Null and when not a key to determine the item_id." NAME ="EXP_ITEM" REUSABLE ="NO" TRANSFORMATION_NAME ="EXP_ITEM" TRANSFORMATION_TYPE ="Expression" TYPE ="TRANSFORMATION"/>
        <INSTANCE DESCRIPTION ="This transformation retrieves the input values for the mapplet." NAME ="IN_ITEM" REUSABLE ="NO" TRANSFORMATION_NAME ="IN_ITEM" TRANSFORMATION_TYPE ="Input Transformation" TYPE ="TRANSFORMATION"/>
        <INSTANCE DESCRIPTION ="This transformation passes the output values from the mapplet." NAME ="OUT_ITEM" REUSABLE ="NO" TRANSFORMATION_NAME ="OUT_ITEM" TRANSFORMATION_TYPE ="Output Transformation" TYPE ="TRANSFORMATION"/>
        <INSTANCE DESCRIPTION ="Looksup for the item_id for the division_groups:sli and slsp for the second set of keys." NAME ="LKP_ITEM_SELL_IN" REUSABLE ="NO" TRANSFORMATION_NAME ="LKP_ITEM_SELL_IN" TRANSFORMATION_TYPE ="Lookup Procedure" TYPE ="TRANSFORMATION"/>
        <CONNECTOR FROMFIELD ="ITEM_ID" FROMINSTANCE ="LKP_ITEM_SELL" FROMINSTANCETYPE ="Lookup Procedure" TOFIELD ="I_ITEM_ID" TOINSTANCE ="EXP_ITEM_SELL" TOINSTANCETYPE ="Expression"/>
        <CONNECTOR FROMFIELD ="O_DIVISION_GROUP" FROMINSTANCE ="EXP_ITEM" FROMINSTANCETYPE ="Expression" TOFIELD ="I_DIVISION_GROUP" TOINSTANCE ="EXP_ITEM_SELL" TOINSTANCETYPE ="Expression"/>
        <CONNECTOR FROMFIELD ="O_UPC_CODE_LKP" FROMINSTANCE ="EXP_ITEM" FROMINSTANCETYPE ="Expression" TOFIELD ="I_UPC_CODE" TOINSTANCE ="EXP_ITEM_SELL" TOINSTANCETYPE ="Expression"/>
        <CONNECTOR FROMFIELD ="O_ITEM_ID" FROMINSTANCE ="EXP_ITEM_SELL" FROMINSTANCETYPE ="Expression" TOFIELD ="O_ITEM_ID" TOINSTANCE ="OUT_ITEM" TOINSTANCETYPE ="Output Transformation"/>
        <CONNECTOR FROMFIELD ="O_COLOR_CODE" FROMINSTANCE ="EXP_ITEM" FROMINSTANCETYPE ="Expression" TOFIELD ="I_COLOR_CODE" TOINSTANCE ="LKP_ITEM_SELL" TOINSTANCETYPE ="Lookup Procedure"/>
        <CONNECTOR FROMFIELD ="O_SIZE_NUM" FROMINSTANCE ="EXP_ITEM" FROMINSTANCETYPE ="Expression" TOFIELD ="I_SIZE_CODE" TOINSTANCE ="LKP_ITEM_SELL" TOINSTANCETYPE ="Lookup Procedure"/>
        <CONNECTOR FROMFIELD ="O_CUP_SIZE" FROMINSTANCE ="EXP_ITEM" FROMINSTANCETYPE ="Expression" TOFIELD ="I_CUP_SIZE" TOINSTANCE ="LKP_ITEM_SELL" TOINSTANCETYPE ="Lookup Procedure"/>
        <CONNECTOR FROMFIELD ="O_SKU" FROMINSTANCE ="EXP_ITEM" FROMINSTANCETYPE ="Expression" TOFIELD ="I_SKU" TOINSTANCE ="LKP_ITEM_SELL" TOINSTANCETYPE ="Lookup Procedure"/>
        <CONNECTOR FROMFIELD ="O_SAP_MATERIAL_NUM" FROMINSTANCE ="EXP_ITEM" FROMINSTANCETYPE ="Expression" TOFIELD ="I_SAP_MATERIAL_NUM" TOINSTANCE ="LKP_ITEM_SELL" TOINSTANCETYPE ="Lookup Procedure"/>
        <CONNECTOR FROMFIELD ="O_SAP_GRID_VALUE" FROMINSTANCE ="EXP_ITEM" FROMINSTANCETYPE ="Expression" TOFIELD ="I_SAP_GRID_VALUE" TOINSTANCE ="LKP_ITEM_SELL" TOINSTANCETYPE ="Lookup Procedure"/>
        <CONNECTOR FROMFIELD ="O_ATTRIBUTION_CD" FROMINSTANCE ="EXP_ITEM" FROMINSTANCETYPE ="Expression" TOFIELD ="I_ATTRIBUTION_CODE" TOINSTANCE ="LKP_ITEM_SELL" TOINSTANCETYPE ="Lookup Procedure"/>
        <CONNECTOR FROMFIELD ="O_DIVISION_GROUP" FROMINSTANCE ="EXP_ITEM" FROMINSTANCETYPE ="Expression" TOFIELD ="I_DIVISION_GROUP" TOINSTANCE ="LKP_ITEM_SELL" TOINSTANCETYPE ="Lookup Procedure"/>
        <CONNECTOR FROMFIELD ="O_DIVISION_CODE" FROMINSTANCE ="EXP_ITEM" FROMINSTANCETYPE ="Expression" TOFIELD ="I_DIVISION_CODE" TOINSTANCE ="LKP_ITEM_SELL" TOINSTANCETYPE ="Lookup Procedure"/>
        <CONNECTOR FROMFIELD ="O_COMPANY_CODE" FROMINSTANCE ="EXP_ITEM" FROMINSTANCETYPE ="Expression" TOFIELD ="I_COMPANY_CODE" TOINSTANCE ="LKP_ITEM_SELL" TOINSTANCETYPE ="Lookup Procedure"/>
        <CONNECTOR FROMFIELD ="O_STYLE_NUM" FROMINSTANCE ="EXP_ITEM" FROMINSTANCETYPE ="Expression" TOFIELD ="I_STYLE_NUM" TOINSTANCE ="LKP_ITEM_SELL" TOINSTANCETYPE ="Lookup Procedure"/>
        <CONNECTOR FROMFIELD ="I_SAP_MATERIAL_NUM" FROMINSTANCE ="IN_ITEM" FROMINSTANCETYPE ="Input Transformation" TOFIELD ="I_SAP_MATERIAL_NUM" TOINSTANCE ="EXP_ITEM" TOINSTANCETYPE ="Expression"/>
        <CONNECTOR FROMFIELD ="I_SAP_GRID_VALUE" FROMINSTANCE ="IN_ITEM" FROMINSTANCETYPE ="Input Transformation" TOFIELD ="I_SAP_GRID_VALUE" TOINSTANCE ="EXP_ITEM" TOINSTANCETYPE ="Expression"/>
        <CONNECTOR FROMFIELD ="I_DIVISION_CODE" FROMINSTANCE ="IN_ITEM" FROMINSTANCETYPE ="Input Transformation" TOFIELD ="I_DIVISION_CODE" TOINSTANCE ="EXP_ITEM" TOINSTANCETYPE ="Expression"/>
        <CONNECTOR FROMFIELD ="I_COMPANY_CODE" FROMINSTANCE ="IN_ITEM" FROMINSTANCETYPE ="Input Transformation" TOFIELD ="I_COMPANY_CODE" TOINSTANCE ="EXP_ITEM" TOINSTANCETYPE ="Expression"/>
        <CONNECTOR FROMFIELD ="I_STYLE_NUM" FROMINSTANCE ="IN_ITEM" FROMINSTANCETYPE ="Input Transformation" TOFIELD ="I_STYLE_NUM" TOINSTANCE ="EXP_ITEM" TOINSTANCETYPE ="Expression"/>
        <CONNECTOR FROMFIELD ="I_COLOR_CODE" FROMINSTANCE ="IN_ITEM" FROMINSTANCETYPE ="Input Transformation" TOFIELD ="I_COLOR_CODE" TOINSTANCE ="EXP_ITEM" TOINSTANCETYPE ="Expression"/>
        <CONNECTOR FROMFIELD ="I_SIZE_NUM" FROMINSTANCE ="IN_ITEM" FROMINSTANCETYPE ="Input Transformation" TOFIELD ="I_SIZE_NUM" TOINSTANCE ="EXP_ITEM" TOINSTANCETYPE ="Expression"/>
        <CONNECTOR FROMFIELD ="I_ATTRIBUTION_CODE" FROMINSTANCE ="IN_ITEM" FROMINSTANCETYPE ="Input Transformation" TOFIELD ="I_ATTRIBUTION_CODE" TOINSTANCE ="EXP_ITEM" TOINSTANCETYPE ="Expression"/>
        <CONNECTOR FROMFIELD ="I_CUP_SIZE" FROMINSTANCE ="IN_ITEM" FROMINSTANCETYPE ="Input Transformation" TOFIELD ="I_CUP_SIZE" TOINSTANCE ="EXP_ITEM" TOINSTANCETYPE ="Expression"/>
        <CONNECTOR FROMFIELD ="I_SKU" FROMINSTANCE ="IN_ITEM" FROMINSTANCETYPE ="Input Transformation" TOFIELD ="I_SKU" TOINSTANCE ="EXP_ITEM" TOINSTANCETYPE ="Expression"/>
        <CONNECTOR FROMFIELD ="I_UPC_CODE" FROMINSTANCE ="IN_ITEM" FROMINSTANCETYPE ="Input Transformation" TOFIELD ="I_UPC_CODE" TOINSTANCE ="EXP_ITEM" TOINSTANCETYPE ="Expression"/>
        <MAPPINGVARIABLE DATATYPE ="string" DEFAULTVALUE ="" DESCRIPTION ="" ISEXPRESSIONVARIABLE ="NO" ISPARAM ="YES" NAME ="$$DIVISION_GROUP" PRECISION ="4" SCALE ="0" USERDEFINED ="YES"/>
        <ERPINFO/>
        <METADATAEXTENSION DATATYPE ="STRING" DESCRIPTION ="Conversion Mapping Name with version " DOMAINNAME ="User Defined Metadata Domain" ISCLIENTEDITABLE ="YES" ISCLIENTVISIBLE ="YES" ISREUSABLE ="NO" ISSHAREREAD ="NO" ISSHAREWRITE ="NO" MAXLENGTH ="256" NAME ="CONV_MAP_NAME" VALUE ="" VENDORNAME ="INFORMATICA"/>
    </MAPPLET>
    <MAPPING DESCRIPTION ="Mapping to load INVENTORY_MAX_BUILD table for Socks LOB." ISVALID ="YES" NAME ="m_INVENTORY_MAX_BUILD_SC" OBJECTVERSION ="1" VERSIONNUMBER ="1">
        <TRANSFORMATION DESCRIPTION ="Source Qualifier to read data from source view" NAME ="SQ_V_WATR_DP_SC_MAXBUILD" OBJECTVERSION ="1" REUSABLE ="NO" TYPE ="Source Qualifier" VERSIONNUMBER ="1">
            <TRANSFORMFIELD DATATYPE ="string" DEFAULTVALUE ="" DESCRIPTION ="" NAME ="SKU" PICTURETEXT ="" PORTTYPE ="INPUT/OUTPUT" PRECISION ="20" SCALE ="0"/>
            <TRANSFORMFIELD DATATYPE ="date/time" DEFAULTVALUE ="" DESCRIPTION ="" NAME ="START_DATE" PICTURETEXT ="" PORTTYPE ="INPUT/OUTPUT" PRECISION ="29" SCALE ="9"/>
            <TRANSFORMFIELD DATATYPE ="date/time" DEFAULTVALUE ="" DESCRIPTION ="" NAME ="END_DATE" PICTURETEXT ="" PORTTYPE ="INPUT/OUTPUT" PRECISION ="29" SCALE ="9"/>
            <TRANSFORMFIELD DATATYPE ="double" DEFAULTVALUE ="" DESCRIPTION ="" NAME ="MAX_BUILD_QTY" PICTURETEXT ="" PORTTYPE ="INPUT/OUTPUT" PRECISION ="15" SCALE ="0"/>
            <TRANSFORMFIELD DATATYPE ="string" DEFAULTVALUE ="" DESCRIPTION ="" NAME ="UOM" PICTURETEXT ="" PORTTYPE ="INPUT/OUTPUT" PRECISION ="10" SCALE ="0"/>
            <TABLEATTRIBUTE NAME ="Sql Query" VALUE ="SELECT &#xD;&#xA;V_WATR_DP_SC_MAXBUILD.SKU, &#xD;&#xA;V_WATR_DP_SC_MAXBUILD.START_DATE, &#xD;&#xA;V_WATR_DP_SC_MAXBUILD.END_DATE, &#xD;&#xA;V_WATR_DP_SC_MAXBUILD.MAX_BUILD_QTY, &#xD;&#xA;V_WATR_DP_SC_MAXBUILD.UOM &#xD;&#xA;FROM&#xD;&#xA; STAGING.V_WATR_DP_SC_MAXBUILD V_WATR_DP_SC_MAXBUILD"/>
            <TABLEATTRIBUTE NAME ="User Defined Join" VALUE =""/>
            <TABLEATTRIBUTE NAME ="Source Filter" VALUE =""/>
            <TABLEATTRIBUTE NAME ="Number Of Sorted Ports" VALUE ="0"/>
            <TABLEATTRIBUTE NAME ="Tracing Level" VALUE ="Normal"/>
            <TABLEATTRIBUTE NAME ="Select Distinct" VALUE ="NO"/>
            <TABLEATTRIBUTE NAME ="Is Partitionable" VALUE ="NO"/>
            <TABLEATTRIBUTE NAME ="Pre SQL" VALUE =""/>
            <TABLEATTRIBUTE NAME ="Post SQL" VALUE =""/>
            <TABLEATTRIBUTE NAME ="Output is deterministic" VALUE ="NO"/>
            <TABLEATTRIBUTE NAME ="Output is repeatable" VALUE ="Never"/>
        </TRANSFORMATION>
        <TRANSFORMATION DESCRIPTION ="Expression to apply transformation rules." NAME ="EXP_APPLY_RULES" OBJECTVERSION ="1" REUSABLE ="NO" TYPE ="Expression" VERSIONNUMBER ="1">
            <TRANSFORMFIELD DATATYPE ="decimal" DEFAULTVALUE ="" DESCRIPTION ="" EXPRESSION ="ITEM_ID" EXPRESSIONTYPE ="GENERAL" NAME ="ITEM_ID" PICTURETEXT ="" PORTTYPE ="INPUT/OUTPUT" PRECISION ="38" SCALE ="0"/>
            <TRANSFORMFIELD DATATYPE ="date/time" DEFAULTVALUE ="" DESCRIPTION ="" EXPRESSION ="START_DATE" EXPRESSIONTYPE ="GENERAL" NAME ="START_DATE" PICTURETEXT ="" PORTTYPE ="INPUT/OUTPUT" PRECISION ="29" SCALE ="9"/>
            <TRANSFORMFIELD DATATYPE ="date/time" DEFAULTVALUE ="" DESCRIPTION ="" EXPRESSION ="END_DATE" EXPRESSIONTYPE ="GENERAL" NAME ="END_DATE" PICTURETEXT ="" PORTTYPE ="INPUT/OUTPUT" PRECISION ="29" SCALE ="9"/>
            <TRANSFORMFIELD DATATYPE ="double" DEFAULTVALUE ="" DESCRIPTION ="" EXPRESSION ="MAX_BUILD_QTY" EXPRESSIONTYPE ="GENERAL" NAME ="MAX_BUILD_QTY" PICTURETEXT ="" PORTTYPE ="INPUT/OUTPUT" PRECISION ="15" SCALE ="0"/>
            <TRANSFORMFIELD DATATYPE ="string" DEFAULTVALUE ="" DESCRIPTION ="" EXPRESSION ="UOM" EXPRESSIONTYPE ="GENERAL" NAME ="UOM" PICTURETEXT ="" PORTTYPE ="INPUT/OUTPUT" PRECISION ="10" SCALE ="0"/>
            <TRANSFORMFIELD DATATYPE ="string" DEFAULTVALUE ="ERROR(&apos;transformation error&apos;)" DESCRIPTION ="" EXPRESSION ="&apos;ETL_SC_MAXBUILD_LOAD&apos;" EXPRESSIONTYPE ="GENERAL" NAME ="O_UPDATE_USERID" PICTURETEXT ="" PORTTYPE ="OUTPUT" PRECISION ="25" SCALE ="0"/>
            <TRANSFORMFIELD DATATYPE ="date/time" DEFAULTVALUE ="ERROR(&apos;transformation error&apos;)" DESCRIPTION ="" EXPRESSION ="SESSSTARTTIME" EXPRESSIONTYPE ="GENERAL" NAME ="O_UPDATE_TIMESTAMP" PICTURETEXT ="" PORTTYPE ="OUTPUT" PRECISION ="29" SCALE ="9"/>
            <TABLEATTRIBUTE NAME ="Tracing Level" VALUE ="Normal"/>
        </TRANSFORMATION>
        <TRANSFORMATION DESCRIPTION ="Filter out the null ITEM_ID rows" NAME ="FIL_ITEM_IDS" OBJECTVERSION ="1" REUSABLE ="NO" TYPE ="Filter" VERSIONNUMBER ="1">
            <TRANSFORMFIELD DATATYPE ="decimal" DEFAULTVALUE ="" DESCRIPTION ="" NAME ="ITEM_ID" PICTURETEXT ="" PORTTYPE ="INPUT/OUTPUT" PRECISION ="38" SCALE ="0"/>
            <TRANSFORMFIELD DATATYPE ="date/time" DEFAULTVALUE ="" DESCRIPTION ="" NAME ="START_DATE" PICTURETEXT ="" PORTTYPE ="INPUT/OUTPUT" PRECISION ="29" SCALE ="9"/>
            <TRANSFORMFIELD DATATYPE ="date/time" DEFAULTVALUE ="" DESCRIPTION ="" NAME ="END_DATE" PICTURETEXT ="" PORTTYPE ="INPUT/OUTPUT" PRECISION ="29" SCALE ="9"/>
            <TRANSFORMFIELD DATATYPE ="double" DEFAULTVALUE ="" DESCRIPTION ="" NAME ="MAX_BUILD_QTY" PICTURETEXT ="" PORTTYPE ="INPUT/OUTPUT" PRECISION ="15" SCALE ="0"/>
            <TRANSFORMFIELD DATATYPE ="string" DEFAULTVALUE ="" DESCRIPTION ="" NAME ="UOM" PICTURETEXT ="" PORTTYPE ="INPUT/OUTPUT" PRECISION ="10" SCALE ="0"/>
            <TRANSFORMFIELD DATATYPE ="string" DEFAULTVALUE ="" DESCRIPTION ="" NAME ="UPDATE_USERID" PICTURETEXT ="" PORTTYPE ="INPUT/OUTPUT" PRECISION ="25" SCALE ="0"/>
            <TRANSFORMFIELD DATATYPE ="date/time" DEFAULTVALUE ="" DESCRIPTION ="" NAME ="UPDATE_TIMESTAMP" PICTURETEXT ="" PORTTYPE ="INPUT/OUTPUT" PRECISION ="29" SCALE ="9"/>
            <TABLEATTRIBUTE NAME ="Filter Condition" VALUE ="NOT ISNULL(ITEM_ID)"/>
            <TABLEATTRIBUTE NAME ="Tracing Level" VALUE ="Normal"/>
        </TRANSFORMATION>
        <INSTANCE DESCRIPTION ="" NAME ="INVENTORY_MAX_BUILD" TRANSFORMATION_NAME ="INVENTORY_MAX_BUILD" TRANSFORMATION_TYPE ="Target Definition" TYPE ="TARGET"/>
        <INSTANCE DBDNAME ="slbadw" DESCRIPTION ="" NAME ="V_WATR_DP_SC_MAXBUILD" TRANSFORMATION_NAME ="V_WATR_DP_SC_MAXBUILD" TRANSFORMATION_TYPE ="Source Definition" TYPE ="SOURCE"/>
        <INSTANCE DESCRIPTION ="This mapplet retrieves the item_id from the item_table for the item_type_code of &apos;SEL&apos; " NAME ="ML_ITEM_SELL" REUSABLE ="YES" TRANSFORMATION_NAME ="ML_ITEM_SELL" TRANSFORMATION_TYPE ="Mapplet" TYPE ="MAPPLET"/>
        <INSTANCE DESCRIPTION ="Source Qualifier to read data from source view" NAME ="SQ_V_WATR_DP_SC_MAXBUILD" REUSABLE ="NO" TRANSFORMATION_NAME ="SQ_V_WATR_DP_SC_MAXBUILD" TRANSFORMATION_TYPE ="Source Qualifier" TYPE ="TRANSFORMATION">
            <ASSOCIATED_SOURCE_INSTANCE NAME ="V_WATR_DP_SC_MAXBUILD"/>
        </INSTANCE>
        <INSTANCE DESCRIPTION ="Expression to apply transformation rules." NAME ="EXP_APPLY_RULES" REUSABLE ="NO" TRANSFORMATION_NAME ="EXP_APPLY_RULES" TRANSFORMATION_TYPE ="Expression" TYPE ="TRANSFORMATION"/>
        <INSTANCE DESCRIPTION ="Filter out the null ITEM_ID rows" NAME ="FIL_ITEM_IDS" REUSABLE ="NO" TRANSFORMATION_NAME ="FIL_ITEM_IDS" TRANSFORMATION_TYPE ="Filter" TYPE ="TRANSFORMATION"/>
        <CONNECTOR FROMFIELD ="ITEM_ID" FROMINSTANCE ="FIL_ITEM_IDS" FROMINSTANCETYPE ="Filter" TOFIELD ="ITEM_ID" TOINSTANCE ="INVENTORY_MAX_BUILD" TOINSTANCETYPE ="Target Definition"/>
        <CONNECTOR FROMFIELD ="START_DATE" FROMINSTANCE ="FIL_ITEM_IDS" FROMINSTANCETYPE ="Filter" TOFIELD ="START_DATE" TOINSTANCE ="INVENTORY_MAX_BUILD" TOINSTANCETYPE ="Target Definition"/>
        <CONNECTOR FROMFIELD ="END_DATE" FROMINSTANCE ="FIL_ITEM_IDS" FROMINSTANCETYPE ="Filter" TOFIELD ="END_DATE" TOINSTANCE ="INVENTORY_MAX_BUILD" TOINSTANCETYPE ="Target Definition"/>
        <CONNECTOR FROMFIELD ="MAX_BUILD_QTY" FROMINSTANCE ="FIL_ITEM_IDS" FROMINSTANCETYPE ="Filter" TOFIELD ="MAX_BUILD_QTY" TOINSTANCE ="INVENTORY_MAX_BUILD" TOINSTANCETYPE ="Target Definition"/>
        <CONNECTOR FROMFIELD ="UOM" FROMINSTANCE ="FIL_ITEM_IDS" FROMINSTANCETYPE ="Filter" TOFIELD ="UOM" TOINSTANCE ="INVENTORY_MAX_BUILD" TOINSTANCETYPE ="Target Definition"/>
        <CONNECTOR FROMFIELD ="UPDATE_USERID" FROMINSTANCE ="FIL_ITEM_IDS" FROMINSTANCETYPE ="Filter" TOFIELD ="UPDATE_USERID" TOINSTANCE ="INVENTORY_MAX_BUILD" TOINSTANCETYPE ="Target Definition"/>
        <CONNECTOR FROMFIELD ="UPDATE_TIMESTAMP" FROMINSTANCE ="FIL_ITEM_IDS" FROMINSTANCETYPE ="Filter" TOFIELD ="UPDATE_TIMESTAMP" TOINSTANCE ="INVENTORY_MAX_BUILD" TOINSTANCETYPE ="Target Definition"/>
        <CONNECTOR FROMFIELD ="SKU" FROMINSTANCE ="V_WATR_DP_SC_MAXBUILD" FROMINSTANCETYPE ="Source Definition" TOFIELD ="SKU" TOINSTANCE ="SQ_V_WATR_DP_SC_MAXBUILD" TOINSTANCETYPE ="Source Qualifier"/>
        <CONNECTOR FROMFIELD ="START_DATE" FROMINSTANCE ="V_WATR_DP_SC_MAXBUILD" FROMINSTANCETYPE ="Source Definition" TOFIELD ="START_DATE" TOINSTANCE ="SQ_V_WATR_DP_SC_MAXBUILD" TOINSTANCETYPE ="Source Qualifier"/>
        <CONNECTOR FROMFIELD ="END_DATE" FROMINSTANCE ="V_WATR_DP_SC_MAXBUILD" FROMINSTANCETYPE ="Source Definition" TOFIELD ="END_DATE" TOINSTANCE ="SQ_V_WATR_DP_SC_MAXBUILD" TOINSTANCETYPE ="Source Qualifier"/>
        <CONNECTOR FROMFIELD ="MAX_BUILD_QTY" FROMINSTANCE ="V_WATR_DP_SC_MAXBUILD" FROMINSTANCETYPE ="Source Definition" TOFIELD ="MAX_BUILD_QTY" TOINSTANCE ="SQ_V_WATR_DP_SC_MAXBUILD" TOINSTANCETYPE ="Source Qualifier"/>
        <CONNECTOR FROMFIELD ="UOM" FROMINSTANCE ="V_WATR_DP_SC_MAXBUILD" FROMINSTANCETYPE ="Source Definition" TOFIELD ="UOM" TOINSTANCE ="SQ_V_WATR_DP_SC_MAXBUILD" TOINSTANCETYPE ="Source Qualifier"/>
        <CONNECTOR FROMFIELD ="O_ITEM_ID" FROMINSTANCE ="ML_ITEM_SELL" FROMINSTANCETYPE ="Mapplet" TOFIELD ="ITEM_ID" TOINSTANCE ="EXP_APPLY_RULES" TOINSTANCETYPE ="Expression"/>
        <CONNECTOR FROMFIELD ="SKU" FROMINSTANCE ="SQ_V_WATR_DP_SC_MAXBUILD" FROMINSTANCETYPE ="Source Qualifier" TOFIELD ="I_SKU" TOINSTANCE ="ML_ITEM_SELL" TOINSTANCETYPE ="Mapplet"/>
        <CONNECTOR FROMFIELD ="START_DATE" FROMINSTANCE ="SQ_V_WATR_DP_SC_MAXBUILD" FROMINSTANCETYPE ="Source Qualifier" TOFIELD ="START_DATE" TOINSTANCE ="EXP_APPLY_RULES" TOINSTANCETYPE ="Expression"/>
        <CONNECTOR FROMFIELD ="END_DATE" FROMINSTANCE ="SQ_V_WATR_DP_SC_MAXBUILD" FROMINSTANCETYPE ="Source Qualifier" TOFIELD ="END_DATE" TOINSTANCE ="EXP_APPLY_RULES" TOINSTANCETYPE ="Expression"/>
        <CONNECTOR FROMFIELD ="MAX_BUILD_QTY" FROMINSTANCE ="SQ_V_WATR_DP_SC_MAXBUILD" FROMINSTANCETYPE ="Source Qualifier" TOFIELD ="MAX_BUILD_QTY" TOINSTANCE ="EXP_APPLY_RULES" TOINSTANCETYPE ="Expression"/>
        <CONNECTOR FROMFIELD ="UOM" FROMINSTANCE ="SQ_V_WATR_DP_SC_MAXBUILD" FROMINSTANCETYPE ="Source Qualifier" TOFIELD ="UOM" TOINSTANCE ="EXP_APPLY_RULES" TOINSTANCETYPE ="Expression"/>
        <CONNECTOR FROMFIELD ="ITEM_ID" FROMINSTANCE ="EXP_APPLY_RULES" FROMINSTANCETYPE ="Expression" TOFIELD ="ITEM_ID" TOINSTANCE ="FIL_ITEM_IDS" TOINSTANCETYPE ="Filter"/>
        <CONNECTOR FROMFIELD ="START_DATE" FROMINSTANCE ="EXP_APPLY_RULES" FROMINSTANCETYPE ="Expression" TOFIELD ="START_DATE" TOINSTANCE ="FIL_ITEM_IDS" TOINSTANCETYPE ="Filter"/>
        <CONNECTOR FROMFIELD ="END_DATE" FROMINSTANCE ="EXP_APPLY_RULES" FROMINSTANCETYPE ="Expression" TOFIELD ="END_DATE" TOINSTANCE ="FIL_ITEM_IDS" TOINSTANCETYPE ="Filter"/>
        <CONNECTOR FROMFIELD ="MAX_BUILD_QTY" FROMINSTANCE ="EXP_APPLY_RULES" FROMINSTANCETYPE ="Expression" TOFIELD ="MAX_BUILD_QTY" TOINSTANCE ="FIL_ITEM_IDS" TOINSTANCETYPE ="Filter"/>
        <CONNECTOR FROMFIELD ="UOM" FROMINSTANCE ="EXP_APPLY_RULES" FROMINSTANCETYPE ="Expression" TOFIELD ="UOM" TOINSTANCE ="FIL_ITEM_IDS" TOINSTANCETYPE ="Filter"/>
        <CONNECTOR FROMFIELD ="O_UPDATE_USERID" FROMINSTANCE ="EXP_APPLY_RULES" FROMINSTANCETYPE ="Expression" TOFIELD ="UPDATE_USERID" TOINSTANCE ="FIL_ITEM_IDS" TOINSTANCETYPE ="Filter"/>
        <CONNECTOR FROMFIELD ="O_UPDATE_TIMESTAMP" FROMINSTANCE ="EXP_APPLY_RULES" FROMINSTANCETYPE ="Expression" TOFIELD ="UPDATE_TIMESTAMP" TOINSTANCE ="FIL_ITEM_IDS" TOINSTANCETYPE ="Filter"/>
        <TARGETLOADORDER ORDER ="1" TARGETINSTANCE ="INVENTORY_MAX_BUILD"/>
        <MAPPINGVARIABLE DATATYPE ="string" DEFAULTVALUE ="" DESCRIPTION ="" ISEXPRESSIONVARIABLE ="NO" ISPARAM ="YES" NAME ="$$DIVISION_GROUP" PRECISION ="4" SCALE ="0" USERDEFINED ="YES"/>
        <ERPINFO/>
        <METADATAEXTENSION DATATYPE ="STRING" DESCRIPTION ="Conversion Mapping Name with version " DOMAINNAME ="User Defined Metadata Domain" ISCLIENTEDITABLE ="YES" ISCLIENTVISIBLE ="YES" ISREUSABLE ="NO" ISSHAREREAD ="NO" ISSHAREWRITE ="NO" MAXLENGTH ="256" NAME ="CONV_MAP_NAME" VALUE ="" VENDORNAME ="INFORMATICA"/>
    </MAPPING>
    <CONFIG DESCRIPTION ="Default session configuration object" ISDEFAULT ="YES" NAME ="default_session_config" VERSIONNUMBER ="1">
        <ATTRIBUTE NAME ="Advanced" VALUE =""/>
        <ATTRIBUTE NAME ="Constraint based load ordering" VALUE ="NO"/>
        <ATTRIBUTE NAME ="Cache LOOKUP() function" VALUE ="YES"/>
        <ATTRIBUTE NAME ="Default buffer block size" VALUE ="Auto"/>
        <ATTRIBUTE NAME ="Line Sequential buffer length" VALUE ="1024"/>
        <ATTRIBUTE NAME ="Maximum Memory Allowed For Auto Memory Attributes" VALUE ="0"/>
        <ATTRIBUTE NAME ="Maximum Percentage of Total Memory Allowed For Auto Memory Attributes" VALUE ="5"/>
        <ATTRIBUTE NAME ="Additional Concurrent Pipelines for Lookup Cache Creation" VALUE ="0"/>
        <ATTRIBUTE NAME ="Custom Properties" VALUE =""/>
        <ATTRIBUTE NAME ="Pre-build lookup cache" VALUE ="Auto"/>
        <ATTRIBUTE NAME ="Optimization Level" VALUE ="Medium"/>
        <ATTRIBUTE NAME ="DateTime Format String" VALUE ="MM/DD/YYYY HH24:MI:SS.US"/>
        <ATTRIBUTE NAME ="Pre 85 Timestamp Compatibility" VALUE ="NO"/>
        <ATTRIBUTE NAME ="Log Options" VALUE ="0"/>
        <ATTRIBUTE NAME ="Save session log by" VALUE ="Session runs"/>
        <ATTRIBUTE NAME ="Save session log for these runs" VALUE ="9"/>
        <ATTRIBUTE NAME ="Session Log File Max Size" VALUE ="0"/>
        <ATTRIBUTE NAME ="Session Log File Max Time Period" VALUE ="0"/>
        <ATTRIBUTE NAME ="Maximum Partial Session Log Files" VALUE ="1"/>
        <ATTRIBUTE NAME ="Writer Commit Statistics Log Frequency" VALUE ="1"/>
        <ATTRIBUTE NAME ="Writer Commit Statistics Log Interval" VALUE ="0"/>
        <ATTRIBUTE NAME ="Error handling" VALUE =""/>
        <ATTRIBUTE NAME ="Stop on errors" VALUE ="1"/>
        <ATTRIBUTE NAME ="Override tracing" VALUE ="None"/>
        <ATTRIBUTE NAME ="On Stored Procedure error" VALUE ="Stop"/>
        <ATTRIBUTE NAME ="On Pre-session command task error" VALUE ="Stop"/>
        <ATTRIBUTE NAME ="On Pre-Post SQL error" VALUE ="Stop"/>
        <ATTRIBUTE NAME ="Enable Recovery" VALUE ="NO"/>
        <ATTRIBUTE NAME ="Error Log Type" VALUE ="None"/>
        <ATTRIBUTE NAME ="Error Log Table Name Prefix" VALUE =""/>
        <ATTRIBUTE NAME ="Error Log File Name" VALUE ="PMError.log"/>
        <ATTRIBUTE NAME ="Log Source Row Data" VALUE ="NO"/>
        <ATTRIBUTE NAME ="Data Column Delimiter" VALUE ="|"/>
        <ATTRIBUTE NAME ="Partitioning Options" VALUE =""/>
        <ATTRIBUTE NAME ="Dynamic Partitioning" VALUE ="Disabled"/>
        <ATTRIBUTE NAME ="Number of Partitions" VALUE ="1"/>
        <ATTRIBUTE NAME ="Multiplication Factor" VALUE ="Auto"/>
        <ATTRIBUTE NAME ="Session on Grid" VALUE =""/>
        <ATTRIBUTE NAME ="Is Enabled" VALUE ="NO"/>
    </CONFIG>
    <SESSION DESCRIPTION ="Session to load INVENTORY_MAX_BUILD table for Socks LOB." ISVALID ="YES" MAPPINGNAME ="m_INVENTORY_MAX_BUILD_SC" NAME ="s_m_INVENTORY_MAX_BUILD_SC" REUSABLE ="YES" SORTORDER ="Binary" VERSIONNUMBER ="1">
        <SESSTRANSFORMATIONINST ISREPARTITIONPOINT ="YES" PARTITIONTYPE ="PASS THROUGH" PIPELINE ="1" SINSTANCENAME ="INVENTORY_MAX_BUILD" STAGE ="1" TRANSFORMATIONNAME ="INVENTORY_MAX_BUILD" TRANSFORMATIONTYPE ="Target Definition">
            <ATTRIBUTE NAME ="Pre SQL" VALUE ="delete from INVENTORY_MAX_BUILD where UPDATE_USERID = &apos;ETL_SC_MAXBUILD_LOAD&apos; AND &#xD;&#xA; END_DATE in (SELECT AS_OF_DATE FROM DAY_DIMENSION WHERE DAY_DATE = (TRUNC(SYSDATE)-7));"/>
        </SESSTRANSFORMATIONINST>
        <SESSTRANSFORMATIONINST ISREPARTITIONPOINT ="NO" PIPELINE ="1" SINSTANCENAME ="EXP_APPLY_RULES" STAGE ="2" TRANSFORMATIONNAME ="EXP_APPLY_RULES" TRANSFORMATIONTYPE ="Expression">
            <PARTITION DESCRIPTION ="" NAME ="Partition #1"/>
        </SESSTRANSFORMATIONINST>
        <SESSTRANSFORMATIONINST ISREPARTITIONPOINT ="NO" PIPELINE ="0" SINSTANCENAME ="ML_ITEM_SELL.LKP_ITEM_SELL_IN" STAGE ="0" TRANSFORMATIONNAME ="ML_ITEM_SELL.LKP_ITEM_SELL_IN" TRANSFORMATIONTYPE ="Lookup Procedure">
            <ATTRIBUTE NAME ="Connection Information" VALUE ="Relational:SLBADW"/>
        </SESSTRANSFORMATIONINST>
        <SESSTRANSFORMATIONINST ISREPARTITIONPOINT ="NO" PIPELINE ="1" SINSTANCENAME ="ML_ITEM_SELL.EXP_ITEM_SELL" STAGE ="2" TRANSFORMATIONNAME ="ML_ITEM_SELL.EXP_ITEM_SELL" TRANSFORMATIONTYPE ="Expression">
            <PARTITION DESCRIPTION ="" NAME ="Partition #1"/>
        </SESSTRANSFORMATIONINST>
        <SESSTRANSFORMATIONINST ISREPARTITIONPOINT ="NO" PIPELINE ="1" SINSTANCENAME ="ML_ITEM_SELL.LKP_ITEM_SELL" STAGE ="2" TRANSFORMATIONNAME ="ML_ITEM_SELL.LKP_ITEM_SELL" TRANSFORMATIONTYPE ="Lookup Procedure">
            <PARTITION DESCRIPTION ="" NAME ="Partition #1"/>
            <ATTRIBUTE NAME ="Connection Information" VALUE ="Relational:SLBADW"/>
        </SESSTRANSFORMATIONINST>
        <SESSTRANSFORMATIONINST ISREPARTITIONPOINT ="NO" PIPELINE ="1" SINSTANCENAME ="ML_ITEM_SELL.EXP_ITEM" STAGE ="2" TRANSFORMATIONNAME ="ML_ITEM_SELL.EXP_ITEM" TRANSFORMATIONTYPE ="Expression">
            <PARTITION DESCRIPTION ="" NAME ="Partition #1"/>
        </SESSTRANSFORMATIONINST>
        <SESSTRANSFORMATIONINST ISREPARTITIONPOINT ="NO" PIPELINE ="0" SINSTANCENAME ="V_WATR_DP_SC_MAXBUILD" STAGE ="0" TRANSFORMATIONNAME ="V_WATR_DP_SC_MAXBUILD" TRANSFORMATIONTYPE ="Source Definition"/>
        <SESSTRANSFORMATIONINST ISREPARTITIONPOINT ="YES" PARTITIONTYPE ="PASS THROUGH" PIPELINE ="1" SINSTANCENAME ="SQ_V_WATR_DP_SC_MAXBUILD" STAGE ="2" TRANSFORMATIONNAME ="SQ_V_WATR_DP_SC_MAXBUILD" TRANSFORMATIONTYPE ="Source Qualifier"/>
        <SESSTRANSFORMATIONINST ISREPARTITIONPOINT ="NO" PIPELINE ="1" SINSTANCENAME ="FIL_ITEM_IDS" STAGE ="2" TRANSFORMATIONNAME ="FIL_ITEM_IDS" TRANSFORMATIONTYPE ="Filter">
            <PARTITION DESCRIPTION ="" NAME ="Partition #1"/>
        </SESSTRANSFORMATIONINST>
        <CONFIGREFERENCE REFOBJECTNAME ="default_session_config" TYPE ="Session config"/>
        <SESSIONEXTENSION NAME ="Relational Writer" SINSTANCENAME ="INVENTORY_MAX_BUILD" SUBTYPE ="Relational Writer" TRANSFORMATIONTYPE ="Target Definition" TYPE ="WRITER">
            <CONNECTIONREFERENCE CNXREFNAME ="DB Connection" CONNECTIONNAME ="SLBADW" CONNECTIONNUMBER ="1" CONNECTIONSUBTYPE ="Oracle" CONNECTIONTYPE ="Relational" VARIABLE =""/>
            <ATTRIBUTE NAME ="Target load type" VALUE ="Normal"/>
            <ATTRIBUTE NAME ="Insert" VALUE ="YES"/>
            <ATTRIBUTE NAME ="Update as Update" VALUE ="NO"/>
            <ATTRIBUTE NAME ="Update as Insert" VALUE ="NO"/>
            <ATTRIBUTE NAME ="Update else Insert" VALUE ="NO"/>
            <ATTRIBUTE NAME ="Delete" VALUE ="NO"/>
            <ATTRIBUTE NAME ="Truncate target table option" VALUE ="NO"/>
            <ATTRIBUTE NAME ="Reject file directory" VALUE ="$PMBadFileDir&#x5c;INVENTORY_ANALYSIS&#x5c;BAD&#x5c;"/>
            <ATTRIBUTE NAME ="Reject filename" VALUE ="s_m_INVENTORY_MAX_BUILD_SC_INVENTORY_MAX_BUILD.bad"/>
        </SESSIONEXTENSION>
        <SESSIONEXTENSION NAME ="Relational Lookup" SINSTANCENAME ="ML_ITEM_SELL.LKP_ITEM_SELL_IN" SUBTYPE ="Relational Lookup" TRANSFORMATIONTYPE ="Lookup Procedure" TYPE ="LOOKUPEXTENSION">
            <CONNECTIONREFERENCE CNXREFNAME ="DB Connection" CONNECTIONNAME ="SLBADW" CONNECTIONNUMBER ="1" CONNECTIONSUBTYPE ="Oracle" CONNECTIONTYPE ="Relational" VARIABLE =""/>
        </SESSIONEXTENSION>
        <SESSIONEXTENSION NAME ="Relational Lookup" SINSTANCENAME ="ML_ITEM_SELL.LKP_ITEM_SELL" SUBTYPE ="Relational Lookup" TRANSFORMATIONTYPE ="Lookup Procedure" TYPE ="LOOKUPEXTENSION">
            <CONNECTIONREFERENCE CNXREFNAME ="DB Connection" CONNECTIONNAME ="SLBADW" CONNECTIONNUMBER ="1" CONNECTIONSUBTYPE ="Oracle" CONNECTIONTYPE ="Relational" VARIABLE =""/>
        </SESSIONEXTENSION>
        <SESSIONEXTENSION DSQINSTNAME ="SQ_V_WATR_DP_SC_MAXBUILD" DSQINSTTYPE ="Source Qualifier" NAME ="Relational Reader" SINSTANCENAME ="V_WATR_DP_SC_MAXBUILD" SUBTYPE ="Relational Reader" TRANSFORMATIONTYPE ="Source Definition" TYPE ="READER"/>
        <SESSIONEXTENSION NAME ="Relational Reader" SINSTANCENAME ="SQ_V_WATR_DP_SC_MAXBUILD" SUBTYPE ="Relational Reader" TRANSFORMATIONTYPE ="Source Qualifier" TYPE ="READER">
            <CONNECTIONREFERENCE CNXREFNAME ="DB Connection" CONNECTIONNAME ="SLBADW" CONNECTIONNUMBER ="1" CONNECTIONSUBTYPE ="Oracle" CONNECTIONTYPE ="Relational" VARIABLE =""/>
        </SESSIONEXTENSION>
        <ATTRIBUTE NAME ="General Options" VALUE =""/>
        <ATTRIBUTE NAME ="Write Backward Compatible Session Log File" VALUE ="YES"/>
        <ATTRIBUTE NAME ="Session Log File Name" VALUE ="s_m_INVENTORY_MAX_BUILD_SC.log"/>
        <ATTRIBUTE NAME ="Session Log File directory" VALUE ="$PMSessionLogDir&#x5c;INVENTORY_ANALYSIS&#x5c;LOG&#x5c;"/>
        <ATTRIBUTE NAME ="Parameter Filename" VALUE ="$PMSessionLogDir&#x5c;INVENTORY_ANALYSIS&#x5c;CTL&#x5c;INV_MAX_BUILD_SC.ipf"/>
        <ATTRIBUTE NAME ="Enable Test Load" VALUE ="NO"/>
        <ATTRIBUTE NAME ="$Source connection value" VALUE ="Relational:SLBADW"/>
        <ATTRIBUTE NAME ="$Target connection value" VALUE =""/>
        <ATTRIBUTE NAME ="Treat source rows as" VALUE ="Insert"/>
        <ATTRIBUTE NAME ="Commit Type" VALUE ="Target"/>
        <ATTRIBUTE NAME ="Commit Interval" VALUE ="2000000"/>
        <ATTRIBUTE NAME ="Commit On End Of File" VALUE ="YES"/>
        <ATTRIBUTE NAME ="Rollback Transactions on Errors" VALUE ="NO"/>
        <ATTRIBUTE NAME ="Recovery Strategy" VALUE ="Restart task"/>
        <ATTRIBUTE NAME ="Java Classpath" VALUE =""/>
        <ATTRIBUTE NAME ="Performance" VALUE =""/>
        <ATTRIBUTE NAME ="DTM buffer size" VALUE ="Auto"/>
        <ATTRIBUTE NAME ="Collect performance data" VALUE ="NO"/>
        <ATTRIBUTE NAME ="Write performance data to repository" VALUE ="NO"/>
        <ATTRIBUTE NAME ="Incremental Aggregation" VALUE ="NO"/>
        <ATTRIBUTE NAME ="Enable high precision" VALUE ="NO"/>
        <ATTRIBUTE NAME ="Session retry on deadlock" VALUE ="NO"/>
        <ATTRIBUTE NAME ="Pushdown Optimization" VALUE ="None"/>
        <ATTRIBUTE NAME ="Allow Temporary View for Pushdown" VALUE ="NO"/>
        <ATTRIBUTE NAME ="Allow Temporary Sequence for Pushdown" VALUE ="NO"/>
        <ATTRIBUTE NAME ="Allow Pushdown for User Incompatible Connections" VALUE ="NO"/>
        <METADATAEXTENSION DATATYPE ="STRING" DESCRIPTION ="Conversion Mapping  Name with version " DOMAINNAME ="User Defined Metadata Domain" ISCLIENTEDITABLE ="YES" ISCLIENTVISIBLE ="YES" ISREUSABLE ="NO" ISSHAREREAD ="NO" ISSHAREWRITE ="NO" MAXLENGTH ="256" NAME ="CONV_MAP_NAME" VALUE ="Conversion Mapping - WATR - Socks - Maxbuild Load v1.0" VENDORNAME ="INFORMATICA"/>
    </SESSION>
    <WORKFLOW DESCRIPTION ="Workflow to load INVENTORY_MAX_BUILD table for Socks LOB." ISENABLED ="YES" ISRUNNABLESERVICE ="NO" ISSERVICE ="NO" ISVALID ="YES" NAME ="wf_s_m_INVENTORY_MAX_BUILD_SC" REUSABLE_SCHEDULER ="NO" SCHEDULERNAME ="Scheduler" SERVERNAME ="Domain10_PRD_Int_Svc" SERVER_DOMAINNAME ="Domain10_PRD" SUSPEND_ON_ERROR ="NO" TASKS_MUST_RUN_ON_SERVER ="NO" VERSIONNUMBER ="1">
        <SCHEDULER DESCRIPTION ="" NAME ="Scheduler" REUSABLE ="NO" VERSIONNUMBER ="1">
            <SCHEDULEINFO SCHEDULETYPE ="ONDEMAND"/>
        </SCHEDULER>
        <TASK DESCRIPTION ="" NAME ="Start" REUSABLE ="NO" TYPE ="Start" VERSIONNUMBER ="1"/>
        <TASKINSTANCE DESCRIPTION ="" ISENABLED ="YES" NAME ="Start" REUSABLE ="NO" TASKNAME ="Start" TASKTYPE ="Start"/>
        <TASKINSTANCE DESCRIPTION ="Session to load INVENTORY_MAX_BUILD table for Socks LOB." FAIL_PARENT_IF_INSTANCE_DID_NOT_RUN ="YES" FAIL_PARENT_IF_INSTANCE_FAILS ="YES" ISENABLED ="YES" NAME ="s_m_INVENTORY_MAX_BUILD_SC" REUSABLE ="YES" TASKNAME ="s_m_INVENTORY_MAX_BUILD_SC" TASKTYPE ="Session" TREAT_INPUTLINK_AS_AND ="NO"/>
        <WORKFLOWLINK CONDITION ="" FROMTASK ="Start" TOTASK ="s_m_INVENTORY_MAX_BUILD_SC"/>
        <WORKFLOWVARIABLE DATATYPE ="date/time" DEFAULTVALUE ="" DESCRIPTION ="The time this task started" ISNULL ="NO" ISPERSISTENT ="NO" NAME ="$Start.StartTime" USERDEFINED ="NO"/>
        <WORKFLOWVARIABLE DATATYPE ="date/time" DEFAULTVALUE ="" DESCRIPTION ="The time this task completed" ISNULL ="NO" ISPERSISTENT ="NO" NAME ="$Start.EndTime" USERDEFINED ="NO"/>
        <WORKFLOWVARIABLE DATATYPE ="integer" DEFAULTVALUE ="" DESCRIPTION ="Status of this task&apos;s execution" ISNULL ="NO" ISPERSISTENT ="NO" NAME ="$Start.Status" USERDEFINED ="NO"/>
        <WORKFLOWVARIABLE DATATYPE ="integer" DEFAULTVALUE ="" DESCRIPTION ="Status of the previous task that is not disabled" ISNULL ="NO" ISPERSISTENT ="NO" NAME ="$Start.PrevTaskStatus" USERDEFINED ="NO"/>
        <WORKFLOWVARIABLE DATATYPE ="integer" DEFAULTVALUE ="" DESCRIPTION ="Error code for this task&apos;s execution" ISNULL ="NO" ISPERSISTENT ="NO" NAME ="$Start.ErrorCode" USERDEFINED ="NO"/>
        <WORKFLOWVARIABLE DATATYPE ="string" DEFAULTVALUE ="" DESCRIPTION ="Error message for this task&apos;s execution" ISNULL ="NO" ISPERSISTENT ="NO" NAME ="$Start.ErrorMsg" USERDEFINED ="NO"/>
        <WORKFLOWVARIABLE DATATYPE ="date/time" DEFAULTVALUE ="" DESCRIPTION ="The time this task started" ISNULL ="NO" ISPERSISTENT ="NO" NAME ="$s_m_INVENTORY_MAX_BUILD_SC.StartTime" USERDEFINED ="NO"/>
        <WORKFLOWVARIABLE DATATYPE ="date/time" DEFAULTVALUE ="" DESCRIPTION ="The time this task completed" ISNULL ="NO" ISPERSISTENT ="NO" NAME ="$s_m_INVENTORY_MAX_BUILD_SC.EndTime" USERDEFINED ="NO"/>
        <WORKFLOWVARIABLE DATATYPE ="integer" DEFAULTVALUE ="" DESCRIPTION ="Status of this task&apos;s execution" ISNULL ="NO" ISPERSISTENT ="NO" NAME ="$s_m_INVENTORY_MAX_BUILD_SC.Status" USERDEFINED ="NO"/>
        <WORKFLOWVARIABLE DATATYPE ="integer" DEFAULTVALUE ="" DESCRIPTION ="Status of the previous task that is not disabled" ISNULL ="NO" ISPERSISTENT ="NO" NAME ="$s_m_INVENTORY_MAX_BUILD_SC.PrevTaskStatus" USERDEFINED ="NO"/>
        <WORKFLOWVARIABLE DATATYPE ="integer" DEFAULTVALUE ="" DESCRIPTION ="Error code for this task&apos;s execution" ISNULL ="NO" ISPERSISTENT ="NO" NAME ="$s_m_INVENTORY_MAX_BUILD_SC.ErrorCode" USERDEFINED ="NO"/>
        <WORKFLOWVARIABLE DATATYPE ="string" DEFAULTVALUE ="" DESCRIPTION ="Error message for this task&apos;s execution" ISNULL ="NO" ISPERSISTENT ="NO" NAME ="$s_m_INVENTORY_MAX_BUILD_SC.ErrorMsg" USERDEFINED ="NO"/>
        <WORKFLOWVARIABLE DATATYPE ="integer" DEFAULTVALUE ="" DESCRIPTION ="Rows successfully read" ISNULL ="NO" ISPERSISTENT ="NO" NAME ="$s_m_INVENTORY_MAX_BUILD_SC.SrcSuccessRows" USERDEFINED ="NO"/>
        <WORKFLOWVARIABLE DATATYPE ="integer" DEFAULTVALUE ="" DESCRIPTION ="Rows failed to read" ISNULL ="NO" ISPERSISTENT ="NO" NAME ="$s_m_INVENTORY_MAX_BUILD_SC.SrcFailedRows" USERDEFINED ="NO"/>
        <WORKFLOWVARIABLE DATATYPE ="integer" DEFAULTVALUE ="" DESCRIPTION ="Rows successfully loaded" ISNULL ="NO" ISPERSISTENT ="NO" NAME ="$s_m_INVENTORY_MAX_BUILD_SC.TgtSuccessRows" USERDEFINED ="NO"/>
        <WORKFLOWVARIABLE DATATYPE ="integer" DEFAULTVALUE ="" DESCRIPTION ="Rows failed to load" ISNULL ="NO" ISPERSISTENT ="NO" NAME ="$s_m_INVENTORY_MAX_BUILD_SC.TgtFailedRows" USERDEFINED ="NO"/>
        <WORKFLOWVARIABLE DATATYPE ="integer" DEFAULTVALUE ="" DESCRIPTION ="Total number of transformation errors" ISNULL ="NO" ISPERSISTENT ="NO" NAME ="$s_m_INVENTORY_MAX_BUILD_SC.TotalTransErrors" USERDEFINED ="NO"/>
        <WORKFLOWVARIABLE DATATYPE ="integer" DEFAULTVALUE ="" DESCRIPTION ="First error code" ISNULL ="NO" ISPERSISTENT ="NO" NAME ="$s_m_INVENTORY_MAX_BUILD_SC.FirstErrorCode" USERDEFINED ="NO"/>
        <WORKFLOWVARIABLE DATATYPE ="string" DEFAULTVALUE ="" DESCRIPTION ="First error message" ISNULL ="NO" ISPERSISTENT ="NO" NAME ="$s_m_INVENTORY_MAX_BUILD_SC.FirstErrorMsg" USERDEFINED ="NO"/>
        <ATTRIBUTE NAME ="Parameter Filename" VALUE =""/>
        <ATTRIBUTE NAME ="Write Backward Compatible Workflow Log File" VALUE ="YES"/>
        <ATTRIBUTE NAME ="Workflow Log File Name" VALUE ="wf_s_m_INVENTORY_MAX_BUILD_SC.log"/>
        <ATTRIBUTE NAME ="Workflow Log File Directory" VALUE ="$PMWorkflowLogDir&#x5c;INVENTORY_ANALYSIS&#x5c;LOG&#x5c;"/>
        <ATTRIBUTE NAME ="Save Workflow log by" VALUE ="By runs"/>
        <ATTRIBUTE NAME ="Save workflow log for these runs" VALUE ="9"/>
        <ATTRIBUTE NAME ="Service Name" VALUE =""/>
        <ATTRIBUTE NAME ="Service Timeout" VALUE ="0"/>
        <ATTRIBUTE NAME ="Is Service Visible" VALUE ="NO"/>
        <ATTRIBUTE NAME ="Is Service Protected" VALUE ="NO"/>
        <ATTRIBUTE NAME ="Fail task after wait time" VALUE ="0"/>
        <ATTRIBUTE NAME ="Enable HA recovery" VALUE ="NO"/>
        <ATTRIBUTE NAME ="Automatically recover terminated tasks" VALUE ="NO"/>
        <ATTRIBUTE NAME ="Service Level Name" VALUE ="Default"/>
        <ATTRIBUTE NAME ="Allow concurrent run with unique run instance name" VALUE ="NO"/>
        <ATTRIBUTE NAME ="Allow concurrent run with same run instance name" VALUE ="NO"/>
        <ATTRIBUTE NAME ="Maximum number of concurrent runs" VALUE ="0"/>
        <ATTRIBUTE NAME ="Assigned Web Services Hubs" VALUE =""/>
        <ATTRIBUTE NAME ="Maximum number of concurrent runs per Hub" VALUE ="1000"/>
        <ATTRIBUTE NAME ="Expected Service Time" VALUE ="1"/>
        <METADATAEXTENSION DATATYPE ="STRING" DESCRIPTION ="Conversion Mapping Name with version " DOMAINNAME ="User Defined Metadata Domain" ISCLIENTEDITABLE ="YES" ISCLIENTVISIBLE ="YES" ISREUSABLE ="NO" ISSHAREREAD ="NO" ISSHAREWRITE ="NO" MAXLENGTH ="256" NAME ="CONV_MAP_NAME" VALUE ="" VENDORNAME ="INFORMATICA"/>
        <METADATAEXTENSION DATATYPE ="STRING" DESCRIPTION ="" DOMAINNAME ="User Defined Metadata Domain" ISCLIENTEDITABLE ="YES" ISCLIENTVISIBLE ="YES" ISREUSABLE ="NO" ISSHAREREAD ="NO" ISSHAREWRITE ="NO" MAXLENGTH ="256" NAME ="Extension" VALUE ="Conversion Mapping - WATR - Socks - Maxbuild Load v1.0" VENDORNAME ="INFORMATICA"/>
    </WORKFLOW>
</FOLDER>
</REPOSITORY>
</POWERMART>