<?xml version="1.0" encoding="Windows-1252"?>
<!DOCTYPE POWERMART SYSTEM "powrmart.dtd">
<POWERMART CREATION_DATE="05/20/2024 10:05:38" REPOSITORY_VERSION="187.96">
<REPOSITORY NAME="Domain10_Rep_Svc_Prd" VERSION="187" CODEPAGE="MS1252" DATABASETYPE="Microsoft SQL Server">
<FOLDER NAME="INVENTORY_ANALYSIS" GROUP="" OWNER="Administrator" SHARED="NOTSHARED" DESCRIPTION="" PERMISSIONS="rwx---r--" UUID="27b7fb57-5066-4c7e-aee4-118d44bfa5b6">
    <SOURCE BUSINESSNAME ="" DATABASETYPE ="Flat File" DBDNAME ="FlatFile" DESCRIPTION ="Flat File source" NAME ="FF_DWC_ZSAPBW_DOM_PHYSICAL_INV" OBJECTVERSION ="1" OWNERNAME ="" VERSIONNUMBER ="1">
        <FLATFILE CODEPAGE ="MS1252" CONSECDELIMITERSASONE ="NO" DELIMITED ="YES" DELIMITERS =",|" ESCAPE_CHARACTER ="" KEEPESCAPECHAR ="NO" LINESEQUENTIAL ="NO" MULTIDELIMITERSASAND ="NO" NULLCHARTYPE ="ASCII" NULL_CHARACTER ="*" PADBYTES ="1" QUOTE_CHARACTER ="DOUBLE" REPEATABLE ="NO" ROWDELIMITER ="0" SHIFTSENSITIVEDATA ="NO" SKIPROWS ="0" STRIPTRAILINGBLANKS ="NO"/>
        <TABLEATTRIBUTE NAME ="Base Table Name" VALUE =""/>
        <TABLEATTRIBUTE NAME ="Search Specification" VALUE =""/>
        <TABLEATTRIBUTE NAME ="Sort Specification" VALUE =""/>
        <TABLEATTRIBUTE NAME ="Datetime Format" VALUE ="A  19 mm/dd/yyyy hh24:mi:ss"/>
        <TABLEATTRIBUTE NAME ="Thousand Separator" VALUE ="None"/>
        <TABLEATTRIBUTE NAME ="Decimal Separator" VALUE ="."/>
        <TABLEATTRIBUTE NAME ="Add Currently Processed Flat File Name Port" VALUE ="NO"/>
        <TABLEATTRIBUTE NAME ="Source TimeStamp" VALUE =""/>
        <SOURCEFIELD BUSINESSNAME ="" DATATYPE ="string" DESCRIPTION ="" FIELDNUMBER ="1" FIELDPROPERTY ="0" FIELDTYPE ="ELEMITEM" HIDDEN ="NO" KEYTYPE ="NOT A KEY" LENGTH ="250" LEVEL ="0" NAME ="MATERIAL" NULLABLE ="NULL" OCCURS ="0" OFFSET ="0" PHYSICALLENGTH ="250" PHYSICALOFFSET ="0" PICTURETEXT ="" PRECISION ="250" SCALE ="0" USAGE_FLAGS =""/>
        <SOURCEFIELD BUSINESSNAME ="" DATATYPE ="string" DESCRIPTION ="" FIELDNUMBER ="2" FIELDPROPERTY ="0" FIELDTYPE ="ELEMITEM" HIDDEN ="NO" KEYTYPE ="NOT A KEY" LENGTH ="250" LEVEL ="0" NAME ="PLANT" NULLABLE ="NULL" OCCURS ="0" OFFSET ="250" PHYSICALLENGTH ="250" PHYSICALOFFSET ="250" PICTURETEXT ="" PRECISION ="250" SCALE ="0" USAGE_FLAGS =""/>
        <SOURCEFIELD BUSINESSNAME ="" DATATYPE ="string" DESCRIPTION ="" FIELDNUMBER ="3" FIELDPROPERTY ="0" FIELDTYPE ="ELEMITEM" HIDDEN ="NO" KEYTYPE ="NOT A KEY" LENGTH ="250" LEVEL ="0" NAME ="STORAGE_LOCATION" NULLABLE ="NULL" OCCURS ="0" OFFSET ="500" PHYSICALLENGTH ="250" PHYSICALOFFSET ="500" PICTURETEXT ="" PRECISION ="250" SCALE ="0" USAGE_FLAGS =""/>
        <SOURCEFIELD BUSINESSNAME ="" DATATYPE ="string" DESCRIPTION ="" FIELDNUMBER ="4" FIELDPROPERTY ="0" FIELDTYPE ="ELEMITEM" HIDDEN ="NO" KEYTYPE ="NOT A KEY" LENGTH ="250" LEVEL ="0" NAME ="BATCH_NUMBER" NULLABLE ="NULL" OCCURS ="0" OFFSET ="750" PHYSICALLENGTH ="250" PHYSICALOFFSET ="750" PICTURETEXT ="" PRECISION ="250" SCALE ="0" USAGE_FLAGS =""/>
        <SOURCEFIELD BUSINESSNAME ="" DATATYPE ="string" DESCRIPTION ="" FIELDNUMBER ="5" FIELDPROPERTY ="0" FIELDTYPE ="ELEMITEM" HIDDEN ="NO" KEYTYPE ="NOT A KEY" LENGTH ="250" LEVEL ="0" NAME ="AFS_GRID_VALUE" NULLABLE ="NULL" OCCURS ="0" OFFSET ="1000" PHYSICALLENGTH ="250" PHYSICALOFFSET ="1000" PICTURETEXT ="" PRECISION ="250" SCALE ="0" USAGE_FLAGS =""/>
        <SOURCEFIELD BUSINESSNAME ="" DATATYPE ="string" DESCRIPTION ="" FIELDNUMBER ="6" FIELDPROPERTY ="0" FIELDTYPE ="ELEMITEM" HIDDEN ="NO" KEYTYPE ="NOT A KEY" LENGTH ="250" LEVEL ="0" NAME ="DELETE_FLAG" NULLABLE ="NULL" OCCURS ="0" OFFSET ="1250" PHYSICALLENGTH ="250" PHYSICALOFFSET ="1250" PICTURETEXT ="" PRECISION ="250" SCALE ="0" USAGE_FLAGS =""/>
        <SOURCEFIELD BUSINESSNAME ="" DATATYPE ="string" DESCRIPTION ="" FIELDNUMBER ="7" FIELDPROPERTY ="0" FIELDTYPE ="ELEMITEM" HIDDEN ="NO" KEYTYPE ="NOT A KEY" LENGTH ="250" LEVEL ="0" NAME ="CREATED_ON" NULLABLE ="NULL" OCCURS ="0" OFFSET ="1500" PHYSICALLENGTH ="250" PHYSICALOFFSET ="1500" PICTURETEXT ="" PRECISION ="250" SCALE ="0" USAGE_FLAGS =""/>
        <SOURCEFIELD BUSINESSNAME ="" DATATYPE ="string" DESCRIPTION ="" FIELDNUMBER ="8" FIELDPROPERTY ="0" FIELDTYPE ="ELEMITEM" HIDDEN ="NO" KEYTYPE ="NOT A KEY" LENGTH ="250" LEVEL ="0" NAME ="CREATED_BY" NULLABLE ="NULL" OCCURS ="0" OFFSET ="1750" PHYSICALLENGTH ="250" PHYSICALOFFSET ="1750" PICTURETEXT ="" PRECISION ="250" SCALE ="0" USAGE_FLAGS =""/>
        <SOURCEFIELD BUSINESSNAME ="" DATATYPE ="string" DESCRIPTION ="" FIELDNUMBER ="9" FIELDPROPERTY ="0" FIELDTYPE ="ELEMITEM" HIDDEN ="NO" KEYTYPE ="NOT A KEY" LENGTH ="250" LEVEL ="0" NAME ="CHANGED_ON" NULLABLE ="NULL" OCCURS ="0" OFFSET ="2000" PHYSICALLENGTH ="250" PHYSICALOFFSET ="2000" PICTURETEXT ="" PRECISION ="250" SCALE ="0" USAGE_FLAGS =""/>
        <SOURCEFIELD BUSINESSNAME ="" DATATYPE ="string" DESCRIPTION ="" FIELDNUMBER ="10" FIELDPROPERTY ="0" FIELDTYPE ="ELEMITEM" HIDDEN ="NO" KEYTYPE ="NOT A KEY" LENGTH ="250" LEVEL ="0" NAME ="CHANGED_BY" NULLABLE ="NULL" OCCURS ="0" OFFSET ="2250" PHYSICALLENGTH ="250" PHYSICALOFFSET ="2250" PICTURETEXT ="" PRECISION ="250" SCALE ="0" USAGE_FLAGS =""/>
        <SOURCEFIELD BUSINESSNAME ="" DATATYPE ="string" DESCRIPTION ="" FIELDNUMBER ="11" FIELDPROPERTY ="0" FIELDTYPE ="ELEMITEM" HIDDEN ="NO" KEYTYPE ="NOT A KEY" LENGTH ="250" LEVEL ="0" NAME ="DATE_OF_LAST_POSTED" NULLABLE ="NULL" OCCURS ="0" OFFSET ="2500" PHYSICALLENGTH ="250" PHYSICALOFFSET ="2500" PICTURETEXT ="" PRECISION ="250" SCALE ="0" USAGE_FLAGS =""/>
        <SOURCEFIELD BUSINESSNAME ="" DATATYPE ="string" DESCRIPTION ="" FIELDNUMBER ="12" FIELDPROPERTY ="0" FIELDTYPE ="ELEMITEM" HIDDEN ="NO" KEYTYPE ="NOT A KEY" LENGTH ="250" LEVEL ="0" NAME ="VALUATED_STOCK_WITH_UNRESTRICTED_USE" NULLABLE ="NULL" OCCURS ="0" OFFSET ="2750" PHYSICALLENGTH ="250" PHYSICALOFFSET ="2750" PICTURETEXT ="" PRECISION ="250" SCALE ="0" USAGE_FLAGS =""/>
        <SOURCEFIELD BUSINESSNAME ="" DATATYPE ="string" DESCRIPTION ="" FIELDNUMBER ="13" FIELDPROPERTY ="0" FIELDTYPE ="ELEMITEM" HIDDEN ="NO" KEYTYPE ="NOT A KEY" LENGTH ="250" LEVEL ="0" NAME ="VALUATED_STOCK_WITH_UNRESTRICTED_USE_IN_PREVIOUS_PERIOD" NULLABLE ="NULL" OCCURS ="0" OFFSET ="3000" PHYSICALLENGTH ="250" PHYSICALOFFSET ="3000" PICTURETEXT ="" PRECISION ="250" SCALE ="0" USAGE_FLAGS =""/>
        <SOURCEFIELD BUSINESSNAME ="" DATATYPE ="string" DESCRIPTION ="" FIELDNUMBER ="14" FIELDPROPERTY ="0" FIELDTYPE ="ELEMITEM" HIDDEN ="NO" KEYTYPE ="NOT A KEY" LENGTH ="250" LEVEL ="0" NAME ="BLOCKED_STOCK" NULLABLE ="NULL" OCCURS ="0" OFFSET ="3250" PHYSICALLENGTH ="250" PHYSICALOFFSET ="3250" PICTURETEXT ="" PRECISION ="250" SCALE ="0" USAGE_FLAGS =""/>
        <SOURCEFIELD BUSINESSNAME ="" DATATYPE ="string" DESCRIPTION ="" FIELDNUMBER ="15" FIELDPROPERTY ="0" FIELDTYPE ="ELEMITEM" HIDDEN ="NO" KEYTYPE ="NOT A KEY" LENGTH ="250" LEVEL ="0" NAME ="BLOCKED_STOCK_IN_PREVIOUS_PERIOD" NULLABLE ="NULL" OCCURS ="0" OFFSET ="3500" PHYSICALLENGTH ="250" PHYSICALOFFSET ="3500" PICTURETEXT ="" PRECISION ="250" SCALE ="0" USAGE_FLAGS =""/>
        <SOURCEFIELD BUSINESSNAME ="" DATATYPE ="string" DESCRIPTION ="" FIELDNUMBER ="16" FIELDPROPERTY ="0" FIELDTYPE ="ELEMITEM" HIDDEN ="NO" KEYTYPE ="NOT A KEY" LENGTH ="250" LEVEL ="0" NAME ="BLOCKED_STOCK_RETURNS" NULLABLE ="NULL" OCCURS ="0" OFFSET ="3750" PHYSICALLENGTH ="250" PHYSICALOFFSET ="3750" PICTURETEXT ="" PRECISION ="250" SCALE ="0" USAGE_FLAGS =""/>
        <SOURCEFIELD BUSINESSNAME ="" DATATYPE ="string" DESCRIPTION ="" FIELDNUMBER ="17" FIELDPROPERTY ="0" FIELDTYPE ="ELEMITEM" HIDDEN ="NO" KEYTYPE ="NOT A KEY" LENGTH ="250" LEVEL ="0" NAME ="BLOCKED_STOCK_RETURNS_IN_PREVIOUS_PERIOD" NULLABLE ="NULL" OCCURS ="0" OFFSET ="4000" PHYSICALLENGTH ="250" PHYSICALOFFSET ="4000" PICTURETEXT ="" PRECISION ="250" SCALE ="0" USAGE_FLAGS =""/>
        <SOURCEFIELD BUSINESSNAME ="" DATATYPE ="string" DESCRIPTION ="" FIELDNUMBER ="18" FIELDPROPERTY ="0" FIELDTYPE ="ELEMITEM" HIDDEN ="NO" KEYTYPE ="NOT A KEY" LENGTH ="250" LEVEL ="0" NAME ="STOCK_IN_QUALITY_INSPECTION" NULLABLE ="NULL" OCCURS ="0" OFFSET ="4250" PHYSICALLENGTH ="250" PHYSICALOFFSET ="4250" PICTURETEXT ="" PRECISION ="250" SCALE ="0" USAGE_FLAGS =""/>
        <SOURCEFIELD BUSINESSNAME ="" DATATYPE ="string" DESCRIPTION ="" FIELDNUMBER ="19" FIELDPROPERTY ="0" FIELDTYPE ="ELEMITEM" HIDDEN ="NO" KEYTYPE ="NOT A KEY" LENGTH ="250" LEVEL ="0" NAME ="STOCK_IN_QUALITY_INSPECTION_IN_PREVIOUS_PERIOD" NULLABLE ="NULL" OCCURS ="0" OFFSET ="4500" PHYSICALLENGTH ="250" PHYSICALOFFSET ="4500" PICTURETEXT ="" PRECISION ="250" SCALE ="0" USAGE_FLAGS =""/>
        <SOURCEFIELD BUSINESSNAME ="" DATATYPE ="string" DESCRIPTION ="" FIELDNUMBER ="20" FIELDPROPERTY ="0" FIELDTYPE ="ELEMITEM" HIDDEN ="NO" KEYTYPE ="NOT A KEY" LENGTH ="250" LEVEL ="0" NAME ="STOCK_IN_TRANSFER" NULLABLE ="NULL" OCCURS ="0" OFFSET ="4750" PHYSICALLENGTH ="250" PHYSICALOFFSET ="4750" PICTURETEXT ="" PRECISION ="250" SCALE ="0" USAGE_FLAGS =""/>
        <SOURCEFIELD BUSINESSNAME ="" DATATYPE ="string" DESCRIPTION ="" FIELDNUMBER ="21" FIELDPROPERTY ="0" FIELDTYPE ="ELEMITEM" HIDDEN ="NO" KEYTYPE ="NOT A KEY" LENGTH ="250" LEVEL ="0" NAME ="STOCK_IN_TRANSFER_IN_PREVIOUS_PERIOD" NULLABLE ="NULL" OCCURS ="0" OFFSET ="5000" PHYSICALLENGTH ="250" PHYSICALOFFSET ="5000" PICTURETEXT ="" PRECISION ="250" SCALE ="0" USAGE_FLAGS =""/>
        <SOURCEFIELD BUSINESSNAME ="" DATATYPE ="string" DESCRIPTION ="" FIELDNUMBER ="22" FIELDPROPERTY ="0" FIELDTYPE ="ELEMITEM" HIDDEN ="NO" KEYTYPE ="NOT A KEY" LENGTH ="250" LEVEL ="0" NAME ="TOTAL_STOCK_OF_ALL_RESTRICTED_BATCHES" NULLABLE ="NULL" OCCURS ="0" OFFSET ="5250" PHYSICALLENGTH ="250" PHYSICALOFFSET ="5250" PICTURETEXT ="" PRECISION ="250" SCALE ="0" USAGE_FLAGS =""/>
        <SOURCEFIELD BUSINESSNAME ="" DATATYPE ="string" DESCRIPTION ="" FIELDNUMBER ="23" FIELDPROPERTY ="0" FIELDTYPE ="ELEMITEM" HIDDEN ="NO" KEYTYPE ="NOT A KEY" LENGTH ="250" LEVEL ="0" NAME ="TOTAL_STOCK_OF_ALL_RESTRICTED_BATCHES_IN_PREVIOUS_PERIOD" NULLABLE ="NULL" OCCURS ="0" OFFSET ="5500" PHYSICALLENGTH ="250" PHYSICALOFFSET ="5500" PICTURETEXT ="" PRECISION ="250" SCALE ="0" USAGE_FLAGS =""/>
        <SOURCEFIELD BUSINESSNAME ="" DATATYPE ="string" DESCRIPTION ="" FIELDNUMBER ="24" FIELDPROPERTY ="0" FIELDTYPE ="ELEMITEM" HIDDEN ="NO" KEYTYPE ="NOT A KEY" LENGTH ="250" LEVEL ="0" NAME ="AFS_FIXED_RESERVED_Q" NULLABLE ="NULL" OCCURS ="0" OFFSET ="5750" PHYSICALLENGTH ="250" PHYSICALOFFSET ="5750" PICTURETEXT ="" PRECISION ="250" SCALE ="0" USAGE_FLAGS =""/>
        <SOURCEFIELD BUSINESSNAME ="" DATATYPE ="string" DESCRIPTION ="" FIELDNUMBER ="25" FIELDPROPERTY ="0" FIELDTYPE ="ELEMITEM" HIDDEN ="NO" KEYTYPE ="NOT A KEY" LENGTH ="250" LEVEL ="0" NAME ="BASE_UNIT_OF_MEASURE" NULLABLE ="NULL" OCCURS ="0" OFFSET ="6000" PHYSICALLENGTH ="250" PHYSICALOFFSET ="6000" PICTURETEXT ="" PRECISION ="250" SCALE ="0" USAGE_FLAGS =""/>
    </SOURCE>
    <TARGET BUSINESSNAME ="" CONSTRAINT ="" DATABASETYPE ="Oracle" DESCRIPTION ="Target Instance for STG_S4_PHYSICAL_INVENTORY" NAME ="STG_S4_PHYSICAL_INVENTORY" OBJECTVERSION ="1" TABLEOPTIONS ="" VERSIONNUMBER ="1">
        <TARGETFIELD BUSINESSNAME ="" DATATYPE ="varchar2" DESCRIPTION ="" FIELDNUMBER ="1" KEYTYPE ="NOT A KEY" NAME ="MATERIAL" NULLABLE ="NULL" PICTURETEXT ="" PRECISION ="18" SCALE ="0"/>
        <TARGETFIELD BUSINESSNAME ="" DATATYPE ="varchar2" DESCRIPTION ="" FIELDNUMBER ="2" KEYTYPE ="NOT A KEY" NAME ="PLANT" NULLABLE ="NULL" PICTURETEXT ="" PRECISION ="4" SCALE ="0"/>
        <TARGETFIELD BUSINESSNAME ="" DATATYPE ="varchar2" DESCRIPTION ="" FIELDNUMBER ="3" KEYTYPE ="NOT A KEY" NAME ="STORAGELOCATION" NULLABLE ="NULL" PICTURETEXT ="" PRECISION ="4" SCALE ="0"/>
        <TARGETFIELD BUSINESSNAME ="" DATATYPE ="varchar2" DESCRIPTION ="" FIELDNUMBER ="4" KEYTYPE ="NOT A KEY" NAME ="BATCHNUMBER" NULLABLE ="NULL" PICTURETEXT ="" PRECISION ="10" SCALE ="0"/>
        <TARGETFIELD BUSINESSNAME ="" DATATYPE ="varchar2" DESCRIPTION ="" FIELDNUMBER ="5" KEYTYPE ="NOT A KEY" NAME ="AFSGRIDVALUE" NULLABLE ="NULL" PICTURETEXT ="" PRECISION ="8" SCALE ="0"/>
        <TARGETFIELD BUSINESSNAME ="" DATATYPE ="varchar2" DESCRIPTION ="" FIELDNUMBER ="6" KEYTYPE ="NOT A KEY" NAME ="DELETEFLAG" NULLABLE ="NULL" PICTURETEXT ="" PRECISION ="1" SCALE ="0"/>
        <TARGETFIELD BUSINESSNAME ="" DATATYPE ="date" DESCRIPTION ="" FIELDNUMBER ="7" KEYTYPE ="NOT A KEY" NAME ="CREATEDON" NULLABLE ="NULL" PICTURETEXT ="" PRECISION ="19" SCALE ="0"/>
        <TARGETFIELD BUSINESSNAME ="" DATATYPE ="varchar2" DESCRIPTION ="" FIELDNUMBER ="8" KEYTYPE ="NOT A KEY" NAME ="CREATEDBY" NULLABLE ="NULL" PICTURETEXT ="" PRECISION ="12" SCALE ="0"/>
        <TARGETFIELD BUSINESSNAME ="" DATATYPE ="date" DESCRIPTION ="" FIELDNUMBER ="9" KEYTYPE ="NOT A KEY" NAME ="CHANGEDON" NULLABLE ="NULL" PICTURETEXT ="" PRECISION ="19" SCALE ="0"/>
        <TARGETFIELD BUSINESSNAME ="" DATATYPE ="varchar2" DESCRIPTION ="" FIELDNUMBER ="10" KEYTYPE ="NOT A KEY" NAME ="CHANGEDBY" NULLABLE ="NULL" PICTURETEXT ="" PRECISION ="12" SCALE ="0"/>
        <TARGETFIELD BUSINESSNAME ="" DATATYPE ="date" DESCRIPTION ="" FIELDNUMBER ="11" KEYTYPE ="NOT A KEY" NAME ="DATELASTPOSTED" NULLABLE ="NULL" PICTURETEXT ="" PRECISION ="19" SCALE ="0"/>
        <TARGETFIELD BUSINESSNAME ="" DATATYPE ="number(p,s)" DESCRIPTION ="" FIELDNUMBER ="12" KEYTYPE ="NOT A KEY" NAME ="VALUATEDSTKUNRESTRICT" NULLABLE ="NULL" PICTURETEXT ="" PRECISION ="13" SCALE ="3"/>
        <TARGETFIELD BUSINESSNAME ="" DATATYPE ="number(p,s)" DESCRIPTION ="" FIELDNUMBER ="13" KEYTYPE ="NOT A KEY" NAME ="VALUATEDSTKUNRESTRICTPREVIOUS" NULLABLE ="NULL" PICTURETEXT ="" PRECISION ="13" SCALE ="3"/>
        <TARGETFIELD BUSINESSNAME ="" DATATYPE ="number(p,s)" DESCRIPTION ="" FIELDNUMBER ="14" KEYTYPE ="NOT A KEY" NAME ="BLOCKEDSTK" NULLABLE ="NULL" PICTURETEXT ="" PRECISION ="13" SCALE ="3"/>
        <TARGETFIELD BUSINESSNAME ="" DATATYPE ="number(p,s)" DESCRIPTION ="" FIELDNUMBER ="15" KEYTYPE ="NOT A KEY" NAME ="BLOCKEDSTKPREVIOUS" NULLABLE ="NULL" PICTURETEXT ="" PRECISION ="13" SCALE ="3"/>
        <TARGETFIELD BUSINESSNAME ="" DATATYPE ="number(p,s)" DESCRIPTION ="" FIELDNUMBER ="16" KEYTYPE ="NOT A KEY" NAME ="BLOCKEDSTKRETURNS" NULLABLE ="NULL" PICTURETEXT ="" PRECISION ="13" SCALE ="3"/>
        <TARGETFIELD BUSINESSNAME ="" DATATYPE ="number(p,s)" DESCRIPTION ="" FIELDNUMBER ="17" KEYTYPE ="NOT A KEY" NAME ="BLOCKEDSTKRETURNSPREVIOUS" NULLABLE ="NULL" PICTURETEXT ="" PRECISION ="13" SCALE ="3"/>
        <TARGETFIELD BUSINESSNAME ="" DATATYPE ="number(p,s)" DESCRIPTION ="" FIELDNUMBER ="18" KEYTYPE ="NOT A KEY" NAME ="STKQUALITYINSPECTION" NULLABLE ="NULL" PICTURETEXT ="" PRECISION ="13" SCALE ="3"/>
        <TARGETFIELD BUSINESSNAME ="" DATATYPE ="number(p,s)" DESCRIPTION ="" FIELDNUMBER ="19" KEYTYPE ="NOT A KEY" NAME ="STKQUALITYINSPECTIONPREVIOUS" NULLABLE ="NULL" PICTURETEXT ="" PRECISION ="13" SCALE ="3"/>
        <TARGETFIELD BUSINESSNAME ="" DATATYPE ="number(p,s)" DESCRIPTION ="" FIELDNUMBER ="20" KEYTYPE ="NOT A KEY" NAME ="STKTRANSFER" NULLABLE ="NULL" PICTURETEXT ="" PRECISION ="13" SCALE ="3"/>
        <TARGETFIELD BUSINESSNAME ="" DATATYPE ="number(p,s)" DESCRIPTION ="" FIELDNUMBER ="21" KEYTYPE ="NOT A KEY" NAME ="STKTRANSFERPREVIOUS" NULLABLE ="NULL" PICTURETEXT ="" PRECISION ="13" SCALE ="3"/>
        <TARGETFIELD BUSINESSNAME ="" DATATYPE ="number(p,s)" DESCRIPTION ="" FIELDNUMBER ="22" KEYTYPE ="NOT A KEY" NAME ="TTLSTKRESTRICTEDBATCH" NULLABLE ="NULL" PICTURETEXT ="" PRECISION ="13" SCALE ="3"/>
        <TARGETFIELD BUSINESSNAME ="" DATATYPE ="number(p,s)" DESCRIPTION ="" FIELDNUMBER ="23" KEYTYPE ="NOT A KEY" NAME ="TTLSTKRESTRICTEDBATCHPREVIOUS" NULLABLE ="NULL" PICTURETEXT ="" PRECISION ="13" SCALE ="3"/>
        <TARGETFIELD BUSINESSNAME ="" DATATYPE ="number(p,s)" DESCRIPTION ="" FIELDNUMBER ="24" KEYTYPE ="NOT A KEY" NAME ="AFSFIXEDRESERVEDQ" NULLABLE ="NULL" PICTURETEXT ="" PRECISION ="13" SCALE ="3"/>
        <TARGETFIELD BUSINESSNAME ="" DATATYPE ="varchar2" DESCRIPTION ="" FIELDNUMBER ="25" KEYTYPE ="NOT A KEY" NAME ="BASEUNITMEASURE" NULLABLE ="NULL" PICTURETEXT ="" PRECISION ="3" SCALE ="0"/>
        <TARGETFIELD BUSINESSNAME ="" DATATYPE ="date" DESCRIPTION ="" FIELDNUMBER ="26" KEYTYPE ="NOT A KEY" NAME ="CREATEDDATE" NULLABLE ="NULL" PICTURETEXT ="" PRECISION ="19" SCALE ="0"/>
        <TARGETFIELD BUSINESSNAME ="" DATATYPE ="date" DESCRIPTION ="" FIELDNUMBER ="27" KEYTYPE ="NOT A KEY" NAME ="MODIFIEDDATE" NULLABLE ="NULL" PICTURETEXT ="" PRECISION ="19" SCALE ="0"/>
    </TARGET>
    <TRANSFORMATION DESCRIPTION ="Stored procudure to truncate stg table." NAME ="PR_TRUNC_STG_TBLS" OBJECTVERSION ="1" REUSABLE ="YES" TYPE ="Stored Procedure" VERSIONNUMBER ="1">
        <TRANSFORMFIELD DATATYPE ="string" DEFAULTVALUE ="" DESCRIPTION ="" NAME ="I_TABLE_NAME" PICTURETEXT ="" PORTTYPE ="INPUT" PRECISION ="4000" SCALE ="0"/>
        <TABLEATTRIBUTE NAME ="Stored Procedure Name" VALUE ="PR_TRUNC_STG_TBLS"/>
        <TABLEATTRIBUTE NAME ="Connection Information" VALUE ="SLBADW"/>
        <TABLEATTRIBUTE NAME ="Call Text" VALUE ="PR_TRUNC_STG_TBLS(STG_RMLCA_SS_Production)"/>
        <TABLEATTRIBUTE NAME ="Stored Procedure Type" VALUE ="Target Pre Load "/>
        <TABLEATTRIBUTE NAME ="Execution Order" VALUE ="1"/>
        <TABLEATTRIBUTE NAME ="Tracing Level" VALUE ="Normal"/>
        <TABLEATTRIBUTE NAME ="Subsecond Precision" VALUE ="6"/>
        <TABLEATTRIBUTE NAME ="Output is Repeatable" VALUE ="Based On Input Order"/>
        <TABLEATTRIBUTE NAME ="Output is Deterministic" VALUE ="NO"/>
    </TRANSFORMATION>
    <MAPPING DESCRIPTION ="Mapping to load data from DWC_ZSAPBW_DOM_PHYSICAL_INVENTORY.CSV to STG_S4_PHYSICAL_INVENTORY" ISVALID ="YES" NAME ="m_STG_S4_PHYSICAL_INV" OBJECTVERSION ="1" VERSIONNUMBER ="1">
        <TRANSFORMATION DESCRIPTION ="Expression to convert the data type for fields as per the target fields." NAME ="EXP_DEFAULT" OBJECTVERSION ="1" REUSABLE ="NO" TYPE ="Expression" VERSIONNUMBER ="1">
            <TRANSFORMFIELD DATATYPE ="string" DEFAULTVALUE ="" DESCRIPTION ="" NAME ="I_MATERIAL" PICTURETEXT ="" PORTTYPE ="INPUT" PRECISION ="250" SCALE ="0"/>
            <TRANSFORMFIELD DATATYPE ="string" DEFAULTVALUE ="" DESCRIPTION ="" NAME ="I_PLANT" PICTURETEXT ="" PORTTYPE ="INPUT" PRECISION ="250" SCALE ="0"/>
            <TRANSFORMFIELD DATATYPE ="string" DEFAULTVALUE ="" DESCRIPTION ="" NAME ="I_STORAGE_LOCATION" PICTURETEXT ="" PORTTYPE ="INPUT" PRECISION ="250" SCALE ="0"/>
            <TRANSFORMFIELD DATATYPE ="string" DEFAULTVALUE ="" DESCRIPTION ="" NAME ="I_BATCH_NUMBER" PICTURETEXT ="" PORTTYPE ="INPUT" PRECISION ="250" SCALE ="0"/>
            <TRANSFORMFIELD DATATYPE ="string" DEFAULTVALUE ="" DESCRIPTION ="" NAME ="I_AFS_GRID_VALUE" PICTURETEXT ="" PORTTYPE ="INPUT" PRECISION ="250" SCALE ="0"/>
            <TRANSFORMFIELD DATATYPE ="string" DEFAULTVALUE ="" DESCRIPTION ="" NAME ="I_DELETE_FLAG" PICTURETEXT ="" PORTTYPE ="INPUT" PRECISION ="250" SCALE ="0"/>
            <TRANSFORMFIELD DATATYPE ="string" DEFAULTVALUE ="" DESCRIPTION ="" NAME ="I_CREATED_ON" PICTURETEXT ="" PORTTYPE ="INPUT" PRECISION ="250" SCALE ="0"/>
            <TRANSFORMFIELD DATATYPE ="string" DEFAULTVALUE ="" DESCRIPTION ="" NAME ="I_CREATED_BY" PICTURETEXT ="" PORTTYPE ="INPUT" PRECISION ="250" SCALE ="0"/>
            <TRANSFORMFIELD DATATYPE ="string" DEFAULTVALUE ="" DESCRIPTION ="" NAME ="I_CHANGED_ON" PICTURETEXT ="" PORTTYPE ="INPUT" PRECISION ="250" SCALE ="0"/>
            <TRANSFORMFIELD DATATYPE ="string" DEFAULTVALUE ="" DESCRIPTION ="" NAME ="I_CHANGED_BY" PICTURETEXT ="" PORTTYPE ="INPUT" PRECISION ="250" SCALE ="0"/>
            <TRANSFORMFIELD DATATYPE ="string" DEFAULTVALUE ="" DESCRIPTION ="" NAME ="I_DATE_OF_LAST_POSTED" PICTURETEXT ="" PORTTYPE ="INPUT" PRECISION ="250" SCALE ="0"/>
            <TRANSFORMFIELD DATATYPE ="string" DEFAULTVALUE ="" DESCRIPTION ="" NAME ="I_VALUATED_STOCK_WITH_UNRESTRICTED_USE" PICTURETEXT ="" PORTTYPE ="INPUT" PRECISION ="250" SCALE ="0"/>
            <TRANSFORMFIELD DATATYPE ="string" DEFAULTVALUE ="" DESCRIPTION ="" NAME ="I_VALUATED_STOCK_WITH_UNRESTRICTED_USE_IN_PREVIOUS_PERIOD" PICTURETEXT ="" PORTTYPE ="INPUT" PRECISION ="250" SCALE ="0"/>
            <TRANSFORMFIELD DATATYPE ="string" DEFAULTVALUE ="" DESCRIPTION ="" NAME ="I_BLOCKED_STOCK" PICTURETEXT ="" PORTTYPE ="INPUT" PRECISION ="250" SCALE ="0"/>
            <TRANSFORMFIELD DATATYPE ="string" DEFAULTVALUE ="" DESCRIPTION ="" NAME ="I_BLOCKED_STOCK_IN_PREVIOUS_PERIOD" PICTURETEXT ="" PORTTYPE ="INPUT" PRECISION ="250" SCALE ="0"/>
            <TRANSFORMFIELD DATATYPE ="string" DEFAULTVALUE ="" DESCRIPTION ="" NAME ="I_BLOCKED_STOCK_RETURNS" PICTURETEXT ="" PORTTYPE ="INPUT" PRECISION ="250" SCALE ="0"/>
            <TRANSFORMFIELD DATATYPE ="string" DEFAULTVALUE ="" DESCRIPTION ="" NAME ="I_BLOCKED_STOCK_RETURNS_IN_PREVIOUS_PERIOD" PICTURETEXT ="" PORTTYPE ="INPUT" PRECISION ="250" SCALE ="0"/>
            <TRANSFORMFIELD DATATYPE ="string" DEFAULTVALUE ="" DESCRIPTION ="" NAME ="I_STOCK_IN_QUALITY_INSPECTION" PICTURETEXT ="" PORTTYPE ="INPUT" PRECISION ="250" SCALE ="0"/>
            <TRANSFORMFIELD DATATYPE ="string" DEFAULTVALUE ="" DESCRIPTION ="" NAME ="I_STOCK_IN_QUALITY_INSPECTION_IN_PREVIOUS_PERIOD" PICTURETEXT ="" PORTTYPE ="INPUT" PRECISION ="250" SCALE ="0"/>
            <TRANSFORMFIELD DATATYPE ="string" DEFAULTVALUE ="" DESCRIPTION ="" NAME ="I_STOCK_IN_TRANSFER" PICTURETEXT ="" PORTTYPE ="INPUT" PRECISION ="250" SCALE ="0"/>
            <TRANSFORMFIELD DATATYPE ="string" DEFAULTVALUE ="" DESCRIPTION ="" NAME ="I_STOCK_IN_TRANSFER_IN_PREVIOUS_PERIOD" PICTURETEXT ="" PORTTYPE ="INPUT" PRECISION ="250" SCALE ="0"/>
            <TRANSFORMFIELD DATATYPE ="string" DEFAULTVALUE ="" DESCRIPTION ="" NAME ="I_TOTAL_STOCK_OF_ALL_RESTRICTED_BATCHES" PICTURETEXT ="" PORTTYPE ="INPUT" PRECISION ="250" SCALE ="0"/>
            <TRANSFORMFIELD DATATYPE ="string" DEFAULTVALUE ="" DESCRIPTION ="" NAME ="I_TOTAL_STOCK_OF_ALL_RESTRICTED_BATCHES_IN_PREVIOUS_PERIOD" PICTURETEXT ="" PORTTYPE ="INPUT" PRECISION ="250" SCALE ="0"/>
            <TRANSFORMFIELD DATATYPE ="string" DEFAULTVALUE ="" DESCRIPTION ="" NAME ="I_AFS_FIXED_RESERVED_Q" PICTURETEXT ="" PORTTYPE ="INPUT" PRECISION ="250" SCALE ="0"/>
            <TRANSFORMFIELD DATATYPE ="string" DEFAULTVALUE ="" DESCRIPTION ="" NAME ="I_BASE_UNIT_OF_MEASURE" PICTURETEXT ="" PORTTYPE ="INPUT" PRECISION ="250" SCALE ="0"/>
            <TRANSFORMFIELD DATATYPE ="string" DEFAULTVALUE ="ERROR(&apos;transformation error&apos;)" DESCRIPTION ="" EXPRESSION ="LTRIM(RTRIM(I_MATERIAL))" EXPRESSIONTYPE ="GENERAL" NAME ="O_MATERIAL" PICTURETEXT ="" PORTTYPE ="OUTPUT" PRECISION ="18" SCALE ="0"/>
            <TRANSFORMFIELD DATATYPE ="string" DEFAULTVALUE ="ERROR(&apos;transformation error&apos;)" DESCRIPTION ="" EXPRESSION ="LTRIM(RTRIM(I_PLANT))" EXPRESSIONTYPE ="GENERAL" NAME ="O_PLANT" PICTURETEXT ="" PORTTYPE ="OUTPUT" PRECISION ="4" SCALE ="0"/>
            <TRANSFORMFIELD DATATYPE ="string" DEFAULTVALUE ="ERROR(&apos;transformation error&apos;)" DESCRIPTION ="" EXPRESSION ="LTRIM(RTRIM(I_STORAGE_LOCATION))" EXPRESSIONTYPE ="GENERAL" NAME ="O_STORAGELOCATION" PICTURETEXT ="" PORTTYPE ="OUTPUT" PRECISION ="4" SCALE ="0"/>
            <TRANSFORMFIELD DATATYPE ="string" DEFAULTVALUE ="ERROR(&apos;transformation error&apos;)" DESCRIPTION ="" EXPRESSION ="LTRIM(RTRIM(I_BATCH_NUMBER))" EXPRESSIONTYPE ="GENERAL" NAME ="O_BATCHNUMBER" PICTURETEXT ="" PORTTYPE ="OUTPUT" PRECISION ="10" SCALE ="0"/>
            <TRANSFORMFIELD DATATYPE ="string" DEFAULTVALUE ="ERROR(&apos;transformation error&apos;)" DESCRIPTION ="" EXPRESSION ="LTRIM(RTRIM(I_AFS_GRID_VALUE))" EXPRESSIONTYPE ="GENERAL" NAME ="O_AFSGRIDVALUE" PICTURETEXT ="" PORTTYPE ="OUTPUT" PRECISION ="8" SCALE ="0"/>
            <TRANSFORMFIELD DATATYPE ="string" DEFAULTVALUE ="ERROR(&apos;transformation error&apos;)" DESCRIPTION ="" EXPRESSION ="LTRIM(RTRIM(I_DELETE_FLAG))" EXPRESSIONTYPE ="GENERAL" NAME ="O_DELETEFLAG" PICTURETEXT ="" PORTTYPE ="OUTPUT" PRECISION ="1" SCALE ="0"/>
            <TRANSFORMFIELD DATATYPE ="date/time" DEFAULTVALUE ="ERROR(&apos;transformation error&apos;)" DESCRIPTION ="" EXPRESSION ="TO_DATE(I_CREATED_ON,&apos;YYYYMMDD&apos;)" EXPRESSIONTYPE ="GENERAL" NAME ="O_CREATEDON" PICTURETEXT ="" PORTTYPE ="OUTPUT" PRECISION ="29" SCALE ="9"/>
            <TRANSFORMFIELD DATATYPE ="string" DEFAULTVALUE ="ERROR(&apos;transformation error&apos;)" DESCRIPTION ="" EXPRESSION ="LTRIM(RTRIM(I_CREATED_BY))" EXPRESSIONTYPE ="GENERAL" NAME ="O_CREATEDBY" PICTURETEXT ="" PORTTYPE ="OUTPUT" PRECISION ="12" SCALE ="0"/>
            <TRANSFORMFIELD DATATYPE ="date/time" DEFAULTVALUE ="ERROR(&apos;transformation error&apos;)" DESCRIPTION ="" EXPRESSION ="IIF(I_CHANGED_ON=&apos;00000000&apos;,NULL,TO_DATE(I_CHANGED_ON,&apos;YYYYMMDD&apos;))" EXPRESSIONTYPE ="GENERAL" NAME ="O_CHANGEDON" PICTURETEXT ="" PORTTYPE ="OUTPUT" PRECISION ="29" SCALE ="9"/>
            <TRANSFORMFIELD DATATYPE ="string" DEFAULTVALUE ="ERROR(&apos;transformation error&apos;)" DESCRIPTION ="" EXPRESSION ="LTRIM(RTRIM(I_CHANGED_BY))" EXPRESSIONTYPE ="GENERAL" NAME ="O_CHANGEDBY" PICTURETEXT ="" PORTTYPE ="OUTPUT" PRECISION ="12" SCALE ="0"/>
            <TRANSFORMFIELD DATATYPE ="date/time" DEFAULTVALUE ="ERROR(&apos;transformation error&apos;)" DESCRIPTION ="" EXPRESSION ="IIF(I_DATE_OF_LAST_POSTED=&apos;00000000&apos;,NULL,TO_DATE(I_DATE_OF_LAST_POSTED,&apos;YYYYMMDD&apos;))" EXPRESSIONTYPE ="GENERAL" NAME ="O_DATELASTPOSTED" PICTURETEXT ="" PORTTYPE ="OUTPUT" PRECISION ="29" SCALE ="9"/>
            <TRANSFORMFIELD DATATYPE ="decimal" DEFAULTVALUE ="ERROR(&apos;transformation error&apos;)" DESCRIPTION ="" EXPRESSION ="TO_DECIMAL(I_VALUATED_STOCK_WITH_UNRESTRICTED_USE,3)" EXPRESSIONTYPE ="GENERAL" NAME ="O_VALUATEDSTKUNRESTRICT" PICTURETEXT ="" PORTTYPE ="OUTPUT" PRECISION ="13" SCALE ="3"/>
            <TRANSFORMFIELD DATATYPE ="decimal" DEFAULTVALUE ="ERROR(&apos;transformation error&apos;)" DESCRIPTION ="" EXPRESSION ="TO_DECIMAL(I_VALUATED_STOCK_WITH_UNRESTRICTED_USE_IN_PREVIOUS_PERIOD,3)" EXPRESSIONTYPE ="GENERAL" NAME ="O_VALUATEDSTKUNRESTRICTPREVIOUS" PICTURETEXT ="" PORTTYPE ="OUTPUT" PRECISION ="13" SCALE ="3"/>
            <TRANSFORMFIELD DATATYPE ="decimal" DEFAULTVALUE ="ERROR(&apos;transformation error&apos;)" DESCRIPTION ="" EXPRESSION ="TO_DECIMAL(I_BLOCKED_STOCK,3)" EXPRESSIONTYPE ="GENERAL" NAME ="O_BLOCKEDSTK" PICTURETEXT ="" PORTTYPE ="OUTPUT" PRECISION ="13" SCALE ="3"/>
            <TRANSFORMFIELD DATATYPE ="decimal" DEFAULTVALUE ="ERROR(&apos;transformation error&apos;)" DESCRIPTION ="" EXPRESSION ="TO_DECIMAL(I_BLOCKED_STOCK_IN_PREVIOUS_PERIOD,3)" EXPRESSIONTYPE ="GENERAL" NAME ="O_BLOCKEDSTKPREVIOUS" PICTURETEXT ="" PORTTYPE ="OUTPUT" PRECISION ="13" SCALE ="3"/>
            <TRANSFORMFIELD DATATYPE ="decimal" DEFAULTVALUE ="ERROR(&apos;transformation error&apos;)" DESCRIPTION ="" EXPRESSION ="TO_DECIMAL(I_BLOCKED_STOCK_RETURNS,3)" EXPRESSIONTYPE ="GENERAL" NAME ="O_BLOCKEDSTKRETURNS" PICTURETEXT ="" PORTTYPE ="OUTPUT" PRECISION ="13" SCALE ="3"/>
            <TRANSFORMFIELD DATATYPE ="decimal" DEFAULTVALUE ="ERROR(&apos;transformation error&apos;)" DESCRIPTION ="" EXPRESSION ="TO_DECIMAL(I_BLOCKED_STOCK_RETURNS_IN_PREVIOUS_PERIOD,3)" EXPRESSIONTYPE ="GENERAL" NAME ="O_BLOCKEDSTKRETURNSPREVIOUS" PICTURETEXT ="" PORTTYPE ="OUTPUT" PRECISION ="13" SCALE ="3"/>
            <TRANSFORMFIELD DATATYPE ="decimal" DEFAULTVALUE ="ERROR(&apos;transformation error&apos;)" DESCRIPTION ="" EXPRESSION ="TO_DECIMAL(I_STOCK_IN_QUALITY_INSPECTION,3)" EXPRESSIONTYPE ="GENERAL" NAME ="O_STKQUALITYINSPECTION" PICTURETEXT ="" PORTTYPE ="OUTPUT" PRECISION ="13" SCALE ="3"/>
            <TRANSFORMFIELD DATATYPE ="decimal" DEFAULTVALUE ="ERROR(&apos;transformation error&apos;)" DESCRIPTION ="" EXPRESSION ="TO_DECIMAL(I_STOCK_IN_QUALITY_INSPECTION_IN_PREVIOUS_PERIOD,3)" EXPRESSIONTYPE ="GENERAL" NAME ="O_STKQUALITYINSPECTIONPREVIOUS" PICTURETEXT ="" PORTTYPE ="OUTPUT" PRECISION ="13" SCALE ="3"/>
            <TRANSFORMFIELD DATATYPE ="decimal" DEFAULTVALUE ="ERROR(&apos;transformation error&apos;)" DESCRIPTION ="" EXPRESSION ="TO_DECIMAL(I_STOCK_IN_TRANSFER,3)" EXPRESSIONTYPE ="GENERAL" NAME ="O_STKTRANSFER" PICTURETEXT ="" PORTTYPE ="OUTPUT" PRECISION ="13" SCALE ="3"/>
            <TRANSFORMFIELD DATATYPE ="decimal" DEFAULTVALUE ="ERROR(&apos;transformation error&apos;)" DESCRIPTION ="" EXPRESSION ="TO_DECIMAL(I_STOCK_IN_TRANSFER_IN_PREVIOUS_PERIOD,3)" EXPRESSIONTYPE ="GENERAL" NAME ="O_STKTRANSFERPREVIOUS" PICTURETEXT ="" PORTTYPE ="OUTPUT" PRECISION ="13" SCALE ="3"/>
            <TRANSFORMFIELD DATATYPE ="decimal" DEFAULTVALUE ="ERROR(&apos;transformation error&apos;)" DESCRIPTION ="" EXPRESSION ="TO_DECIMAL(I_TOTAL_STOCK_OF_ALL_RESTRICTED_BATCHES,3)" EXPRESSIONTYPE ="GENERAL" NAME ="O_TTLSTKRESTRICTEDBATCH" PICTURETEXT ="" PORTTYPE ="OUTPUT" PRECISION ="13" SCALE ="3"/>
            <TRANSFORMFIELD DATATYPE ="decimal" DEFAULTVALUE ="ERROR(&apos;transformation error&apos;)" DESCRIPTION ="" EXPRESSION ="TO_DECIMAL(I_TOTAL_STOCK_OF_ALL_RESTRICTED_BATCHES_IN_PREVIOUS_PERIOD,3)" EXPRESSIONTYPE ="GENERAL" NAME ="O_TTLSTKRESTRICTEDBATCHPREVIOUS" PICTURETEXT ="" PORTTYPE ="OUTPUT" PRECISION ="13" SCALE ="3"/>
            <TRANSFORMFIELD DATATYPE ="decimal" DEFAULTVALUE ="ERROR(&apos;transformation error&apos;)" DESCRIPTION ="" EXPRESSION ="TO_DECIMAL(I_AFS_FIXED_RESERVED_Q,3)" EXPRESSIONTYPE ="GENERAL" NAME ="O_AFSFIXEDRESERVEDQ" PICTURETEXT ="" PORTTYPE ="OUTPUT" PRECISION ="13" SCALE ="3"/>
            <TRANSFORMFIELD DATATYPE ="string" DEFAULTVALUE ="ERROR(&apos;transformation error&apos;)" DESCRIPTION ="" EXPRESSION ="LTRIM(RTRIM(I_BASE_UNIT_OF_MEASURE))" EXPRESSIONTYPE ="GENERAL" NAME ="O_BASEUNITMEASURE" PICTURETEXT ="" PORTTYPE ="OUTPUT" PRECISION ="3" SCALE ="0"/>
            <TRANSFORMFIELD DATATYPE ="date/time" DEFAULTVALUE ="ERROR(&apos;transformation error&apos;)" DESCRIPTION ="" EXPRESSION ="SESSSTARTTIME" EXPRESSIONTYPE ="GENERAL" NAME ="O_CREATEDDATE" PICTURETEXT ="" PORTTYPE ="OUTPUT" PRECISION ="29" SCALE ="9"/>
            <TRANSFORMFIELD DATATYPE ="date/time" DEFAULTVALUE ="ERROR(&apos;transformation error&apos;)" DESCRIPTION ="" EXPRESSION ="SESSSTARTTIME" EXPRESSIONTYPE ="GENERAL" NAME ="O_MODIFIEDDATE" PICTURETEXT ="" PORTTYPE ="OUTPUT" PRECISION ="29" SCALE ="9"/>
            <TABLEATTRIBUTE NAME ="Tracing Level" VALUE ="Normal"/>
        </TRANSFORMATION>
        <TRANSFORMATION DESCRIPTION ="SQ for Flat File source DWC_ZSAPBW_DOM_PHYSICAL_INVENTORY" NAME ="SQ_FF_DWC_ZSAPBW_DOM_PHYSICAL_INV" OBJECTVERSION ="1" REUSABLE ="NO" TYPE ="Source Qualifier" VERSIONNUMBER ="1">
            <TRANSFORMFIELD DATATYPE ="string" DEFAULTVALUE ="" DESCRIPTION ="" NAME ="MATERIAL" PICTURETEXT ="" PORTTYPE ="INPUT/OUTPUT" PRECISION ="250" SCALE ="0"/>
            <TRANSFORMFIELD DATATYPE ="string" DEFAULTVALUE ="" DESCRIPTION ="" NAME ="PLANT" PICTURETEXT ="" PORTTYPE ="INPUT/OUTPUT" PRECISION ="250" SCALE ="0"/>
            <TRANSFORMFIELD DATATYPE ="string" DEFAULTVALUE ="" DESCRIPTION ="" NAME ="STORAGE_LOCATION" PICTURETEXT ="" PORTTYPE ="INPUT/OUTPUT" PRECISION ="250" SCALE ="0"/>
            <TRANSFORMFIELD DATATYPE ="string" DEFAULTVALUE ="" DESCRIPTION ="" NAME ="BATCH_NUMBER" PICTURETEXT ="" PORTTYPE ="INPUT/OUTPUT" PRECISION ="250" SCALE ="0"/>
            <TRANSFORMFIELD DATATYPE ="string" DEFAULTVALUE ="" DESCRIPTION ="" NAME ="AFS_GRID_VALUE" PICTURETEXT ="" PORTTYPE ="INPUT/OUTPUT" PRECISION ="250" SCALE ="0"/>
            <TRANSFORMFIELD DATATYPE ="string" DEFAULTVALUE ="" DESCRIPTION ="" NAME ="DELETE_FLAG" PICTURETEXT ="" PORTTYPE ="INPUT/OUTPUT" PRECISION ="250" SCALE ="0"/>
            <TRANSFORMFIELD DATATYPE ="string" DEFAULTVALUE ="" DESCRIPTION ="" NAME ="CREATED_ON" PICTURETEXT ="" PORTTYPE ="INPUT/OUTPUT" PRECISION ="250" SCALE ="0"/>
            <TRANSFORMFIELD DATATYPE ="string" DEFAULTVALUE ="" DESCRIPTION ="" NAME ="CREATED_BY" PICTURETEXT ="" PORTTYPE ="INPUT/OUTPUT" PRECISION ="250" SCALE ="0"/>
            <TRANSFORMFIELD DATATYPE ="string" DEFAULTVALUE ="" DESCRIPTION ="" NAME ="CHANGED_ON" PICTURETEXT ="" PORTTYPE ="INPUT/OUTPUT" PRECISION ="250" SCALE ="0"/>
            <TRANSFORMFIELD DATATYPE ="string" DEFAULTVALUE ="" DESCRIPTION ="" NAME ="CHANGED_BY" PICTURETEXT ="" PORTTYPE ="INPUT/OUTPUT" PRECISION ="250" SCALE ="0"/>
            <TRANSFORMFIELD DATATYPE ="string" DEFAULTVALUE ="" DESCRIPTION ="" NAME ="DATE_OF_LAST_POSTED" PICTURETEXT ="" PORTTYPE ="INPUT/OUTPUT" PRECISION ="250" SCALE ="0"/>
            <TRANSFORMFIELD DATATYPE ="string" DEFAULTVALUE ="" DESCRIPTION ="" NAME ="VALUATED_STOCK_WITH_UNRESTRICTED_USE" PICTURETEXT ="" PORTTYPE ="INPUT/OUTPUT" PRECISION ="250" SCALE ="0"/>
            <TRANSFORMFIELD DATATYPE ="string" DEFAULTVALUE ="" DESCRIPTION ="" NAME ="VALUATED_STOCK_WITH_UNRESTRICTED_USE_IN_PREVIOUS_PERIOD" PICTURETEXT ="" PORTTYPE ="INPUT/OUTPUT" PRECISION ="250" SCALE ="0"/>
            <TRANSFORMFIELD DATATYPE ="string" DEFAULTVALUE ="" DESCRIPTION ="" NAME ="BLOCKED_STOCK" PICTURETEXT ="" PORTTYPE ="INPUT/OUTPUT" PRECISION ="250" SCALE ="0"/>
            <TRANSFORMFIELD DATATYPE ="string" DEFAULTVALUE ="" DESCRIPTION ="" NAME ="BLOCKED_STOCK_IN_PREVIOUS_PERIOD" PICTURETEXT ="" PORTTYPE ="INPUT/OUTPUT" PRECISION ="250" SCALE ="0"/>
            <TRANSFORMFIELD DATATYPE ="string" DEFAULTVALUE ="" DESCRIPTION ="" NAME ="BLOCKED_STOCK_RETURNS" PICTURETEXT ="" PORTTYPE ="INPUT/OUTPUT" PRECISION ="250" SCALE ="0"/>
            <TRANSFORMFIELD DATATYPE ="string" DEFAULTVALUE ="" DESCRIPTION ="" NAME ="BLOCKED_STOCK_RETURNS_IN_PREVIOUS_PERIOD" PICTURETEXT ="" PORTTYPE ="INPUT/OUTPUT" PRECISION ="250" SCALE ="0"/>
            <TRANSFORMFIELD DATATYPE ="string" DEFAULTVALUE ="" DESCRIPTION ="" NAME ="STOCK_IN_QUALITY_INSPECTION" PICTURETEXT ="" PORTTYPE ="INPUT/OUTPUT" PRECISION ="250" SCALE ="0"/>
            <TRANSFORMFIELD DATATYPE ="string" DEFAULTVALUE ="" DESCRIPTION ="" NAME ="STOCK_IN_QUALITY_INSPECTION_IN_PREVIOUS_PERIOD" PICTURETEXT ="" PORTTYPE ="INPUT/OUTPUT" PRECISION ="250" SCALE ="0"/>
            <TRANSFORMFIELD DATATYPE ="string" DEFAULTVALUE ="" DESCRIPTION ="" NAME ="STOCK_IN_TRANSFER" PICTURETEXT ="" PORTTYPE ="INPUT/OUTPUT" PRECISION ="250" SCALE ="0"/>
            <TRANSFORMFIELD DATATYPE ="string" DEFAULTVALUE ="" DESCRIPTION ="" NAME ="STOCK_IN_TRANSFER_IN_PREVIOUS_PERIOD" PICTURETEXT ="" PORTTYPE ="INPUT/OUTPUT" PRECISION ="250" SCALE ="0"/>
            <TRANSFORMFIELD DATATYPE ="string" DEFAULTVALUE ="" DESCRIPTION ="" NAME ="TOTAL_STOCK_OF_ALL_RESTRICTED_BATCHES" PICTURETEXT ="" PORTTYPE ="INPUT/OUTPUT" PRECISION ="250" SCALE ="0"/>
            <TRANSFORMFIELD DATATYPE ="string" DEFAULTVALUE ="" DESCRIPTION ="" NAME ="TOTAL_STOCK_OF_ALL_RESTRICTED_BATCHES_IN_PREVIOUS_PERIOD" PICTURETEXT ="" PORTTYPE ="INPUT/OUTPUT" PRECISION ="250" SCALE ="0"/>
            <TRANSFORMFIELD DATATYPE ="string" DEFAULTVALUE ="" DESCRIPTION ="" NAME ="AFS_FIXED_RESERVED_Q" PICTURETEXT ="" PORTTYPE ="INPUT/OUTPUT" PRECISION ="250" SCALE ="0"/>
            <TRANSFORMFIELD DATATYPE ="string" DEFAULTVALUE ="" DESCRIPTION ="" NAME ="BASE_UNIT_OF_MEASURE" PICTURETEXT ="" PORTTYPE ="INPUT/OUTPUT" PRECISION ="250" SCALE ="0"/>
            <TABLEATTRIBUTE NAME ="Sql Query" VALUE =""/>
            <TABLEATTRIBUTE NAME ="User Defined Join" VALUE =""/>
            <TABLEATTRIBUTE NAME ="Source Filter" VALUE =""/>
            <TABLEATTRIBUTE NAME ="Number Of Sorted Ports" VALUE ="0"/>
            <TABLEATTRIBUTE NAME ="Tracing Level" VALUE ="Normal"/>
            <TABLEATTRIBUTE NAME ="Is Partitionable" VALUE ="NO"/>
            <TABLEATTRIBUTE NAME ="Pre SQL" VALUE =""/>
            <TABLEATTRIBUTE NAME ="Post SQL" VALUE =""/>
            <TABLEATTRIBUTE NAME ="Output is deterministic" VALUE ="NO"/>
            <TABLEATTRIBUTE NAME ="Output is repeatable" VALUE ="Never"/>
        </TRANSFORMATION>
        <INSTANCE DESCRIPTION ="Target instance" NAME ="STG_S4_PHYSICAL_INVENTORY" TRANSFORMATION_NAME ="STG_S4_PHYSICAL_INVENTORY" TRANSFORMATION_TYPE ="Target Definition" TYPE ="TARGET"/>
        <INSTANCE DBDNAME ="FlatFile" DESCRIPTION ="Flat File source DWC_ZSAPBW_DOM_PHYSICAL_INVENTORY" NAME ="FF_DWC_ZSAPBW_DOM_PHYSICAL_INV" TRANSFORMATION_NAME ="FF_DWC_ZSAPBW_DOM_PHYSICAL_INV" TRANSFORMATION_TYPE ="Source Definition" TYPE ="SOURCE"/>
        <INSTANCE DESCRIPTION ="Truncate transformation instance to truncate the target table" NAME ="PR_TRUNC_STG_TBLS" REUSABLE ="YES" TRANSFORMATION_NAME ="PR_TRUNC_STG_TBLS" TRANSFORMATION_TYPE ="Stored Procedure" TYPE ="TRANSFORMATION">
            <TABLEATTRIBUTE NAME ="Call Text" VALUE ="PR_TRUNC_STG_TBLS(stg_S4_Physical_Inventory)"/>
        </INSTANCE>
        <INSTANCE DESCRIPTION ="Expression to convert the data type for fields as per the target fields." NAME ="EXP_DEFAULT" REUSABLE ="NO" TRANSFORMATION_NAME ="EXP_DEFAULT" TRANSFORMATION_TYPE ="Expression" TYPE ="TRANSFORMATION"/>
        <INSTANCE DESCRIPTION ="SQ for Flat File source DWC_ZSAPBW_DOM_PHYSICAL_INVENTORY" NAME ="SQ_FF_DWC_ZSAPBW_DOM_PHYSICAL_INV" REUSABLE ="NO" TRANSFORMATION_NAME ="SQ_FF_DWC_ZSAPBW_DOM_PHYSICAL_INV" TRANSFORMATION_TYPE ="Source Qualifier" TYPE ="TRANSFORMATION">
            <ASSOCIATED_SOURCE_INSTANCE NAME ="FF_DWC_ZSAPBW_DOM_PHYSICAL_INV"/>
        </INSTANCE>
        <CONNECTOR FROMFIELD ="O_BATCHNUMBER" FROMINSTANCE ="EXP_DEFAULT" FROMINSTANCETYPE ="Expression" TOFIELD ="BATCHNUMBER" TOINSTANCE ="STG_S4_PHYSICAL_INVENTORY" TOINSTANCETYPE ="Target Definition"/>
        <CONNECTOR FROMFIELD ="O_AFSGRIDVALUE" FROMINSTANCE ="EXP_DEFAULT" FROMINSTANCETYPE ="Expression" TOFIELD ="AFSGRIDVALUE" TOINSTANCE ="STG_S4_PHYSICAL_INVENTORY" TOINSTANCETYPE ="Target Definition"/>
        <CONNECTOR FROMFIELD ="O_DELETEFLAG" FROMINSTANCE ="EXP_DEFAULT" FROMINSTANCETYPE ="Expression" TOFIELD ="DELETEFLAG" TOINSTANCE ="STG_S4_PHYSICAL_INVENTORY" TOINSTANCETYPE ="Target Definition"/>
        <CONNECTOR FROMFIELD ="O_CREATEDON" FROMINSTANCE ="EXP_DEFAULT" FROMINSTANCETYPE ="Expression" TOFIELD ="CREATEDON" TOINSTANCE ="STG_S4_PHYSICAL_INVENTORY" TOINSTANCETYPE ="Target Definition"/>
        <CONNECTOR FROMFIELD ="O_CREATEDBY" FROMINSTANCE ="EXP_DEFAULT" FROMINSTANCETYPE ="Expression" TOFIELD ="CREATEDBY" TOINSTANCE ="STG_S4_PHYSICAL_INVENTORY" TOINSTANCETYPE ="Target Definition"/>
        <CONNECTOR FROMFIELD ="O_CHANGEDON" FROMINSTANCE ="EXP_DEFAULT" FROMINSTANCETYPE ="Expression" TOFIELD ="CHANGEDON" TOINSTANCE ="STG_S4_PHYSICAL_INVENTORY" TOINSTANCETYPE ="Target Definition"/>
        <CONNECTOR FROMFIELD ="O_CHANGEDBY" FROMINSTANCE ="EXP_DEFAULT" FROMINSTANCETYPE ="Expression" TOFIELD ="CHANGEDBY" TOINSTANCE ="STG_S4_PHYSICAL_INVENTORY" TOINSTANCETYPE ="Target Definition"/>
        <CONNECTOR FROMFIELD ="O_DATELASTPOSTED" FROMINSTANCE ="EXP_DEFAULT" FROMINSTANCETYPE ="Expression" TOFIELD ="DATELASTPOSTED" TOINSTANCE ="STG_S4_PHYSICAL_INVENTORY" TOINSTANCETYPE ="Target Definition"/>
        <CONNECTOR FROMFIELD ="O_VALUATEDSTKUNRESTRICT" FROMINSTANCE ="EXP_DEFAULT" FROMINSTANCETYPE ="Expression" TOFIELD ="VALUATEDSTKUNRESTRICT" TOINSTANCE ="STG_S4_PHYSICAL_INVENTORY" TOINSTANCETYPE ="Target Definition"/>
        <CONNECTOR FROMFIELD ="O_VALUATEDSTKUNRESTRICTPREVIOUS" FROMINSTANCE ="EXP_DEFAULT" FROMINSTANCETYPE ="Expression" TOFIELD ="VALUATEDSTKUNRESTRICTPREVIOUS" TOINSTANCE ="STG_S4_PHYSICAL_INVENTORY" TOINSTANCETYPE ="Target Definition"/>
        <CONNECTOR FROMFIELD ="O_BLOCKEDSTK" FROMINSTANCE ="EXP_DEFAULT" FROMINSTANCETYPE ="Expression" TOFIELD ="BLOCKEDSTK" TOINSTANCE ="STG_S4_PHYSICAL_INVENTORY" TOINSTANCETYPE ="Target Definition"/>
        <CONNECTOR FROMFIELD ="O_BLOCKEDSTKPREVIOUS" FROMINSTANCE ="EXP_DEFAULT" FROMINSTANCETYPE ="Expression" TOFIELD ="BLOCKEDSTKPREVIOUS" TOINSTANCE ="STG_S4_PHYSICAL_INVENTORY" TOINSTANCETYPE ="Target Definition"/>
        <CONNECTOR FROMFIELD ="O_BLOCKEDSTKRETURNS" FROMINSTANCE ="EXP_DEFAULT" FROMINSTANCETYPE ="Expression" TOFIELD ="BLOCKEDSTKRETURNS" TOINSTANCE ="STG_S4_PHYSICAL_INVENTORY" TOINSTANCETYPE ="Target Definition"/>
        <CONNECTOR FROMFIELD ="O_BLOCKEDSTKRETURNSPREVIOUS" FROMINSTANCE ="EXP_DEFAULT" FROMINSTANCETYPE ="Expression" TOFIELD ="BLOCKEDSTKRETURNSPREVIOUS" TOINSTANCE ="STG_S4_PHYSICAL_INVENTORY" TOINSTANCETYPE ="Target Definition"/>
        <CONNECTOR FROMFIELD ="O_STKQUALITYINSPECTION" FROMINSTANCE ="EXP_DEFAULT" FROMINSTANCETYPE ="Expression" TOFIELD ="STKQUALITYINSPECTION" TOINSTANCE ="STG_S4_PHYSICAL_INVENTORY" TOINSTANCETYPE ="Target Definition"/>
        <CONNECTOR FROMFIELD ="O_STKQUALITYINSPECTIONPREVIOUS" FROMINSTANCE ="EXP_DEFAULT" FROMINSTANCETYPE ="Expression" TOFIELD ="STKQUALITYINSPECTIONPREVIOUS" TOINSTANCE ="STG_S4_PHYSICAL_INVENTORY" TOINSTANCETYPE ="Target Definition"/>
        <CONNECTOR FROMFIELD ="O_STKTRANSFER" FROMINSTANCE ="EXP_DEFAULT" FROMINSTANCETYPE ="Expression" TOFIELD ="STKTRANSFER" TOINSTANCE ="STG_S4_PHYSICAL_INVENTORY" TOINSTANCETYPE ="Target Definition"/>
        <CONNECTOR FROMFIELD ="O_STKTRANSFERPREVIOUS" FROMINSTANCE ="EXP_DEFAULT" FROMINSTANCETYPE ="Expression" TOFIELD ="STKTRANSFERPREVIOUS" TOINSTANCE ="STG_S4_PHYSICAL_INVENTORY" TOINSTANCETYPE ="Target Definition"/>
        <CONNECTOR FROMFIELD ="O_TTLSTKRESTRICTEDBATCH" FROMINSTANCE ="EXP_DEFAULT" FROMINSTANCETYPE ="Expression" TOFIELD ="TTLSTKRESTRICTEDBATCH" TOINSTANCE ="STG_S4_PHYSICAL_INVENTORY" TOINSTANCETYPE ="Target Definition"/>
        <CONNECTOR FROMFIELD ="O_TTLSTKRESTRICTEDBATCHPREVIOUS" FROMINSTANCE ="EXP_DEFAULT" FROMINSTANCETYPE ="Expression" TOFIELD ="TTLSTKRESTRICTEDBATCHPREVIOUS" TOINSTANCE ="STG_S4_PHYSICAL_INVENTORY" TOINSTANCETYPE ="Target Definition"/>
        <CONNECTOR FROMFIELD ="O_AFSFIXEDRESERVEDQ" FROMINSTANCE ="EXP_DEFAULT" FROMINSTANCETYPE ="Expression" TOFIELD ="AFSFIXEDRESERVEDQ" TOINSTANCE ="STG_S4_PHYSICAL_INVENTORY" TOINSTANCETYPE ="Target Definition"/>
        <CONNECTOR FROMFIELD ="O_BASEUNITMEASURE" FROMINSTANCE ="EXP_DEFAULT" FROMINSTANCETYPE ="Expression" TOFIELD ="BASEUNITMEASURE" TOINSTANCE ="STG_S4_PHYSICAL_INVENTORY" TOINSTANCETYPE ="Target Definition"/>
        <CONNECTOR FROMFIELD ="O_CREATEDDATE" FROMINSTANCE ="EXP_DEFAULT" FROMINSTANCETYPE ="Expression" TOFIELD ="CREATEDDATE" TOINSTANCE ="STG_S4_PHYSICAL_INVENTORY" TOINSTANCETYPE ="Target Definition"/>
        <CONNECTOR FROMFIELD ="O_MODIFIEDDATE" FROMINSTANCE ="EXP_DEFAULT" FROMINSTANCETYPE ="Expression" TOFIELD ="MODIFIEDDATE" TOINSTANCE ="STG_S4_PHYSICAL_INVENTORY" TOINSTANCETYPE ="Target Definition"/>
        <CONNECTOR FROMFIELD ="O_MATERIAL" FROMINSTANCE ="EXP_DEFAULT" FROMINSTANCETYPE ="Expression" TOFIELD ="MATERIAL" TOINSTANCE ="STG_S4_PHYSICAL_INVENTORY" TOINSTANCETYPE ="Target Definition"/>
        <CONNECTOR FROMFIELD ="O_PLANT" FROMINSTANCE ="EXP_DEFAULT" FROMINSTANCETYPE ="Expression" TOFIELD ="PLANT" TOINSTANCE ="STG_S4_PHYSICAL_INVENTORY" TOINSTANCETYPE ="Target Definition"/>
        <CONNECTOR FROMFIELD ="O_STORAGELOCATION" FROMINSTANCE ="EXP_DEFAULT" FROMINSTANCETYPE ="Expression" TOFIELD ="STORAGELOCATION" TOINSTANCE ="STG_S4_PHYSICAL_INVENTORY" TOINSTANCETYPE ="Target Definition"/>
        <CONNECTOR FROMFIELD ="CREATED_BY" FROMINSTANCE ="FF_DWC_ZSAPBW_DOM_PHYSICAL_INV" FROMINSTANCETYPE ="Source Definition" TOFIELD ="CREATED_BY" TOINSTANCE ="SQ_FF_DWC_ZSAPBW_DOM_PHYSICAL_INV" TOINSTANCETYPE ="Source Qualifier"/>
        <CONNECTOR FROMFIELD ="CHANGED_ON" FROMINSTANCE ="FF_DWC_ZSAPBW_DOM_PHYSICAL_INV" FROMINSTANCETYPE ="Source Definition" TOFIELD ="CHANGED_ON" TOINSTANCE ="SQ_FF_DWC_ZSAPBW_DOM_PHYSICAL_INV" TOINSTANCETYPE ="Source Qualifier"/>
        <CONNECTOR FROMFIELD ="CHANGED_BY" FROMINSTANCE ="FF_DWC_ZSAPBW_DOM_PHYSICAL_INV" FROMINSTANCETYPE ="Source Definition" TOFIELD ="CHANGED_BY" TOINSTANCE ="SQ_FF_DWC_ZSAPBW_DOM_PHYSICAL_INV" TOINSTANCETYPE ="Source Qualifier"/>
        <CONNECTOR FROMFIELD ="DATE_OF_LAST_POSTED" FROMINSTANCE ="FF_DWC_ZSAPBW_DOM_PHYSICAL_INV" FROMINSTANCETYPE ="Source Definition" TOFIELD ="DATE_OF_LAST_POSTED" TOINSTANCE ="SQ_FF_DWC_ZSAPBW_DOM_PHYSICAL_INV" TOINSTANCETYPE ="Source Qualifier"/>
        <CONNECTOR FROMFIELD ="VALUATED_STOCK_WITH_UNRESTRICTED_USE" FROMINSTANCE ="FF_DWC_ZSAPBW_DOM_PHYSICAL_INV" FROMINSTANCETYPE ="Source Definition" TOFIELD ="VALUATED_STOCK_WITH_UNRESTRICTED_USE" TOINSTANCE ="SQ_FF_DWC_ZSAPBW_DOM_PHYSICAL_INV" TOINSTANCETYPE ="Source Qualifier"/>
        <CONNECTOR FROMFIELD ="VALUATED_STOCK_WITH_UNRESTRICTED_USE_IN_PREVIOUS_PERIOD" FROMINSTANCE ="FF_DWC_ZSAPBW_DOM_PHYSICAL_INV" FROMINSTANCETYPE ="Source Definition" TOFIELD ="VALUATED_STOCK_WITH_UNRESTRICTED_USE_IN_PREVIOUS_PERIOD" TOINSTANCE ="SQ_FF_DWC_ZSAPBW_DOM_PHYSICAL_INV" TOINSTANCETYPE ="Source Qualifier"/>
        <CONNECTOR FROMFIELD ="BLOCKED_STOCK" FROMINSTANCE ="FF_DWC_ZSAPBW_DOM_PHYSICAL_INV" FROMINSTANCETYPE ="Source Definition" TOFIELD ="BLOCKED_STOCK" TOINSTANCE ="SQ_FF_DWC_ZSAPBW_DOM_PHYSICAL_INV" TOINSTANCETYPE ="Source Qualifier"/>
        <CONNECTOR FROMFIELD ="BLOCKED_STOCK_IN_PREVIOUS_PERIOD" FROMINSTANCE ="FF_DWC_ZSAPBW_DOM_PHYSICAL_INV" FROMINSTANCETYPE ="Source Definition" TOFIELD ="BLOCKED_STOCK_IN_PREVIOUS_PERIOD" TOINSTANCE ="SQ_FF_DWC_ZSAPBW_DOM_PHYSICAL_INV" TOINSTANCETYPE ="Source Qualifier"/>
        <CONNECTOR FROMFIELD ="BLOCKED_STOCK_RETURNS" FROMINSTANCE ="FF_DWC_ZSAPBW_DOM_PHYSICAL_INV" FROMINSTANCETYPE ="Source Definition" TOFIELD ="BLOCKED_STOCK_RETURNS" TOINSTANCE ="SQ_FF_DWC_ZSAPBW_DOM_PHYSICAL_INV" TOINSTANCETYPE ="Source Qualifier"/>
        <CONNECTOR FROMFIELD ="BLOCKED_STOCK_RETURNS_IN_PREVIOUS_PERIOD" FROMINSTANCE ="FF_DWC_ZSAPBW_DOM_PHYSICAL_INV" FROMINSTANCETYPE ="Source Definition" TOFIELD ="BLOCKED_STOCK_RETURNS_IN_PREVIOUS_PERIOD" TOINSTANCE ="SQ_FF_DWC_ZSAPBW_DOM_PHYSICAL_INV" TOINSTANCETYPE ="Source Qualifier"/>
        <CONNECTOR FROMFIELD ="STOCK_IN_QUALITY_INSPECTION" FROMINSTANCE ="FF_DWC_ZSAPBW_DOM_PHYSICAL_INV" FROMINSTANCETYPE ="Source Definition" TOFIELD ="STOCK_IN_QUALITY_INSPECTION" TOINSTANCE ="SQ_FF_DWC_ZSAPBW_DOM_PHYSICAL_INV" TOINSTANCETYPE ="Source Qualifier"/>
        <CONNECTOR FROMFIELD ="STOCK_IN_QUALITY_INSPECTION_IN_PREVIOUS_PERIOD" FROMINSTANCE ="FF_DWC_ZSAPBW_DOM_PHYSICAL_INV" FROMINSTANCETYPE ="Source Definition" TOFIELD ="STOCK_IN_QUALITY_INSPECTION_IN_PREVIOUS_PERIOD" TOINSTANCE ="SQ_FF_DWC_ZSAPBW_DOM_PHYSICAL_INV" TOINSTANCETYPE ="Source Qualifier"/>
        <CONNECTOR FROMFIELD ="STOCK_IN_TRANSFER" FROMINSTANCE ="FF_DWC_ZSAPBW_DOM_PHYSICAL_INV" FROMINSTANCETYPE ="Source Definition" TOFIELD ="STOCK_IN_TRANSFER" TOINSTANCE ="SQ_FF_DWC_ZSAPBW_DOM_PHYSICAL_INV" TOINSTANCETYPE ="Source Qualifier"/>
        <CONNECTOR FROMFIELD ="STOCK_IN_TRANSFER_IN_PREVIOUS_PERIOD" FROMINSTANCE ="FF_DWC_ZSAPBW_DOM_PHYSICAL_INV" FROMINSTANCETYPE ="Source Definition" TOFIELD ="STOCK_IN_TRANSFER_IN_PREVIOUS_PERIOD" TOINSTANCE ="SQ_FF_DWC_ZSAPBW_DOM_PHYSICAL_INV" TOINSTANCETYPE ="Source Qualifier"/>
        <CONNECTOR FROMFIELD ="TOTAL_STOCK_OF_ALL_RESTRICTED_BATCHES" FROMINSTANCE ="FF_DWC_ZSAPBW_DOM_PHYSICAL_INV" FROMINSTANCETYPE ="Source Definition" TOFIELD ="TOTAL_STOCK_OF_ALL_RESTRICTED_BATCHES" TOINSTANCE ="SQ_FF_DWC_ZSAPBW_DOM_PHYSICAL_INV" TOINSTANCETYPE ="Source Qualifier"/>
        <CONNECTOR FROMFIELD ="TOTAL_STOCK_OF_ALL_RESTRICTED_BATCHES_IN_PREVIOUS_PERIOD" FROMINSTANCE ="FF_DWC_ZSAPBW_DOM_PHYSICAL_INV" FROMINSTANCETYPE ="Source Definition" TOFIELD ="TOTAL_STOCK_OF_ALL_RESTRICTED_BATCHES_IN_PREVIOUS_PERIOD" TOINSTANCE ="SQ_FF_DWC_ZSAPBW_DOM_PHYSICAL_INV" TOINSTANCETYPE ="Source Qualifier"/>
        <CONNECTOR FROMFIELD ="AFS_FIXED_RESERVED_Q" FROMINSTANCE ="FF_DWC_ZSAPBW_DOM_PHYSICAL_INV" FROMINSTANCETYPE ="Source Definition" TOFIELD ="AFS_FIXED_RESERVED_Q" TOINSTANCE ="SQ_FF_DWC_ZSAPBW_DOM_PHYSICAL_INV" TOINSTANCETYPE ="Source Qualifier"/>
        <CONNECTOR FROMFIELD ="BASE_UNIT_OF_MEASURE" FROMINSTANCE ="FF_DWC_ZSAPBW_DOM_PHYSICAL_INV" FROMINSTANCETYPE ="Source Definition" TOFIELD ="BASE_UNIT_OF_MEASURE" TOINSTANCE ="SQ_FF_DWC_ZSAPBW_DOM_PHYSICAL_INV" TOINSTANCETYPE ="Source Qualifier"/>
        <CONNECTOR FROMFIELD ="MATERIAL" FROMINSTANCE ="FF_DWC_ZSAPBW_DOM_PHYSICAL_INV" FROMINSTANCETYPE ="Source Definition" TOFIELD ="MATERIAL" TOINSTANCE ="SQ_FF_DWC_ZSAPBW_DOM_PHYSICAL_INV" TOINSTANCETYPE ="Source Qualifier"/>
        <CONNECTOR FROMFIELD ="PLANT" FROMINSTANCE ="FF_DWC_ZSAPBW_DOM_PHYSICAL_INV" FROMINSTANCETYPE ="Source Definition" TOFIELD ="PLANT" TOINSTANCE ="SQ_FF_DWC_ZSAPBW_DOM_PHYSICAL_INV" TOINSTANCETYPE ="Source Qualifier"/>
        <CONNECTOR FROMFIELD ="STORAGE_LOCATION" FROMINSTANCE ="FF_DWC_ZSAPBW_DOM_PHYSICAL_INV" FROMINSTANCETYPE ="Source Definition" TOFIELD ="STORAGE_LOCATION" TOINSTANCE ="SQ_FF_DWC_ZSAPBW_DOM_PHYSICAL_INV" TOINSTANCETYPE ="Source Qualifier"/>
        <CONNECTOR FROMFIELD ="BATCH_NUMBER" FROMINSTANCE ="FF_DWC_ZSAPBW_DOM_PHYSICAL_INV" FROMINSTANCETYPE ="Source Definition" TOFIELD ="BATCH_NUMBER" TOINSTANCE ="SQ_FF_DWC_ZSAPBW_DOM_PHYSICAL_INV" TOINSTANCETYPE ="Source Qualifier"/>
        <CONNECTOR FROMFIELD ="AFS_GRID_VALUE" FROMINSTANCE ="FF_DWC_ZSAPBW_DOM_PHYSICAL_INV" FROMINSTANCETYPE ="Source Definition" TOFIELD ="AFS_GRID_VALUE" TOINSTANCE ="SQ_FF_DWC_ZSAPBW_DOM_PHYSICAL_INV" TOINSTANCETYPE ="Source Qualifier"/>
        <CONNECTOR FROMFIELD ="DELETE_FLAG" FROMINSTANCE ="FF_DWC_ZSAPBW_DOM_PHYSICAL_INV" FROMINSTANCETYPE ="Source Definition" TOFIELD ="DELETE_FLAG" TOINSTANCE ="SQ_FF_DWC_ZSAPBW_DOM_PHYSICAL_INV" TOINSTANCETYPE ="Source Qualifier"/>
        <CONNECTOR FROMFIELD ="CREATED_ON" FROMINSTANCE ="FF_DWC_ZSAPBW_DOM_PHYSICAL_INV" FROMINSTANCETYPE ="Source Definition" TOFIELD ="CREATED_ON" TOINSTANCE ="SQ_FF_DWC_ZSAPBW_DOM_PHYSICAL_INV" TOINSTANCETYPE ="Source Qualifier"/>
        <CONNECTOR FROMFIELD ="MATERIAL" FROMINSTANCE ="SQ_FF_DWC_ZSAPBW_DOM_PHYSICAL_INV" FROMINSTANCETYPE ="Source Qualifier" TOFIELD ="I_MATERIAL" TOINSTANCE ="EXP_DEFAULT" TOINSTANCETYPE ="Expression"/>
        <CONNECTOR FROMFIELD ="PLANT" FROMINSTANCE ="SQ_FF_DWC_ZSAPBW_DOM_PHYSICAL_INV" FROMINSTANCETYPE ="Source Qualifier" TOFIELD ="I_PLANT" TOINSTANCE ="EXP_DEFAULT" TOINSTANCETYPE ="Expression"/>
        <CONNECTOR FROMFIELD ="STORAGE_LOCATION" FROMINSTANCE ="SQ_FF_DWC_ZSAPBW_DOM_PHYSICAL_INV" FROMINSTANCETYPE ="Source Qualifier" TOFIELD ="I_STORAGE_LOCATION" TOINSTANCE ="EXP_DEFAULT" TOINSTANCETYPE ="Expression"/>
        <CONNECTOR FROMFIELD ="BATCH_NUMBER" FROMINSTANCE ="SQ_FF_DWC_ZSAPBW_DOM_PHYSICAL_INV" FROMINSTANCETYPE ="Source Qualifier" TOFIELD ="I_BATCH_NUMBER" TOINSTANCE ="EXP_DEFAULT" TOINSTANCETYPE ="Expression"/>
        <CONNECTOR FROMFIELD ="AFS_GRID_VALUE" FROMINSTANCE ="SQ_FF_DWC_ZSAPBW_DOM_PHYSICAL_INV" FROMINSTANCETYPE ="Source Qualifier" TOFIELD ="I_AFS_GRID_VALUE" TOINSTANCE ="EXP_DEFAULT" TOINSTANCETYPE ="Expression"/>
        <CONNECTOR FROMFIELD ="DELETE_FLAG" FROMINSTANCE ="SQ_FF_DWC_ZSAPBW_DOM_PHYSICAL_INV" FROMINSTANCETYPE ="Source Qualifier" TOFIELD ="I_DELETE_FLAG" TOINSTANCE ="EXP_DEFAULT" TOINSTANCETYPE ="Expression"/>
        <CONNECTOR FROMFIELD ="CREATED_ON" FROMINSTANCE ="SQ_FF_DWC_ZSAPBW_DOM_PHYSICAL_INV" FROMINSTANCETYPE ="Source Qualifier" TOFIELD ="I_CREATED_ON" TOINSTANCE ="EXP_DEFAULT" TOINSTANCETYPE ="Expression"/>
        <CONNECTOR FROMFIELD ="CREATED_BY" FROMINSTANCE ="SQ_FF_DWC_ZSAPBW_DOM_PHYSICAL_INV" FROMINSTANCETYPE ="Source Qualifier" TOFIELD ="I_CREATED_BY" TOINSTANCE ="EXP_DEFAULT" TOINSTANCETYPE ="Expression"/>
        <CONNECTOR FROMFIELD ="CHANGED_ON" FROMINSTANCE ="SQ_FF_DWC_ZSAPBW_DOM_PHYSICAL_INV" FROMINSTANCETYPE ="Source Qualifier" TOFIELD ="I_CHANGED_ON" TOINSTANCE ="EXP_DEFAULT" TOINSTANCETYPE ="Expression"/>
        <CONNECTOR FROMFIELD ="CHANGED_BY" FROMINSTANCE ="SQ_FF_DWC_ZSAPBW_DOM_PHYSICAL_INV" FROMINSTANCETYPE ="Source Qualifier" TOFIELD ="I_CHANGED_BY" TOINSTANCE ="EXP_DEFAULT" TOINSTANCETYPE ="Expression"/>
        <CONNECTOR FROMFIELD ="DATE_OF_LAST_POSTED" FROMINSTANCE ="SQ_FF_DWC_ZSAPBW_DOM_PHYSICAL_INV" FROMINSTANCETYPE ="Source Qualifier" TOFIELD ="I_DATE_OF_LAST_POSTED" TOINSTANCE ="EXP_DEFAULT" TOINSTANCETYPE ="Expression"/>
        <CONNECTOR FROMFIELD ="VALUATED_STOCK_WITH_UNRESTRICTED_USE" FROMINSTANCE ="SQ_FF_DWC_ZSAPBW_DOM_PHYSICAL_INV" FROMINSTANCETYPE ="Source Qualifier" TOFIELD ="I_VALUATED_STOCK_WITH_UNRESTRICTED_USE" TOINSTANCE ="EXP_DEFAULT" TOINSTANCETYPE ="Expression"/>
        <CONNECTOR FROMFIELD ="VALUATED_STOCK_WITH_UNRESTRICTED_USE_IN_PREVIOUS_PERIOD" FROMINSTANCE ="SQ_FF_DWC_ZSAPBW_DOM_PHYSICAL_INV" FROMINSTANCETYPE ="Source Qualifier" TOFIELD ="I_VALUATED_STOCK_WITH_UNRESTRICTED_USE_IN_PREVIOUS_PERIOD" TOINSTANCE ="EXP_DEFAULT" TOINSTANCETYPE ="Expression"/>
        <CONNECTOR FROMFIELD ="BLOCKED_STOCK" FROMINSTANCE ="SQ_FF_DWC_ZSAPBW_DOM_PHYSICAL_INV" FROMINSTANCETYPE ="Source Qualifier" TOFIELD ="I_BLOCKED_STOCK" TOINSTANCE ="EXP_DEFAULT" TOINSTANCETYPE ="Expression"/>
        <CONNECTOR FROMFIELD ="BLOCKED_STOCK_IN_PREVIOUS_PERIOD" FROMINSTANCE ="SQ_FF_DWC_ZSAPBW_DOM_PHYSICAL_INV" FROMINSTANCETYPE ="Source Qualifier" TOFIELD ="I_BLOCKED_STOCK_IN_PREVIOUS_PERIOD" TOINSTANCE ="EXP_DEFAULT" TOINSTANCETYPE ="Expression"/>
        <CONNECTOR FROMFIELD ="BLOCKED_STOCK_RETURNS" FROMINSTANCE ="SQ_FF_DWC_ZSAPBW_DOM_PHYSICAL_INV" FROMINSTANCETYPE ="Source Qualifier" TOFIELD ="I_BLOCKED_STOCK_RETURNS" TOINSTANCE ="EXP_DEFAULT" TOINSTANCETYPE ="Expression"/>
        <CONNECTOR FROMFIELD ="BLOCKED_STOCK_RETURNS_IN_PREVIOUS_PERIOD" FROMINSTANCE ="SQ_FF_DWC_ZSAPBW_DOM_PHYSICAL_INV" FROMINSTANCETYPE ="Source Qualifier" TOFIELD ="I_BLOCKED_STOCK_RETURNS_IN_PREVIOUS_PERIOD" TOINSTANCE ="EXP_DEFAULT" TOINSTANCETYPE ="Expression"/>
        <CONNECTOR FROMFIELD ="STOCK_IN_QUALITY_INSPECTION" FROMINSTANCE ="SQ_FF_DWC_ZSAPBW_DOM_PHYSICAL_INV" FROMINSTANCETYPE ="Source Qualifier" TOFIELD ="I_STOCK_IN_QUALITY_INSPECTION" TOINSTANCE ="EXP_DEFAULT" TOINSTANCETYPE ="Expression"/>
        <CONNECTOR FROMFIELD ="STOCK_IN_QUALITY_INSPECTION_IN_PREVIOUS_PERIOD" FROMINSTANCE ="SQ_FF_DWC_ZSAPBW_DOM_PHYSICAL_INV" FROMINSTANCETYPE ="Source Qualifier" TOFIELD ="I_STOCK_IN_QUALITY_INSPECTION_IN_PREVIOUS_PERIOD" TOINSTANCE ="EXP_DEFAULT" TOINSTANCETYPE ="Expression"/>
        <CONNECTOR FROMFIELD ="STOCK_IN_TRANSFER" FROMINSTANCE ="SQ_FF_DWC_ZSAPBW_DOM_PHYSICAL_INV" FROMINSTANCETYPE ="Source Qualifier" TOFIELD ="I_STOCK_IN_TRANSFER" TOINSTANCE ="EXP_DEFAULT" TOINSTANCETYPE ="Expression"/>
        <CONNECTOR FROMFIELD ="STOCK_IN_TRANSFER_IN_PREVIOUS_PERIOD" FROMINSTANCE ="SQ_FF_DWC_ZSAPBW_DOM_PHYSICAL_INV" FROMINSTANCETYPE ="Source Qualifier" TOFIELD ="I_STOCK_IN_TRANSFER_IN_PREVIOUS_PERIOD" TOINSTANCE ="EXP_DEFAULT" TOINSTANCETYPE ="Expression"/>
        <CONNECTOR FROMFIELD ="TOTAL_STOCK_OF_ALL_RESTRICTED_BATCHES" FROMINSTANCE ="SQ_FF_DWC_ZSAPBW_DOM_PHYSICAL_INV" FROMINSTANCETYPE ="Source Qualifier" TOFIELD ="I_TOTAL_STOCK_OF_ALL_RESTRICTED_BATCHES" TOINSTANCE ="EXP_DEFAULT" TOINSTANCETYPE ="Expression"/>
        <CONNECTOR FROMFIELD ="TOTAL_STOCK_OF_ALL_RESTRICTED_BATCHES_IN_PREVIOUS_PERIOD" FROMINSTANCE ="SQ_FF_DWC_ZSAPBW_DOM_PHYSICAL_INV" FROMINSTANCETYPE ="Source Qualifier" TOFIELD ="I_TOTAL_STOCK_OF_ALL_RESTRICTED_BATCHES_IN_PREVIOUS_PERIOD" TOINSTANCE ="EXP_DEFAULT" TOINSTANCETYPE ="Expression"/>
        <CONNECTOR FROMFIELD ="AFS_FIXED_RESERVED_Q" FROMINSTANCE ="SQ_FF_DWC_ZSAPBW_DOM_PHYSICAL_INV" FROMINSTANCETYPE ="Source Qualifier" TOFIELD ="I_AFS_FIXED_RESERVED_Q" TOINSTANCE ="EXP_DEFAULT" TOINSTANCETYPE ="Expression"/>
        <CONNECTOR FROMFIELD ="BASE_UNIT_OF_MEASURE" FROMINSTANCE ="SQ_FF_DWC_ZSAPBW_DOM_PHYSICAL_INV" FROMINSTANCETYPE ="Source Qualifier" TOFIELD ="I_BASE_UNIT_OF_MEASURE" TOINSTANCE ="EXP_DEFAULT" TOINSTANCETYPE ="Expression"/>
        <TARGETLOADORDER ORDER ="1" TARGETINSTANCE ="STG_S4_PHYSICAL_INVENTORY"/>
        <ERPINFO/>
        <METADATAEXTENSION COMPONENTVERSION ="1000000" DATATYPE ="STRING" DESCRIPTION ="" DOMAINNAME ="User Defined Metadata Domain" ISCLIENTEDITABLE ="YES" ISCLIENTVISIBLE ="YES" ISREUSABLE ="NO" ISSHAREREAD ="NO" ISSHAREWRITE ="NO" MAXLENGTH ="256" NAME ="Extension" VALUE ="S4_Integration_stg_S4_Physical_Inventory v1.0" VENDORNAME ="INFORMATICA"/>
    </MAPPING>
    <CONFIG DESCRIPTION ="Default session configuration object" ISDEFAULT ="YES" NAME ="default_session_config" VERSIONNUMBER ="1">
        <ATTRIBUTE NAME ="Advanced" VALUE =""/>
        <ATTRIBUTE NAME ="Constraint based load ordering" VALUE ="NO"/>
        <ATTRIBUTE NAME ="Cache LOOKUP() function" VALUE ="YES"/>
        <ATTRIBUTE NAME ="Default buffer block size" VALUE ="Auto"/>
        <ATTRIBUTE NAME ="Line Sequential buffer length" VALUE ="1024"/>
        <ATTRIBUTE NAME ="Maximum Memory Allowed For Auto Memory Attributes" VALUE ="0"/>
        <ATTRIBUTE NAME ="Maximum Percentage of Total Memory Allowed For Auto Memory Attributes" VALUE ="5"/>
        <ATTRIBUTE NAME ="Additional Concurrent Pipelines for Lookup Cache Creation" VALUE ="0"/>
        <ATTRIBUTE NAME ="Custom Properties" VALUE =""/>
        <ATTRIBUTE NAME ="Pre-build lookup cache" VALUE ="Auto"/>
        <ATTRIBUTE NAME ="Optimization Level" VALUE ="Medium"/>
        <ATTRIBUTE NAME ="DateTime Format String" VALUE ="MM/DD/YYYY HH24:MI:SS.US"/>
        <ATTRIBUTE NAME ="Pre 85 Timestamp Compatibility" VALUE ="NO"/>
        <ATTRIBUTE NAME ="Log Options" VALUE ="0"/>
        <ATTRIBUTE NAME ="Save session log by" VALUE ="Session runs"/>
        <ATTRIBUTE NAME ="Save session log for these runs" VALUE ="9"/>
        <ATTRIBUTE NAME ="Session Log File Max Size" VALUE ="0"/>
        <ATTRIBUTE NAME ="Session Log File Max Time Period" VALUE ="0"/>
        <ATTRIBUTE NAME ="Maximum Partial Session Log Files" VALUE ="1"/>
        <ATTRIBUTE NAME ="Writer Commit Statistics Log Frequency" VALUE ="1"/>
        <ATTRIBUTE NAME ="Writer Commit Statistics Log Interval" VALUE ="0"/>
        <ATTRIBUTE NAME ="Error handling" VALUE =""/>
        <ATTRIBUTE NAME ="Stop on errors" VALUE ="1"/>
        <ATTRIBUTE NAME ="Override tracing" VALUE ="None"/>
        <ATTRIBUTE NAME ="On Stored Procedure error" VALUE ="Stop"/>
        <ATTRIBUTE NAME ="On Pre-session command task error" VALUE ="Stop"/>
        <ATTRIBUTE NAME ="On Pre-Post SQL error" VALUE ="Stop"/>
        <ATTRIBUTE NAME ="Enable Recovery" VALUE ="NO"/>
        <ATTRIBUTE NAME ="Error Log Type" VALUE ="None"/>
        <ATTRIBUTE NAME ="Error Log Table Name Prefix" VALUE =""/>
        <ATTRIBUTE NAME ="Error Log File Name" VALUE ="PMError.log"/>
        <ATTRIBUTE NAME ="Log Source Row Data" VALUE ="NO"/>
        <ATTRIBUTE NAME ="Data Column Delimiter" VALUE ="|"/>
        <ATTRIBUTE NAME ="Partitioning Options" VALUE =""/>
        <ATTRIBUTE NAME ="Dynamic Partitioning" VALUE ="Disabled"/>
        <ATTRIBUTE NAME ="Number of Partitions" VALUE ="1"/>
        <ATTRIBUTE NAME ="Multiplication Factor" VALUE ="Auto"/>
        <ATTRIBUTE NAME ="Session on Grid" VALUE =""/>
        <ATTRIBUTE NAME ="Is Enabled" VALUE ="NO"/>
    </CONFIG>
    <SESSION DESCRIPTION ="Session which holds the mapping m_STG_S4_PHYSICAL_INV" ISVALID ="YES" MAPPINGNAME ="m_STG_S4_PHYSICAL_INV" NAME ="s_m_STG_S4_PHYSICAL_INV" REUSABLE ="YES" SORTORDER ="Binary" VERSIONNUMBER ="1">
        <SESSTRANSFORMATIONINST ISREPARTITIONPOINT ="YES" PARTITIONTYPE ="PASS THROUGH" PIPELINE ="1" SINSTANCENAME ="STG_S4_PHYSICAL_INVENTORY" STAGE ="1" TRANSFORMATIONNAME ="STG_S4_PHYSICAL_INVENTORY" TRANSFORMATIONTYPE ="Target Definition"/>
        <SESSTRANSFORMATIONINST ISREPARTITIONPOINT ="NO" PIPELINE ="0" SINSTANCENAME ="FF_DWC_ZSAPBW_DOM_PHYSICAL_INV" STAGE ="0" TRANSFORMATIONNAME ="FF_DWC_ZSAPBW_DOM_PHYSICAL_INV" TRANSFORMATIONTYPE ="Source Definition">
            <FLATFILE CODEPAGE ="MS1252" CONSECDELIMITERSASONE ="NO" DELIMITED ="YES" DELIMITERS ="|" ESCAPE_CHARACTER ="" KEEPESCAPECHAR ="NO" LINESEQUENTIAL ="NO" MULTIDELIMITERSASAND ="NO" NULLCHARTYPE ="ASCII" NULL_CHARACTER ="*" PADBYTES ="1" QUOTE_CHARACTER ="DOUBLE" REPEATABLE ="NO" ROWDELIMITER ="10" SKIPROWS ="1" STRIPTRAILINGBLANKS ="NO"/>
        </SESSTRANSFORMATIONINST>
        <SESSTRANSFORMATIONINST ISREPARTITIONPOINT ="NO" PIPELINE ="0" SINSTANCENAME ="PR_TRUNC_STG_TBLS" STAGE ="0" TRANSFORMATIONNAME ="PR_TRUNC_STG_TBLS" TRANSFORMATIONTYPE ="Stored Procedure"/>
        <SESSTRANSFORMATIONINST ISREPARTITIONPOINT ="YES" PARTITIONTYPE ="PASS THROUGH" PIPELINE ="1" SINSTANCENAME ="SQ_FF_DWC_ZSAPBW_DOM_PHYSICAL_INV" STAGE ="2" TRANSFORMATIONNAME ="SQ_FF_DWC_ZSAPBW_DOM_PHYSICAL_INV" TRANSFORMATIONTYPE ="Source Qualifier"/>
        <SESSTRANSFORMATIONINST ISREPARTITIONPOINT ="NO" PIPELINE ="1" SINSTANCENAME ="EXP_DEFAULT" STAGE ="2" TRANSFORMATIONNAME ="EXP_DEFAULT" TRANSFORMATIONTYPE ="Expression">
            <PARTITION DESCRIPTION ="" NAME ="Partition #1"/>
        </SESSTRANSFORMATIONINST>
        <CONFIGREFERENCE REFOBJECTNAME ="default_session_config" TYPE ="Session config"/>
        <SESSIONEXTENSION NAME ="Relational Writer" SINSTANCENAME ="STG_S4_PHYSICAL_INVENTORY" SUBTYPE ="Relational Writer" TRANSFORMATIONTYPE ="Target Definition" TYPE ="WRITER">
            <CONNECTIONREFERENCE CNXREFNAME ="DB Connection" CONNECTIONNAME ="SLBADW" CONNECTIONNUMBER ="1" CONNECTIONSUBTYPE ="Oracle" CONNECTIONTYPE ="Relational" VARIABLE =""/>
            <ATTRIBUTE NAME ="Target load type" VALUE ="Normal"/>
            <ATTRIBUTE NAME ="Insert" VALUE ="YES"/>
            <ATTRIBUTE NAME ="Update as Update" VALUE ="NO"/>
            <ATTRIBUTE NAME ="Update as Insert" VALUE ="NO"/>
            <ATTRIBUTE NAME ="Update else Insert" VALUE ="NO"/>
            <ATTRIBUTE NAME ="Delete" VALUE ="NO"/>
            <ATTRIBUTE NAME ="Truncate target table option" VALUE ="NO"/>
            <ATTRIBUTE NAME ="Reject file directory" VALUE ="$PMBadFileDir&#x5c;INVENTORY_ANALYSIS&#x5c;BAD&#x5c;"/>
            <ATTRIBUTE NAME ="Reject filename" VALUE ="s_m_STG_S4_PHYSICAL_INV.bad"/>
        </SESSIONEXTENSION>
        <SESSIONEXTENSION DSQINSTNAME ="SQ_FF_DWC_ZSAPBW_DOM_PHYSICAL_INV" DSQINSTTYPE ="Source Qualifier" NAME ="File Reader" SINSTANCENAME ="FF_DWC_ZSAPBW_DOM_PHYSICAL_INV" SUBTYPE ="File Reader" TRANSFORMATIONTYPE ="Source Definition" TYPE ="READER">
            <CONNECTIONREFERENCE CNXREFNAME ="Connection" CONNECTIONNAME ="" CONNECTIONNUMBER ="1" CONNECTIONSUBTYPE ="" CONNECTIONTYPE ="" VARIABLE =""/>
            <ATTRIBUTE NAME ="Input Type" VALUE ="File"/>
            <ATTRIBUTE NAME ="Concurrent read partitioning" VALUE ="Optimize throughput"/>
            <ATTRIBUTE NAME ="Command Type" VALUE ="Command Generating Data"/>
            <ATTRIBUTE NAME ="Source filetype" VALUE ="Direct"/>
            <ATTRIBUTE NAME ="Source file directory" VALUE ="$PMSourceFileDir&#x5c;INVENTORY_ANALYSIS&#x5c;SRC&#x5c;"/>
            <ATTRIBUTE NAME ="Source filename" VALUE ="DWC_ZSAPBW_DOM_PHYSICAL_INVENTORY.CSV"/>
            <ATTRIBUTE NAME ="Command" VALUE =""/>
            <ATTRIBUTE NAME ="File Reader Truncate String Null" VALUE ="NO"/>
            <ATTRIBUTE NAME ="Codepage Parameter" VALUE =""/>
        </SESSIONEXTENSION>
        <SESSIONEXTENSION NAME ="File Reader" SINSTANCENAME ="SQ_FF_DWC_ZSAPBW_DOM_PHYSICAL_INV" SUBTYPE ="File Reader" TRANSFORMATIONTYPE ="Source Qualifier" TYPE ="READER"/>
        <ATTRIBUTE NAME ="General Options" VALUE =""/>
        <ATTRIBUTE NAME ="Write Backward Compatible Session Log File" VALUE ="YES"/>
        <ATTRIBUTE NAME ="Session Log File Name" VALUE ="s_m_STG_S4_PHYSICAL_INV.log"/>
        <ATTRIBUTE NAME ="Session Log File directory" VALUE ="$PMSessionLogDir&#x5c;INVENTORY_ANALYSIS&#x5c;LOG&#x5c;"/>
        <ATTRIBUTE NAME ="Parameter Filename" VALUE =""/>
        <ATTRIBUTE NAME ="Enable Test Load" VALUE ="NO"/>
        <ATTRIBUTE NAME ="$Source connection value" VALUE =""/>
        <ATTRIBUTE NAME ="$Target connection value" VALUE =""/>
        <ATTRIBUTE NAME ="Treat source rows as" VALUE ="Insert"/>
        <ATTRIBUTE NAME ="Commit Type" VALUE ="Target"/>
        <ATTRIBUTE NAME ="Commit Interval" VALUE ="2000000"/>
        <ATTRIBUTE NAME ="Commit On End Of File" VALUE ="YES"/>
        <ATTRIBUTE NAME ="Rollback Transactions on Errors" VALUE ="NO"/>
        <ATTRIBUTE NAME ="Recovery Strategy" VALUE ="Restart task"/>
        <ATTRIBUTE NAME ="Java Classpath" VALUE =""/>
        <ATTRIBUTE NAME ="Performance" VALUE =""/>
        <ATTRIBUTE NAME ="DTM buffer size" VALUE ="Auto"/>
        <ATTRIBUTE NAME ="Collect performance data" VALUE ="NO"/>
        <ATTRIBUTE NAME ="Write performance data to repository" VALUE ="NO"/>
        <ATTRIBUTE NAME ="Incremental Aggregation" VALUE ="NO"/>
        <ATTRIBUTE NAME ="Enable high precision" VALUE ="NO"/>
        <ATTRIBUTE NAME ="Session retry on deadlock" VALUE ="NO"/>
        <ATTRIBUTE NAME ="Pushdown Optimization" VALUE ="None"/>
        <ATTRIBUTE NAME ="Allow Temporary View for Pushdown" VALUE ="NO"/>
        <ATTRIBUTE NAME ="Allow Temporary Sequence for Pushdown" VALUE ="NO"/>
        <ATTRIBUTE NAME ="Allow Pushdown for User Incompatible Connections" VALUE ="NO"/>
        <METADATAEXTENSION COMPONENTVERSION ="1000000" DATATYPE ="STRING" DESCRIPTION ="" DOMAINNAME ="User Defined Metadata Domain" ISCLIENTEDITABLE ="YES" ISCLIENTVISIBLE ="YES" ISREUSABLE ="NO" ISSHAREREAD ="NO" ISSHAREWRITE ="NO" MAXLENGTH ="256" NAME ="Extension" VALUE ="S4_Integration_stg_S4_Physical_Inventory v1.0" VENDORNAME ="INFORMATICA"/>
    </SESSION>
    <WORKFLOW DESCRIPTION ="workflow holds the session which holds the session s_m_STG_S4_PHYSICAL_INV" ISENABLED ="YES" ISRUNNABLESERVICE ="NO" ISSERVICE ="NO" ISVALID ="YES" NAME ="wf_s_m_STG_S4_PHYSICAL_INV" REUSABLE_SCHEDULER ="NO" SCHEDULERNAME ="Scheduler" SERVERNAME ="Domain10_PRD_Int_Svc" SERVER_DOMAINNAME ="Domain10_PRD" SUSPEND_ON_ERROR ="NO" TASKS_MUST_RUN_ON_SERVER ="NO" VERSIONNUMBER ="1">
        <SCHEDULER DESCRIPTION ="" NAME ="Scheduler" REUSABLE ="NO" VERSIONNUMBER ="1">
            <SCHEDULEINFO SCHEDULETYPE ="ONDEMAND"/>
        </SCHEDULER>
        <TASK DESCRIPTION ="" NAME ="Start" REUSABLE ="NO" TYPE ="Start" VERSIONNUMBER ="1"/>
        <TASKINSTANCE DESCRIPTION ="" ISENABLED ="YES" NAME ="Start" REUSABLE ="NO" TASKNAME ="Start" TASKTYPE ="Start"/>
        <TASKINSTANCE DESCRIPTION ="Session which holds the mapping m_STG_S4_PHYSICAL_INV" FAIL_PARENT_IF_INSTANCE_DID_NOT_RUN ="YES" FAIL_PARENT_IF_INSTANCE_FAILS ="YES" ISENABLED ="YES" NAME ="s_m_STG_S4_PHYSICAL_INV" REUSABLE ="YES" TASKNAME ="s_m_STG_S4_PHYSICAL_INV" TASKTYPE ="Session" TREAT_INPUTLINK_AS_AND ="NO"/>
        <WORKFLOWLINK CONDITION ="" FROMTASK ="Start" TOTASK ="s_m_STG_S4_PHYSICAL_INV"/>
        <WORKFLOWVARIABLE DATATYPE ="date/time" DEFAULTVALUE ="" DESCRIPTION ="The time this task started" ISNULL ="NO" ISPERSISTENT ="NO" NAME ="$Start.StartTime" USERDEFINED ="NO"/>
        <WORKFLOWVARIABLE DATATYPE ="date/time" DEFAULTVALUE ="" DESCRIPTION ="The time this task completed" ISNULL ="NO" ISPERSISTENT ="NO" NAME ="$Start.EndTime" USERDEFINED ="NO"/>
        <WORKFLOWVARIABLE DATATYPE ="integer" DEFAULTVALUE ="" DESCRIPTION ="Status of this task&apos;s execution" ISNULL ="NO" ISPERSISTENT ="NO" NAME ="$Start.Status" USERDEFINED ="NO"/>
        <WORKFLOWVARIABLE DATATYPE ="integer" DEFAULTVALUE ="" DESCRIPTION ="Status of the previous task that is not disabled" ISNULL ="NO" ISPERSISTENT ="NO" NAME ="$Start.PrevTaskStatus" USERDEFINED ="NO"/>
        <WORKFLOWVARIABLE DATATYPE ="integer" DEFAULTVALUE ="" DESCRIPTION ="Error code for this task&apos;s execution" ISNULL ="NO" ISPERSISTENT ="NO" NAME ="$Start.ErrorCode" USERDEFINED ="NO"/>
        <WORKFLOWVARIABLE DATATYPE ="string" DEFAULTVALUE ="" DESCRIPTION ="Error message for this task&apos;s execution" ISNULL ="NO" ISPERSISTENT ="NO" NAME ="$Start.ErrorMsg" USERDEFINED ="NO"/>
        <WORKFLOWVARIABLE DATATYPE ="date/time" DEFAULTVALUE ="" DESCRIPTION ="The time this task started" ISNULL ="NO" ISPERSISTENT ="NO" NAME ="$s_m_STG_S4_PHYSICAL_INV.StartTime" USERDEFINED ="NO"/>
        <WORKFLOWVARIABLE DATATYPE ="date/time" DEFAULTVALUE ="" DESCRIPTION ="The time this task completed" ISNULL ="NO" ISPERSISTENT ="NO" NAME ="$s_m_STG_S4_PHYSICAL_INV.EndTime" USERDEFINED ="NO"/>
        <WORKFLOWVARIABLE DATATYPE ="integer" DEFAULTVALUE ="" DESCRIPTION ="Status of this task&apos;s execution" ISNULL ="NO" ISPERSISTENT ="NO" NAME ="$s_m_STG_S4_PHYSICAL_INV.Status" USERDEFINED ="NO"/>
        <WORKFLOWVARIABLE DATATYPE ="integer" DEFAULTVALUE ="" DESCRIPTION ="Status of the previous task that is not disabled" ISNULL ="NO" ISPERSISTENT ="NO" NAME ="$s_m_STG_S4_PHYSICAL_INV.PrevTaskStatus" USERDEFINED ="NO"/>
        <WORKFLOWVARIABLE DATATYPE ="integer" DEFAULTVALUE ="" DESCRIPTION ="Error code for this task&apos;s execution" ISNULL ="NO" ISPERSISTENT ="NO" NAME ="$s_m_STG_S4_PHYSICAL_INV.ErrorCode" USERDEFINED ="NO"/>
        <WORKFLOWVARIABLE DATATYPE ="string" DEFAULTVALUE ="" DESCRIPTION ="Error message for this task&apos;s execution" ISNULL ="NO" ISPERSISTENT ="NO" NAME ="$s_m_STG_S4_PHYSICAL_INV.ErrorMsg" USERDEFINED ="NO"/>
        <WORKFLOWVARIABLE DATATYPE ="integer" DEFAULTVALUE ="" DESCRIPTION ="Rows successfully read" ISNULL ="NO" ISPERSISTENT ="NO" NAME ="$s_m_STG_S4_PHYSICAL_INV.SrcSuccessRows" USERDEFINED ="NO"/>
        <WORKFLOWVARIABLE DATATYPE ="integer" DEFAULTVALUE ="" DESCRIPTION ="Rows failed to read" ISNULL ="NO" ISPERSISTENT ="NO" NAME ="$s_m_STG_S4_PHYSICAL_INV.SrcFailedRows" USERDEFINED ="NO"/>
        <WORKFLOWVARIABLE DATATYPE ="integer" DEFAULTVALUE ="" DESCRIPTION ="Rows successfully loaded" ISNULL ="NO" ISPERSISTENT ="NO" NAME ="$s_m_STG_S4_PHYSICAL_INV.TgtSuccessRows" USERDEFINED ="NO"/>
        <WORKFLOWVARIABLE DATATYPE ="integer" DEFAULTVALUE ="" DESCRIPTION ="Rows failed to load" ISNULL ="NO" ISPERSISTENT ="NO" NAME ="$s_m_STG_S4_PHYSICAL_INV.TgtFailedRows" USERDEFINED ="NO"/>
        <WORKFLOWVARIABLE DATATYPE ="integer" DEFAULTVALUE ="" DESCRIPTION ="Total number of transformation errors" ISNULL ="NO" ISPERSISTENT ="NO" NAME ="$s_m_STG_S4_PHYSICAL_INV.TotalTransErrors" USERDEFINED ="NO"/>
        <WORKFLOWVARIABLE DATATYPE ="integer" DEFAULTVALUE ="" DESCRIPTION ="First error code" ISNULL ="NO" ISPERSISTENT ="NO" NAME ="$s_m_STG_S4_PHYSICAL_INV.FirstErrorCode" USERDEFINED ="NO"/>
        <WORKFLOWVARIABLE DATATYPE ="string" DEFAULTVALUE ="" DESCRIPTION ="First error message" ISNULL ="NO" ISPERSISTENT ="NO" NAME ="$s_m_STG_S4_PHYSICAL_INV.FirstErrorMsg" USERDEFINED ="NO"/>
        <ATTRIBUTE NAME ="Parameter Filename" VALUE =""/>
        <ATTRIBUTE NAME ="Write Backward Compatible Workflow Log File" VALUE ="YES"/>
        <ATTRIBUTE NAME ="Workflow Log File Name" VALUE ="wf_s_m_STG_S4_PHYSICAL_INV.log"/>
        <ATTRIBUTE NAME ="Workflow Log File Directory" VALUE ="$PMWorkflowLogDir&#x5c;INVENTORY_ANALYSIS&#x5c;LOG&#x5c;"/>
        <ATTRIBUTE NAME ="Save Workflow log by" VALUE ="By runs"/>
        <ATTRIBUTE NAME ="Save workflow log for these runs" VALUE ="9"/>
        <ATTRIBUTE NAME ="Service Name" VALUE =""/>
        <ATTRIBUTE NAME ="Service Timeout" VALUE ="0"/>
        <ATTRIBUTE NAME ="Is Service Visible" VALUE ="NO"/>
        <ATTRIBUTE NAME ="Is Service Protected" VALUE ="NO"/>
        <ATTRIBUTE NAME ="Fail task after wait time" VALUE ="0"/>
        <ATTRIBUTE NAME ="Enable HA recovery" VALUE ="NO"/>
        <ATTRIBUTE NAME ="Automatically recover terminated tasks" VALUE ="NO"/>
        <ATTRIBUTE NAME ="Service Level Name" VALUE ="Default"/>
        <ATTRIBUTE NAME ="Allow concurrent run with unique run instance name" VALUE ="NO"/>
        <ATTRIBUTE NAME ="Allow concurrent run with same run instance name" VALUE ="NO"/>
        <ATTRIBUTE NAME ="Maximum number of concurrent runs" VALUE ="0"/>
        <ATTRIBUTE NAME ="Assigned Web Services Hubs" VALUE =""/>
        <ATTRIBUTE NAME ="Maximum number of concurrent runs per Hub" VALUE ="1000"/>
        <ATTRIBUTE NAME ="Expected Service Time" VALUE ="1"/>
        <METADATAEXTENSION COMPONENTVERSION ="1000000" DATATYPE ="STRING" DESCRIPTION ="" DOMAINNAME ="User Defined Metadata Domain" ISCLIENTEDITABLE ="YES" ISCLIENTVISIBLE ="YES" ISREUSABLE ="NO" ISSHAREREAD ="NO" ISSHAREWRITE ="NO" MAXLENGTH ="256" NAME ="Extension" VALUE ="S4_Integration_stg_S4_Physical_Inventory v1.0" VENDORNAME ="INFORMATICA"/>
    </WORKFLOW>
</FOLDER>
</REPOSITORY>
</POWERMART>