<?xml version="1.0" encoding="Windows-1252"?>
<!DOCTYPE POWERMART SYSTEM "powrmart.dtd">
<POWERMART CREATION_DATE="05/20/2024 09:39:21" REPOSITORY_VERSION="187.96">
<REPOSITORY NAME="Domain10_Rep_Svc_Prd" VERSION="187" CODEPAGE="MS1252" DATABASETYPE="Microsoft SQL Server">
<FOLDER NAME="INVENTORY_ANALYSIS" GROUP="" OWNER="Administrator" SHARED="NOTSHARED" DESCRIPTION="" PERMISSIONS="rwx---r--" UUID="27b7fb57-5066-4c7e-aee4-118d44bfa5b6">
    <SOURCE BUSINESSNAME ="" DATABASETYPE ="Oracle" DBDNAME ="slbadw" DESCRIPTION ="" NAME ="RM_ITEM" OBJECTVERSION ="1" OWNERNAME ="SLBA" VERSIONNUMBER ="1">
        <SOURCEFIELD BUSINESSNAME ="" DATATYPE ="varchar2" DESCRIPTION ="" FIELDNUMBER ="1" FIELDPROPERTY ="0" FIELDTYPE ="ELEMITEM" HIDDEN ="NO" KEYTYPE ="PRIMARY KEY" LENGTH ="0" LEVEL ="0" NAME ="ITEM_CODE" NULLABLE ="NOTNULL" OCCURS ="0" OFFSET ="0" PHYSICALLENGTH ="50" PHYSICALOFFSET ="0" PICTURETEXT ="" PRECISION ="50" SCALE ="0" USAGE_FLAGS =""/>
        <SOURCEFIELD BUSINESSNAME ="" DATATYPE ="varchar2" DESCRIPTION ="" FIELDNUMBER ="2" FIELDPROPERTY ="0" FIELDTYPE ="ELEMITEM" HIDDEN ="NO" KEYTYPE ="NOT A KEY" LENGTH ="0" LEVEL ="0" NAME ="ITEM_DESC1" NULLABLE ="NULL" OCCURS ="0" OFFSET ="0" PHYSICALLENGTH ="40" PHYSICALOFFSET ="50" PICTURETEXT ="" PRECISION ="40" SCALE ="0" USAGE_FLAGS =""/>
        <SOURCEFIELD BUSINESSNAME ="" DATATYPE ="varchar2" DESCRIPTION ="" FIELDNUMBER ="3" FIELDPROPERTY ="0" FIELDTYPE ="ELEMITEM" HIDDEN ="NO" KEYTYPE ="NOT A KEY" LENGTH ="0" LEVEL ="0" NAME ="PURCH_MAJCL" NULLABLE ="NULL" OCCURS ="0" OFFSET ="0" PHYSICALLENGTH ="20" PHYSICALOFFSET ="90" PICTURETEXT ="" PRECISION ="20" SCALE ="0" USAGE_FLAGS =""/>
        <SOURCEFIELD BUSINESSNAME ="" DATATYPE ="varchar2" DESCRIPTION ="" FIELDNUMBER ="4" FIELDPROPERTY ="0" FIELDTYPE ="ELEMITEM" HIDDEN ="NO" KEYTYPE ="NOT A KEY" LENGTH ="0" LEVEL ="0" NAME ="PURCH_MINCL" NULLABLE ="NULL" OCCURS ="0" OFFSET ="0" PHYSICALLENGTH ="20" PHYSICALOFFSET ="110" PICTURETEXT ="" PRECISION ="20" SCALE ="0" USAGE_FLAGS =""/>
        <SOURCEFIELD BUSINESSNAME ="" DATATYPE ="varchar2" DESCRIPTION ="" FIELDNUMBER ="5" FIELDPROPERTY ="0" FIELDTYPE ="ELEMITEM" HIDDEN ="NO" KEYTYPE ="NOT A KEY" LENGTH ="0" LEVEL ="0" NAME ="INV_MINCL" NULLABLE ="NULL" OCCURS ="0" OFFSET ="0" PHYSICALLENGTH ="20" PHYSICALOFFSET ="130" PICTURETEXT ="" PRECISION ="20" SCALE ="0" USAGE_FLAGS =""/>
        <SOURCEFIELD BUSINESSNAME ="" DATATYPE ="number(p,s)" DESCRIPTION ="" FIELDNUMBER ="6" FIELDPROPERTY ="0" FIELDTYPE ="ELEMITEM" HIDDEN ="NO" KEYTYPE ="NOT A KEY" LENGTH ="20" LEVEL ="0" NAME ="STD_COST" NULLABLE ="NULL" OCCURS ="0" OFFSET ="0" PHYSICALLENGTH ="18" PHYSICALOFFSET ="150" PICTURETEXT ="" PRECISION ="18" SCALE ="5" USAGE_FLAGS =""/>
        <SOURCEFIELD BUSINESSNAME ="" DATATYPE ="varchar2" DESCRIPTION ="" FIELDNUMBER ="7" FIELDPROPERTY ="0" FIELDTYPE ="ELEMITEM" HIDDEN ="NO" KEYTYPE ="NOT A KEY" LENGTH ="0" LEVEL ="0" NAME ="ITEM_GROUP" NULLABLE ="NULL" OCCURS ="0" OFFSET ="20" PHYSICALLENGTH ="20" PHYSICALOFFSET ="168" PICTURETEXT ="" PRECISION ="20" SCALE ="0" USAGE_FLAGS =""/>
        <SOURCEFIELD BUSINESSNAME ="" DATATYPE ="varchar2" DESCRIPTION ="" FIELDNUMBER ="8" FIELDPROPERTY ="0" FIELDTYPE ="ELEMITEM" HIDDEN ="NO" KEYTYPE ="NOT A KEY" LENGTH ="0" LEVEL ="0" NAME ="CATEGORY_DESC" NULLABLE ="NULL" OCCURS ="0" OFFSET ="20" PHYSICALLENGTH ="20" PHYSICALOFFSET ="188" PICTURETEXT ="" PRECISION ="20" SCALE ="0" USAGE_FLAGS =""/>
        <SOURCEFIELD BUSINESSNAME ="" DATATYPE ="varchar2" DESCRIPTION ="" FIELDNUMBER ="9" FIELDPROPERTY ="0" FIELDTYPE ="ELEMITEM" HIDDEN ="NO" KEYTYPE ="NOT A KEY" LENGTH ="0" LEVEL ="0" NAME ="UOM" NULLABLE ="NULL" OCCURS ="0" OFFSET ="20" PHYSICALLENGTH ="10" PHYSICALOFFSET ="208" PICTURETEXT ="" PRECISION ="10" SCALE ="0" USAGE_FLAGS =""/>
        <SOURCEFIELD BUSINESSNAME ="" DATATYPE ="varchar2" DESCRIPTION ="" FIELDNUMBER ="10" FIELDPROPERTY ="0" FIELDTYPE ="ELEMITEM" HIDDEN ="NO" KEYTYPE ="NOT A KEY" LENGTH ="0" LEVEL ="0" NAME ="CREATE_USERID" NULLABLE ="NULL" OCCURS ="0" OFFSET ="20" PHYSICALLENGTH ="50" PHYSICALOFFSET ="218" PICTURETEXT ="" PRECISION ="50" SCALE ="0" USAGE_FLAGS =""/>
        <SOURCEFIELD BUSINESSNAME ="" DATATYPE ="date" DESCRIPTION ="" FIELDNUMBER ="11" FIELDPROPERTY ="0" FIELDTYPE ="ELEMITEM" HIDDEN ="NO" KEYTYPE ="NOT A KEY" LENGTH ="19" LEVEL ="0" NAME ="CREATE_TIMESTAMP" NULLABLE ="NULL" OCCURS ="0" OFFSET ="20" PHYSICALLENGTH ="19" PHYSICALOFFSET ="268" PICTURETEXT ="" PRECISION ="19" SCALE ="0" USAGE_FLAGS =""/>
        <SOURCEFIELD BUSINESSNAME ="" DATATYPE ="varchar2" DESCRIPTION ="" FIELDNUMBER ="12" FIELDPROPERTY ="0" FIELDTYPE ="ELEMITEM" HIDDEN ="NO" KEYTYPE ="NOT A KEY" LENGTH ="0" LEVEL ="0" NAME ="UPDATE_USERID" NULLABLE ="NULL" OCCURS ="0" OFFSET ="39" PHYSICALLENGTH ="50" PHYSICALOFFSET ="287" PICTURETEXT ="" PRECISION ="50" SCALE ="0" USAGE_FLAGS =""/>
        <SOURCEFIELD BUSINESSNAME ="" DATATYPE ="date" DESCRIPTION ="" FIELDNUMBER ="13" FIELDPROPERTY ="0" FIELDTYPE ="ELEMITEM" HIDDEN ="NO" KEYTYPE ="NOT A KEY" LENGTH ="19" LEVEL ="0" NAME ="UPDATE_TIMESTAMP" NULLABLE ="NULL" OCCURS ="0" OFFSET ="39" PHYSICALLENGTH ="19" PHYSICALOFFSET ="337" PICTURETEXT ="" PRECISION ="19" SCALE ="0" USAGE_FLAGS =""/>
        <SOURCEFIELD BUSINESSNAME ="" DATATYPE ="varchar2" DESCRIPTION ="" FIELDNUMBER ="14" FIELDPROPERTY ="0" FIELDTYPE ="ELEMITEM" HIDDEN ="NO" KEYTYPE ="NOT A KEY" LENGTH ="0" LEVEL ="0" NAME ="BUSINESS_UNIT" NULLABLE ="NULL" OCCURS ="0" OFFSET ="58" PHYSICALLENGTH ="15" PHYSICALOFFSET ="356" PICTURETEXT ="" PRECISION ="15" SCALE ="0" USAGE_FLAGS =""/>
        <SOURCEFIELD BUSINESSNAME ="" DATATYPE ="date" DESCRIPTION ="" FIELDNUMBER ="15" FIELDPROPERTY ="0" FIELDTYPE ="ELEMITEM" HIDDEN ="NO" KEYTYPE ="NOT A KEY" LENGTH ="19" LEVEL ="0" NAME ="MODIFIED_DATE" NULLABLE ="NULL" OCCURS ="0" OFFSET ="58" PHYSICALLENGTH ="19" PHYSICALOFFSET ="371" PICTURETEXT ="" PRECISION ="19" SCALE ="0" USAGE_FLAGS =""/>
        <SOURCEFIELD BUSINESSNAME ="" DATATYPE ="varchar2" DESCRIPTION ="" FIELDNUMBER ="16" FIELDPROPERTY ="0" FIELDTYPE ="ELEMITEM" HIDDEN ="NO" KEYTYPE ="NOT A KEY" LENGTH ="0" LEVEL ="0" NAME ="YEAR" NULLABLE ="NULL" OCCURS ="0" OFFSET ="77" PHYSICALLENGTH ="4" PHYSICALOFFSET ="390" PICTURETEXT ="" PRECISION ="4" SCALE ="0" USAGE_FLAGS =""/>
        <SOURCEFIELD BUSINESSNAME ="" DATATYPE ="date" DESCRIPTION ="" FIELDNUMBER ="17" FIELDPROPERTY ="0" FIELDTYPE ="ELEMITEM" HIDDEN ="NO" KEYTYPE ="NOT A KEY" LENGTH ="19" LEVEL ="0" NAME ="DATE_CREATED" NULLABLE ="NULL" OCCURS ="0" OFFSET ="77" PHYSICALLENGTH ="19" PHYSICALOFFSET ="394" PICTURETEXT ="" PRECISION ="19" SCALE ="0" USAGE_FLAGS =""/>
        <SOURCEFIELD BUSINESSNAME ="" DATATYPE ="varchar2" DESCRIPTION ="" FIELDNUMBER ="18" FIELDPROPERTY ="0" FIELDTYPE ="ELEMITEM" HIDDEN ="NO" KEYTYPE ="NOT A KEY" LENGTH ="0" LEVEL ="0" NAME ="SHIP_TO" NULLABLE ="NULL" OCCURS ="0" OFFSET ="96" PHYSICALLENGTH ="5" PHYSICALOFFSET ="413" PICTURETEXT ="" PRECISION ="5" SCALE ="0" USAGE_FLAGS =""/>
        <SOURCEFIELD BUSINESSNAME ="" DATATYPE ="varchar2" DESCRIPTION ="" FIELDNUMBER ="19" FIELDPROPERTY ="0" FIELDTYPE ="ELEMITEM" HIDDEN ="NO" KEYTYPE ="NOT A KEY" LENGTH ="0" LEVEL ="0" NAME ="INV_TYPE_CODE" NULLABLE ="NULL" OCCURS ="0" OFFSET ="96" PHYSICALLENGTH ="10" PHYSICALOFFSET ="418" PICTURETEXT ="" PRECISION ="10" SCALE ="0" USAGE_FLAGS =""/>
    </SOURCE>
    <TARGET BUSINESSNAME ="" CONSTRAINT ="" DATABASETYPE ="Microsoft SQL Server" DESCRIPTION ="" NAME ="item_master" OBJECTVERSION ="1" TABLEOPTIONS ="" VERSIONNUMBER ="1">
        <TARGETFIELD BUSINESSNAME ="" DATATYPE ="varchar" DESCRIPTION ="" FIELDNUMBER ="1" KEYTYPE ="PRIMARY KEY" NAME ="BU" NULLABLE ="NOTNULL" PICTURETEXT ="" PRECISION ="15" SCALE ="0"/>
        <TARGETFIELD BUSINESSNAME ="" DATATYPE ="int" DESCRIPTION ="" FIELDNUMBER ="2" KEYTYPE ="NOT A KEY" NAME ="BUID" NULLABLE ="NULL" PICTURETEXT ="" PRECISION ="10" SCALE ="0"/>
        <TARGETFIELD BUSINESSNAME ="" DATATYPE ="varchar" DESCRIPTION ="" FIELDNUMBER ="3" KEYTYPE ="PRIMARY KEY" NAME ="Item_Code" NULLABLE ="NOTNULL" PICTURETEXT ="" PRECISION ="50" SCALE ="0"/>
        <TARGETFIELD BUSINESSNAME ="" DATATYPE ="varchar" DESCRIPTION ="" FIELDNUMBER ="4" KEYTYPE ="NOT A KEY" NAME ="Item_Desc" NULLABLE ="NULL" PICTURETEXT ="" PRECISION ="50" SCALE ="0"/>
        <TARGETFIELD BUSINESSNAME ="" DATATYPE ="float" DESCRIPTION ="" FIELDNUMBER ="5" KEYTYPE ="NOT A KEY" NAME ="Std_Cost" NULLABLE ="NULL" PICTURETEXT ="" PRECISION ="15" SCALE ="0"/>
        <TARGETFIELD BUSINESSNAME ="" DATATYPE ="varchar" DESCRIPTION ="" FIELDNUMBER ="6" KEYTYPE ="NOT A KEY" NAME ="UOM" NULLABLE ="NULL" PICTURETEXT ="" PRECISION ="5" SCALE ="0"/>
        <TARGETFIELD BUSINESSNAME ="" DATATYPE ="datetime" DESCRIPTION ="" FIELDNUMBER ="7" KEYTYPE ="NOT A KEY" NAME ="Modified_Date" NULLABLE ="NULL" PICTURETEXT ="" PRECISION ="23" SCALE ="3"/>
        <TARGETFIELD BUSINESSNAME ="" DATATYPE ="float" DESCRIPTION ="" FIELDNUMBER ="8" KEYTYPE ="NOT A KEY" NAME ="Year" NULLABLE ="NULL" PICTURETEXT ="" PRECISION ="15" SCALE ="0"/>
        <TARGETFIELD BUSINESSNAME ="" DATATYPE ="varchar" DESCRIPTION ="" FIELDNUMBER ="9" KEYTYPE ="NOT A KEY" NAME ="Maj_Fin" NULLABLE ="NULL" PICTURETEXT ="" PRECISION ="50" SCALE ="0"/>
        <TARGETFIELD BUSINESSNAME ="" DATATYPE ="varchar" DESCRIPTION ="" FIELDNUMBER ="10" KEYTYPE ="NOT A KEY" NAME ="Min_Fin" NULLABLE ="NULL" PICTURETEXT ="" PRECISION ="50" SCALE ="0"/>
        <TARGETFIELD BUSINESSNAME ="" DATATYPE ="int" DESCRIPTION ="" FIELDNUMBER ="11" KEYTYPE ="NOT A KEY" NAME ="MajMinID" NULLABLE ="NULL" PICTURETEXT ="" PRECISION ="10" SCALE ="0"/>
        <TARGETFIELD BUSINESSNAME ="" DATATYPE ="varchar" DESCRIPTION ="" FIELDNUMBER ="12" KEYTYPE ="NOT A KEY" NAME ="Inv_Type_Cd" NULLABLE ="NULL" PICTURETEXT ="" PRECISION ="10" SCALE ="0"/>
        <TARGETFIELD BUSINESSNAME ="" DATATYPE ="varchar" DESCRIPTION ="" FIELDNUMBER ="13" KEYTYPE ="NOT A KEY" NAME ="Ship_To" NULLABLE ="NULL" PICTURETEXT ="" PRECISION ="5" SCALE ="0"/>
        <TARGETFIELD BUSINESSNAME ="" DATATYPE ="datetime" DESCRIPTION ="" FIELDNUMBER ="14" KEYTYPE ="NOT A KEY" NAME ="Run_Date" NULLABLE ="NULL" PICTURETEXT ="" PRECISION ="23" SCALE ="3"/>
        <TARGETFIELD BUSINESSNAME ="" DATATYPE ="datetime" DESCRIPTION ="" FIELDNUMBER ="15" KEYTYPE ="NOT A KEY" NAME ="Filter_Date" NULLABLE ="NULL" PICTURETEXT ="" PRECISION ="23" SCALE ="3"/>
        <TARGETFIELD BUSINESSNAME ="" DATATYPE ="float" DESCRIPTION ="" FIELDNUMBER ="16" KEYTYPE ="NOT A KEY" NAME ="Std_Frt" NULLABLE ="NULL" PICTURETEXT ="" PRECISION ="15" SCALE ="0"/>
        <TARGETFIELD BUSINESSNAME ="" DATATYPE ="float" DESCRIPTION ="" FIELDNUMBER ="17" KEYTYPE ="NOT A KEY" NAME ="Std_NF" NULLABLE ="NULL" PICTURETEXT ="" PRECISION ="15" SCALE ="0"/>
        <TARGETFIELD BUSINESSNAME ="" DATATYPE ="datetime" DESCRIPTION ="" FIELDNUMBER ="18" KEYTYPE ="NOT A KEY" NAME ="Item_Create_Date" NULLABLE ="NULL" PICTURETEXT ="" PRECISION ="23" SCALE ="3"/>
        <TARGETFIELD BUSINESSNAME ="" DATATYPE ="int" DESCRIPTION ="" FIELDNUMBER ="19" KEYTYPE ="NOT A KEY" NAME ="Item_Create_Mo" NULLABLE ="NULL" PICTURETEXT ="" PRECISION ="10" SCALE ="0"/>
        <TARGETFIELD BUSINESSNAME ="" DATATYPE ="int" DESCRIPTION ="" FIELDNUMBER ="20" KEYTYPE ="NOT A KEY" NAME ="Item_Create_Day" NULLABLE ="NULL" PICTURETEXT ="" PRECISION ="10" SCALE ="0"/>
        <TARGETFIELD BUSINESSNAME ="" DATATYPE ="int" DESCRIPTION ="" FIELDNUMBER ="21" KEYTYPE ="NOT A KEY" NAME ="Item_Create_Yr" NULLABLE ="NULL" PICTURETEXT ="" PRECISION ="10" SCALE ="0"/>
        <TARGETFIELD BUSINESSNAME ="" DATATYPE ="datetime" DESCRIPTION ="" FIELDNUMBER ="22" KEYTYPE ="NOT A KEY" NAME ="Create_Date" NULLABLE ="NULL" PICTURETEXT ="" PRECISION ="23" SCALE ="3"/>
        <TARGETFIELD BUSINESSNAME ="" DATATYPE ="varchar" DESCRIPTION ="" FIELDNUMBER ="23" KEYTYPE ="NOT A KEY" NAME ="Create_Userid" NULLABLE ="NOTNULL" PICTURETEXT ="" PRECISION ="50" SCALE ="0"/>
        <TARGETFIELD BUSINESSNAME ="" DATATYPE ="datetime" DESCRIPTION ="" FIELDNUMBER ="24" KEYTYPE ="NOT A KEY" NAME ="Update_Date" NULLABLE ="NULL" PICTURETEXT ="" PRECISION ="23" SCALE ="3"/>
        <TARGETFIELD BUSINESSNAME ="" DATATYPE ="varchar" DESCRIPTION ="" FIELDNUMBER ="25" KEYTYPE ="NOT A KEY" NAME ="Update_Userid" NULLABLE ="NULL" PICTURETEXT ="" PRECISION ="50" SCALE ="0"/>
        <TARGETFIELD BUSINESSNAME ="" DATATYPE ="datetime" DESCRIPTION ="" FIELDNUMBER ="26" KEYTYPE ="NOT A KEY" NAME ="Max_PO_Date" NULLABLE ="NULL" PICTURETEXT ="" PRECISION ="23" SCALE ="3"/>
        <TARGETFIELD BUSINESSNAME ="" DATATYPE ="varchar" DESCRIPTION ="" FIELDNUMBER ="27" KEYTYPE ="NOT A KEY" NAME ="qry" NULLABLE ="NULL" PICTURETEXT ="" PRECISION ="50" SCALE ="0"/>
        <TARGETFIELD BUSINESSNAME ="" DATATYPE ="smallint" DESCRIPTION ="" FIELDNUMBER ="28" KEYTYPE ="NOT A KEY" NAME ="len" NULLABLE ="NULL" PICTURETEXT ="" PRECISION ="5" SCALE ="0"/>
    </TARGET>
    <MAPPING DESCRIPTION ="This mapping fetches the records from the source RM_ITEM. and loads into the target item_master." ISVALID ="YES" NAME ="m_SMI_ITEM_MASTER" OBJECTVERSION ="1" VERSIONNUMBER ="1">
        <TRANSFORMATION DESCRIPTION ="This SQ transformation fetches all the records from the source RM_ITEM." NAME ="SQ_RM_ITEM" OBJECTVERSION ="1" REUSABLE ="NO" TYPE ="Source Qualifier" VERSIONNUMBER ="1">
            <TRANSFORMFIELD DATATYPE ="string" DEFAULTVALUE ="" DESCRIPTION ="" NAME ="BUSINESS_UNIT" PICTURETEXT ="" PORTTYPE ="INPUT/OUTPUT" PRECISION ="15" SCALE ="0"/>
            <TRANSFORMFIELD DATATYPE ="string" DEFAULTVALUE ="" DESCRIPTION ="" NAME ="ITEM_CODE" PICTURETEXT ="" PORTTYPE ="INPUT/OUTPUT" PRECISION ="50" SCALE ="0"/>
            <TRANSFORMFIELD DATATYPE ="string" DEFAULTVALUE ="" DESCRIPTION ="" NAME ="ITEM_DESC1" PICTURETEXT ="" PORTTYPE ="INPUT/OUTPUT" PRECISION ="40" SCALE ="0"/>
            <TRANSFORMFIELD DATATYPE ="decimal" DEFAULTVALUE ="" DESCRIPTION ="" NAME ="STD_COST" PICTURETEXT ="" PORTTYPE ="INPUT/OUTPUT" PRECISION ="18" SCALE ="5"/>
            <TRANSFORMFIELD DATATYPE ="string" DEFAULTVALUE ="" DESCRIPTION ="" NAME ="UOM" PICTURETEXT ="" PORTTYPE ="INPUT/OUTPUT" PRECISION ="10" SCALE ="0"/>
            <TRANSFORMFIELD DATATYPE ="date/time" DEFAULTVALUE ="" DESCRIPTION ="" NAME ="MODIFIED_DATE" PICTURETEXT ="" PORTTYPE ="INPUT/OUTPUT" PRECISION ="29" SCALE ="9"/>
            <TRANSFORMFIELD DATATYPE ="string" DEFAULTVALUE ="" DESCRIPTION ="" NAME ="YEAR" PICTURETEXT ="" PORTTYPE ="INPUT/OUTPUT" PRECISION ="4" SCALE ="0"/>
            <TRANSFORMFIELD DATATYPE ="string" DEFAULTVALUE ="" DESCRIPTION ="" NAME ="PURCH_MAJCL" PICTURETEXT ="" PORTTYPE ="INPUT/OUTPUT" PRECISION ="20" SCALE ="0"/>
            <TRANSFORMFIELD DATATYPE ="string" DEFAULTVALUE ="" DESCRIPTION ="" NAME ="PURCH_MINCL" PICTURETEXT ="" PORTTYPE ="INPUT/OUTPUT" PRECISION ="20" SCALE ="0"/>
            <TRANSFORMFIELD DATATYPE ="string" DEFAULTVALUE ="" DESCRIPTION ="" NAME ="INV_TYPE_CODE" PICTURETEXT ="" PORTTYPE ="INPUT/OUTPUT" PRECISION ="10" SCALE ="0"/>
            <TRANSFORMFIELD DATATYPE ="string" DEFAULTVALUE ="" DESCRIPTION ="" NAME ="SHIP_TO" PICTURETEXT ="" PORTTYPE ="INPUT/OUTPUT" PRECISION ="5" SCALE ="0"/>
            <TRANSFORMFIELD DATATYPE ="date/time" DEFAULTVALUE ="" DESCRIPTION ="" NAME ="DATE_CREATED" PICTURETEXT ="" PORTTYPE ="INPUT/OUTPUT" PRECISION ="29" SCALE ="9"/>
            <TABLEATTRIBUTE NAME ="Sql Query" VALUE ="SELECT &#xD;&#xA;RM_ITEM.BUSINESS_UNIT, &#xD;&#xA;TRIM(RM_ITEM.ITEM_CODE), &#xD;&#xA;TRIM(RM_ITEM.ITEM_DESC1), &#xD;&#xA;RM_ITEM.STD_COST, &#xD;&#xA;RM_ITEM.UOM, &#xD;&#xA;RM_ITEM.MODIFIED_DATE, &#xD;&#xA;RM_ITEM.YEAR, &#xD;&#xA;RM_ITEM.PURCH_MAJCL, &#xD;&#xA;RM_ITEM.PURCH_MINCL, &#xD;&#xA;RM_ITEM.INV_TYPE_CODE, &#xD;&#xA;RM_ITEM.SHIP_TO, &#xD;&#xA;RM_ITEM.DATE_CREATED &#xD;&#xA;FROM&#xD;&#xA;RM_ITEM"/>
            <TABLEATTRIBUTE NAME ="User Defined Join" VALUE =""/>
            <TABLEATTRIBUTE NAME ="Source Filter" VALUE =""/>
            <TABLEATTRIBUTE NAME ="Number Of Sorted Ports" VALUE ="0"/>
            <TABLEATTRIBUTE NAME ="Tracing Level" VALUE ="Normal"/>
            <TABLEATTRIBUTE NAME ="Select Distinct" VALUE ="NO"/>
            <TABLEATTRIBUTE NAME ="Is Partitionable" VALUE ="NO"/>
            <TABLEATTRIBUTE NAME ="Pre SQL" VALUE =""/>
            <TABLEATTRIBUTE NAME ="Post SQL" VALUE =""/>
            <TABLEATTRIBUTE NAME ="Output is deterministic" VALUE ="NO"/>
            <TABLEATTRIBUTE NAME ="Output is repeatable" VALUE ="Never"/>
        </TRANSFORMATION>
        <TRANSFORMATION DESCRIPTION ="Performs a lookup on the target table item_master on item_code and business_unit fields to check for redendancy." NAME ="LKP_ITEM_MASTER" OBJECTVERSION ="1" REUSABLE ="NO" TYPE ="Lookup Procedure" VERSIONNUMBER ="1">
            <TRANSFORMFIELD DATATYPE ="string" DEFAULTVALUE ="" DESCRIPTION ="" NAME ="BU" PICTURETEXT ="" PORTTYPE ="LOOKUP" PRECISION ="3" SCALE ="0"/>
            <TRANSFORMFIELD DATATYPE ="string" DEFAULTVALUE ="" DESCRIPTION ="" NAME ="Item_Code" PICTURETEXT ="" PORTTYPE ="LOOKUP/OUTPUT" PRECISION ="20" SCALE ="0"/>
            <TRANSFORMFIELD DATATYPE ="string" DEFAULTVALUE ="" DESCRIPTION ="" NAME ="I_BUSINESS_UNIT" PICTURETEXT ="" PORTTYPE ="INPUT" PRECISION ="15" SCALE ="0"/>
            <TRANSFORMFIELD DATATYPE ="string" DEFAULTVALUE ="" DESCRIPTION ="" NAME ="I_ITEM_CODE" PICTURETEXT ="" PORTTYPE ="INPUT" PRECISION ="50" SCALE ="0"/>
            <TABLEATTRIBUTE NAME ="Lookup Sql Override" VALUE ="SELECT &#xD;&#xA;item_master.BU as BU, &#xD;&#xA;item_master.Item_Code as Item_Code &#xD;&#xA;FROM &#xD;&#xA;smi.item_master"/>
            <TABLEATTRIBUTE NAME ="Lookup table name" VALUE ="item_master"/>
            <TABLEATTRIBUTE NAME ="Lookup Source Filter" VALUE =""/>
            <TABLEATTRIBUTE NAME ="Lookup caching enabled" VALUE ="YES"/>
            <TABLEATTRIBUTE NAME ="Lookup policy on multiple match" VALUE ="Use Any Value"/>
            <TABLEATTRIBUTE NAME ="Lookup condition" VALUE ="BU = I_BUSINESS_UNIT AND Item_Code = I_ITEM_CODE"/>
            <TABLEATTRIBUTE NAME ="Connection Information" VALUE ="$Target"/>
            <TABLEATTRIBUTE NAME ="Source Type" VALUE ="Database"/>
            <TABLEATTRIBUTE NAME ="Recache if Stale" VALUE ="NO"/>
            <TABLEATTRIBUTE NAME ="Tracing Level" VALUE ="Normal"/>
            <TABLEATTRIBUTE NAME ="Lookup cache directory name" VALUE ="$PMCacheDir"/>
            <TABLEATTRIBUTE NAME ="Lookup cache initialize" VALUE ="NO"/>
            <TABLEATTRIBUTE NAME ="Lookup cache persistent" VALUE ="NO"/>
            <TABLEATTRIBUTE NAME ="Lookup Data Cache Size" VALUE ="Auto"/>
            <TABLEATTRIBUTE NAME ="Lookup Index Cache Size" VALUE ="Auto"/>
            <TABLEATTRIBUTE NAME ="Dynamic Lookup Cache" VALUE ="NO"/>
            <TABLEATTRIBUTE NAME ="Synchronize Dynamic Cache" VALUE ="NO"/>
            <TABLEATTRIBUTE NAME ="Output Old Value On Update" VALUE ="NO"/>
            <TABLEATTRIBUTE NAME ="Update Dynamic Cache Condition" VALUE ="TRUE"/>
            <TABLEATTRIBUTE NAME ="Cache File Name Prefix" VALUE =""/>
            <TABLEATTRIBUTE NAME ="Re-cache from lookup source" VALUE ="NO"/>
            <TABLEATTRIBUTE NAME ="Insert Else Update" VALUE ="NO"/>
            <TABLEATTRIBUTE NAME ="Update Else Insert" VALUE ="NO"/>
            <TABLEATTRIBUTE NAME ="Datetime Format" VALUE =""/>
            <TABLEATTRIBUTE NAME ="Thousand Separator" VALUE ="None"/>
            <TABLEATTRIBUTE NAME ="Decimal Separator" VALUE ="."/>
            <TABLEATTRIBUTE NAME ="Case Sensitive String Comparison" VALUE ="NO"/>
            <TABLEATTRIBUTE NAME ="Null ordering" VALUE ="Null Is Highest Value"/>
            <TABLEATTRIBUTE NAME ="Sorted Input" VALUE ="NO"/>
            <TABLEATTRIBUTE NAME ="Lookup source is static" VALUE ="NO"/>
            <TABLEATTRIBUTE NAME ="Pre-build lookup cache" VALUE ="Auto"/>
            <TABLEATTRIBUTE NAME ="Subsecond Precision" VALUE ="6"/>
        </TRANSFORMATION>
        <TRANSFORMATION DESCRIPTION ="Updates the records in the target based on the update conditon." NAME ="UPD_ITEM_MASTER_UPD" OBJECTVERSION ="1" REUSABLE ="NO" TYPE ="Update Strategy" VERSIONNUMBER ="1">
            <TRANSFORMFIELD DATATYPE ="string" DEFAULTVALUE ="" DESCRIPTION ="" NAME ="BUSINESS_UNIT" PICTURETEXT ="" PORTTYPE ="INPUT/OUTPUT" PRECISION ="15" SCALE ="0"/>
            <TRANSFORMFIELD DATATYPE ="string" DEFAULTVALUE ="" DESCRIPTION ="" NAME ="ITEM_CODE" PICTURETEXT ="" PORTTYPE ="INPUT/OUTPUT" PRECISION ="50" SCALE ="0"/>
            <TRANSFORMFIELD DATATYPE ="string" DEFAULTVALUE ="" DESCRIPTION ="" NAME ="ITEM_DESC1" PICTURETEXT ="" PORTTYPE ="INPUT/OUTPUT" PRECISION ="40" SCALE ="0"/>
            <TRANSFORMFIELD DATATYPE ="decimal" DEFAULTVALUE ="" DESCRIPTION ="" NAME ="STD_COST" PICTURETEXT ="" PORTTYPE ="INPUT/OUTPUT" PRECISION ="18" SCALE ="5"/>
            <TRANSFORMFIELD DATATYPE ="string" DEFAULTVALUE ="" DESCRIPTION ="" NAME ="UOM" PICTURETEXT ="" PORTTYPE ="INPUT/OUTPUT" PRECISION ="10" SCALE ="0"/>
            <TRANSFORMFIELD DATATYPE ="date/time" DEFAULTVALUE ="" DESCRIPTION ="" NAME ="MODIFIED_DATE" PICTURETEXT ="" PORTTYPE ="INPUT/OUTPUT" PRECISION ="29" SCALE ="9"/>
            <TRANSFORMFIELD DATATYPE ="string" DEFAULTVALUE ="" DESCRIPTION ="" NAME ="YEAR" PICTURETEXT ="" PORTTYPE ="INPUT/OUTPUT" PRECISION ="4" SCALE ="0"/>
            <TRANSFORMFIELD DATATYPE ="string" DEFAULTVALUE ="" DESCRIPTION ="" NAME ="PURCH_MAJCL" PICTURETEXT ="" PORTTYPE ="INPUT/OUTPUT" PRECISION ="20" SCALE ="0"/>
            <TRANSFORMFIELD DATATYPE ="string" DEFAULTVALUE ="" DESCRIPTION ="" NAME ="PURCH_MINCL" PICTURETEXT ="" PORTTYPE ="INPUT/OUTPUT" PRECISION ="20" SCALE ="0"/>
            <TRANSFORMFIELD DATATYPE ="string" DEFAULTVALUE ="" DESCRIPTION ="" NAME ="INV_TYPE_CODE" PICTURETEXT ="" PORTTYPE ="INPUT/OUTPUT" PRECISION ="10" SCALE ="0"/>
            <TRANSFORMFIELD DATATYPE ="string" DEFAULTVALUE ="" DESCRIPTION ="" NAME ="SHIP_TO" PICTURETEXT ="" PORTTYPE ="INPUT/OUTPUT" PRECISION ="5" SCALE ="0"/>
            <TRANSFORMFIELD DATATYPE ="date/time" DEFAULTVALUE ="" DESCRIPTION ="" NAME ="DATE_CREATED" PICTURETEXT ="" PORTTYPE ="INPUT/OUTPUT" PRECISION ="29" SCALE ="9"/>
            <TRANSFORMFIELD DATATYPE ="date/time" DEFAULTVALUE ="" DESCRIPTION ="" NAME ="Update_Date" PICTURETEXT ="" PORTTYPE ="INPUT/OUTPUT" PRECISION ="29" SCALE ="9"/>
            <TRANSFORMFIELD DATATYPE ="string" DEFAULTVALUE ="" DESCRIPTION ="" NAME ="Update_Userid" PICTURETEXT ="" PORTTYPE ="INPUT/OUTPUT" PRECISION ="50" SCALE ="0"/>
            <TABLEATTRIBUTE NAME ="Update Strategy Expression" VALUE ="DD_UPDATE"/>
            <TABLEATTRIBUTE NAME ="Forward Rejected Rows" VALUE ="YES"/>
            <TABLEATTRIBUTE NAME ="Tracing Level" VALUE ="Normal"/>
        </TRANSFORMATION>
        <TRANSFORMATION DESCRIPTION ="Allows the records to be inserted into the target based on the insert conditon." NAME ="UPD_ITEM_MASTER_INS" OBJECTVERSION ="1" REUSABLE ="NO" TYPE ="Update Strategy" VERSIONNUMBER ="1">
            <TRANSFORMFIELD DATATYPE ="string" DEFAULTVALUE ="" DESCRIPTION ="" NAME ="BUSINESS_UNIT" PICTURETEXT ="" PORTTYPE ="INPUT/OUTPUT" PRECISION ="15" SCALE ="0"/>
            <TRANSFORMFIELD DATATYPE ="string" DEFAULTVALUE ="" DESCRIPTION ="" NAME ="ITEM_CODE" PICTURETEXT ="" PORTTYPE ="INPUT/OUTPUT" PRECISION ="50" SCALE ="0"/>
            <TRANSFORMFIELD DATATYPE ="string" DEFAULTVALUE ="" DESCRIPTION ="" NAME ="ITEM_DESC1" PICTURETEXT ="" PORTTYPE ="INPUT/OUTPUT" PRECISION ="40" SCALE ="0"/>
            <TRANSFORMFIELD DATATYPE ="decimal" DEFAULTVALUE ="" DESCRIPTION ="" NAME ="STD_COST" PICTURETEXT ="" PORTTYPE ="INPUT/OUTPUT" PRECISION ="18" SCALE ="5"/>
            <TRANSFORMFIELD DATATYPE ="string" DEFAULTVALUE ="" DESCRIPTION ="" NAME ="UOM" PICTURETEXT ="" PORTTYPE ="INPUT/OUTPUT" PRECISION ="10" SCALE ="0"/>
            <TRANSFORMFIELD DATATYPE ="date/time" DEFAULTVALUE ="" DESCRIPTION ="" NAME ="MODIFIED_DATE" PICTURETEXT ="" PORTTYPE ="INPUT/OUTPUT" PRECISION ="29" SCALE ="9"/>
            <TRANSFORMFIELD DATATYPE ="string" DEFAULTVALUE ="" DESCRIPTION ="" NAME ="YEAR" PICTURETEXT ="" PORTTYPE ="INPUT/OUTPUT" PRECISION ="4" SCALE ="0"/>
            <TRANSFORMFIELD DATATYPE ="string" DEFAULTVALUE ="" DESCRIPTION ="" NAME ="PURCH_MAJCL" PICTURETEXT ="" PORTTYPE ="INPUT/OUTPUT" PRECISION ="20" SCALE ="0"/>
            <TRANSFORMFIELD DATATYPE ="string" DEFAULTVALUE ="" DESCRIPTION ="" NAME ="PURCH_MINCL" PICTURETEXT ="" PORTTYPE ="INPUT/OUTPUT" PRECISION ="20" SCALE ="0"/>
            <TRANSFORMFIELD DATATYPE ="string" DEFAULTVALUE ="" DESCRIPTION ="" NAME ="INV_TYPE_CODE" PICTURETEXT ="" PORTTYPE ="INPUT/OUTPUT" PRECISION ="10" SCALE ="0"/>
            <TRANSFORMFIELD DATATYPE ="string" DEFAULTVALUE ="" DESCRIPTION ="" NAME ="SHIP_TO" PICTURETEXT ="" PORTTYPE ="INPUT/OUTPUT" PRECISION ="5" SCALE ="0"/>
            <TRANSFORMFIELD DATATYPE ="date/time" DEFAULTVALUE ="" DESCRIPTION ="" NAME ="DATE_CREATED" PICTURETEXT ="" PORTTYPE ="INPUT/OUTPUT" PRECISION ="29" SCALE ="9"/>
            <TRANSFORMFIELD DATATYPE ="date/time" DEFAULTVALUE ="" DESCRIPTION ="" NAME ="Create_Date" PICTURETEXT ="" PORTTYPE ="INPUT/OUTPUT" PRECISION ="29" SCALE ="9"/>
            <TRANSFORMFIELD DATATYPE ="string" DEFAULTVALUE ="" DESCRIPTION ="" NAME ="Create_Userid" PICTURETEXT ="" PORTTYPE ="INPUT/OUTPUT" PRECISION ="50" SCALE ="0"/>
            <TABLEATTRIBUTE NAME ="Update Strategy Expression" VALUE ="DD_INSERT"/>
            <TABLEATTRIBUTE NAME ="Forward Rejected Rows" VALUE ="YES"/>
            <TABLEATTRIBUTE NAME ="Tracing Level" VALUE ="Normal"/>
        </TRANSFORMATION>
        <TRANSFORMATION DESCRIPTION ="Acts as a safe expression after the source and also used to pass default values to some of the target fields." NAME ="EXP_RM_ITEM" OBJECTVERSION ="1" REUSABLE ="NO" TYPE ="Expression" VERSIONNUMBER ="1">
            <TRANSFORMFIELD DATATYPE ="string" DEFAULTVALUE ="" DESCRIPTION ="" NAME ="BUSINESS_UNIT" PICTURETEXT ="" PORTTYPE ="INPUT" PRECISION ="15" SCALE ="0"/>
            <TRANSFORMFIELD DATATYPE ="string" DEFAULTVALUE ="ERROR(&apos;transformation error&apos;)" DESCRIPTION ="" EXPRESSION ="IIF(ISNULL(BUSINESS_UNIT),&apos; &apos;,BUSINESS_UNIT)" EXPRESSIONTYPE ="GENERAL" NAME ="O_BUSINESS_UNIT" PICTURETEXT ="" PORTTYPE ="OUTPUT" PRECISION ="15" SCALE ="0"/>
            <TRANSFORMFIELD DATATYPE ="string" DEFAULTVALUE ="" DESCRIPTION ="" NAME ="ITEM_CODE" PICTURETEXT ="" PORTTYPE ="INPUT" PRECISION ="50" SCALE ="0"/>
            <TRANSFORMFIELD DATATYPE ="string" DEFAULTVALUE ="ERROR(&apos;transformation error&apos;)" DESCRIPTION ="" EXPRESSION ="IIF(ISNULL(ITEM_CODE),&apos;&apos;,ITEM_CODE)" EXPRESSIONTYPE ="GENERAL" NAME ="O_ITEM_CODE" PICTURETEXT ="" PORTTYPE ="OUTPUT" PRECISION ="50" SCALE ="0"/>
            <TRANSFORMFIELD DATATYPE ="string" DEFAULTVALUE ="" DESCRIPTION ="" EXPRESSION ="ITEM_DESC1" EXPRESSIONTYPE ="GENERAL" NAME ="ITEM_DESC1" PICTURETEXT ="" PORTTYPE ="INPUT/OUTPUT" PRECISION ="40" SCALE ="0"/>
            <TRANSFORMFIELD DATATYPE ="decimal" DEFAULTVALUE ="" DESCRIPTION ="" EXPRESSION ="STD_COST" EXPRESSIONTYPE ="GENERAL" NAME ="STD_COST" PICTURETEXT ="" PORTTYPE ="INPUT/OUTPUT" PRECISION ="18" SCALE ="5"/>
            <TRANSFORMFIELD DATATYPE ="string" DEFAULTVALUE ="" DESCRIPTION ="" EXPRESSION ="UOM" EXPRESSIONTYPE ="GENERAL" NAME ="UOM" PICTURETEXT ="" PORTTYPE ="INPUT/OUTPUT" PRECISION ="10" SCALE ="0"/>
            <TRANSFORMFIELD DATATYPE ="date/time" DEFAULTVALUE ="" DESCRIPTION ="" EXPRESSION ="MODIFIED_DATE" EXPRESSIONTYPE ="GENERAL" NAME ="MODIFIED_DATE" PICTURETEXT ="" PORTTYPE ="INPUT/OUTPUT" PRECISION ="29" SCALE ="9"/>
            <TRANSFORMFIELD DATATYPE ="string" DEFAULTVALUE ="" DESCRIPTION ="" EXPRESSION ="YEAR" EXPRESSIONTYPE ="GENERAL" NAME ="YEAR" PICTURETEXT ="" PORTTYPE ="INPUT/OUTPUT" PRECISION ="4" SCALE ="0"/>
            <TRANSFORMFIELD DATATYPE ="string" DEFAULTVALUE ="" DESCRIPTION ="" EXPRESSION ="PURCH_MAJCL" EXPRESSIONTYPE ="GENERAL" NAME ="PURCH_MAJCL" PICTURETEXT ="" PORTTYPE ="INPUT/OUTPUT" PRECISION ="20" SCALE ="0"/>
            <TRANSFORMFIELD DATATYPE ="string" DEFAULTVALUE ="" DESCRIPTION ="" EXPRESSION ="PURCH_MINCL" EXPRESSIONTYPE ="GENERAL" NAME ="PURCH_MINCL" PICTURETEXT ="" PORTTYPE ="INPUT/OUTPUT" PRECISION ="20" SCALE ="0"/>
            <TRANSFORMFIELD DATATYPE ="string" DEFAULTVALUE ="" DESCRIPTION ="" EXPRESSION ="INV_TYPE_CODE" EXPRESSIONTYPE ="GENERAL" NAME ="INV_TYPE_CODE" PICTURETEXT ="" PORTTYPE ="INPUT/OUTPUT" PRECISION ="10" SCALE ="0"/>
            <TRANSFORMFIELD DATATYPE ="string" DEFAULTVALUE ="" DESCRIPTION ="" EXPRESSION ="SHIP_TO" EXPRESSIONTYPE ="GENERAL" NAME ="SHIP_TO" PICTURETEXT ="" PORTTYPE ="INPUT/OUTPUT" PRECISION ="5" SCALE ="0"/>
            <TRANSFORMFIELD DATATYPE ="date/time" DEFAULTVALUE ="" DESCRIPTION ="" EXPRESSION ="DATE_CREATED" EXPRESSIONTYPE ="GENERAL" NAME ="DATE_CREATED" PICTURETEXT ="" PORTTYPE ="INPUT/OUTPUT" PRECISION ="29" SCALE ="9"/>
            <TRANSFORMFIELD DATATYPE ="date/time" DEFAULTVALUE ="" DESCRIPTION ="" EXPRESSION ="SESSSTARTTIME" EXPRESSIONTYPE ="GENERAL" NAME ="Create_Date" PICTURETEXT ="" PORTTYPE ="OUTPUT" PRECISION ="29" SCALE ="9"/>
            <TRANSFORMFIELD DATATYPE ="string" DEFAULTVALUE ="" DESCRIPTION ="" EXPRESSION =" &apos;ETLsmiSQLitem&apos;" EXPRESSIONTYPE ="GENERAL" NAME ="Create_Userid" PICTURETEXT ="" PORTTYPE ="OUTPUT" PRECISION ="50" SCALE ="0"/>
            <TRANSFORMFIELD DATATYPE ="date/time" DEFAULTVALUE ="" DESCRIPTION ="" EXPRESSION ="SESSSTARTTIME" EXPRESSIONTYPE ="GENERAL" NAME ="Update_Date" PICTURETEXT ="" PORTTYPE ="OUTPUT" PRECISION ="29" SCALE ="9"/>
            <TRANSFORMFIELD DATATYPE ="string" DEFAULTVALUE ="" DESCRIPTION ="" EXPRESSION =" &apos;ETLsmiSQLitem&apos;" EXPRESSIONTYPE ="GENERAL" NAME ="Update_Userid" PICTURETEXT ="" PORTTYPE ="OUTPUT" PRECISION ="50" SCALE ="0"/>
            <TABLEATTRIBUTE NAME ="Tracing Level" VALUE ="Normal"/>
        </TRANSFORMATION>
        <TRANSFORMATION DESCRIPTION ="This transformation is used to route the data into the target  based on the insert and the update conditions." NAME ="RTR_ITEM_MASTER_INS_UPD" OBJECTVERSION ="1" REUSABLE ="NO" TYPE ="Router" VERSIONNUMBER ="1">
            <GROUP DESCRIPTION ="" NAME ="INPUT" ORDER ="1" TYPE ="INPUT"/>
            <GROUP DESCRIPTION ="" EXPRESSION ="ISNULL(lkp_Item_Code)" NAME ="ITEM_MASTER_INSERT" ORDER ="2" TYPE ="OUTPUT"/>
            <GROUP DESCRIPTION ="Path for the data when none of the group conditions are satisfied." NAME ="DEFAULT1" ORDER ="4" TYPE ="OUTPUT/DEFAULT"/>
            <GROUP DESCRIPTION ="" EXPRESSION ="NOT ISNULL(lkp_Item_Code)" NAME ="ITEM_MASTER_UPDATE" ORDER ="3" TYPE ="OUTPUT"/>
            <TRANSFORMFIELD DATATYPE ="string" DEFAULTVALUE ="" DESCRIPTION ="" GROUP ="INPUT" NAME ="lkp_Item_Code" PICTURETEXT ="" PORTTYPE ="INPUT" PRECISION ="20" SCALE ="0"/>
            <TRANSFORMFIELD DATATYPE ="string" DEFAULTVALUE ="" DESCRIPTION ="" GROUP ="INPUT" NAME ="BUSINESS_UNIT" PICTURETEXT ="" PORTTYPE ="INPUT" PRECISION ="15" SCALE ="0"/>
            <TRANSFORMFIELD DATATYPE ="string" DEFAULTVALUE ="" DESCRIPTION ="" GROUP ="INPUT" NAME ="ITEM_CODE" PICTURETEXT ="" PORTTYPE ="INPUT" PRECISION ="50" SCALE ="0"/>
            <TRANSFORMFIELD DATATYPE ="string" DEFAULTVALUE ="" DESCRIPTION ="" GROUP ="INPUT" NAME ="ITEM_DESC1" PICTURETEXT ="" PORTTYPE ="INPUT" PRECISION ="40" SCALE ="0"/>
            <TRANSFORMFIELD DATATYPE ="decimal" DEFAULTVALUE ="" DESCRIPTION ="" GROUP ="INPUT" NAME ="STD_COST" PICTURETEXT ="" PORTTYPE ="INPUT" PRECISION ="18" SCALE ="5"/>
            <TRANSFORMFIELD DATATYPE ="string" DEFAULTVALUE ="" DESCRIPTION ="" GROUP ="INPUT" NAME ="UOM" PICTURETEXT ="" PORTTYPE ="INPUT" PRECISION ="10" SCALE ="0"/>
            <TRANSFORMFIELD DATATYPE ="date/time" DEFAULTVALUE ="" DESCRIPTION ="" GROUP ="INPUT" NAME ="MODIFIED_DATE" PICTURETEXT ="" PORTTYPE ="INPUT" PRECISION ="29" SCALE ="9"/>
            <TRANSFORMFIELD DATATYPE ="string" DEFAULTVALUE ="" DESCRIPTION ="" GROUP ="INPUT" NAME ="YEAR" PICTURETEXT ="" PORTTYPE ="INPUT" PRECISION ="4" SCALE ="0"/>
            <TRANSFORMFIELD DATATYPE ="string" DEFAULTVALUE ="" DESCRIPTION ="" GROUP ="INPUT" NAME ="PURCH_MAJCL" PICTURETEXT ="" PORTTYPE ="INPUT" PRECISION ="20" SCALE ="0"/>
            <TRANSFORMFIELD DATATYPE ="string" DEFAULTVALUE ="" DESCRIPTION ="" GROUP ="INPUT" NAME ="PURCH_MINCL" PICTURETEXT ="" PORTTYPE ="INPUT" PRECISION ="20" SCALE ="0"/>
            <TRANSFORMFIELD DATATYPE ="string" DEFAULTVALUE ="" DESCRIPTION ="" GROUP ="INPUT" NAME ="INV_TYPE_CODE" PICTURETEXT ="" PORTTYPE ="INPUT" PRECISION ="10" SCALE ="0"/>
            <TRANSFORMFIELD DATATYPE ="string" DEFAULTVALUE ="" DESCRIPTION ="" GROUP ="INPUT" NAME ="SHIP_TO" PICTURETEXT ="" PORTTYPE ="INPUT" PRECISION ="5" SCALE ="0"/>
            <TRANSFORMFIELD DATATYPE ="date/time" DEFAULTVALUE ="" DESCRIPTION ="" GROUP ="INPUT" NAME ="DATE_CREATED" PICTURETEXT ="" PORTTYPE ="INPUT" PRECISION ="29" SCALE ="9"/>
            <TRANSFORMFIELD DATATYPE ="date/time" DEFAULTVALUE ="" DESCRIPTION ="" GROUP ="INPUT" NAME ="Create_Date" PICTURETEXT ="" PORTTYPE ="INPUT" PRECISION ="29" SCALE ="9"/>
            <TRANSFORMFIELD DATATYPE ="string" DEFAULTVALUE ="" DESCRIPTION ="" GROUP ="INPUT" NAME ="Create_Userid" PICTURETEXT ="" PORTTYPE ="INPUT" PRECISION ="50" SCALE ="0"/>
            <TRANSFORMFIELD DATATYPE ="date/time" DEFAULTVALUE ="" DESCRIPTION ="" GROUP ="INPUT" NAME ="Update_Date" PICTURETEXT ="" PORTTYPE ="INPUT" PRECISION ="29" SCALE ="9"/>
            <TRANSFORMFIELD DATATYPE ="string" DEFAULTVALUE ="" DESCRIPTION ="" GROUP ="INPUT" NAME ="Update_Userid" PICTURETEXT ="" PORTTYPE ="INPUT" PRECISION ="50" SCALE ="0"/>
            <TRANSFORMFIELD DATATYPE ="string" DEFAULTVALUE ="" DESCRIPTION ="" GROUP ="ITEM_MASTER_INSERT" NAME ="lkp_Item_Code1" PICTURETEXT ="" PORTTYPE ="OUTPUT" PRECISION ="20" REF_FIELD ="lkp_Item_Code" SCALE ="0"/>
            <TRANSFORMFIELD DATATYPE ="string" DEFAULTVALUE ="" DESCRIPTION ="" GROUP ="ITEM_MASTER_INSERT" NAME ="BUSINESS_UNIT1" PICTURETEXT ="" PORTTYPE ="OUTPUT" PRECISION ="15" REF_FIELD ="BUSINESS_UNIT" SCALE ="0"/>
            <TRANSFORMFIELD DATATYPE ="string" DEFAULTVALUE ="" DESCRIPTION ="" GROUP ="ITEM_MASTER_INSERT" NAME ="ITEM_CODE1" PICTURETEXT ="" PORTTYPE ="OUTPUT" PRECISION ="50" REF_FIELD ="ITEM_CODE" SCALE ="0"/>
            <TRANSFORMFIELD DATATYPE ="string" DEFAULTVALUE ="" DESCRIPTION ="" GROUP ="ITEM_MASTER_INSERT" NAME ="ITEM_DESC11" PICTURETEXT ="" PORTTYPE ="OUTPUT" PRECISION ="40" REF_FIELD ="ITEM_DESC1" SCALE ="0"/>
            <TRANSFORMFIELD DATATYPE ="decimal" DEFAULTVALUE ="" DESCRIPTION ="" GROUP ="ITEM_MASTER_INSERT" NAME ="STD_COST1" PICTURETEXT ="" PORTTYPE ="OUTPUT" PRECISION ="18" REF_FIELD ="STD_COST" SCALE ="5"/>
            <TRANSFORMFIELD DATATYPE ="string" DEFAULTVALUE ="" DESCRIPTION ="" GROUP ="ITEM_MASTER_INSERT" NAME ="UOM1" PICTURETEXT ="" PORTTYPE ="OUTPUT" PRECISION ="10" REF_FIELD ="UOM" SCALE ="0"/>
            <TRANSFORMFIELD DATATYPE ="date/time" DEFAULTVALUE ="" DESCRIPTION ="" GROUP ="ITEM_MASTER_INSERT" NAME ="MODIFIED_DATE1" PICTURETEXT ="" PORTTYPE ="OUTPUT" PRECISION ="29" REF_FIELD ="MODIFIED_DATE" SCALE ="9"/>
            <TRANSFORMFIELD DATATYPE ="string" DEFAULTVALUE ="" DESCRIPTION ="" GROUP ="ITEM_MASTER_INSERT" NAME ="YEAR1" PICTURETEXT ="" PORTTYPE ="OUTPUT" PRECISION ="4" REF_FIELD ="YEAR" SCALE ="0"/>
            <TRANSFORMFIELD DATATYPE ="string" DEFAULTVALUE ="" DESCRIPTION ="" GROUP ="ITEM_MASTER_INSERT" NAME ="PURCH_MAJCL1" PICTURETEXT ="" PORTTYPE ="OUTPUT" PRECISION ="20" REF_FIELD ="PURCH_MAJCL" SCALE ="0"/>
            <TRANSFORMFIELD DATATYPE ="string" DEFAULTVALUE ="" DESCRIPTION ="" GROUP ="ITEM_MASTER_INSERT" NAME ="PURCH_MINCL1" PICTURETEXT ="" PORTTYPE ="OUTPUT" PRECISION ="20" REF_FIELD ="PURCH_MINCL" SCALE ="0"/>
            <TRANSFORMFIELD DATATYPE ="string" DEFAULTVALUE ="" DESCRIPTION ="" GROUP ="ITEM_MASTER_INSERT" NAME ="INV_TYPE_CODE1" PICTURETEXT ="" PORTTYPE ="OUTPUT" PRECISION ="10" REF_FIELD ="INV_TYPE_CODE" SCALE ="0"/>
            <TRANSFORMFIELD DATATYPE ="string" DEFAULTVALUE ="" DESCRIPTION ="" GROUP ="ITEM_MASTER_INSERT" NAME ="SHIP_TO1" PICTURETEXT ="" PORTTYPE ="OUTPUT" PRECISION ="5" REF_FIELD ="SHIP_TO" SCALE ="0"/>
            <TRANSFORMFIELD DATATYPE ="date/time" DEFAULTVALUE ="" DESCRIPTION ="" GROUP ="ITEM_MASTER_INSERT" NAME ="DATE_CREATED1" PICTURETEXT ="" PORTTYPE ="OUTPUT" PRECISION ="29" REF_FIELD ="DATE_CREATED" SCALE ="9"/>
            <TRANSFORMFIELD DATATYPE ="date/time" DEFAULTVALUE ="" DESCRIPTION ="" GROUP ="ITEM_MASTER_INSERT" NAME ="Create_Date1" PICTURETEXT ="" PORTTYPE ="OUTPUT" PRECISION ="29" REF_FIELD ="Create_Date" SCALE ="9"/>
            <TRANSFORMFIELD DATATYPE ="string" DEFAULTVALUE ="" DESCRIPTION ="" GROUP ="ITEM_MASTER_INSERT" NAME ="Create_Userid1" PICTURETEXT ="" PORTTYPE ="OUTPUT" PRECISION ="50" REF_FIELD ="Create_Userid" SCALE ="0"/>
            <TRANSFORMFIELD DATATYPE ="date/time" DEFAULTVALUE ="" DESCRIPTION ="" GROUP ="ITEM_MASTER_INSERT" NAME ="Update_Date1" PICTURETEXT ="" PORTTYPE ="OUTPUT" PRECISION ="29" REF_FIELD ="Update_Date" SCALE ="9"/>
            <TRANSFORMFIELD DATATYPE ="string" DEFAULTVALUE ="" DESCRIPTION ="" GROUP ="ITEM_MASTER_INSERT" NAME ="Update_Userid1" PICTURETEXT ="" PORTTYPE ="OUTPUT" PRECISION ="50" REF_FIELD ="Update_Userid" SCALE ="0"/>
            <TRANSFORMFIELD DATATYPE ="string" DEFAULTVALUE ="" DESCRIPTION ="" GROUP ="ITEM_MASTER_UPDATE" NAME ="lkp_Item_Code3" PICTURETEXT ="" PORTTYPE ="OUTPUT" PRECISION ="20" REF_FIELD ="lkp_Item_Code" SCALE ="0"/>
            <TRANSFORMFIELD DATATYPE ="string" DEFAULTVALUE ="" DESCRIPTION ="" GROUP ="ITEM_MASTER_UPDATE" NAME ="BUSINESS_UNIT3" PICTURETEXT ="" PORTTYPE ="OUTPUT" PRECISION ="15" REF_FIELD ="BUSINESS_UNIT" SCALE ="0"/>
            <TRANSFORMFIELD DATATYPE ="string" DEFAULTVALUE ="" DESCRIPTION ="" GROUP ="ITEM_MASTER_UPDATE" NAME ="ITEM_CODE3" PICTURETEXT ="" PORTTYPE ="OUTPUT" PRECISION ="50" REF_FIELD ="ITEM_CODE" SCALE ="0"/>
            <TRANSFORMFIELD DATATYPE ="string" DEFAULTVALUE ="" DESCRIPTION ="" GROUP ="ITEM_MASTER_UPDATE" NAME ="ITEM_DESC13" PICTURETEXT ="" PORTTYPE ="OUTPUT" PRECISION ="40" REF_FIELD ="ITEM_DESC1" SCALE ="0"/>
            <TRANSFORMFIELD DATATYPE ="decimal" DEFAULTVALUE ="" DESCRIPTION ="" GROUP ="ITEM_MASTER_UPDATE" NAME ="STD_COST3" PICTURETEXT ="" PORTTYPE ="OUTPUT" PRECISION ="18" REF_FIELD ="STD_COST" SCALE ="5"/>
            <TRANSFORMFIELD DATATYPE ="string" DEFAULTVALUE ="" DESCRIPTION ="" GROUP ="ITEM_MASTER_UPDATE" NAME ="UOM3" PICTURETEXT ="" PORTTYPE ="OUTPUT" PRECISION ="10" REF_FIELD ="UOM" SCALE ="0"/>
            <TRANSFORMFIELD DATATYPE ="date/time" DEFAULTVALUE ="" DESCRIPTION ="" GROUP ="ITEM_MASTER_UPDATE" NAME ="MODIFIED_DATE3" PICTURETEXT ="" PORTTYPE ="OUTPUT" PRECISION ="29" REF_FIELD ="MODIFIED_DATE" SCALE ="9"/>
            <TRANSFORMFIELD DATATYPE ="string" DEFAULTVALUE ="" DESCRIPTION ="" GROUP ="ITEM_MASTER_UPDATE" NAME ="YEAR3" PICTURETEXT ="" PORTTYPE ="OUTPUT" PRECISION ="4" REF_FIELD ="YEAR" SCALE ="0"/>
            <TRANSFORMFIELD DATATYPE ="string" DEFAULTVALUE ="" DESCRIPTION ="" GROUP ="ITEM_MASTER_UPDATE" NAME ="PURCH_MAJCL3" PICTURETEXT ="" PORTTYPE ="OUTPUT" PRECISION ="20" REF_FIELD ="PURCH_MAJCL" SCALE ="0"/>
            <TRANSFORMFIELD DATATYPE ="string" DEFAULTVALUE ="" DESCRIPTION ="" GROUP ="ITEM_MASTER_UPDATE" NAME ="PURCH_MINCL3" PICTURETEXT ="" PORTTYPE ="OUTPUT" PRECISION ="20" REF_FIELD ="PURCH_MINCL" SCALE ="0"/>
            <TRANSFORMFIELD DATATYPE ="string" DEFAULTVALUE ="" DESCRIPTION ="" GROUP ="ITEM_MASTER_UPDATE" NAME ="INV_TYPE_CODE3" PICTURETEXT ="" PORTTYPE ="OUTPUT" PRECISION ="10" REF_FIELD ="INV_TYPE_CODE" SCALE ="0"/>
            <TRANSFORMFIELD DATATYPE ="string" DEFAULTVALUE ="" DESCRIPTION ="" GROUP ="ITEM_MASTER_UPDATE" NAME ="SHIP_TO3" PICTURETEXT ="" PORTTYPE ="OUTPUT" PRECISION ="5" REF_FIELD ="SHIP_TO" SCALE ="0"/>
            <TRANSFORMFIELD DATATYPE ="date/time" DEFAULTVALUE ="" DESCRIPTION ="" GROUP ="ITEM_MASTER_UPDATE" NAME ="DATE_CREATED3" PICTURETEXT ="" PORTTYPE ="OUTPUT" PRECISION ="29" REF_FIELD ="DATE_CREATED" SCALE ="9"/>
            <TRANSFORMFIELD DATATYPE ="date/time" DEFAULTVALUE ="" DESCRIPTION ="" GROUP ="ITEM_MASTER_UPDATE" NAME ="Create_Date3" PICTURETEXT ="" PORTTYPE ="OUTPUT" PRECISION ="29" REF_FIELD ="Create_Date" SCALE ="9"/>
            <TRANSFORMFIELD DATATYPE ="string" DEFAULTVALUE ="" DESCRIPTION ="" GROUP ="ITEM_MASTER_UPDATE" NAME ="Create_Userid3" PICTURETEXT ="" PORTTYPE ="OUTPUT" PRECISION ="50" REF_FIELD ="Create_Userid" SCALE ="0"/>
            <TRANSFORMFIELD DATATYPE ="date/time" DEFAULTVALUE ="" DESCRIPTION ="" GROUP ="ITEM_MASTER_UPDATE" NAME ="Update_Date3" PICTURETEXT ="" PORTTYPE ="OUTPUT" PRECISION ="29" REF_FIELD ="Update_Date" SCALE ="9"/>
            <TRANSFORMFIELD DATATYPE ="string" DEFAULTVALUE ="" DESCRIPTION ="" GROUP ="ITEM_MASTER_UPDATE" NAME ="Update_Userid3" PICTURETEXT ="" PORTTYPE ="OUTPUT" PRECISION ="50" REF_FIELD ="Update_Userid" SCALE ="0"/>
            <TRANSFORMFIELD DATATYPE ="string" DEFAULTVALUE ="" DESCRIPTION ="" GROUP ="DEFAULT1" NAME ="lkp_Item_Code2" PICTURETEXT ="" PORTTYPE ="OUTPUT" PRECISION ="20" REF_FIELD ="lkp_Item_Code" SCALE ="0"/>
            <TRANSFORMFIELD DATATYPE ="string" DEFAULTVALUE ="" DESCRIPTION ="" GROUP ="DEFAULT1" NAME ="BUSINESS_UNIT2" PICTURETEXT ="" PORTTYPE ="OUTPUT" PRECISION ="15" REF_FIELD ="BUSINESS_UNIT" SCALE ="0"/>
            <TRANSFORMFIELD DATATYPE ="string" DEFAULTVALUE ="" DESCRIPTION ="" GROUP ="DEFAULT1" NAME ="ITEM_CODE2" PICTURETEXT ="" PORTTYPE ="OUTPUT" PRECISION ="50" REF_FIELD ="ITEM_CODE" SCALE ="0"/>
            <TRANSFORMFIELD DATATYPE ="string" DEFAULTVALUE ="" DESCRIPTION ="" GROUP ="DEFAULT1" NAME ="ITEM_DESC12" PICTURETEXT ="" PORTTYPE ="OUTPUT" PRECISION ="40" REF_FIELD ="ITEM_DESC1" SCALE ="0"/>
            <TRANSFORMFIELD DATATYPE ="decimal" DEFAULTVALUE ="" DESCRIPTION ="" GROUP ="DEFAULT1" NAME ="STD_COST2" PICTURETEXT ="" PORTTYPE ="OUTPUT" PRECISION ="18" REF_FIELD ="STD_COST" SCALE ="5"/>
            <TRANSFORMFIELD DATATYPE ="string" DEFAULTVALUE ="" DESCRIPTION ="" GROUP ="DEFAULT1" NAME ="UOM2" PICTURETEXT ="" PORTTYPE ="OUTPUT" PRECISION ="10" REF_FIELD ="UOM" SCALE ="0"/>
            <TRANSFORMFIELD DATATYPE ="date/time" DEFAULTVALUE ="" DESCRIPTION ="" GROUP ="DEFAULT1" NAME ="MODIFIED_DATE2" PICTURETEXT ="" PORTTYPE ="OUTPUT" PRECISION ="29" REF_FIELD ="MODIFIED_DATE" SCALE ="9"/>
            <TRANSFORMFIELD DATATYPE ="string" DEFAULTVALUE ="" DESCRIPTION ="" GROUP ="DEFAULT1" NAME ="YEAR2" PICTURETEXT ="" PORTTYPE ="OUTPUT" PRECISION ="4" REF_FIELD ="YEAR" SCALE ="0"/>
            <TRANSFORMFIELD DATATYPE ="string" DEFAULTVALUE ="" DESCRIPTION ="" GROUP ="DEFAULT1" NAME ="PURCH_MAJCL2" PICTURETEXT ="" PORTTYPE ="OUTPUT" PRECISION ="20" REF_FIELD ="PURCH_MAJCL" SCALE ="0"/>
            <TRANSFORMFIELD DATATYPE ="string" DEFAULTVALUE ="" DESCRIPTION ="" GROUP ="DEFAULT1" NAME ="PURCH_MINCL2" PICTURETEXT ="" PORTTYPE ="OUTPUT" PRECISION ="20" REF_FIELD ="PURCH_MINCL" SCALE ="0"/>
            <TRANSFORMFIELD DATATYPE ="string" DEFAULTVALUE ="" DESCRIPTION ="" GROUP ="DEFAULT1" NAME ="INV_TYPE_CODE2" PICTURETEXT ="" PORTTYPE ="OUTPUT" PRECISION ="10" REF_FIELD ="INV_TYPE_CODE" SCALE ="0"/>
            <TRANSFORMFIELD DATATYPE ="string" DEFAULTVALUE ="" DESCRIPTION ="" GROUP ="DEFAULT1" NAME ="SHIP_TO2" PICTURETEXT ="" PORTTYPE ="OUTPUT" PRECISION ="5" REF_FIELD ="SHIP_TO" SCALE ="0"/>
            <TRANSFORMFIELD DATATYPE ="date/time" DEFAULTVALUE ="" DESCRIPTION ="" GROUP ="DEFAULT1" NAME ="DATE_CREATED2" PICTURETEXT ="" PORTTYPE ="OUTPUT" PRECISION ="29" REF_FIELD ="DATE_CREATED" SCALE ="9"/>
            <TRANSFORMFIELD DATATYPE ="date/time" DEFAULTVALUE ="" DESCRIPTION ="" GROUP ="DEFAULT1" NAME ="Create_Date2" PICTURETEXT ="" PORTTYPE ="OUTPUT" PRECISION ="29" REF_FIELD ="Create_Date" SCALE ="9"/>
            <TRANSFORMFIELD DATATYPE ="string" DEFAULTVALUE ="" DESCRIPTION ="" GROUP ="DEFAULT1" NAME ="Create_Userid2" PICTURETEXT ="" PORTTYPE ="OUTPUT" PRECISION ="50" REF_FIELD ="Create_Userid" SCALE ="0"/>
            <TRANSFORMFIELD DATATYPE ="date/time" DEFAULTVALUE ="" DESCRIPTION ="" GROUP ="DEFAULT1" NAME ="Update_Date2" PICTURETEXT ="" PORTTYPE ="OUTPUT" PRECISION ="29" REF_FIELD ="Update_Date" SCALE ="9"/>
            <TRANSFORMFIELD DATATYPE ="string" DEFAULTVALUE ="" DESCRIPTION ="" GROUP ="DEFAULT1" NAME ="Update_Userid2" PICTURETEXT ="" PORTTYPE ="OUTPUT" PRECISION ="50" REF_FIELD ="Update_Userid" SCALE ="0"/>
            <TABLEATTRIBUTE NAME ="Tracing Level" VALUE ="Normal"/>
        </TRANSFORMATION>
        <INSTANCE DESCRIPTION ="Target Definition item_master." NAME ="item_master_upd" TRANSFORMATION_NAME ="item_master" TRANSFORMATION_TYPE ="Target Definition" TYPE ="TARGET"/>
        <INSTANCE DESCRIPTION ="Target Definition item_master." NAME ="item_master" TRANSFORMATION_NAME ="item_master" TRANSFORMATION_TYPE ="Target Definition" TYPE ="TARGET"/>
        <INSTANCE DBDNAME ="slbadw" DESCRIPTION ="Source Definition RM_ITEM." NAME ="RM_ITEM" TRANSFORMATION_NAME ="RM_ITEM" TRANSFORMATION_TYPE ="Source Definition" TYPE ="SOURCE"/>
        <INSTANCE DESCRIPTION ="This SQ transformation fetches all the records from the source RM_ITEM." NAME ="SQ_RM_ITEM" REUSABLE ="NO" TRANSFORMATION_NAME ="SQ_RM_ITEM" TRANSFORMATION_TYPE ="Source Qualifier" TYPE ="TRANSFORMATION">
            <ASSOCIATED_SOURCE_INSTANCE NAME ="RM_ITEM"/>
        </INSTANCE>
        <INSTANCE DESCRIPTION ="Performs a lookup on the target table item_master on item_code and business_unit fields to check for redendancy." NAME ="LKP_ITEM_MASTER" REUSABLE ="NO" TRANSFORMATION_NAME ="LKP_ITEM_MASTER" TRANSFORMATION_TYPE ="Lookup Procedure" TYPE ="TRANSFORMATION"/>
        <INSTANCE DESCRIPTION ="Updates the records in the target based on the update conditon." NAME ="UPD_ITEM_MASTER_UPD" REUSABLE ="NO" TRANSFORMATION_NAME ="UPD_ITEM_MASTER_UPD" TRANSFORMATION_TYPE ="Update Strategy" TYPE ="TRANSFORMATION"/>
        <INSTANCE DESCRIPTION ="Allows the records to be inserted into the target based on the insert conditon." NAME ="UPD_ITEM_MASTER_INS" REUSABLE ="NO" TRANSFORMATION_NAME ="UPD_ITEM_MASTER_INS" TRANSFORMATION_TYPE ="Update Strategy" TYPE ="TRANSFORMATION"/>
        <INSTANCE DESCRIPTION ="Acts as a safe expression after the source and also used to pass default values to some of the target fields." NAME ="EXP_RM_ITEM" REUSABLE ="NO" TRANSFORMATION_NAME ="EXP_RM_ITEM" TRANSFORMATION_TYPE ="Expression" TYPE ="TRANSFORMATION"/>
        <INSTANCE DESCRIPTION ="This transformation is used to route the data into the target  based on the insert and the update conditions." NAME ="RTR_ITEM_MASTER_INS_UPD" REUSABLE ="NO" TRANSFORMATION_NAME ="RTR_ITEM_MASTER_INS_UPD" TRANSFORMATION_TYPE ="Router" TYPE ="TRANSFORMATION"/>
        <CONNECTOR FROMFIELD ="ITEM_CODE" FROMINSTANCE ="UPD_ITEM_MASTER_UPD" FROMINSTANCETYPE ="Update Strategy" TOFIELD ="Item_Code" TOINSTANCE ="item_master_upd" TOINSTANCETYPE ="Target Definition"/>
        <CONNECTOR FROMFIELD ="STD_COST" FROMINSTANCE ="UPD_ITEM_MASTER_UPD" FROMINSTANCETYPE ="Update Strategy" TOFIELD ="Std_Cost" TOINSTANCE ="item_master_upd" TOINSTANCETYPE ="Target Definition"/>
        <CONNECTOR FROMFIELD ="UOM" FROMINSTANCE ="UPD_ITEM_MASTER_UPD" FROMINSTANCETYPE ="Update Strategy" TOFIELD ="UOM" TOINSTANCE ="item_master_upd" TOINSTANCETYPE ="Target Definition"/>
        <CONNECTOR FROMFIELD ="MODIFIED_DATE" FROMINSTANCE ="UPD_ITEM_MASTER_UPD" FROMINSTANCETYPE ="Update Strategy" TOFIELD ="Modified_Date" TOINSTANCE ="item_master_upd" TOINSTANCETYPE ="Target Definition"/>
        <CONNECTOR FROMFIELD ="YEAR" FROMINSTANCE ="UPD_ITEM_MASTER_UPD" FROMINSTANCETYPE ="Update Strategy" TOFIELD ="Year" TOINSTANCE ="item_master_upd" TOINSTANCETYPE ="Target Definition"/>
        <CONNECTOR FROMFIELD ="SHIP_TO" FROMINSTANCE ="UPD_ITEM_MASTER_UPD" FROMINSTANCETYPE ="Update Strategy" TOFIELD ="Ship_To" TOINSTANCE ="item_master_upd" TOINSTANCETYPE ="Target Definition"/>
        <CONNECTOR FROMFIELD ="Update_Date" FROMINSTANCE ="UPD_ITEM_MASTER_UPD" FROMINSTANCETYPE ="Update Strategy" TOFIELD ="Update_Date" TOINSTANCE ="item_master_upd" TOINSTANCETYPE ="Target Definition"/>
        <CONNECTOR FROMFIELD ="Update_Userid" FROMINSTANCE ="UPD_ITEM_MASTER_UPD" FROMINSTANCETYPE ="Update Strategy" TOFIELD ="Update_Userid" TOINSTANCE ="item_master_upd" TOINSTANCETYPE ="Target Definition"/>
        <CONNECTOR FROMFIELD ="BUSINESS_UNIT" FROMINSTANCE ="UPD_ITEM_MASTER_UPD" FROMINSTANCETYPE ="Update Strategy" TOFIELD ="BU" TOINSTANCE ="item_master_upd" TOINSTANCETYPE ="Target Definition"/>
        <CONNECTOR FROMFIELD ="ITEM_DESC1" FROMINSTANCE ="UPD_ITEM_MASTER_UPD" FROMINSTANCETYPE ="Update Strategy" TOFIELD ="Item_Desc" TOINSTANCE ="item_master_upd" TOINSTANCETYPE ="Target Definition"/>
        <CONNECTOR FROMFIELD ="PURCH_MAJCL" FROMINSTANCE ="UPD_ITEM_MASTER_UPD" FROMINSTANCETYPE ="Update Strategy" TOFIELD ="Maj_Fin" TOINSTANCE ="item_master_upd" TOINSTANCETYPE ="Target Definition"/>
        <CONNECTOR FROMFIELD ="PURCH_MINCL" FROMINSTANCE ="UPD_ITEM_MASTER_UPD" FROMINSTANCETYPE ="Update Strategy" TOFIELD ="Min_Fin" TOINSTANCE ="item_master_upd" TOINSTANCETYPE ="Target Definition"/>
        <CONNECTOR FROMFIELD ="INV_TYPE_CODE" FROMINSTANCE ="UPD_ITEM_MASTER_UPD" FROMINSTANCETYPE ="Update Strategy" TOFIELD ="Inv_Type_Cd" TOINSTANCE ="item_master_upd" TOINSTANCETYPE ="Target Definition"/>
        <CONNECTOR FROMFIELD ="DATE_CREATED" FROMINSTANCE ="UPD_ITEM_MASTER_UPD" FROMINSTANCETYPE ="Update Strategy" TOFIELD ="Item_Create_Date" TOINSTANCE ="item_master_upd" TOINSTANCETYPE ="Target Definition"/>
        <CONNECTOR FROMFIELD ="ITEM_CODE" FROMINSTANCE ="UPD_ITEM_MASTER_INS" FROMINSTANCETYPE ="Update Strategy" TOFIELD ="Item_Code" TOINSTANCE ="item_master" TOINSTANCETYPE ="Target Definition"/>
        <CONNECTOR FROMFIELD ="STD_COST" FROMINSTANCE ="UPD_ITEM_MASTER_INS" FROMINSTANCETYPE ="Update Strategy" TOFIELD ="Std_Cost" TOINSTANCE ="item_master" TOINSTANCETYPE ="Target Definition"/>
        <CONNECTOR FROMFIELD ="UOM" FROMINSTANCE ="UPD_ITEM_MASTER_INS" FROMINSTANCETYPE ="Update Strategy" TOFIELD ="UOM" TOINSTANCE ="item_master" TOINSTANCETYPE ="Target Definition"/>
        <CONNECTOR FROMFIELD ="MODIFIED_DATE" FROMINSTANCE ="UPD_ITEM_MASTER_INS" FROMINSTANCETYPE ="Update Strategy" TOFIELD ="Modified_Date" TOINSTANCE ="item_master" TOINSTANCETYPE ="Target Definition"/>
        <CONNECTOR FROMFIELD ="YEAR" FROMINSTANCE ="UPD_ITEM_MASTER_INS" FROMINSTANCETYPE ="Update Strategy" TOFIELD ="Year" TOINSTANCE ="item_master" TOINSTANCETYPE ="Target Definition"/>
        <CONNECTOR FROMFIELD ="SHIP_TO" FROMINSTANCE ="UPD_ITEM_MASTER_INS" FROMINSTANCETYPE ="Update Strategy" TOFIELD ="Ship_To" TOINSTANCE ="item_master" TOINSTANCETYPE ="Target Definition"/>
        <CONNECTOR FROMFIELD ="Create_Date" FROMINSTANCE ="UPD_ITEM_MASTER_INS" FROMINSTANCETYPE ="Update Strategy" TOFIELD ="Create_Date" TOINSTANCE ="item_master" TOINSTANCETYPE ="Target Definition"/>
        <CONNECTOR FROMFIELD ="Create_Userid" FROMINSTANCE ="UPD_ITEM_MASTER_INS" FROMINSTANCETYPE ="Update Strategy" TOFIELD ="Create_Userid" TOINSTANCE ="item_master" TOINSTANCETYPE ="Target Definition"/>
        <CONNECTOR FROMFIELD ="ITEM_DESC1" FROMINSTANCE ="UPD_ITEM_MASTER_INS" FROMINSTANCETYPE ="Update Strategy" TOFIELD ="Item_Desc" TOINSTANCE ="item_master" TOINSTANCETYPE ="Target Definition"/>
        <CONNECTOR FROMFIELD ="BUSINESS_UNIT" FROMINSTANCE ="UPD_ITEM_MASTER_INS" FROMINSTANCETYPE ="Update Strategy" TOFIELD ="BU" TOINSTANCE ="item_master" TOINSTANCETYPE ="Target Definition"/>
        <CONNECTOR FROMFIELD ="PURCH_MAJCL" FROMINSTANCE ="UPD_ITEM_MASTER_INS" FROMINSTANCETYPE ="Update Strategy" TOFIELD ="Maj_Fin" TOINSTANCE ="item_master" TOINSTANCETYPE ="Target Definition"/>
        <CONNECTOR FROMFIELD ="PURCH_MINCL" FROMINSTANCE ="UPD_ITEM_MASTER_INS" FROMINSTANCETYPE ="Update Strategy" TOFIELD ="Min_Fin" TOINSTANCE ="item_master" TOINSTANCETYPE ="Target Definition"/>
        <CONNECTOR FROMFIELD ="INV_TYPE_CODE" FROMINSTANCE ="UPD_ITEM_MASTER_INS" FROMINSTANCETYPE ="Update Strategy" TOFIELD ="Inv_Type_Cd" TOINSTANCE ="item_master" TOINSTANCETYPE ="Target Definition"/>
        <CONNECTOR FROMFIELD ="DATE_CREATED" FROMINSTANCE ="UPD_ITEM_MASTER_INS" FROMINSTANCETYPE ="Update Strategy" TOFIELD ="Item_Create_Date" TOINSTANCE ="item_master" TOINSTANCETYPE ="Target Definition"/>
        <CONNECTOR FROMFIELD ="UOM" FROMINSTANCE ="RM_ITEM" FROMINSTANCETYPE ="Source Definition" TOFIELD ="UOM" TOINSTANCE ="SQ_RM_ITEM" TOINSTANCETYPE ="Source Qualifier"/>
        <CONNECTOR FROMFIELD ="BUSINESS_UNIT" FROMINSTANCE ="RM_ITEM" FROMINSTANCETYPE ="Source Definition" TOFIELD ="BUSINESS_UNIT" TOINSTANCE ="SQ_RM_ITEM" TOINSTANCETYPE ="Source Qualifier"/>
        <CONNECTOR FROMFIELD ="MODIFIED_DATE" FROMINSTANCE ="RM_ITEM" FROMINSTANCETYPE ="Source Definition" TOFIELD ="MODIFIED_DATE" TOINSTANCE ="SQ_RM_ITEM" TOINSTANCETYPE ="Source Qualifier"/>
        <CONNECTOR FROMFIELD ="YEAR" FROMINSTANCE ="RM_ITEM" FROMINSTANCETYPE ="Source Definition" TOFIELD ="YEAR" TOINSTANCE ="SQ_RM_ITEM" TOINSTANCETYPE ="Source Qualifier"/>
        <CONNECTOR FROMFIELD ="DATE_CREATED" FROMINSTANCE ="RM_ITEM" FROMINSTANCETYPE ="Source Definition" TOFIELD ="DATE_CREATED" TOINSTANCE ="SQ_RM_ITEM" TOINSTANCETYPE ="Source Qualifier"/>
        <CONNECTOR FROMFIELD ="SHIP_TO" FROMINSTANCE ="RM_ITEM" FROMINSTANCETYPE ="Source Definition" TOFIELD ="SHIP_TO" TOINSTANCE ="SQ_RM_ITEM" TOINSTANCETYPE ="Source Qualifier"/>
        <CONNECTOR FROMFIELD ="INV_TYPE_CODE" FROMINSTANCE ="RM_ITEM" FROMINSTANCETYPE ="Source Definition" TOFIELD ="INV_TYPE_CODE" TOINSTANCE ="SQ_RM_ITEM" TOINSTANCETYPE ="Source Qualifier"/>
        <CONNECTOR FROMFIELD ="ITEM_CODE" FROMINSTANCE ="RM_ITEM" FROMINSTANCETYPE ="Source Definition" TOFIELD ="ITEM_CODE" TOINSTANCE ="SQ_RM_ITEM" TOINSTANCETYPE ="Source Qualifier"/>
        <CONNECTOR FROMFIELD ="ITEM_DESC1" FROMINSTANCE ="RM_ITEM" FROMINSTANCETYPE ="Source Definition" TOFIELD ="ITEM_DESC1" TOINSTANCE ="SQ_RM_ITEM" TOINSTANCETYPE ="Source Qualifier"/>
        <CONNECTOR FROMFIELD ="PURCH_MAJCL" FROMINSTANCE ="RM_ITEM" FROMINSTANCETYPE ="Source Definition" TOFIELD ="PURCH_MAJCL" TOINSTANCE ="SQ_RM_ITEM" TOINSTANCETYPE ="Source Qualifier"/>
        <CONNECTOR FROMFIELD ="PURCH_MINCL" FROMINSTANCE ="RM_ITEM" FROMINSTANCETYPE ="Source Definition" TOFIELD ="PURCH_MINCL" TOINSTANCE ="SQ_RM_ITEM" TOINSTANCETYPE ="Source Qualifier"/>
        <CONNECTOR FROMFIELD ="STD_COST" FROMINSTANCE ="RM_ITEM" FROMINSTANCETYPE ="Source Definition" TOFIELD ="STD_COST" TOINSTANCE ="SQ_RM_ITEM" TOINSTANCETYPE ="Source Qualifier"/>
        <CONNECTOR FROMFIELD ="BUSINESS_UNIT" FROMINSTANCE ="SQ_RM_ITEM" FROMINSTANCETYPE ="Source Qualifier" TOFIELD ="BUSINESS_UNIT" TOINSTANCE ="EXP_RM_ITEM" TOINSTANCETYPE ="Expression"/>
        <CONNECTOR FROMFIELD ="ITEM_CODE" FROMINSTANCE ="SQ_RM_ITEM" FROMINSTANCETYPE ="Source Qualifier" TOFIELD ="ITEM_CODE" TOINSTANCE ="EXP_RM_ITEM" TOINSTANCETYPE ="Expression"/>
        <CONNECTOR FROMFIELD ="ITEM_DESC1" FROMINSTANCE ="SQ_RM_ITEM" FROMINSTANCETYPE ="Source Qualifier" TOFIELD ="ITEM_DESC1" TOINSTANCE ="EXP_RM_ITEM" TOINSTANCETYPE ="Expression"/>
        <CONNECTOR FROMFIELD ="STD_COST" FROMINSTANCE ="SQ_RM_ITEM" FROMINSTANCETYPE ="Source Qualifier" TOFIELD ="STD_COST" TOINSTANCE ="EXP_RM_ITEM" TOINSTANCETYPE ="Expression"/>
        <CONNECTOR FROMFIELD ="UOM" FROMINSTANCE ="SQ_RM_ITEM" FROMINSTANCETYPE ="Source Qualifier" TOFIELD ="UOM" TOINSTANCE ="EXP_RM_ITEM" TOINSTANCETYPE ="Expression"/>
        <CONNECTOR FROMFIELD ="MODIFIED_DATE" FROMINSTANCE ="SQ_RM_ITEM" FROMINSTANCETYPE ="Source Qualifier" TOFIELD ="MODIFIED_DATE" TOINSTANCE ="EXP_RM_ITEM" TOINSTANCETYPE ="Expression"/>
        <CONNECTOR FROMFIELD ="YEAR" FROMINSTANCE ="SQ_RM_ITEM" FROMINSTANCETYPE ="Source Qualifier" TOFIELD ="YEAR" TOINSTANCE ="EXP_RM_ITEM" TOINSTANCETYPE ="Expression"/>
        <CONNECTOR FROMFIELD ="PURCH_MAJCL" FROMINSTANCE ="SQ_RM_ITEM" FROMINSTANCETYPE ="Source Qualifier" TOFIELD ="PURCH_MAJCL" TOINSTANCE ="EXP_RM_ITEM" TOINSTANCETYPE ="Expression"/>
        <CONNECTOR FROMFIELD ="PURCH_MINCL" FROMINSTANCE ="SQ_RM_ITEM" FROMINSTANCETYPE ="Source Qualifier" TOFIELD ="PURCH_MINCL" TOINSTANCE ="EXP_RM_ITEM" TOINSTANCETYPE ="Expression"/>
        <CONNECTOR FROMFIELD ="INV_TYPE_CODE" FROMINSTANCE ="SQ_RM_ITEM" FROMINSTANCETYPE ="Source Qualifier" TOFIELD ="INV_TYPE_CODE" TOINSTANCE ="EXP_RM_ITEM" TOINSTANCETYPE ="Expression"/>
        <CONNECTOR FROMFIELD ="SHIP_TO" FROMINSTANCE ="SQ_RM_ITEM" FROMINSTANCETYPE ="Source Qualifier" TOFIELD ="SHIP_TO" TOINSTANCE ="EXP_RM_ITEM" TOINSTANCETYPE ="Expression"/>
        <CONNECTOR FROMFIELD ="DATE_CREATED" FROMINSTANCE ="SQ_RM_ITEM" FROMINSTANCETYPE ="Source Qualifier" TOFIELD ="DATE_CREATED" TOINSTANCE ="EXP_RM_ITEM" TOINSTANCETYPE ="Expression"/>
        <CONNECTOR FROMFIELD ="O_BUSINESS_UNIT" FROMINSTANCE ="EXP_RM_ITEM" FROMINSTANCETYPE ="Expression" TOFIELD ="I_BUSINESS_UNIT" TOINSTANCE ="LKP_ITEM_MASTER" TOINSTANCETYPE ="Lookup Procedure"/>
        <CONNECTOR FROMFIELD ="O_ITEM_CODE" FROMINSTANCE ="EXP_RM_ITEM" FROMINSTANCETYPE ="Expression" TOFIELD ="I_ITEM_CODE" TOINSTANCE ="LKP_ITEM_MASTER" TOINSTANCETYPE ="Lookup Procedure"/>
        <CONNECTOR FROMFIELD ="Item_Code" FROMINSTANCE ="LKP_ITEM_MASTER" FROMINSTANCETYPE ="Lookup Procedure" TOFIELD ="lkp_Item_Code" TOINSTANCE ="RTR_ITEM_MASTER_INS_UPD" TOINSTANCETYPE ="Router"/>
        <CONNECTOR FROMFIELD ="BUSINESS_UNIT3" FROMINSTANCE ="RTR_ITEM_MASTER_INS_UPD" FROMINSTANCETYPE ="Router" TOFIELD ="BUSINESS_UNIT" TOINSTANCE ="UPD_ITEM_MASTER_UPD" TOINSTANCETYPE ="Update Strategy"/>
        <CONNECTOR FROMFIELD ="ITEM_CODE3" FROMINSTANCE ="RTR_ITEM_MASTER_INS_UPD" FROMINSTANCETYPE ="Router" TOFIELD ="ITEM_CODE" TOINSTANCE ="UPD_ITEM_MASTER_UPD" TOINSTANCETYPE ="Update Strategy"/>
        <CONNECTOR FROMFIELD ="ITEM_DESC13" FROMINSTANCE ="RTR_ITEM_MASTER_INS_UPD" FROMINSTANCETYPE ="Router" TOFIELD ="ITEM_DESC1" TOINSTANCE ="UPD_ITEM_MASTER_UPD" TOINSTANCETYPE ="Update Strategy"/>
        <CONNECTOR FROMFIELD ="STD_COST3" FROMINSTANCE ="RTR_ITEM_MASTER_INS_UPD" FROMINSTANCETYPE ="Router" TOFIELD ="STD_COST" TOINSTANCE ="UPD_ITEM_MASTER_UPD" TOINSTANCETYPE ="Update Strategy"/>
        <CONNECTOR FROMFIELD ="UOM3" FROMINSTANCE ="RTR_ITEM_MASTER_INS_UPD" FROMINSTANCETYPE ="Router" TOFIELD ="UOM" TOINSTANCE ="UPD_ITEM_MASTER_UPD" TOINSTANCETYPE ="Update Strategy"/>
        <CONNECTOR FROMFIELD ="MODIFIED_DATE3" FROMINSTANCE ="RTR_ITEM_MASTER_INS_UPD" FROMINSTANCETYPE ="Router" TOFIELD ="MODIFIED_DATE" TOINSTANCE ="UPD_ITEM_MASTER_UPD" TOINSTANCETYPE ="Update Strategy"/>
        <CONNECTOR FROMFIELD ="YEAR3" FROMINSTANCE ="RTR_ITEM_MASTER_INS_UPD" FROMINSTANCETYPE ="Router" TOFIELD ="YEAR" TOINSTANCE ="UPD_ITEM_MASTER_UPD" TOINSTANCETYPE ="Update Strategy"/>
        <CONNECTOR FROMFIELD ="PURCH_MAJCL3" FROMINSTANCE ="RTR_ITEM_MASTER_INS_UPD" FROMINSTANCETYPE ="Router" TOFIELD ="PURCH_MAJCL" TOINSTANCE ="UPD_ITEM_MASTER_UPD" TOINSTANCETYPE ="Update Strategy"/>
        <CONNECTOR FROMFIELD ="PURCH_MINCL3" FROMINSTANCE ="RTR_ITEM_MASTER_INS_UPD" FROMINSTANCETYPE ="Router" TOFIELD ="PURCH_MINCL" TOINSTANCE ="UPD_ITEM_MASTER_UPD" TOINSTANCETYPE ="Update Strategy"/>
        <CONNECTOR FROMFIELD ="INV_TYPE_CODE3" FROMINSTANCE ="RTR_ITEM_MASTER_INS_UPD" FROMINSTANCETYPE ="Router" TOFIELD ="INV_TYPE_CODE" TOINSTANCE ="UPD_ITEM_MASTER_UPD" TOINSTANCETYPE ="Update Strategy"/>
        <CONNECTOR FROMFIELD ="SHIP_TO3" FROMINSTANCE ="RTR_ITEM_MASTER_INS_UPD" FROMINSTANCETYPE ="Router" TOFIELD ="SHIP_TO" TOINSTANCE ="UPD_ITEM_MASTER_UPD" TOINSTANCETYPE ="Update Strategy"/>
        <CONNECTOR FROMFIELD ="DATE_CREATED3" FROMINSTANCE ="RTR_ITEM_MASTER_INS_UPD" FROMINSTANCETYPE ="Router" TOFIELD ="DATE_CREATED" TOINSTANCE ="UPD_ITEM_MASTER_UPD" TOINSTANCETYPE ="Update Strategy"/>
        <CONNECTOR FROMFIELD ="Update_Date3" FROMINSTANCE ="RTR_ITEM_MASTER_INS_UPD" FROMINSTANCETYPE ="Router" TOFIELD ="Update_Date" TOINSTANCE ="UPD_ITEM_MASTER_UPD" TOINSTANCETYPE ="Update Strategy"/>
        <CONNECTOR FROMFIELD ="Update_Userid3" FROMINSTANCE ="RTR_ITEM_MASTER_INS_UPD" FROMINSTANCETYPE ="Router" TOFIELD ="Update_Userid" TOINSTANCE ="UPD_ITEM_MASTER_UPD" TOINSTANCETYPE ="Update Strategy"/>
        <CONNECTOR FROMFIELD ="BUSINESS_UNIT1" FROMINSTANCE ="RTR_ITEM_MASTER_INS_UPD" FROMINSTANCETYPE ="Router" TOFIELD ="BUSINESS_UNIT" TOINSTANCE ="UPD_ITEM_MASTER_INS" TOINSTANCETYPE ="Update Strategy"/>
        <CONNECTOR FROMFIELD ="ITEM_CODE1" FROMINSTANCE ="RTR_ITEM_MASTER_INS_UPD" FROMINSTANCETYPE ="Router" TOFIELD ="ITEM_CODE" TOINSTANCE ="UPD_ITEM_MASTER_INS" TOINSTANCETYPE ="Update Strategy"/>
        <CONNECTOR FROMFIELD ="ITEM_DESC11" FROMINSTANCE ="RTR_ITEM_MASTER_INS_UPD" FROMINSTANCETYPE ="Router" TOFIELD ="ITEM_DESC1" TOINSTANCE ="UPD_ITEM_MASTER_INS" TOINSTANCETYPE ="Update Strategy"/>
        <CONNECTOR FROMFIELD ="STD_COST1" FROMINSTANCE ="RTR_ITEM_MASTER_INS_UPD" FROMINSTANCETYPE ="Router" TOFIELD ="STD_COST" TOINSTANCE ="UPD_ITEM_MASTER_INS" TOINSTANCETYPE ="Update Strategy"/>
        <CONNECTOR FROMFIELD ="UOM1" FROMINSTANCE ="RTR_ITEM_MASTER_INS_UPD" FROMINSTANCETYPE ="Router" TOFIELD ="UOM" TOINSTANCE ="UPD_ITEM_MASTER_INS" TOINSTANCETYPE ="Update Strategy"/>
        <CONNECTOR FROMFIELD ="MODIFIED_DATE1" FROMINSTANCE ="RTR_ITEM_MASTER_INS_UPD" FROMINSTANCETYPE ="Router" TOFIELD ="MODIFIED_DATE" TOINSTANCE ="UPD_ITEM_MASTER_INS" TOINSTANCETYPE ="Update Strategy"/>
        <CONNECTOR FROMFIELD ="YEAR1" FROMINSTANCE ="RTR_ITEM_MASTER_INS_UPD" FROMINSTANCETYPE ="Router" TOFIELD ="YEAR" TOINSTANCE ="UPD_ITEM_MASTER_INS" TOINSTANCETYPE ="Update Strategy"/>
        <CONNECTOR FROMFIELD ="PURCH_MAJCL1" FROMINSTANCE ="RTR_ITEM_MASTER_INS_UPD" FROMINSTANCETYPE ="Router" TOFIELD ="PURCH_MAJCL" TOINSTANCE ="UPD_ITEM_MASTER_INS" TOINSTANCETYPE ="Update Strategy"/>
        <CONNECTOR FROMFIELD ="PURCH_MINCL1" FROMINSTANCE ="RTR_ITEM_MASTER_INS_UPD" FROMINSTANCETYPE ="Router" TOFIELD ="PURCH_MINCL" TOINSTANCE ="UPD_ITEM_MASTER_INS" TOINSTANCETYPE ="Update Strategy"/>
        <CONNECTOR FROMFIELD ="INV_TYPE_CODE1" FROMINSTANCE ="RTR_ITEM_MASTER_INS_UPD" FROMINSTANCETYPE ="Router" TOFIELD ="INV_TYPE_CODE" TOINSTANCE ="UPD_ITEM_MASTER_INS" TOINSTANCETYPE ="Update Strategy"/>
        <CONNECTOR FROMFIELD ="SHIP_TO1" FROMINSTANCE ="RTR_ITEM_MASTER_INS_UPD" FROMINSTANCETYPE ="Router" TOFIELD ="SHIP_TO" TOINSTANCE ="UPD_ITEM_MASTER_INS" TOINSTANCETYPE ="Update Strategy"/>
        <CONNECTOR FROMFIELD ="DATE_CREATED1" FROMINSTANCE ="RTR_ITEM_MASTER_INS_UPD" FROMINSTANCETYPE ="Router" TOFIELD ="DATE_CREATED" TOINSTANCE ="UPD_ITEM_MASTER_INS" TOINSTANCETYPE ="Update Strategy"/>
        <CONNECTOR FROMFIELD ="Create_Date1" FROMINSTANCE ="RTR_ITEM_MASTER_INS_UPD" FROMINSTANCETYPE ="Router" TOFIELD ="Create_Date" TOINSTANCE ="UPD_ITEM_MASTER_INS" TOINSTANCETYPE ="Update Strategy"/>
        <CONNECTOR FROMFIELD ="Create_Userid1" FROMINSTANCE ="RTR_ITEM_MASTER_INS_UPD" FROMINSTANCETYPE ="Router" TOFIELD ="Create_Userid" TOINSTANCE ="UPD_ITEM_MASTER_INS" TOINSTANCETYPE ="Update Strategy"/>
        <CONNECTOR FROMFIELD ="ITEM_DESC1" FROMINSTANCE ="EXP_RM_ITEM" FROMINSTANCETYPE ="Expression" TOFIELD ="ITEM_DESC1" TOINSTANCE ="RTR_ITEM_MASTER_INS_UPD" TOINSTANCETYPE ="Router"/>
        <CONNECTOR FROMFIELD ="STD_COST" FROMINSTANCE ="EXP_RM_ITEM" FROMINSTANCETYPE ="Expression" TOFIELD ="STD_COST" TOINSTANCE ="RTR_ITEM_MASTER_INS_UPD" TOINSTANCETYPE ="Router"/>
        <CONNECTOR FROMFIELD ="UOM" FROMINSTANCE ="EXP_RM_ITEM" FROMINSTANCETYPE ="Expression" TOFIELD ="UOM" TOINSTANCE ="RTR_ITEM_MASTER_INS_UPD" TOINSTANCETYPE ="Router"/>
        <CONNECTOR FROMFIELD ="MODIFIED_DATE" FROMINSTANCE ="EXP_RM_ITEM" FROMINSTANCETYPE ="Expression" TOFIELD ="MODIFIED_DATE" TOINSTANCE ="RTR_ITEM_MASTER_INS_UPD" TOINSTANCETYPE ="Router"/>
        <CONNECTOR FROMFIELD ="YEAR" FROMINSTANCE ="EXP_RM_ITEM" FROMINSTANCETYPE ="Expression" TOFIELD ="YEAR" TOINSTANCE ="RTR_ITEM_MASTER_INS_UPD" TOINSTANCETYPE ="Router"/>
        <CONNECTOR FROMFIELD ="PURCH_MAJCL" FROMINSTANCE ="EXP_RM_ITEM" FROMINSTANCETYPE ="Expression" TOFIELD ="PURCH_MAJCL" TOINSTANCE ="RTR_ITEM_MASTER_INS_UPD" TOINSTANCETYPE ="Router"/>
        <CONNECTOR FROMFIELD ="PURCH_MINCL" FROMINSTANCE ="EXP_RM_ITEM" FROMINSTANCETYPE ="Expression" TOFIELD ="PURCH_MINCL" TOINSTANCE ="RTR_ITEM_MASTER_INS_UPD" TOINSTANCETYPE ="Router"/>
        <CONNECTOR FROMFIELD ="INV_TYPE_CODE" FROMINSTANCE ="EXP_RM_ITEM" FROMINSTANCETYPE ="Expression" TOFIELD ="INV_TYPE_CODE" TOINSTANCE ="RTR_ITEM_MASTER_INS_UPD" TOINSTANCETYPE ="Router"/>
        <CONNECTOR FROMFIELD ="SHIP_TO" FROMINSTANCE ="EXP_RM_ITEM" FROMINSTANCETYPE ="Expression" TOFIELD ="SHIP_TO" TOINSTANCE ="RTR_ITEM_MASTER_INS_UPD" TOINSTANCETYPE ="Router"/>
        <CONNECTOR FROMFIELD ="DATE_CREATED" FROMINSTANCE ="EXP_RM_ITEM" FROMINSTANCETYPE ="Expression" TOFIELD ="DATE_CREATED" TOINSTANCE ="RTR_ITEM_MASTER_INS_UPD" TOINSTANCETYPE ="Router"/>
        <CONNECTOR FROMFIELD ="Create_Date" FROMINSTANCE ="EXP_RM_ITEM" FROMINSTANCETYPE ="Expression" TOFIELD ="Create_Date" TOINSTANCE ="RTR_ITEM_MASTER_INS_UPD" TOINSTANCETYPE ="Router"/>
        <CONNECTOR FROMFIELD ="Create_Userid" FROMINSTANCE ="EXP_RM_ITEM" FROMINSTANCETYPE ="Expression" TOFIELD ="Create_Userid" TOINSTANCE ="RTR_ITEM_MASTER_INS_UPD" TOINSTANCETYPE ="Router"/>
        <CONNECTOR FROMFIELD ="Update_Date" FROMINSTANCE ="EXP_RM_ITEM" FROMINSTANCETYPE ="Expression" TOFIELD ="Update_Date" TOINSTANCE ="RTR_ITEM_MASTER_INS_UPD" TOINSTANCETYPE ="Router"/>
        <CONNECTOR FROMFIELD ="Update_Userid" FROMINSTANCE ="EXP_RM_ITEM" FROMINSTANCETYPE ="Expression" TOFIELD ="Update_Userid" TOINSTANCE ="RTR_ITEM_MASTER_INS_UPD" TOINSTANCETYPE ="Router"/>
        <CONNECTOR FROMFIELD ="O_BUSINESS_UNIT" FROMINSTANCE ="EXP_RM_ITEM" FROMINSTANCETYPE ="Expression" TOFIELD ="BUSINESS_UNIT" TOINSTANCE ="RTR_ITEM_MASTER_INS_UPD" TOINSTANCETYPE ="Router"/>
        <CONNECTOR FROMFIELD ="O_ITEM_CODE" FROMINSTANCE ="EXP_RM_ITEM" FROMINSTANCETYPE ="Expression" TOFIELD ="ITEM_CODE" TOINSTANCE ="RTR_ITEM_MASTER_INS_UPD" TOINSTANCETYPE ="Router"/>
        <TARGETLOADORDER ORDER ="1" TARGETINSTANCE ="item_master_upd"/>
        <TARGETLOADORDER ORDER ="1" TARGETINSTANCE ="item_master"/>
        <ERPINFO/>
        <METADATAEXTENSION DATATYPE ="STRING" DESCRIPTION ="Conversion Mapping Name with version " DOMAINNAME ="User Defined Metadata Domain" ISCLIENTEDITABLE ="YES" ISCLIENTVISIBLE ="YES" ISREUSABLE ="NO" ISSHAREREAD ="NO" ISSHAREWRITE ="NO" MAXLENGTH ="256" NAME ="CONV_MAP_NAME" VALUE ="SMI - SQL_item_master v1.2" VENDORNAME ="INFORMATICA"/>
    </MAPPING>
    <CONFIG DESCRIPTION ="Default session configuration object" ISDEFAULT ="YES" NAME ="default_session_config" VERSIONNUMBER ="1">
        <ATTRIBUTE NAME ="Advanced" VALUE =""/>
        <ATTRIBUTE NAME ="Constraint based load ordering" VALUE ="NO"/>
        <ATTRIBUTE NAME ="Cache LOOKUP() function" VALUE ="YES"/>
        <ATTRIBUTE NAME ="Default buffer block size" VALUE ="Auto"/>
        <ATTRIBUTE NAME ="Line Sequential buffer length" VALUE ="1024"/>
        <ATTRIBUTE NAME ="Maximum Memory Allowed For Auto Memory Attributes" VALUE ="0"/>
        <ATTRIBUTE NAME ="Maximum Percentage of Total Memory Allowed For Auto Memory Attributes" VALUE ="5"/>
        <ATTRIBUTE NAME ="Additional Concurrent Pipelines for Lookup Cache Creation" VALUE ="0"/>
        <ATTRIBUTE NAME ="Custom Properties" VALUE =""/>
        <ATTRIBUTE NAME ="Pre-build lookup cache" VALUE ="Auto"/>
        <ATTRIBUTE NAME ="Optimization Level" VALUE ="Medium"/>
        <ATTRIBUTE NAME ="DateTime Format String" VALUE ="MM/DD/YYYY HH24:MI:SS.US"/>
        <ATTRIBUTE NAME ="Pre 85 Timestamp Compatibility" VALUE ="NO"/>
        <ATTRIBUTE NAME ="Log Options" VALUE ="0"/>
        <ATTRIBUTE NAME ="Save session log by" VALUE ="Session runs"/>
        <ATTRIBUTE NAME ="Save session log for these runs" VALUE ="9"/>
        <ATTRIBUTE NAME ="Session Log File Max Size" VALUE ="0"/>
        <ATTRIBUTE NAME ="Session Log File Max Time Period" VALUE ="0"/>
        <ATTRIBUTE NAME ="Maximum Partial Session Log Files" VALUE ="1"/>
        <ATTRIBUTE NAME ="Writer Commit Statistics Log Frequency" VALUE ="1"/>
        <ATTRIBUTE NAME ="Writer Commit Statistics Log Interval" VALUE ="0"/>
        <ATTRIBUTE NAME ="Error handling" VALUE =""/>
        <ATTRIBUTE NAME ="Stop on errors" VALUE ="1"/>
        <ATTRIBUTE NAME ="Override tracing" VALUE ="None"/>
        <ATTRIBUTE NAME ="On Stored Procedure error" VALUE ="Stop"/>
        <ATTRIBUTE NAME ="On Pre-session command task error" VALUE ="Stop"/>
        <ATTRIBUTE NAME ="On Pre-Post SQL error" VALUE ="Stop"/>
        <ATTRIBUTE NAME ="Enable Recovery" VALUE ="NO"/>
        <ATTRIBUTE NAME ="Error Log Type" VALUE ="None"/>
        <ATTRIBUTE NAME ="Error Log Table Name Prefix" VALUE =""/>
        <ATTRIBUTE NAME ="Error Log File Name" VALUE ="PMError.log"/>
        <ATTRIBUTE NAME ="Log Source Row Data" VALUE ="NO"/>
        <ATTRIBUTE NAME ="Data Column Delimiter" VALUE ="|"/>
        <ATTRIBUTE NAME ="Partitioning Options" VALUE =""/>
        <ATTRIBUTE NAME ="Dynamic Partitioning" VALUE ="Disabled"/>
        <ATTRIBUTE NAME ="Number of Partitions" VALUE ="1"/>
        <ATTRIBUTE NAME ="Multiplication Factor" VALUE ="Auto"/>
        <ATTRIBUTE NAME ="Session on Grid" VALUE =""/>
        <ATTRIBUTE NAME ="Is Enabled" VALUE ="NO"/>
    </CONFIG>
    <SESSION DESCRIPTION ="This session invokes the mapping m_SMI_ITEM_MASTER." ISVALID ="YES" MAPPINGNAME ="m_SMI_ITEM_MASTER" NAME ="s_m_SMI_ITEM_MASTER" REUSABLE ="YES" SORTORDER ="Binary" VERSIONNUMBER ="1">
        <SESSTRANSFORMATIONINST ISREPARTITIONPOINT ="YES" PARTITIONTYPE ="PASS THROUGH" PIPELINE ="1" SINSTANCENAME ="item_master_upd" STAGE ="1" TRANSFORMATIONNAME ="item_master_upd" TRANSFORMATIONTYPE ="Target Definition">
            <ATTRIBUTE NAME ="Table Name Prefix" VALUE ="smi"/>
        </SESSTRANSFORMATIONINST>
        <SESSTRANSFORMATIONINST ISREPARTITIONPOINT ="YES" PARTITIONTYPE ="PASS THROUGH" PIPELINE ="1" SINSTANCENAME ="item_master" STAGE ="2" TRANSFORMATIONNAME ="item_master" TRANSFORMATIONTYPE ="Target Definition">
            <ATTRIBUTE NAME ="Table Name Prefix" VALUE ="smi"/>
        </SESSTRANSFORMATIONINST>
        <SESSTRANSFORMATIONINST ISREPARTITIONPOINT ="NO" PIPELINE ="0" SINSTANCENAME ="RM_ITEM" STAGE ="0" TRANSFORMATIONNAME ="RM_ITEM" TRANSFORMATIONTYPE ="Source Definition"/>
        <SESSTRANSFORMATIONINST ISREPARTITIONPOINT ="YES" PARTITIONTYPE ="PASS THROUGH" PIPELINE ="1" SINSTANCENAME ="SQ_RM_ITEM" STAGE ="3" TRANSFORMATIONNAME ="SQ_RM_ITEM" TRANSFORMATIONTYPE ="Source Qualifier"/>
        <SESSTRANSFORMATIONINST ISREPARTITIONPOINT ="NO" PIPELINE ="1" SINSTANCENAME ="EXP_RM_ITEM" STAGE ="3" TRANSFORMATIONNAME ="EXP_RM_ITEM" TRANSFORMATIONTYPE ="Expression">
            <PARTITION DESCRIPTION ="" NAME ="Partition #1"/>
        </SESSTRANSFORMATIONINST>
        <SESSTRANSFORMATIONINST ISREPARTITIONPOINT ="NO" PIPELINE ="1" SINSTANCENAME ="LKP_ITEM_MASTER" STAGE ="3" TRANSFORMATIONNAME ="LKP_ITEM_MASTER" TRANSFORMATIONTYPE ="Lookup Procedure">
            <PARTITION DESCRIPTION ="" NAME ="Partition #1"/>
            <ATTRIBUTE NAME ="Connection Information" VALUE ="Relational:zonesql1"/>
        </SESSTRANSFORMATIONINST>
        <SESSTRANSFORMATIONINST ISREPARTITIONPOINT ="NO" PIPELINE ="1" SINSTANCENAME ="RTR_ITEM_MASTER_INS_UPD" STAGE ="3" TRANSFORMATIONNAME ="RTR_ITEM_MASTER_INS_UPD" TRANSFORMATIONTYPE ="Router">
            <PARTITION DESCRIPTION ="" NAME ="Partition #1"/>
        </SESSTRANSFORMATIONINST>
        <SESSTRANSFORMATIONINST ISREPARTITIONPOINT ="NO" PIPELINE ="1" SINSTANCENAME ="UPD_ITEM_MASTER_INS" STAGE ="3" TRANSFORMATIONNAME ="UPD_ITEM_MASTER_INS" TRANSFORMATIONTYPE ="Update Strategy">
            <PARTITION DESCRIPTION ="" NAME ="Partition #1"/>
        </SESSTRANSFORMATIONINST>
        <SESSTRANSFORMATIONINST ISREPARTITIONPOINT ="NO" PIPELINE ="1" SINSTANCENAME ="UPD_ITEM_MASTER_UPD" STAGE ="3" TRANSFORMATIONNAME ="UPD_ITEM_MASTER_UPD" TRANSFORMATIONTYPE ="Update Strategy">
            <PARTITION DESCRIPTION ="" NAME ="Partition #1"/>
        </SESSTRANSFORMATIONINST>
        <CONFIGREFERENCE REFOBJECTNAME ="default_session_config" TYPE ="Session config"/>
        <SESSIONEXTENSION NAME ="Relational Writer" SINSTANCENAME ="item_master_upd" SUBTYPE ="Relational Writer" TRANSFORMATIONTYPE ="Target Definition" TYPE ="WRITER">
            <CONNECTIONREFERENCE CNXREFNAME ="DB Connection" CONNECTIONNAME ="zonesql1" CONNECTIONNUMBER ="1" CONNECTIONSUBTYPE ="Microsoft SQL Server" CONNECTIONTYPE ="Relational" VARIABLE =""/>
            <ATTRIBUTE NAME ="Target load type" VALUE ="Normal"/>
            <ATTRIBUTE NAME ="Insert" VALUE ="NO"/>
            <ATTRIBUTE NAME ="Update as Update" VALUE ="YES"/>
            <ATTRIBUTE NAME ="Update as Insert" VALUE ="NO"/>
            <ATTRIBUTE NAME ="Update else Insert" VALUE ="NO"/>
            <ATTRIBUTE NAME ="Delete" VALUE ="NO"/>
            <ATTRIBUTE NAME ="Truncate target table option" VALUE ="NO"/>
            <ATTRIBUTE NAME ="Reject file directory" VALUE ="$PMBadFileDir&#x5c;INVENTORY_ANALYSIS&#x5c;BAD&#x5c;"/>
            <ATTRIBUTE NAME ="Reject filename" VALUE ="s_m_SMI_ITEM_MASTER_UPD.bad"/>
        </SESSIONEXTENSION>
        <SESSIONEXTENSION NAME ="Relational Writer" SINSTANCENAME ="item_master" SUBTYPE ="Relational Writer" TRANSFORMATIONTYPE ="Target Definition" TYPE ="WRITER">
            <CONNECTIONREFERENCE CNXREFNAME ="DB Connection" CONNECTIONNAME ="zonesql1" CONNECTIONNUMBER ="1" CONNECTIONSUBTYPE ="Microsoft SQL Server" CONNECTIONTYPE ="Relational" VARIABLE =""/>
            <ATTRIBUTE NAME ="Target load type" VALUE ="Normal"/>
            <ATTRIBUTE NAME ="Insert" VALUE ="YES"/>
            <ATTRIBUTE NAME ="Update as Update" VALUE ="NO"/>
            <ATTRIBUTE NAME ="Update as Insert" VALUE ="NO"/>
            <ATTRIBUTE NAME ="Update else Insert" VALUE ="NO"/>
            <ATTRIBUTE NAME ="Delete" VALUE ="NO"/>
            <ATTRIBUTE NAME ="Truncate target table option" VALUE ="NO"/>
            <ATTRIBUTE NAME ="Reject file directory" VALUE ="$PMBadFileDir&#x5c;INVENTORY_ANALYSIS&#x5c;BAD&#x5c;"/>
            <ATTRIBUTE NAME ="Reject filename" VALUE ="s_m_SMI_ITEM_MASTER.bad"/>
        </SESSIONEXTENSION>
        <SESSIONEXTENSION DSQINSTNAME ="SQ_RM_ITEM" DSQINSTTYPE ="Source Qualifier" NAME ="Relational Reader" SINSTANCENAME ="RM_ITEM" SUBTYPE ="Relational Reader" TRANSFORMATIONTYPE ="Source Definition" TYPE ="READER"/>
        <SESSIONEXTENSION NAME ="Relational Reader" SINSTANCENAME ="SQ_RM_ITEM" SUBTYPE ="Relational Reader" TRANSFORMATIONTYPE ="Source Qualifier" TYPE ="READER">
            <CONNECTIONREFERENCE CNXREFNAME ="DB Connection" CONNECTIONNAME ="SLBADW" CONNECTIONNUMBER ="1" CONNECTIONSUBTYPE ="Oracle" CONNECTIONTYPE ="Relational" VARIABLE =""/>
        </SESSIONEXTENSION>
        <SESSIONEXTENSION NAME ="Relational Lookup" SINSTANCENAME ="LKP_ITEM_MASTER" SUBTYPE ="Relational Lookup" TRANSFORMATIONTYPE ="Lookup Procedure" TYPE ="LOOKUPEXTENSION">
            <CONNECTIONREFERENCE CNXREFNAME ="DB Connection" CONNECTIONNAME ="zonesql1" CONNECTIONNUMBER ="1" CONNECTIONSUBTYPE ="Microsoft SQL Server" CONNECTIONTYPE ="Relational" VARIABLE =""/>
        </SESSIONEXTENSION>
        <ATTRIBUTE NAME ="General Options" VALUE =""/>
        <ATTRIBUTE NAME ="Write Backward Compatible Session Log File" VALUE ="YES"/>
        <ATTRIBUTE NAME ="Session Log File Name" VALUE ="s_m_SMI_ITEM_MASTER.log"/>
        <ATTRIBUTE NAME ="Session Log File directory" VALUE ="$PMSessionLogDir&#x5c;INVENTORY_ANALYSIS&#x5c;LOG&#x5c;"/>
        <ATTRIBUTE NAME ="Parameter Filename" VALUE =""/>
        <ATTRIBUTE NAME ="Enable Test Load" VALUE ="NO"/>
        <ATTRIBUTE NAME ="$Source connection value" VALUE =""/>
        <ATTRIBUTE NAME ="$Target connection value" VALUE =""/>
        <ATTRIBUTE NAME ="Treat source rows as" VALUE ="Data driven"/>
        <ATTRIBUTE NAME ="Commit Type" VALUE ="Target"/>
        <ATTRIBUTE NAME ="Commit Interval" VALUE ="2000000"/>
        <ATTRIBUTE NAME ="Commit On End Of File" VALUE ="YES"/>
        <ATTRIBUTE NAME ="Rollback Transactions on Errors" VALUE ="NO"/>
        <ATTRIBUTE NAME ="Recovery Strategy" VALUE ="Restart task"/>
        <ATTRIBUTE NAME ="Java Classpath" VALUE =""/>
        <ATTRIBUTE NAME ="Performance" VALUE =""/>
        <ATTRIBUTE NAME ="DTM buffer size" VALUE ="Auto"/>
        <ATTRIBUTE NAME ="Collect performance data" VALUE ="NO"/>
        <ATTRIBUTE NAME ="Write performance data to repository" VALUE ="NO"/>
        <ATTRIBUTE NAME ="Incremental Aggregation" VALUE ="NO"/>
        <ATTRIBUTE NAME ="Enable high precision" VALUE ="NO"/>
        <ATTRIBUTE NAME ="Session retry on deadlock" VALUE ="NO"/>
        <ATTRIBUTE NAME ="Pushdown Optimization" VALUE ="None"/>
        <ATTRIBUTE NAME ="Allow Temporary View for Pushdown" VALUE ="NO"/>
        <ATTRIBUTE NAME ="Allow Temporary Sequence for Pushdown" VALUE ="NO"/>
        <ATTRIBUTE NAME ="Allow Pushdown for User Incompatible Connections" VALUE ="NO"/>
        <METADATAEXTENSION DATATYPE ="STRING" DESCRIPTION ="Conversion Mapping  Name with version " DOMAINNAME ="User Defined Metadata Domain" ISCLIENTEDITABLE ="YES" ISCLIENTVISIBLE ="YES" ISREUSABLE ="NO" ISSHAREREAD ="NO" ISSHAREWRITE ="NO" MAXLENGTH ="256" NAME ="CONV_MAP_NAME" VALUE ="SMI - SQL_item_master v1.2" VENDORNAME ="INFORMATICA"/>
    </SESSION>
    <WORKFLOW DESCRIPTION ="This workflow runs the session s_m_SMI_ITEM_MASTER" ISENABLED ="YES" ISRUNNABLESERVICE ="NO" ISSERVICE ="NO" ISVALID ="YES" NAME ="wf_s_m_SMI_ITEM_MASTER" REUSABLE_SCHEDULER ="NO" SCHEDULERNAME ="Scheduler" SERVERNAME ="Domain10_PRD_Int_Svc" SERVER_DOMAINNAME ="Domain10_PRD" SUSPEND_ON_ERROR ="NO" TASKS_MUST_RUN_ON_SERVER ="NO" VERSIONNUMBER ="1">
        <SCHEDULER DESCRIPTION ="" NAME ="Scheduler" REUSABLE ="NO" VERSIONNUMBER ="1">
            <SCHEDULEINFO SCHEDULETYPE ="ONDEMAND"/>
        </SCHEDULER>
        <TASK DESCRIPTION ="" NAME ="Start" REUSABLE ="NO" TYPE ="Start" VERSIONNUMBER ="1"/>
        <TASKINSTANCE DESCRIPTION ="This session invokes the mapping m_SMI_ITEM_MASTER." FAIL_PARENT_IF_INSTANCE_DID_NOT_RUN ="YES" FAIL_PARENT_IF_INSTANCE_FAILS ="YES" ISENABLED ="YES" NAME ="s_m_SMI_ITEM_MASTER" REUSABLE ="YES" TASKNAME ="s_m_SMI_ITEM_MASTER" TASKTYPE ="Session" TREAT_INPUTLINK_AS_AND ="NO"/>
        <TASKINSTANCE DESCRIPTION ="" ISENABLED ="YES" NAME ="Start" REUSABLE ="NO" TASKNAME ="Start" TASKTYPE ="Start"/>
        <WORKFLOWLINK CONDITION ="" FROMTASK ="Start" TOTASK ="s_m_SMI_ITEM_MASTER"/>
        <WORKFLOWVARIABLE DATATYPE ="date/time" DEFAULTVALUE ="" DESCRIPTION ="The time this task started" ISNULL ="NO" ISPERSISTENT ="NO" NAME ="$s_m_SMI_ITEM_MASTER.StartTime" USERDEFINED ="NO"/>
        <WORKFLOWVARIABLE DATATYPE ="date/time" DEFAULTVALUE ="" DESCRIPTION ="The time this task completed" ISNULL ="NO" ISPERSISTENT ="NO" NAME ="$s_m_SMI_ITEM_MASTER.EndTime" USERDEFINED ="NO"/>
        <WORKFLOWVARIABLE DATATYPE ="integer" DEFAULTVALUE ="" DESCRIPTION ="Status of this task&apos;s execution" ISNULL ="NO" ISPERSISTENT ="NO" NAME ="$s_m_SMI_ITEM_MASTER.Status" USERDEFINED ="NO"/>
        <WORKFLOWVARIABLE DATATYPE ="integer" DEFAULTVALUE ="" DESCRIPTION ="Status of the previous task that is not disabled" ISNULL ="NO" ISPERSISTENT ="NO" NAME ="$s_m_SMI_ITEM_MASTER.PrevTaskStatus" USERDEFINED ="NO"/>
        <WORKFLOWVARIABLE DATATYPE ="integer" DEFAULTVALUE ="" DESCRIPTION ="Error code for this task&apos;s execution" ISNULL ="NO" ISPERSISTENT ="NO" NAME ="$s_m_SMI_ITEM_MASTER.ErrorCode" USERDEFINED ="NO"/>
        <WORKFLOWVARIABLE DATATYPE ="string" DEFAULTVALUE ="" DESCRIPTION ="Error message for this task&apos;s execution" ISNULL ="NO" ISPERSISTENT ="NO" NAME ="$s_m_SMI_ITEM_MASTER.ErrorMsg" USERDEFINED ="NO"/>
        <WORKFLOWVARIABLE DATATYPE ="integer" DEFAULTVALUE ="" DESCRIPTION ="Rows successfully read" ISNULL ="NO" ISPERSISTENT ="NO" NAME ="$s_m_SMI_ITEM_MASTER.SrcSuccessRows" USERDEFINED ="NO"/>
        <WORKFLOWVARIABLE DATATYPE ="integer" DEFAULTVALUE ="" DESCRIPTION ="Rows failed to read" ISNULL ="NO" ISPERSISTENT ="NO" NAME ="$s_m_SMI_ITEM_MASTER.SrcFailedRows" USERDEFINED ="NO"/>
        <WORKFLOWVARIABLE DATATYPE ="integer" DEFAULTVALUE ="" DESCRIPTION ="Rows successfully loaded" ISNULL ="NO" ISPERSISTENT ="NO" NAME ="$s_m_SMI_ITEM_MASTER.TgtSuccessRows" USERDEFINED ="NO"/>
        <WORKFLOWVARIABLE DATATYPE ="integer" DEFAULTVALUE ="" DESCRIPTION ="Rows failed to load" ISNULL ="NO" ISPERSISTENT ="NO" NAME ="$s_m_SMI_ITEM_MASTER.TgtFailedRows" USERDEFINED ="NO"/>
        <WORKFLOWVARIABLE DATATYPE ="integer" DEFAULTVALUE ="" DESCRIPTION ="Total number of transformation errors" ISNULL ="NO" ISPERSISTENT ="NO" NAME ="$s_m_SMI_ITEM_MASTER.TotalTransErrors" USERDEFINED ="NO"/>
        <WORKFLOWVARIABLE DATATYPE ="integer" DEFAULTVALUE ="" DESCRIPTION ="First error code" ISNULL ="NO" ISPERSISTENT ="NO" NAME ="$s_m_SMI_ITEM_MASTER.FirstErrorCode" USERDEFINED ="NO"/>
        <WORKFLOWVARIABLE DATATYPE ="string" DEFAULTVALUE ="" DESCRIPTION ="First error message" ISNULL ="NO" ISPERSISTENT ="NO" NAME ="$s_m_SMI_ITEM_MASTER.FirstErrorMsg" USERDEFINED ="NO"/>
        <WORKFLOWVARIABLE DATATYPE ="date/time" DEFAULTVALUE ="" DESCRIPTION ="The time this task started" ISNULL ="NO" ISPERSISTENT ="NO" NAME ="$Start.StartTime" USERDEFINED ="NO"/>
        <WORKFLOWVARIABLE DATATYPE ="date/time" DEFAULTVALUE ="" DESCRIPTION ="The time this task completed" ISNULL ="NO" ISPERSISTENT ="NO" NAME ="$Start.EndTime" USERDEFINED ="NO"/>
        <WORKFLOWVARIABLE DATATYPE ="integer" DEFAULTVALUE ="" DESCRIPTION ="Status of this task&apos;s execution" ISNULL ="NO" ISPERSISTENT ="NO" NAME ="$Start.Status" USERDEFINED ="NO"/>
        <WORKFLOWVARIABLE DATATYPE ="integer" DEFAULTVALUE ="" DESCRIPTION ="Status of the previous task that is not disabled" ISNULL ="NO" ISPERSISTENT ="NO" NAME ="$Start.PrevTaskStatus" USERDEFINED ="NO"/>
        <WORKFLOWVARIABLE DATATYPE ="integer" DEFAULTVALUE ="" DESCRIPTION ="Error code for this task&apos;s execution" ISNULL ="NO" ISPERSISTENT ="NO" NAME ="$Start.ErrorCode" USERDEFINED ="NO"/>
        <WORKFLOWVARIABLE DATATYPE ="string" DEFAULTVALUE ="" DESCRIPTION ="Error message for this task&apos;s execution" ISNULL ="NO" ISPERSISTENT ="NO" NAME ="$Start.ErrorMsg" USERDEFINED ="NO"/>
        <ATTRIBUTE NAME ="Parameter Filename" VALUE =""/>
        <ATTRIBUTE NAME ="Write Backward Compatible Workflow Log File" VALUE ="YES"/>
        <ATTRIBUTE NAME ="Workflow Log File Name" VALUE ="wf_s_m_SMI_ITEM_MASTER.log"/>
        <ATTRIBUTE NAME ="Workflow Log File Directory" VALUE ="$PMWorkflowLogDir&#x5c;INVENTORY_ANALYSIS&#x5c;LOG&#x5c;"/>
        <ATTRIBUTE NAME ="Save Workflow log by" VALUE ="By runs"/>
        <ATTRIBUTE NAME ="Save workflow log for these runs" VALUE ="9"/>
        <ATTRIBUTE NAME ="Service Name" VALUE =""/>
        <ATTRIBUTE NAME ="Service Timeout" VALUE ="0"/>
        <ATTRIBUTE NAME ="Is Service Visible" VALUE ="NO"/>
        <ATTRIBUTE NAME ="Is Service Protected" VALUE ="NO"/>
        <ATTRIBUTE NAME ="Fail task after wait time" VALUE ="0"/>
        <ATTRIBUTE NAME ="Enable HA recovery" VALUE ="NO"/>
        <ATTRIBUTE NAME ="Automatically recover terminated tasks" VALUE ="NO"/>
        <ATTRIBUTE NAME ="Service Level Name" VALUE ="Default"/>
        <ATTRIBUTE NAME ="Allow concurrent run with unique run instance name" VALUE ="NO"/>
        <ATTRIBUTE NAME ="Allow concurrent run with same run instance name" VALUE ="NO"/>
        <ATTRIBUTE NAME ="Maximum number of concurrent runs" VALUE ="0"/>
        <ATTRIBUTE NAME ="Assigned Web Services Hubs" VALUE =""/>
        <ATTRIBUTE NAME ="Maximum number of concurrent runs per Hub" VALUE ="1000"/>
        <ATTRIBUTE NAME ="Expected Service Time" VALUE ="1"/>
        <METADATAEXTENSION DATATYPE ="STRING" DESCRIPTION ="Conversion Mapping Name with version " DOMAINNAME ="User Defined Metadata Domain" ISCLIENTEDITABLE ="YES" ISCLIENTVISIBLE ="YES" ISREUSABLE ="NO" ISSHAREREAD ="NO" ISSHAREWRITE ="NO" MAXLENGTH ="256" NAME ="CONV_MAP_NAME" VALUE ="SMI - SQL_item_master v1.0" VENDORNAME ="INFORMATICA"/>
        <METADATAEXTENSION DATATYPE ="STRING" DESCRIPTION ="" DOMAINNAME ="User Defined Metadata Domain" ISCLIENTEDITABLE ="YES" ISCLIENTVISIBLE ="YES" ISREUSABLE ="NO" ISSHAREREAD ="NO" ISSHAREWRITE ="NO" MAXLENGTH ="256" NAME ="Extension" VALUE ="CM - MarginLoss - stgMarginLossExpenseToStgFactSalesNew v1.0" VENDORNAME ="INFORMATICA"/>
    </WORKFLOW>
</FOLDER>
</REPOSITORY>
</POWERMART>