<?xml version="1.0" encoding="Windows-1252"?>
<!DOCTYPE POWERMART SYSTEM "powrmart.dtd">
<POWERMART CREATION_DATE="05/20/2024 09:31:15" REPOSITORY_VERSION="187.96">
<REPOSITORY NAME="Domain10_Rep_Svc_Prd" VERSION="187" CODEPAGE="MS1252" DATABASETYPE="Microsoft SQL Server">
<FOLDER NAME="INVENTORY_ANALYSIS" GROUP="" OWNER="Administrator" SHARED="NOTSHARED" DESCRIPTION="" PERMISSIONS="rwx---r--" UUID="27b7fb57-5066-4c7e-aee4-118d44bfa5b6">
    <SOURCE BUSINESSNAME ="" DATABASETYPE ="Oracle" DBDNAME ="slbadw" DESCRIPTION ="" NAME ="DAY_DIMENSION" OBJECTVERSION ="1" OWNERNAME ="SLBA" VERSIONNUMBER ="1">
        <SOURCEFIELD BUSINESSNAME ="" DATATYPE ="number(p,s)" DESCRIPTION ="" FIELDNUMBER ="1" FIELDPROPERTY ="0" FIELDTYPE ="ELEMITEM" HIDDEN ="NO" KEYTYPE ="NOT A KEY" LENGTH ="10" LEVEL ="0" NAME ="DAY_DIMENSION_KEY" NULLABLE ="NOTNULL" OCCURS ="0" OFFSET ="0" PHYSICALLENGTH ="8" PHYSICALOFFSET ="0" PICTURETEXT ="" PRECISION ="8" SCALE ="0" USAGE_FLAGS =""/>
        <SOURCEFIELD BUSINESSNAME ="" DATATYPE ="date" DESCRIPTION ="" FIELDNUMBER ="2" FIELDPROPERTY ="0" FIELDTYPE ="ELEMITEM" HIDDEN ="NO" KEYTYPE ="PRIMARY KEY" LENGTH ="19" LEVEL ="0" NAME ="DAY_DATE" NULLABLE ="NOTNULL" OCCURS ="0" OFFSET ="10" PHYSICALLENGTH ="19" PHYSICALOFFSET ="8" PICTURETEXT ="" PRECISION ="19" SCALE ="0" USAGE_FLAGS =""/>
        <SOURCEFIELD BUSINESSNAME ="" DATATYPE ="date" DESCRIPTION ="" FIELDNUMBER ="3" FIELDPROPERTY ="0" FIELDTYPE ="ELEMITEM" HIDDEN ="NO" KEYTYPE ="NOT A KEY" LENGTH ="19" LEVEL ="0" NAME ="AS_OF_DATE" NULLABLE ="NOTNULL" OCCURS ="0" OFFSET ="29" PHYSICALLENGTH ="19" PHYSICALOFFSET ="27" PICTURETEXT ="" PRECISION ="19" SCALE ="0" USAGE_FLAGS =""/>
        <SOURCEFIELD BUSINESSNAME ="" DATATYPE ="varchar2" DESCRIPTION ="" FIELDNUMBER ="4" FIELDPROPERTY ="0" FIELDTYPE ="ELEMITEM" HIDDEN ="NO" KEYTYPE ="NOT A KEY" LENGTH ="0" LEVEL ="0" NAME ="AOD_FORMATTED_DATE_STRING" NULLABLE ="NULL" OCCURS ="0" OFFSET ="48" PHYSICALLENGTH ="10" PHYSICALOFFSET ="46" PICTURETEXT ="" PRECISION ="10" SCALE ="0" USAGE_FLAGS =""/>
        <SOURCEFIELD BUSINESSNAME ="" DATATYPE ="varchar2" DESCRIPTION ="" FIELDNUMBER ="5" FIELDPROPERTY ="0" FIELDTYPE ="ELEMITEM" HIDDEN ="NO" KEYTYPE ="NOT A KEY" LENGTH ="0" LEVEL ="0" NAME ="ACCTG_MONTH" NULLABLE ="NOTNULL" OCCURS ="0" OFFSET ="48" PHYSICALLENGTH ="2" PHYSICALOFFSET ="56" PICTURETEXT ="" PRECISION ="2" SCALE ="0" USAGE_FLAGS =""/>
        <SOURCEFIELD BUSINESSNAME ="" DATATYPE ="varchar2" DESCRIPTION ="" FIELDNUMBER ="6" FIELDPROPERTY ="0" FIELDTYPE ="ELEMITEM" HIDDEN ="NO" KEYTYPE ="NOT A KEY" LENGTH ="0" LEVEL ="0" NAME ="ACCTG_MONTH_DESC" NULLABLE ="NULL" OCCURS ="0" OFFSET ="48" PHYSICALLENGTH ="3" PHYSICALOFFSET ="58" PICTURETEXT ="" PRECISION ="3" SCALE ="0" USAGE_FLAGS =""/>
        <SOURCEFIELD BUSINESSNAME ="" DATATYPE ="varchar2" DESCRIPTION ="" FIELDNUMBER ="7" FIELDPROPERTY ="0" FIELDTYPE ="ELEMITEM" HIDDEN ="NO" KEYTYPE ="NOT A KEY" LENGTH ="0" LEVEL ="0" NAME ="ACCTG_YEAR" NULLABLE ="NOTNULL" OCCURS ="0" OFFSET ="48" PHYSICALLENGTH ="2" PHYSICALOFFSET ="61" PICTURETEXT ="" PRECISION ="2" SCALE ="0" USAGE_FLAGS =""/>
        <SOURCEFIELD BUSINESSNAME ="" DATATYPE ="varchar2" DESCRIPTION ="" FIELDNUMBER ="8" FIELDPROPERTY ="0" FIELDTYPE ="ELEMITEM" HIDDEN ="NO" KEYTYPE ="NOT A KEY" LENGTH ="0" LEVEL ="0" NAME ="FISCAL_YEAR_DESC" NULLABLE ="NULL" OCCURS ="0" OFFSET ="48" PHYSICALLENGTH ="4" PHYSICALOFFSET ="63" PICTURETEXT ="" PRECISION ="4" SCALE ="0" USAGE_FLAGS =""/>
        <SOURCEFIELD BUSINESSNAME ="" DATATYPE ="char" DESCRIPTION ="" FIELDNUMBER ="9" FIELDPROPERTY ="0" FIELDTYPE ="ELEMITEM" HIDDEN ="NO" KEYTYPE ="NOT A KEY" LENGTH ="0" LEVEL ="0" NAME ="ACCTG_BEG_IND" NULLABLE ="NOTNULL" OCCURS ="0" OFFSET ="48" PHYSICALLENGTH ="1" PHYSICALOFFSET ="67" PICTURETEXT ="" PRECISION ="1" SCALE ="0" USAGE_FLAGS =""/>
        <SOURCEFIELD BUSINESSNAME ="" DATATYPE ="char" DESCRIPTION ="" FIELDNUMBER ="10" FIELDPROPERTY ="0" FIELDTYPE ="ELEMITEM" HIDDEN ="NO" KEYTYPE ="NOT A KEY" LENGTH ="0" LEVEL ="0" NAME ="ACCTG_END_IND" NULLABLE ="NOTNULL" OCCURS ="0" OFFSET ="48" PHYSICALLENGTH ="1" PHYSICALOFFSET ="68" PICTURETEXT ="" PRECISION ="1" SCALE ="0" USAGE_FLAGS =""/>
        <SOURCEFIELD BUSINESSNAME ="" DATATYPE ="varchar2" DESCRIPTION ="" FIELDNUMBER ="11" FIELDPROPERTY ="0" FIELDTYPE ="ELEMITEM" HIDDEN ="NO" KEYTYPE ="NOT A KEY" LENGTH ="0" LEVEL ="0" NAME ="ACCTG_WK_OF_MONTH" NULLABLE ="NOTNULL" OCCURS ="0" OFFSET ="48" PHYSICALLENGTH ="2" PHYSICALOFFSET ="69" PICTURETEXT ="" PRECISION ="2" SCALE ="0" USAGE_FLAGS =""/>
        <SOURCEFIELD BUSINESSNAME ="" DATATYPE ="varchar2" DESCRIPTION ="" FIELDNUMBER ="12" FIELDPROPERTY ="0" FIELDTYPE ="ELEMITEM" HIDDEN ="NO" KEYTYPE ="NOT A KEY" LENGTH ="0" LEVEL ="0" NAME ="ACCTG_WEEK_DESC" NULLABLE ="NULL" OCCURS ="0" OFFSET ="48" PHYSICALLENGTH ="6" PHYSICALOFFSET ="71" PICTURETEXT ="" PRECISION ="6" SCALE ="0" USAGE_FLAGS =""/>
        <SOURCEFIELD BUSINESSNAME ="" DATATYPE ="number(p,s)" DESCRIPTION ="" FIELDNUMBER ="13" FIELDPROPERTY ="0" FIELDTYPE ="ELEMITEM" HIDDEN ="NO" KEYTYPE ="NOT A KEY" LENGTH ="4" LEVEL ="0" NAME ="ACCTG_WK_OF_YEAR" NULLABLE ="NOTNULL" OCCURS ="0" OFFSET ="48" PHYSICALLENGTH ="2" PHYSICALOFFSET ="77" PICTURETEXT ="" PRECISION ="2" SCALE ="0" USAGE_FLAGS =""/>
        <SOURCEFIELD BUSINESSNAME ="" DATATYPE ="char" DESCRIPTION ="" FIELDNUMBER ="14" FIELDPROPERTY ="0" FIELDTYPE ="ELEMITEM" HIDDEN ="NO" KEYTYPE ="NOT A KEY" LENGTH ="0" LEVEL ="0" NAME ="AOD_8_WK_IND" NULLABLE ="NOTNULL" OCCURS ="0" OFFSET ="52" PHYSICALLENGTH ="1" PHYSICALOFFSET ="79" PICTURETEXT ="" PRECISION ="1" SCALE ="0" USAGE_FLAGS =""/>
        <SOURCEFIELD BUSINESSNAME ="" DATATYPE ="char" DESCRIPTION ="" FIELDNUMBER ="15" FIELDPROPERTY ="0" FIELDTYPE ="ELEMITEM" HIDDEN ="NO" KEYTYPE ="NOT A KEY" LENGTH ="0" LEVEL ="0" NAME ="CURR_DATE_IND" NULLABLE ="NOTNULL" OCCURS ="0" OFFSET ="52" PHYSICALLENGTH ="1" PHYSICALOFFSET ="80" PICTURETEXT ="" PRECISION ="1" SCALE ="0" USAGE_FLAGS =""/>
        <SOURCEFIELD BUSINESSNAME ="" DATATYPE ="char" DESCRIPTION ="" FIELDNUMBER ="16" FIELDPROPERTY ="0" FIELDTYPE ="ELEMITEM" HIDDEN ="NO" KEYTYPE ="NOT A KEY" LENGTH ="0" LEVEL ="0" NAME ="MONTH_END_IND" NULLABLE ="NOTNULL" OCCURS ="0" OFFSET ="52" PHYSICALLENGTH ="1" PHYSICALOFFSET ="81" PICTURETEXT ="" PRECISION ="1" SCALE ="0" USAGE_FLAGS =""/>
        <SOURCEFIELD BUSINESSNAME ="" DATATYPE ="number(p,s)" DESCRIPTION ="" FIELDNUMBER ="17" FIELDPROPERTY ="0" FIELDTYPE ="ELEMITEM" HIDDEN ="NO" KEYTYPE ="NOT A KEY" LENGTH ="3" LEVEL ="0" NAME ="NUM_OF_WEEKS" NULLABLE ="NOTNULL" OCCURS ="0" OFFSET ="52" PHYSICALLENGTH ="1" PHYSICALOFFSET ="82" PICTURETEXT ="" PRECISION ="1" SCALE ="0" USAGE_FLAGS =""/>
        <SOURCEFIELD BUSINESSNAME ="" DATATYPE ="char" DESCRIPTION ="" FIELDNUMBER ="18" FIELDPROPERTY ="0" FIELDTYPE ="ELEMITEM" HIDDEN ="NO" KEYTYPE ="NOT A KEY" LENGTH ="0" LEVEL ="0" NAME ="QTR_END_IND" NULLABLE ="NOTNULL" OCCURS ="0" OFFSET ="55" PHYSICALLENGTH ="1" PHYSICALOFFSET ="83" PICTURETEXT ="" PRECISION ="1" SCALE ="0" USAGE_FLAGS =""/>
        <SOURCEFIELD BUSINESSNAME ="" DATATYPE ="char" DESCRIPTION ="" FIELDNUMBER ="19" FIELDPROPERTY ="0" FIELDTYPE ="ELEMITEM" HIDDEN ="NO" KEYTYPE ="NOT A KEY" LENGTH ="0" LEVEL ="0" NAME ="YEAR_END_IND" NULLABLE ="NOTNULL" OCCURS ="0" OFFSET ="55" PHYSICALLENGTH ="1" PHYSICALOFFSET ="84" PICTURETEXT ="" PRECISION ="1" SCALE ="0" USAGE_FLAGS =""/>
        <SOURCEFIELD BUSINESSNAME ="" DATATYPE ="number(p,s)" DESCRIPTION ="" FIELDNUMBER ="20" FIELDPROPERTY ="0" FIELDTYPE ="ELEMITEM" HIDDEN ="NO" KEYTYPE ="NOT A KEY" LENGTH ="4" LEVEL ="0" NAME ="CALL_WK_NUM" NULLABLE ="NOTNULL" OCCURS ="0" OFFSET ="55" PHYSICALLENGTH ="2" PHYSICALOFFSET ="85" PICTURETEXT ="" PRECISION ="2" SCALE ="0" USAGE_FLAGS =""/>
        <SOURCEFIELD BUSINESSNAME ="" DATATYPE ="number(p,s)" DESCRIPTION ="" FIELDNUMBER ="21" FIELDPROPERTY ="0" FIELDTYPE ="ELEMITEM" HIDDEN ="NO" KEYTYPE ="NOT A KEY" LENGTH ="5" LEVEL ="0" NAME ="SALES_PER_NUM" NULLABLE ="NOTNULL" OCCURS ="0" OFFSET ="59" PHYSICALLENGTH ="3" PHYSICALOFFSET ="87" PICTURETEXT ="" PRECISION ="3" SCALE ="0" USAGE_FLAGS =""/>
        <SOURCEFIELD BUSINESSNAME ="" DATATYPE ="number" DESCRIPTION ="" FIELDNUMBER ="22" FIELDPROPERTY ="0" FIELDTYPE ="ELEMITEM" HIDDEN ="NO" KEYTYPE ="NOT A KEY" LENGTH ="24" LEVEL ="0" NAME ="DAY_IN_WEEK_NUM" NULLABLE ="NOTNULL" OCCURS ="0" OFFSET ="64" PHYSICALLENGTH ="15" PHYSICALOFFSET ="90" PICTURETEXT ="" PRECISION ="15" SCALE ="0" USAGE_FLAGS =""/>
        <SOURCEFIELD BUSINESSNAME ="" DATATYPE ="number(p,s)" DESCRIPTION ="" FIELDNUMBER ="23" FIELDPROPERTY ="0" FIELDTYPE ="ELEMITEM" HIDDEN ="NO" KEYTYPE ="NOT A KEY" LENGTH ="4" LEVEL ="0" NAME ="DAY_IN_MONTH_NUM" NULLABLE ="NOTNULL" OCCURS ="0" OFFSET ="88" PHYSICALLENGTH ="2" PHYSICALOFFSET ="105" PICTURETEXT ="" PRECISION ="2" SCALE ="0" USAGE_FLAGS =""/>
        <SOURCEFIELD BUSINESSNAME ="" DATATYPE ="number(p,s)" DESCRIPTION ="" FIELDNUMBER ="24" FIELDPROPERTY ="0" FIELDTYPE ="ELEMITEM" HIDDEN ="NO" KEYTYPE ="NOT A KEY" LENGTH ="5" LEVEL ="0" NAME ="DAY_IN_YEAR_NUM" NULLABLE ="NOTNULL" OCCURS ="0" OFFSET ="92" PHYSICALLENGTH ="3" PHYSICALOFFSET ="107" PICTURETEXT ="" PRECISION ="3" SCALE ="0" USAGE_FLAGS =""/>
        <SOURCEFIELD BUSINESSNAME ="" DATATYPE ="char" DESCRIPTION ="" FIELDNUMBER ="25" FIELDPROPERTY ="0" FIELDTYPE ="ELEMITEM" HIDDEN ="NO" KEYTYPE ="NOT A KEY" LENGTH ="0" LEVEL ="0" NAME ="HOLIDAY_IND" NULLABLE ="NOTNULL" OCCURS ="0" OFFSET ="97" PHYSICALLENGTH ="1" PHYSICALOFFSET ="110" PICTURETEXT ="" PRECISION ="1" SCALE ="0" USAGE_FLAGS =""/>
        <SOURCEFIELD BUSINESSNAME ="" DATATYPE ="char" DESCRIPTION ="" FIELDNUMBER ="26" FIELDPROPERTY ="0" FIELDTYPE ="ELEMITEM" HIDDEN ="NO" KEYTYPE ="NOT A KEY" LENGTH ="0" LEVEL ="0" NAME ="WEEKDAY_IND" NULLABLE ="NOTNULL" OCCURS ="0" OFFSET ="97" PHYSICALLENGTH ="1" PHYSICALOFFSET ="111" PICTURETEXT ="" PRECISION ="1" SCALE ="0" USAGE_FLAGS =""/>
        <SOURCEFIELD BUSINESSNAME ="" DATATYPE ="char" DESCRIPTION ="" FIELDNUMBER ="27" FIELDPROPERTY ="0" FIELDTYPE ="ELEMITEM" HIDDEN ="NO" KEYTYPE ="NOT A KEY" LENGTH ="0" LEVEL ="0" NAME ="LAST_DAY_IN_MONTH_IND" NULLABLE ="NOTNULL" OCCURS ="0" OFFSET ="97" PHYSICALLENGTH ="1" PHYSICALOFFSET ="112" PICTURETEXT ="" PRECISION ="1" SCALE ="0" USAGE_FLAGS =""/>
        <SOURCEFIELD BUSINESSNAME ="" DATATYPE ="varchar2" DESCRIPTION ="" FIELDNUMBER ="28" FIELDPROPERTY ="0" FIELDTYPE ="ELEMITEM" HIDDEN ="NO" KEYTYPE ="NOT A KEY" LENGTH ="0" LEVEL ="0" NAME ="UPDATE_USERID" NULLABLE ="NOTNULL" OCCURS ="0" OFFSET ="97" PHYSICALLENGTH ="8" PHYSICALOFFSET ="113" PICTURETEXT ="" PRECISION ="8" SCALE ="0" USAGE_FLAGS =""/>
        <SOURCEFIELD BUSINESSNAME ="" DATATYPE ="date" DESCRIPTION ="" FIELDNUMBER ="29" FIELDPROPERTY ="0" FIELDTYPE ="ELEMITEM" HIDDEN ="NO" KEYTYPE ="NOT A KEY" LENGTH ="19" LEVEL ="0" NAME ="UPDATE_TIMESTAMP" NULLABLE ="NOTNULL" OCCURS ="0" OFFSET ="97" PHYSICALLENGTH ="19" PHYSICALOFFSET ="121" PICTURETEXT ="" PRECISION ="19" SCALE ="0" USAGE_FLAGS =""/>
        <SOURCEFIELD BUSINESSNAME ="" DATATYPE ="varchar2" DESCRIPTION ="" FIELDNUMBER ="30" FIELDPROPERTY ="0" FIELDTYPE ="ELEMITEM" HIDDEN ="NO" KEYTYPE ="NOT A KEY" LENGTH ="0" LEVEL ="0" NAME ="RETAIL_MONTH_FEBFY" NULLABLE ="NULL" OCCURS ="0" OFFSET ="116" PHYSICALLENGTH ="2" PHYSICALOFFSET ="140" PICTURETEXT ="" PRECISION ="2" SCALE ="0" USAGE_FLAGS =""/>
        <SOURCEFIELD BUSINESSNAME ="" DATATYPE ="varchar2" DESCRIPTION ="" FIELDNUMBER ="31" FIELDPROPERTY ="0" FIELDTYPE ="ELEMITEM" HIDDEN ="NO" KEYTYPE ="NOT A KEY" LENGTH ="0" LEVEL ="0" NAME ="RETAIL_YEAR_FEBFY" NULLABLE ="NULL" OCCURS ="0" OFFSET ="116" PHYSICALLENGTH ="2" PHYSICALOFFSET ="142" PICTURETEXT ="" PRECISION ="2" SCALE ="0" USAGE_FLAGS =""/>
        <SOURCEFIELD BUSINESSNAME ="" DATATYPE ="number(p,s)" DESCRIPTION ="" FIELDNUMBER ="32" FIELDPROPERTY ="0" FIELDTYPE ="ELEMITEM" HIDDEN ="NO" KEYTYPE ="NOT A KEY" LENGTH ="3" LEVEL ="0" NAME ="RETAIL_WK_OF_MONTH_FEBFY" NULLABLE ="NULL" OCCURS ="0" OFFSET ="116" PHYSICALLENGTH ="1" PHYSICALOFFSET ="144" PICTURETEXT ="" PRECISION ="1" SCALE ="0" USAGE_FLAGS =""/>
        <SOURCEFIELD BUSINESSNAME ="" DATATYPE ="varchar2" DESCRIPTION ="" FIELDNUMBER ="33" FIELDPROPERTY ="0" FIELDTYPE ="ELEMITEM" HIDDEN ="NO" KEYTYPE ="NOT A KEY" LENGTH ="0" LEVEL ="0" NAME ="RETAIL_WK_OF_YEAR_FEBFY" NULLABLE ="NULL" OCCURS ="0" OFFSET ="119" PHYSICALLENGTH ="2" PHYSICALOFFSET ="145" PICTURETEXT ="" PRECISION ="2" SCALE ="0" USAGE_FLAGS =""/>
        <SOURCEFIELD BUSINESSNAME ="" DATATYPE ="char" DESCRIPTION ="" FIELDNUMBER ="34" FIELDPROPERTY ="0" FIELDTYPE ="ELEMITEM" HIDDEN ="NO" KEYTYPE ="NOT A KEY" LENGTH ="0" LEVEL ="0" NAME ="RETAIL_SEASON_FEBFY" NULLABLE ="NULL" OCCURS ="0" OFFSET ="119" PHYSICALLENGTH ="6" PHYSICALOFFSET ="147" PICTURETEXT ="" PRECISION ="6" SCALE ="0" USAGE_FLAGS =""/>
        <SOURCEFIELD BUSINESSNAME ="" DATATYPE ="varchar2" DESCRIPTION ="" FIELDNUMBER ="35" FIELDPROPERTY ="0" FIELDTYPE ="ELEMITEM" HIDDEN ="NO" KEYTYPE ="NOT A KEY" LENGTH ="0" LEVEL ="0" NAME ="RETAIL_WK_OF_SEASON_FEBFY" NULLABLE ="NULL" OCCURS ="0" OFFSET ="119" PHYSICALLENGTH ="2" PHYSICALOFFSET ="153" PICTURETEXT ="" PRECISION ="2" SCALE ="0" USAGE_FLAGS =""/>
        <SOURCEFIELD BUSINESSNAME ="" DATATYPE ="varchar2" DESCRIPTION ="" FIELDNUMBER ="36" FIELDPROPERTY ="0" FIELDTYPE ="ELEMITEM" HIDDEN ="NO" KEYTYPE ="NOT A KEY" LENGTH ="0" LEVEL ="0" NAME ="RETAIL_MONTH_DESC" NULLABLE ="NULL" OCCURS ="0" OFFSET ="119" PHYSICALLENGTH ="3" PHYSICALOFFSET ="155" PICTURETEXT ="" PRECISION ="3" SCALE ="0" USAGE_FLAGS =""/>
        <SOURCEFIELD BUSINESSNAME ="" DATATYPE ="varchar2" DESCRIPTION ="" FIELDNUMBER ="37" FIELDPROPERTY ="0" FIELDTYPE ="ELEMITEM" HIDDEN ="NO" KEYTYPE ="NOT A KEY" LENGTH ="0" LEVEL ="0" NAME ="RETAIL_MONTH_NAME" NULLABLE ="NULL" OCCURS ="0" OFFSET ="119" PHYSICALLENGTH ="9" PHYSICALOFFSET ="158" PICTURETEXT ="" PRECISION ="9" SCALE ="0" USAGE_FLAGS =""/>
        <SOURCEFIELD BUSINESSNAME ="" DATATYPE ="number(p,s)" DESCRIPTION ="" FIELDNUMBER ="38" FIELDPROPERTY ="0" FIELDTYPE ="ELEMITEM" HIDDEN ="NO" KEYTYPE ="NOT A KEY" LENGTH ="6" LEVEL ="0" NAME ="RETAIL_YEAR" NULLABLE ="NULL" OCCURS ="0" OFFSET ="119" PHYSICALLENGTH ="4" PHYSICALOFFSET ="167" PICTURETEXT ="" PRECISION ="4" SCALE ="0" USAGE_FLAGS =""/>
        <SOURCEFIELD BUSINESSNAME ="" DATATYPE ="varchar2" DESCRIPTION ="" FIELDNUMBER ="39" FIELDPROPERTY ="0" FIELDTYPE ="ELEMITEM" HIDDEN ="NO" KEYTYPE ="NOT A KEY" LENGTH ="0" LEVEL ="0" NAME ="ACCTG_MONTH_NAME" NULLABLE ="NULL" OCCURS ="0" OFFSET ="125" PHYSICALLENGTH ="9" PHYSICALOFFSET ="171" PICTURETEXT ="" PRECISION ="9" SCALE ="0" USAGE_FLAGS =""/>
        <SOURCEFIELD BUSINESSNAME ="" DATATYPE ="char" DESCRIPTION ="" FIELDNUMBER ="40" FIELDPROPERTY ="0" FIELDTYPE ="ELEMITEM" HIDDEN ="NO" KEYTYPE ="NOT A KEY" LENGTH ="0" LEVEL ="0" NAME ="RETAIL_MONTH_END_IND" NULLABLE ="NULL" OCCURS ="0" OFFSET ="125" PHYSICALLENGTH ="1" PHYSICALOFFSET ="180" PICTURETEXT ="" PRECISION ="1" SCALE ="0" USAGE_FLAGS =""/>
        <SOURCEFIELD BUSINESSNAME ="" DATATYPE ="char" DESCRIPTION ="" FIELDNUMBER ="41" FIELDPROPERTY ="0" FIELDTYPE ="ELEMITEM" HIDDEN ="NO" KEYTYPE ="NOT A KEY" LENGTH ="0" LEVEL ="0" NAME ="CURRENT_DATE_LY_IND" NULLABLE ="NULL" OCCURS ="0" OFFSET ="125" PHYSICALLENGTH ="1" PHYSICALOFFSET ="181" PICTURETEXT ="" PRECISION ="1" SCALE ="0" USAGE_FLAGS =""/>
        <SOURCEFIELD BUSINESSNAME ="" DATATYPE ="varchar2" DESCRIPTION ="" FIELDNUMBER ="42" FIELDPROPERTY ="0" FIELDTYPE ="ELEMITEM" HIDDEN ="NO" KEYTYPE ="NOT A KEY" LENGTH ="0" LEVEL ="0" NAME ="RETAIL_MONTH_WMT" NULLABLE ="NULL" OCCURS ="0" OFFSET ="125" PHYSICALLENGTH ="2" PHYSICALOFFSET ="182" PICTURETEXT ="" PRECISION ="2" SCALE ="0" USAGE_FLAGS =""/>
        <SOURCEFIELD BUSINESSNAME ="" DATATYPE ="varchar2" DESCRIPTION ="" FIELDNUMBER ="43" FIELDPROPERTY ="0" FIELDTYPE ="ELEMITEM" HIDDEN ="NO" KEYTYPE ="NOT A KEY" LENGTH ="0" LEVEL ="0" NAME ="RETAIL_MONTH_KMT" NULLABLE ="NULL" OCCURS ="0" OFFSET ="125" PHYSICALLENGTH ="2" PHYSICALOFFSET ="184" PICTURETEXT ="" PRECISION ="2" SCALE ="0" USAGE_FLAGS =""/>
        <SOURCEFIELD BUSINESSNAME ="" DATATYPE ="varchar2" DESCRIPTION ="" FIELDNUMBER ="44" FIELDPROPERTY ="0" FIELDTYPE ="ELEMITEM" HIDDEN ="NO" KEYTYPE ="NOT A KEY" LENGTH ="0" LEVEL ="0" NAME ="RETAIL_MONTH_TGT" NULLABLE ="NULL" OCCURS ="0" OFFSET ="125" PHYSICALLENGTH ="2" PHYSICALOFFSET ="186" PICTURETEXT ="" PRECISION ="2" SCALE ="0" USAGE_FLAGS =""/>
        <SOURCEFIELD BUSINESSNAME ="" DATATYPE ="varchar2" DESCRIPTION ="" FIELDNUMBER ="45" FIELDPROPERTY ="0" FIELDTYPE ="ELEMITEM" HIDDEN ="NO" KEYTYPE ="NOT A KEY" LENGTH ="0" LEVEL ="0" NAME ="RETAIL_YEAR_YY_WMT" NULLABLE ="NULL" OCCURS ="0" OFFSET ="125" PHYSICALLENGTH ="2" PHYSICALOFFSET ="188" PICTURETEXT ="" PRECISION ="2" SCALE ="0" USAGE_FLAGS =""/>
        <SOURCEFIELD BUSINESSNAME ="" DATATYPE ="varchar2" DESCRIPTION ="" FIELDNUMBER ="46" FIELDPROPERTY ="0" FIELDTYPE ="ELEMITEM" HIDDEN ="NO" KEYTYPE ="NOT A KEY" LENGTH ="0" LEVEL ="0" NAME ="RETAIL_YEAR_YY_KMT" NULLABLE ="NULL" OCCURS ="0" OFFSET ="125" PHYSICALLENGTH ="2" PHYSICALOFFSET ="190" PICTURETEXT ="" PRECISION ="2" SCALE ="0" USAGE_FLAGS =""/>
        <SOURCEFIELD BUSINESSNAME ="" DATATYPE ="varchar2" DESCRIPTION ="" FIELDNUMBER ="47" FIELDPROPERTY ="0" FIELDTYPE ="ELEMITEM" HIDDEN ="NO" KEYTYPE ="NOT A KEY" LENGTH ="0" LEVEL ="0" NAME ="RETAIL_YEAR_YY_TGT" NULLABLE ="NULL" OCCURS ="0" OFFSET ="125" PHYSICALLENGTH ="2" PHYSICALOFFSET ="192" PICTURETEXT ="" PRECISION ="2" SCALE ="0" USAGE_FLAGS =""/>
        <SOURCEFIELD BUSINESSNAME ="" DATATYPE ="varchar2" DESCRIPTION ="" FIELDNUMBER ="48" FIELDPROPERTY ="0" FIELDTYPE ="ELEMITEM" HIDDEN ="NO" KEYTYPE ="NOT A KEY" LENGTH ="0" LEVEL ="0" NAME ="RETAIL_WK_OF_MONTH_WMT" NULLABLE ="NULL" OCCURS ="0" OFFSET ="125" PHYSICALLENGTH ="1" PHYSICALOFFSET ="194" PICTURETEXT ="" PRECISION ="1" SCALE ="0" USAGE_FLAGS =""/>
        <SOURCEFIELD BUSINESSNAME ="" DATATYPE ="varchar2" DESCRIPTION ="" FIELDNUMBER ="49" FIELDPROPERTY ="0" FIELDTYPE ="ELEMITEM" HIDDEN ="NO" KEYTYPE ="NOT A KEY" LENGTH ="0" LEVEL ="0" NAME ="RETAIL_WK_OF_MONTH_KMT" NULLABLE ="NULL" OCCURS ="0" OFFSET ="125" PHYSICALLENGTH ="1" PHYSICALOFFSET ="195" PICTURETEXT ="" PRECISION ="1" SCALE ="0" USAGE_FLAGS =""/>
        <SOURCEFIELD BUSINESSNAME ="" DATATYPE ="varchar2" DESCRIPTION ="" FIELDNUMBER ="50" FIELDPROPERTY ="0" FIELDTYPE ="ELEMITEM" HIDDEN ="NO" KEYTYPE ="NOT A KEY" LENGTH ="0" LEVEL ="0" NAME ="RETAIL_WK_OF_MONTH_TGT" NULLABLE ="NULL" OCCURS ="0" OFFSET ="125" PHYSICALLENGTH ="1" PHYSICALOFFSET ="196" PICTURETEXT ="" PRECISION ="1" SCALE ="0" USAGE_FLAGS =""/>
        <SOURCEFIELD BUSINESSNAME ="" DATATYPE ="varchar2" DESCRIPTION ="" FIELDNUMBER ="51" FIELDPROPERTY ="0" FIELDTYPE ="ELEMITEM" HIDDEN ="NO" KEYTYPE ="NOT A KEY" LENGTH ="0" LEVEL ="0" NAME ="RETAIL_WK_OF_YEAR_WMT" NULLABLE ="NULL" OCCURS ="0" OFFSET ="125" PHYSICALLENGTH ="2" PHYSICALOFFSET ="197" PICTURETEXT ="" PRECISION ="2" SCALE ="0" USAGE_FLAGS =""/>
        <SOURCEFIELD BUSINESSNAME ="" DATATYPE ="varchar2" DESCRIPTION ="" FIELDNUMBER ="52" FIELDPROPERTY ="0" FIELDTYPE ="ELEMITEM" HIDDEN ="NO" KEYTYPE ="NOT A KEY" LENGTH ="0" LEVEL ="0" NAME ="RETAIL_WK_OF_YEAR_KMT" NULLABLE ="NULL" OCCURS ="0" OFFSET ="125" PHYSICALLENGTH ="2" PHYSICALOFFSET ="199" PICTURETEXT ="" PRECISION ="2" SCALE ="0" USAGE_FLAGS =""/>
        <SOURCEFIELD BUSINESSNAME ="" DATATYPE ="varchar2" DESCRIPTION ="" FIELDNUMBER ="53" FIELDPROPERTY ="0" FIELDTYPE ="ELEMITEM" HIDDEN ="NO" KEYTYPE ="NOT A KEY" LENGTH ="0" LEVEL ="0" NAME ="RETAIL_WK_OF_YEAR_TGT" NULLABLE ="NULL" OCCURS ="0" OFFSET ="125" PHYSICALLENGTH ="2" PHYSICALOFFSET ="201" PICTURETEXT ="" PRECISION ="2" SCALE ="0" USAGE_FLAGS =""/>
        <SOURCEFIELD BUSINESSNAME ="" DATATYPE ="varchar2" DESCRIPTION ="" FIELDNUMBER ="54" FIELDPROPERTY ="0" FIELDTYPE ="ELEMITEM" HIDDEN ="NO" KEYTYPE ="NOT A KEY" LENGTH ="0" LEVEL ="0" NAME ="RETAIL_SEASON_WMT" NULLABLE ="NULL" OCCURS ="0" OFFSET ="125" PHYSICALLENGTH ="6" PHYSICALOFFSET ="203" PICTURETEXT ="" PRECISION ="6" SCALE ="0" USAGE_FLAGS =""/>
        <SOURCEFIELD BUSINESSNAME ="" DATATYPE ="varchar2" DESCRIPTION ="" FIELDNUMBER ="55" FIELDPROPERTY ="0" FIELDTYPE ="ELEMITEM" HIDDEN ="NO" KEYTYPE ="NOT A KEY" LENGTH ="0" LEVEL ="0" NAME ="RETAIL_SEASON_KMT" NULLABLE ="NULL" OCCURS ="0" OFFSET ="125" PHYSICALLENGTH ="6" PHYSICALOFFSET ="209" PICTURETEXT ="" PRECISION ="6" SCALE ="0" USAGE_FLAGS =""/>
        <SOURCEFIELD BUSINESSNAME ="" DATATYPE ="varchar2" DESCRIPTION ="" FIELDNUMBER ="56" FIELDPROPERTY ="0" FIELDTYPE ="ELEMITEM" HIDDEN ="NO" KEYTYPE ="NOT A KEY" LENGTH ="0" LEVEL ="0" NAME ="RETAIL_SEASON_TGT" NULLABLE ="NULL" OCCURS ="0" OFFSET ="125" PHYSICALLENGTH ="6" PHYSICALOFFSET ="215" PICTURETEXT ="" PRECISION ="6" SCALE ="0" USAGE_FLAGS =""/>
        <SOURCEFIELD BUSINESSNAME ="" DATATYPE ="varchar2" DESCRIPTION ="" FIELDNUMBER ="57" FIELDPROPERTY ="0" FIELDTYPE ="ELEMITEM" HIDDEN ="NO" KEYTYPE ="NOT A KEY" LENGTH ="0" LEVEL ="0" NAME ="RETAIL_WK_OF_SEASON_WMT" NULLABLE ="NULL" OCCURS ="0" OFFSET ="125" PHYSICALLENGTH ="2" PHYSICALOFFSET ="221" PICTURETEXT ="" PRECISION ="2" SCALE ="0" USAGE_FLAGS =""/>
        <SOURCEFIELD BUSINESSNAME ="" DATATYPE ="varchar2" DESCRIPTION ="" FIELDNUMBER ="58" FIELDPROPERTY ="0" FIELDTYPE ="ELEMITEM" HIDDEN ="NO" KEYTYPE ="NOT A KEY" LENGTH ="0" LEVEL ="0" NAME ="RETAIL_WK_OF_SEASON_KMT" NULLABLE ="NULL" OCCURS ="0" OFFSET ="125" PHYSICALLENGTH ="2" PHYSICALOFFSET ="223" PICTURETEXT ="" PRECISION ="2" SCALE ="0" USAGE_FLAGS =""/>
        <SOURCEFIELD BUSINESSNAME ="" DATATYPE ="varchar2" DESCRIPTION ="" FIELDNUMBER ="59" FIELDPROPERTY ="0" FIELDTYPE ="ELEMITEM" HIDDEN ="NO" KEYTYPE ="NOT A KEY" LENGTH ="0" LEVEL ="0" NAME ="RETAIL_WK_OF_SEASON_TGT" NULLABLE ="NULL" OCCURS ="0" OFFSET ="125" PHYSICALLENGTH ="2" PHYSICALOFFSET ="225" PICTURETEXT ="" PRECISION ="2" SCALE ="0" USAGE_FLAGS =""/>
        <SOURCEFIELD BUSINESSNAME ="" DATATYPE ="varchar2" DESCRIPTION ="" FIELDNUMBER ="60" FIELDPROPERTY ="0" FIELDTYPE ="ELEMITEM" HIDDEN ="NO" KEYTYPE ="NOT A KEY" LENGTH ="0" LEVEL ="0" NAME ="RETAIL_MONTH_DESC_WMT" NULLABLE ="NULL" OCCURS ="0" OFFSET ="125" PHYSICALLENGTH ="3" PHYSICALOFFSET ="227" PICTURETEXT ="" PRECISION ="3" SCALE ="0" USAGE_FLAGS =""/>
        <SOURCEFIELD BUSINESSNAME ="" DATATYPE ="varchar2" DESCRIPTION ="" FIELDNUMBER ="61" FIELDPROPERTY ="0" FIELDTYPE ="ELEMITEM" HIDDEN ="NO" KEYTYPE ="NOT A KEY" LENGTH ="0" LEVEL ="0" NAME ="RETAIL_MONTH_DESC_KMT" NULLABLE ="NULL" OCCURS ="0" OFFSET ="125" PHYSICALLENGTH ="3" PHYSICALOFFSET ="230" PICTURETEXT ="" PRECISION ="3" SCALE ="0" USAGE_FLAGS =""/>
        <SOURCEFIELD BUSINESSNAME ="" DATATYPE ="varchar2" DESCRIPTION ="" FIELDNUMBER ="62" FIELDPROPERTY ="0" FIELDTYPE ="ELEMITEM" HIDDEN ="NO" KEYTYPE ="NOT A KEY" LENGTH ="0" LEVEL ="0" NAME ="RETAIL_MONTH_DESC_TGT" NULLABLE ="NULL" OCCURS ="0" OFFSET ="125" PHYSICALLENGTH ="3" PHYSICALOFFSET ="233" PICTURETEXT ="" PRECISION ="3" SCALE ="0" USAGE_FLAGS =""/>
        <SOURCEFIELD BUSINESSNAME ="" DATATYPE ="varchar2" DESCRIPTION ="" FIELDNUMBER ="63" FIELDPROPERTY ="0" FIELDTYPE ="ELEMITEM" HIDDEN ="NO" KEYTYPE ="NOT A KEY" LENGTH ="0" LEVEL ="0" NAME ="RETAIL_MONTH_NAME_WMT" NULLABLE ="NULL" OCCURS ="0" OFFSET ="125" PHYSICALLENGTH ="9" PHYSICALOFFSET ="236" PICTURETEXT ="" PRECISION ="9" SCALE ="0" USAGE_FLAGS =""/>
        <SOURCEFIELD BUSINESSNAME ="" DATATYPE ="varchar2" DESCRIPTION ="" FIELDNUMBER ="64" FIELDPROPERTY ="0" FIELDTYPE ="ELEMITEM" HIDDEN ="NO" KEYTYPE ="NOT A KEY" LENGTH ="0" LEVEL ="0" NAME ="RETAIL_MONTH_NAME_KMT" NULLABLE ="NULL" OCCURS ="0" OFFSET ="125" PHYSICALLENGTH ="9" PHYSICALOFFSET ="245" PICTURETEXT ="" PRECISION ="9" SCALE ="0" USAGE_FLAGS =""/>
        <SOURCEFIELD BUSINESSNAME ="" DATATYPE ="varchar2" DESCRIPTION ="" FIELDNUMBER ="65" FIELDPROPERTY ="0" FIELDTYPE ="ELEMITEM" HIDDEN ="NO" KEYTYPE ="NOT A KEY" LENGTH ="0" LEVEL ="0" NAME ="RETAIL_MONTH_NAME_TGT" NULLABLE ="NULL" OCCURS ="0" OFFSET ="125" PHYSICALLENGTH ="9" PHYSICALOFFSET ="254" PICTURETEXT ="" PRECISION ="9" SCALE ="0" USAGE_FLAGS =""/>
        <SOURCEFIELD BUSINESSNAME ="" DATATYPE ="varchar2" DESCRIPTION ="" FIELDNUMBER ="66" FIELDPROPERTY ="0" FIELDTYPE ="ELEMITEM" HIDDEN ="NO" KEYTYPE ="NOT A KEY" LENGTH ="0" LEVEL ="0" NAME ="RETAIL_YEAR_WMT" NULLABLE ="NULL" OCCURS ="0" OFFSET ="125" PHYSICALLENGTH ="4" PHYSICALOFFSET ="263" PICTURETEXT ="" PRECISION ="4" SCALE ="0" USAGE_FLAGS =""/>
        <SOURCEFIELD BUSINESSNAME ="" DATATYPE ="varchar2" DESCRIPTION ="" FIELDNUMBER ="67" FIELDPROPERTY ="0" FIELDTYPE ="ELEMITEM" HIDDEN ="NO" KEYTYPE ="NOT A KEY" LENGTH ="0" LEVEL ="0" NAME ="RETAIL_YEAR_KMT" NULLABLE ="NULL" OCCURS ="0" OFFSET ="125" PHYSICALLENGTH ="4" PHYSICALOFFSET ="267" PICTURETEXT ="" PRECISION ="4" SCALE ="0" USAGE_FLAGS =""/>
        <SOURCEFIELD BUSINESSNAME ="" DATATYPE ="varchar2" DESCRIPTION ="" FIELDNUMBER ="68" FIELDPROPERTY ="0" FIELDTYPE ="ELEMITEM" HIDDEN ="NO" KEYTYPE ="NOT A KEY" LENGTH ="0" LEVEL ="0" NAME ="RETAIL_YEAR_TGT" NULLABLE ="NULL" OCCURS ="0" OFFSET ="125" PHYSICALLENGTH ="4" PHYSICALOFFSET ="271" PICTURETEXT ="" PRECISION ="4" SCALE ="0" USAGE_FLAGS =""/>
        <SOURCEFIELD BUSINESSNAME ="" DATATYPE ="varchar2" DESCRIPTION ="" FIELDNUMBER ="69" FIELDPROPERTY ="0" FIELDTYPE ="ELEMITEM" HIDDEN ="NO" KEYTYPE ="NOT A KEY" LENGTH ="0" LEVEL ="0" NAME ="RETAIL_MONTH_END_IND_WMT" NULLABLE ="NULL" OCCURS ="0" OFFSET ="125" PHYSICALLENGTH ="1" PHYSICALOFFSET ="275" PICTURETEXT ="" PRECISION ="1" SCALE ="0" USAGE_FLAGS =""/>
        <SOURCEFIELD BUSINESSNAME ="" DATATYPE ="varchar2" DESCRIPTION ="" FIELDNUMBER ="70" FIELDPROPERTY ="0" FIELDTYPE ="ELEMITEM" HIDDEN ="NO" KEYTYPE ="NOT A KEY" LENGTH ="0" LEVEL ="0" NAME ="RETAIL_MONTH_END_IND_KMT" NULLABLE ="NULL" OCCURS ="0" OFFSET ="125" PHYSICALLENGTH ="1" PHYSICALOFFSET ="276" PICTURETEXT ="" PRECISION ="1" SCALE ="0" USAGE_FLAGS =""/>
        <SOURCEFIELD BUSINESSNAME ="" DATATYPE ="varchar2" DESCRIPTION ="" FIELDNUMBER ="71" FIELDPROPERTY ="0" FIELDTYPE ="ELEMITEM" HIDDEN ="NO" KEYTYPE ="NOT A KEY" LENGTH ="0" LEVEL ="0" NAME ="RETAIL_MONTH_END_IND_TGT" NULLABLE ="NULL" OCCURS ="0" OFFSET ="125" PHYSICALLENGTH ="1" PHYSICALOFFSET ="277" PICTURETEXT ="" PRECISION ="1" SCALE ="0" USAGE_FLAGS =""/>
        <SOURCEFIELD BUSINESSNAME ="" DATATYPE ="varchar2" DESCRIPTION ="" FIELDNUMBER ="72" FIELDPROPERTY ="0" FIELDTYPE ="ELEMITEM" HIDDEN ="NO" KEYTYPE ="NOT A KEY" LENGTH ="0" LEVEL ="0" NAME ="ACCTG_CURRENT_YTD_IND" NULLABLE ="NULL" OCCURS ="0" OFFSET ="125" PHYSICALLENGTH ="1" PHYSICALOFFSET ="278" PICTURETEXT ="" PRECISION ="1" SCALE ="0" USAGE_FLAGS =""/>
        <SOURCEFIELD BUSINESSNAME ="" DATATYPE ="varchar2" DESCRIPTION ="" FIELDNUMBER ="73" FIELDPROPERTY ="0" FIELDTYPE ="ELEMITEM" HIDDEN ="NO" KEYTYPE ="NOT A KEY" LENGTH ="0" LEVEL ="0" NAME ="ACCTG_CURRENT_YTD_LY_IND" NULLABLE ="NULL" OCCURS ="0" OFFSET ="125" PHYSICALLENGTH ="1" PHYSICALOFFSET ="279" PICTURETEXT ="" PRECISION ="1" SCALE ="0" USAGE_FLAGS =""/>
        <SOURCEFIELD BUSINESSNAME ="" DATATYPE ="varchar2" DESCRIPTION ="" FIELDNUMBER ="74" FIELDPROPERTY ="0" FIELDTYPE ="ELEMITEM" HIDDEN ="NO" KEYTYPE ="NOT A KEY" LENGTH ="0" LEVEL ="0" NAME ="ACCTG_CURRENT_MTD_IND" NULLABLE ="NULL" OCCURS ="0" OFFSET ="125" PHYSICALLENGTH ="1" PHYSICALOFFSET ="280" PICTURETEXT ="" PRECISION ="1" SCALE ="0" USAGE_FLAGS =""/>
        <SOURCEFIELD BUSINESSNAME ="" DATATYPE ="varchar2" DESCRIPTION ="" FIELDNUMBER ="75" FIELDPROPERTY ="0" FIELDTYPE ="ELEMITEM" HIDDEN ="NO" KEYTYPE ="NOT A KEY" LENGTH ="0" LEVEL ="0" NAME ="ACCTG_CURRENT_MTD_LY_IND" NULLABLE ="NULL" OCCURS ="0" OFFSET ="125" PHYSICALLENGTH ="1" PHYSICALOFFSET ="281" PICTURETEXT ="" PRECISION ="1" SCALE ="0" USAGE_FLAGS =""/>
        <SOURCEFIELD BUSINESSNAME ="" DATATYPE ="varchar2" DESCRIPTION ="" FIELDNUMBER ="76" FIELDPROPERTY ="0" FIELDTYPE ="ELEMITEM" HIDDEN ="NO" KEYTYPE ="NOT A KEY" LENGTH ="0" LEVEL ="0" NAME ="ACCTG_CURRENT_WEEK_LY_IND" NULLABLE ="NULL" OCCURS ="0" OFFSET ="125" PHYSICALLENGTH ="1" PHYSICALOFFSET ="282" PICTURETEXT ="" PRECISION ="1" SCALE ="0" USAGE_FLAGS =""/>
        <SOURCEFIELD BUSINESSNAME ="" DATATYPE ="varchar2" DESCRIPTION ="" FIELDNUMBER ="77" FIELDPROPERTY ="0" FIELDTYPE ="ELEMITEM" HIDDEN ="NO" KEYTYPE ="NOT A KEY" LENGTH ="0" LEVEL ="0" NAME ="RETAIL_CURRENT_YTD_IND_WMT" NULLABLE ="NULL" OCCURS ="0" OFFSET ="125" PHYSICALLENGTH ="1" PHYSICALOFFSET ="283" PICTURETEXT ="" PRECISION ="1" SCALE ="0" USAGE_FLAGS =""/>
        <SOURCEFIELD BUSINESSNAME ="" DATATYPE ="varchar2" DESCRIPTION ="" FIELDNUMBER ="78" FIELDPROPERTY ="0" FIELDTYPE ="ELEMITEM" HIDDEN ="NO" KEYTYPE ="NOT A KEY" LENGTH ="0" LEVEL ="0" NAME ="RETAIL_CURRENT_YTD_IND_KMT" NULLABLE ="NULL" OCCURS ="0" OFFSET ="125" PHYSICALLENGTH ="1" PHYSICALOFFSET ="284" PICTURETEXT ="" PRECISION ="1" SCALE ="0" USAGE_FLAGS =""/>
        <SOURCEFIELD BUSINESSNAME ="" DATATYPE ="varchar2" DESCRIPTION ="" FIELDNUMBER ="79" FIELDPROPERTY ="0" FIELDTYPE ="ELEMITEM" HIDDEN ="NO" KEYTYPE ="NOT A KEY" LENGTH ="0" LEVEL ="0" NAME ="RETAIL_CURRENT_YTD_IND_TGT" NULLABLE ="NULL" OCCURS ="0" OFFSET ="125" PHYSICALLENGTH ="1" PHYSICALOFFSET ="285" PICTURETEXT ="" PRECISION ="1" SCALE ="0" USAGE_FLAGS =""/>
        <SOURCEFIELD BUSINESSNAME ="" DATATYPE ="varchar2" DESCRIPTION ="" FIELDNUMBER ="80" FIELDPROPERTY ="0" FIELDTYPE ="ELEMITEM" HIDDEN ="NO" KEYTYPE ="NOT A KEY" LENGTH ="0" LEVEL ="0" NAME ="RETAIL_CURRENT_MTD_IND_WMT" NULLABLE ="NULL" OCCURS ="0" OFFSET ="125" PHYSICALLENGTH ="1" PHYSICALOFFSET ="286" PICTURETEXT ="" PRECISION ="1" SCALE ="0" USAGE_FLAGS =""/>
        <SOURCEFIELD BUSINESSNAME ="" DATATYPE ="varchar2" DESCRIPTION ="" FIELDNUMBER ="81" FIELDPROPERTY ="0" FIELDTYPE ="ELEMITEM" HIDDEN ="NO" KEYTYPE ="NOT A KEY" LENGTH ="0" LEVEL ="0" NAME ="RETAIL_CURRENT_MTD_IND_KMT" NULLABLE ="NULL" OCCURS ="0" OFFSET ="125" PHYSICALLENGTH ="1" PHYSICALOFFSET ="287" PICTURETEXT ="" PRECISION ="1" SCALE ="0" USAGE_FLAGS =""/>
        <SOURCEFIELD BUSINESSNAME ="" DATATYPE ="varchar2" DESCRIPTION ="" FIELDNUMBER ="82" FIELDPROPERTY ="0" FIELDTYPE ="ELEMITEM" HIDDEN ="NO" KEYTYPE ="NOT A KEY" LENGTH ="0" LEVEL ="0" NAME ="RETAIL_CURRENT_MTD_IND_TGT" NULLABLE ="NULL" OCCURS ="0" OFFSET ="125" PHYSICALLENGTH ="1" PHYSICALOFFSET ="288" PICTURETEXT ="" PRECISION ="1" SCALE ="0" USAGE_FLAGS =""/>
        <SOURCEFIELD BUSINESSNAME ="" DATATYPE ="varchar2" DESCRIPTION ="" FIELDNUMBER ="83" FIELDPROPERTY ="0" FIELDTYPE ="ELEMITEM" HIDDEN ="NO" KEYTYPE ="NOT A KEY" LENGTH ="0" LEVEL ="0" NAME ="RETAIL_CURR_WK_LY_IND" NULLABLE ="NULL" OCCURS ="0" OFFSET ="125" PHYSICALLENGTH ="1" PHYSICALOFFSET ="289" PICTURETEXT ="" PRECISION ="1" SCALE ="0" USAGE_FLAGS =""/>
        <SOURCEFIELD BUSINESSNAME ="" DATATYPE ="varchar2" DESCRIPTION ="" FIELDNUMBER ="84" FIELDPROPERTY ="0" FIELDTYPE ="ELEMITEM" HIDDEN ="NO" KEYTYPE ="NOT A KEY" LENGTH ="0" LEVEL ="0" NAME ="RETAIL_CURR_WK_LY_IND_WMT" NULLABLE ="NULL" OCCURS ="0" OFFSET ="125" PHYSICALLENGTH ="1" PHYSICALOFFSET ="290" PICTURETEXT ="" PRECISION ="1" SCALE ="0" USAGE_FLAGS =""/>
        <SOURCEFIELD BUSINESSNAME ="" DATATYPE ="varchar2" DESCRIPTION ="" FIELDNUMBER ="85" FIELDPROPERTY ="0" FIELDTYPE ="ELEMITEM" HIDDEN ="NO" KEYTYPE ="NOT A KEY" LENGTH ="0" LEVEL ="0" NAME ="RETAIL_CURR_WK_LY_IND_KMT" NULLABLE ="NULL" OCCURS ="0" OFFSET ="125" PHYSICALLENGTH ="1" PHYSICALOFFSET ="291" PICTURETEXT ="" PRECISION ="1" SCALE ="0" USAGE_FLAGS =""/>
        <SOURCEFIELD BUSINESSNAME ="" DATATYPE ="varchar2" DESCRIPTION ="" FIELDNUMBER ="86" FIELDPROPERTY ="0" FIELDTYPE ="ELEMITEM" HIDDEN ="NO" KEYTYPE ="NOT A KEY" LENGTH ="0" LEVEL ="0" NAME ="RETAIL_CURR_WK_LY_IND_TGT" NULLABLE ="NULL" OCCURS ="0" OFFSET ="125" PHYSICALLENGTH ="1" PHYSICALOFFSET ="292" PICTURETEXT ="" PRECISION ="1" SCALE ="0" USAGE_FLAGS =""/>
        <SOURCEFIELD BUSINESSNAME ="" DATATYPE ="varchar2" DESCRIPTION ="" FIELDNUMBER ="87" FIELDPROPERTY ="0" FIELDTYPE ="ELEMITEM" HIDDEN ="NO" KEYTYPE ="NOT A KEY" LENGTH ="0" LEVEL ="0" NAME ="RETAIL_CURR_MTD_LY_IND" NULLABLE ="NULL" OCCURS ="0" OFFSET ="125" PHYSICALLENGTH ="1" PHYSICALOFFSET ="293" PICTURETEXT ="" PRECISION ="1" SCALE ="0" USAGE_FLAGS =""/>
        <SOURCEFIELD BUSINESSNAME ="" DATATYPE ="varchar2" DESCRIPTION ="" FIELDNUMBER ="88" FIELDPROPERTY ="0" FIELDTYPE ="ELEMITEM" HIDDEN ="NO" KEYTYPE ="NOT A KEY" LENGTH ="0" LEVEL ="0" NAME ="RETAIL_CURR_MTD_LY_IND_WMT" NULLABLE ="NULL" OCCURS ="0" OFFSET ="125" PHYSICALLENGTH ="1" PHYSICALOFFSET ="294" PICTURETEXT ="" PRECISION ="1" SCALE ="0" USAGE_FLAGS =""/>
        <SOURCEFIELD BUSINESSNAME ="" DATATYPE ="varchar2" DESCRIPTION ="" FIELDNUMBER ="89" FIELDPROPERTY ="0" FIELDTYPE ="ELEMITEM" HIDDEN ="NO" KEYTYPE ="NOT A KEY" LENGTH ="0" LEVEL ="0" NAME ="RETAIL_CURR_MTD_LY_IND_KMT" NULLABLE ="NULL" OCCURS ="0" OFFSET ="125" PHYSICALLENGTH ="1" PHYSICALOFFSET ="295" PICTURETEXT ="" PRECISION ="1" SCALE ="0" USAGE_FLAGS =""/>
        <SOURCEFIELD BUSINESSNAME ="" DATATYPE ="varchar2" DESCRIPTION ="" FIELDNUMBER ="90" FIELDPROPERTY ="0" FIELDTYPE ="ELEMITEM" HIDDEN ="NO" KEYTYPE ="NOT A KEY" LENGTH ="0" LEVEL ="0" NAME ="RETAIL_CURR_MTD_LY_IND_TGT" NULLABLE ="NULL" OCCURS ="0" OFFSET ="125" PHYSICALLENGTH ="1" PHYSICALOFFSET ="296" PICTURETEXT ="" PRECISION ="1" SCALE ="0" USAGE_FLAGS =""/>
        <SOURCEFIELD BUSINESSNAME ="" DATATYPE ="varchar2" DESCRIPTION ="" FIELDNUMBER ="91" FIELDPROPERTY ="0" FIELDTYPE ="ELEMITEM" HIDDEN ="NO" KEYTYPE ="NOT A KEY" LENGTH ="0" LEVEL ="0" NAME ="RETAIL_CURR_YTD_LY_IND" NULLABLE ="NULL" OCCURS ="0" OFFSET ="125" PHYSICALLENGTH ="1" PHYSICALOFFSET ="297" PICTURETEXT ="" PRECISION ="1" SCALE ="0" USAGE_FLAGS =""/>
        <SOURCEFIELD BUSINESSNAME ="" DATATYPE ="varchar2" DESCRIPTION ="" FIELDNUMBER ="92" FIELDPROPERTY ="0" FIELDTYPE ="ELEMITEM" HIDDEN ="NO" KEYTYPE ="NOT A KEY" LENGTH ="0" LEVEL ="0" NAME ="RETAIL_CURR_YTD_LY_IND_WMT" NULLABLE ="NULL" OCCURS ="0" OFFSET ="125" PHYSICALLENGTH ="1" PHYSICALOFFSET ="298" PICTURETEXT ="" PRECISION ="1" SCALE ="0" USAGE_FLAGS =""/>
        <SOURCEFIELD BUSINESSNAME ="" DATATYPE ="varchar2" DESCRIPTION ="" FIELDNUMBER ="93" FIELDPROPERTY ="0" FIELDTYPE ="ELEMITEM" HIDDEN ="NO" KEYTYPE ="NOT A KEY" LENGTH ="0" LEVEL ="0" NAME ="RETAIL_CURR_YTD_LY_IND_KMT" NULLABLE ="NULL" OCCURS ="0" OFFSET ="125" PHYSICALLENGTH ="1" PHYSICALOFFSET ="299" PICTURETEXT ="" PRECISION ="1" SCALE ="0" USAGE_FLAGS =""/>
        <SOURCEFIELD BUSINESSNAME ="" DATATYPE ="varchar2" DESCRIPTION ="" FIELDNUMBER ="94" FIELDPROPERTY ="0" FIELDTYPE ="ELEMITEM" HIDDEN ="NO" KEYTYPE ="NOT A KEY" LENGTH ="0" LEVEL ="0" NAME ="RETAIL_CURR_YTD_LY_IND_TGT" NULLABLE ="NULL" OCCURS ="0" OFFSET ="125" PHYSICALLENGTH ="1" PHYSICALOFFSET ="300" PICTURETEXT ="" PRECISION ="1" SCALE ="0" USAGE_FLAGS =""/>
        <SOURCEFIELD BUSINESSNAME ="" DATATYPE ="varchar2" DESCRIPTION ="" FIELDNUMBER ="95" FIELDPROPERTY ="0" FIELDTYPE ="ELEMITEM" HIDDEN ="NO" KEYTYPE ="NOT A KEY" LENGTH ="0" LEVEL ="0" NAME ="RETAIL_CURRENT_MTD_IND" NULLABLE ="NULL" OCCURS ="0" OFFSET ="125" PHYSICALLENGTH ="1" PHYSICALOFFSET ="301" PICTURETEXT ="" PRECISION ="1" SCALE ="0" USAGE_FLAGS =""/>
        <SOURCEFIELD BUSINESSNAME ="" DATATYPE ="varchar2" DESCRIPTION ="" FIELDNUMBER ="96" FIELDPROPERTY ="0" FIELDTYPE ="ELEMITEM" HIDDEN ="NO" KEYTYPE ="NOT A KEY" LENGTH ="0" LEVEL ="0" NAME ="ACCTG_CURR_MTD_LY_IND" NULLABLE ="NULL" OCCURS ="0" OFFSET ="125" PHYSICALLENGTH ="1" PHYSICALOFFSET ="302" PICTURETEXT ="" PRECISION ="1" SCALE ="0" USAGE_FLAGS =""/>
        <SOURCEFIELD BUSINESSNAME ="" DATATYPE ="varchar2" DESCRIPTION ="" FIELDNUMBER ="97" FIELDPROPERTY ="0" FIELDTYPE ="ELEMITEM" HIDDEN ="NO" KEYTYPE ="NOT A KEY" LENGTH ="0" LEVEL ="0" NAME ="RETAIL_CURRENT_YTD_IND" NULLABLE ="NULL" OCCURS ="0" OFFSET ="125" PHYSICALLENGTH ="1" PHYSICALOFFSET ="303" PICTURETEXT ="" PRECISION ="1" SCALE ="0" USAGE_FLAGS =""/>
        <SOURCEFIELD BUSINESSNAME ="" DATATYPE ="number(p,s)" DESCRIPTION ="" FIELDNUMBER ="98" FIELDPROPERTY ="0" FIELDTYPE ="ELEMITEM" HIDDEN ="NO" KEYTYPE ="NOT A KEY" LENGTH ="6" LEVEL ="0" NAME ="FISCAL_YEAR" NULLABLE ="NULL" OCCURS ="0" OFFSET ="125" PHYSICALLENGTH ="4" PHYSICALOFFSET ="304" PICTURETEXT ="" PRECISION ="4" SCALE ="0" USAGE_FLAGS =""/>
        <SOURCEFIELD BUSINESSNAME ="" DATATYPE ="number(p,s)" DESCRIPTION ="" FIELDNUMBER ="99" FIELDPROPERTY ="0" FIELDTYPE ="ELEMITEM" HIDDEN ="NO" KEYTYPE ="NOT A KEY" LENGTH ="4" LEVEL ="0" NAME ="FISCAL_PERIOD" NULLABLE ="NULL" OCCURS ="0" OFFSET ="131" PHYSICALLENGTH ="2" PHYSICALOFFSET ="308" PICTURETEXT ="" PRECISION ="2" SCALE ="0" USAGE_FLAGS =""/>
        <SOURCEFIELD BUSINESSNAME ="" DATATYPE ="number(p,s)" DESCRIPTION ="" FIELDNUMBER ="100" FIELDPROPERTY ="0" FIELDTYPE ="ELEMITEM" HIDDEN ="NO" KEYTYPE ="NOT A KEY" LENGTH ="4" LEVEL ="0" NAME ="FISCAL_WEEK" NULLABLE ="NULL" OCCURS ="0" OFFSET ="135" PHYSICALLENGTH ="2" PHYSICALOFFSET ="310" PICTURETEXT ="" PRECISION ="2" SCALE ="0" USAGE_FLAGS =""/>
        <SOURCEFIELD BUSINESSNAME ="" DATATYPE ="varchar2" DESCRIPTION ="" FIELDNUMBER ="101" FIELDPROPERTY ="0" FIELDTYPE ="ELEMITEM" HIDDEN ="NO" KEYTYPE ="NOT A KEY" LENGTH ="0" LEVEL ="0" NAME ="CY_MONTH_NUM" NULLABLE ="NULL" OCCURS ="0" OFFSET ="139" PHYSICALLENGTH ="2" PHYSICALOFFSET ="312" PICTURETEXT ="" PRECISION ="2" SCALE ="0" USAGE_FLAGS =""/>
        <SOURCEFIELD BUSINESSNAME ="" DATATYPE ="varchar2" DESCRIPTION ="" FIELDNUMBER ="102" FIELDPROPERTY ="0" FIELDTYPE ="ELEMITEM" HIDDEN ="NO" KEYTYPE ="NOT A KEY" LENGTH ="0" LEVEL ="0" NAME ="CY_MONTH_DESC" NULLABLE ="NULL" OCCURS ="0" OFFSET ="139" PHYSICALLENGTH ="3" PHYSICALOFFSET ="314" PICTURETEXT ="" PRECISION ="3" SCALE ="0" USAGE_FLAGS =""/>
        <SOURCEFIELD BUSINESSNAME ="" DATATYPE ="varchar2" DESCRIPTION ="" FIELDNUMBER ="103" FIELDPROPERTY ="0" FIELDTYPE ="ELEMITEM" HIDDEN ="NO" KEYTYPE ="NOT A KEY" LENGTH ="0" LEVEL ="0" NAME ="CY_MONTH_NAME" NULLABLE ="NULL" OCCURS ="0" OFFSET ="139" PHYSICALLENGTH ="10" PHYSICALOFFSET ="317" PICTURETEXT ="" PRECISION ="10" SCALE ="0" USAGE_FLAGS =""/>
        <SOURCEFIELD BUSINESSNAME ="" DATATYPE ="varchar2" DESCRIPTION ="" FIELDNUMBER ="104" FIELDPROPERTY ="0" FIELDTYPE ="ELEMITEM" HIDDEN ="NO" KEYTYPE ="NOT A KEY" LENGTH ="0" LEVEL ="0" NAME ="CY_YEAR_YY" NULLABLE ="NULL" OCCURS ="0" OFFSET ="139" PHYSICALLENGTH ="2" PHYSICALOFFSET ="327" PICTURETEXT ="" PRECISION ="2" SCALE ="0" USAGE_FLAGS =""/>
        <SOURCEFIELD BUSINESSNAME ="" DATATYPE ="varchar2" DESCRIPTION ="" FIELDNUMBER ="105" FIELDPROPERTY ="0" FIELDTYPE ="ELEMITEM" HIDDEN ="NO" KEYTYPE ="NOT A KEY" LENGTH ="0" LEVEL ="0" NAME ="CY_YEAR_DESC" NULLABLE ="NULL" OCCURS ="0" OFFSET ="139" PHYSICALLENGTH ="4" PHYSICALOFFSET ="329" PICTURETEXT ="" PRECISION ="4" SCALE ="0" USAGE_FLAGS =""/>
        <SOURCEFIELD BUSINESSNAME ="" DATATYPE ="varchar2" DESCRIPTION ="" FIELDNUMBER ="106" FIELDPROPERTY ="0" FIELDTYPE ="ELEMITEM" HIDDEN ="NO" KEYTYPE ="NOT A KEY" LENGTH ="0" LEVEL ="0" NAME ="CY_YEAR_YYYY" NULLABLE ="NULL" OCCURS ="0" OFFSET ="139" PHYSICALLENGTH ="4" PHYSICALOFFSET ="333" PICTURETEXT ="" PRECISION ="4" SCALE ="0" USAGE_FLAGS =""/>
        <SOURCEFIELD BUSINESSNAME ="" DATATYPE ="varchar2" DESCRIPTION ="" FIELDNUMBER ="107" FIELDPROPERTY ="0" FIELDTYPE ="ELEMITEM" HIDDEN ="NO" KEYTYPE ="NOT A KEY" LENGTH ="0" LEVEL ="0" NAME ="CY_WK_OF_MONTH" NULLABLE ="NULL" OCCURS ="0" OFFSET ="139" PHYSICALLENGTH ="1" PHYSICALOFFSET ="337" PICTURETEXT ="" PRECISION ="1" SCALE ="0" USAGE_FLAGS =""/>
        <SOURCEFIELD BUSINESSNAME ="" DATATYPE ="varchar2" DESCRIPTION ="" FIELDNUMBER ="108" FIELDPROPERTY ="0" FIELDTYPE ="ELEMITEM" HIDDEN ="NO" KEYTYPE ="NOT A KEY" LENGTH ="0" LEVEL ="0" NAME ="CY_WK_OF_MONTH_DESC" NULLABLE ="NULL" OCCURS ="0" OFFSET ="139" PHYSICALLENGTH ="5" PHYSICALOFFSET ="338" PICTURETEXT ="" PRECISION ="5" SCALE ="0" USAGE_FLAGS =""/>
        <SOURCEFIELD BUSINESSNAME ="" DATATYPE ="varchar2" DESCRIPTION ="" FIELDNUMBER ="109" FIELDPROPERTY ="0" FIELDTYPE ="ELEMITEM" HIDDEN ="NO" KEYTYPE ="NOT A KEY" LENGTH ="0" LEVEL ="0" NAME ="CY_WK_OF_QTR" NULLABLE ="NULL" OCCURS ="0" OFFSET ="139" PHYSICALLENGTH ="2" PHYSICALOFFSET ="343" PICTURETEXT ="" PRECISION ="2" SCALE ="0" USAGE_FLAGS =""/>
        <SOURCEFIELD BUSINESSNAME ="" DATATYPE ="varchar2" DESCRIPTION ="" FIELDNUMBER ="110" FIELDPROPERTY ="0" FIELDTYPE ="ELEMITEM" HIDDEN ="NO" KEYTYPE ="NOT A KEY" LENGTH ="0" LEVEL ="0" NAME ="CY_WK_OF_YEAR" NULLABLE ="NULL" OCCURS ="0" OFFSET ="139" PHYSICALLENGTH ="2" PHYSICALOFFSET ="345" PICTURETEXT ="" PRECISION ="2" SCALE ="0" USAGE_FLAGS =""/>
        <SOURCEFIELD BUSINESSNAME ="" DATATYPE ="varchar2" DESCRIPTION ="" FIELDNUMBER ="111" FIELDPROPERTY ="0" FIELDTYPE ="ELEMITEM" HIDDEN ="NO" KEYTYPE ="NOT A KEY" LENGTH ="0" LEVEL ="0" NAME ="CY_CURR_DATE_IND" NULLABLE ="NULL" OCCURS ="0" OFFSET ="139" PHYSICALLENGTH ="1" PHYSICALOFFSET ="347" PICTURETEXT ="" PRECISION ="1" SCALE ="0" USAGE_FLAGS =""/>
        <SOURCEFIELD BUSINESSNAME ="" DATATYPE ="varchar2" DESCRIPTION ="" FIELDNUMBER ="112" FIELDPROPERTY ="0" FIELDTYPE ="ELEMITEM" HIDDEN ="NO" KEYTYPE ="NOT A KEY" LENGTH ="0" LEVEL ="0" NAME ="CY_MONTH_END_IND" NULLABLE ="NULL" OCCURS ="0" OFFSET ="139" PHYSICALLENGTH ="1" PHYSICALOFFSET ="348" PICTURETEXT ="" PRECISION ="1" SCALE ="0" USAGE_FLAGS =""/>
        <SOURCEFIELD BUSINESSNAME ="" DATATYPE ="varchar2" DESCRIPTION ="" FIELDNUMBER ="113" FIELDPROPERTY ="0" FIELDTYPE ="ELEMITEM" HIDDEN ="NO" KEYTYPE ="NOT A KEY" LENGTH ="0" LEVEL ="0" NAME ="CY_NUM_OF_WEEKS" NULLABLE ="NULL" OCCURS ="0" OFFSET ="139" PHYSICALLENGTH ="1" PHYSICALOFFSET ="349" PICTURETEXT ="" PRECISION ="1" SCALE ="0" USAGE_FLAGS =""/>
        <SOURCEFIELD BUSINESSNAME ="" DATATYPE ="varchar2" DESCRIPTION ="" FIELDNUMBER ="114" FIELDPROPERTY ="0" FIELDTYPE ="ELEMITEM" HIDDEN ="NO" KEYTYPE ="NOT A KEY" LENGTH ="0" LEVEL ="0" NAME ="CY_QTR_END_IND" NULLABLE ="NULL" OCCURS ="0" OFFSET ="139" PHYSICALLENGTH ="1" PHYSICALOFFSET ="350" PICTURETEXT ="" PRECISION ="1" SCALE ="0" USAGE_FLAGS =""/>
        <SOURCEFIELD BUSINESSNAME ="" DATATYPE ="varchar2" DESCRIPTION ="" FIELDNUMBER ="115" FIELDPROPERTY ="0" FIELDTYPE ="ELEMITEM" HIDDEN ="NO" KEYTYPE ="NOT A KEY" LENGTH ="0" LEVEL ="0" NAME ="CY_YEAR_END_IND" NULLABLE ="NULL" OCCURS ="0" OFFSET ="139" PHYSICALLENGTH ="1" PHYSICALOFFSET ="351" PICTURETEXT ="" PRECISION ="1" SCALE ="0" USAGE_FLAGS =""/>
        <SOURCEFIELD BUSINESSNAME ="" DATATYPE ="varchar2" DESCRIPTION ="" FIELDNUMBER ="116" FIELDPROPERTY ="0" FIELDTYPE ="ELEMITEM" HIDDEN ="NO" KEYTYPE ="NOT A KEY" LENGTH ="0" LEVEL ="0" NAME ="CY_LAST_DAY_IN_MONTH_IND" NULLABLE ="NULL" OCCURS ="0" OFFSET ="139" PHYSICALLENGTH ="1" PHYSICALOFFSET ="352" PICTURETEXT ="" PRECISION ="1" SCALE ="0" USAGE_FLAGS =""/>
        <SOURCEFIELD BUSINESSNAME ="" DATATYPE ="varchar2" DESCRIPTION ="" FIELDNUMBER ="117" FIELDPROPERTY ="0" FIELDTYPE ="ELEMITEM" HIDDEN ="NO" KEYTYPE ="NOT A KEY" LENGTH ="0" LEVEL ="0" NAME ="CY_CURRENT_DATE_LY_IND" NULLABLE ="NULL" OCCURS ="0" OFFSET ="139" PHYSICALLENGTH ="1" PHYSICALOFFSET ="353" PICTURETEXT ="" PRECISION ="1" SCALE ="0" USAGE_FLAGS =""/>
        <SOURCEFIELD BUSINESSNAME ="" DATATYPE ="varchar2" DESCRIPTION ="" FIELDNUMBER ="118" FIELDPROPERTY ="0" FIELDTYPE ="ELEMITEM" HIDDEN ="NO" KEYTYPE ="NOT A KEY" LENGTH ="0" LEVEL ="0" NAME ="CY_CURRENT_WEEK_LY_IND" NULLABLE ="NULL" OCCURS ="0" OFFSET ="139" PHYSICALLENGTH ="1" PHYSICALOFFSET ="354" PICTURETEXT ="" PRECISION ="1" SCALE ="0" USAGE_FLAGS =""/>
        <SOURCEFIELD BUSINESSNAME ="" DATATYPE ="varchar2" DESCRIPTION ="" FIELDNUMBER ="119" FIELDPROPERTY ="0" FIELDTYPE ="ELEMITEM" HIDDEN ="NO" KEYTYPE ="NOT A KEY" LENGTH ="0" LEVEL ="0" NAME ="CY_CURRENT_MTD_IND" NULLABLE ="NULL" OCCURS ="0" OFFSET ="139" PHYSICALLENGTH ="1" PHYSICALOFFSET ="355" PICTURETEXT ="" PRECISION ="1" SCALE ="0" USAGE_FLAGS =""/>
        <SOURCEFIELD BUSINESSNAME ="" DATATYPE ="varchar2" DESCRIPTION ="" FIELDNUMBER ="120" FIELDPROPERTY ="0" FIELDTYPE ="ELEMITEM" HIDDEN ="NO" KEYTYPE ="NOT A KEY" LENGTH ="0" LEVEL ="0" NAME ="CY_CURRENT_MTD_LY_IND" NULLABLE ="NULL" OCCURS ="0" OFFSET ="139" PHYSICALLENGTH ="1" PHYSICALOFFSET ="356" PICTURETEXT ="" PRECISION ="1" SCALE ="0" USAGE_FLAGS =""/>
        <SOURCEFIELD BUSINESSNAME ="" DATATYPE ="varchar2" DESCRIPTION ="" FIELDNUMBER ="121" FIELDPROPERTY ="0" FIELDTYPE ="ELEMITEM" HIDDEN ="NO" KEYTYPE ="NOT A KEY" LENGTH ="0" LEVEL ="0" NAME ="CY_CURRENT_YTD_IND" NULLABLE ="NULL" OCCURS ="0" OFFSET ="139" PHYSICALLENGTH ="1" PHYSICALOFFSET ="357" PICTURETEXT ="" PRECISION ="1" SCALE ="0" USAGE_FLAGS =""/>
        <SOURCEFIELD BUSINESSNAME ="" DATATYPE ="varchar2" DESCRIPTION ="" FIELDNUMBER ="122" FIELDPROPERTY ="0" FIELDTYPE ="ELEMITEM" HIDDEN ="NO" KEYTYPE ="NOT A KEY" LENGTH ="0" LEVEL ="0" NAME ="CY_CURRENT_YTD_LY_IND" NULLABLE ="NULL" OCCURS ="0" OFFSET ="139" PHYSICALLENGTH ="1" PHYSICALOFFSET ="358" PICTURETEXT ="" PRECISION ="1" SCALE ="0" USAGE_FLAGS =""/>
    </SOURCE>
    <TARGET BUSINESSNAME ="" CONSTRAINT ="" DATABASETYPE ="Flat File" DESCRIPTION ="" NAME ="INV_PARAM" OBJECTVERSION ="1" TABLEOPTIONS ="" VERSIONNUMBER ="1">
        <FLATFILE CODEPAGE ="MS1252" CONSECDELIMITERSASONE ="NO" DELIMITED ="YES" DELIMITERS ="," ESCAPE_CHARACTER ="" KEEPESCAPECHAR ="NO" LINESEQUENTIAL ="NO" MULTIDELIMITERSASAND ="NO" NULLCHARTYPE ="ASCII" NULL_CHARACTER ="*" PADBYTES ="1" QUOTE_CHARACTER ="NONE" REPEATABLE ="NO" ROWDELIMITER ="0" SKIPROWS ="0" STRIPTRAILINGBLANKS ="NO"/>
        <TARGETFIELD BUSINESSNAME ="" DATATYPE ="string" DESCRIPTION ="" FIELDNUMBER ="1" KEYTYPE ="NOT A KEY" NAME ="AS_OF_DATE" NULLABLE ="NULL" PICTURETEXT ="" PRECISION ="5000" SCALE ="0"/>
        <TABLEATTRIBUTE NAME ="Datetime Format" VALUE ="A  19 mm/dd/yyyy hh24:mi:ss"/>
        <TABLEATTRIBUTE NAME ="Thousand Separator" VALUE ="None"/>
        <TABLEATTRIBUTE NAME ="Decimal Separator" VALUE ="."/>
        <TABLEATTRIBUTE NAME ="Line Endings" VALUE ="System default"/>
    </TARGET>
    <MAPPING DESCRIPTION ="This maping is to create a parameter file for determining as_of_date.It will contain a start_date and end_date and as_of_date. The dates will be changed once a week using the following:  select as_of_date from day_dimension where trunc(sysdate) = day_date, then populate all three dates with that value." ISVALID ="YES" NAME ="m_PARAM_AS_OF_DATE" OBJECTVERSION ="1" VERSIONNUMBER ="1">
        <TRANSFORMATION DESCRIPTION =" This source table is used to create a parameter file for determining as_of_date.The dates will be changed once a week using the following:  select as_of_date from day_dimension where trunc(sysdate) = day_date, then populate all three dates with that value." NAME ="SQ_DAY_DIMENSION" OBJECTVERSION ="1" REUSABLE ="NO" TYPE ="Source Qualifier" VERSIONNUMBER ="1">
            <TRANSFORMFIELD DATATYPE ="date/time" DEFAULTVALUE ="" DESCRIPTION ="" NAME ="AS_OF_DATE" PICTURETEXT ="" PORTTYPE ="INPUT/OUTPUT" PRECISION ="29" SCALE ="9"/>
            <TABLEATTRIBUTE NAME ="Sql Query" VALUE ="SELECT DAY_DIMENSION.AS_OF_DATE &#xD;&#xA;FROM&#xD;&#xA; DAY_DIMENSION  DAY_DIMENSION&#xD;&#xA;WHERE DAY_DIMENSION.DAY_DATE=TRUNC(SYSDATE)"/>
            <TABLEATTRIBUTE NAME ="User Defined Join" VALUE =""/>
            <TABLEATTRIBUTE NAME ="Source Filter" VALUE =""/>
            <TABLEATTRIBUTE NAME ="Number Of Sorted Ports" VALUE ="0"/>
            <TABLEATTRIBUTE NAME ="Tracing Level" VALUE ="Normal"/>
            <TABLEATTRIBUTE NAME ="Select Distinct" VALUE ="NO"/>
            <TABLEATTRIBUTE NAME ="Is Partitionable" VALUE ="NO"/>
            <TABLEATTRIBUTE NAME ="Pre SQL" VALUE =""/>
            <TABLEATTRIBUTE NAME ="Post SQL" VALUE =""/>
            <TABLEATTRIBUTE NAME ="Output is deterministic" VALUE ="NO"/>
            <TABLEATTRIBUTE NAME ="Output is repeatable" VALUE ="Never"/>
        </TRANSFORMATION>
        <TRANSFORMATION DESCRIPTION ="Generate the param string for session s_m_BI_VAL_STG_AND_BIINV which checks ths diff in dollars and garments between staging and bi_inv load." NAME ="EXP_INV_PARAM11" OBJECTVERSION ="1" REUSABLE ="NO" TYPE ="Expression" VERSIONNUMBER ="1">
            <TRANSFORMFIELD DATATYPE ="date/time" DEFAULTVALUE ="" DESCRIPTION ="" NAME ="AS_OF_DATE" PICTURETEXT ="" PORTTYPE ="INPUT" PRECISION ="29" SCALE ="9"/>
            <TRANSFORMFIELD DATATYPE ="string" DEFAULTVALUE ="" DESCRIPTION ="" EXPRESSION ="TO_CHAR(AS_OF_DATE,&apos;MM/DD/YYYY&apos;)" EXPRESSIONTYPE ="GENERAL" NAME ="V_AS_OF_DATE" PICTURETEXT ="" PORTTYPE ="LOCAL VARIABLE" PRECISION ="10" SCALE ="0"/>
            <TRANSFORMFIELD DATATYPE ="string" DEFAULTVALUE ="ERROR(&apos;transformation error&apos;)" DESCRIPTION ="" EXPRESSION ="&apos;[INVENTORY_ANALYSIS.s_m_ONH_VAL_STG_AND_BIINV]&apos; || CHR(10) ||&#xD;&#xA;&apos;$$AS_OF_DATE=&apos;||V_AS_OF_DATE|| CHR(10) ||&#xD;&#xA;&apos;ML_ITEM_SELL.$$DIVISION_GROUP=slsp&apos; || CHR(10) ||&#xD;&#xA;&apos;$$STARTDATE=&apos;||V_AS_OF_DATE|| CHR(10) ||&#xD;&#xA;&apos;$$ENDDATE=&apos;||V_AS_OF_DATE|| CHR(10) ||&#xD;&#xA;&apos;[INVENTORY_ANALYSIS.s_m_ONH_VAL_STG_AND_BIINV_IWE]&apos; || CHR(10) ||&#xD;&#xA;&apos;$$AS_OF_DATE=&apos;||V_AS_OF_DATE|| CHR(10) ||&#xD;&#xA;&apos;ML_ITEM_SELL.$$DIVISION_GROUP=slsp&apos; || CHR(10) ||&#xD;&#xA;&apos;$$STARTDATE=&apos;||V_AS_OF_DATE|| CHR(10) ||&#xD;&#xA;&apos;$$ENDDATE=&apos;||V_AS_OF_DATE&#xD;&#xA;" EXPRESSIONTYPE ="GENERAL" NAME ="PARAM_OUTPUT" PICTURETEXT ="" PORTTYPE ="OUTPUT" PRECISION ="2000" SCALE ="0"/>
            <TABLEATTRIBUTE NAME ="Tracing Level" VALUE ="Normal"/>
        </TRANSFORMATION>
        <TRANSFORMATION DESCRIPTION ="Generate the param string for session s_m_BI_VAL_STG_AND_BIINV which checks ths diff in dollars and garments between staging and bi_inv load." NAME ="EXP_INV_PARAM1" OBJECTVERSION ="1" REUSABLE ="NO" TYPE ="Expression" VERSIONNUMBER ="1">
            <TRANSFORMFIELD DATATYPE ="date/time" DEFAULTVALUE ="" DESCRIPTION ="" NAME ="AS_OF_DATE" PICTURETEXT ="" PORTTYPE ="INPUT" PRECISION ="29" SCALE ="9"/>
            <TRANSFORMFIELD DATATYPE ="string" DEFAULTVALUE ="" DESCRIPTION ="" EXPRESSION ="TO_CHAR(AS_OF_DATE,&apos;MM/DD/YYYY&apos;)" EXPRESSIONTYPE ="GENERAL" NAME ="V_AS_OF_DATE" PICTURETEXT ="" PORTTYPE ="LOCAL VARIABLE" PRECISION ="10" SCALE ="0"/>
            <TRANSFORMFIELD DATATYPE ="string" DEFAULTVALUE ="ERROR(&apos;transformation error&apos;)" DESCRIPTION ="" EXPRESSION ="&apos;[INVENTORY_ANALYSIS.s_m_INTR_VAL_STG_AND_BIINV]&apos; || CHR(10) ||&#xD;&#xA;&apos;$$AS_OF_DATE=&apos;||V_AS_OF_DATE|| CHR(10) ||&#xD;&#xA;&apos;ML_ITEM_SELL.$$DIVISION_GROUP=slsp&apos; || CHR(10) ||&#xD;&#xA;&apos;$$STARTDATE=&apos;||V_AS_OF_DATE|| CHR(10) ||&#xD;&#xA;&apos;$$ENDDATE=&apos;||V_AS_OF_DATE|| CHR(10) &#xD;&#xA;" EXPRESSIONTYPE ="GENERAL" NAME ="PARAM_OUTPUT" PICTURETEXT ="" PORTTYPE ="OUTPUT" PRECISION ="2000" SCALE ="0"/>
            <TABLEATTRIBUTE NAME ="Tracing Level" VALUE ="Normal"/>
        </TRANSFORMATION>
        <TRANSFORMATION DESCRIPTION ="Expression used to create a parameter file for determining as_of_date.The dates will be changed once a week using the following:  select as_of_date from day_dimension where trunc(sysdate) = day_date, then populate all three dates with that value." NAME ="EXP_PARAM_AS_OF_DATE_OW_ONH" OBJECTVERSION ="1" REUSABLE ="NO" TYPE ="Expression" VERSIONNUMBER ="1">
            <TRANSFORMFIELD DATATYPE ="date/time" DEFAULTVALUE ="" DESCRIPTION ="" NAME ="AS_OF_DATE" PICTURETEXT ="" PORTTYPE ="INPUT" PRECISION ="29" SCALE ="9"/>
            <TRANSFORMFIELD DATATYPE ="string" DEFAULTVALUE ="" DESCRIPTION ="" EXPRESSION ="TO_CHAR(AS_OF_DATE,&apos;MM/DD/YYYY&apos;)" EXPRESSIONTYPE ="GENERAL" NAME ="V_AS_OF_DATE" PICTURETEXT ="" PORTTYPE ="LOCAL VARIABLE" PRECISION ="19" SCALE ="0"/>
            <TRANSFORMFIELD DATATYPE ="string" DEFAULTVALUE ="" DESCRIPTION ="" EXPRESSION ="LTRIM(RTRIM(V_AS_OF_DATE))" EXPRESSIONTYPE ="GENERAL" NAME ="V_START_DATE" PICTURETEXT ="" PORTTYPE ="LOCAL VARIABLE" PRECISION ="50" SCALE ="0"/>
            <TRANSFORMFIELD DATATYPE ="string" DEFAULTVALUE ="" DESCRIPTION ="" EXPRESSION ="LTRIM(RTRIM(V_AS_OF_DATE))" EXPRESSIONTYPE ="GENERAL" NAME ="V_END_DATE" PICTURETEXT ="" PORTTYPE ="LOCAL VARIABLE" PRECISION ="50" SCALE ="0"/>
            <TRANSFORMFIELD DATATYPE ="string" DEFAULTVALUE ="" DESCRIPTION ="" EXPRESSION ="&apos;s_m_BI_INV_OW_ONH&apos;" EXPRESSIONTYPE ="GENERAL" NAME ="V_SESSION_NAME" PICTURETEXT ="" PORTTYPE ="LOCAL VARIABLE" PRECISION ="50" SCALE ="0"/>
            <TRANSFORMFIELD DATATYPE ="string" DEFAULTVALUE ="ERROR(&apos;transformation error&apos;)" DESCRIPTION ="" EXPRESSION ="&apos;[INVENTORY_ANALYSIS.&apos; || V_SESSION_NAME || &apos;]&apos;&#xD;&#xA; || CHR(10) || &apos;$$STARTDATE=&apos;||V_START_DATE || CHR(10) ||&#xD;&#xA;&apos;$$ENDDATE=&apos;||V_END_DATE || CHR(10) ||&#xD;&#xA;&apos;$$AS_OF_DATE=&apos;||LTRIM(RTRIM(V_AS_OF_DATE)) || CHR(10) || &#xD;&#xA;&apos;ML_ITEM_SELL.$$DIVISION_GROUP=slsp&apos; || CHR(10) || &#xD;&#xA;&apos;ML_ITEM_SELL_COMPONENT.$$DIVISION_GROUP=slsp&apos; || CHR(10) ||  &#xD;&#xA;&apos;$$DIVISION=&apos; || CHR(39) || &apos;00&apos; || CHR(39) || CHR(10) || &#xD;&#xA;&apos;[INVENTORY_ANALYSIS.&apos; || &apos;s_m_STG_SAP_INV_C03&apos; || &apos;]&apos;&#xD;&#xA; || CHR(10) || &apos;$$STARTDATE=&apos;||V_START_DATE || CHR(10) ||&#xD;&#xA;&apos;$$ENDDATE=&apos;||V_END_DATE || CHR(10) ||&#xD;&#xA;&apos;$$AS_OF_DATE=&apos;||LTRIM(RTRIM(V_AS_OF_DATE)) || CHR(10) ||&#xD;&#xA;&apos;[INVENTORY_ANALYSIS.s_m_DFLT_ITEM_OW_ONH]&apos; || CHR(10) || &#xD;&#xA;&apos;ML_ITEM_SELL.$$DIVISION_GROUP=slsp&apos; || CHR(10) || &#xD;&#xA;&apos;ML_ITEM_SELL_COMPONENT.$$DIVISION_GROUP=slsp &apos; || CHR(10)  || &#xD;&#xA;&apos;$$STARTDATE=&apos;||V_START_DATE || CHR(10) ||&#xD;&#xA;&apos;$$ENDDATE=&apos;||V_END_DATE || CHR(10) ||&#xD;&#xA;&apos;$$AS_OF_DATE=&apos;||LTRIM(RTRIM(V_AS_OF_DATE)) || CHR(10) || &#xD;&#xA;&apos;[INVENTORY_ANALYSIS.s_m_BI_INV_OW_ONH_DLY]&apos; || CHR(10) ||&#xD;&#xA;&apos;ML_ITEM_SELL.$$DIVISION_GROUP=slsp&apos; || CHR(10) || &#xD;&#xA;&apos;ML_ITEM_SELL_COMPONENT.$$DIVISION_GROUP=slsp&apos; || CHR(10) ||&#xD;&#xA;&apos;[INVENTORY_ANALYSIS.s_m_DFLT_ITEM_OW_ONH_DLY]&apos; || CHR(10) ||&#xD;&#xA;&apos;ML_ITEM_SELL.$$DIVISION_GROUP=slsp&apos; || CHR(10) ||&#xD;&#xA;&apos;ML_ITEM_SELL_COMPONENT.$$DIVISION_GROUP=slsp&apos; || CHR(10) ||&#xD;&#xA;&apos;[INVENTORY_ANALYSIS.s_m_BI_INV_QTY_VAL_OW_ONH]&apos; || CHR(10) || &#xD;&#xA;&apos;$$STARTDATE=&apos;||V_AS_OF_DATE || CHR(10) ||&#xD;&#xA;&apos;$$ENDDATE=&apos;||V_AS_OF_DATE || CHR(10) ||&#xD;&#xA;&apos;[INVENTORY_ANALYSIS.&apos; || &apos;s_m_BI_INV_OW_ONH_IWE&apos; || &apos;]&apos;&#xD;&#xA; || CHR(10) || &apos;$$STARTDATE=&apos;||V_START_DATE || CHR(10) ||&#xD;&#xA;&apos;$$ENDDATE=&apos;||V_END_DATE || CHR(10) ||&#xD;&#xA;&apos;$$AS_OF_DATE=&apos;||LTRIM(RTRIM(V_AS_OF_DATE)) || CHR(10) || &#xD;&#xA;&apos;ML_ITEM_SELL.$$DIVISION_GROUP=slsp&apos; || CHR(10) || &#xD;&#xA;&apos;ML_ITEM_SELL_COMPONENT.$$DIVISION_GROUP=slsp&apos;|| CHR(10) ||&#xD;&#xA;&apos;[INVENTORY_ANALYSIS.s_m_DFLT_ITEM_OW_ONH_IWE]&apos; || CHR(10) || &#xD;&#xA;&apos;ML_ITEM_SELL.$$DIVISION_GROUP=slsp&apos; || CHR(10) || &#xD;&#xA;&apos;ML_ITEM_SELL_COMPONENT.$$DIVISION_GROUP=slsp &apos; || CHR(10)  || &#xD;&#xA;&apos;$$STARTDATE=&apos;||V_START_DATE || CHR(10) ||&#xD;&#xA;&apos;$$ENDDATE=&apos;||V_END_DATE || CHR(10) ||&#xD;&#xA;&apos;$$AS_OF_DATE=&apos;||LTRIM(RTRIM(V_AS_OF_DATE)) || CHR(10) || &#xD;&#xA;&apos;[INVENTORY_ANALYSIS.&apos; || &apos;s_m_STG_SAP_INV_C03_IWE&apos; || &apos;]&apos;&#xD;&#xA; || CHR(10) || &apos;$$STARTDATE=&apos;||V_START_DATE || CHR(10) ||&#xD;&#xA;&apos;$$ENDDATE=&apos;||V_END_DATE || CHR(10) ||&#xD;&#xA;&apos;$$AS_OF_DATE=&apos;||LTRIM(RTRIM(V_AS_OF_DATE)) || CHR(10) ||&#xD;&#xA;&apos;[INVENTORY_ANALYSIS.s_m_BI_INV_QTY_VAL_OW_ONH_IWE]&apos; || CHR(10) || &#xD;&#xA;&apos;$$STARTDATE=&apos;||V_AS_OF_DATE || CHR(10) ||&#xD;&#xA;&apos;$$ENDDATE=&apos;||V_AS_OF_DATE||CHR(10)||&#xD;&#xA;&apos;[INVENTORY_ANALYSIS.s_m_STG_SAP_INV_C03_IWE_UPD]&apos; || CHR(10) || &apos;$$AS_OF_DATE=&apos;||V_AS_OF_DATE||CHR(10)||&#xD;&#xA;&apos;[INVENTORY_ANALYSIS.s_m_STG_SAP_INV_C03_UPD]&apos; || CHR(10) || &#xD;&#xA;&apos;$$AS_OF_DATE=&apos;||V_AS_OF_DATE || CHR(10) || &#xD;&#xA;&apos;[INVENTORY_ANALYSIS.s_m_WATR_SAP_BI_C03_STR_LOC]&apos; || CHR(10) || &#xD;&#xA;&apos;$$AS_OF_DATE=&apos;||V_AS_OF_DATE" EXPRESSIONTYPE ="GENERAL" NAME ="PARAM_OUTPUT" PICTURETEXT ="" PORTTYPE ="OUTPUT" PRECISION ="5000" SCALE ="0"/>
            <TABLEATTRIBUTE NAME ="Tracing Level" VALUE ="Normal"/>
        </TRANSFORMATION>
        <TRANSFORMATION DESCRIPTION ="Generate the param string for Intransit load" NAME ="EXP_PARAM1" OBJECTVERSION ="1" REUSABLE ="NO" TYPE ="Expression" VERSIONNUMBER ="1">
            <TRANSFORMFIELD DATATYPE ="date/time" DEFAULTVALUE ="" DESCRIPTION ="" NAME ="AS_OF_DATE" PICTURETEXT ="" PORTTYPE ="INPUT" PRECISION ="29" SCALE ="9"/>
            <TRANSFORMFIELD DATATYPE ="string" DEFAULTVALUE ="" DESCRIPTION ="" EXPRESSION ="TO_CHAR(AS_OF_DATE,&apos;MM/DD/YYYY&apos;)" EXPRESSIONTYPE ="GENERAL" NAME ="V_AS_OF_DATE" PICTURETEXT ="" PORTTYPE ="LOCAL VARIABLE" PRECISION ="10" SCALE ="0"/>
            <TRANSFORMFIELD DATATYPE ="string" DEFAULTVALUE ="ERROR(&apos;transformation error&apos;)" DESCRIPTION ="" EXPRESSION ="&apos;[INVENTORY_ANALYSIS.s_m_BI_INV_OW_INTR]&apos; || CHR(10) || &#xD;&#xA;&apos;$$STARTDATE=&apos;||V_AS_OF_DATE || CHR(10) ||&#xD;&#xA;&apos;$$ENDDATE=&apos;||V_AS_OF_DATE || CHR(10) ||&#xD;&#xA;&apos;$$AS_OF_DATE=&apos;||V_AS_OF_DATE|| CHR(10) ||&#xD;&#xA;&apos;ML_ITEM_SELL.$$DIVISION_GROUP=slsp&apos;|| CHR(10) ||&#xD;&#xA;&apos;ML_ITEM_SELL2.$$DIVISION_GROUP=slsp&apos;|| CHR(10) ||&#xD;&#xA;&apos;ML_ITEM_SELL_COMPONENT.$$DIVISION_GROUP=slsp&apos;|| CHR(10) ||&#xD;&#xA;&apos;[INVENTORY_ANALYSIS.s_m_DFLT_ITEM_OW_INTR]&apos; || CHR(10) || &#xD;&#xA;&apos;$$STARTDATE=&apos;||V_AS_OF_DATE || CHR(10) ||&#xD;&#xA;&apos;$$ENDDATE=&apos;||V_AS_OF_DATE || CHR(10) ||&#xD;&#xA;&apos;$$AS_OF_DATE=&apos;||V_AS_OF_DATE|| CHR(10) ||&#xD;&#xA;&apos;ML_ITEM_SELL.$$DIVISION_GROUP=slsp&apos;|| CHR(10) ||&#xD;&#xA;&apos;ML_ITEM_SELL1.$$DIVISION_GROUP=slsp&apos;|| CHR(10) ||&#xD;&#xA;&apos;ML_ITEM_SELL_COMPONENT.$$DIVISION_GROUP=slsp&apos;|| CHR(10) ||&#xD;&#xA;&apos;[INVENTORY_ANALYSIS.s_m_BI_INV_QTY_VAL_OW_INTR]&apos; || CHR(10) || &#xD;&#xA;&apos;$$STARTDATE=&apos;||V_AS_OF_DATE || CHR(10) ||&#xD;&#xA;&apos;$$ENDDATE=&apos;||V_AS_OF_DATE || CHR(10) &#xD;&#xA;" EXPRESSIONTYPE ="GENERAL" NAME ="PARAM_OUTPUT" PICTURETEXT ="" PORTTYPE ="OUTPUT" PRECISION ="2000" SCALE ="0"/>
            <TABLEATTRIBUTE NAME ="Tracing Level" VALUE ="Normal"/>
        </TRANSFORMATION>
        <INSTANCE DESCRIPTION ="Target definition." NAME ="INV_PARAM_STG_AND_BIINV" TRANSFORMATION_NAME ="INV_PARAM" TRANSFORMATION_TYPE ="Target Definition" TYPE ="TARGET"/>
        <INSTANCE DESCRIPTION ="Target definition." NAME ="INTR_PARAM_STG_AND_BIINV" TRANSFORMATION_NAME ="INV_PARAM" TRANSFORMATION_TYPE ="Target Definition" TYPE ="TARGET"/>
        <INSTANCE DESCRIPTION ="Target instance" NAME ="INV_PARAM_OW_ONH" TRANSFORMATION_NAME ="INV_PARAM" TRANSFORMATION_TYPE ="Target Definition" TYPE ="TARGET"/>
        <INSTANCE DESCRIPTION ="Target definition of INV_PARAM" NAME ="INV_PARAM_INTR" TRANSFORMATION_NAME ="INV_PARAM" TRANSFORMATION_TYPE ="Target Definition" TYPE ="TARGET"/>
        <INSTANCE DBDNAME ="slbadw" DESCRIPTION =" This source table is used to create a parameter file for determining as_of_date.The dates will be changed once a week using the following:  select as_of_date from day_dimension where trunc(sysdate) = day_date, then populate all three dates with that value." NAME ="DAY_DIMENSION" TRANSFORMATION_NAME ="DAY_DIMENSION" TRANSFORMATION_TYPE ="Source Definition" TYPE ="SOURCE"/>
        <INSTANCE DESCRIPTION =" This source table is used to create a parameter file for determining as_of_date.The dates will be changed once a week using the following:  select as_of_date from day_dimension where trunc(sysdate) = day_date, then populate all three dates with that value." NAME ="SQ_DAY_DIMENSION" REUSABLE ="NO" TRANSFORMATION_NAME ="SQ_DAY_DIMENSION" TRANSFORMATION_TYPE ="Source Qualifier" TYPE ="TRANSFORMATION">
            <ASSOCIATED_SOURCE_INSTANCE NAME ="DAY_DIMENSION"/>
        </INSTANCE>
        <INSTANCE DESCRIPTION ="Generate the param string for session s_m_BI_VAL_STG_AND_BIINV which checks ths diff in dollars and garments between staging and bi_inv load." NAME ="EXP_INV_PARAM11" REUSABLE ="NO" TRANSFORMATION_NAME ="EXP_INV_PARAM11" TRANSFORMATION_TYPE ="Expression" TYPE ="TRANSFORMATION"/>
        <INSTANCE DESCRIPTION ="Generate the param string for session s_m_BI_VAL_STG_AND_BIINV which checks ths diff in dollars and garments between staging and bi_inv load." NAME ="EXP_INV_PARAM1" REUSABLE ="NO" TRANSFORMATION_NAME ="EXP_INV_PARAM1" TRANSFORMATION_TYPE ="Expression" TYPE ="TRANSFORMATION"/>
        <INSTANCE DESCRIPTION ="Expression used to create a parameter file for determining as_of_date.The dates will be changed once a week using the following:  select as_of_date from day_dimension where trunc(sysdate) = day_date, then populate all three dates with that value." NAME ="EXP_PARAM_AS_OF_DATE_OW_ONH" REUSABLE ="NO" TRANSFORMATION_NAME ="EXP_PARAM_AS_OF_DATE_OW_ONH" TRANSFORMATION_TYPE ="Expression" TYPE ="TRANSFORMATION"/>
        <INSTANCE DESCRIPTION ="Generate the param string for Intransit load" NAME ="EXP_PARAM1" REUSABLE ="NO" TRANSFORMATION_NAME ="EXP_PARAM1" TRANSFORMATION_TYPE ="Expression" TYPE ="TRANSFORMATION"/>
        <CONNECTOR FROMFIELD ="PARAM_OUTPUT" FROMINSTANCE ="EXP_INV_PARAM11" FROMINSTANCETYPE ="Expression" TOFIELD ="AS_OF_DATE" TOINSTANCE ="INV_PARAM_STG_AND_BIINV" TOINSTANCETYPE ="Target Definition"/>
        <CONNECTOR FROMFIELD ="PARAM_OUTPUT" FROMINSTANCE ="EXP_INV_PARAM1" FROMINSTANCETYPE ="Expression" TOFIELD ="AS_OF_DATE" TOINSTANCE ="INTR_PARAM_STG_AND_BIINV" TOINSTANCETYPE ="Target Definition"/>
        <CONNECTOR FROMFIELD ="PARAM_OUTPUT" FROMINSTANCE ="EXP_PARAM_AS_OF_DATE_OW_ONH" FROMINSTANCETYPE ="Expression" TOFIELD ="AS_OF_DATE" TOINSTANCE ="INV_PARAM_OW_ONH" TOINSTANCETYPE ="Target Definition"/>
        <CONNECTOR FROMFIELD ="PARAM_OUTPUT" FROMINSTANCE ="EXP_PARAM1" FROMINSTANCETYPE ="Expression" TOFIELD ="AS_OF_DATE" TOINSTANCE ="INV_PARAM_INTR" TOINSTANCETYPE ="Target Definition"/>
        <CONNECTOR FROMFIELD ="AS_OF_DATE" FROMINSTANCE ="DAY_DIMENSION" FROMINSTANCETYPE ="Source Definition" TOFIELD ="AS_OF_DATE" TOINSTANCE ="SQ_DAY_DIMENSION" TOINSTANCETYPE ="Source Qualifier"/>
        <CONNECTOR FROMFIELD ="AS_OF_DATE" FROMINSTANCE ="SQ_DAY_DIMENSION" FROMINSTANCETYPE ="Source Qualifier" TOFIELD ="AS_OF_DATE" TOINSTANCE ="EXP_INV_PARAM11" TOINSTANCETYPE ="Expression"/>
        <CONNECTOR FROMFIELD ="AS_OF_DATE" FROMINSTANCE ="SQ_DAY_DIMENSION" FROMINSTANCETYPE ="Source Qualifier" TOFIELD ="AS_OF_DATE" TOINSTANCE ="EXP_PARAM_AS_OF_DATE_OW_ONH" TOINSTANCETYPE ="Expression"/>
        <CONNECTOR FROMFIELD ="AS_OF_DATE" FROMINSTANCE ="SQ_DAY_DIMENSION" FROMINSTANCETYPE ="Source Qualifier" TOFIELD ="AS_OF_DATE" TOINSTANCE ="EXP_PARAM1" TOINSTANCETYPE ="Expression"/>
        <CONNECTOR FROMFIELD ="AS_OF_DATE" FROMINSTANCE ="SQ_DAY_DIMENSION" FROMINSTANCETYPE ="Source Qualifier" TOFIELD ="AS_OF_DATE" TOINSTANCE ="EXP_INV_PARAM1" TOINSTANCETYPE ="Expression"/>
        <TARGETLOADORDER ORDER ="1" TARGETINSTANCE ="INV_PARAM_STG_AND_BIINV"/>
        <TARGETLOADORDER ORDER ="1" TARGETINSTANCE ="INTR_PARAM_STG_AND_BIINV"/>
        <TARGETLOADORDER ORDER ="1" TARGETINSTANCE ="INV_PARAM_OW_ONH"/>
        <TARGETLOADORDER ORDER ="1" TARGETINSTANCE ="INV_PARAM_INTR"/>
        <ERPINFO/>
        <METADATAEXTENSION DATATYPE ="STRING" DESCRIPTION ="Conversion Mapping Name with version " DOMAINNAME ="User Defined Metadata Domain" ISCLIENTEDITABLE ="YES" ISCLIENTVISIBLE ="YES" ISREUSABLE ="NO" ISSHAREREAD ="NO" ISSHAREWRITE ="NO" MAXLENGTH ="256" NAME ="CONV_MAP_NAME" VALUE ="Conversion Mapping: WATR-SAP_BI_C03 v17.4" VENDORNAME ="INFORMATICA"/>
    </MAPPING>
    <CONFIG DESCRIPTION ="Default session configuration object" ISDEFAULT ="YES" NAME ="default_session_config" VERSIONNUMBER ="1">
        <ATTRIBUTE NAME ="Advanced" VALUE =""/>
        <ATTRIBUTE NAME ="Constraint based load ordering" VALUE ="NO"/>
        <ATTRIBUTE NAME ="Cache LOOKUP() function" VALUE ="YES"/>
        <ATTRIBUTE NAME ="Default buffer block size" VALUE ="Auto"/>
        <ATTRIBUTE NAME ="Line Sequential buffer length" VALUE ="1024"/>
        <ATTRIBUTE NAME ="Maximum Memory Allowed For Auto Memory Attributes" VALUE ="0"/>
        <ATTRIBUTE NAME ="Maximum Percentage of Total Memory Allowed For Auto Memory Attributes" VALUE ="5"/>
        <ATTRIBUTE NAME ="Additional Concurrent Pipelines for Lookup Cache Creation" VALUE ="0"/>
        <ATTRIBUTE NAME ="Custom Properties" VALUE =""/>
        <ATTRIBUTE NAME ="Pre-build lookup cache" VALUE ="Auto"/>
        <ATTRIBUTE NAME ="Optimization Level" VALUE ="Medium"/>
        <ATTRIBUTE NAME ="DateTime Format String" VALUE ="MM/DD/YYYY HH24:MI:SS.US"/>
        <ATTRIBUTE NAME ="Pre 85 Timestamp Compatibility" VALUE ="NO"/>
        <ATTRIBUTE NAME ="Log Options" VALUE ="0"/>
        <ATTRIBUTE NAME ="Save session log by" VALUE ="Session runs"/>
        <ATTRIBUTE NAME ="Save session log for these runs" VALUE ="9"/>
        <ATTRIBUTE NAME ="Session Log File Max Size" VALUE ="0"/>
        <ATTRIBUTE NAME ="Session Log File Max Time Period" VALUE ="0"/>
        <ATTRIBUTE NAME ="Maximum Partial Session Log Files" VALUE ="1"/>
        <ATTRIBUTE NAME ="Writer Commit Statistics Log Frequency" VALUE ="1"/>
        <ATTRIBUTE NAME ="Writer Commit Statistics Log Interval" VALUE ="0"/>
        <ATTRIBUTE NAME ="Error handling" VALUE =""/>
        <ATTRIBUTE NAME ="Stop on errors" VALUE ="1"/>
        <ATTRIBUTE NAME ="Override tracing" VALUE ="None"/>
        <ATTRIBUTE NAME ="On Stored Procedure error" VALUE ="Stop"/>
        <ATTRIBUTE NAME ="On Pre-session command task error" VALUE ="Stop"/>
        <ATTRIBUTE NAME ="On Pre-Post SQL error" VALUE ="Stop"/>
        <ATTRIBUTE NAME ="Enable Recovery" VALUE ="NO"/>
        <ATTRIBUTE NAME ="Error Log Type" VALUE ="None"/>
        <ATTRIBUTE NAME ="Error Log Table Name Prefix" VALUE =""/>
        <ATTRIBUTE NAME ="Error Log File Name" VALUE ="PMError.log"/>
        <ATTRIBUTE NAME ="Log Source Row Data" VALUE ="NO"/>
        <ATTRIBUTE NAME ="Data Column Delimiter" VALUE ="|"/>
        <ATTRIBUTE NAME ="Partitioning Options" VALUE =""/>
        <ATTRIBUTE NAME ="Dynamic Partitioning" VALUE ="Disabled"/>
        <ATTRIBUTE NAME ="Number of Partitions" VALUE ="1"/>
        <ATTRIBUTE NAME ="Multiplication Factor" VALUE ="Auto"/>
        <ATTRIBUTE NAME ="Session on Grid" VALUE =""/>
        <ATTRIBUTE NAME ="Is Enabled" VALUE ="NO"/>
    </CONFIG>
    <SESSION DESCRIPTION ="This session will create a parameter file for determining as_of_date.It will contain a start_date and end_date and as_of_date. The dates will be changed once a week using the following:  select as_of_date from day_dimension where trunc(sysdate) = day_date, then populate all three dates with that value." ISVALID ="YES" MAPPINGNAME ="m_PARAM_AS_OF_DATE" NAME ="s_m_PARAM_AS_OF_DATE" REUSABLE ="YES" SORTORDER ="Binary" VERSIONNUMBER ="1">
        <SESSTRANSFORMATIONINST ISREPARTITIONPOINT ="YES" PARTITIONTYPE ="PASS THROUGH" PIPELINE ="1" SINSTANCENAME ="INV_PARAM_OW_ONH" STAGE ="1" TRANSFORMATIONNAME ="INV_PARAM_OW_ONH" TRANSFORMATIONTYPE ="Target Definition">
            <FLATFILE CODEPAGE ="MS1252" CONSECDELIMITERSASONE ="NO" DELIMITED ="YES" DELIMITERS ="," ESCAPE_CHARACTER ="" KEEPESCAPECHAR ="NO" LINESEQUENTIAL ="NO" MULTIDELIMITERSASAND ="NO" NULLCHARTYPE ="ASCII" NULL_CHARACTER ="*" PADBYTES ="1" QUOTE_CHARACTER ="NONE" REPEATABLE ="NO" ROWDELIMITER ="0" SKIPROWS ="0" STRIPTRAILINGBLANKS ="NO"/>
        </SESSTRANSFORMATIONINST>
        <SESSTRANSFORMATIONINST ISREPARTITIONPOINT ="NO" PIPELINE ="1" SINSTANCENAME ="EXP_PARAM_AS_OF_DATE_OW_ONH" STAGE ="2" TRANSFORMATIONNAME ="EXP_PARAM_AS_OF_DATE_OW_ONH" TRANSFORMATIONTYPE ="Expression">
            <PARTITION DESCRIPTION ="" NAME ="Partition #1"/>
        </SESSTRANSFORMATIONINST>
        <SESSTRANSFORMATIONINST ISREPARTITIONPOINT ="NO" PIPELINE ="0" SINSTANCENAME ="DAY_DIMENSION" STAGE ="0" TRANSFORMATIONNAME ="DAY_DIMENSION" TRANSFORMATIONTYPE ="Source Definition"/>
        <SESSTRANSFORMATIONINST ISREPARTITIONPOINT ="YES" PARTITIONTYPE ="PASS THROUGH" PIPELINE ="1" SINSTANCENAME ="SQ_DAY_DIMENSION" STAGE ="2" TRANSFORMATIONNAME ="SQ_DAY_DIMENSION" TRANSFORMATIONTYPE ="Source Qualifier"/>
        <SESSTRANSFORMATIONINST ISREPARTITIONPOINT ="YES" PARTITIONTYPE ="PASS THROUGH" PIPELINE ="1" SINSTANCENAME ="INV_PARAM_INTR" STAGE ="3" TRANSFORMATIONNAME ="INV_PARAM_INTR" TRANSFORMATIONTYPE ="Target Definition">
            <FLATFILE CODEPAGE ="MS1252" CONSECDELIMITERSASONE ="NO" DELIMITED ="YES" DELIMITERS ="," ESCAPE_CHARACTER ="" KEEPESCAPECHAR ="NO" LINESEQUENTIAL ="NO" MULTIDELIMITERSASAND ="NO" NULLCHARTYPE ="ASCII" NULL_CHARACTER ="*" PADBYTES ="1" QUOTE_CHARACTER ="NONE" REPEATABLE ="NO" ROWDELIMITER ="0" SKIPROWS ="0" STRIPTRAILINGBLANKS ="NO"/>
        </SESSTRANSFORMATIONINST>
        <SESSTRANSFORMATIONINST ISREPARTITIONPOINT ="NO" PIPELINE ="1" SINSTANCENAME ="EXP_PARAM1" STAGE ="2" TRANSFORMATIONNAME ="EXP_PARAM1" TRANSFORMATIONTYPE ="Expression">
            <PARTITION DESCRIPTION ="" NAME ="Partition #1"/>
        </SESSTRANSFORMATIONINST>
        <SESSTRANSFORMATIONINST ISREPARTITIONPOINT ="YES" PARTITIONTYPE ="PASS THROUGH" PIPELINE ="1" SINSTANCENAME ="INTR_PARAM_STG_AND_BIINV" STAGE ="4" TRANSFORMATIONNAME ="INTR_PARAM_STG_AND_BIINV" TRANSFORMATIONTYPE ="Target Definition">
            <FLATFILE CODEPAGE ="MS1252" CONSECDELIMITERSASONE ="NO" DELIMITED ="YES" DELIMITERS ="," ESCAPE_CHARACTER ="" KEEPESCAPECHAR ="NO" LINESEQUENTIAL ="NO" MULTIDELIMITERSASAND ="NO" NULLCHARTYPE ="ASCII" NULL_CHARACTER ="*" PADBYTES ="1" QUOTE_CHARACTER ="NONE" REPEATABLE ="NO" ROWDELIMITER ="0" SKIPROWS ="0" STRIPTRAILINGBLANKS ="NO"/>
        </SESSTRANSFORMATIONINST>
        <SESSTRANSFORMATIONINST ISREPARTITIONPOINT ="YES" PARTITIONTYPE ="PASS THROUGH" PIPELINE ="1" SINSTANCENAME ="INV_PARAM_STG_AND_BIINV" STAGE ="5" TRANSFORMATIONNAME ="INV_PARAM_STG_AND_BIINV" TRANSFORMATIONTYPE ="Target Definition">
            <FLATFILE CODEPAGE ="MS1252" CONSECDELIMITERSASONE ="NO" DELIMITED ="YES" DELIMITERS ="," ESCAPE_CHARACTER ="" KEEPESCAPECHAR ="NO" LINESEQUENTIAL ="NO" MULTIDELIMITERSASAND ="NO" NULLCHARTYPE ="ASCII" NULL_CHARACTER ="*" PADBYTES ="1" QUOTE_CHARACTER ="NONE" REPEATABLE ="NO" ROWDELIMITER ="0" SKIPROWS ="0" STRIPTRAILINGBLANKS ="NO"/>
        </SESSTRANSFORMATIONINST>
        <SESSTRANSFORMATIONINST ISREPARTITIONPOINT ="NO" PIPELINE ="1" SINSTANCENAME ="EXP_INV_PARAM11" STAGE ="2" TRANSFORMATIONNAME ="EXP_INV_PARAM11" TRANSFORMATIONTYPE ="Expression">
            <PARTITION DESCRIPTION ="" NAME ="Partition #1"/>
        </SESSTRANSFORMATIONINST>
        <SESSTRANSFORMATIONINST ISREPARTITIONPOINT ="NO" PIPELINE ="1" SINSTANCENAME ="EXP_INV_PARAM1" STAGE ="2" TRANSFORMATIONNAME ="EXP_INV_PARAM1" TRANSFORMATIONTYPE ="Expression">
            <PARTITION DESCRIPTION ="" NAME ="Partition #1"/>
        </SESSTRANSFORMATIONINST>
        <CONFIGREFERENCE REFOBJECTNAME ="default_session_config" TYPE ="Session config"/>
        <SESSIONEXTENSION NAME ="File Writer" SINSTANCENAME ="INV_PARAM_OW_ONH" SUBTYPE ="File Writer" TRANSFORMATIONTYPE ="Target Definition" TYPE ="WRITER">
            <CONNECTIONREFERENCE CNXREFNAME ="Connection" CONNECTIONNAME ="" CONNECTIONNUMBER ="1" CONNECTIONSUBTYPE ="" CONNECTIONTYPE ="" VARIABLE =""/>
            <ATTRIBUTE NAME ="Merge Type" VALUE ="No Merge"/>
            <ATTRIBUTE NAME ="Merge File Directory" VALUE ="$PMTargetFileDir&#x5c;"/>
            <ATTRIBUTE NAME ="Merge File Name" VALUE ="inv_param.out"/>
            <ATTRIBUTE NAME ="Append if Exists" VALUE ="NO"/>
            <ATTRIBUTE NAME ="Create Target Directory" VALUE ="NO"/>
            <ATTRIBUTE NAME ="Header Options" VALUE ="No Header"/>
            <ATTRIBUTE NAME ="Header Command" VALUE =""/>
            <ATTRIBUTE NAME ="Footer Command" VALUE =""/>
            <ATTRIBUTE NAME ="Output Type" VALUE ="File"/>
            <ATTRIBUTE NAME ="Merge Command" VALUE =""/>
            <ATTRIBUTE NAME ="Output file directory" VALUE ="$PMTargetFileDir&#x5c;INVENTORY_ANALYSIS&#x5c;CTL&#x5c;"/>
            <ATTRIBUTE NAME ="Output filename" VALUE ="BIOW_ONH_PARAM.ipf"/>
            <ATTRIBUTE NAME ="Reject file directory" VALUE ="$PMBadFileDir&#x5c;INVENTORY_ANALYSIS&#x5c;BAD&#x5c;"/>
            <ATTRIBUTE NAME ="Reject filename" VALUE ="s_m_PARAM_AS_OF_DATE_ONH.bad"/>
            <ATTRIBUTE NAME ="Command" VALUE =""/>
            <ATTRIBUTE NAME ="Codepage Parameter" VALUE =""/>
        </SESSIONEXTENSION>
        <SESSIONEXTENSION DSQINSTNAME ="SQ_DAY_DIMENSION" DSQINSTTYPE ="Source Qualifier" NAME ="Relational Reader" SINSTANCENAME ="DAY_DIMENSION" SUBTYPE ="Relational Reader" TRANSFORMATIONTYPE ="Source Definition" TYPE ="READER"/>
        <SESSIONEXTENSION NAME ="Relational Reader" SINSTANCENAME ="SQ_DAY_DIMENSION" SUBTYPE ="Relational Reader" TRANSFORMATIONTYPE ="Source Qualifier" TYPE ="READER">
            <CONNECTIONREFERENCE CNXREFNAME ="DB Connection" CONNECTIONNAME ="SLBADW" CONNECTIONNUMBER ="1" CONNECTIONSUBTYPE ="Oracle" CONNECTIONTYPE ="Relational" VARIABLE =""/>
        </SESSIONEXTENSION>
        <SESSIONEXTENSION NAME ="File Writer" SINSTANCENAME ="INV_PARAM_INTR" SUBTYPE ="File Writer" TRANSFORMATIONTYPE ="Target Definition" TYPE ="WRITER">
            <CONNECTIONREFERENCE CNXREFNAME ="Connection" CONNECTIONNAME ="" CONNECTIONNUMBER ="1" CONNECTIONSUBTYPE ="" CONNECTIONTYPE ="" VARIABLE =""/>
            <ATTRIBUTE NAME ="Merge Type" VALUE ="No Merge"/>
            <ATTRIBUTE NAME ="Merge File Directory" VALUE ="$PMTargetFileDir&#x5c;"/>
            <ATTRIBUTE NAME ="Merge File Name" VALUE ="inv_param1.out"/>
            <ATTRIBUTE NAME ="Append if Exists" VALUE ="NO"/>
            <ATTRIBUTE NAME ="Create Target Directory" VALUE ="NO"/>
            <ATTRIBUTE NAME ="Header Options" VALUE ="No Header"/>
            <ATTRIBUTE NAME ="Header Command" VALUE =""/>
            <ATTRIBUTE NAME ="Footer Command" VALUE =""/>
            <ATTRIBUTE NAME ="Output Type" VALUE ="File"/>
            <ATTRIBUTE NAME ="Merge Command" VALUE =""/>
            <ATTRIBUTE NAME ="Output file directory" VALUE ="$PMTargetFileDir&#x5c;INVENTORY_ANALYSIS&#x5c;CTL&#x5c;"/>
            <ATTRIBUTE NAME ="Output filename" VALUE ="BIOW_INTR_PARAM.ipf"/>
            <ATTRIBUTE NAME ="Reject file directory" VALUE ="$PMBadFileDir&#x5c;INVENTORY_ANALYSIS&#x5c;BAD&#x5c;"/>
            <ATTRIBUTE NAME ="Reject filename" VALUE ="s_m_PARAM_AS_OF_DATE_INTR.bad"/>
            <ATTRIBUTE NAME ="Command" VALUE =""/>
            <ATTRIBUTE NAME ="Codepage Parameter" VALUE =""/>
        </SESSIONEXTENSION>
        <SESSIONEXTENSION NAME ="File Writer" SINSTANCENAME ="INTR_PARAM_STG_AND_BIINV" SUBTYPE ="File Writer" TRANSFORMATIONTYPE ="Target Definition" TYPE ="WRITER">
            <CONNECTIONREFERENCE CNXREFNAME ="Connection" CONNECTIONNAME ="" CONNECTIONNUMBER ="1" CONNECTIONSUBTYPE ="" CONNECTIONTYPE ="" VARIABLE =""/>
            <ATTRIBUTE NAME ="Merge Type" VALUE ="No Merge"/>
            <ATTRIBUTE NAME ="Merge File Directory" VALUE ="$PMTargetFileDir&#x5c;"/>
            <ATTRIBUTE NAME ="Merge File Name" VALUE ="intr_param_stg_and_biinv.out"/>
            <ATTRIBUTE NAME ="Append if Exists" VALUE ="NO"/>
            <ATTRIBUTE NAME ="Create Target Directory" VALUE ="NO"/>
            <ATTRIBUTE NAME ="Header Options" VALUE ="No Header"/>
            <ATTRIBUTE NAME ="Header Command" VALUE =""/>
            <ATTRIBUTE NAME ="Footer Command" VALUE =""/>
            <ATTRIBUTE NAME ="Output Type" VALUE ="File"/>
            <ATTRIBUTE NAME ="Merge Command" VALUE =""/>
            <ATTRIBUTE NAME ="Output file directory" VALUE ="$PMTargetFileDir&#x5c;INVENTORY_ANALYSIS&#x5c;CTL&#x5c;"/>
            <ATTRIBUTE NAME ="Output filename" VALUE ="VAL_INTR_BIINV_AND_STG_PARAM.ipf"/>
            <ATTRIBUTE NAME ="Reject file directory" VALUE ="$PMBadFileDir&#x5c;INVENTORY_ANALYSIS&#x5c;BAD&#x5c;"/>
            <ATTRIBUTE NAME ="Reject filename" VALUE ="s_m_PARAM_AS_OF_DATE_STG.bad"/>
            <ATTRIBUTE NAME ="Command" VALUE =""/>
            <ATTRIBUTE NAME ="Codepage Parameter" VALUE =""/>
        </SESSIONEXTENSION>
        <SESSIONEXTENSION NAME ="File Writer" SINSTANCENAME ="INV_PARAM_STG_AND_BIINV" SUBTYPE ="File Writer" TRANSFORMATIONTYPE ="Target Definition" TYPE ="WRITER">
            <CONNECTIONREFERENCE CNXREFNAME ="Connection" CONNECTIONNAME ="" CONNECTIONNUMBER ="1" CONNECTIONSUBTYPE ="" CONNECTIONTYPE ="" VARIABLE =""/>
            <ATTRIBUTE NAME ="Merge Type" VALUE ="No Merge"/>
            <ATTRIBUTE NAME ="Merge File Directory" VALUE ="$PMTargetFileDir&#x5c;"/>
            <ATTRIBUTE NAME ="Merge File Name" VALUE ="inv_param_intr1.out"/>
            <ATTRIBUTE NAME ="Append if Exists" VALUE ="NO"/>
            <ATTRIBUTE NAME ="Create Target Directory" VALUE ="NO"/>
            <ATTRIBUTE NAME ="Header Options" VALUE ="No Header"/>
            <ATTRIBUTE NAME ="Header Command" VALUE =""/>
            <ATTRIBUTE NAME ="Footer Command" VALUE =""/>
            <ATTRIBUTE NAME ="Output Type" VALUE ="File"/>
            <ATTRIBUTE NAME ="Merge Command" VALUE =""/>
            <ATTRIBUTE NAME ="Output file directory" VALUE ="$PMTargetFileDir&#x5c;INVENTORY_ANALYSIS&#x5c;CTL&#x5c;"/>
            <ATTRIBUTE NAME ="Output filename" VALUE ="VAL_BIINV_AND_STG_PARAM.ipf"/>
            <ATTRIBUTE NAME ="Reject file directory" VALUE ="$PMBadFileDir&#x5c;INVENTORY_ANALYSIS&#x5c;BAD&#x5c;"/>
            <ATTRIBUTE NAME ="Reject filename" VALUE ="s_m_PARAM_AS_OF_DATE_INV.bad"/>
            <ATTRIBUTE NAME ="Command" VALUE =""/>
            <ATTRIBUTE NAME ="Codepage Parameter" VALUE =""/>
        </SESSIONEXTENSION>
        <ATTRIBUTE NAME ="General Options" VALUE =""/>
        <ATTRIBUTE NAME ="Write Backward Compatible Session Log File" VALUE ="YES"/>
        <ATTRIBUTE NAME ="Session Log File Name" VALUE ="s_m_PARAM_AS_OF_DATE.log"/>
        <ATTRIBUTE NAME ="Session Log File directory" VALUE ="$PMSessionLogDir&#x5c;INVENTORY_ANALYSIS&#x5c;LOG&#x5c;"/>
        <ATTRIBUTE NAME ="Parameter Filename" VALUE =""/>
        <ATTRIBUTE NAME ="Enable Test Load" VALUE ="NO"/>
        <ATTRIBUTE NAME ="$Source connection value" VALUE =""/>
        <ATTRIBUTE NAME ="$Target connection value" VALUE =""/>
        <ATTRIBUTE NAME ="Treat source rows as" VALUE ="Insert"/>
        <ATTRIBUTE NAME ="Commit Type" VALUE ="Target"/>
        <ATTRIBUTE NAME ="Commit Interval" VALUE ="10000"/>
        <ATTRIBUTE NAME ="Commit On End Of File" VALUE ="YES"/>
        <ATTRIBUTE NAME ="Rollback Transactions on Errors" VALUE ="NO"/>
        <ATTRIBUTE NAME ="Recovery Strategy" VALUE ="Restart task"/>
        <ATTRIBUTE NAME ="Java Classpath" VALUE =""/>
        <ATTRIBUTE NAME ="Performance" VALUE =""/>
        <ATTRIBUTE NAME ="DTM buffer size" VALUE ="Auto"/>
        <ATTRIBUTE NAME ="Collect performance data" VALUE ="NO"/>
        <ATTRIBUTE NAME ="Write performance data to repository" VALUE ="NO"/>
        <ATTRIBUTE NAME ="Incremental Aggregation" VALUE ="NO"/>
        <ATTRIBUTE NAME ="Enable high precision" VALUE ="NO"/>
        <ATTRIBUTE NAME ="Session retry on deadlock" VALUE ="NO"/>
        <ATTRIBUTE NAME ="Pushdown Optimization" VALUE ="None"/>
        <ATTRIBUTE NAME ="Allow Temporary View for Pushdown" VALUE ="NO"/>
        <ATTRIBUTE NAME ="Allow Temporary Sequence for Pushdown" VALUE ="NO"/>
        <ATTRIBUTE NAME ="Allow Pushdown for User Incompatible Connections" VALUE ="NO"/>
        <METADATAEXTENSION DATATYPE ="STRING" DESCRIPTION ="Conversion Mapping  Name with version " DOMAINNAME ="User Defined Metadata Domain" ISCLIENTEDITABLE ="YES" ISCLIENTVISIBLE ="YES" ISREUSABLE ="NO" ISSHAREREAD ="NO" ISSHAREWRITE ="NO" MAXLENGTH ="256" NAME ="CONV_MAP_NAME" VALUE ="Conversion Mapping: WATR-SAP_BI_C03 v17.4" VENDORNAME ="INFORMATICA"/>
    </SESSION>
    <WORKFLOW DESCRIPTION ="This workflow will create a parameter file for determining as_of_date.It will contain a start_date and end_date and as_of_date. The dates will be changed once a week using the following:  select as_of_date from day_dimension where trunc(sysdate) = day_date, then populate all three dates with that value." ISENABLED ="YES" ISRUNNABLESERVICE ="NO" ISSERVICE ="NO" ISVALID ="YES" NAME ="wf_s_m_PARAM_AS_OF_DATE" REUSABLE_SCHEDULER ="NO" SCHEDULERNAME ="Scheduler" SERVERNAME ="Domain10_PRD_Int_Svc" SERVER_DOMAINNAME ="Domain10_PRD" SUSPEND_ON_ERROR ="NO" TASKS_MUST_RUN_ON_SERVER ="NO" VERSIONNUMBER ="1">
        <SCHEDULER DESCRIPTION ="" NAME ="Scheduler" REUSABLE ="NO" VERSIONNUMBER ="1">
            <SCHEDULEINFO SCHEDULETYPE ="ONDEMAND"/>
        </SCHEDULER>
        <TASK DESCRIPTION ="" NAME ="Start" REUSABLE ="NO" TYPE ="Start" VERSIONNUMBER ="1"/>
        <TASKINSTANCE DESCRIPTION ="" ISENABLED ="YES" NAME ="Start" REUSABLE ="NO" TASKNAME ="Start" TASKTYPE ="Start"/>
        <TASKINSTANCE DESCRIPTION ="This workflow will create a parameter file for determining as_of_date.It will contain a start_date and end_date and as_of_date. The dates will be changed once a week using the following:  select as_of_date from day_dimension where trunc(sysdate) = day_date, then populate all three dates with that value." FAIL_PARENT_IF_INSTANCE_DID_NOT_RUN ="YES" FAIL_PARENT_IF_INSTANCE_FAILS ="YES" ISENABLED ="YES" NAME ="s_m_PARAM_AS_OF_DATE" REUSABLE ="YES" TASKNAME ="s_m_PARAM_AS_OF_DATE" TASKTYPE ="Session" TREAT_INPUTLINK_AS_AND ="NO"/>
        <WORKFLOWLINK CONDITION ="" FROMTASK ="Start" TOTASK ="s_m_PARAM_AS_OF_DATE"/>
        <WORKFLOWVARIABLE DATATYPE ="date/time" DEFAULTVALUE ="" DESCRIPTION ="The time this task started" ISNULL ="NO" ISPERSISTENT ="NO" NAME ="$Start.StartTime" USERDEFINED ="NO"/>
        <WORKFLOWVARIABLE DATATYPE ="date/time" DEFAULTVALUE ="" DESCRIPTION ="The time this task completed" ISNULL ="NO" ISPERSISTENT ="NO" NAME ="$Start.EndTime" USERDEFINED ="NO"/>
        <WORKFLOWVARIABLE DATATYPE ="integer" DEFAULTVALUE ="" DESCRIPTION ="Status of this task&apos;s execution" ISNULL ="NO" ISPERSISTENT ="NO" NAME ="$Start.Status" USERDEFINED ="NO"/>
        <WORKFLOWVARIABLE DATATYPE ="integer" DEFAULTVALUE ="" DESCRIPTION ="Status of the previous task that is not disabled" ISNULL ="NO" ISPERSISTENT ="NO" NAME ="$Start.PrevTaskStatus" USERDEFINED ="NO"/>
        <WORKFLOWVARIABLE DATATYPE ="integer" DEFAULTVALUE ="" DESCRIPTION ="Error code for this task&apos;s execution" ISNULL ="NO" ISPERSISTENT ="NO" NAME ="$Start.ErrorCode" USERDEFINED ="NO"/>
        <WORKFLOWVARIABLE DATATYPE ="string" DEFAULTVALUE ="" DESCRIPTION ="Error message for this task&apos;s execution" ISNULL ="NO" ISPERSISTENT ="NO" NAME ="$Start.ErrorMsg" USERDEFINED ="NO"/>
        <WORKFLOWVARIABLE DATATYPE ="date/time" DEFAULTVALUE ="" DESCRIPTION ="The time this task started" ISNULL ="NO" ISPERSISTENT ="NO" NAME ="$s_m_PARAM_AS_OF_DATE.StartTime" USERDEFINED ="NO"/>
        <WORKFLOWVARIABLE DATATYPE ="date/time" DEFAULTVALUE ="" DESCRIPTION ="The time this task completed" ISNULL ="NO" ISPERSISTENT ="NO" NAME ="$s_m_PARAM_AS_OF_DATE.EndTime" USERDEFINED ="NO"/>
        <WORKFLOWVARIABLE DATATYPE ="integer" DEFAULTVALUE ="" DESCRIPTION ="Status of this task&apos;s execution" ISNULL ="NO" ISPERSISTENT ="NO" NAME ="$s_m_PARAM_AS_OF_DATE.Status" USERDEFINED ="NO"/>
        <WORKFLOWVARIABLE DATATYPE ="integer" DEFAULTVALUE ="" DESCRIPTION ="Status of the previous task that is not disabled" ISNULL ="NO" ISPERSISTENT ="NO" NAME ="$s_m_PARAM_AS_OF_DATE.PrevTaskStatus" USERDEFINED ="NO"/>
        <WORKFLOWVARIABLE DATATYPE ="integer" DEFAULTVALUE ="" DESCRIPTION ="Error code for this task&apos;s execution" ISNULL ="NO" ISPERSISTENT ="NO" NAME ="$s_m_PARAM_AS_OF_DATE.ErrorCode" USERDEFINED ="NO"/>
        <WORKFLOWVARIABLE DATATYPE ="string" DEFAULTVALUE ="" DESCRIPTION ="Error message for this task&apos;s execution" ISNULL ="NO" ISPERSISTENT ="NO" NAME ="$s_m_PARAM_AS_OF_DATE.ErrorMsg" USERDEFINED ="NO"/>
        <WORKFLOWVARIABLE DATATYPE ="integer" DEFAULTVALUE ="" DESCRIPTION ="Rows successfully read" ISNULL ="NO" ISPERSISTENT ="NO" NAME ="$s_m_PARAM_AS_OF_DATE.SrcSuccessRows" USERDEFINED ="NO"/>
        <WORKFLOWVARIABLE DATATYPE ="integer" DEFAULTVALUE ="" DESCRIPTION ="Rows failed to read" ISNULL ="NO" ISPERSISTENT ="NO" NAME ="$s_m_PARAM_AS_OF_DATE.SrcFailedRows" USERDEFINED ="NO"/>
        <WORKFLOWVARIABLE DATATYPE ="integer" DEFAULTVALUE ="" DESCRIPTION ="Rows successfully loaded" ISNULL ="NO" ISPERSISTENT ="NO" NAME ="$s_m_PARAM_AS_OF_DATE.TgtSuccessRows" USERDEFINED ="NO"/>
        <WORKFLOWVARIABLE DATATYPE ="integer" DEFAULTVALUE ="" DESCRIPTION ="Rows failed to load" ISNULL ="NO" ISPERSISTENT ="NO" NAME ="$s_m_PARAM_AS_OF_DATE.TgtFailedRows" USERDEFINED ="NO"/>
        <WORKFLOWVARIABLE DATATYPE ="integer" DEFAULTVALUE ="" DESCRIPTION ="Total number of transformation errors" ISNULL ="NO" ISPERSISTENT ="NO" NAME ="$s_m_PARAM_AS_OF_DATE.TotalTransErrors" USERDEFINED ="NO"/>
        <WORKFLOWVARIABLE DATATYPE ="integer" DEFAULTVALUE ="" DESCRIPTION ="First error code" ISNULL ="NO" ISPERSISTENT ="NO" NAME ="$s_m_PARAM_AS_OF_DATE.FirstErrorCode" USERDEFINED ="NO"/>
        <WORKFLOWVARIABLE DATATYPE ="string" DEFAULTVALUE ="" DESCRIPTION ="First error message" ISNULL ="NO" ISPERSISTENT ="NO" NAME ="$s_m_PARAM_AS_OF_DATE.FirstErrorMsg" USERDEFINED ="NO"/>
        <ATTRIBUTE NAME ="Parameter Filename" VALUE =""/>
        <ATTRIBUTE NAME ="Write Backward Compatible Workflow Log File" VALUE ="YES"/>
        <ATTRIBUTE NAME ="Workflow Log File Name" VALUE ="wf_s_m_PARAM_AS_OF_DATE.log"/>
        <ATTRIBUTE NAME ="Workflow Log File Directory" VALUE ="$PMWorkflowLogDir&#x5c;INVENTORY_ANALYSIS&#x5c;LOG&#x5c;"/>
        <ATTRIBUTE NAME ="Save Workflow log by" VALUE ="By runs"/>
        <ATTRIBUTE NAME ="Save workflow log for these runs" VALUE ="9"/>
        <ATTRIBUTE NAME ="Service Name" VALUE =""/>
        <ATTRIBUTE NAME ="Service Timeout" VALUE ="0"/>
        <ATTRIBUTE NAME ="Is Service Visible" VALUE ="NO"/>
        <ATTRIBUTE NAME ="Is Service Protected" VALUE ="NO"/>
        <ATTRIBUTE NAME ="Fail task after wait time" VALUE ="0"/>
        <ATTRIBUTE NAME ="Enable HA recovery" VALUE ="NO"/>
        <ATTRIBUTE NAME ="Automatically recover terminated tasks" VALUE ="NO"/>
        <ATTRIBUTE NAME ="Service Level Name" VALUE ="Default"/>
        <ATTRIBUTE NAME ="Allow concurrent run with unique run instance name" VALUE ="NO"/>
        <ATTRIBUTE NAME ="Allow concurrent run with same run instance name" VALUE ="NO"/>
        <ATTRIBUTE NAME ="Maximum number of concurrent runs" VALUE ="0"/>
        <ATTRIBUTE NAME ="Assigned Web Services Hubs" VALUE =""/>
        <ATTRIBUTE NAME ="Maximum number of concurrent runs per Hub" VALUE ="1000"/>
        <ATTRIBUTE NAME ="Expected Service Time" VALUE ="1"/>
        <METADATAEXTENSION DATATYPE ="STRING" DESCRIPTION ="Conversion Mapping Name with version " DOMAINNAME ="User Defined Metadata Domain" ISCLIENTEDITABLE ="YES" ISCLIENTVISIBLE ="YES" ISREUSABLE ="NO" ISSHAREREAD ="NO" ISSHAREWRITE ="NO" MAXLENGTH ="256" NAME ="CONV_MAP_NAME" VALUE ="WATR-SAP_BI_Stg_C03 v4.2" VENDORNAME ="INFORMATICA"/>
        <METADATAEXTENSION DATATYPE ="STRING" DESCRIPTION ="" DOMAINNAME ="User Defined Metadata Domain" ISCLIENTEDITABLE ="YES" ISCLIENTVISIBLE ="YES" ISREUSABLE ="NO" ISSHAREREAD ="NO" ISSHAREWRITE ="NO" MAXLENGTH ="256" NAME ="Extension" VALUE ="CM - MarginLoss - stgMarginLossExpenseToStgFactSalesNew v1.0" VENDORNAME ="INFORMATICA"/>
    </WORKFLOW>
</FOLDER>
</REPOSITORY>
</POWERMART>