<?xml version="1.0" encoding="Windows-1252"?>
<!DOCTYPE POWERMART SYSTEM "powrmart.dtd">
<POWERMART CREATION_DATE="05/20/2024 10:13:10" REPOSITORY_VERSION="187.96">
<REPOSITORY NAME="Domain10_Rep_Svc_Prd" VERSION="187" CODEPAGE="MS1252" DATABASETYPE="Microsoft SQL Server">
<FOLDER NAME="INVENTORY_ANALYSIS" GROUP="" OWNER="Administrator" SHARED="NOTSHARED" DESCRIPTION="" PERMISSIONS="rwx---r--" UUID="27b7fb57-5066-4c7e-aee4-118d44bfa5b6">
    <SOURCE BUSINESSNAME ="" DATABASETYPE ="Microsoft SQL Server" DBDNAME ="SQLD1BUS16_D1BUS16" DESCRIPTION ="" NAME ="dim_Week" OBJECTVERSION ="1" OWNERNAME ="dbo" VERSIONNUMBER ="1">
        <SOURCEFIELD BUSINESSNAME ="" DATATYPE ="int" DESCRIPTION ="" FIELDNUMBER ="1" FIELDPROPERTY ="0" FIELDTYPE ="ELEMITEM" HIDDEN ="NO" KEYTYPE ="PRIMARY KEY" LENGTH ="11" LEVEL ="0" NAME ="AS_of_Date_INT" NULLABLE ="NOTNULL" OCCURS ="0" OFFSET ="0" PHYSICALLENGTH ="10" PHYSICALOFFSET ="0" PICTURETEXT ="" PRECISION ="10" SCALE ="0" USAGE_FLAGS =""/>
        <SOURCEFIELD BUSINESSNAME ="" DATATYPE ="smallint" DESCRIPTION ="" FIELDNUMBER ="2" FIELDPROPERTY ="0" FIELDTYPE ="ELEMITEM" HIDDEN ="NO" KEYTYPE ="NOT A KEY" LENGTH ="6" LEVEL ="0" NAME ="Fiscal_Yr" NULLABLE ="NOTNULL" OCCURS ="0" OFFSET ="11" PHYSICALLENGTH ="5" PHYSICALOFFSET ="10" PICTURETEXT ="" PRECISION ="5" SCALE ="0" USAGE_FLAGS =""/>
        <SOURCEFIELD BUSINESSNAME ="" DATATYPE ="int" DESCRIPTION ="" FIELDNUMBER ="3" FIELDPROPERTY ="0" FIELDTYPE ="ELEMITEM" HIDDEN ="NO" KEYTYPE ="NOT A KEY" LENGTH ="11" LEVEL ="0" NAME ="Fiscal_Qtr" NULLABLE ="NOTNULL" OCCURS ="0" OFFSET ="17" PHYSICALLENGTH ="10" PHYSICALOFFSET ="15" PICTURETEXT ="" PRECISION ="10" SCALE ="0" USAGE_FLAGS =""/>
        <SOURCEFIELD BUSINESSNAME ="" DATATYPE ="int" DESCRIPTION ="" FIELDNUMBER ="4" FIELDPROPERTY ="0" FIELDTYPE ="ELEMITEM" HIDDEN ="NO" KEYTYPE ="NOT A KEY" LENGTH ="11" LEVEL ="0" NAME ="Fiscal_Mth" NULLABLE ="NOTNULL" OCCURS ="0" OFFSET ="28" PHYSICALLENGTH ="10" PHYSICALOFFSET ="25" PICTURETEXT ="" PRECISION ="10" SCALE ="0" USAGE_FLAGS =""/>
        <SOURCEFIELD BUSINESSNAME ="" DATATYPE ="int" DESCRIPTION ="" FIELDNUMBER ="5" FIELDPROPERTY ="0" FIELDTYPE ="ELEMITEM" HIDDEN ="NO" KEYTYPE ="NOT A KEY" LENGTH ="11" LEVEL ="0" NAME ="Fiscal_Wk" NULLABLE ="NOTNULL" OCCURS ="0" OFFSET ="39" PHYSICALLENGTH ="10" PHYSICALOFFSET ="35" PICTURETEXT ="" PRECISION ="10" SCALE ="0" USAGE_FLAGS =""/>
        <SOURCEFIELD BUSINESSNAME ="" DATATYPE ="varchar" DESCRIPTION ="" FIELDNUMBER ="6" FIELDPROPERTY ="0" FIELDTYPE ="ELEMITEM" HIDDEN ="NO" KEYTYPE ="NOT A KEY" LENGTH ="0" LEVEL ="0" NAME ="Fiscal_Yr_Label" NULLABLE ="NOTNULL" OCCURS ="0" OFFSET ="50" PHYSICALLENGTH ="50" PHYSICALOFFSET ="45" PICTURETEXT ="" PRECISION ="50" SCALE ="0" USAGE_FLAGS =""/>
        <SOURCEFIELD BUSINESSNAME ="" DATATYPE ="varchar" DESCRIPTION ="" FIELDNUMBER ="7" FIELDPROPERTY ="0" FIELDTYPE ="ELEMITEM" HIDDEN ="NO" KEYTYPE ="NOT A KEY" LENGTH ="0" LEVEL ="0" NAME ="Fiscal_Qtr_Labe_lShort" NULLABLE ="NOTNULL" OCCURS ="0" OFFSET ="50" PHYSICALLENGTH ="50" PHYSICALOFFSET ="95" PICTURETEXT ="" PRECISION ="50" SCALE ="0" USAGE_FLAGS =""/>
        <SOURCEFIELD BUSINESSNAME ="" DATATYPE ="varchar" DESCRIPTION ="" FIELDNUMBER ="8" FIELDPROPERTY ="0" FIELDTYPE ="ELEMITEM" HIDDEN ="NO" KEYTYPE ="NOT A KEY" LENGTH ="0" LEVEL ="0" NAME ="Fiscal_Qtr_Label_Long" NULLABLE ="NOTNULL" OCCURS ="0" OFFSET ="50" PHYSICALLENGTH ="50" PHYSICALOFFSET ="145" PICTURETEXT ="" PRECISION ="50" SCALE ="0" USAGE_FLAGS =""/>
        <SOURCEFIELD BUSINESSNAME ="" DATATYPE ="smallint" DESCRIPTION ="" FIELDNUMBER ="9" FIELDPROPERTY ="0" FIELDTYPE ="ELEMITEM" HIDDEN ="NO" KEYTYPE ="NOT A KEY" LENGTH ="6" LEVEL ="0" NAME ="Fiscal_Qtr_Num" NULLABLE ="NOTNULL" OCCURS ="0" OFFSET ="50" PHYSICALLENGTH ="5" PHYSICALOFFSET ="195" PICTURETEXT ="" PRECISION ="5" SCALE ="0" USAGE_FLAGS =""/>
        <SOURCEFIELD BUSINESSNAME ="" DATATYPE ="smallint" DESCRIPTION ="" FIELDNUMBER ="10" FIELDPROPERTY ="0" FIELDTYPE ="ELEMITEM" HIDDEN ="NO" KEYTYPE ="NOT A KEY" LENGTH ="6" LEVEL ="0" NAME ="Fiscal_Mth_Num" NULLABLE ="NOTNULL" OCCURS ="0" OFFSET ="56" PHYSICALLENGTH ="5" PHYSICALOFFSET ="200" PICTURETEXT ="" PRECISION ="5" SCALE ="0" USAGE_FLAGS =""/>
        <SOURCEFIELD BUSINESSNAME ="" DATATYPE ="varchar" DESCRIPTION ="" FIELDNUMBER ="11" FIELDPROPERTY ="0" FIELDTYPE ="ELEMITEM" HIDDEN ="NO" KEYTYPE ="NOT A KEY" LENGTH ="0" LEVEL ="0" NAME ="Fiscal_Period_Label_Short" NULLABLE ="NOTNULL" OCCURS ="0" OFFSET ="62" PHYSICALLENGTH ="50" PHYSICALOFFSET ="205" PICTURETEXT ="" PRECISION ="50" SCALE ="0" USAGE_FLAGS =""/>
        <SOURCEFIELD BUSINESSNAME ="" DATATYPE ="varchar" DESCRIPTION ="" FIELDNUMBER ="12" FIELDPROPERTY ="0" FIELDTYPE ="ELEMITEM" HIDDEN ="NO" KEYTYPE ="NOT A KEY" LENGTH ="0" LEVEL ="0" NAME ="Fiscal_Period_Label" NULLABLE ="NOTNULL" OCCURS ="0" OFFSET ="62" PHYSICALLENGTH ="50" PHYSICALOFFSET ="255" PICTURETEXT ="" PRECISION ="50" SCALE ="0" USAGE_FLAGS =""/>
        <SOURCEFIELD BUSINESSNAME ="" DATATYPE ="varchar" DESCRIPTION ="" FIELDNUMBER ="13" FIELDPROPERTY ="0" FIELDTYPE ="ELEMITEM" HIDDEN ="NO" KEYTYPE ="NOT A KEY" LENGTH ="0" LEVEL ="0" NAME ="Mth_Label" NULLABLE ="NOTNULL" OCCURS ="0" OFFSET ="62" PHYSICALLENGTH ="50" PHYSICALOFFSET ="305" PICTURETEXT ="" PRECISION ="50" SCALE ="0" USAGE_FLAGS =""/>
        <SOURCEFIELD BUSINESSNAME ="" DATATYPE ="varchar" DESCRIPTION ="" FIELDNUMBER ="14" FIELDPROPERTY ="0" FIELDTYPE ="ELEMITEM" HIDDEN ="NO" KEYTYPE ="NOT A KEY" LENGTH ="0" LEVEL ="0" NAME ="Mth_Label_Short" NULLABLE ="NOTNULL" OCCURS ="0" OFFSET ="62" PHYSICALLENGTH ="50" PHYSICALOFFSET ="355" PICTURETEXT ="" PRECISION ="50" SCALE ="0" USAGE_FLAGS =""/>
        <SOURCEFIELD BUSINESSNAME ="" DATATYPE ="varchar" DESCRIPTION ="" FIELDNUMBER ="15" FIELDPROPERTY ="0" FIELDTYPE ="ELEMITEM" HIDDEN ="NO" KEYTYPE ="NOT A KEY" LENGTH ="0" LEVEL ="0" NAME ="Mth_Yr_Label" NULLABLE ="NOTNULL" OCCURS ="0" OFFSET ="62" PHYSICALLENGTH ="50" PHYSICALOFFSET ="405" PICTURETEXT ="" PRECISION ="50" SCALE ="0" USAGE_FLAGS =""/>
        <SOURCEFIELD BUSINESSNAME ="" DATATYPE ="varchar" DESCRIPTION ="" FIELDNUMBER ="16" FIELDPROPERTY ="0" FIELDTYPE ="ELEMITEM" HIDDEN ="NO" KEYTYPE ="NOT A KEY" LENGTH ="0" LEVEL ="0" NAME ="Mth_Yr_Label_Short" NULLABLE ="NOTNULL" OCCURS ="0" OFFSET ="62" PHYSICALLENGTH ="50" PHYSICALOFFSET ="455" PICTURETEXT ="" PRECISION ="50" SCALE ="0" USAGE_FLAGS =""/>
        <SOURCEFIELD BUSINESSNAME ="" DATATYPE ="smallint" DESCRIPTION ="" FIELDNUMBER ="17" FIELDPROPERTY ="0" FIELDTYPE ="ELEMITEM" HIDDEN ="NO" KEYTYPE ="NOT A KEY" LENGTH ="6" LEVEL ="0" NAME ="Fiscal_Wk_of_Yr" NULLABLE ="NOTNULL" OCCURS ="0" OFFSET ="62" PHYSICALLENGTH ="5" PHYSICALOFFSET ="505" PICTURETEXT ="" PRECISION ="5" SCALE ="0" USAGE_FLAGS =""/>
        <SOURCEFIELD BUSINESSNAME ="" DATATYPE ="varchar" DESCRIPTION ="" FIELDNUMBER ="18" FIELDPROPERTY ="0" FIELDTYPE ="ELEMITEM" HIDDEN ="NO" KEYTYPE ="NOT A KEY" LENGTH ="0" LEVEL ="0" NAME ="Fiscal_Wk_of_Yr_Label" NULLABLE ="NOTNULL" OCCURS ="0" OFFSET ="68" PHYSICALLENGTH ="50" PHYSICALOFFSET ="510" PICTURETEXT ="" PRECISION ="50" SCALE ="0" USAGE_FLAGS =""/>
        <SOURCEFIELD BUSINESSNAME ="" DATATYPE ="smallint" DESCRIPTION ="" FIELDNUMBER ="19" FIELDPROPERTY ="0" FIELDTYPE ="ELEMITEM" HIDDEN ="NO" KEYTYPE ="NOT A KEY" LENGTH ="6" LEVEL ="0" NAME ="Fiscal_Wk_of_Mth" NULLABLE ="NOTNULL" OCCURS ="0" OFFSET ="68" PHYSICALLENGTH ="5" PHYSICALOFFSET ="560" PICTURETEXT ="" PRECISION ="5" SCALE ="0" USAGE_FLAGS =""/>
        <SOURCEFIELD BUSINESSNAME ="" DATATYPE ="varchar" DESCRIPTION ="" FIELDNUMBER ="20" FIELDPROPERTY ="0" FIELDTYPE ="ELEMITEM" HIDDEN ="NO" KEYTYPE ="NOT A KEY" LENGTH ="0" LEVEL ="0" NAME ="Fiscal_Wk_Label" NULLABLE ="NULL" OCCURS ="0" OFFSET ="74" PHYSICALLENGTH ="50" PHYSICALOFFSET ="565" PICTURETEXT ="" PRECISION ="50" SCALE ="0" USAGE_FLAGS =""/>
        <SOURCEFIELD BUSINESSNAME ="" DATATYPE ="varchar" DESCRIPTION ="" FIELDNUMBER ="21" FIELDPROPERTY ="0" FIELDTYPE ="ELEMITEM" HIDDEN ="NO" KEYTYPE ="NOT A KEY" LENGTH ="0" LEVEL ="0" NAME ="Fiscal_Wk_of_Yr_Label_Yr" NULLABLE ="NULL" OCCURS ="0" OFFSET ="74" PHYSICALLENGTH ="50" PHYSICALOFFSET ="615" PICTURETEXT ="" PRECISION ="50" SCALE ="0" USAGE_FLAGS =""/>
        <SOURCEFIELD BUSINESSNAME ="" DATATYPE ="varchar" DESCRIPTION ="" FIELDNUMBER ="22" FIELDPROPERTY ="0" FIELDTYPE ="ELEMITEM" HIDDEN ="NO" KEYTYPE ="NOT A KEY" LENGTH ="0" LEVEL ="0" NAME ="Fiscal_Wk_Of_Yr_Mth_Label" NULLABLE ="NULL" OCCURS ="0" OFFSET ="74" PHYSICALLENGTH ="50" PHYSICALOFFSET ="665" PICTURETEXT ="" PRECISION ="50" SCALE ="0" USAGE_FLAGS =""/>
        <SOURCEFIELD BUSINESSNAME ="" DATATYPE ="varchar" DESCRIPTION ="" FIELDNUMBER ="23" FIELDPROPERTY ="0" FIELDTYPE ="ELEMITEM" HIDDEN ="NO" KEYTYPE ="NOT A KEY" LENGTH ="0" LEVEL ="0" NAME ="Fiscal_Wk_of_Mth_Label" NULLABLE ="NULL" OCCURS ="0" OFFSET ="74" PHYSICALLENGTH ="50" PHYSICALOFFSET ="715" PICTURETEXT ="" PRECISION ="50" SCALE ="0" USAGE_FLAGS =""/>
        <SOURCEFIELD BUSINESSNAME ="" DATATYPE ="varchar" DESCRIPTION ="" FIELDNUMBER ="24" FIELDPROPERTY ="0" FIELDTYPE ="ELEMITEM" HIDDEN ="NO" KEYTYPE ="NOT A KEY" LENGTH ="0" LEVEL ="0" NAME ="Fiscal_Wk_of_Mth_Label_Yr" NULLABLE ="NULL" OCCURS ="0" OFFSET ="74" PHYSICALLENGTH ="50" PHYSICALOFFSET ="765" PICTURETEXT ="" PRECISION ="50" SCALE ="0" USAGE_FLAGS =""/>
        <SOURCEFIELD BUSINESSNAME ="" DATATYPE ="varchar" DESCRIPTION ="" FIELDNUMBER ="25" FIELDPROPERTY ="0" FIELDTYPE ="ELEMITEM" HIDDEN ="NO" KEYTYPE ="NOT A KEY" LENGTH ="0" LEVEL ="0" NAME ="Fiscal_Wk_with_ind" NULLABLE ="NULL" OCCURS ="0" OFFSET ="74" PHYSICALLENGTH ="50" PHYSICALOFFSET ="815" PICTURETEXT ="" PRECISION ="50" SCALE ="0" USAGE_FLAGS =""/>
        <SOURCEFIELD BUSINESSNAME ="" DATATYPE ="datetime" DESCRIPTION ="" FIELDNUMBER ="26" FIELDPROPERTY ="0" FIELDTYPE ="ELEMITEM" HIDDEN ="NO" KEYTYPE ="NOT A KEY" LENGTH ="19" LEVEL ="0" NAME ="As_of_Date" NULLABLE ="NOTNULL" OCCURS ="0" OFFSET ="74" PHYSICALLENGTH ="23" PHYSICALOFFSET ="865" PICTURETEXT ="" PRECISION ="23" SCALE ="3" USAGE_FLAGS =""/>
        <SOURCEFIELD BUSINESSNAME ="" DATATYPE ="char" DESCRIPTION ="" FIELDNUMBER ="27" FIELDPROPERTY ="0" FIELDTYPE ="ELEMITEM" HIDDEN ="NO" KEYTYPE ="NOT A KEY" LENGTH ="0" LEVEL ="0" NAME ="Curr_Yr_Ind" NULLABLE ="NOTNULL" OCCURS ="0" OFFSET ="93" PHYSICALLENGTH ="1" PHYSICALOFFSET ="888" PICTURETEXT ="" PRECISION ="1" SCALE ="0" USAGE_FLAGS =""/>
        <SOURCEFIELD BUSINESSNAME ="" DATATYPE ="char" DESCRIPTION ="" FIELDNUMBER ="28" FIELDPROPERTY ="0" FIELDTYPE ="ELEMITEM" HIDDEN ="NO" KEYTYPE ="NOT A KEY" LENGTH ="0" LEVEL ="0" NAME ="Curr_Qtr_Ind" NULLABLE ="NOTNULL" OCCURS ="0" OFFSET ="93" PHYSICALLENGTH ="1" PHYSICALOFFSET ="889" PICTURETEXT ="" PRECISION ="1" SCALE ="0" USAGE_FLAGS =""/>
        <SOURCEFIELD BUSINESSNAME ="" DATATYPE ="char" DESCRIPTION ="" FIELDNUMBER ="29" FIELDPROPERTY ="0" FIELDTYPE ="ELEMITEM" HIDDEN ="NO" KEYTYPE ="NOT A KEY" LENGTH ="0" LEVEL ="0" NAME ="Curr_Mth_Ind" NULLABLE ="NOTNULL" OCCURS ="0" OFFSET ="93" PHYSICALLENGTH ="1" PHYSICALOFFSET ="890" PICTURETEXT ="" PRECISION ="1" SCALE ="0" USAGE_FLAGS =""/>
        <SOURCEFIELD BUSINESSNAME ="" DATATYPE ="char" DESCRIPTION ="" FIELDNUMBER ="30" FIELDPROPERTY ="0" FIELDTYPE ="ELEMITEM" HIDDEN ="NO" KEYTYPE ="NOT A KEY" LENGTH ="0" LEVEL ="0" NAME ="Curr_Wk_Ind" NULLABLE ="NOTNULL" OCCURS ="0" OFFSET ="93" PHYSICALLENGTH ="1" PHYSICALOFFSET ="891" PICTURETEXT ="" PRECISION ="1" SCALE ="0" USAGE_FLAGS =""/>
        <SOURCEFIELD BUSINESSNAME ="" DATATYPE ="numeric" DESCRIPTION ="" FIELDNUMBER ="31" FIELDPROPERTY ="0" FIELDTYPE ="ELEMITEM" HIDDEN ="NO" KEYTYPE ="NOT A KEY" LENGTH ="6" LEVEL ="0" NAME ="Retail_Year" NULLABLE ="NOTNULL" OCCURS ="0" OFFSET ="93" PHYSICALLENGTH ="4" PHYSICALOFFSET ="892" PICTURETEXT ="" PRECISION ="4" SCALE ="0" USAGE_FLAGS =""/>
        <SOURCEFIELD BUSINESSNAME ="" DATATYPE ="varchar" DESCRIPTION ="" FIELDNUMBER ="32" FIELDPROPERTY ="0" FIELDTYPE ="ELEMITEM" HIDDEN ="NO" KEYTYPE ="NOT A KEY" LENGTH ="0" LEVEL ="0" NAME ="Retail_Year_Febfy" NULLABLE ="NULL" OCCURS ="0" OFFSET ="99" PHYSICALLENGTH ="2" PHYSICALOFFSET ="896" PICTURETEXT ="" PRECISION ="2" SCALE ="0" USAGE_FLAGS =""/>
        <SOURCEFIELD BUSINESSNAME ="" DATATYPE ="varchar" DESCRIPTION ="" FIELDNUMBER ="33" FIELDPROPERTY ="0" FIELDTYPE ="ELEMITEM" HIDDEN ="NO" KEYTYPE ="NOT A KEY" LENGTH ="0" LEVEL ="0" NAME ="Retail_Season_Febfy" NULLABLE ="NULL" OCCURS ="0" OFFSET ="99" PHYSICALLENGTH ="6" PHYSICALOFFSET ="898" PICTURETEXT ="" PRECISION ="6" SCALE ="0" USAGE_FLAGS =""/>
        <SOURCEFIELD BUSINESSNAME ="" DATATYPE ="int" DESCRIPTION ="" FIELDNUMBER ="34" FIELDPROPERTY ="0" FIELDTYPE ="ELEMITEM" HIDDEN ="NO" KEYTYPE ="NOT A KEY" LENGTH ="11" LEVEL ="0" NAME ="Retail_Month_Febfy" NULLABLE ="NOTNULL" OCCURS ="0" OFFSET ="99" PHYSICALLENGTH ="10" PHYSICALOFFSET ="904" PICTURETEXT ="" PRECISION ="10" SCALE ="0" USAGE_FLAGS =""/>
        <SOURCEFIELD BUSINESSNAME ="" DATATYPE ="varchar" DESCRIPTION ="" FIELDNUMBER ="35" FIELDPROPERTY ="0" FIELDTYPE ="ELEMITEM" HIDDEN ="NO" KEYTYPE ="NOT A KEY" LENGTH ="0" LEVEL ="0" NAME ="Retail_Month_Desc" NULLABLE ="NULL" OCCURS ="0" OFFSET ="110" PHYSICALLENGTH ="3" PHYSICALOFFSET ="914" PICTURETEXT ="" PRECISION ="3" SCALE ="0" USAGE_FLAGS =""/>
        <SOURCEFIELD BUSINESSNAME ="" DATATYPE ="varchar" DESCRIPTION ="" FIELDNUMBER ="36" FIELDPROPERTY ="0" FIELDTYPE ="ELEMITEM" HIDDEN ="NO" KEYTYPE ="NOT A KEY" LENGTH ="0" LEVEL ="0" NAME ="Retail_Month_Name" NULLABLE ="NULL" OCCURS ="0" OFFSET ="110" PHYSICALLENGTH ="9" PHYSICALOFFSET ="917" PICTURETEXT ="" PRECISION ="9" SCALE ="0" USAGE_FLAGS =""/>
        <SOURCEFIELD BUSINESSNAME ="" DATATYPE ="int" DESCRIPTION ="" FIELDNUMBER ="37" FIELDPROPERTY ="0" FIELDTYPE ="ELEMITEM" HIDDEN ="NO" KEYTYPE ="NOT A KEY" LENGTH ="11" LEVEL ="0" NAME ="Retail_Wk_of_Month_Febfy" NULLABLE ="NOTNULL" OCCURS ="0" OFFSET ="110" PHYSICALLENGTH ="10" PHYSICALOFFSET ="926" PICTURETEXT ="" PRECISION ="10" SCALE ="0" USAGE_FLAGS =""/>
        <SOURCEFIELD BUSINESSNAME ="" DATATYPE ="int" DESCRIPTION ="" FIELDNUMBER ="38" FIELDPROPERTY ="0" FIELDTYPE ="ELEMITEM" HIDDEN ="NO" KEYTYPE ="NOT A KEY" LENGTH ="11" LEVEL ="0" NAME ="Retail_Wk_of_Year_Febfy" NULLABLE ="NOTNULL" OCCURS ="0" OFFSET ="121" PHYSICALLENGTH ="10" PHYSICALOFFSET ="936" PICTURETEXT ="" PRECISION ="10" SCALE ="0" USAGE_FLAGS =""/>
        <SOURCEFIELD BUSINESSNAME ="" DATATYPE ="int" DESCRIPTION ="" FIELDNUMBER ="39" FIELDPROPERTY ="0" FIELDTYPE ="ELEMITEM" HIDDEN ="NO" KEYTYPE ="NOT A KEY" LENGTH ="11" LEVEL ="0" NAME ="Retail_Year_WMT" NULLABLE ="NOTNULL" OCCURS ="0" OFFSET ="132" PHYSICALLENGTH ="10" PHYSICALOFFSET ="946" PICTURETEXT ="" PRECISION ="10" SCALE ="0" USAGE_FLAGS =""/>
        <SOURCEFIELD BUSINESSNAME ="" DATATYPE ="varchar" DESCRIPTION ="" FIELDNUMBER ="40" FIELDPROPERTY ="0" FIELDTYPE ="ELEMITEM" HIDDEN ="NO" KEYTYPE ="NOT A KEY" LENGTH ="0" LEVEL ="0" NAME ="Retail_Year_YY_WMT" NULLABLE ="NULL" OCCURS ="0" OFFSET ="143" PHYSICALLENGTH ="2" PHYSICALOFFSET ="956" PICTURETEXT ="" PRECISION ="2" SCALE ="0" USAGE_FLAGS =""/>
        <SOURCEFIELD BUSINESSNAME ="" DATATYPE ="varchar" DESCRIPTION ="" FIELDNUMBER ="41" FIELDPROPERTY ="0" FIELDTYPE ="ELEMITEM" HIDDEN ="NO" KEYTYPE ="NOT A KEY" LENGTH ="0" LEVEL ="0" NAME ="Retail_Season_WMT" NULLABLE ="NULL" OCCURS ="0" OFFSET ="143" PHYSICALLENGTH ="6" PHYSICALOFFSET ="958" PICTURETEXT ="" PRECISION ="6" SCALE ="0" USAGE_FLAGS =""/>
        <SOURCEFIELD BUSINESSNAME ="" DATATYPE ="int" DESCRIPTION ="" FIELDNUMBER ="42" FIELDPROPERTY ="0" FIELDTYPE ="ELEMITEM" HIDDEN ="NO" KEYTYPE ="NOT A KEY" LENGTH ="11" LEVEL ="0" NAME ="Retail_Wk_of_Season_WMT" NULLABLE ="NULL" OCCURS ="0" OFFSET ="143" PHYSICALLENGTH ="10" PHYSICALOFFSET ="964" PICTURETEXT ="" PRECISION ="10" SCALE ="0" USAGE_FLAGS =""/>
        <SOURCEFIELD BUSINESSNAME ="" DATATYPE ="int" DESCRIPTION ="" FIELDNUMBER ="43" FIELDPROPERTY ="0" FIELDTYPE ="ELEMITEM" HIDDEN ="NO" KEYTYPE ="NOT A KEY" LENGTH ="11" LEVEL ="0" NAME ="Retail_Month_WMT" NULLABLE ="NOTNULL" OCCURS ="0" OFFSET ="154" PHYSICALLENGTH ="10" PHYSICALOFFSET ="974" PICTURETEXT ="" PRECISION ="10" SCALE ="0" USAGE_FLAGS =""/>
        <SOURCEFIELD BUSINESSNAME ="" DATATYPE ="varchar" DESCRIPTION ="" FIELDNUMBER ="44" FIELDPROPERTY ="0" FIELDTYPE ="ELEMITEM" HIDDEN ="NO" KEYTYPE ="NOT A KEY" LENGTH ="0" LEVEL ="0" NAME ="Retail_Month_Desc_WMT" NULLABLE ="NULL" OCCURS ="0" OFFSET ="165" PHYSICALLENGTH ="3" PHYSICALOFFSET ="984" PICTURETEXT ="" PRECISION ="3" SCALE ="0" USAGE_FLAGS =""/>
        <SOURCEFIELD BUSINESSNAME ="" DATATYPE ="varchar" DESCRIPTION ="" FIELDNUMBER ="45" FIELDPROPERTY ="0" FIELDTYPE ="ELEMITEM" HIDDEN ="NO" KEYTYPE ="NOT A KEY" LENGTH ="0" LEVEL ="0" NAME ="Retail_Month_Name_WMT" NULLABLE ="NULL" OCCURS ="0" OFFSET ="165" PHYSICALLENGTH ="9" PHYSICALOFFSET ="987" PICTURETEXT ="" PRECISION ="9" SCALE ="0" USAGE_FLAGS =""/>
        <SOURCEFIELD BUSINESSNAME ="" DATATYPE ="int" DESCRIPTION ="" FIELDNUMBER ="46" FIELDPROPERTY ="0" FIELDTYPE ="ELEMITEM" HIDDEN ="NO" KEYTYPE ="NOT A KEY" LENGTH ="11" LEVEL ="0" NAME ="Retail_Wk_of_Month_WMT" NULLABLE ="NOTNULL" OCCURS ="0" OFFSET ="165" PHYSICALLENGTH ="10" PHYSICALOFFSET ="996" PICTURETEXT ="" PRECISION ="10" SCALE ="0" USAGE_FLAGS =""/>
        <SOURCEFIELD BUSINESSNAME ="" DATATYPE ="int" DESCRIPTION ="" FIELDNUMBER ="47" FIELDPROPERTY ="0" FIELDTYPE ="ELEMITEM" HIDDEN ="NO" KEYTYPE ="NOT A KEY" LENGTH ="11" LEVEL ="0" NAME ="Retail_Wk_of_Year_WMT" NULLABLE ="NOTNULL" OCCURS ="0" OFFSET ="176" PHYSICALLENGTH ="10" PHYSICALOFFSET ="1006" PICTURETEXT ="" PRECISION ="10" SCALE ="0" USAGE_FLAGS =""/>
        <SOURCEFIELD BUSINESSNAME ="" DATATYPE ="int" DESCRIPTION ="" FIELDNUMBER ="48" FIELDPROPERTY ="0" FIELDTYPE ="ELEMITEM" HIDDEN ="NO" KEYTYPE ="NOT A KEY" LENGTH ="11" LEVEL ="0" NAME ="Retail_Year_KMT" NULLABLE ="NOTNULL" OCCURS ="0" OFFSET ="187" PHYSICALLENGTH ="10" PHYSICALOFFSET ="1016" PICTURETEXT ="" PRECISION ="10" SCALE ="0" USAGE_FLAGS =""/>
        <SOURCEFIELD BUSINESSNAME ="" DATATYPE ="varchar" DESCRIPTION ="" FIELDNUMBER ="49" FIELDPROPERTY ="0" FIELDTYPE ="ELEMITEM" HIDDEN ="NO" KEYTYPE ="NOT A KEY" LENGTH ="0" LEVEL ="0" NAME ="Retail_Year_YY_KMT" NULLABLE ="NULL" OCCURS ="0" OFFSET ="198" PHYSICALLENGTH ="2" PHYSICALOFFSET ="1026" PICTURETEXT ="" PRECISION ="2" SCALE ="0" USAGE_FLAGS =""/>
        <SOURCEFIELD BUSINESSNAME ="" DATATYPE ="varchar" DESCRIPTION ="" FIELDNUMBER ="50" FIELDPROPERTY ="0" FIELDTYPE ="ELEMITEM" HIDDEN ="NO" KEYTYPE ="NOT A KEY" LENGTH ="0" LEVEL ="0" NAME ="Retail_Season_KMT" NULLABLE ="NULL" OCCURS ="0" OFFSET ="198" PHYSICALLENGTH ="6" PHYSICALOFFSET ="1028" PICTURETEXT ="" PRECISION ="6" SCALE ="0" USAGE_FLAGS =""/>
        <SOURCEFIELD BUSINESSNAME ="" DATATYPE ="int" DESCRIPTION ="" FIELDNUMBER ="51" FIELDPROPERTY ="0" FIELDTYPE ="ELEMITEM" HIDDEN ="NO" KEYTYPE ="NOT A KEY" LENGTH ="11" LEVEL ="0" NAME ="Retail_Wk_of_Season_KMT" NULLABLE ="NULL" OCCURS ="0" OFFSET ="198" PHYSICALLENGTH ="10" PHYSICALOFFSET ="1034" PICTURETEXT ="" PRECISION ="10" SCALE ="0" USAGE_FLAGS =""/>
        <SOURCEFIELD BUSINESSNAME ="" DATATYPE ="int" DESCRIPTION ="" FIELDNUMBER ="52" FIELDPROPERTY ="0" FIELDTYPE ="ELEMITEM" HIDDEN ="NO" KEYTYPE ="NOT A KEY" LENGTH ="11" LEVEL ="0" NAME ="Retail_Month_KMT" NULLABLE ="NOTNULL" OCCURS ="0" OFFSET ="209" PHYSICALLENGTH ="10" PHYSICALOFFSET ="1044" PICTURETEXT ="" PRECISION ="10" SCALE ="0" USAGE_FLAGS =""/>
        <SOURCEFIELD BUSINESSNAME ="" DATATYPE ="varchar" DESCRIPTION ="" FIELDNUMBER ="53" FIELDPROPERTY ="0" FIELDTYPE ="ELEMITEM" HIDDEN ="NO" KEYTYPE ="NOT A KEY" LENGTH ="0" LEVEL ="0" NAME ="Retail_Month_Desc_KMT" NULLABLE ="NULL" OCCURS ="0" OFFSET ="220" PHYSICALLENGTH ="3" PHYSICALOFFSET ="1054" PICTURETEXT ="" PRECISION ="3" SCALE ="0" USAGE_FLAGS =""/>
        <SOURCEFIELD BUSINESSNAME ="" DATATYPE ="varchar" DESCRIPTION ="" FIELDNUMBER ="54" FIELDPROPERTY ="0" FIELDTYPE ="ELEMITEM" HIDDEN ="NO" KEYTYPE ="NOT A KEY" LENGTH ="0" LEVEL ="0" NAME ="Retail_Month_Name_KMT" NULLABLE ="NULL" OCCURS ="0" OFFSET ="220" PHYSICALLENGTH ="9" PHYSICALOFFSET ="1057" PICTURETEXT ="" PRECISION ="9" SCALE ="0" USAGE_FLAGS =""/>
        <SOURCEFIELD BUSINESSNAME ="" DATATYPE ="int" DESCRIPTION ="" FIELDNUMBER ="55" FIELDPROPERTY ="0" FIELDTYPE ="ELEMITEM" HIDDEN ="NO" KEYTYPE ="NOT A KEY" LENGTH ="11" LEVEL ="0" NAME ="Retail_Wk_of_Month_KMT" NULLABLE ="NOTNULL" OCCURS ="0" OFFSET ="220" PHYSICALLENGTH ="10" PHYSICALOFFSET ="1066" PICTURETEXT ="" PRECISION ="10" SCALE ="0" USAGE_FLAGS =""/>
        <SOURCEFIELD BUSINESSNAME ="" DATATYPE ="int" DESCRIPTION ="" FIELDNUMBER ="56" FIELDPROPERTY ="0" FIELDTYPE ="ELEMITEM" HIDDEN ="NO" KEYTYPE ="NOT A KEY" LENGTH ="11" LEVEL ="0" NAME ="Retail_Wk_of_Year_KMT" NULLABLE ="NOTNULL" OCCURS ="0" OFFSET ="231" PHYSICALLENGTH ="10" PHYSICALOFFSET ="1076" PICTURETEXT ="" PRECISION ="10" SCALE ="0" USAGE_FLAGS =""/>
        <SOURCEFIELD BUSINESSNAME ="" DATATYPE ="int" DESCRIPTION ="" FIELDNUMBER ="57" FIELDPROPERTY ="0" FIELDTYPE ="ELEMITEM" HIDDEN ="NO" KEYTYPE ="NOT A KEY" LENGTH ="11" LEVEL ="0" NAME ="Retail_Year_TGT" NULLABLE ="NOTNULL" OCCURS ="0" OFFSET ="242" PHYSICALLENGTH ="10" PHYSICALOFFSET ="1086" PICTURETEXT ="" PRECISION ="10" SCALE ="0" USAGE_FLAGS =""/>
        <SOURCEFIELD BUSINESSNAME ="" DATATYPE ="varchar" DESCRIPTION ="" FIELDNUMBER ="58" FIELDPROPERTY ="0" FIELDTYPE ="ELEMITEM" HIDDEN ="NO" KEYTYPE ="NOT A KEY" LENGTH ="0" LEVEL ="0" NAME ="Retail_Year_YY_TGT" NULLABLE ="NULL" OCCURS ="0" OFFSET ="253" PHYSICALLENGTH ="2" PHYSICALOFFSET ="1096" PICTURETEXT ="" PRECISION ="2" SCALE ="0" USAGE_FLAGS =""/>
        <SOURCEFIELD BUSINESSNAME ="" DATATYPE ="varchar" DESCRIPTION ="" FIELDNUMBER ="59" FIELDPROPERTY ="0" FIELDTYPE ="ELEMITEM" HIDDEN ="NO" KEYTYPE ="NOT A KEY" LENGTH ="0" LEVEL ="0" NAME ="Retail_Season_TGT" NULLABLE ="NULL" OCCURS ="0" OFFSET ="253" PHYSICALLENGTH ="6" PHYSICALOFFSET ="1098" PICTURETEXT ="" PRECISION ="6" SCALE ="0" USAGE_FLAGS =""/>
        <SOURCEFIELD BUSINESSNAME ="" DATATYPE ="int" DESCRIPTION ="" FIELDNUMBER ="60" FIELDPROPERTY ="0" FIELDTYPE ="ELEMITEM" HIDDEN ="NO" KEYTYPE ="NOT A KEY" LENGTH ="11" LEVEL ="0" NAME ="Retail_Wk_of_Season_TGT" NULLABLE ="NULL" OCCURS ="0" OFFSET ="253" PHYSICALLENGTH ="10" PHYSICALOFFSET ="1104" PICTURETEXT ="" PRECISION ="10" SCALE ="0" USAGE_FLAGS =""/>
        <SOURCEFIELD BUSINESSNAME ="" DATATYPE ="int" DESCRIPTION ="" FIELDNUMBER ="61" FIELDPROPERTY ="0" FIELDTYPE ="ELEMITEM" HIDDEN ="NO" KEYTYPE ="NOT A KEY" LENGTH ="11" LEVEL ="0" NAME ="Retail_Month_TGT" NULLABLE ="NOTNULL" OCCURS ="0" OFFSET ="264" PHYSICALLENGTH ="10" PHYSICALOFFSET ="1114" PICTURETEXT ="" PRECISION ="10" SCALE ="0" USAGE_FLAGS =""/>
        <SOURCEFIELD BUSINESSNAME ="" DATATYPE ="varchar" DESCRIPTION ="" FIELDNUMBER ="62" FIELDPROPERTY ="0" FIELDTYPE ="ELEMITEM" HIDDEN ="NO" KEYTYPE ="NOT A KEY" LENGTH ="0" LEVEL ="0" NAME ="Retail_Month_Desc_TGT" NULLABLE ="NULL" OCCURS ="0" OFFSET ="275" PHYSICALLENGTH ="3" PHYSICALOFFSET ="1124" PICTURETEXT ="" PRECISION ="3" SCALE ="0" USAGE_FLAGS =""/>
        <SOURCEFIELD BUSINESSNAME ="" DATATYPE ="varchar" DESCRIPTION ="" FIELDNUMBER ="63" FIELDPROPERTY ="0" FIELDTYPE ="ELEMITEM" HIDDEN ="NO" KEYTYPE ="NOT A KEY" LENGTH ="0" LEVEL ="0" NAME ="Retail_Month_Name_TGT" NULLABLE ="NULL" OCCURS ="0" OFFSET ="275" PHYSICALLENGTH ="9" PHYSICALOFFSET ="1127" PICTURETEXT ="" PRECISION ="9" SCALE ="0" USAGE_FLAGS =""/>
        <SOURCEFIELD BUSINESSNAME ="" DATATYPE ="int" DESCRIPTION ="" FIELDNUMBER ="64" FIELDPROPERTY ="0" FIELDTYPE ="ELEMITEM" HIDDEN ="NO" KEYTYPE ="NOT A KEY" LENGTH ="11" LEVEL ="0" NAME ="Retail_Wk_of_Month_TGT" NULLABLE ="NOTNULL" OCCURS ="0" OFFSET ="275" PHYSICALLENGTH ="10" PHYSICALOFFSET ="1136" PICTURETEXT ="" PRECISION ="10" SCALE ="0" USAGE_FLAGS =""/>
        <SOURCEFIELD BUSINESSNAME ="" DATATYPE ="int" DESCRIPTION ="" FIELDNUMBER ="65" FIELDPROPERTY ="0" FIELDTYPE ="ELEMITEM" HIDDEN ="NO" KEYTYPE ="NOT A KEY" LENGTH ="11" LEVEL ="0" NAME ="Retail_Wk_of_Year_TGT" NULLABLE ="NOTNULL" OCCURS ="0" OFFSET ="286" PHYSICALLENGTH ="10" PHYSICALOFFSET ="1146" PICTURETEXT ="" PRECISION ="10" SCALE ="0" USAGE_FLAGS =""/>
    </SOURCE>
    <SOURCE BUSINESSNAME ="" DATABASETYPE ="Microsoft SQL Server" DBDNAME ="SQLD1BUS16_D1BUS16" DESCRIPTION ="" NAME ="vw_tbl_IPFA_Data" OBJECTVERSION ="1" OWNERNAME ="dbo" VERSIONNUMBER ="1">
        <SOURCEFIELD BUSINESSNAME ="" DATATYPE ="varchar" DESCRIPTION ="" FIELDNUMBER ="1" FIELDPROPERTY ="0" FIELDTYPE ="ELEMITEM" HIDDEN ="NO" KEYTYPE ="NOT A KEY" LENGTH ="0" LEVEL ="0" NAME ="IPFA_SKU" NULLABLE ="NOTNULL" OCCURS ="0" OFFSET ="0" PHYSICALLENGTH ="31" PHYSICALOFFSET ="0" PICTURETEXT ="" PRECISION ="31" SCALE ="0" USAGE_FLAGS =""/>
        <SOURCEFIELD BUSINESSNAME ="" DATATYPE ="float" DESCRIPTION ="" FIELDNUMBER ="2" FIELDPROPERTY ="0" FIELDTYPE ="ELEMITEM" HIDDEN ="NO" KEYTYPE ="NOT A KEY" LENGTH ="24" LEVEL ="0" NAME ="Base_Stock" NULLABLE ="NULL" OCCURS ="0" OFFSET ="0" PHYSICALLENGTH ="15" PHYSICALOFFSET ="31" PICTURETEXT ="" PRECISION ="15" SCALE ="0" USAGE_FLAGS =""/>
        <SOURCEFIELD BUSINESSNAME ="" DATATYPE ="float" DESCRIPTION ="" FIELDNUMBER ="3" FIELDPROPERTY ="0" FIELDTYPE ="ELEMITEM" HIDDEN ="NO" KEYTYPE ="NOT A KEY" LENGTH ="24" LEVEL ="0" NAME ="Cycle_Stock" NULLABLE ="NULL" OCCURS ="0" OFFSET ="24" PHYSICALLENGTH ="15" PHYSICALOFFSET ="46" PICTURETEXT ="" PRECISION ="15" SCALE ="0" USAGE_FLAGS =""/>
        <SOURCEFIELD BUSINESSNAME ="" DATATYPE ="varchar" DESCRIPTION ="" FIELDNUMBER ="4" FIELDPROPERTY ="0" FIELDTYPE ="ELEMITEM" HIDDEN ="NO" KEYTYPE ="NOT A KEY" LENGTH ="0" LEVEL ="0" NAME ="Demand_Driver" NULLABLE ="NULL" OCCURS ="0" OFFSET ="48" PHYSICALLENGTH ="10" PHYSICALOFFSET ="61" PICTURETEXT ="" PRECISION ="10" SCALE ="0" USAGE_FLAGS =""/>
        <SOURCEFIELD BUSINESSNAME ="" DATATYPE ="float" DESCRIPTION ="" FIELDNUMBER ="5" FIELDPROPERTY ="0" FIELDTYPE ="ELEMITEM" HIDDEN ="NO" KEYTYPE ="NOT A KEY" LENGTH ="24" LEVEL ="0" NAME ="Demand" NULLABLE ="NULL" OCCURS ="0" OFFSET ="48" PHYSICALLENGTH ="15" PHYSICALOFFSET ="71" PICTURETEXT ="" PRECISION ="15" SCALE ="0" USAGE_FLAGS =""/>
        <SOURCEFIELD BUSINESSNAME ="" DATATYPE ="float" DESCRIPTION ="" FIELDNUMBER ="6" FIELDPROPERTY ="0" FIELDTYPE ="ELEMITEM" HIDDEN ="NO" KEYTYPE ="NOT A KEY" LENGTH ="24" LEVEL ="0" NAME ="Fill_Rate" NULLABLE ="NULL" OCCURS ="0" OFFSET ="72" PHYSICALLENGTH ="15" PHYSICALOFFSET ="86" PICTURETEXT ="" PRECISION ="15" SCALE ="0" USAGE_FLAGS =""/>
        <SOURCEFIELD BUSINESSNAME ="" DATATYPE ="float" DESCRIPTION ="" FIELDNUMBER ="7" FIELDPROPERTY ="0" FIELDTYPE ="ELEMITEM" HIDDEN ="NO" KEYTYPE ="NOT A KEY" LENGTH ="24" LEVEL ="0" NAME ="Forecast_Error" NULLABLE ="NULL" OCCURS ="0" OFFSET ="96" PHYSICALLENGTH ="15" PHYSICALOFFSET ="101" PICTURETEXT ="" PRECISION ="15" SCALE ="0" USAGE_FLAGS =""/>
        <SOURCEFIELD BUSINESSNAME ="" DATATYPE ="int" DESCRIPTION ="" FIELDNUMBER ="8" FIELDPROPERTY ="0" FIELDTYPE ="ELEMITEM" HIDDEN ="NO" KEYTYPE ="NOT A KEY" LENGTH ="11" LEVEL ="0" NAME ="Lead_Time" NULLABLE ="NULL" OCCURS ="0" OFFSET ="120" PHYSICALLENGTH ="10" PHYSICALOFFSET ="116" PICTURETEXT ="" PRECISION ="10" SCALE ="0" USAGE_FLAGS =""/>
        <SOURCEFIELD BUSINESSNAME ="" DATATYPE ="float" DESCRIPTION ="" FIELDNUMBER ="9" FIELDPROPERTY ="0" FIELDTYPE ="ELEMITEM" HIDDEN ="NO" KEYTYPE ="NOT A KEY" LENGTH ="24" LEVEL ="0" NAME ="Pipeline_Inventory" NULLABLE ="NULL" OCCURS ="0" OFFSET ="131" PHYSICALLENGTH ="15" PHYSICALOFFSET ="126" PICTURETEXT ="" PRECISION ="15" SCALE ="0" USAGE_FLAGS =""/>
        <SOURCEFIELD BUSINESSNAME ="" DATATYPE ="float" DESCRIPTION ="" FIELDNUMBER ="10" FIELDPROPERTY ="0" FIELDTYPE ="ELEMITEM" HIDDEN ="NO" KEYTYPE ="NOT A KEY" LENGTH ="24" LEVEL ="0" NAME ="Receipt_Period_Demand" NULLABLE ="NULL" OCCURS ="0" OFFSET ="155" PHYSICALLENGTH ="15" PHYSICALOFFSET ="141" PICTURETEXT ="" PRECISION ="15" SCALE ="0" USAGE_FLAGS =""/>
        <SOURCEFIELD BUSINESSNAME ="" DATATYPE ="int" DESCRIPTION ="" FIELDNUMBER ="11" FIELDPROPERTY ="0" FIELDTYPE ="ELEMITEM" HIDDEN ="NO" KEYTYPE ="NOT A KEY" LENGTH ="11" LEVEL ="0" NAME ="Receipt_Period" NULLABLE ="NULL" OCCURS ="0" OFFSET ="179" PHYSICALLENGTH ="10" PHYSICALOFFSET ="156" PICTURETEXT ="" PRECISION ="10" SCALE ="0" USAGE_FLAGS =""/>
        <SOURCEFIELD BUSINESSNAME ="" DATATYPE ="varchar" DESCRIPTION ="" FIELDNUMBER ="12" FIELDPROPERTY ="0" FIELDTYPE ="ELEMITEM" HIDDEN ="NO" KEYTYPE ="NOT A KEY" LENGTH ="0" LEVEL ="0" NAME ="Reason_Code" NULLABLE ="NULL" OCCURS ="0" OFFSET ="190" PHYSICALLENGTH ="50" PHYSICALOFFSET ="166" PICTURETEXT ="" PRECISION ="50" SCALE ="0" USAGE_FLAGS =""/>
        <SOURCEFIELD BUSINESSNAME ="" DATATYPE ="float" DESCRIPTION ="" FIELDNUMBER ="13" FIELDPROPERTY ="0" FIELDTYPE ="ELEMITEM" HIDDEN ="NO" KEYTYPE ="NOT A KEY" LENGTH ="24" LEVEL ="0" NAME ="Safety_Stock" NULLABLE ="NULL" OCCURS ="0" OFFSET ="190" PHYSICALLENGTH ="15" PHYSICALOFFSET ="216" PICTURETEXT ="" PRECISION ="15" SCALE ="0" USAGE_FLAGS =""/>
        <SOURCEFIELD BUSINESSNAME ="" DATATYPE ="varchar" DESCRIPTION ="" FIELDNUMBER ="14" FIELDPROPERTY ="0" FIELDTYPE ="ELEMITEM" HIDDEN ="NO" KEYTYPE ="NOT A KEY" LENGTH ="0" LEVEL ="0" NAME ="Override_Comment" NULLABLE ="NULL" OCCURS ="0" OFFSET ="214" PHYSICALLENGTH ="255" PHYSICALOFFSET ="231" PICTURETEXT ="" PRECISION ="255" SCALE ="0" USAGE_FLAGS =""/>
        <SOURCEFIELD BUSINESSNAME ="" DATATYPE ="datetime2" DESCRIPTION ="" FIELDNUMBER ="15" FIELDPROPERTY ="0" FIELDTYPE ="ELEMITEM" HIDDEN ="NO" KEYTYPE ="NOT A KEY" LENGTH ="19" LEVEL ="0" NAME ="Start_Date" NULLABLE ="NOTNULL" OCCURS ="0" OFFSET ="214" PHYSICALLENGTH ="27" PHYSICALOFFSET ="486" PICTURETEXT ="" PRECISION ="27" SCALE ="7" USAGE_FLAGS =""/>
        <SOURCEFIELD BUSINESSNAME ="" DATATYPE ="datetime2" DESCRIPTION ="" FIELDNUMBER ="16" FIELDPROPERTY ="0" FIELDTYPE ="ELEMITEM" HIDDEN ="NO" KEYTYPE ="NOT A KEY" LENGTH ="19" LEVEL ="0" NAME ="End_Date" NULLABLE ="NOTNULL" OCCURS ="0" OFFSET ="233" PHYSICALLENGTH ="27" PHYSICALOFFSET ="513" PICTURETEXT ="" PRECISION ="27" SCALE ="7" USAGE_FLAGS =""/>
    </SOURCE>
    <TARGET BUSINESSNAME ="" CONSTRAINT ="" DATABASETYPE ="Microsoft SQL Server" DESCRIPTION ="" NAME ="Sur_AW_Dmd_Summary" OBJECTVERSION ="1" TABLEOPTIONS ="" VERSIONNUMBER ="1">
        <TARGETFIELD BUSINESSNAME ="" DATATYPE ="varchar" DESCRIPTION ="" FIELDNUMBER ="1" KEYTYPE ="NOT A KEY" NAME ="IPFA_SKU" NULLABLE ="NULL" PICTURETEXT ="" PRECISION ="31" SCALE ="0"/>
        <TARGETFIELD BUSINESSNAME ="" DATATYPE ="int" DESCRIPTION ="" FIELDNUMBER ="2" KEYTYPE ="NOT A KEY" NAME ="Rnk" NULLABLE ="NULL" PICTURETEXT ="" PRECISION ="10" SCALE ="0"/>
        <TARGETFIELD BUSINESSNAME ="" DATATYPE ="int" DESCRIPTION ="" FIELDNUMBER ="3" KEYTYPE ="NOT A KEY" NAME ="Fiscal_Mth" NULLABLE ="NULL" PICTURETEXT ="" PRECISION ="10" SCALE ="0"/>
        <TARGETFIELD BUSINESSNAME ="" DATATYPE ="varchar" DESCRIPTION ="" FIELDNUMBER ="4" KEYTYPE ="NOT A KEY" NAME ="6mo_Future_Mth" NULLABLE ="NULL" PICTURETEXT ="" PRECISION ="8" SCALE ="0"/>
        <TARGETFIELD BUSINESSNAME ="" DATATYPE ="varchar" DESCRIPTION ="" FIELDNUMBER ="5" KEYTYPE ="NOT A KEY" NAME ="9mo_Future_Mth" NULLABLE ="NULL" PICTURETEXT ="" PRECISION ="8" SCALE ="0"/>
        <TARGETFIELD BUSINESSNAME ="" DATATYPE ="float" DESCRIPTION ="" FIELDNUMBER ="6" KEYTYPE ="NOT A KEY" NAME ="Demand" NULLABLE ="NULL" PICTURETEXT ="" PRECISION ="15" SCALE ="0"/>
        <TARGETFIELD BUSINESSNAME ="" DATATYPE ="float" DESCRIPTION ="" FIELDNUMBER ="7" KEYTYPE ="NOT A KEY" NAME ="LEAD_TIME" NULLABLE ="NULL" PICTURETEXT ="" PRECISION ="15" SCALE ="0"/>
    </TARGET>
    <MAPPING DESCRIPTION ="This mapping used to load data in to aia.Sur_AW_Dmd_Summary table from dbo.dim_Week&#xD;&#xA;dbo.vw_tbl_IPFA_Data&#xD;&#xA;dbo.vw_tbl_BI_IPFA_Xref&#xD;&#xA;aia.Sur_TIL" ISVALID ="YES" NAME ="m_SUR_DMD_RAW_AW_LOAD" OBJECTVERSION ="1" VERSIONNUMBER ="1">
        <TRANSFORMATION DESCRIPTION ="Getting the required calculated data from DIM_WEEK" NAME ="EXP_DIM_WEEK" OBJECTVERSION ="1" REUSABLE ="NO" TYPE ="Expression" VERSIONNUMBER ="1">
            <TRANSFORMFIELD DATATYPE ="integer" DEFAULTVALUE ="" DESCRIPTION ="" EXPRESSION ="Fiscal_Mth" EXPRESSIONTYPE ="GENERAL" NAME ="Fiscal_Mth" PICTURETEXT ="" PORTTYPE ="INPUT/OUTPUT" PRECISION ="10" SCALE ="0"/>
            <TRANSFORMFIELD DATATYPE ="date/time" DEFAULTVALUE ="" DESCRIPTION ="" EXPRESSION ="As_of_Date" EXPRESSIONTYPE ="GENERAL" NAME ="As_of_Date" PICTURETEXT ="" PORTTYPE ="INPUT/OUTPUT" PRECISION ="29" SCALE ="9"/>
            <TRANSFORMFIELD DATATYPE ="string" DEFAULTVALUE ="" DESCRIPTION ="" EXPRESSION ="Ninemo_Future_Mth" EXPRESSIONTYPE ="GENERAL" NAME ="Ninemo_Future_Mth" PICTURETEXT ="" PORTTYPE ="INPUT/OUTPUT" PRECISION ="10" SCALE ="0"/>
            <TRANSFORMFIELD DATATYPE ="string" DEFAULTVALUE ="" DESCRIPTION ="" EXPRESSION ="Sixmo_Future_Mth" EXPRESSIONTYPE ="GENERAL" NAME ="Sixmo_Future_Mth" PICTURETEXT ="" PORTTYPE ="INPUT/OUTPUT" PRECISION ="10" SCALE ="0"/>
            <TRANSFORMFIELD DATATYPE ="integer" DEFAULTVALUE ="ERROR(&apos;transformation error&apos;)" DESCRIPTION ="" EXPRESSION ="1" EXPRESSIONTYPE ="GENERAL" NAME ="o_DUMMY" PICTURETEXT ="" PORTTYPE ="OUTPUT" PRECISION ="10" SCALE ="0"/>
            <TRANSFORMFIELD DATATYPE ="integer" DEFAULTVALUE ="" DESCRIPTION ="" EXPRESSION ="Rnk" EXPRESSIONTYPE ="GENERAL" NAME ="Rnk" PICTURETEXT ="" PORTTYPE ="INPUT/OUTPUT" PRECISION ="10" SCALE ="0"/>
            <TABLEATTRIBUTE NAME ="Tracing Level" VALUE ="Normal"/>
        </TRANSFORMATION>
        <TRANSFORMATION DESCRIPTION ="Joining table with DIm_week and dbo.vw_tbl_IPFA_Data&#xD;&#xA;dbo.vw_tbl_BI_IPFA_Xref" NAME ="JNR_IPFA_DATA" OBJECTVERSION ="1" REUSABLE ="NO" TYPE ="Joiner" VERSIONNUMBER ="1">
            <TRANSFORMFIELD DATATYPE ="integer" DEFAULTVALUE ="" DESCRIPTION ="" NAME ="Fiscal_Mth" PICTURETEXT ="" PORTTYPE ="INPUT/OUTPUT" PRECISION ="10" SCALE ="0"/>
            <TRANSFORMFIELD DATATYPE ="date/time" DEFAULTVALUE ="" DESCRIPTION ="" NAME ="As_of_Date" PICTURETEXT ="" PORTTYPE ="INPUT/OUTPUT" PRECISION ="29" SCALE ="9"/>
            <TRANSFORMFIELD DATATYPE ="string" DEFAULTVALUE ="" DESCRIPTION ="" NAME ="Ninemo_Future_Mth" PICTURETEXT ="" PORTTYPE ="INPUT/OUTPUT" PRECISION ="10" SCALE ="0"/>
            <TRANSFORMFIELD DATATYPE ="string" DEFAULTVALUE ="" DESCRIPTION ="" NAME ="Sixmo_Future_Mth" PICTURETEXT ="" PORTTYPE ="INPUT/OUTPUT" PRECISION ="10" SCALE ="0"/>
            <TRANSFORMFIELD DATATYPE ="string" DEFAULTVALUE ="" DESCRIPTION ="" NAME ="IPFA_SKU" PICTURETEXT ="" PORTTYPE ="INPUT/OUTPUT/MASTER" PRECISION ="31" SCALE ="0"/>
            <TRANSFORMFIELD DATATYPE ="date/time" DEFAULTVALUE ="" DESCRIPTION ="" NAME ="Start_Date" PICTURETEXT ="" PORTTYPE ="INPUT/OUTPUT/MASTER" PRECISION ="29" SCALE ="9"/>
            <TRANSFORMFIELD DATATYPE ="date/time" DEFAULTVALUE ="" DESCRIPTION ="" NAME ="End_Date" PICTURETEXT ="" PORTTYPE ="INPUT/OUTPUT/MASTER" PRECISION ="29" SCALE ="9"/>
            <TRANSFORMFIELD DATATYPE ="integer" DEFAULTVALUE ="" DESCRIPTION ="" NAME ="DUMMY" PICTURETEXT ="" PORTTYPE ="INPUT" PRECISION ="10" SCALE ="0"/>
            <TRANSFORMFIELD DATATYPE ="integer" DEFAULTVALUE ="" DESCRIPTION ="" NAME ="DUMMY1" PICTURETEXT ="" PORTTYPE ="INPUT/MASTER" PRECISION ="10" SCALE ="0"/>
            <TRANSFORMFIELD DATATYPE ="integer" DEFAULTVALUE ="" DESCRIPTION ="" NAME ="Rnk" PICTURETEXT ="" PORTTYPE ="INPUT/OUTPUT" PRECISION ="10" SCALE ="0"/>
            <TRANSFORMFIELD DATATYPE ="double" DEFAULTVALUE ="" DESCRIPTION ="" NAME ="Demand" PICTURETEXT ="" PORTTYPE ="INPUT/OUTPUT/MASTER" PRECISION ="15" SCALE ="0"/>
            <TABLEATTRIBUTE NAME ="Case Sensitive String Comparison" VALUE ="YES"/>
            <TABLEATTRIBUTE NAME ="Cache Directory" VALUE ="$PMCacheDir"/>
            <TABLEATTRIBUTE NAME ="Join Condition" VALUE ="DUMMY1 = DUMMY"/>
            <TABLEATTRIBUTE NAME ="Join Type" VALUE ="Normal Join"/>
            <TABLEATTRIBUTE NAME ="Null ordering in master" VALUE ="Null Is Highest Value"/>
            <TABLEATTRIBUTE NAME ="Null ordering in detail" VALUE ="Null Is Highest Value"/>
            <TABLEATTRIBUTE NAME ="Tracing Level" VALUE ="Normal"/>
            <TABLEATTRIBUTE NAME ="Joiner Data Cache Size" VALUE ="Auto"/>
            <TABLEATTRIBUTE NAME ="Joiner Index Cache Size" VALUE ="Auto"/>
            <TABLEATTRIBUTE NAME ="Sorted Input" VALUE ="NO"/>
            <TABLEATTRIBUTE NAME ="Master Sort Order" VALUE ="Auto"/>
            <TABLEATTRIBUTE NAME ="Transformation Scope" VALUE ="All Input"/>
        </TRANSFORMATION>
        <TRANSFORMATION DESCRIPTION ="SQ for Source" NAME ="SQ_vw_tbl_IPFA_Data" OBJECTVERSION ="1" REUSABLE ="NO" TYPE ="Source Qualifier" VERSIONNUMBER ="1">
            <TRANSFORMFIELD DATATYPE ="string" DEFAULTVALUE ="" DESCRIPTION ="" NAME ="IPFA_SKU" PICTURETEXT ="" PORTTYPE ="INPUT/OUTPUT" PRECISION ="31" SCALE ="0"/>
            <TRANSFORMFIELD DATATYPE ="date/time" DEFAULTVALUE ="" DESCRIPTION ="" NAME ="Start_Date" PICTURETEXT ="" PORTTYPE ="INPUT/OUTPUT" PRECISION ="29" SCALE ="9"/>
            <TRANSFORMFIELD DATATYPE ="date/time" DEFAULTVALUE ="" DESCRIPTION ="" NAME ="End_Date" PICTURETEXT ="" PORTTYPE ="INPUT/OUTPUT" PRECISION ="29" SCALE ="9"/>
            <TRANSFORMFIELD DATATYPE ="double" DEFAULTVALUE ="" DESCRIPTION ="" NAME ="Demand" PICTURETEXT ="" PORTTYPE ="INPUT/OUTPUT" PRECISION ="15" SCALE ="0"/>
            <TABLEATTRIBUTE NAME ="Sql Query" VALUE ="SELECT&#xD;&#xA;  C.IPFA_SKU,&#xD;&#xA;  C.Start_Date,&#xD;&#xA;  C.End_Date,&#xD;&#xA;  C.Demand&#xD;&#xA;FROM (SELECT DISTINCT&#xD;&#xA;  A.IPFA_SKU,&#xD;&#xA;  A.Start_Date,&#xD;&#xA;  A.End_Date,&#xD;&#xA;  A.Demand&#xD;&#xA;FROM dbo.vw_tbl_IPFA_Data A WITH (NOLOCK)&#xD;&#xA;INNER JOIN dbo.vw_tbl_BI_IPFA_Xref C&#xD;&#xA;  ON A.IPFA_SKU = COALESCE(C.IPFA_SKU, C.SKU)&#xD;&#xA;WHERE C.SBU_DESC IN (&apos;Seasonal Activewear&apos;, &apos;Replenishable Activewear&apos;, &apos;Champion Activewear&apos;)) C&#xD;&#xA;&#xD;&#xA;INNER JOIN (SELECT&#xD;&#xA;  A.IPFA_SKU&#xD;&#xA;FROM dbo.vw_tbl_IPFA_Data A WITH (NOLOCK)&#xD;&#xA;GROUP BY A.IPFA_SKU&#xD;&#xA;HAVING SUM(A.Demand) &gt; 0) D&#xD;&#xA;  ON (C.IPFA_SKU = D.IPFA_SKU)"/>
            <TABLEATTRIBUTE NAME ="User Defined Join" VALUE =""/>
            <TABLEATTRIBUTE NAME ="Source Filter" VALUE =""/>
            <TABLEATTRIBUTE NAME ="Number Of Sorted Ports" VALUE ="0"/>
            <TABLEATTRIBUTE NAME ="Tracing Level" VALUE ="Normal"/>
            <TABLEATTRIBUTE NAME ="Select Distinct" VALUE ="NO"/>
            <TABLEATTRIBUTE NAME ="Is Partitionable" VALUE ="NO"/>
            <TABLEATTRIBUTE NAME ="Pre SQL" VALUE =""/>
            <TABLEATTRIBUTE NAME ="Post SQL" VALUE =""/>
            <TABLEATTRIBUTE NAME ="Output is deterministic" VALUE ="NO"/>
            <TABLEATTRIBUTE NAME ="Output is repeatable" VALUE ="Never"/>
        </TRANSFORMATION>
        <TRANSFORMATION DESCRIPTION ="SQ for Source" NAME ="SQ_dim_Week" OBJECTVERSION ="1" REUSABLE ="NO" TYPE ="Source Qualifier" VERSIONNUMBER ="1">
            <TRANSFORMFIELD DATATYPE ="integer" DEFAULTVALUE ="" DESCRIPTION ="" NAME ="Fiscal_Mth" PICTURETEXT ="" PORTTYPE ="INPUT/OUTPUT" PRECISION ="10" SCALE ="0"/>
            <TRANSFORMFIELD DATATYPE ="date/time" DEFAULTVALUE ="" DESCRIPTION ="" NAME ="As_of_Date" PICTURETEXT ="" PORTTYPE ="INPUT/OUTPUT" PRECISION ="29" SCALE ="9"/>
            <TRANSFORMFIELD DATATYPE ="integer" DEFAULTVALUE ="" DESCRIPTION ="" NAME ="Rnk" PICTURETEXT ="" PORTTYPE ="INPUT/OUTPUT" PRECISION ="10" SCALE ="0"/>
            <TRANSFORMFIELD DATATYPE ="string" DEFAULTVALUE ="" DESCRIPTION ="" NAME ="Ninemo_Future_Mth" PICTURETEXT ="" PORTTYPE ="INPUT/OUTPUT" PRECISION ="10" SCALE ="0"/>
            <TRANSFORMFIELD DATATYPE ="string" DEFAULTVALUE ="" DESCRIPTION ="" NAME ="Sixmo_Future_Mth" PICTURETEXT ="" PORTTYPE ="INPUT/OUTPUT" PRECISION ="10" SCALE ="0"/>
            <TABLEATTRIBUTE NAME ="Sql Query" VALUE ="SELECT A.Fiscal_Mth, A.As_Of_Date, A.Rnk, LEFT(CONVERT(VARCHAR,DATEADD(MONTH,9,CAST((CAST(A.[FISCAL_MTH] as VARCHAR)+&apos;01&apos;) as DATE)),112),6) as [9mo_Future_Mth]&#xD;&#xA;&#x9;&#x9;&#x9;&#x9;, LEFT(CONVERT(VARCHAR,DATEADD(MONTH,6,CAST((CAST(A.[FISCAL_MTH] as VARCHAR)+&apos;01&apos;) as DATE)),112),6) as [6mo_Future_Mth]&#xD;&#xA;&#x9;&#x9;&#x9;&#x9;FROM&#xD;&#xA;&#x9;&#x9;(&#xD;&#xA;&#x9;&#x9;&#x9;SELECT TOP 9 [As_Of_Date], [Fiscal_Mth], CAST((RANK() OVER (ORDER BY [Fiscal_Mth] DESC)) as INT) as [Rnk]&#xD;&#xA;&#x9;&#x9;&#x9;FROM&#xD;&#xA;&#x9;&#x9;&#x9;(&#xD;&#xA;&#x9;&#x9;&#x9;&#x9;SELECT [AS_OF_DATE], [Fiscal_Mth]&#xD;&#xA;&#x9;&#x9;&#x9;&#x9;&#x9;, RANK() OVER (PARTITION BY [Fiscal_Mth] ORDER BY [AS_OF_DATE] DESC) as [Rnk]&#xD;&#xA;&#x9;&#x9;&#x9;&#x9;FROM [dbo].[dim_Week] WITH (NOLOCK)&#xD;&#xA;&#x9;&#x9;&#x9;&#x9;WHERE [AS_OF_DATE] &gt; DATEADD(MONTH,-9,CAST(DATEADD(d,-DATEPART(dw,GETDATE()),GETDATE()) as date)) &#xD;&#xA;&#x9;&#x9;&#x9;&#x9;&#x9;AND [Fiscal_Mth] &lt;&#xD;&#xA;&#x9;&#x9;&#x9;&#x9;&#x9;(--Current Fiscal Month&#xD;&#xA;&#x9;&#x9;&#x9;&#x9;&#x9;&#x9;SELECT [Fiscal_Mth]&#xD;&#xA;&#x9;&#x9;&#x9;&#x9;&#x9;&#x9;FROM [dbo].[dim_Week] WITH (NOLOCK)&#xD;&#xA;&#x9;&#x9;&#x9;&#x9;&#x9;&#x9;WHERE [AS_OF_DATE] = CAST(DATEADD(d,7-DATEPART(dw,GETDATE()),GETDATE()) as date)&#xD;&#xA;&#x9;&#x9;&#x9;&#x9;&#x9;) &#xD;&#xA;&#x9;&#x9;&#x9;) A&#xD;&#xA;&#x9;&#x9;&#x9;WHERE [Rnk] = 1&#xD;&#xA;&#x9;&#x9;&#x9;ORDER BY [AS_OF_DATE] DESC&#xD;&#xA;&#x9;&#x9;) A"/>
            <TABLEATTRIBUTE NAME ="User Defined Join" VALUE =""/>
            <TABLEATTRIBUTE NAME ="Source Filter" VALUE =""/>
            <TABLEATTRIBUTE NAME ="Number Of Sorted Ports" VALUE ="0"/>
            <TABLEATTRIBUTE NAME ="Tracing Level" VALUE ="Normal"/>
            <TABLEATTRIBUTE NAME ="Select Distinct" VALUE ="NO"/>
            <TABLEATTRIBUTE NAME ="Is Partitionable" VALUE ="NO"/>
            <TABLEATTRIBUTE NAME ="Pre SQL" VALUE =""/>
            <TABLEATTRIBUTE NAME ="Post SQL" VALUE =""/>
            <TABLEATTRIBUTE NAME ="Output is deterministic" VALUE ="NO"/>
            <TABLEATTRIBUTE NAME ="Output is repeatable" VALUE ="Never"/>
        </TRANSFORMATION>
        <TRANSFORMATION DESCRIPTION ="Required data from dbo.vw_tbl_IPFA_Data&#xD;&#xA;dbo.vw_tbl_BI_IPFA_Xref" NAME ="EXP_IPF_DATA" OBJECTVERSION ="1" REUSABLE ="NO" TYPE ="Expression" VERSIONNUMBER ="1">
            <TRANSFORMFIELD DATATYPE ="string" DEFAULTVALUE ="" DESCRIPTION ="" EXPRESSION ="IPFA_SKU" EXPRESSIONTYPE ="GENERAL" NAME ="IPFA_SKU" PICTURETEXT ="" PORTTYPE ="INPUT/OUTPUT" PRECISION ="31" SCALE ="0"/>
            <TRANSFORMFIELD DATATYPE ="date/time" DEFAULTVALUE ="" DESCRIPTION ="" EXPRESSION ="Start_Date" EXPRESSIONTYPE ="GENERAL" NAME ="Start_Date" PICTURETEXT ="" PORTTYPE ="INPUT/OUTPUT" PRECISION ="29" SCALE ="9"/>
            <TRANSFORMFIELD DATATYPE ="date/time" DEFAULTVALUE ="" DESCRIPTION ="" EXPRESSION ="End_Date" EXPRESSIONTYPE ="GENERAL" NAME ="End_Date" PICTURETEXT ="" PORTTYPE ="INPUT/OUTPUT" PRECISION ="29" SCALE ="9"/>
            <TRANSFORMFIELD DATATYPE ="integer" DEFAULTVALUE ="ERROR(&apos;transformation error&apos;)" DESCRIPTION ="" EXPRESSION ="1" EXPRESSIONTYPE ="GENERAL" NAME ="o_DUMMY" PICTURETEXT ="" PORTTYPE ="OUTPUT" PRECISION ="10" SCALE ="0"/>
            <TRANSFORMFIELD DATATYPE ="double" DEFAULTVALUE ="" DESCRIPTION ="" EXPRESSION ="Demand" EXPRESSIONTYPE ="GENERAL" NAME ="Demand" PICTURETEXT ="" PORTTYPE ="INPUT/OUTPUT" PRECISION ="15" SCALE ="0"/>
            <TABLEATTRIBUTE NAME ="Tracing Level" VALUE ="Normal"/>
        </TRANSFORMATION>
        <TRANSFORMATION DESCRIPTION ="Lookup on SUr_TIL for getting Lead time" NAME ="LKP_SUR_TIL" OBJECTVERSION ="1" REUSABLE ="NO" TYPE ="Lookup Procedure" VERSIONNUMBER ="1">
            <TRANSFORMFIELD DATATYPE ="string" DEFAULTVALUE ="" DESCRIPTION ="" NAME ="IPFA_SKU" PICTURETEXT ="" PORTTYPE ="LOOKUP" PRECISION ="50" SCALE ="0"/>
            <TRANSFORMFIELD DATATYPE ="double" DEFAULTVALUE ="" DESCRIPTION ="" NAME ="Lead_Time" PICTURETEXT ="" PORTTYPE ="LOOKUP/RETURN/OUTPUT" PRECISION ="15" SCALE ="0"/>
            <TRANSFORMFIELD DATATYPE ="string" DEFAULTVALUE ="" DESCRIPTION ="" NAME ="IPFA_SKU1" PICTURETEXT ="" PORTTYPE ="INPUT" PRECISION ="31" SCALE ="0"/>
            <TABLEATTRIBUTE NAME ="Lookup Sql Override" VALUE ="SELECT Sur_TIL.Lead_Time as Lead_Time, Sur_TIL.IPFA_SKU as IPFA_SKU &#xD;&#xA;FROM aia.Sur_TIL Sur_TIL  WITH (NOLOCK)"/>
            <TABLEATTRIBUTE NAME ="Lookup table name" VALUE ="Sur_TIL"/>
            <TABLEATTRIBUTE NAME ="Lookup Source Filter" VALUE =""/>
            <TABLEATTRIBUTE NAME ="Lookup caching enabled" VALUE ="YES"/>
            <TABLEATTRIBUTE NAME ="Lookup policy on multiple match" VALUE ="Use Any Value"/>
            <TABLEATTRIBUTE NAME ="Lookup condition" VALUE ="IPFA_SKU = IPFA_SKU1"/>
            <TABLEATTRIBUTE NAME ="Connection Information" VALUE ="$Target"/>
            <TABLEATTRIBUTE NAME ="Source Type" VALUE ="Database"/>
            <TABLEATTRIBUTE NAME ="Recache if Stale" VALUE ="NO"/>
            <TABLEATTRIBUTE NAME ="Tracing Level" VALUE ="Normal"/>
            <TABLEATTRIBUTE NAME ="Lookup cache directory name" VALUE ="$PMCacheDir"/>
            <TABLEATTRIBUTE NAME ="Lookup cache initialize" VALUE ="NO"/>
            <TABLEATTRIBUTE NAME ="Lookup cache persistent" VALUE ="NO"/>
            <TABLEATTRIBUTE NAME ="Lookup Data Cache Size" VALUE ="Auto"/>
            <TABLEATTRIBUTE NAME ="Lookup Index Cache Size" VALUE ="Auto"/>
            <TABLEATTRIBUTE NAME ="Dynamic Lookup Cache" VALUE ="NO"/>
            <TABLEATTRIBUTE NAME ="Synchronize Dynamic Cache" VALUE ="NO"/>
            <TABLEATTRIBUTE NAME ="Output Old Value On Update" VALUE ="NO"/>
            <TABLEATTRIBUTE NAME ="Update Dynamic Cache Condition" VALUE ="TRUE"/>
            <TABLEATTRIBUTE NAME ="Cache File Name Prefix" VALUE =""/>
            <TABLEATTRIBUTE NAME ="Re-cache from lookup source" VALUE ="NO"/>
            <TABLEATTRIBUTE NAME ="Insert Else Update" VALUE ="NO"/>
            <TABLEATTRIBUTE NAME ="Update Else Insert" VALUE ="NO"/>
            <TABLEATTRIBUTE NAME ="Datetime Format" VALUE =""/>
            <TABLEATTRIBUTE NAME ="Thousand Separator" VALUE ="None"/>
            <TABLEATTRIBUTE NAME ="Decimal Separator" VALUE ="."/>
            <TABLEATTRIBUTE NAME ="Case Sensitive String Comparison" VALUE ="NO"/>
            <TABLEATTRIBUTE NAME ="Null ordering" VALUE ="Null Is Highest Value"/>
            <TABLEATTRIBUTE NAME ="Sorted Input" VALUE ="NO"/>
            <TABLEATTRIBUTE NAME ="Lookup source is static" VALUE ="NO"/>
            <TABLEATTRIBUTE NAME ="Pre-build lookup cache" VALUE ="Auto"/>
            <TABLEATTRIBUTE NAME ="Subsecond Precision" VALUE ="6"/>
        </TRANSFORMATION>
        <TRANSFORMATION DESCRIPTION ="Getting all data which moving to target after getting lead time from lookup" NAME ="EXP_TARGET_LD" OBJECTVERSION ="1" REUSABLE ="NO" TYPE ="Expression" VERSIONNUMBER ="1">
            <TRANSFORMFIELD DATATYPE ="string" DEFAULTVALUE ="" DESCRIPTION ="" EXPRESSION ="IPFA_SKU" EXPRESSIONTYPE ="GENERAL" NAME ="IPFA_SKU" PICTURETEXT ="" PORTTYPE ="INPUT/OUTPUT" PRECISION ="31" SCALE ="0"/>
            <TRANSFORMFIELD DATATYPE ="integer" DEFAULTVALUE ="" DESCRIPTION ="" EXPRESSION ="Rnk" EXPRESSIONTYPE ="GENERAL" NAME ="Rnk" PICTURETEXT ="" PORTTYPE ="INPUT/OUTPUT" PRECISION ="10" SCALE ="0"/>
            <TRANSFORMFIELD DATATYPE ="integer" DEFAULTVALUE ="" DESCRIPTION ="" EXPRESSION ="Fiscal_Mth" EXPRESSIONTYPE ="GENERAL" NAME ="Fiscal_Mth" PICTURETEXT ="" PORTTYPE ="INPUT/OUTPUT" PRECISION ="10" SCALE ="0"/>
            <TRANSFORMFIELD DATATYPE ="string" DEFAULTVALUE ="" DESCRIPTION ="" EXPRESSION ="Ninemo_Future_Mth" EXPRESSIONTYPE ="GENERAL" NAME ="Ninemo_Future_Mth" PICTURETEXT ="" PORTTYPE ="INPUT/OUTPUT" PRECISION ="10" SCALE ="0"/>
            <TRANSFORMFIELD DATATYPE ="string" DEFAULTVALUE ="" DESCRIPTION ="" EXPRESSION ="Sixmo_Future_Mth" EXPRESSIONTYPE ="GENERAL" NAME ="Sixmo_Future_Mth" PICTURETEXT ="" PORTTYPE ="INPUT/OUTPUT" PRECISION ="10" SCALE ="0"/>
            <TRANSFORMFIELD DATATYPE ="double" DEFAULTVALUE ="" DESCRIPTION ="" EXPRESSION ="Demand" EXPRESSIONTYPE ="GENERAL" NAME ="Demand" PICTURETEXT ="" PORTTYPE ="INPUT/OUTPUT" PRECISION ="15" SCALE ="0"/>
            <TRANSFORMFIELD DATATYPE ="double" DEFAULTVALUE ="" DESCRIPTION ="" EXPRESSION ="Lead_Time" EXPRESSIONTYPE ="GENERAL" NAME ="Lead_Time" PICTURETEXT ="" PORTTYPE ="INPUT/OUTPUT" PRECISION ="15" SCALE ="0"/>
            <TABLEATTRIBUTE NAME ="Tracing Level" VALUE ="Normal"/>
        </TRANSFORMATION>
        <TRANSFORMATION DESCRIPTION ="Getting all data after joining required tables" NAME ="EXP_ALL_DATA" OBJECTVERSION ="1" REUSABLE ="NO" TYPE ="Expression" VERSIONNUMBER ="1">
            <TRANSFORMFIELD DATATYPE ="integer" DEFAULTVALUE ="" DESCRIPTION ="" EXPRESSION ="Fiscal_Mth" EXPRESSIONTYPE ="GENERAL" NAME ="Fiscal_Mth" PICTURETEXT ="" PORTTYPE ="INPUT/OUTPUT" PRECISION ="10" SCALE ="0"/>
            <TRANSFORMFIELD DATATYPE ="date/time" DEFAULTVALUE ="" DESCRIPTION ="" EXPRESSION ="As_of_Date" EXPRESSIONTYPE ="GENERAL" NAME ="As_of_Date" PICTURETEXT ="" PORTTYPE ="INPUT/OUTPUT" PRECISION ="29" SCALE ="9"/>
            <TRANSFORMFIELD DATATYPE ="string" DEFAULTVALUE ="" DESCRIPTION ="" EXPRESSION ="Ninemo_Future_Mth" EXPRESSIONTYPE ="GENERAL" NAME ="Ninemo_Future_Mth" PICTURETEXT ="" PORTTYPE ="INPUT/OUTPUT" PRECISION ="10" SCALE ="0"/>
            <TRANSFORMFIELD DATATYPE ="string" DEFAULTVALUE ="" DESCRIPTION ="" EXPRESSION ="Sixmo_Future_Mth" EXPRESSIONTYPE ="GENERAL" NAME ="Sixmo_Future_Mth" PICTURETEXT ="" PORTTYPE ="INPUT/OUTPUT" PRECISION ="10" SCALE ="0"/>
            <TRANSFORMFIELD DATATYPE ="string" DEFAULTVALUE ="" DESCRIPTION ="" EXPRESSION ="IPFA_SKU" EXPRESSIONTYPE ="GENERAL" NAME ="IPFA_SKU" PICTURETEXT ="" PORTTYPE ="INPUT/OUTPUT" PRECISION ="31" SCALE ="0"/>
            <TRANSFORMFIELD DATATYPE ="date/time" DEFAULTVALUE ="" DESCRIPTION ="" EXPRESSION ="Start_Date" EXPRESSIONTYPE ="GENERAL" NAME ="Start_Date" PICTURETEXT ="" PORTTYPE ="INPUT/OUTPUT" PRECISION ="29" SCALE ="9"/>
            <TRANSFORMFIELD DATATYPE ="date/time" DEFAULTVALUE ="" DESCRIPTION ="" EXPRESSION ="End_Date" EXPRESSIONTYPE ="GENERAL" NAME ="End_Date" PICTURETEXT ="" PORTTYPE ="INPUT/OUTPUT" PRECISION ="29" SCALE ="9"/>
            <TRANSFORMFIELD DATATYPE ="integer" DEFAULTVALUE ="ERROR(&apos;transformation error&apos;)" DESCRIPTION ="" EXPRESSION ="IIF((As_of_Date &gt;= trunc(Start_Date) ) and (As_of_Date &lt;= trunc(End_Date)),1,0)&#xD;&#xA;&#xD;&#xA;&#xD;&#xA;--IIF(DATE_COMPARE(As_of_Date,TRUNC(Start_Date)) = 1 AND DATE_COMPARE(As_of_Date,TRUNC(End_Date))  != 1, 1, 0)" EXPRESSIONTYPE ="GENERAL" NAME ="o_FLAG" PICTURETEXT ="" PORTTYPE ="OUTPUT" PRECISION ="10" SCALE ="0"/>
            <TRANSFORMFIELD DATATYPE ="integer" DEFAULTVALUE ="" DESCRIPTION ="" EXPRESSION ="Rnk" EXPRESSIONTYPE ="GENERAL" NAME ="Rnk" PICTURETEXT ="" PORTTYPE ="INPUT/OUTPUT" PRECISION ="10" SCALE ="0"/>
            <TRANSFORMFIELD DATATYPE ="double" DEFAULTVALUE ="" DESCRIPTION ="" EXPRESSION ="Demand" EXPRESSIONTYPE ="GENERAL" NAME ="Demand" PICTURETEXT ="" PORTTYPE ="INPUT/OUTPUT" PRECISION ="15" SCALE ="0"/>
            <TABLEATTRIBUTE NAME ="Tracing Level" VALUE ="Normal"/>
        </TRANSFORMATION>
        <TRANSFORMATION DESCRIPTION ="Filtering as_of_date based on start date and end date" NAME ="FL_AS_OF_DATE" OBJECTVERSION ="1" REUSABLE ="NO" TYPE ="Filter" VERSIONNUMBER ="1">
            <TRANSFORMFIELD DATATYPE ="integer" DEFAULTVALUE ="" DESCRIPTION ="" NAME ="Fiscal_Mth" PICTURETEXT ="" PORTTYPE ="INPUT/OUTPUT" PRECISION ="10" SCALE ="0"/>
            <TRANSFORMFIELD DATATYPE ="date/time" DEFAULTVALUE ="" DESCRIPTION ="" NAME ="As_of_Date" PICTURETEXT ="" PORTTYPE ="INPUT/OUTPUT" PRECISION ="29" SCALE ="9"/>
            <TRANSFORMFIELD DATATYPE ="string" DEFAULTVALUE ="" DESCRIPTION ="" NAME ="Ninemo_Future_Mth" PICTURETEXT ="" PORTTYPE ="INPUT/OUTPUT" PRECISION ="10" SCALE ="0"/>
            <TRANSFORMFIELD DATATYPE ="string" DEFAULTVALUE ="" DESCRIPTION ="" NAME ="Sixmo_Future_Mth" PICTURETEXT ="" PORTTYPE ="INPUT/OUTPUT" PRECISION ="10" SCALE ="0"/>
            <TRANSFORMFIELD DATATYPE ="string" DEFAULTVALUE ="" DESCRIPTION ="" NAME ="IPFA_SKU" PICTURETEXT ="" PORTTYPE ="INPUT/OUTPUT" PRECISION ="31" SCALE ="0"/>
            <TRANSFORMFIELD DATATYPE ="integer" DEFAULTVALUE ="" DESCRIPTION ="" NAME ="FLAG" PICTURETEXT ="" PORTTYPE ="INPUT/OUTPUT" PRECISION ="10" SCALE ="0"/>
            <TRANSFORMFIELD DATATYPE ="integer" DEFAULTVALUE ="" DESCRIPTION ="" NAME ="Rnk" PICTURETEXT ="" PORTTYPE ="INPUT/OUTPUT" PRECISION ="10" SCALE ="0"/>
            <TRANSFORMFIELD DATATYPE ="double" DEFAULTVALUE ="" DESCRIPTION ="" NAME ="Demand" PICTURETEXT ="" PORTTYPE ="INPUT/OUTPUT" PRECISION ="15" SCALE ="0"/>
            <TABLEATTRIBUTE NAME ="Filter Condition" VALUE ="FLAG=1"/>
            <TABLEATTRIBUTE NAME ="Tracing Level" VALUE ="Normal"/>
        </TRANSFORMATION>
        <INSTANCE DESCRIPTION ="Target Defintion" NAME ="Sur_AW_Dmd_Summary" TRANSFORMATION_NAME ="Sur_AW_Dmd_Summary" TRANSFORMATION_TYPE ="Target Definition" TYPE ="TARGET"/>
        <INSTANCE DBDNAME ="SQLD1BUS16_D1BUS16" DESCRIPTION ="Source Defintion" NAME ="vw_tbl_IPFA_Data" TRANSFORMATION_NAME ="vw_tbl_IPFA_Data" TRANSFORMATION_TYPE ="Source Definition" TYPE ="SOURCE"/>
        <INSTANCE DBDNAME ="SQLD1BUS16_D1BUS16" DESCRIPTION ="Source Defintion" NAME ="dim_Week" TRANSFORMATION_NAME ="dim_Week" TRANSFORMATION_TYPE ="Source Definition" TYPE ="SOURCE"/>
        <INSTANCE DESCRIPTION ="Getting the required calculated data from DIM_WEEK" NAME ="EXP_DIM_WEEK" REUSABLE ="NO" TRANSFORMATION_NAME ="EXP_DIM_WEEK" TRANSFORMATION_TYPE ="Expression" TYPE ="TRANSFORMATION"/>
        <INSTANCE DESCRIPTION ="Joining table with DIm_week and dbo.vw_tbl_IPFA_Data&#xD;&#xA;dbo.vw_tbl_BI_IPFA_Xref" NAME ="JNR_IPFA_DATA" REUSABLE ="NO" TRANSFORMATION_NAME ="JNR_IPFA_DATA" TRANSFORMATION_TYPE ="Joiner" TYPE ="TRANSFORMATION"/>
        <INSTANCE DESCRIPTION ="SQ for Source" NAME ="SQ_vw_tbl_IPFA_Data" REUSABLE ="NO" TRANSFORMATION_NAME ="SQ_vw_tbl_IPFA_Data" TRANSFORMATION_TYPE ="Source Qualifier" TYPE ="TRANSFORMATION">
            <ASSOCIATED_SOURCE_INSTANCE NAME ="vw_tbl_IPFA_Data"/>
        </INSTANCE>
        <INSTANCE DESCRIPTION ="SQ for Source" NAME ="SQ_dim_Week" REUSABLE ="NO" TRANSFORMATION_NAME ="SQ_dim_Week" TRANSFORMATION_TYPE ="Source Qualifier" TYPE ="TRANSFORMATION">
            <ASSOCIATED_SOURCE_INSTANCE NAME ="dim_Week"/>
        </INSTANCE>
        <INSTANCE DESCRIPTION ="Required data from dbo.vw_tbl_IPFA_Data&#xD;&#xA;dbo.vw_tbl_BI_IPFA_Xref" NAME ="EXP_IPF_DATA" REUSABLE ="NO" TRANSFORMATION_NAME ="EXP_IPF_DATA" TRANSFORMATION_TYPE ="Expression" TYPE ="TRANSFORMATION"/>
        <INSTANCE DESCRIPTION ="Lookup on SUr_TIL for getting Lead time" NAME ="LKP_SUR_TIL" REUSABLE ="NO" TRANSFORMATION_NAME ="LKP_SUR_TIL" TRANSFORMATION_TYPE ="Lookup Procedure" TYPE ="TRANSFORMATION"/>
        <INSTANCE DESCRIPTION ="Getting all data which moving to target after getting lead time from lookup" NAME ="EXP_TARGET_LD" REUSABLE ="NO" TRANSFORMATION_NAME ="EXP_TARGET_LD" TRANSFORMATION_TYPE ="Expression" TYPE ="TRANSFORMATION"/>
        <INSTANCE DESCRIPTION ="Getting all data after joining required tables" NAME ="EXP_ALL_DATA" REUSABLE ="NO" TRANSFORMATION_NAME ="EXP_ALL_DATA" TRANSFORMATION_TYPE ="Expression" TYPE ="TRANSFORMATION"/>
        <INSTANCE DESCRIPTION ="Filtering as_of_date based on start date and end date" NAME ="FL_AS_OF_DATE" REUSABLE ="NO" TRANSFORMATION_NAME ="FL_AS_OF_DATE" TRANSFORMATION_TYPE ="Filter" TYPE ="TRANSFORMATION"/>
        <CONNECTOR FROMFIELD ="Fiscal_Mth" FROMINSTANCE ="EXP_TARGET_LD" FROMINSTANCETYPE ="Expression" TOFIELD ="Fiscal_Mth" TOINSTANCE ="Sur_AW_Dmd_Summary" TOINSTANCETYPE ="Target Definition"/>
        <CONNECTOR FROMFIELD ="Demand" FROMINSTANCE ="EXP_TARGET_LD" FROMINSTANCETYPE ="Expression" TOFIELD ="Demand" TOINSTANCE ="Sur_AW_Dmd_Summary" TOINSTANCETYPE ="Target Definition"/>
        <CONNECTOR FROMFIELD ="Lead_Time" FROMINSTANCE ="EXP_TARGET_LD" FROMINSTANCETYPE ="Expression" TOFIELD ="LEAD_TIME" TOINSTANCE ="Sur_AW_Dmd_Summary" TOINSTANCETYPE ="Target Definition"/>
        <CONNECTOR FROMFIELD ="Sixmo_Future_Mth" FROMINSTANCE ="EXP_TARGET_LD" FROMINSTANCETYPE ="Expression" TOFIELD ="6mo_Future_Mth" TOINSTANCE ="Sur_AW_Dmd_Summary" TOINSTANCETYPE ="Target Definition"/>
        <CONNECTOR FROMFIELD ="Ninemo_Future_Mth" FROMINSTANCE ="EXP_TARGET_LD" FROMINSTANCETYPE ="Expression" TOFIELD ="9mo_Future_Mth" TOINSTANCE ="Sur_AW_Dmd_Summary" TOINSTANCETYPE ="Target Definition"/>
        <CONNECTOR FROMFIELD ="IPFA_SKU" FROMINSTANCE ="EXP_TARGET_LD" FROMINSTANCETYPE ="Expression" TOFIELD ="IPFA_SKU" TOINSTANCE ="Sur_AW_Dmd_Summary" TOINSTANCETYPE ="Target Definition"/>
        <CONNECTOR FROMFIELD ="Rnk" FROMINSTANCE ="EXP_TARGET_LD" FROMINSTANCETYPE ="Expression" TOFIELD ="Rnk" TOINSTANCE ="Sur_AW_Dmd_Summary" TOINSTANCETYPE ="Target Definition"/>
        <CONNECTOR FROMFIELD ="IPFA_SKU" FROMINSTANCE ="vw_tbl_IPFA_Data" FROMINSTANCETYPE ="Source Definition" TOFIELD ="IPFA_SKU" TOINSTANCE ="SQ_vw_tbl_IPFA_Data" TOINSTANCETYPE ="Source Qualifier"/>
        <CONNECTOR FROMFIELD ="Demand" FROMINSTANCE ="vw_tbl_IPFA_Data" FROMINSTANCETYPE ="Source Definition" TOFIELD ="Demand" TOINSTANCE ="SQ_vw_tbl_IPFA_Data" TOINSTANCETYPE ="Source Qualifier"/>
        <CONNECTOR FROMFIELD ="Start_Date" FROMINSTANCE ="vw_tbl_IPFA_Data" FROMINSTANCETYPE ="Source Definition" TOFIELD ="Start_Date" TOINSTANCE ="SQ_vw_tbl_IPFA_Data" TOINSTANCETYPE ="Source Qualifier"/>
        <CONNECTOR FROMFIELD ="End_Date" FROMINSTANCE ="vw_tbl_IPFA_Data" FROMINSTANCETYPE ="Source Definition" TOFIELD ="End_Date" TOINSTANCE ="SQ_vw_tbl_IPFA_Data" TOINSTANCETYPE ="Source Qualifier"/>
        <CONNECTOR FROMFIELD ="Fiscal_Mth" FROMINSTANCE ="dim_Week" FROMINSTANCETYPE ="Source Definition" TOFIELD ="Fiscal_Mth" TOINSTANCE ="SQ_dim_Week" TOINSTANCETYPE ="Source Qualifier"/>
        <CONNECTOR FROMFIELD ="As_of_Date" FROMINSTANCE ="dim_Week" FROMINSTANCETYPE ="Source Definition" TOFIELD ="As_of_Date" TOINSTANCE ="SQ_dim_Week" TOINSTANCETYPE ="Source Qualifier"/>
        <CONNECTOR FROMFIELD ="Retail_Month_Febfy" FROMINSTANCE ="dim_Week" FROMINSTANCETYPE ="Source Definition" TOFIELD ="Rnk" TOINSTANCE ="SQ_dim_Week" TOINSTANCETYPE ="Source Qualifier"/>
        <CONNECTOR FROMFIELD ="Fiscal_Yr_Label" FROMINSTANCE ="dim_Week" FROMINSTANCETYPE ="Source Definition" TOFIELD ="Ninemo_Future_Mth" TOINSTANCE ="SQ_dim_Week" TOINSTANCETYPE ="Source Qualifier"/>
        <CONNECTOR FROMFIELD ="Fiscal_Yr_Label" FROMINSTANCE ="dim_Week" FROMINSTANCETYPE ="Source Definition" TOFIELD ="Sixmo_Future_Mth" TOINSTANCE ="SQ_dim_Week" TOINSTANCETYPE ="Source Qualifier"/>
        <CONNECTOR FROMFIELD ="Fiscal_Mth" FROMINSTANCE ="EXP_DIM_WEEK" FROMINSTANCETYPE ="Expression" TOFIELD ="Fiscal_Mth" TOINSTANCE ="JNR_IPFA_DATA" TOINSTANCETYPE ="Joiner"/>
        <CONNECTOR FROMFIELD ="As_of_Date" FROMINSTANCE ="EXP_DIM_WEEK" FROMINSTANCETYPE ="Expression" TOFIELD ="As_of_Date" TOINSTANCE ="JNR_IPFA_DATA" TOINSTANCETYPE ="Joiner"/>
        <CONNECTOR FROMFIELD ="Ninemo_Future_Mth" FROMINSTANCE ="EXP_DIM_WEEK" FROMINSTANCETYPE ="Expression" TOFIELD ="Ninemo_Future_Mth" TOINSTANCE ="JNR_IPFA_DATA" TOINSTANCETYPE ="Joiner"/>
        <CONNECTOR FROMFIELD ="Sixmo_Future_Mth" FROMINSTANCE ="EXP_DIM_WEEK" FROMINSTANCETYPE ="Expression" TOFIELD ="Sixmo_Future_Mth" TOINSTANCE ="JNR_IPFA_DATA" TOINSTANCETYPE ="Joiner"/>
        <CONNECTOR FROMFIELD ="o_DUMMY" FROMINSTANCE ="EXP_DIM_WEEK" FROMINSTANCETYPE ="Expression" TOFIELD ="DUMMY" TOINSTANCE ="JNR_IPFA_DATA" TOINSTANCETYPE ="Joiner"/>
        <CONNECTOR FROMFIELD ="Rnk" FROMINSTANCE ="EXP_DIM_WEEK" FROMINSTANCETYPE ="Expression" TOFIELD ="Rnk" TOINSTANCE ="JNR_IPFA_DATA" TOINSTANCETYPE ="Joiner"/>
        <CONNECTOR FROMFIELD ="Fiscal_Mth" FROMINSTANCE ="SQ_dim_Week" FROMINSTANCETYPE ="Source Qualifier" TOFIELD ="Fiscal_Mth" TOINSTANCE ="EXP_DIM_WEEK" TOINSTANCETYPE ="Expression"/>
        <CONNECTOR FROMFIELD ="As_of_Date" FROMINSTANCE ="SQ_dim_Week" FROMINSTANCETYPE ="Source Qualifier" TOFIELD ="As_of_Date" TOINSTANCE ="EXP_DIM_WEEK" TOINSTANCETYPE ="Expression"/>
        <CONNECTOR FROMFIELD ="Ninemo_Future_Mth" FROMINSTANCE ="SQ_dim_Week" FROMINSTANCETYPE ="Source Qualifier" TOFIELD ="Ninemo_Future_Mth" TOINSTANCE ="EXP_DIM_WEEK" TOINSTANCETYPE ="Expression"/>
        <CONNECTOR FROMFIELD ="Sixmo_Future_Mth" FROMINSTANCE ="SQ_dim_Week" FROMINSTANCETYPE ="Source Qualifier" TOFIELD ="Sixmo_Future_Mth" TOINSTANCE ="EXP_DIM_WEEK" TOINSTANCETYPE ="Expression"/>
        <CONNECTOR FROMFIELD ="Rnk" FROMINSTANCE ="SQ_dim_Week" FROMINSTANCETYPE ="Source Qualifier" TOFIELD ="Rnk" TOINSTANCE ="EXP_DIM_WEEK" TOINSTANCETYPE ="Expression"/>
        <CONNECTOR FROMFIELD ="IPFA_SKU" FROMINSTANCE ="EXP_IPF_DATA" FROMINSTANCETYPE ="Expression" TOFIELD ="IPFA_SKU" TOINSTANCE ="JNR_IPFA_DATA" TOINSTANCETYPE ="Joiner"/>
        <CONNECTOR FROMFIELD ="Start_Date" FROMINSTANCE ="EXP_IPF_DATA" FROMINSTANCETYPE ="Expression" TOFIELD ="Start_Date" TOINSTANCE ="JNR_IPFA_DATA" TOINSTANCETYPE ="Joiner"/>
        <CONNECTOR FROMFIELD ="End_Date" FROMINSTANCE ="EXP_IPF_DATA" FROMINSTANCETYPE ="Expression" TOFIELD ="End_Date" TOINSTANCE ="JNR_IPFA_DATA" TOINSTANCETYPE ="Joiner"/>
        <CONNECTOR FROMFIELD ="o_DUMMY" FROMINSTANCE ="EXP_IPF_DATA" FROMINSTANCETYPE ="Expression" TOFIELD ="DUMMY1" TOINSTANCE ="JNR_IPFA_DATA" TOINSTANCETYPE ="Joiner"/>
        <CONNECTOR FROMFIELD ="Demand" FROMINSTANCE ="EXP_IPF_DATA" FROMINSTANCETYPE ="Expression" TOFIELD ="Demand" TOINSTANCE ="JNR_IPFA_DATA" TOINSTANCETYPE ="Joiner"/>
        <CONNECTOR FROMFIELD ="Fiscal_Mth" FROMINSTANCE ="JNR_IPFA_DATA" FROMINSTANCETYPE ="Joiner" TOFIELD ="Fiscal_Mth" TOINSTANCE ="EXP_ALL_DATA" TOINSTANCETYPE ="Expression"/>
        <CONNECTOR FROMFIELD ="As_of_Date" FROMINSTANCE ="JNR_IPFA_DATA" FROMINSTANCETYPE ="Joiner" TOFIELD ="As_of_Date" TOINSTANCE ="EXP_ALL_DATA" TOINSTANCETYPE ="Expression"/>
        <CONNECTOR FROMFIELD ="Ninemo_Future_Mth" FROMINSTANCE ="JNR_IPFA_DATA" FROMINSTANCETYPE ="Joiner" TOFIELD ="Ninemo_Future_Mth" TOINSTANCE ="EXP_ALL_DATA" TOINSTANCETYPE ="Expression"/>
        <CONNECTOR FROMFIELD ="Sixmo_Future_Mth" FROMINSTANCE ="JNR_IPFA_DATA" FROMINSTANCETYPE ="Joiner" TOFIELD ="Sixmo_Future_Mth" TOINSTANCE ="EXP_ALL_DATA" TOINSTANCETYPE ="Expression"/>
        <CONNECTOR FROMFIELD ="IPFA_SKU" FROMINSTANCE ="JNR_IPFA_DATA" FROMINSTANCETYPE ="Joiner" TOFIELD ="IPFA_SKU" TOINSTANCE ="EXP_ALL_DATA" TOINSTANCETYPE ="Expression"/>
        <CONNECTOR FROMFIELD ="Start_Date" FROMINSTANCE ="JNR_IPFA_DATA" FROMINSTANCETYPE ="Joiner" TOFIELD ="Start_Date" TOINSTANCE ="EXP_ALL_DATA" TOINSTANCETYPE ="Expression"/>
        <CONNECTOR FROMFIELD ="End_Date" FROMINSTANCE ="JNR_IPFA_DATA" FROMINSTANCETYPE ="Joiner" TOFIELD ="End_Date" TOINSTANCE ="EXP_ALL_DATA" TOINSTANCETYPE ="Expression"/>
        <CONNECTOR FROMFIELD ="Rnk" FROMINSTANCE ="JNR_IPFA_DATA" FROMINSTANCETYPE ="Joiner" TOFIELD ="Rnk" TOINSTANCE ="EXP_ALL_DATA" TOINSTANCETYPE ="Expression"/>
        <CONNECTOR FROMFIELD ="Demand" FROMINSTANCE ="JNR_IPFA_DATA" FROMINSTANCETYPE ="Joiner" TOFIELD ="Demand" TOINSTANCE ="EXP_ALL_DATA" TOINSTANCETYPE ="Expression"/>
        <CONNECTOR FROMFIELD ="IPFA_SKU" FROMINSTANCE ="SQ_vw_tbl_IPFA_Data" FROMINSTANCETYPE ="Source Qualifier" TOFIELD ="IPFA_SKU" TOINSTANCE ="EXP_IPF_DATA" TOINSTANCETYPE ="Expression"/>
        <CONNECTOR FROMFIELD ="Start_Date" FROMINSTANCE ="SQ_vw_tbl_IPFA_Data" FROMINSTANCETYPE ="Source Qualifier" TOFIELD ="Start_Date" TOINSTANCE ="EXP_IPF_DATA" TOINSTANCETYPE ="Expression"/>
        <CONNECTOR FROMFIELD ="End_Date" FROMINSTANCE ="SQ_vw_tbl_IPFA_Data" FROMINSTANCETYPE ="Source Qualifier" TOFIELD ="End_Date" TOINSTANCE ="EXP_IPF_DATA" TOINSTANCETYPE ="Expression"/>
        <CONNECTOR FROMFIELD ="Demand" FROMINSTANCE ="SQ_vw_tbl_IPFA_Data" FROMINSTANCETYPE ="Source Qualifier" TOFIELD ="Demand" TOINSTANCE ="EXP_IPF_DATA" TOINSTANCETYPE ="Expression"/>
        <CONNECTOR FROMFIELD ="IPFA_SKU" FROMINSTANCE ="FL_AS_OF_DATE" FROMINSTANCETYPE ="Filter" TOFIELD ="IPFA_SKU1" TOINSTANCE ="LKP_SUR_TIL" TOINSTANCETYPE ="Lookup Procedure"/>
        <CONNECTOR FROMFIELD ="Lead_Time" FROMINSTANCE ="LKP_SUR_TIL" FROMINSTANCETYPE ="Lookup Procedure" TOFIELD ="Lead_Time" TOINSTANCE ="EXP_TARGET_LD" TOINSTANCETYPE ="Expression"/>
        <CONNECTOR FROMFIELD ="Fiscal_Mth" FROMINSTANCE ="FL_AS_OF_DATE" FROMINSTANCETYPE ="Filter" TOFIELD ="Fiscal_Mth" TOINSTANCE ="EXP_TARGET_LD" TOINSTANCETYPE ="Expression"/>
        <CONNECTOR FROMFIELD ="Ninemo_Future_Mth" FROMINSTANCE ="FL_AS_OF_DATE" FROMINSTANCETYPE ="Filter" TOFIELD ="Ninemo_Future_Mth" TOINSTANCE ="EXP_TARGET_LD" TOINSTANCETYPE ="Expression"/>
        <CONNECTOR FROMFIELD ="Sixmo_Future_Mth" FROMINSTANCE ="FL_AS_OF_DATE" FROMINSTANCETYPE ="Filter" TOFIELD ="Sixmo_Future_Mth" TOINSTANCE ="EXP_TARGET_LD" TOINSTANCETYPE ="Expression"/>
        <CONNECTOR FROMFIELD ="IPFA_SKU" FROMINSTANCE ="FL_AS_OF_DATE" FROMINSTANCETYPE ="Filter" TOFIELD ="IPFA_SKU" TOINSTANCE ="EXP_TARGET_LD" TOINSTANCETYPE ="Expression"/>
        <CONNECTOR FROMFIELD ="Rnk" FROMINSTANCE ="FL_AS_OF_DATE" FROMINSTANCETYPE ="Filter" TOFIELD ="Rnk" TOINSTANCE ="EXP_TARGET_LD" TOINSTANCETYPE ="Expression"/>
        <CONNECTOR FROMFIELD ="Demand" FROMINSTANCE ="FL_AS_OF_DATE" FROMINSTANCETYPE ="Filter" TOFIELD ="Demand" TOINSTANCE ="EXP_TARGET_LD" TOINSTANCETYPE ="Expression"/>
        <CONNECTOR FROMFIELD ="Fiscal_Mth" FROMINSTANCE ="EXP_ALL_DATA" FROMINSTANCETYPE ="Expression" TOFIELD ="Fiscal_Mth" TOINSTANCE ="FL_AS_OF_DATE" TOINSTANCETYPE ="Filter"/>
        <CONNECTOR FROMFIELD ="As_of_Date" FROMINSTANCE ="EXP_ALL_DATA" FROMINSTANCETYPE ="Expression" TOFIELD ="As_of_Date" TOINSTANCE ="FL_AS_OF_DATE" TOINSTANCETYPE ="Filter"/>
        <CONNECTOR FROMFIELD ="Ninemo_Future_Mth" FROMINSTANCE ="EXP_ALL_DATA" FROMINSTANCETYPE ="Expression" TOFIELD ="Ninemo_Future_Mth" TOINSTANCE ="FL_AS_OF_DATE" TOINSTANCETYPE ="Filter"/>
        <CONNECTOR FROMFIELD ="Sixmo_Future_Mth" FROMINSTANCE ="EXP_ALL_DATA" FROMINSTANCETYPE ="Expression" TOFIELD ="Sixmo_Future_Mth" TOINSTANCE ="FL_AS_OF_DATE" TOINSTANCETYPE ="Filter"/>
        <CONNECTOR FROMFIELD ="IPFA_SKU" FROMINSTANCE ="EXP_ALL_DATA" FROMINSTANCETYPE ="Expression" TOFIELD ="IPFA_SKU" TOINSTANCE ="FL_AS_OF_DATE" TOINSTANCETYPE ="Filter"/>
        <CONNECTOR FROMFIELD ="o_FLAG" FROMINSTANCE ="EXP_ALL_DATA" FROMINSTANCETYPE ="Expression" TOFIELD ="FLAG" TOINSTANCE ="FL_AS_OF_DATE" TOINSTANCETYPE ="Filter"/>
        <CONNECTOR FROMFIELD ="Rnk" FROMINSTANCE ="EXP_ALL_DATA" FROMINSTANCETYPE ="Expression" TOFIELD ="Rnk" TOINSTANCE ="FL_AS_OF_DATE" TOINSTANCETYPE ="Filter"/>
        <CONNECTOR FROMFIELD ="Demand" FROMINSTANCE ="EXP_ALL_DATA" FROMINSTANCETYPE ="Expression" TOFIELD ="Demand" TOINSTANCE ="FL_AS_OF_DATE" TOINSTANCETYPE ="Filter"/>
        <TARGETLOADORDER ORDER ="1" TARGETINSTANCE ="Sur_AW_Dmd_Summary"/>
        <ERPINFO/>
        <METADATAEXTENSION DATATYPE ="STRING" DESCRIPTION ="Conversion Mapping Name with version " DOMAINNAME ="User Defined Metadata Domain" ISCLIENTEDITABLE ="YES" ISCLIENTVISIBLE ="YES" ISREUSABLE ="NO" ISSHAREREAD ="NO" ISSHAREWRITE ="NO" MAXLENGTH ="256" NAME ="CONV_MAP_NAME" VALUE ="Surplus_Demand_Raw_AW_load_v1.0" VENDORNAME ="INFORMATICA"/>
    </MAPPING>
    <CONFIG DESCRIPTION ="Default session configuration object" ISDEFAULT ="YES" NAME ="default_session_config" VERSIONNUMBER ="1">
        <ATTRIBUTE NAME ="Advanced" VALUE =""/>
        <ATTRIBUTE NAME ="Constraint based load ordering" VALUE ="NO"/>
        <ATTRIBUTE NAME ="Cache LOOKUP() function" VALUE ="YES"/>
        <ATTRIBUTE NAME ="Default buffer block size" VALUE ="Auto"/>
        <ATTRIBUTE NAME ="Line Sequential buffer length" VALUE ="1024"/>
        <ATTRIBUTE NAME ="Maximum Memory Allowed For Auto Memory Attributes" VALUE ="0"/>
        <ATTRIBUTE NAME ="Maximum Percentage of Total Memory Allowed For Auto Memory Attributes" VALUE ="5"/>
        <ATTRIBUTE NAME ="Additional Concurrent Pipelines for Lookup Cache Creation" VALUE ="0"/>
        <ATTRIBUTE NAME ="Custom Properties" VALUE =""/>
        <ATTRIBUTE NAME ="Pre-build lookup cache" VALUE ="Auto"/>
        <ATTRIBUTE NAME ="Optimization Level" VALUE ="Medium"/>
        <ATTRIBUTE NAME ="DateTime Format String" VALUE ="MM/DD/YYYY HH24:MI:SS.US"/>
        <ATTRIBUTE NAME ="Pre 85 Timestamp Compatibility" VALUE ="NO"/>
        <ATTRIBUTE NAME ="Log Options" VALUE ="0"/>
        <ATTRIBUTE NAME ="Save session log by" VALUE ="Session runs"/>
        <ATTRIBUTE NAME ="Save session log for these runs" VALUE ="9"/>
        <ATTRIBUTE NAME ="Session Log File Max Size" VALUE ="0"/>
        <ATTRIBUTE NAME ="Session Log File Max Time Period" VALUE ="0"/>
        <ATTRIBUTE NAME ="Maximum Partial Session Log Files" VALUE ="1"/>
        <ATTRIBUTE NAME ="Writer Commit Statistics Log Frequency" VALUE ="1"/>
        <ATTRIBUTE NAME ="Writer Commit Statistics Log Interval" VALUE ="0"/>
        <ATTRIBUTE NAME ="Error handling" VALUE =""/>
        <ATTRIBUTE NAME ="Stop on errors" VALUE ="1"/>
        <ATTRIBUTE NAME ="Override tracing" VALUE ="None"/>
        <ATTRIBUTE NAME ="On Stored Procedure error" VALUE ="Stop"/>
        <ATTRIBUTE NAME ="On Pre-session command task error" VALUE ="Stop"/>
        <ATTRIBUTE NAME ="On Pre-Post SQL error" VALUE ="Stop"/>
        <ATTRIBUTE NAME ="Enable Recovery" VALUE ="NO"/>
        <ATTRIBUTE NAME ="Error Log Type" VALUE ="None"/>
        <ATTRIBUTE NAME ="Error Log Table Name Prefix" VALUE =""/>
        <ATTRIBUTE NAME ="Error Log File Name" VALUE ="PMError.log"/>
        <ATTRIBUTE NAME ="Log Source Row Data" VALUE ="NO"/>
        <ATTRIBUTE NAME ="Data Column Delimiter" VALUE ="|"/>
        <ATTRIBUTE NAME ="Partitioning Options" VALUE =""/>
        <ATTRIBUTE NAME ="Dynamic Partitioning" VALUE ="Disabled"/>
        <ATTRIBUTE NAME ="Number of Partitions" VALUE ="1"/>
        <ATTRIBUTE NAME ="Multiplication Factor" VALUE ="Auto"/>
        <ATTRIBUTE NAME ="Session on Grid" VALUE =""/>
        <ATTRIBUTE NAME ="Is Enabled" VALUE ="NO"/>
    </CONFIG>
    <SESSION DESCRIPTION ="Session is used to load for the target table aia.Sur_AW_Dmd_Summary  from dbo.dim_Week&#xD;&#xA;dbo.vw_tbl_IPFA_Data&#xD;&#xA;dbo.vw_tbl_BI_IPFA_Xref&#xD;&#xA;aia.Sur_TIL" ISVALID ="YES" MAPPINGNAME ="m_SUR_DMD_RAW_AW_LOAD" NAME ="s_m_SUR_DMD_RAW_AW_LOAD" REUSABLE ="YES" SORTORDER ="Binary" VERSIONNUMBER ="1">
        <SESSTRANSFORMATIONINST ISREPARTITIONPOINT ="YES" PARTITIONTYPE ="PASS THROUGH" PIPELINE ="1" SINSTANCENAME ="Sur_AW_Dmd_Summary" STAGE ="1" TRANSFORMATIONNAME ="Sur_AW_Dmd_Summary" TRANSFORMATIONTYPE ="Target Definition">
            <ATTRIBUTE NAME ="Table Name Prefix" VALUE ="aia"/>
        </SESSTRANSFORMATIONINST>
        <SESSTRANSFORMATIONINST ISREPARTITIONPOINT ="NO" PIPELINE ="0" SINSTANCENAME ="dim_Week" STAGE ="0" TRANSFORMATIONNAME ="dim_Week" TRANSFORMATIONTYPE ="Source Definition">
            <ATTRIBUTE NAME ="Owner Name" VALUE ="dbo"/>
        </SESSTRANSFORMATIONINST>
        <SESSTRANSFORMATIONINST ISREPARTITIONPOINT ="YES" PARTITIONTYPE ="PASS THROUGH" PIPELINE ="1" SINSTANCENAME ="SQ_dim_Week" STAGE ="2" TRANSFORMATIONNAME ="SQ_dim_Week" TRANSFORMATIONTYPE ="Source Qualifier"/>
        <SESSTRANSFORMATIONINST ISREPARTITIONPOINT ="NO" PIPELINE ="1" SINSTANCENAME ="JNR_IPFA_DATA" STAGE ="2" TRANSFORMATIONNAME ="JNR_IPFA_DATA" TRANSFORMATIONTYPE ="Joiner">
            <PARTITION DESCRIPTION ="" NAME ="Partition #1"/>
        </SESSTRANSFORMATIONINST>
        <SESSTRANSFORMATIONINST ISREPARTITIONPOINT ="NO" PIPELINE ="1" SINSTANCENAME ="EXP_ALL_DATA" STAGE ="2" TRANSFORMATIONNAME ="EXP_ALL_DATA" TRANSFORMATIONTYPE ="Expression">
            <PARTITION DESCRIPTION ="" NAME ="Partition #1"/>
        </SESSTRANSFORMATIONINST>
        <SESSTRANSFORMATIONINST ISREPARTITIONPOINT ="NO" PIPELINE ="1" SINSTANCENAME ="EXP_DIM_WEEK" STAGE ="2" TRANSFORMATIONNAME ="EXP_DIM_WEEK" TRANSFORMATIONTYPE ="Expression">
            <PARTITION DESCRIPTION ="" NAME ="Partition #1"/>
        </SESSTRANSFORMATIONINST>
        <SESSTRANSFORMATIONINST ISREPARTITIONPOINT ="NO" PIPELINE ="2" SINSTANCENAME ="EXP_IPF_DATA" STAGE ="3" TRANSFORMATIONNAME ="EXP_IPF_DATA" TRANSFORMATIONTYPE ="Expression">
            <PARTITION DESCRIPTION ="" NAME ="Partition #1"/>
        </SESSTRANSFORMATIONINST>
        <SESSTRANSFORMATIONINST ISREPARTITIONPOINT ="NO" PIPELINE ="1" SINSTANCENAME ="FL_AS_OF_DATE" STAGE ="2" TRANSFORMATIONNAME ="FL_AS_OF_DATE" TRANSFORMATIONTYPE ="Filter">
            <PARTITION DESCRIPTION ="" NAME ="Partition #1"/>
        </SESSTRANSFORMATIONINST>
        <SESSTRANSFORMATIONINST ISREPARTITIONPOINT ="NO" PIPELINE ="1" SINSTANCENAME ="LKP_SUR_TIL" STAGE ="2" TRANSFORMATIONNAME ="LKP_SUR_TIL" TRANSFORMATIONTYPE ="Lookup Procedure">
            <PARTITION DESCRIPTION ="" NAME ="Partition #1"/>
            <ATTRIBUTE NAME ="Connection Information" VALUE ="$Target"/>
        </SESSTRANSFORMATIONINST>
        <SESSTRANSFORMATIONINST ISREPARTITIONPOINT ="NO" PIPELINE ="1" SINSTANCENAME ="EXP_TARGET_LD" STAGE ="2" TRANSFORMATIONNAME ="EXP_TARGET_LD" TRANSFORMATIONTYPE ="Expression">
            <PARTITION DESCRIPTION ="" NAME ="Partition #1"/>
        </SESSTRANSFORMATIONINST>
        <SESSTRANSFORMATIONINST ISREPARTITIONPOINT ="NO" PIPELINE ="0" SINSTANCENAME ="vw_tbl_IPFA_Data" STAGE ="0" TRANSFORMATIONNAME ="vw_tbl_IPFA_Data" TRANSFORMATIONTYPE ="Source Definition"/>
        <SESSTRANSFORMATIONINST ISREPARTITIONPOINT ="YES" PARTITIONTYPE ="PASS THROUGH" PIPELINE ="2" SINSTANCENAME ="SQ_vw_tbl_IPFA_Data" STAGE ="3" TRANSFORMATIONNAME ="SQ_vw_tbl_IPFA_Data" TRANSFORMATIONTYPE ="Source Qualifier"/>
        <CONFIGREFERENCE REFOBJECTNAME ="default_session_config" TYPE ="Session config"/>
        <SESSIONEXTENSION NAME ="Relational Writer" SINSTANCENAME ="Sur_AW_Dmd_Summary" SUBTYPE ="Relational Writer" TRANSFORMATIONTYPE ="Target Definition" TYPE ="WRITER">
            <CONNECTIONREFERENCE CNXREFNAME ="DB Connection" CONNECTIONNAME ="bus16_AMSO_IA" CONNECTIONNUMBER ="1" CONNECTIONSUBTYPE ="Microsoft SQL Server" CONNECTIONTYPE ="Relational" VARIABLE =""/>
            <ATTRIBUTE NAME ="Target load type" VALUE ="Normal"/>
            <ATTRIBUTE NAME ="Insert" VALUE ="YES"/>
            <ATTRIBUTE NAME ="Update as Update" VALUE ="NO"/>
            <ATTRIBUTE NAME ="Update as Insert" VALUE ="NO"/>
            <ATTRIBUTE NAME ="Update else Insert" VALUE ="NO"/>
            <ATTRIBUTE NAME ="Delete" VALUE ="NO"/>
            <ATTRIBUTE NAME ="Truncate target table option" VALUE ="YES"/>
            <ATTRIBUTE NAME ="Reject file directory" VALUE ="$PMBadFileDir&#x5c;INVENTORY_ANALYSIS&#x5c;BAD&#x5c;"/>
            <ATTRIBUTE NAME ="Reject filename" VALUE ="s_m_SUR_DMD_RAW_AW_LOAD.bad"/>
        </SESSIONEXTENSION>
        <SESSIONEXTENSION DSQINSTNAME ="SQ_dim_Week" DSQINSTTYPE ="Source Qualifier" NAME ="Relational Reader" SINSTANCENAME ="dim_Week" SUBTYPE ="Relational Reader" TRANSFORMATIONTYPE ="Source Definition" TYPE ="READER"/>
        <SESSIONEXTENSION NAME ="Relational Reader" SINSTANCENAME ="SQ_dim_Week" SUBTYPE ="Relational Reader" TRANSFORMATIONTYPE ="Source Qualifier" TYPE ="READER">
            <CONNECTIONREFERENCE CNXREFNAME ="DB Connection" CONNECTIONNAME ="bus16_AMSO_IA" CONNECTIONNUMBER ="1" CONNECTIONSUBTYPE ="Microsoft SQL Server" CONNECTIONTYPE ="Relational" VARIABLE =""/>
        </SESSIONEXTENSION>
        <SESSIONEXTENSION NAME ="Relational Lookup" SINSTANCENAME ="LKP_SUR_TIL" SUBTYPE ="Relational Lookup" TRANSFORMATIONTYPE ="Lookup Procedure" TYPE ="LOOKUPEXTENSION">
            <CONNECTIONREFERENCE CNXREFNAME ="DB Connection" CONNECTIONNAME ="" CONNECTIONNUMBER ="1" CONNECTIONSUBTYPE ="" CONNECTIONTYPE ="" VARIABLE ="$Target"/>
        </SESSIONEXTENSION>
        <SESSIONEXTENSION DSQINSTNAME ="SQ_vw_tbl_IPFA_Data" DSQINSTTYPE ="Source Qualifier" NAME ="Relational Reader" SINSTANCENAME ="vw_tbl_IPFA_Data" SUBTYPE ="Relational Reader" TRANSFORMATIONTYPE ="Source Definition" TYPE ="READER"/>
        <SESSIONEXTENSION NAME ="Relational Reader" SINSTANCENAME ="SQ_vw_tbl_IPFA_Data" SUBTYPE ="Relational Reader" TRANSFORMATIONTYPE ="Source Qualifier" TYPE ="READER">
            <CONNECTIONREFERENCE CNXREFNAME ="DB Connection" CONNECTIONNAME ="bus16_AMSO_COMMON" CONNECTIONNUMBER ="1" CONNECTIONSUBTYPE ="Microsoft SQL Server" CONNECTIONTYPE ="Relational" VARIABLE =""/>
        </SESSIONEXTENSION>
        <ATTRIBUTE NAME ="General Options" VALUE =""/>
        <ATTRIBUTE NAME ="Write Backward Compatible Session Log File" VALUE ="YES"/>
        <ATTRIBUTE NAME ="Session Log File Name" VALUE ="s_m_SUR_DMD_RAW_AW_LOAD.log"/>
        <ATTRIBUTE NAME ="Session Log File directory" VALUE ="$PMSessionLogDir&#x5c;INVENTORY_ANALYSIS&#x5c;LOG&#x5c;"/>
        <ATTRIBUTE NAME ="Parameter Filename" VALUE =""/>
        <ATTRIBUTE NAME ="Enable Test Load" VALUE ="NO"/>
        <ATTRIBUTE NAME ="$Source connection value" VALUE =""/>
        <ATTRIBUTE NAME ="$Target connection value" VALUE =""/>
        <ATTRIBUTE NAME ="Treat source rows as" VALUE ="Insert"/>
        <ATTRIBUTE NAME ="Commit Type" VALUE ="Target"/>
        <ATTRIBUTE NAME ="Commit Interval" VALUE ="10000"/>
        <ATTRIBUTE NAME ="Commit On End Of File" VALUE ="YES"/>
        <ATTRIBUTE NAME ="Rollback Transactions on Errors" VALUE ="NO"/>
        <ATTRIBUTE NAME ="Recovery Strategy" VALUE ="Restart task"/>
        <ATTRIBUTE NAME ="Java Classpath" VALUE =""/>
        <ATTRIBUTE NAME ="Performance" VALUE =""/>
        <ATTRIBUTE NAME ="DTM buffer size" VALUE ="Auto"/>
        <ATTRIBUTE NAME ="Collect performance data" VALUE ="NO"/>
        <ATTRIBUTE NAME ="Write performance data to repository" VALUE ="NO"/>
        <ATTRIBUTE NAME ="Incremental Aggregation" VALUE ="NO"/>
        <ATTRIBUTE NAME ="Enable high precision" VALUE ="NO"/>
        <ATTRIBUTE NAME ="Session retry on deadlock" VALUE ="NO"/>
        <ATTRIBUTE NAME ="Pushdown Optimization" VALUE ="None"/>
        <ATTRIBUTE NAME ="Allow Temporary View for Pushdown" VALUE ="NO"/>
        <ATTRIBUTE NAME ="Allow Temporary Sequence for Pushdown" VALUE ="NO"/>
        <ATTRIBUTE NAME ="Allow Pushdown for User Incompatible Connections" VALUE ="NO"/>
        <METADATAEXTENSION DATATYPE ="STRING" DESCRIPTION ="Conversion Mapping  Name with version " DOMAINNAME ="User Defined Metadata Domain" ISCLIENTEDITABLE ="YES" ISCLIENTVISIBLE ="YES" ISREUSABLE ="NO" ISSHAREREAD ="NO" ISSHAREWRITE ="NO" MAXLENGTH ="256" NAME ="CONV_MAP_NAME" VALUE ="Surplus_Demand_Raw_Aw_load_V1.0" VENDORNAME ="INFORMATICA"/>
    </SESSION>
    <WORKFLOW DESCRIPTION ="Workflow for loading the session s_m_SUR_DMD_RAW_AW_LOAD" ISENABLED ="YES" ISRUNNABLESERVICE ="NO" ISSERVICE ="NO" ISVALID ="YES" NAME ="wf_s_m_SUR_DMD_RAW_AW_LOAD" REUSABLE_SCHEDULER ="NO" SCHEDULERNAME ="Scheduler" SERVERNAME ="Domain10_PRD_Int_Svc" SERVER_DOMAINNAME ="Domain10_PRD" SUSPEND_ON_ERROR ="NO" TASKS_MUST_RUN_ON_SERVER ="NO" VERSIONNUMBER ="1">
        <SCHEDULER DESCRIPTION ="" NAME ="Scheduler" REUSABLE ="NO" VERSIONNUMBER ="1">
            <SCHEDULEINFO SCHEDULETYPE ="ONDEMAND"/>
        </SCHEDULER>
        <TASK DESCRIPTION ="" NAME ="Start" REUSABLE ="NO" TYPE ="Start" VERSIONNUMBER ="1"/>
        <TASKINSTANCE DESCRIPTION ="" ISENABLED ="YES" NAME ="Start" REUSABLE ="NO" TASKNAME ="Start" TASKTYPE ="Start"/>
        <TASKINSTANCE DESCRIPTION ="Session is used to load for the target table aia.Sur_AW_Dmd_Summary  from dbo.dim_Week&#xD;&#xA;dbo.vw_tbl_IPFA_Data&#xD;&#xA;dbo.vw_tbl_BI_IPFA_Xref&#xD;&#xA;aia.Sur_TIL" FAIL_PARENT_IF_INSTANCE_DID_NOT_RUN ="YES" FAIL_PARENT_IF_INSTANCE_FAILS ="YES" ISENABLED ="YES" NAME ="s_m_SUR_DMD_RAW_AW_LOAD" REUSABLE ="YES" TASKNAME ="s_m_SUR_DMD_RAW_AW_LOAD" TASKTYPE ="Session" TREAT_INPUTLINK_AS_AND ="NO"/>
        <WORKFLOWLINK CONDITION ="" FROMTASK ="Start" TOTASK ="s_m_SUR_DMD_RAW_AW_LOAD"/>
        <WORKFLOWVARIABLE DATATYPE ="date/time" DEFAULTVALUE ="" DESCRIPTION ="The time this task started" ISNULL ="NO" ISPERSISTENT ="NO" NAME ="$Start.StartTime" USERDEFINED ="NO"/>
        <WORKFLOWVARIABLE DATATYPE ="date/time" DEFAULTVALUE ="" DESCRIPTION ="The time this task completed" ISNULL ="NO" ISPERSISTENT ="NO" NAME ="$Start.EndTime" USERDEFINED ="NO"/>
        <WORKFLOWVARIABLE DATATYPE ="integer" DEFAULTVALUE ="" DESCRIPTION ="Status of this task&apos;s execution" ISNULL ="NO" ISPERSISTENT ="NO" NAME ="$Start.Status" USERDEFINED ="NO"/>
        <WORKFLOWVARIABLE DATATYPE ="integer" DEFAULTVALUE ="" DESCRIPTION ="Status of the previous task that is not disabled" ISNULL ="NO" ISPERSISTENT ="NO" NAME ="$Start.PrevTaskStatus" USERDEFINED ="NO"/>
        <WORKFLOWVARIABLE DATATYPE ="integer" DEFAULTVALUE ="" DESCRIPTION ="Error code for this task&apos;s execution" ISNULL ="NO" ISPERSISTENT ="NO" NAME ="$Start.ErrorCode" USERDEFINED ="NO"/>
        <WORKFLOWVARIABLE DATATYPE ="string" DEFAULTVALUE ="" DESCRIPTION ="Error message for this task&apos;s execution" ISNULL ="NO" ISPERSISTENT ="NO" NAME ="$Start.ErrorMsg" USERDEFINED ="NO"/>
        <WORKFLOWVARIABLE DATATYPE ="date/time" DEFAULTVALUE ="" DESCRIPTION ="The time this task started" ISNULL ="NO" ISPERSISTENT ="NO" NAME ="$s_m_SUR_DMD_RAW_AW_LOAD.StartTime" USERDEFINED ="NO"/>
        <WORKFLOWVARIABLE DATATYPE ="date/time" DEFAULTVALUE ="" DESCRIPTION ="The time this task completed" ISNULL ="NO" ISPERSISTENT ="NO" NAME ="$s_m_SUR_DMD_RAW_AW_LOAD.EndTime" USERDEFINED ="NO"/>
        <WORKFLOWVARIABLE DATATYPE ="integer" DEFAULTVALUE ="" DESCRIPTION ="Status of this task&apos;s execution" ISNULL ="NO" ISPERSISTENT ="NO" NAME ="$s_m_SUR_DMD_RAW_AW_LOAD.Status" USERDEFINED ="NO"/>
        <WORKFLOWVARIABLE DATATYPE ="integer" DEFAULTVALUE ="" DESCRIPTION ="Status of the previous task that is not disabled" ISNULL ="NO" ISPERSISTENT ="NO" NAME ="$s_m_SUR_DMD_RAW_AW_LOAD.PrevTaskStatus" USERDEFINED ="NO"/>
        <WORKFLOWVARIABLE DATATYPE ="integer" DEFAULTVALUE ="" DESCRIPTION ="Error code for this task&apos;s execution" ISNULL ="NO" ISPERSISTENT ="NO" NAME ="$s_m_SUR_DMD_RAW_AW_LOAD.ErrorCode" USERDEFINED ="NO"/>
        <WORKFLOWVARIABLE DATATYPE ="string" DEFAULTVALUE ="" DESCRIPTION ="Error message for this task&apos;s execution" ISNULL ="NO" ISPERSISTENT ="NO" NAME ="$s_m_SUR_DMD_RAW_AW_LOAD.ErrorMsg" USERDEFINED ="NO"/>
        <WORKFLOWVARIABLE DATATYPE ="integer" DEFAULTVALUE ="" DESCRIPTION ="Rows successfully read" ISNULL ="NO" ISPERSISTENT ="NO" NAME ="$s_m_SUR_DMD_RAW_AW_LOAD.SrcSuccessRows" USERDEFINED ="NO"/>
        <WORKFLOWVARIABLE DATATYPE ="integer" DEFAULTVALUE ="" DESCRIPTION ="Rows failed to read" ISNULL ="NO" ISPERSISTENT ="NO" NAME ="$s_m_SUR_DMD_RAW_AW_LOAD.SrcFailedRows" USERDEFINED ="NO"/>
        <WORKFLOWVARIABLE DATATYPE ="integer" DEFAULTVALUE ="" DESCRIPTION ="Rows successfully loaded" ISNULL ="NO" ISPERSISTENT ="NO" NAME ="$s_m_SUR_DMD_RAW_AW_LOAD.TgtSuccessRows" USERDEFINED ="NO"/>
        <WORKFLOWVARIABLE DATATYPE ="integer" DEFAULTVALUE ="" DESCRIPTION ="Rows failed to load" ISNULL ="NO" ISPERSISTENT ="NO" NAME ="$s_m_SUR_DMD_RAW_AW_LOAD.TgtFailedRows" USERDEFINED ="NO"/>
        <WORKFLOWVARIABLE DATATYPE ="integer" DEFAULTVALUE ="" DESCRIPTION ="Total number of transformation errors" ISNULL ="NO" ISPERSISTENT ="NO" NAME ="$s_m_SUR_DMD_RAW_AW_LOAD.TotalTransErrors" USERDEFINED ="NO"/>
        <WORKFLOWVARIABLE DATATYPE ="integer" DEFAULTVALUE ="" DESCRIPTION ="First error code" ISNULL ="NO" ISPERSISTENT ="NO" NAME ="$s_m_SUR_DMD_RAW_AW_LOAD.FirstErrorCode" USERDEFINED ="NO"/>
        <WORKFLOWVARIABLE DATATYPE ="string" DEFAULTVALUE ="" DESCRIPTION ="First error message" ISNULL ="NO" ISPERSISTENT ="NO" NAME ="$s_m_SUR_DMD_RAW_AW_LOAD.FirstErrorMsg" USERDEFINED ="NO"/>
        <ATTRIBUTE NAME ="Parameter Filename" VALUE =""/>
        <ATTRIBUTE NAME ="Write Backward Compatible Workflow Log File" VALUE ="YES"/>
        <ATTRIBUTE NAME ="Workflow Log File Name" VALUE ="wf_s_m_SUR_DMD_RAW_AW_LOAD.log"/>
        <ATTRIBUTE NAME ="Workflow Log File Directory" VALUE ="$PMWorkflowLogDir&#x5c;INVENTORY_ANALYSIS&#x5c;LOG&#x5c;"/>
        <ATTRIBUTE NAME ="Save Workflow log by" VALUE ="By runs"/>
        <ATTRIBUTE NAME ="Save workflow log for these runs" VALUE ="9"/>
        <ATTRIBUTE NAME ="Service Name" VALUE =""/>
        <ATTRIBUTE NAME ="Service Timeout" VALUE ="0"/>
        <ATTRIBUTE NAME ="Is Service Visible" VALUE ="NO"/>
        <ATTRIBUTE NAME ="Is Service Protected" VALUE ="NO"/>
        <ATTRIBUTE NAME ="Fail task after wait time" VALUE ="0"/>
        <ATTRIBUTE NAME ="Enable HA recovery" VALUE ="NO"/>
        <ATTRIBUTE NAME ="Automatically recover terminated tasks" VALUE ="NO"/>
        <ATTRIBUTE NAME ="Service Level Name" VALUE ="Default"/>
        <ATTRIBUTE NAME ="Allow concurrent run with unique run instance name" VALUE ="NO"/>
        <ATTRIBUTE NAME ="Allow concurrent run with same run instance name" VALUE ="NO"/>
        <ATTRIBUTE NAME ="Maximum number of concurrent runs" VALUE ="0"/>
        <ATTRIBUTE NAME ="Assigned Web Services Hubs" VALUE =""/>
        <ATTRIBUTE NAME ="Maximum number of concurrent runs per Hub" VALUE ="1000"/>
        <ATTRIBUTE NAME ="Expected Service Time" VALUE ="1"/>
        <METADATAEXTENSION DATATYPE ="STRING" DESCRIPTION ="Conversion Mapping Name with version " DOMAINNAME ="User Defined Metadata Domain" ISCLIENTEDITABLE ="YES" ISCLIENTVISIBLE ="YES" ISREUSABLE ="NO" ISSHAREREAD ="NO" ISSHAREWRITE ="NO" MAXLENGTH ="256" NAME ="CONV_MAP_NAME" VALUE ="Surplus_Demand_Raw_Aw_load_v1.0" VENDORNAME ="INFORMATICA"/>
        <METADATAEXTENSION DATATYPE ="STRING" DESCRIPTION ="" DOMAINNAME ="User Defined Metadata Domain" ISCLIENTEDITABLE ="YES" ISCLIENTVISIBLE ="YES" ISREUSABLE ="NO" ISSHAREREAD ="NO" ISSHAREWRITE ="NO" MAXLENGTH ="256" NAME ="Extension" VALUE ="" VENDORNAME ="INFORMATICA"/>
    </WORKFLOW>
</FOLDER>
</REPOSITORY>
</POWERMART>