<?xml version="1.0" encoding="Windows-1252"?>
<!DOCTYPE POWERMART SYSTEM "powrmart.dtd">
<POWERMART CREATION_DATE="05/20/2024 10:06:41" REPOSITORY_VERSION="187.96">
<REPOSITORY NAME="Domain10_Rep_Svc_Prd" VERSION="187" CODEPAGE="MS1252" DATABASETYPE="Microsoft SQL Server">
<FOLDER NAME="INVENTORY_ANALYSIS" GROUP="" OWNER="Administrator" SHARED="NOTSHARED" DESCRIPTION="" PERMISSIONS="rwx---r--" UUID="27b7fb57-5066-4c7e-aee4-118d44bfa5b6">
    <SOURCE BUSINESSNAME ="" DATABASETYPE ="Flat File" DBDNAME ="Flat_File" DESCRIPTION ="" NAME ="SLSINTR" OBJECTVERSION ="1" OWNERNAME ="" VERSIONNUMBER ="1">
        <FLATFILE CODEPAGE ="US-ASCII" CONSECDELIMITERSASONE ="NO" DELIMITED ="YES" DELIMITERS ="," ESCAPE_CHARACTER ="" KEEPESCAPECHAR ="NO" LINESEQUENTIAL ="NO" MULTIDELIMITERSASAND ="NO" NULLCHARTYPE ="ASCII" NULL_CHARACTER ="*" PADBYTES ="1" QUOTE_CHARACTER ="DOUBLE" REPEATABLE ="NO" ROWDELIMITER ="0" SHIFTSENSITIVEDATA ="NO" SKIPROWS ="0" STRIPTRAILINGBLANKS ="NO"/>
        <TABLEATTRIBUTE NAME ="Base Table Name" VALUE =""/>
        <TABLEATTRIBUTE NAME ="Search Specification" VALUE =""/>
        <TABLEATTRIBUTE NAME ="Sort Specification" VALUE =""/>
        <TABLEATTRIBUTE NAME ="Datetime Format" VALUE ="A  19 mm/dd/yyyy hh24:mi:ss"/>
        <TABLEATTRIBUTE NAME ="Thousand Separator" VALUE ="None"/>
        <TABLEATTRIBUTE NAME ="Decimal Separator" VALUE ="."/>
        <TABLEATTRIBUTE NAME ="Add Currently Processed Flat File Name Port" VALUE ="NO"/>
        <TABLEATTRIBUTE NAME ="Source TimeStamp" VALUE =""/>
        <SOURCEFIELD BUSINESSNAME ="" DATATYPE ="string" DESCRIPTION ="" FIELDNUMBER ="1" FIELDPROPERTY ="0" FIELDTYPE ="ELEMITEM" HIDDEN ="NO" KEYTYPE ="NOT A KEY" LENGTH ="50" LEVEL ="0" NAME ="AS_OF_DATE" NULLABLE ="NULL" OCCURS ="0" OFFSET ="0" PHYSICALLENGTH ="50" PHYSICALOFFSET ="0" PICTURETEXT ="" PRECISION ="50" SCALE ="0" USAGE_FLAGS =""/>
        <SOURCEFIELD BUSINESSNAME ="" DATATYPE ="string" DESCRIPTION ="" FIELDNUMBER ="2" FIELDPROPERTY ="0" FIELDTYPE ="ELEMITEM" HIDDEN ="NO" KEYTYPE ="NOT A KEY" LENGTH ="50" LEVEL ="0" NAME ="DIVISION_CODE" NULLABLE ="NULL" OCCURS ="0" OFFSET ="50" PHYSICALLENGTH ="50" PHYSICALOFFSET ="50" PICTURETEXT ="" PRECISION ="50" SCALE ="0" USAGE_FLAGS =""/>
        <SOURCEFIELD BUSINESSNAME ="" DATATYPE ="string" DESCRIPTION ="" FIELDNUMBER ="3" FIELDPROPERTY ="0" FIELDTYPE ="ELEMITEM" HIDDEN ="NO" KEYTYPE ="NOT A KEY" LENGTH ="50" LEVEL ="0" NAME ="FRM_FACILITY" NULLABLE ="NULL" OCCURS ="0" OFFSET ="100" PHYSICALLENGTH ="50" PHYSICALOFFSET ="100" PICTURETEXT ="" PRECISION ="50" SCALE ="0" USAGE_FLAGS =""/>
        <SOURCEFIELD BUSINESSNAME ="" DATATYPE ="string" DESCRIPTION ="" FIELDNUMBER ="4" FIELDPROPERTY ="0" FIELDTYPE ="ELEMITEM" HIDDEN ="NO" KEYTYPE ="NOT A KEY" LENGTH ="50" LEVEL ="0" NAME ="DC_FACILITY" NULLABLE ="NULL" OCCURS ="0" OFFSET ="150" PHYSICALLENGTH ="50" PHYSICALOFFSET ="150" PICTURETEXT ="" PRECISION ="50" SCALE ="0" USAGE_FLAGS =""/>
        <SOURCEFIELD BUSINESSNAME ="" DATATYPE ="string" DESCRIPTION ="" FIELDNUMBER ="5" FIELDPROPERTY ="0" FIELDTYPE ="ELEMITEM" HIDDEN ="NO" KEYTYPE ="NOT A KEY" LENGTH ="50" LEVEL ="0" NAME ="SKU" NULLABLE ="NULL" OCCURS ="0" OFFSET ="200" PHYSICALLENGTH ="50" PHYSICALOFFSET ="200" PICTURETEXT ="" PRECISION ="50" SCALE ="0" USAGE_FLAGS =""/>
        <SOURCEFIELD BUSINESSNAME ="" DATATYPE ="string" DESCRIPTION ="" FIELDNUMBER ="6" FIELDPROPERTY ="0" FIELDTYPE ="ELEMITEM" HIDDEN ="NO" KEYTYPE ="NOT A KEY" LENGTH ="50" LEVEL ="0" NAME ="INTRANIST_GARMENTS" NULLABLE ="NULL" OCCURS ="0" OFFSET ="250" PHYSICALLENGTH ="50" PHYSICALOFFSET ="250" PICTURETEXT ="" PRECISION ="50" SCALE ="0" USAGE_FLAGS =""/>
        <SOURCEFIELD BUSINESSNAME ="" DATATYPE ="string" DESCRIPTION ="" FIELDNUMBER ="7" FIELDPROPERTY ="0" FIELDTYPE ="ELEMITEM" HIDDEN ="NO" KEYTYPE ="NOT A KEY" LENGTH ="50" LEVEL ="0" NAME ="INTRANIST_UNITS" NULLABLE ="NULL" OCCURS ="0" OFFSET ="300" PHYSICALLENGTH ="50" PHYSICALOFFSET ="300" PICTURETEXT ="" PRECISION ="50" SCALE ="0" USAGE_FLAGS =""/>
        <SOURCEFIELD BUSINESSNAME ="" DATATYPE ="string" DESCRIPTION ="" FIELDNUMBER ="8" FIELDPROPERTY ="0" FIELDTYPE ="ELEMITEM" HIDDEN ="NO" KEYTYPE ="NOT A KEY" LENGTH ="50" LEVEL ="0" NAME ="COST_PER_GARMENT" NULLABLE ="NULL" OCCURS ="0" OFFSET ="350" PHYSICALLENGTH ="50" PHYSICALOFFSET ="350" PICTURETEXT ="" PRECISION ="50" SCALE ="0" USAGE_FLAGS =""/>
    </SOURCE>
    <TARGET BUSINESSNAME ="" CONSTRAINT ="" DATABASETYPE ="Oracle" DESCRIPTION ="" NAME ="STG_SC_INTR_FROM" OBJECTVERSION ="1" TABLEOPTIONS ="" VERSIONNUMBER ="1">
        <TARGETFIELD BUSINESSNAME ="" DATATYPE ="date" DESCRIPTION ="" FIELDNUMBER ="1" KEYTYPE ="PRIMARY KEY" NAME ="AS_OF_DATE" NULLABLE ="NOTNULL" PICTURETEXT ="" PRECISION ="19" SCALE ="0"/>
        <TARGETFIELD BUSINESSNAME ="" DATATYPE ="varchar2" DESCRIPTION ="" FIELDNUMBER ="2" KEYTYPE ="PRIMARY KEY" NAME ="FROM_FACILITY" NULLABLE ="NOTNULL" PICTURETEXT ="" PRECISION ="2" SCALE ="0"/>
        <TARGETFIELD BUSINESSNAME ="" DATATYPE ="varchar2" DESCRIPTION ="" FIELDNUMBER ="3" KEYTYPE ="PRIMARY KEY" NAME ="DC_FACILITY" NULLABLE ="NOTNULL" PICTURETEXT ="" PRECISION ="2" SCALE ="0"/>
        <TARGETFIELD BUSINESSNAME ="" DATATYPE ="varchar2" DESCRIPTION ="" FIELDNUMBER ="4" KEYTYPE ="PRIMARY KEY" NAME ="SKU" NULLABLE ="NOTNULL" PICTURETEXT ="" PRECISION ="10" SCALE ="0"/>
        <TARGETFIELD BUSINESSNAME ="" DATATYPE ="number(p,s)" DESCRIPTION ="" FIELDNUMBER ="5" KEYTYPE ="NOT A KEY" NAME ="INTRANSIT_GARMENTS" NULLABLE ="NULL" PICTURETEXT ="" PRECISION ="10" SCALE ="0"/>
        <TARGETFIELD BUSINESSNAME ="" DATATYPE ="number(p,s)" DESCRIPTION ="" FIELDNUMBER ="6" KEYTYPE ="NOT A KEY" NAME ="INTRANSIT_UNITS" NULLABLE ="NULL" PICTURETEXT ="" PRECISION ="10" SCALE ="0"/>
        <TARGETFIELD BUSINESSNAME ="" DATATYPE ="number(p,s)" DESCRIPTION ="" FIELDNUMBER ="7" KEYTYPE ="NOT A KEY" NAME ="COST_PER_GARMENT" NULLABLE ="NULL" PICTURETEXT ="" PRECISION ="15" SCALE ="8"/>
        <TARGETFIELD BUSINESSNAME ="" DATATYPE ="varchar2" DESCRIPTION ="" FIELDNUMBER ="8" KEYTYPE ="NOT A KEY" NAME ="DIVISION_CODE" NULLABLE ="NOTNULL" PICTURETEXT ="" PRECISION ="2" SCALE ="0"/>
        <TARGETFIELD BUSINESSNAME ="" DATATYPE ="varchar2" DESCRIPTION ="" FIELDNUMBER ="9" KEYTYPE ="NOT A KEY" NAME ="LINE_OF_BUSINESS" NULLABLE ="NOTNULL" PICTURETEXT ="" PRECISION ="10" SCALE ="0"/>
        <TARGETFIELD BUSINESSNAME ="" DATATYPE ="varchar2" DESCRIPTION ="" FIELDNUMBER ="10" KEYTYPE ="NOT A KEY" NAME ="DIVISION_GROUP" NULLABLE ="NOTNULL" PICTURETEXT ="" PRECISION ="5" SCALE ="0"/>
        <TARGETFIELD BUSINESSNAME ="" DATATYPE ="varchar2" DESCRIPTION ="" FIELDNUMBER ="11" KEYTYPE ="NOT A KEY" NAME ="PROCESS_FLAG" NULLABLE ="NOTNULL" PICTURETEXT ="" PRECISION ="1" SCALE ="0"/>
        <TARGETFIELD BUSINESSNAME ="" DATATYPE ="varchar2" DESCRIPTION ="" FIELDNUMBER ="12" KEYTYPE ="NOT A KEY" NAME ="ERROR_CODE" NULLABLE ="NULL" PICTURETEXT ="" PRECISION ="20" SCALE ="0"/>
        <TARGETFIELD BUSINESSNAME ="" DATATYPE ="varchar2" DESCRIPTION ="" FIELDNUMBER ="13" KEYTYPE ="NOT A KEY" NAME ="ERROR_DESCRIPTION" NULLABLE ="NULL" PICTURETEXT ="" PRECISION ="50" SCALE ="0"/>
        <TARGETFIELD BUSINESSNAME ="" DATATYPE ="date" DESCRIPTION ="" FIELDNUMBER ="14" KEYTYPE ="PRIMARY KEY" NAME ="CREATE_DATE" NULLABLE ="NOTNULL" PICTURETEXT ="" PRECISION ="19" SCALE ="0"/>
        <TARGETFIELD BUSINESSNAME ="" DATATYPE ="varchar2" DESCRIPTION ="" FIELDNUMBER ="15" KEYTYPE ="NOT A KEY" NAME ="CREATE_USERID" NULLABLE ="NOTNULL" PICTURETEXT ="" PRECISION ="20" SCALE ="0"/>
        <TARGETFIELD BUSINESSNAME ="" DATATYPE ="date" DESCRIPTION ="" FIELDNUMBER ="16" KEYTYPE ="NOT A KEY" NAME ="UPDATE_DATE" NULLABLE ="NULL" PICTURETEXT ="" PRECISION ="19" SCALE ="0"/>
        <TARGETFIELD BUSINESSNAME ="" DATATYPE ="varchar2" DESCRIPTION ="" FIELDNUMBER ="17" KEYTYPE ="NOT A KEY" NAME ="UPDATE_USERID" NULLABLE ="NULL" PICTURETEXT ="" PRECISION ="20" SCALE ="0"/>
    </TARGET>
    <MAPPING DESCRIPTION ="This mapping updates the records from STAGING.STG_SC_Intr_From based on the as_of_date after checking for the count." ISVALID ="YES" NAME ="m_STG_SC_INTR_FROM_UPD" OBJECTVERSION ="1" VERSIONNUMBER ="1">
        <TRANSFORMATION DESCRIPTION ="This converts the string value to date and gives a default of 1 to the count field." NAME ="EXP_STG_SC_INTR_FROM" OBJECTVERSION ="1" REUSABLE ="NO" TYPE ="Expression" VERSIONNUMBER ="1">
            <TRANSFORMFIELD DATATYPE ="string" DEFAULTVALUE ="" DESCRIPTION ="" NAME ="I_AS_OF_DATE" PICTURETEXT ="" PORTTYPE ="INPUT" PRECISION ="19" SCALE ="0"/>
            <TRANSFORMFIELD DATATYPE ="date/time" DEFAULTVALUE ="" DESCRIPTION ="" EXPRESSION ="TO_DATE(LTRIM(RTRIM(I_AS_OF_DATE)),&apos;yyyymmdd&apos;)" EXPRESSIONTYPE ="GENERAL" NAME ="O_AS_OF_DATE" PICTURETEXT ="" PORTTYPE ="OUTPUT" PRECISION ="29" SCALE ="9"/>
            <TRANSFORMFIELD DATATYPE ="decimal" DEFAULTVALUE ="" DESCRIPTION ="" EXPRESSION ="1" EXPRESSIONTYPE ="GENERAL" NAME ="O_COUNT" PICTURETEXT ="" PORTTYPE ="OUTPUT" PRECISION ="10" SCALE ="0"/>
            <TRANSFORMFIELD DATATYPE ="string" DEFAULTVALUE ="" DESCRIPTION ="" NAME ="DIVISION_CODE" PICTURETEXT ="" PORTTYPE ="INPUT" PRECISION ="2" SCALE ="0"/>
            <TRANSFORMFIELD DATATYPE ="string" DEFAULTVALUE ="" DESCRIPTION ="" NAME ="FRM_FACILITY" PICTURETEXT ="" PORTTYPE ="INPUT" PRECISION ="2" SCALE ="0"/>
            <TRANSFORMFIELD DATATYPE ="string" DEFAULTVALUE ="" DESCRIPTION ="" NAME ="DC_FACILITY" PICTURETEXT ="" PORTTYPE ="INPUT" PRECISION ="2" SCALE ="0"/>
            <TRANSFORMFIELD DATATYPE ="string" DEFAULTVALUE ="" DESCRIPTION ="" NAME ="I_SKU" PICTURETEXT ="" PORTTYPE ="INPUT" PRECISION ="10" SCALE ="0"/>
            <TRANSFORMFIELD DATATYPE ="string" DEFAULTVALUE ="" DESCRIPTION ="" NAME ="INTRANIST_GARMENTS" PICTURETEXT ="" PORTTYPE ="INPUT" PRECISION ="10" SCALE ="0"/>
            <TRANSFORMFIELD DATATYPE ="string" DEFAULTVALUE ="" DESCRIPTION ="" NAME ="INTRANIST_UNITS" PICTURETEXT ="" PORTTYPE ="INPUT" PRECISION ="10" SCALE ="0"/>
            <TRANSFORMFIELD DATATYPE ="string" DEFAULTVALUE ="" DESCRIPTION ="" NAME ="COST_PER_GARMENT" PICTURETEXT ="" PORTTYPE ="INPUT" PRECISION ="16" SCALE ="0"/>
            <TABLEATTRIBUTE NAME ="Tracing Level" VALUE ="Normal"/>
        </TRANSFORMATION>
        <TRANSFORMATION DESCRIPTION ="This transformation sums up the source records." NAME ="AGG_STG_SC_INTR_FROM" OBJECTVERSION ="1" REUSABLE ="NO" TYPE ="Aggregator" VERSIONNUMBER ="1">
            <TRANSFORMFIELD DATATYPE ="date/time" DEFAULTVALUE ="" DESCRIPTION ="" EXPRESSION ="AS_OF_DATE" EXPRESSIONTYPE ="GROUPBY" NAME ="AS_OF_DATE" PICTURETEXT ="" PORTTYPE ="INPUT/OUTPUT" PRECISION ="29" SCALE ="9"/>
            <TRANSFORMFIELD DATATYPE ="decimal" DEFAULTVALUE ="" DESCRIPTION ="" EXPRESSION ="O_COUNT" EXPRESSIONTYPE ="GENERAL" NAME ="I_COUNT" PICTURETEXT ="" PORTTYPE ="INPUT" PRECISION ="10" SCALE ="0"/>
            <TRANSFORMFIELD DATATYPE ="string" DEFAULTVALUE ="ERROR(&apos;transformation error&apos;)" DESCRIPTION ="" EXPRESSION ="TO_CHAR(SUM(I_COUNT))" EXPRESSIONTYPE ="GENERAL" NAME ="O_COUNT" PICTURETEXT ="" PORTTYPE ="OUTPUT" PRECISION ="10" SCALE ="0"/>
            <TABLEATTRIBUTE NAME ="Cache Directory" VALUE ="$PMCacheDir"/>
            <TABLEATTRIBUTE NAME ="Tracing Level" VALUE ="Normal"/>
            <TABLEATTRIBUTE NAME ="Sorted Input" VALUE ="NO"/>
            <TABLEATTRIBUTE NAME ="Aggregator Data Cache Size" VALUE ="Auto"/>
            <TABLEATTRIBUTE NAME ="Aggregator Index Cache Size" VALUE ="Auto"/>
            <TABLEATTRIBUTE NAME ="Transformation Scope" VALUE ="All Input"/>
        </TRANSFORMATION>
        <TRANSFORMATION DESCRIPTION ="This expression transformation checks if the count from the flat file and source records match. If they don&apos;t match, the session is aborted." NAME ="EXP_STG_SC_INTR" OBJECTVERSION ="1" REUSABLE ="NO" TYPE ="Expression" VERSIONNUMBER ="1">
            <TRANSFORMFIELD DATATYPE ="string" DEFAULTVALUE ="" DESCRIPTION ="" NAME ="I_COUNT" PICTURETEXT ="" PORTTYPE ="INPUT" PRECISION ="10" SCALE ="0"/>
            <TRANSFORMFIELD DATATYPE ="date/time" DEFAULTVALUE ="" DESCRIPTION ="" NAME ="I_AS_OF_DATE" PICTURETEXT ="" PORTTYPE ="INPUT" PRECISION ="29" SCALE ="9"/>
            <TRANSFORMFIELD DATATYPE ="date/time" DEFAULTVALUE ="" DESCRIPTION ="" EXPRESSION ="IIF(ISNULL(LTRIM(RTRIM(I_COUNT))),ABORT(&apos;Number of records in SLSINTR.TXT does not match with Trigger file SLSINTR.TRG&apos;),I_AS_OF_DATE)" EXPRESSIONTYPE ="GENERAL" NAME ="O_DATE_ABORT" PICTURETEXT ="" PORTTYPE ="OUTPUT" PRECISION ="29" SCALE ="9"/>
            <TRANSFORMFIELD DATATYPE ="string" DEFAULTVALUE ="ERROR(&apos;transformation error&apos;)" DESCRIPTION ="" EXPRESSION ="&apos;S&apos;" EXPRESSIONTYPE ="GENERAL" NAME ="PROCESS_FLAG" PICTURETEXT ="" PORTTYPE ="OUTPUT" PRECISION ="1" SCALE ="0"/>
            <TRANSFORMFIELD DATATYPE ="date/time" DEFAULTVALUE ="ERROR(&apos;transformation error&apos;)" DESCRIPTION ="" EXPRESSION ="SYSDATE" EXPRESSIONTYPE ="GENERAL" NAME ="UPDATE_DATE" PICTURETEXT ="" PORTTYPE ="OUTPUT" PRECISION ="29" SCALE ="9"/>
            <TRANSFORMFIELD DATATYPE ="string" DEFAULTVALUE ="ERROR(&apos;transformation error&apos;)" DESCRIPTION ="" EXPRESSION ="&apos;ETL SC StgIntr&apos;" EXPRESSIONTYPE ="GENERAL" NAME ="UPDATE_USERID" PICTURETEXT ="" PORTTYPE ="OUTPUT" PRECISION ="20" SCALE ="0"/>
            <TABLEATTRIBUTE NAME ="Tracing Level" VALUE ="Normal"/>
        </TRANSFORMATION>
        <TRANSFORMATION DESCRIPTION ="This transformation reads the as_of_date from the source file: SLSINTR.txt" NAME ="SQ_SLSINTR" OBJECTVERSION ="1" REUSABLE ="NO" TYPE ="Source Qualifier" VERSIONNUMBER ="1">
            <TRANSFORMFIELD DATATYPE ="string" DEFAULTVALUE ="" DESCRIPTION ="" NAME ="AS_OF_DATE" PICTURETEXT ="" PORTTYPE ="INPUT/OUTPUT" PRECISION ="19" SCALE ="0"/>
            <TRANSFORMFIELD DATATYPE ="string" DEFAULTVALUE ="" DESCRIPTION ="" NAME ="DIVISION_CODE" PICTURETEXT ="" PORTTYPE ="INPUT/OUTPUT" PRECISION ="2" SCALE ="0"/>
            <TRANSFORMFIELD DATATYPE ="string" DEFAULTVALUE ="" DESCRIPTION ="" NAME ="FRM_FACILITY" PICTURETEXT ="" PORTTYPE ="INPUT/OUTPUT" PRECISION ="2" SCALE ="0"/>
            <TRANSFORMFIELD DATATYPE ="string" DEFAULTVALUE ="" DESCRIPTION ="" NAME ="DC_FACILITY" PICTURETEXT ="" PORTTYPE ="INPUT/OUTPUT" PRECISION ="2" SCALE ="0"/>
            <TRANSFORMFIELD DATATYPE ="string" DEFAULTVALUE ="" DESCRIPTION ="" NAME ="SKU" PICTURETEXT ="" PORTTYPE ="INPUT/OUTPUT" PRECISION ="10" SCALE ="0"/>
            <TRANSFORMFIELD DATATYPE ="string" DEFAULTVALUE ="" DESCRIPTION ="" NAME ="INTRANIST_GARMENTS" PICTURETEXT ="" PORTTYPE ="INPUT/OUTPUT" PRECISION ="10" SCALE ="0"/>
            <TRANSFORMFIELD DATATYPE ="string" DEFAULTVALUE ="" DESCRIPTION ="" NAME ="INTRANIST_UNITS" PICTURETEXT ="" PORTTYPE ="INPUT/OUTPUT" PRECISION ="10" SCALE ="0"/>
            <TRANSFORMFIELD DATATYPE ="string" DEFAULTVALUE ="" DESCRIPTION ="" NAME ="COST_PER_GARMENT" PICTURETEXT ="" PORTTYPE ="INPUT/OUTPUT" PRECISION ="16" SCALE ="0"/>
            <TABLEATTRIBUTE NAME ="Sql Query" VALUE =""/>
            <TABLEATTRIBUTE NAME ="User Defined Join" VALUE =""/>
            <TABLEATTRIBUTE NAME ="Source Filter" VALUE =""/>
            <TABLEATTRIBUTE NAME ="Number Of Sorted Ports" VALUE ="0"/>
            <TABLEATTRIBUTE NAME ="Tracing Level" VALUE ="Normal"/>
            <TABLEATTRIBUTE NAME ="Select Distinct" VALUE ="NO"/>
            <TABLEATTRIBUTE NAME ="Is Partitionable" VALUE ="NO"/>
            <TABLEATTRIBUTE NAME ="Pre SQL" VALUE =""/>
            <TABLEATTRIBUTE NAME ="Post SQL" VALUE =""/>
            <TABLEATTRIBUTE NAME ="Output is deterministic" VALUE ="NO"/>
            <TABLEATTRIBUTE NAME ="Output is repeatable" VALUE ="Never"/>
        </TRANSFORMATION>
        <TRANSFORMATION DESCRIPTION ="This transformation does a lookup on the flat file: SLSINTR.trg for the count." NAME ="LKP_SLSINTR_TRG" OBJECTVERSION ="1" REUSABLE ="NO" TYPE ="Lookup Procedure" VERSIONNUMBER ="1">
            <TRANSFORMFIELD DATATYPE ="string" DEFAULTVALUE ="" DESCRIPTION ="" NAME ="COUNT" PICTURETEXT ="" PORTTYPE ="LOOKUP/RETURN/OUTPUT" PRECISION ="10" SCALE ="0"/>
            <TRANSFORMFIELD DATATYPE ="string" DEFAULTVALUE ="" DESCRIPTION ="" NAME ="I_COUNT" PICTURETEXT ="" PORTTYPE ="INPUT" PRECISION ="10" SCALE ="0"/>
            <TABLEATTRIBUTE NAME ="Lookup Sql Override" VALUE =""/>
            <TABLEATTRIBUTE NAME ="Lookup table name" VALUE =""/>
            <TABLEATTRIBUTE NAME ="Lookup Source Filter" VALUE =""/>
            <TABLEATTRIBUTE NAME ="Lookup caching enabled" VALUE ="YES"/>
            <TABLEATTRIBUTE NAME ="Lookup policy on multiple match" VALUE ="Use First Value"/>
            <TABLEATTRIBUTE NAME ="Lookup condition" VALUE ="COUNT = I_COUNT"/>
            <TABLEATTRIBUTE NAME ="Connection Information" VALUE =""/>
            <TABLEATTRIBUTE NAME ="Source Type" VALUE ="Flat File"/>
            <TABLEATTRIBUTE NAME ="Recache if Stale" VALUE ="NO"/>
            <TABLEATTRIBUTE NAME ="Tracing Level" VALUE ="Normal"/>
            <TABLEATTRIBUTE NAME ="Lookup cache directory name" VALUE ="$PMCacheDir"/>
            <TABLEATTRIBUTE NAME ="Lookup cache initialize" VALUE ="NO"/>
            <TABLEATTRIBUTE NAME ="Lookup cache persistent" VALUE ="NO"/>
            <TABLEATTRIBUTE NAME ="Lookup Data Cache Size" VALUE ="Auto"/>
            <TABLEATTRIBUTE NAME ="Lookup Index Cache Size" VALUE ="Auto"/>
            <TABLEATTRIBUTE NAME ="Dynamic Lookup Cache" VALUE ="NO"/>
            <TABLEATTRIBUTE NAME ="Synchronize Dynamic Cache" VALUE ="NO"/>
            <TABLEATTRIBUTE NAME ="Output Old Value On Update" VALUE ="NO"/>
            <TABLEATTRIBUTE NAME ="Update Dynamic Cache Condition" VALUE ="TRUE"/>
            <TABLEATTRIBUTE NAME ="Cache File Name Prefix" VALUE =""/>
            <TABLEATTRIBUTE NAME ="Re-cache from lookup source" VALUE ="NO"/>
            <TABLEATTRIBUTE NAME ="Insert Else Update" VALUE ="NO"/>
            <TABLEATTRIBUTE NAME ="Update Else Insert" VALUE ="NO"/>
            <TABLEATTRIBUTE NAME ="Datetime Format" VALUE ="A  19 mm/dd/yyyy hh24:mi:ss"/>
            <TABLEATTRIBUTE NAME ="Thousand Separator" VALUE ="None"/>
            <TABLEATTRIBUTE NAME ="Decimal Separator" VALUE ="."/>
            <TABLEATTRIBUTE NAME ="Case Sensitive String Comparison" VALUE ="YES"/>
            <TABLEATTRIBUTE NAME ="Null ordering" VALUE ="Null Is Highest Value"/>
            <TABLEATTRIBUTE NAME ="Sorted Input" VALUE ="NO"/>
            <TABLEATTRIBUTE NAME ="Lookup source is static" VALUE ="YES"/>
            <TABLEATTRIBUTE NAME ="Pre-build lookup cache" VALUE ="Auto"/>
            <TABLEATTRIBUTE NAME ="Subsecond Precision" VALUE ="0"/>
            <FLATFILE CODEPAGE ="US-ASCII" CONSECDELIMITERSASONE ="NO" DELIMITED ="YES" DELIMITERS ="," ESCAPE_CHARACTER ="" KEEPESCAPECHAR ="NO" LINESEQUENTIAL ="NO" MULTIDELIMITERSASAND ="NO" NULLCHARTYPE ="ASCII" NULL_CHARACTER ="*" PADBYTES ="1" QUOTE_CHARACTER ="NONE" REPEATABLE ="NO" ROWDELIMITER ="0" SHIFTSENSITIVEDATA ="NO" SKIPROWS ="0" STRIPTRAILINGBLANKS ="NO"/>
        </TRANSFORMATION>
        <INSTANCE DESCRIPTION ="" NAME ="STG_SC_INTR_FROM" TRANSFORMATION_NAME ="STG_SC_INTR_FROM" TRANSFORMATION_TYPE ="Target Definition" TYPE ="TARGET">
            <TABLEATTRIBUTE NAME ="Update Override" VALUE ="UPDATE STG_SC_INTR_FROM SET PROCESS_FLAG = :TU.PROCESS_FLAG, UPDATE_DATE = :TU.UPDATE_DATE, UPDATE_USERID = :TU.UPDATE_USERID WHERE AS_OF_DATE = :TU.AS_OF_DATE AND PROCESS_FLAG = &apos;N&apos;"/>
        </INSTANCE>
        <INSTANCE DBDNAME ="Flat_File" DESCRIPTION ="" NAME ="SLSINTR" TRANSFORMATION_NAME ="SLSINTR" TRANSFORMATION_TYPE ="Source Definition" TYPE ="SOURCE"/>
        <INSTANCE DESCRIPTION ="This converts the string value to date and gives a default of 1 to the count field." NAME ="EXP_STG_SC_INTR_FROM" REUSABLE ="NO" TRANSFORMATION_NAME ="EXP_STG_SC_INTR_FROM" TRANSFORMATION_TYPE ="Expression" TYPE ="TRANSFORMATION"/>
        <INSTANCE DESCRIPTION ="This transformation sums up the source records." NAME ="AGG_STG_SC_INTR_FROM" REUSABLE ="NO" TRANSFORMATION_NAME ="AGG_STG_SC_INTR_FROM" TRANSFORMATION_TYPE ="Aggregator" TYPE ="TRANSFORMATION"/>
        <INSTANCE DESCRIPTION ="This expression transformation checks if the count from the flat file and source records match. If they don&apos;t match, the session is aborted." NAME ="EXP_STG_SC_INTR" REUSABLE ="NO" TRANSFORMATION_NAME ="EXP_STG_SC_INTR" TRANSFORMATION_TYPE ="Expression" TYPE ="TRANSFORMATION"/>
        <INSTANCE DESCRIPTION ="This transformation reads the as_of_date from the source file: SLSINTR.txt" NAME ="SQ_SLSINTR" REUSABLE ="NO" TRANSFORMATION_NAME ="SQ_SLSINTR" TRANSFORMATION_TYPE ="Source Qualifier" TYPE ="TRANSFORMATION">
            <ASSOCIATED_SOURCE_INSTANCE NAME ="SLSINTR"/>
        </INSTANCE>
        <INSTANCE DESCRIPTION ="This transformation does a lookup on the flat file: SLSINTR.trg for the count." NAME ="LKP_SLSINTR_TRG" REUSABLE ="NO" TRANSFORMATION_NAME ="LKP_SLSINTR_TRG" TRANSFORMATION_TYPE ="Lookup Procedure" TYPE ="TRANSFORMATION"/>
        <CONNECTOR FROMFIELD ="O_DATE_ABORT" FROMINSTANCE ="EXP_STG_SC_INTR" FROMINSTANCETYPE ="Expression" TOFIELD ="AS_OF_DATE" TOINSTANCE ="STG_SC_INTR_FROM" TOINSTANCETYPE ="Target Definition"/>
        <CONNECTOR FROMFIELD ="PROCESS_FLAG" FROMINSTANCE ="EXP_STG_SC_INTR" FROMINSTANCETYPE ="Expression" TOFIELD ="PROCESS_FLAG" TOINSTANCE ="STG_SC_INTR_FROM" TOINSTANCETYPE ="Target Definition"/>
        <CONNECTOR FROMFIELD ="UPDATE_DATE" FROMINSTANCE ="EXP_STG_SC_INTR" FROMINSTANCETYPE ="Expression" TOFIELD ="UPDATE_DATE" TOINSTANCE ="STG_SC_INTR_FROM" TOINSTANCETYPE ="Target Definition"/>
        <CONNECTOR FROMFIELD ="UPDATE_USERID" FROMINSTANCE ="EXP_STG_SC_INTR" FROMINSTANCETYPE ="Expression" TOFIELD ="UPDATE_USERID" TOINSTANCE ="STG_SC_INTR_FROM" TOINSTANCETYPE ="Target Definition"/>
        <CONNECTOR FROMFIELD ="AS_OF_DATE" FROMINSTANCE ="SLSINTR" FROMINSTANCETYPE ="Source Definition" TOFIELD ="AS_OF_DATE" TOINSTANCE ="SQ_SLSINTR" TOINSTANCETYPE ="Source Qualifier"/>
        <CONNECTOR FROMFIELD ="DIVISION_CODE" FROMINSTANCE ="SLSINTR" FROMINSTANCETYPE ="Source Definition" TOFIELD ="DIVISION_CODE" TOINSTANCE ="SQ_SLSINTR" TOINSTANCETYPE ="Source Qualifier"/>
        <CONNECTOR FROMFIELD ="FRM_FACILITY" FROMINSTANCE ="SLSINTR" FROMINSTANCETYPE ="Source Definition" TOFIELD ="FRM_FACILITY" TOINSTANCE ="SQ_SLSINTR" TOINSTANCETYPE ="Source Qualifier"/>
        <CONNECTOR FROMFIELD ="DC_FACILITY" FROMINSTANCE ="SLSINTR" FROMINSTANCETYPE ="Source Definition" TOFIELD ="DC_FACILITY" TOINSTANCE ="SQ_SLSINTR" TOINSTANCETYPE ="Source Qualifier"/>
        <CONNECTOR FROMFIELD ="SKU" FROMINSTANCE ="SLSINTR" FROMINSTANCETYPE ="Source Definition" TOFIELD ="SKU" TOINSTANCE ="SQ_SLSINTR" TOINSTANCETYPE ="Source Qualifier"/>
        <CONNECTOR FROMFIELD ="INTRANIST_GARMENTS" FROMINSTANCE ="SLSINTR" FROMINSTANCETYPE ="Source Definition" TOFIELD ="INTRANIST_GARMENTS" TOINSTANCE ="SQ_SLSINTR" TOINSTANCETYPE ="Source Qualifier"/>
        <CONNECTOR FROMFIELD ="INTRANIST_UNITS" FROMINSTANCE ="SLSINTR" FROMINSTANCETYPE ="Source Definition" TOFIELD ="INTRANIST_UNITS" TOINSTANCE ="SQ_SLSINTR" TOINSTANCETYPE ="Source Qualifier"/>
        <CONNECTOR FROMFIELD ="COST_PER_GARMENT" FROMINSTANCE ="SLSINTR" FROMINSTANCETYPE ="Source Definition" TOFIELD ="COST_PER_GARMENT" TOINSTANCE ="SQ_SLSINTR" TOINSTANCETYPE ="Source Qualifier"/>
        <CONNECTOR FROMFIELD ="AS_OF_DATE" FROMINSTANCE ="SQ_SLSINTR" FROMINSTANCETYPE ="Source Qualifier" TOFIELD ="I_AS_OF_DATE" TOINSTANCE ="EXP_STG_SC_INTR_FROM" TOINSTANCETYPE ="Expression"/>
        <CONNECTOR FROMFIELD ="DIVISION_CODE" FROMINSTANCE ="SQ_SLSINTR" FROMINSTANCETYPE ="Source Qualifier" TOFIELD ="DIVISION_CODE" TOINSTANCE ="EXP_STG_SC_INTR_FROM" TOINSTANCETYPE ="Expression"/>
        <CONNECTOR FROMFIELD ="FRM_FACILITY" FROMINSTANCE ="SQ_SLSINTR" FROMINSTANCETYPE ="Source Qualifier" TOFIELD ="FRM_FACILITY" TOINSTANCE ="EXP_STG_SC_INTR_FROM" TOINSTANCETYPE ="Expression"/>
        <CONNECTOR FROMFIELD ="DC_FACILITY" FROMINSTANCE ="SQ_SLSINTR" FROMINSTANCETYPE ="Source Qualifier" TOFIELD ="DC_FACILITY" TOINSTANCE ="EXP_STG_SC_INTR_FROM" TOINSTANCETYPE ="Expression"/>
        <CONNECTOR FROMFIELD ="SKU" FROMINSTANCE ="SQ_SLSINTR" FROMINSTANCETYPE ="Source Qualifier" TOFIELD ="I_SKU" TOINSTANCE ="EXP_STG_SC_INTR_FROM" TOINSTANCETYPE ="Expression"/>
        <CONNECTOR FROMFIELD ="INTRANIST_GARMENTS" FROMINSTANCE ="SQ_SLSINTR" FROMINSTANCETYPE ="Source Qualifier" TOFIELD ="INTRANIST_GARMENTS" TOINSTANCE ="EXP_STG_SC_INTR_FROM" TOINSTANCETYPE ="Expression"/>
        <CONNECTOR FROMFIELD ="INTRANIST_UNITS" FROMINSTANCE ="SQ_SLSINTR" FROMINSTANCETYPE ="Source Qualifier" TOFIELD ="INTRANIST_UNITS" TOINSTANCE ="EXP_STG_SC_INTR_FROM" TOINSTANCETYPE ="Expression"/>
        <CONNECTOR FROMFIELD ="COST_PER_GARMENT" FROMINSTANCE ="SQ_SLSINTR" FROMINSTANCETYPE ="Source Qualifier" TOFIELD ="COST_PER_GARMENT" TOINSTANCE ="EXP_STG_SC_INTR_FROM" TOINSTANCETYPE ="Expression"/>
        <CONNECTOR FROMFIELD ="O_AS_OF_DATE" FROMINSTANCE ="EXP_STG_SC_INTR_FROM" FROMINSTANCETYPE ="Expression" TOFIELD ="AS_OF_DATE" TOINSTANCE ="AGG_STG_SC_INTR_FROM" TOINSTANCETYPE ="Aggregator"/>
        <CONNECTOR FROMFIELD ="O_COUNT" FROMINSTANCE ="EXP_STG_SC_INTR_FROM" FROMINSTANCETYPE ="Expression" TOFIELD ="I_COUNT" TOINSTANCE ="AGG_STG_SC_INTR_FROM" TOINSTANCETYPE ="Aggregator"/>
        <CONNECTOR FROMFIELD ="O_COUNT" FROMINSTANCE ="AGG_STG_SC_INTR_FROM" FROMINSTANCETYPE ="Aggregator" TOFIELD ="I_COUNT" TOINSTANCE ="LKP_SLSINTR_TRG" TOINSTANCETYPE ="Lookup Procedure"/>
        <CONNECTOR FROMFIELD ="AS_OF_DATE" FROMINSTANCE ="AGG_STG_SC_INTR_FROM" FROMINSTANCETYPE ="Aggregator" TOFIELD ="I_AS_OF_DATE" TOINSTANCE ="EXP_STG_SC_INTR" TOINSTANCETYPE ="Expression"/>
        <CONNECTOR FROMFIELD ="COUNT" FROMINSTANCE ="LKP_SLSINTR_TRG" FROMINSTANCETYPE ="Lookup Procedure" TOFIELD ="I_COUNT" TOINSTANCE ="EXP_STG_SC_INTR" TOINSTANCETYPE ="Expression"/>
        <TARGETLOADORDER ORDER ="1" TARGETINSTANCE ="STG_SC_INTR_FROM"/>
        <ERPINFO/>
        <METADATAEXTENSION DATATYPE ="STRING" DESCRIPTION ="Conversion Mapping Name with version " DOMAINNAME ="User Defined Metadata Domain" ISCLIENTEDITABLE ="YES" ISCLIENTVISIBLE ="YES" ISREUSABLE ="NO" ISSHAREREAD ="NO" ISSHAREWRITE ="NO" MAXLENGTH ="256" NAME ="CONV_MAP_NAME" VALUE ="07/13/2009:difranci:Conversion Mapping - WATR - Socks -  STG_SC_Intr_From v1.0.xls" VENDORNAME ="INFORMATICA"/>
    </MAPPING>
    <CONFIG DESCRIPTION ="Default session configuration object" ISDEFAULT ="YES" NAME ="default_session_config" VERSIONNUMBER ="1">
        <ATTRIBUTE NAME ="Advanced" VALUE =""/>
        <ATTRIBUTE NAME ="Constraint based load ordering" VALUE ="NO"/>
        <ATTRIBUTE NAME ="Cache LOOKUP() function" VALUE ="YES"/>
        <ATTRIBUTE NAME ="Default buffer block size" VALUE ="Auto"/>
        <ATTRIBUTE NAME ="Line Sequential buffer length" VALUE ="1024"/>
        <ATTRIBUTE NAME ="Maximum Memory Allowed For Auto Memory Attributes" VALUE ="0"/>
        <ATTRIBUTE NAME ="Maximum Percentage of Total Memory Allowed For Auto Memory Attributes" VALUE ="5"/>
        <ATTRIBUTE NAME ="Additional Concurrent Pipelines for Lookup Cache Creation" VALUE ="0"/>
        <ATTRIBUTE NAME ="Custom Properties" VALUE =""/>
        <ATTRIBUTE NAME ="Pre-build lookup cache" VALUE ="Auto"/>
        <ATTRIBUTE NAME ="Optimization Level" VALUE ="Medium"/>
        <ATTRIBUTE NAME ="DateTime Format String" VALUE ="MM/DD/YYYY HH24:MI:SS.US"/>
        <ATTRIBUTE NAME ="Pre 85 Timestamp Compatibility" VALUE ="NO"/>
        <ATTRIBUTE NAME ="Log Options" VALUE ="0"/>
        <ATTRIBUTE NAME ="Save session log by" VALUE ="Session runs"/>
        <ATTRIBUTE NAME ="Save session log for these runs" VALUE ="9"/>
        <ATTRIBUTE NAME ="Session Log File Max Size" VALUE ="0"/>
        <ATTRIBUTE NAME ="Session Log File Max Time Period" VALUE ="0"/>
        <ATTRIBUTE NAME ="Maximum Partial Session Log Files" VALUE ="1"/>
        <ATTRIBUTE NAME ="Writer Commit Statistics Log Frequency" VALUE ="1"/>
        <ATTRIBUTE NAME ="Writer Commit Statistics Log Interval" VALUE ="0"/>
        <ATTRIBUTE NAME ="Error handling" VALUE =""/>
        <ATTRIBUTE NAME ="Stop on errors" VALUE ="1"/>
        <ATTRIBUTE NAME ="Override tracing" VALUE ="None"/>
        <ATTRIBUTE NAME ="On Stored Procedure error" VALUE ="Stop"/>
        <ATTRIBUTE NAME ="On Pre-session command task error" VALUE ="Stop"/>
        <ATTRIBUTE NAME ="On Pre-Post SQL error" VALUE ="Stop"/>
        <ATTRIBUTE NAME ="Enable Recovery" VALUE ="NO"/>
        <ATTRIBUTE NAME ="Error Log Type" VALUE ="None"/>
        <ATTRIBUTE NAME ="Error Log Table Name Prefix" VALUE =""/>
        <ATTRIBUTE NAME ="Error Log File Name" VALUE ="PMError.log"/>
        <ATTRIBUTE NAME ="Log Source Row Data" VALUE ="NO"/>
        <ATTRIBUTE NAME ="Data Column Delimiter" VALUE ="|"/>
        <ATTRIBUTE NAME ="Partitioning Options" VALUE =""/>
        <ATTRIBUTE NAME ="Dynamic Partitioning" VALUE ="Disabled"/>
        <ATTRIBUTE NAME ="Number of Partitions" VALUE ="1"/>
        <ATTRIBUTE NAME ="Multiplication Factor" VALUE ="Auto"/>
        <ATTRIBUTE NAME ="Session on Grid" VALUE =""/>
        <ATTRIBUTE NAME ="Is Enabled" VALUE ="NO"/>
    </CONFIG>
    <SESSION DESCRIPTION ="This session updates records from STAGING.STG_SC_Intr_From based on the as_of_date after checking for the count." ISVALID ="YES" MAPPINGNAME ="m_STG_SC_INTR_FROM_UPD" NAME ="s_m_STG_SC_INTR_FROM_UPD" REUSABLE ="YES" SORTORDER ="Binary" VERSIONNUMBER ="1">
        <SESSTRANSFORMATIONINST ISREPARTITIONPOINT ="YES" PARTITIONTYPE ="PASS THROUGH" PIPELINE ="1" SINSTANCENAME ="STG_SC_INTR_FROM" STAGE ="1" TRANSFORMATIONNAME ="STG_SC_INTR_FROM" TRANSFORMATIONTYPE ="Target Definition"/>
        <SESSTRANSFORMATIONINST ISREPARTITIONPOINT ="YES" PARTITIONTYPE ="PASS THROUGH" PIPELINE ="1" SINSTANCENAME ="SQ_SLSINTR" STAGE ="2" TRANSFORMATIONNAME ="SQ_SLSINTR" TRANSFORMATIONTYPE ="Source Qualifier"/>
        <SESSTRANSFORMATIONINST ISREPARTITIONPOINT ="NO" PIPELINE ="1" SINSTANCENAME ="EXP_STG_SC_INTR_FROM" STAGE ="2" TRANSFORMATIONNAME ="EXP_STG_SC_INTR_FROM" TRANSFORMATIONTYPE ="Expression">
            <PARTITION DESCRIPTION ="" NAME ="Partition #1"/>
        </SESSTRANSFORMATIONINST>
        <SESSTRANSFORMATIONINST ISREPARTITIONPOINT ="YES" PARTITIONTYPE ="HASH AUTO KEYS" PIPELINE ="1" SINSTANCENAME ="AGG_STG_SC_INTR_FROM" STAGE ="3" TRANSFORMATIONNAME ="AGG_STG_SC_INTR_FROM" TRANSFORMATIONTYPE ="Aggregator">
            <PARTITION DESCRIPTION ="" NAME ="Partition #1"/>
        </SESSTRANSFORMATIONINST>
        <SESSTRANSFORMATIONINST ISREPARTITIONPOINT ="NO" PIPELINE ="0" SINSTANCENAME ="SLSINTR" STAGE ="0" TRANSFORMATIONNAME ="SLSINTR" TRANSFORMATIONTYPE ="Source Definition">
            <FLATFILE CODEPAGE ="US-ASCII" CONSECDELIMITERSASONE ="NO" DELIMITED ="YES" DELIMITERS ="," ESCAPE_CHARACTER ="" KEEPESCAPECHAR ="NO" LINESEQUENTIAL ="NO" MULTIDELIMITERSASAND ="NO" NULLCHARTYPE ="ASCII" NULL_CHARACTER ="*" PADBYTES ="1" QUOTE_CHARACTER ="DOUBLE" REPEATABLE ="NO" ROWDELIMITER ="0" SKIPROWS ="0" STRIPTRAILINGBLANKS ="NO"/>
        </SESSTRANSFORMATIONINST>
        <SESSTRANSFORMATIONINST ISREPARTITIONPOINT ="NO" PIPELINE ="1" SINSTANCENAME ="LKP_SLSINTR_TRG" STAGE ="3" TRANSFORMATIONNAME ="LKP_SLSINTR_TRG" TRANSFORMATIONTYPE ="Lookup Procedure">
            <PARTITION DESCRIPTION ="" NAME ="Partition #1"/>
            <FLATFILE CODEPAGE ="US-ASCII" CONSECDELIMITERSASONE ="NO" DELIMITED ="YES" DELIMITERS ="," ESCAPE_CHARACTER ="" KEEPESCAPECHAR ="NO" LINESEQUENTIAL ="NO" MULTIDELIMITERSASAND ="NO" NULLCHARTYPE ="ASCII" NULL_CHARACTER ="*" PADBYTES ="1" QUOTE_CHARACTER ="NONE" REPEATABLE ="NO" ROWDELIMITER ="0" SKIPROWS ="0" STRIPTRAILINGBLANKS ="NO"/>
        </SESSTRANSFORMATIONINST>
        <SESSTRANSFORMATIONINST ISREPARTITIONPOINT ="NO" PIPELINE ="1" SINSTANCENAME ="EXP_STG_SC_INTR" STAGE ="3" TRANSFORMATIONNAME ="EXP_STG_SC_INTR" TRANSFORMATIONTYPE ="Expression">
            <PARTITION DESCRIPTION ="" NAME ="Partition #1"/>
        </SESSTRANSFORMATIONINST>
        <CONFIGREFERENCE REFOBJECTNAME ="default_session_config" TYPE ="Session config">
            <ATTRIBUTE NAME ="Save session log for these runs" VALUE ="9"/>
            <ATTRIBUTE NAME ="Stop on errors" VALUE ="1"/>
        </CONFIGREFERENCE>
        <SESSIONEXTENSION NAME ="Relational Writer" SINSTANCENAME ="STG_SC_INTR_FROM" SUBTYPE ="Relational Writer" TRANSFORMATIONTYPE ="Target Definition" TYPE ="WRITER">
            <CONNECTIONREFERENCE CNXREFNAME ="DB Connection" CONNECTIONNAME ="SLBADW" CONNECTIONNUMBER ="1" CONNECTIONSUBTYPE ="Oracle" CONNECTIONTYPE ="Relational" VARIABLE =""/>
            <ATTRIBUTE NAME ="Target load type" VALUE ="Normal"/>
            <ATTRIBUTE NAME ="Insert" VALUE ="NO"/>
            <ATTRIBUTE NAME ="Update as Update" VALUE ="YES"/>
            <ATTRIBUTE NAME ="Update as Insert" VALUE ="NO"/>
            <ATTRIBUTE NAME ="Update else Insert" VALUE ="NO"/>
            <ATTRIBUTE NAME ="Delete" VALUE ="NO"/>
            <ATTRIBUTE NAME ="Truncate target table option" VALUE ="NO"/>
            <ATTRIBUTE NAME ="Reject file directory" VALUE ="$PMBadFileDir&#x5c;INVENTORY_ANALYSIS&#x5c;BAD&#x5c;"/>
            <ATTRIBUTE NAME ="Reject filename" VALUE ="s_m_STG_SC_INTR_FROM_UPD.bad"/>
        </SESSIONEXTENSION>
        <SESSIONEXTENSION NAME ="File Reader" SINSTANCENAME ="SQ_SLSINTR" SUBTYPE ="File Reader" TRANSFORMATIONTYPE ="Source Qualifier" TYPE ="READER"/>
        <SESSIONEXTENSION DSQINSTNAME ="SQ_SLSINTR" DSQINSTTYPE ="Source Qualifier" NAME ="File Reader" SINSTANCENAME ="SLSINTR" SUBTYPE ="File Reader" TRANSFORMATIONTYPE ="Source Definition" TYPE ="READER">
            <CONNECTIONREFERENCE CNXREFNAME ="Connection" CONNECTIONNAME ="" CONNECTIONNUMBER ="1" CONNECTIONSUBTYPE ="" CONNECTIONTYPE ="" VARIABLE =""/>
            <ATTRIBUTE NAME ="Input Type" VALUE ="File"/>
            <ATTRIBUTE NAME ="Concurrent read partitioning" VALUE ="Optimize throughput"/>
            <ATTRIBUTE NAME ="Command Type" VALUE ="Command Generating Data"/>
            <ATTRIBUTE NAME ="Source filetype" VALUE ="Direct"/>
            <ATTRIBUTE NAME ="Source file directory" VALUE ="$PMSourceFileDir&#x5c;INVENTORY_ANALYSIS&#x5c;SRC&#x5c;"/>
            <ATTRIBUTE NAME ="Source filename" VALUE ="SLSINTR.txt"/>
            <ATTRIBUTE NAME ="Command" VALUE =""/>
            <ATTRIBUTE NAME ="File Reader Truncate String Null" VALUE ="NO"/>
            <ATTRIBUTE NAME ="Codepage Parameter" VALUE =""/>
        </SESSIONEXTENSION>
        <SESSIONEXTENSION NAME ="Flat File Lookup" SINSTANCENAME ="LKP_SLSINTR_TRG" SUBTYPE ="Flat File Lookup" TRANSFORMATIONTYPE ="Lookup Procedure" TYPE ="LOOKUPEXTENSION">
            <ATTRIBUTE NAME ="Lookup source file directory" VALUE ="$PMSourceFileDir&#x5c;INVENTORY_ANALYSIS&#x5c;SRC&#x5c;"/>
            <ATTRIBUTE NAME ="Lookup source filename" VALUE ="SLSINTR.TRG"/>
            <ATTRIBUTE NAME ="Lookup source filetype" VALUE ="Direct"/>
        </SESSIONEXTENSION>
        <ATTRIBUTE NAME ="General Options" VALUE =""/>
        <ATTRIBUTE NAME ="Write Backward Compatible Session Log File" VALUE ="YES"/>
        <ATTRIBUTE NAME ="Session Log File Name" VALUE ="s_m_STG_SC_INTR_FROM_UPD.log"/>
        <ATTRIBUTE NAME ="Session Log File directory" VALUE ="$PMSessionLogDir&#x5c;INVENTORY_ANALYSIS&#x5c;LOG&#x5c;"/>
        <ATTRIBUTE NAME ="Parameter Filename" VALUE =""/>
        <ATTRIBUTE NAME ="Enable Test Load" VALUE ="NO"/>
        <ATTRIBUTE NAME ="$Source connection value" VALUE =""/>
        <ATTRIBUTE NAME ="$Target connection value" VALUE =""/>
        <ATTRIBUTE NAME ="Treat source rows as" VALUE ="Update"/>
        <ATTRIBUTE NAME ="Commit Type" VALUE ="Target"/>
        <ATTRIBUTE NAME ="Commit Interval" VALUE ="2000000"/>
        <ATTRIBUTE NAME ="Commit On End Of File" VALUE ="YES"/>
        <ATTRIBUTE NAME ="Rollback Transactions on Errors" VALUE ="NO"/>
        <ATTRIBUTE NAME ="Recovery Strategy" VALUE ="Restart task"/>
        <ATTRIBUTE NAME ="Java Classpath" VALUE =""/>
        <ATTRIBUTE NAME ="Performance" VALUE =""/>
        <ATTRIBUTE NAME ="DTM buffer size" VALUE ="Auto"/>
        <ATTRIBUTE NAME ="Collect performance data" VALUE ="NO"/>
        <ATTRIBUTE NAME ="Write performance data to repository" VALUE ="NO"/>
        <ATTRIBUTE NAME ="Incremental Aggregation" VALUE ="NO"/>
        <ATTRIBUTE NAME ="Enable high precision" VALUE ="NO"/>
        <ATTRIBUTE NAME ="Session retry on deadlock" VALUE ="NO"/>
        <ATTRIBUTE NAME ="Pushdown Optimization" VALUE ="None"/>
        <ATTRIBUTE NAME ="Allow Temporary View for Pushdown" VALUE ="NO"/>
        <ATTRIBUTE NAME ="Allow Temporary Sequence for Pushdown" VALUE ="NO"/>
        <ATTRIBUTE NAME ="Allow Pushdown for User Incompatible Connections" VALUE ="NO"/>
        <METADATAEXTENSION DATATYPE ="STRING" DESCRIPTION ="Conversion Mapping  Name with version " DOMAINNAME ="User Defined Metadata Domain" ISCLIENTEDITABLE ="YES" ISCLIENTVISIBLE ="YES" ISREUSABLE ="NO" ISSHAREREAD ="NO" ISSHAREWRITE ="NO" MAXLENGTH ="256" NAME ="CONV_MAP_NAME" VALUE ="07/13/2009:difranci:Conversion Mapping - WATR - Socks -  STG_SC_Intr_From v1.0.xls" VENDORNAME ="INFORMATICA"/>
    </SESSION>
    <SOURCE BUSINESSNAME ="" DATABASETYPE ="Flat File" DBDNAME ="Flat_File" DESCRIPTION ="This trigger flat file holds the details about the SLSTILS.txt flat file." NAME ="SLSTILS_TRG" OBJECTVERSION ="1" OWNERNAME ="" VERSIONNUMBER ="1">
        <FLATFILE CODEPAGE ="US-ASCII" CONSECDELIMITERSASONE ="NO" DELIMITED ="YES" DELIMITERS ="," ESCAPE_CHARACTER ="" KEEPESCAPECHAR ="NO" LINESEQUENTIAL ="NO" MULTIDELIMITERSASAND ="NO" NULLCHARTYPE ="ASCII" NULL_CHARACTER ="*" PADBYTES ="1" QUOTE_CHARACTER ="NONE" REPEATABLE ="NO" ROWDELIMITER ="0" SHIFTSENSITIVEDATA ="NO" SKIPROWS ="0" STRIPTRAILINGBLANKS ="NO"/>
        <TABLEATTRIBUTE NAME ="Base Table Name" VALUE =""/>
        <TABLEATTRIBUTE NAME ="Search Specification" VALUE =""/>
        <TABLEATTRIBUTE NAME ="Sort Specification" VALUE =""/>
        <TABLEATTRIBUTE NAME ="Datetime Format" VALUE ="A  19 mm/dd/yyyy hh24:mi:ss"/>
        <TABLEATTRIBUTE NAME ="Thousand Separator" VALUE ="None"/>
        <TABLEATTRIBUTE NAME ="Decimal Separator" VALUE ="."/>
        <TABLEATTRIBUTE NAME ="Add Currently Processed Flat File Name Port" VALUE ="NO"/>
        <TABLEATTRIBUTE NAME ="Source TimeStamp" VALUE =""/>
        <SOURCEFIELD BUSINESSNAME ="" DATATYPE ="string" DESCRIPTION ="" FIELDNUMBER ="1" FIELDPROPERTY ="0" FIELDTYPE ="ELEMITEM" HIDDEN ="NO" KEYTYPE ="NOT A KEY" LENGTH ="10" LEVEL ="0" NAME ="COUNT" NULLABLE ="NOTNULL" OCCURS ="0" OFFSET ="0" PHYSICALLENGTH ="10" PHYSICALOFFSET ="0" PICTURETEXT ="" PRECISION ="10" SCALE ="0" USAGE_FLAGS =""/>
        <SOURCEFIELD BUSINESSNAME ="" DATATYPE ="string" DESCRIPTION ="" FIELDNUMBER ="2" FIELDPROPERTY ="0" FIELDTYPE ="ELEMITEM" HIDDEN ="NO" KEYTYPE ="NOT A KEY" LENGTH ="10" LEVEL ="0" NAME ="SUM_TARGET_UNITS" NULLABLE ="NOTNULL" OCCURS ="0" OFFSET ="10" PHYSICALLENGTH ="10" PHYSICALOFFSET ="10" PICTURETEXT ="" PRECISION ="10" SCALE ="0" USAGE_FLAGS =""/>
        <SOURCEFIELD BUSINESSNAME ="" DATATYPE ="string" DESCRIPTION ="" FIELDNUMBER ="3" FIELDPROPERTY ="0" FIELDTYPE ="ELEMITEM" HIDDEN ="NO" KEYTYPE ="NOT A KEY" LENGTH ="19" LEVEL ="0" NAME ="CREATE_DATE" NULLABLE ="NULL" OCCURS ="0" OFFSET ="20" PHYSICALLENGTH ="19" PHYSICALOFFSET ="20" PICTURETEXT ="" PRECISION ="19" SCALE ="0" USAGE_FLAGS =""/>
    </SOURCE>
    <TARGET BUSINESSNAME ="" CONSTRAINT ="" DATABASETYPE ="Oracle" DESCRIPTION ="" NAME ="INFO_ETL_CNTL_TBL" OBJECTVERSION ="1" TABLEOPTIONS ="" VERSIONNUMBER ="1">
        <TARGETFIELD BUSINESSNAME ="" DATATYPE ="varchar2" DESCRIPTION ="" FIELDNUMBER ="1" KEYTYPE ="NOT A KEY" NAME ="SUBJECT_AREA" NULLABLE ="NULL" PICTURETEXT ="" PRECISION ="50" SCALE ="0"/>
        <TARGETFIELD BUSINESSNAME ="" DATATYPE ="varchar2" DESCRIPTION ="" FIELDNUMBER ="2" KEYTYPE ="NOT A KEY" NAME ="SRC_SYS_NAME" NULLABLE ="NULL" PICTURETEXT ="" PRECISION ="50" SCALE ="0"/>
        <TARGETFIELD BUSINESSNAME ="" DATATYPE ="varchar2" DESCRIPTION ="" FIELDNUMBER ="3" KEYTYPE ="PRIMARY KEY" NAME ="TGT_SYS_NAME" NULLABLE ="NOTNULL" PICTURETEXT ="" PRECISION ="50" SCALE ="0"/>
        <TARGETFIELD BUSINESSNAME ="" DATATYPE ="varchar2" DESCRIPTION ="" FIELDNUMBER ="4" KEYTYPE ="NOT A KEY" NAME ="SRC_TABLE_NAME" NULLABLE ="NULL" PICTURETEXT ="" PRECISION ="50" SCALE ="0"/>
        <TARGETFIELD BUSINESSNAME ="" DATATYPE ="varchar2" DESCRIPTION ="" FIELDNUMBER ="5" KEYTYPE ="PRIMARY KEY" NAME ="TGT_TABLE_NAME" NULLABLE ="NOTNULL" PICTURETEXT ="" PRECISION ="50" SCALE ="0"/>
        <TARGETFIELD BUSINESSNAME ="" DATATYPE ="varchar2" DESCRIPTION ="" FIELDNUMBER ="6" KEYTYPE ="PRIMARY KEY" NAME ="INFO_FOLDER_NAME" NULLABLE ="NOTNULL" PICTURETEXT ="" PRECISION ="50" SCALE ="0"/>
        <TARGETFIELD BUSINESSNAME ="" DATATYPE ="varchar2" DESCRIPTION ="" FIELDNUMBER ="7" KEYTYPE ="PRIMARY KEY" NAME ="INFO_MAP_NAME" NULLABLE ="NOTNULL" PICTURETEXT ="" PRECISION ="50" SCALE ="0"/>
        <TARGETFIELD BUSINESSNAME ="" DATATYPE ="varchar2" DESCRIPTION ="" FIELDNUMBER ="8" KEYTYPE ="NOT A KEY" NAME ="PRED_MAP_NAME" NULLABLE ="NULL" PICTURETEXT ="" PRECISION ="50" SCALE ="0"/>
        <TARGETFIELD BUSINESSNAME ="" DATATYPE ="varchar2" DESCRIPTION ="" FIELDNUMBER ="9" KEYTYPE ="NOT A KEY" NAME ="TGT_TABLE_COL_NM" NULLABLE ="NULL" PICTURETEXT ="" PRECISION ="50" SCALE ="0"/>
        <TARGETFIELD BUSINESSNAME ="" DATATYPE ="varchar2" DESCRIPTION ="" FIELDNUMBER ="10" KEYTYPE ="NOT A KEY" NAME ="TGT_TABLE_COL_VAL" NULLABLE ="NULL" PICTURETEXT ="" PRECISION ="12" SCALE ="0"/>
        <TARGETFIELD BUSINESSNAME ="" DATATYPE ="varchar2" DESCRIPTION ="" FIELDNUMBER ="11" KEYTYPE ="NOT A KEY" NAME ="BAL_STRATEGY" NULLABLE ="NULL" PICTURETEXT ="" PRECISION ="50" SCALE ="0"/>
        <TARGETFIELD BUSINESSNAME ="" DATATYPE ="number(p,s)" DESCRIPTION ="" FIELDNUMBER ="12" KEYTYPE ="NOT A KEY" NAME ="SRC_VAL" NULLABLE ="NULL" PICTURETEXT ="" PRECISION ="12" SCALE ="0"/>
        <TARGETFIELD BUSINESSNAME ="" DATATYPE ="number(p,s)" DESCRIPTION ="" FIELDNUMBER ="13" KEYTYPE ="NOT A KEY" NAME ="TGT_VAL" NULLABLE ="NULL" PICTURETEXT ="" PRECISION ="12" SCALE ="0"/>
        <TARGETFIELD BUSINESSNAME ="" DATATYPE ="varchar2" DESCRIPTION ="" FIELDNUMBER ="14" KEYTYPE ="NOT A KEY" NAME ="STATUS_YN" NULLABLE ="NULL" PICTURETEXT ="" PRECISION ="1" SCALE ="0"/>
        <TARGETFIELD BUSINESSNAME ="" DATATYPE ="date" DESCRIPTION ="" FIELDNUMBER ="15" KEYTYPE ="PRIMARY KEY" NAME ="MAP_RUN_DT" NULLABLE ="NOTNULL" PICTURETEXT ="" PRECISION ="19" SCALE ="0"/>
        <TARGETFIELD BUSINESSNAME ="" DATATYPE ="varchar2" DESCRIPTION ="" FIELDNUMBER ="16" KEYTYPE ="NOT A KEY" NAME ="UPDATE_USERID" NULLABLE ="NULL" PICTURETEXT ="" PRECISION ="40" SCALE ="0"/>
        <TARGETFIELD BUSINESSNAME ="" DATATYPE ="date" DESCRIPTION ="" FIELDNUMBER ="17" KEYTYPE ="NOT A KEY" NAME ="UPDATE_TIMESTAMP" NULLABLE ="NULL" PICTURETEXT ="" PRECISION ="19" SCALE ="0"/>
        <TARGETFIELD BUSINESSNAME ="" DATATYPE ="varchar2" DESCRIPTION ="" FIELDNUMBER ="18" KEYTYPE ="NOT A KEY" NAME ="MAP_DESCP" NULLABLE ="NULL" PICTURETEXT ="" PRECISION ="256" SCALE ="0"/>
    </TARGET>
    <MAPPING DESCRIPTION ="This mapping loads data from flat file: SLSINTR.txt after comparing the count in the trigger file into the target staging table:STAGING.STG_SC_Intr_From" ISVALID ="YES" NAME ="m_STG_SC_INTR_FROM" OBJECTVERSION ="1" VERSIONNUMBER ="1">
        <TRANSFORMATION DESCRIPTION ="This transformation performs the logic as given in the conversion mapping by passing default values and other transformation rules to the target fields." NAME ="EXP_STG_SC_INTR_FROM" OBJECTVERSION ="1" REUSABLE ="NO" TYPE ="Expression" VERSIONNUMBER ="1">
            <TRANSFORMFIELD DATATYPE ="string" DEFAULTVALUE ="" DESCRIPTION ="" NAME ="I_AS_OF_DATE" PICTURETEXT ="" PORTTYPE ="INPUT" PRECISION ="19" SCALE ="0"/>
            <TRANSFORMFIELD DATATYPE ="string" DEFAULTVALUE ="" DESCRIPTION ="" NAME ="I_DIVISION_CODE" PICTURETEXT ="" PORTTYPE ="INPUT" PRECISION ="2" SCALE ="0"/>
            <TRANSFORMFIELD DATATYPE ="string" DEFAULTVALUE ="" DESCRIPTION ="" NAME ="I_FRM_FACILITY" PICTURETEXT ="" PORTTYPE ="INPUT" PRECISION ="2" SCALE ="0"/>
            <TRANSFORMFIELD DATATYPE ="string" DEFAULTVALUE ="" DESCRIPTION ="" NAME ="I_DC_FACILITY" PICTURETEXT ="" PORTTYPE ="INPUT" PRECISION ="2" SCALE ="0"/>
            <TRANSFORMFIELD DATATYPE ="string" DEFAULTVALUE ="" DESCRIPTION ="" NAME ="I_SKU" PICTURETEXT ="" PORTTYPE ="INPUT" PRECISION ="10" SCALE ="0"/>
            <TRANSFORMFIELD DATATYPE ="string" DEFAULTVALUE ="" DESCRIPTION ="" NAME ="I_INTRANIST_GARMENTS" PICTURETEXT ="" PORTTYPE ="INPUT" PRECISION ="10" SCALE ="0"/>
            <TRANSFORMFIELD DATATYPE ="string" DEFAULTVALUE ="" DESCRIPTION ="" NAME ="I_INTRANIST_UNITS" PICTURETEXT ="" PORTTYPE ="INPUT" PRECISION ="10" SCALE ="0"/>
            <TRANSFORMFIELD DATATYPE ="string" DEFAULTVALUE ="" DESCRIPTION ="" NAME ="I_COST_PER_GARMENT" PICTURETEXT ="" PORTTYPE ="INPUT" PRECISION ="16" SCALE ="0"/>
            <TRANSFORMFIELD DATATYPE ="date/time" DEFAULTVALUE ="" DESCRIPTION ="" EXPRESSION ="TO_DATE(LTRIM(RTRIM(I_AS_OF_DATE)),&apos;yyyymmdd&apos;)" EXPRESSIONTYPE ="GENERAL" NAME ="AS_OF_DATE" PICTURETEXT ="" PORTTYPE ="OUTPUT" PRECISION ="29" SCALE ="9"/>
            <TRANSFORMFIELD DATATYPE ="string" DEFAULTVALUE ="" DESCRIPTION ="" EXPRESSION ="LTRIM(RTRIM(I_FRM_FACILITY))" EXPRESSIONTYPE ="GENERAL" NAME ="FROM_FACILITY" PICTURETEXT ="" PORTTYPE ="OUTPUT" PRECISION ="2" SCALE ="0"/>
            <TRANSFORMFIELD DATATYPE ="string" DEFAULTVALUE ="" DESCRIPTION ="" EXPRESSION ="LTRIM(RTRIM(I_DC_FACILITY))" EXPRESSIONTYPE ="GENERAL" NAME ="DC_FACILITY" PICTURETEXT ="" PORTTYPE ="OUTPUT" PRECISION ="2" SCALE ="0"/>
            <TRANSFORMFIELD DATATYPE ="string" DEFAULTVALUE ="" DESCRIPTION ="" EXPRESSION ="LTRIM(RTRIM(I_SKU))" EXPRESSIONTYPE ="GENERAL" NAME ="SKU" PICTURETEXT ="" PORTTYPE ="OUTPUT" PRECISION ="10" SCALE ="0"/>
            <TRANSFORMFIELD DATATYPE ="decimal" DEFAULTVALUE ="" DESCRIPTION ="" EXPRESSION ="IIF(ISNULL(I_INTRANIST_GARMENTS) OR IS_SPACES(I_INTRANIST_GARMENTS),0,TO_DECIMAL(LTRIM(RTRIM(I_INTRANIST_GARMENTS))))" EXPRESSIONTYPE ="GENERAL" NAME ="INTRANSIT_GARMENTS" PICTURETEXT ="" PORTTYPE ="OUTPUT" PRECISION ="10" SCALE ="0"/>
            <TRANSFORMFIELD DATATYPE ="decimal" DEFAULTVALUE ="" DESCRIPTION ="" EXPRESSION ="IIF(ISNULL(I_INTRANIST_UNITS) OR IS_SPACES(I_INTRANIST_UNITS),0,TO_DECIMAL(LTRIM(RTRIM(I_INTRANIST_UNITS))))" EXPRESSIONTYPE ="GENERAL" NAME ="INTRANSIT_UNITS" PICTURETEXT ="" PORTTYPE ="OUTPUT" PRECISION ="10" SCALE ="0"/>
            <TRANSFORMFIELD DATATYPE ="decimal" DEFAULTVALUE ="ERROR(&apos;transformation error&apos;)" DESCRIPTION ="" EXPRESSION ="IIF(ISNULL(I_COST_PER_GARMENT) OR IS_SPACES(I_COST_PER_GARMENT),0,ROUND(TO_DECIMAL(LTRIM(RTRIM(I_COST_PER_GARMENT))),8))" EXPRESSIONTYPE ="GENERAL" NAME ="COST_PER_GARMENT" PICTURETEXT ="" PORTTYPE ="OUTPUT" PRECISION ="15" SCALE ="8"/>
            <TRANSFORMFIELD DATATYPE ="string" DEFAULTVALUE ="ERROR(&apos;transformation error&apos;)" DESCRIPTION ="" EXPRESSION ="LTRIM(RTRIM(I_DIVISION_CODE))" EXPRESSIONTYPE ="GENERAL" NAME ="DIVISION_CODE" PICTURETEXT ="" PORTTYPE ="OUTPUT" PRECISION ="2" SCALE ="0"/>
            <TRANSFORMFIELD DATATYPE ="string" DEFAULTVALUE ="" DESCRIPTION ="" EXPRESSION ="&apos;Socks&apos;" EXPRESSIONTYPE ="GENERAL" NAME ="LINE_OF_BUSINESS" PICTURETEXT ="" PORTTYPE ="OUTPUT" PRECISION ="10" SCALE ="0"/>
            <TRANSFORMFIELD DATATYPE ="string" DEFAULTVALUE ="" DESCRIPTION ="" EXPRESSION ="&apos;sls&apos;" EXPRESSIONTYPE ="GENERAL" NAME ="DIVISION_GROUP" PICTURETEXT ="" PORTTYPE ="OUTPUT" PRECISION ="5" SCALE ="0"/>
            <TRANSFORMFIELD DATATYPE ="string" DEFAULTVALUE ="" DESCRIPTION ="" EXPRESSION ="&apos;N&apos;" EXPRESSIONTYPE ="GENERAL" NAME ="PROCESS_FLAG" PICTURETEXT ="" PORTTYPE ="OUTPUT" PRECISION ="1" SCALE ="0"/>
            <TRANSFORMFIELD DATATYPE ="string" DEFAULTVALUE ="" DESCRIPTION ="" EXPRESSION ="&apos;N&apos;" EXPRESSIONTYPE ="GENERAL" NAME ="ERROR_CODE" PICTURETEXT ="" PORTTYPE ="OUTPUT" PRECISION ="20" SCALE ="0"/>
            <TRANSFORMFIELD DATATYPE ="string" DEFAULTVALUE ="" DESCRIPTION ="" EXPRESSION ="NULL" EXPRESSIONTYPE ="GENERAL" NAME ="ERROR_DESCRIPTION" PICTURETEXT ="" PORTTYPE ="OUTPUT" PRECISION ="50" SCALE ="0"/>
            <TRANSFORMFIELD DATATYPE ="date/time" DEFAULTVALUE ="" DESCRIPTION ="" EXPRESSION ="SESSSTARTTIME" EXPRESSIONTYPE ="GENERAL" NAME ="CREATE_DATE" PICTURETEXT ="" PORTTYPE ="OUTPUT" PRECISION ="29" SCALE ="9"/>
            <TRANSFORMFIELD DATATYPE ="string" DEFAULTVALUE ="" DESCRIPTION ="" EXPRESSION ="&apos;ETL SC StgIntr&apos;" EXPRESSIONTYPE ="GENERAL" NAME ="CREATE_USERID" PICTURETEXT ="" PORTTYPE ="OUTPUT" PRECISION ="20" SCALE ="0"/>
            <TRANSFORMFIELD DATATYPE ="date/time" DEFAULTVALUE ="" DESCRIPTION ="" EXPRESSION ="NULL" EXPRESSIONTYPE ="GENERAL" NAME ="UPDATE_DATE" PICTURETEXT ="" PORTTYPE ="OUTPUT" PRECISION ="29" SCALE ="9"/>
            <TRANSFORMFIELD DATATYPE ="string" DEFAULTVALUE ="" DESCRIPTION ="" EXPRESSION ="NULL" EXPRESSIONTYPE ="GENERAL" NAME ="UPDATE_USERID" PICTURETEXT ="" PORTTYPE ="OUTPUT" PRECISION ="20" SCALE ="0"/>
            <TABLEATTRIBUTE NAME ="Tracing Level" VALUE ="Normal"/>
        </TRANSFORMATION>
        <TRANSFORMATION DESCRIPTION ="This expression transformation is used to set the default values for the control table. As this mapping is reusable for other LOBs , the source table name, info_map_name, map_desc arer passed as parameters. The values will be provided in the param file mentioned in the workflow." NAME ="EXP_CNTL_TBL" OBJECTVERSION ="1" REUSABLE ="NO" TYPE ="Expression" VERSIONNUMBER ="1">
            <TRANSFORMFIELD DATATYPE ="string" DEFAULTVALUE ="" DESCRIPTION ="" NAME ="I_COUNT" PICTURETEXT ="" PORTTYPE ="INPUT" PRECISION ="10" SCALE ="0"/>
            <TRANSFORMFIELD DATATYPE ="string" DEFAULTVALUE ="ERROR(&apos;transformation error&apos;)" DESCRIPTION ="" EXPRESSION ="&apos;ETL STG SC INTR FROM Map&apos;" EXPRESSIONTYPE ="GENERAL" NAME ="SUBJECT_AREA" PICTURETEXT ="" PORTTYPE ="OUTPUT" PRECISION ="50" SCALE ="0"/>
            <TRANSFORMFIELD DATATYPE ="string" DEFAULTVALUE ="ERROR(&apos;transformation error&apos;)" DESCRIPTION ="" EXPRESSION ="&apos;FLAT FILE&apos;" EXPRESSIONTYPE ="GENERAL" NAME ="SRC_SYS_NAME" PICTURETEXT ="" PORTTYPE ="OUTPUT" PRECISION ="50" SCALE ="0"/>
            <TRANSFORMFIELD DATATYPE ="string" DEFAULTVALUE ="ERROR(&apos;transformation error&apos;)" DESCRIPTION ="" EXPRESSION ="&apos;ORACLE&apos;" EXPRESSIONTYPE ="GENERAL" NAME ="TGT_SYS_NAME" PICTURETEXT ="" PORTTYPE ="OUTPUT" PRECISION ="50" SCALE ="0"/>
            <TRANSFORMFIELD DATATYPE ="string" DEFAULTVALUE ="ERROR(&apos;transformation error&apos;)" DESCRIPTION ="" EXPRESSION ="&apos;SLSINTR.txt&apos;" EXPRESSIONTYPE ="GENERAL" NAME ="SRC_TABLE_NAME" PICTURETEXT ="" PORTTYPE ="OUTPUT" PRECISION ="50" SCALE ="0"/>
            <TRANSFORMFIELD DATATYPE ="string" DEFAULTVALUE ="ERROR(&apos;transformation error&apos;)" DESCRIPTION ="" EXPRESSION ="&apos;STAGING.STG_SC_Intr_From&apos;" EXPRESSIONTYPE ="GENERAL" NAME ="TGT_TABLE_NAME" PICTURETEXT ="" PORTTYPE ="OUTPUT" PRECISION ="50" SCALE ="0"/>
            <TRANSFORMFIELD DATATYPE ="string" DEFAULTVALUE ="ERROR(&apos;transformation error&apos;)" DESCRIPTION ="" EXPRESSION ="&apos;INVENTORY_ANALYSIS&apos;" EXPRESSIONTYPE ="GENERAL" NAME ="INFO_FOLDER_NAME" PICTURETEXT ="" PORTTYPE ="OUTPUT" PRECISION ="50" SCALE ="0"/>
            <TRANSFORMFIELD DATATYPE ="string" DEFAULTVALUE ="ERROR(&apos;transformation error&apos;)" DESCRIPTION ="" EXPRESSION ="&apos;m_STG_SC_INTR_FROM&apos;" EXPRESSIONTYPE ="GENERAL" NAME ="INFO_MAP_NAME" PICTURETEXT ="" PORTTYPE ="OUTPUT" PRECISION ="50" SCALE ="0"/>
            <TRANSFORMFIELD DATATYPE ="string" DEFAULTVALUE ="ERROR(&apos;transformation error&apos;)" DESCRIPTION ="" EXPRESSION ="&apos;m_STG_SC_INTR_FROM_DEL&apos;" EXPRESSIONTYPE ="GENERAL" NAME ="PRED_MAP_NAME" PICTURETEXT ="" PORTTYPE ="OUTPUT" PRECISION ="50" SCALE ="0"/>
            <TRANSFORMFIELD DATATYPE ="string" DEFAULTVALUE ="ERROR(&apos;transformation error&apos;)" DESCRIPTION ="" EXPRESSION ="&apos;NA&apos;" EXPRESSIONTYPE ="GENERAL" NAME ="TGT_TABLE_COL_NM" PICTURETEXT ="" PORTTYPE ="OUTPUT" PRECISION ="50" SCALE ="0"/>
            <TRANSFORMFIELD DATATYPE ="string" DEFAULTVALUE ="ERROR(&apos;transformation error&apos;)" DESCRIPTION ="" EXPRESSION ="TO_CHAR(SYSDATE,&apos;MM/DD/YYYY&apos;)" EXPRESSIONTYPE ="GENERAL" NAME ="TGT_TABLE_COL_VAL" PICTURETEXT ="" PORTTYPE ="OUTPUT" PRECISION ="12" SCALE ="0"/>
            <TRANSFORMFIELD DATATYPE ="string" DEFAULTVALUE ="ERROR(&apos;transformation error&apos;)" DESCRIPTION ="" EXPRESSION ="&apos;SOURCE AND TARGET COUNT&apos;" EXPRESSIONTYPE ="GENERAL" NAME ="BAL_STRATEGY" PICTURETEXT ="" PORTTYPE ="OUTPUT" PRECISION ="50" SCALE ="0"/>
            <TRANSFORMFIELD DATATYPE ="decimal" DEFAULTVALUE ="" DESCRIPTION ="" EXPRESSION ="TO_DECIMAL(I_COUNT)" EXPRESSIONTYPE ="GENERAL" NAME ="SRC_VAL" PICTURETEXT ="" PORTTYPE ="OUTPUT" PRECISION ="12" SCALE ="0"/>
            <TRANSFORMFIELD DATATYPE ="decimal" DEFAULTVALUE ="ERROR(&apos;transformation error&apos;)" DESCRIPTION ="" EXPRESSION ="NULL" EXPRESSIONTYPE ="GENERAL" NAME ="TGT_VAL" PICTURETEXT ="" PORTTYPE ="OUTPUT" PRECISION ="12" SCALE ="0"/>
            <TRANSFORMFIELD DATATYPE ="string" DEFAULTVALUE ="ERROR(&apos;transformation error&apos;)" DESCRIPTION ="" EXPRESSION ="NULL" EXPRESSIONTYPE ="GENERAL" NAME ="STATUS_YN" PICTURETEXT ="" PORTTYPE ="OUTPUT" PRECISION ="1" SCALE ="0"/>
            <TRANSFORMFIELD DATATYPE ="date/time" DEFAULTVALUE ="ERROR(&apos;transformation error&apos;)" DESCRIPTION ="" EXPRESSION ="SESSSTARTTIME" EXPRESSIONTYPE ="GENERAL" NAME ="MAP_RUN_DT" PICTURETEXT ="" PORTTYPE ="OUTPUT" PRECISION ="29" SCALE ="9"/>
            <TRANSFORMFIELD DATATYPE ="string" DEFAULTVALUE ="ERROR(&apos;transformation error&apos;)" DESCRIPTION ="" EXPRESSION ="&apos;ETL SC StgIntr&apos;" EXPRESSIONTYPE ="GENERAL" NAME ="UPDATE_USERID" PICTURETEXT ="" PORTTYPE ="OUTPUT" PRECISION ="40" SCALE ="0"/>
            <TRANSFORMFIELD DATATYPE ="date/time" DEFAULTVALUE ="ERROR(&apos;transformation error&apos;)" DESCRIPTION ="" EXPRESSION ="SESSSTARTTIME" EXPRESSIONTYPE ="GENERAL" NAME ="UPDATE_TIMESTAMP" PICTURETEXT ="" PORTTYPE ="OUTPUT" PRECISION ="29" SCALE ="9"/>
            <TRANSFORMFIELD DATATYPE ="string" DEFAULTVALUE ="ERROR(&apos;transformation error&apos;)" DESCRIPTION ="" EXPRESSION ="&apos;Loads data from flat file: SLSINTR.txt after comparing the count in the trigger file into target staging table:STAGING.STG_SC_Intr_From&apos;" EXPRESSIONTYPE ="GENERAL" NAME ="MAP_DESCP" PICTURETEXT ="" PORTTYPE ="OUTPUT" PRECISION ="256" SCALE ="0"/>
            <TABLEATTRIBUTE NAME ="Tracing Level" VALUE ="Normal"/>
        </TRANSFORMATION>
        <TRANSFORMATION DESCRIPTION ="This transformation reads from the source file: SLSINTR.TXT" NAME ="SQ_SLSINTR" OBJECTVERSION ="1" REUSABLE ="NO" TYPE ="Source Qualifier" VERSIONNUMBER ="1">
            <TRANSFORMFIELD DATATYPE ="string" DEFAULTVALUE ="" DESCRIPTION ="" NAME ="AS_OF_DATE" PICTURETEXT ="" PORTTYPE ="INPUT/OUTPUT" PRECISION ="19" SCALE ="0"/>
            <TRANSFORMFIELD DATATYPE ="string" DEFAULTVALUE ="" DESCRIPTION ="" NAME ="DIVISION_CODE" PICTURETEXT ="" PORTTYPE ="INPUT/OUTPUT" PRECISION ="2" SCALE ="0"/>
            <TRANSFORMFIELD DATATYPE ="string" DEFAULTVALUE ="" DESCRIPTION ="" NAME ="FRM_FACILITY" PICTURETEXT ="" PORTTYPE ="INPUT/OUTPUT" PRECISION ="2" SCALE ="0"/>
            <TRANSFORMFIELD DATATYPE ="string" DEFAULTVALUE ="" DESCRIPTION ="" NAME ="DC_FACILITY" PICTURETEXT ="" PORTTYPE ="INPUT/OUTPUT" PRECISION ="2" SCALE ="0"/>
            <TRANSFORMFIELD DATATYPE ="string" DEFAULTVALUE ="" DESCRIPTION ="" NAME ="SKU" PICTURETEXT ="" PORTTYPE ="INPUT/OUTPUT" PRECISION ="10" SCALE ="0"/>
            <TRANSFORMFIELD DATATYPE ="string" DEFAULTVALUE ="" DESCRIPTION ="" NAME ="INTRANIST_GARMENTS" PICTURETEXT ="" PORTTYPE ="INPUT/OUTPUT" PRECISION ="10" SCALE ="0"/>
            <TRANSFORMFIELD DATATYPE ="string" DEFAULTVALUE ="" DESCRIPTION ="" NAME ="INTRANIST_UNITS" PICTURETEXT ="" PORTTYPE ="INPUT/OUTPUT" PRECISION ="10" SCALE ="0"/>
            <TRANSFORMFIELD DATATYPE ="string" DEFAULTVALUE ="" DESCRIPTION ="" NAME ="COST_PER_GARMENT" PICTURETEXT ="" PORTTYPE ="INPUT/OUTPUT" PRECISION ="16" SCALE ="0"/>
            <TABLEATTRIBUTE NAME ="Sql Query" VALUE =""/>
            <TABLEATTRIBUTE NAME ="User Defined Join" VALUE =""/>
            <TABLEATTRIBUTE NAME ="Source Filter" VALUE =""/>
            <TABLEATTRIBUTE NAME ="Number Of Sorted Ports" VALUE ="0"/>
            <TABLEATTRIBUTE NAME ="Tracing Level" VALUE ="Normal"/>
            <TABLEATTRIBUTE NAME ="Select Distinct" VALUE ="NO"/>
            <TABLEATTRIBUTE NAME ="Is Partitionable" VALUE ="NO"/>
            <TABLEATTRIBUTE NAME ="Pre SQL" VALUE =""/>
            <TABLEATTRIBUTE NAME ="Post SQL" VALUE =""/>
            <TABLEATTRIBUTE NAME ="Output is deterministic" VALUE ="NO"/>
            <TABLEATTRIBUTE NAME ="Output is repeatable" VALUE ="Never"/>
        </TRANSFORMATION>
        <TRANSFORMATION DESCRIPTION ="This transformation reads records from SLSINTR.trg file." NAME ="SQ_SLSINTR_TRG" OBJECTVERSION ="1" REUSABLE ="NO" TYPE ="Source Qualifier" VERSIONNUMBER ="1">
            <TRANSFORMFIELD DATATYPE ="string" DEFAULTVALUE ="" DESCRIPTION ="" NAME ="COUNT" PICTURETEXT ="" PORTTYPE ="INPUT/OUTPUT" PRECISION ="10" SCALE ="0"/>
            <TABLEATTRIBUTE NAME ="Sql Query" VALUE =""/>
            <TABLEATTRIBUTE NAME ="User Defined Join" VALUE =""/>
            <TABLEATTRIBUTE NAME ="Source Filter" VALUE =""/>
            <TABLEATTRIBUTE NAME ="Number Of Sorted Ports" VALUE ="0"/>
            <TABLEATTRIBUTE NAME ="Tracing Level" VALUE ="Normal"/>
            <TABLEATTRIBUTE NAME ="Select Distinct" VALUE ="NO"/>
            <TABLEATTRIBUTE NAME ="Is Partitionable" VALUE ="NO"/>
            <TABLEATTRIBUTE NAME ="Pre SQL" VALUE =""/>
            <TABLEATTRIBUTE NAME ="Post SQL" VALUE =""/>
            <TABLEATTRIBUTE NAME ="Output is deterministic" VALUE ="NO"/>
            <TABLEATTRIBUTE NAME ="Output is repeatable" VALUE ="Never"/>
        </TRANSFORMATION>
        <INSTANCE DESCRIPTION ="" NAME ="INFO_ETL_CNTL_TBL" TRANSFORMATION_NAME ="INFO_ETL_CNTL_TBL" TRANSFORMATION_TYPE ="Target Definition" TYPE ="TARGET">
            <TABLEATTRIBUTE NAME ="Post SQL" VALUE ="UPDATE INFO_ETL_CNTL_TBL&#xD;&#xA;SET TGT_VAL=( SELECT count(*) FROM STAGING.STG_SC_Intr_From WHERE CREATE_DATE=(SELECT MAX(MAP_RUN_DT) FROM INFO_ETL_CNTL_TBL WHERE INFO_MAP_NAME = &apos;m_STG_SC_INTR_FROM&apos; AND MAP_RUN_DT &gt; (TRUNC(SYSDATE) - 1) )) &#xD;&#xA;WHERE &#xD;&#xA;INFO_MAP_NAME = &apos;m_STG_SC_INTR_FROM&apos; AND &#xD;&#xA;MAP_RUN_DT=(SELECT MAX(MAP_RUN_DT) FROM INFO_ETL_CNTL_TBL WHERE INFO_MAP_NAME = &apos;m_STG_SC_INTR_FROM&apos; AND MAP_RUN_DT  &gt; (TRUNC(SYSDATE) - 1) ) ;&#xD;&#xA;&#xD;&#xA;&#xD;&#xA;UPDATE INFO_ETL_CNTL_TBL&#xD;&#xA;SET STATUS_YN = (CASE WHEN SRC_VAL = TGT_VAL THEN &apos;Y&apos; ELSE &apos;N&apos; END )&#xD;&#xA;WHERE &#xD;&#xA;INFO_MAP_NAME = &apos;m_STG_SC_INTR_FROM&apos;  AND &#xD;&#xA;MAP_RUN_DT=(SELECT MAX(MAP_RUN_DT) FROM INFO_ETL_CNTL_TBL WHERE INFO_MAP_NAME = &apos;m_STG_SC_INTR_FROM&apos;  AND MAP_RUN_DT  &gt; (TRUNC(SYSDATE) - 1) );"/>
        </INSTANCE>
        <INSTANCE DESCRIPTION ="" NAME ="STG_SC_INTR_FROM" TRANSFORMATION_NAME ="STG_SC_INTR_FROM" TRANSFORMATION_TYPE ="Target Definition" TYPE ="TARGET"/>
        <INSTANCE DBDNAME ="Flat_File" DESCRIPTION ="This trigger flat file holds the details about the SLSINTR.trg flat file." NAME ="SLSINTR_TRG" TRANSFORMATION_NAME ="SLSTILS_TRG" TRANSFORMATION_TYPE ="Source Definition" TYPE ="SOURCE"/>
        <INSTANCE DBDNAME ="Flat_File" DESCRIPTION ="" NAME ="SLSINTR" TRANSFORMATION_NAME ="SLSINTR" TRANSFORMATION_TYPE ="Source Definition" TYPE ="SOURCE"/>
        <INSTANCE DESCRIPTION ="This transformation performs the logic as given in the conversion mapping by passing default values and other transformation rules to the target fields." NAME ="EXP_STG_SC_INTR_FROM" REUSABLE ="NO" TRANSFORMATION_NAME ="EXP_STG_SC_INTR_FROM" TRANSFORMATION_TYPE ="Expression" TYPE ="TRANSFORMATION"/>
        <INSTANCE DESCRIPTION ="This expression transformation is used to set the default values for the control table. As this mapping is reusable for other LOBs , the source table name, info_map_name, map_desc arer passed as parameters. The values will be provided in the param file mentioned in the workflow." NAME ="EXP_CNTL_TBL" REUSABLE ="NO" TRANSFORMATION_NAME ="EXP_CNTL_TBL" TRANSFORMATION_TYPE ="Expression" TYPE ="TRANSFORMATION"/>
        <INSTANCE DESCRIPTION ="This transformation reads from the source file: SLSINTR.TXT" NAME ="SQ_SLSINTR" REUSABLE ="NO" TRANSFORMATION_NAME ="SQ_SLSINTR" TRANSFORMATION_TYPE ="Source Qualifier" TYPE ="TRANSFORMATION">
            <ASSOCIATED_SOURCE_INSTANCE NAME ="SLSINTR"/>
        </INSTANCE>
        <INSTANCE DESCRIPTION ="This transformation reads records from SLSINTR.trg file." NAME ="SQ_SLSINTR_TRG" REUSABLE ="NO" TRANSFORMATION_NAME ="SQ_SLSINTR_TRG" TRANSFORMATION_TYPE ="Source Qualifier" TYPE ="TRANSFORMATION">
            <ASSOCIATED_SOURCE_INSTANCE NAME ="SLSINTR_TRG"/>
        </INSTANCE>
        <CONNECTOR FROMFIELD ="SUBJECT_AREA" FROMINSTANCE ="EXP_CNTL_TBL" FROMINSTANCETYPE ="Expression" TOFIELD ="SUBJECT_AREA" TOINSTANCE ="INFO_ETL_CNTL_TBL" TOINSTANCETYPE ="Target Definition"/>
        <CONNECTOR FROMFIELD ="SRC_SYS_NAME" FROMINSTANCE ="EXP_CNTL_TBL" FROMINSTANCETYPE ="Expression" TOFIELD ="SRC_SYS_NAME" TOINSTANCE ="INFO_ETL_CNTL_TBL" TOINSTANCETYPE ="Target Definition"/>
        <CONNECTOR FROMFIELD ="TGT_SYS_NAME" FROMINSTANCE ="EXP_CNTL_TBL" FROMINSTANCETYPE ="Expression" TOFIELD ="TGT_SYS_NAME" TOINSTANCE ="INFO_ETL_CNTL_TBL" TOINSTANCETYPE ="Target Definition"/>
        <CONNECTOR FROMFIELD ="SRC_TABLE_NAME" FROMINSTANCE ="EXP_CNTL_TBL" FROMINSTANCETYPE ="Expression" TOFIELD ="SRC_TABLE_NAME" TOINSTANCE ="INFO_ETL_CNTL_TBL" TOINSTANCETYPE ="Target Definition"/>
        <CONNECTOR FROMFIELD ="TGT_TABLE_NAME" FROMINSTANCE ="EXP_CNTL_TBL" FROMINSTANCETYPE ="Expression" TOFIELD ="TGT_TABLE_NAME" TOINSTANCE ="INFO_ETL_CNTL_TBL" TOINSTANCETYPE ="Target Definition"/>
        <CONNECTOR FROMFIELD ="INFO_FOLDER_NAME" FROMINSTANCE ="EXP_CNTL_TBL" FROMINSTANCETYPE ="Expression" TOFIELD ="INFO_FOLDER_NAME" TOINSTANCE ="INFO_ETL_CNTL_TBL" TOINSTANCETYPE ="Target Definition"/>
        <CONNECTOR FROMFIELD ="INFO_MAP_NAME" FROMINSTANCE ="EXP_CNTL_TBL" FROMINSTANCETYPE ="Expression" TOFIELD ="INFO_MAP_NAME" TOINSTANCE ="INFO_ETL_CNTL_TBL" TOINSTANCETYPE ="Target Definition"/>
        <CONNECTOR FROMFIELD ="PRED_MAP_NAME" FROMINSTANCE ="EXP_CNTL_TBL" FROMINSTANCETYPE ="Expression" TOFIELD ="PRED_MAP_NAME" TOINSTANCE ="INFO_ETL_CNTL_TBL" TOINSTANCETYPE ="Target Definition"/>
        <CONNECTOR FROMFIELD ="TGT_TABLE_COL_NM" FROMINSTANCE ="EXP_CNTL_TBL" FROMINSTANCETYPE ="Expression" TOFIELD ="TGT_TABLE_COL_NM" TOINSTANCE ="INFO_ETL_CNTL_TBL" TOINSTANCETYPE ="Target Definition"/>
        <CONNECTOR FROMFIELD ="TGT_TABLE_COL_VAL" FROMINSTANCE ="EXP_CNTL_TBL" FROMINSTANCETYPE ="Expression" TOFIELD ="TGT_TABLE_COL_VAL" TOINSTANCE ="INFO_ETL_CNTL_TBL" TOINSTANCETYPE ="Target Definition"/>
        <CONNECTOR FROMFIELD ="BAL_STRATEGY" FROMINSTANCE ="EXP_CNTL_TBL" FROMINSTANCETYPE ="Expression" TOFIELD ="BAL_STRATEGY" TOINSTANCE ="INFO_ETL_CNTL_TBL" TOINSTANCETYPE ="Target Definition"/>
        <CONNECTOR FROMFIELD ="SRC_VAL" FROMINSTANCE ="EXP_CNTL_TBL" FROMINSTANCETYPE ="Expression" TOFIELD ="SRC_VAL" TOINSTANCE ="INFO_ETL_CNTL_TBL" TOINSTANCETYPE ="Target Definition"/>
        <CONNECTOR FROMFIELD ="TGT_VAL" FROMINSTANCE ="EXP_CNTL_TBL" FROMINSTANCETYPE ="Expression" TOFIELD ="TGT_VAL" TOINSTANCE ="INFO_ETL_CNTL_TBL" TOINSTANCETYPE ="Target Definition"/>
        <CONNECTOR FROMFIELD ="STATUS_YN" FROMINSTANCE ="EXP_CNTL_TBL" FROMINSTANCETYPE ="Expression" TOFIELD ="STATUS_YN" TOINSTANCE ="INFO_ETL_CNTL_TBL" TOINSTANCETYPE ="Target Definition"/>
        <CONNECTOR FROMFIELD ="MAP_RUN_DT" FROMINSTANCE ="EXP_CNTL_TBL" FROMINSTANCETYPE ="Expression" TOFIELD ="MAP_RUN_DT" TOINSTANCE ="INFO_ETL_CNTL_TBL" TOINSTANCETYPE ="Target Definition"/>
        <CONNECTOR FROMFIELD ="UPDATE_USERID" FROMINSTANCE ="EXP_CNTL_TBL" FROMINSTANCETYPE ="Expression" TOFIELD ="UPDATE_USERID" TOINSTANCE ="INFO_ETL_CNTL_TBL" TOINSTANCETYPE ="Target Definition"/>
        <CONNECTOR FROMFIELD ="UPDATE_TIMESTAMP" FROMINSTANCE ="EXP_CNTL_TBL" FROMINSTANCETYPE ="Expression" TOFIELD ="UPDATE_TIMESTAMP" TOINSTANCE ="INFO_ETL_CNTL_TBL" TOINSTANCETYPE ="Target Definition"/>
        <CONNECTOR FROMFIELD ="MAP_DESCP" FROMINSTANCE ="EXP_CNTL_TBL" FROMINSTANCETYPE ="Expression" TOFIELD ="MAP_DESCP" TOINSTANCE ="INFO_ETL_CNTL_TBL" TOINSTANCETYPE ="Target Definition"/>
        <CONNECTOR FROMFIELD ="DIVISION_CODE" FROMINSTANCE ="EXP_STG_SC_INTR_FROM" FROMINSTANCETYPE ="Expression" TOFIELD ="DIVISION_CODE" TOINSTANCE ="STG_SC_INTR_FROM" TOINSTANCETYPE ="Target Definition"/>
        <CONNECTOR FROMFIELD ="LINE_OF_BUSINESS" FROMINSTANCE ="EXP_STG_SC_INTR_FROM" FROMINSTANCETYPE ="Expression" TOFIELD ="LINE_OF_BUSINESS" TOINSTANCE ="STG_SC_INTR_FROM" TOINSTANCETYPE ="Target Definition"/>
        <CONNECTOR FROMFIELD ="DIVISION_GROUP" FROMINSTANCE ="EXP_STG_SC_INTR_FROM" FROMINSTANCETYPE ="Expression" TOFIELD ="DIVISION_GROUP" TOINSTANCE ="STG_SC_INTR_FROM" TOINSTANCETYPE ="Target Definition"/>
        <CONNECTOR FROMFIELD ="PROCESS_FLAG" FROMINSTANCE ="EXP_STG_SC_INTR_FROM" FROMINSTANCETYPE ="Expression" TOFIELD ="PROCESS_FLAG" TOINSTANCE ="STG_SC_INTR_FROM" TOINSTANCETYPE ="Target Definition"/>
        <CONNECTOR FROMFIELD ="ERROR_CODE" FROMINSTANCE ="EXP_STG_SC_INTR_FROM" FROMINSTANCETYPE ="Expression" TOFIELD ="ERROR_CODE" TOINSTANCE ="STG_SC_INTR_FROM" TOINSTANCETYPE ="Target Definition"/>
        <CONNECTOR FROMFIELD ="ERROR_DESCRIPTION" FROMINSTANCE ="EXP_STG_SC_INTR_FROM" FROMINSTANCETYPE ="Expression" TOFIELD ="ERROR_DESCRIPTION" TOINSTANCE ="STG_SC_INTR_FROM" TOINSTANCETYPE ="Target Definition"/>
        <CONNECTOR FROMFIELD ="CREATE_DATE" FROMINSTANCE ="EXP_STG_SC_INTR_FROM" FROMINSTANCETYPE ="Expression" TOFIELD ="CREATE_DATE" TOINSTANCE ="STG_SC_INTR_FROM" TOINSTANCETYPE ="Target Definition"/>
        <CONNECTOR FROMFIELD ="CREATE_USERID" FROMINSTANCE ="EXP_STG_SC_INTR_FROM" FROMINSTANCETYPE ="Expression" TOFIELD ="CREATE_USERID" TOINSTANCE ="STG_SC_INTR_FROM" TOINSTANCETYPE ="Target Definition"/>
        <CONNECTOR FROMFIELD ="UPDATE_DATE" FROMINSTANCE ="EXP_STG_SC_INTR_FROM" FROMINSTANCETYPE ="Expression" TOFIELD ="UPDATE_DATE" TOINSTANCE ="STG_SC_INTR_FROM" TOINSTANCETYPE ="Target Definition"/>
        <CONNECTOR FROMFIELD ="UPDATE_USERID" FROMINSTANCE ="EXP_STG_SC_INTR_FROM" FROMINSTANCETYPE ="Expression" TOFIELD ="UPDATE_USERID" TOINSTANCE ="STG_SC_INTR_FROM" TOINSTANCETYPE ="Target Definition"/>
        <CONNECTOR FROMFIELD ="COST_PER_GARMENT" FROMINSTANCE ="EXP_STG_SC_INTR_FROM" FROMINSTANCETYPE ="Expression" TOFIELD ="COST_PER_GARMENT" TOINSTANCE ="STG_SC_INTR_FROM" TOINSTANCETYPE ="Target Definition"/>
        <CONNECTOR FROMFIELD ="AS_OF_DATE" FROMINSTANCE ="EXP_STG_SC_INTR_FROM" FROMINSTANCETYPE ="Expression" TOFIELD ="AS_OF_DATE" TOINSTANCE ="STG_SC_INTR_FROM" TOINSTANCETYPE ="Target Definition"/>
        <CONNECTOR FROMFIELD ="FROM_FACILITY" FROMINSTANCE ="EXP_STG_SC_INTR_FROM" FROMINSTANCETYPE ="Expression" TOFIELD ="FROM_FACILITY" TOINSTANCE ="STG_SC_INTR_FROM" TOINSTANCETYPE ="Target Definition"/>
        <CONNECTOR FROMFIELD ="DC_FACILITY" FROMINSTANCE ="EXP_STG_SC_INTR_FROM" FROMINSTANCETYPE ="Expression" TOFIELD ="DC_FACILITY" TOINSTANCE ="STG_SC_INTR_FROM" TOINSTANCETYPE ="Target Definition"/>
        <CONNECTOR FROMFIELD ="SKU" FROMINSTANCE ="EXP_STG_SC_INTR_FROM" FROMINSTANCETYPE ="Expression" TOFIELD ="SKU" TOINSTANCE ="STG_SC_INTR_FROM" TOINSTANCETYPE ="Target Definition"/>
        <CONNECTOR FROMFIELD ="INTRANSIT_GARMENTS" FROMINSTANCE ="EXP_STG_SC_INTR_FROM" FROMINSTANCETYPE ="Expression" TOFIELD ="INTRANSIT_GARMENTS" TOINSTANCE ="STG_SC_INTR_FROM" TOINSTANCETYPE ="Target Definition"/>
        <CONNECTOR FROMFIELD ="INTRANSIT_UNITS" FROMINSTANCE ="EXP_STG_SC_INTR_FROM" FROMINSTANCETYPE ="Expression" TOFIELD ="INTRANSIT_UNITS" TOINSTANCE ="STG_SC_INTR_FROM" TOINSTANCETYPE ="Target Definition"/>
        <CONNECTOR FROMFIELD ="COUNT" FROMINSTANCE ="SLSINTR_TRG" FROMINSTANCETYPE ="Source Definition" TOFIELD ="COUNT" TOINSTANCE ="SQ_SLSINTR_TRG" TOINSTANCETYPE ="Source Qualifier"/>
        <CONNECTOR FROMFIELD ="AS_OF_DATE" FROMINSTANCE ="SLSINTR" FROMINSTANCETYPE ="Source Definition" TOFIELD ="AS_OF_DATE" TOINSTANCE ="SQ_SLSINTR" TOINSTANCETYPE ="Source Qualifier"/>
        <CONNECTOR FROMFIELD ="DIVISION_CODE" FROMINSTANCE ="SLSINTR" FROMINSTANCETYPE ="Source Definition" TOFIELD ="DIVISION_CODE" TOINSTANCE ="SQ_SLSINTR" TOINSTANCETYPE ="Source Qualifier"/>
        <CONNECTOR FROMFIELD ="FRM_FACILITY" FROMINSTANCE ="SLSINTR" FROMINSTANCETYPE ="Source Definition" TOFIELD ="FRM_FACILITY" TOINSTANCE ="SQ_SLSINTR" TOINSTANCETYPE ="Source Qualifier"/>
        <CONNECTOR FROMFIELD ="DC_FACILITY" FROMINSTANCE ="SLSINTR" FROMINSTANCETYPE ="Source Definition" TOFIELD ="DC_FACILITY" TOINSTANCE ="SQ_SLSINTR" TOINSTANCETYPE ="Source Qualifier"/>
        <CONNECTOR FROMFIELD ="SKU" FROMINSTANCE ="SLSINTR" FROMINSTANCETYPE ="Source Definition" TOFIELD ="SKU" TOINSTANCE ="SQ_SLSINTR" TOINSTANCETYPE ="Source Qualifier"/>
        <CONNECTOR FROMFIELD ="INTRANIST_GARMENTS" FROMINSTANCE ="SLSINTR" FROMINSTANCETYPE ="Source Definition" TOFIELD ="INTRANIST_GARMENTS" TOINSTANCE ="SQ_SLSINTR" TOINSTANCETYPE ="Source Qualifier"/>
        <CONNECTOR FROMFIELD ="INTRANIST_UNITS" FROMINSTANCE ="SLSINTR" FROMINSTANCETYPE ="Source Definition" TOFIELD ="INTRANIST_UNITS" TOINSTANCE ="SQ_SLSINTR" TOINSTANCETYPE ="Source Qualifier"/>
        <CONNECTOR FROMFIELD ="COST_PER_GARMENT" FROMINSTANCE ="SLSINTR" FROMINSTANCETYPE ="Source Definition" TOFIELD ="COST_PER_GARMENT" TOINSTANCE ="SQ_SLSINTR" TOINSTANCETYPE ="Source Qualifier"/>
        <CONNECTOR FROMFIELD ="AS_OF_DATE" FROMINSTANCE ="SQ_SLSINTR" FROMINSTANCETYPE ="Source Qualifier" TOFIELD ="I_AS_OF_DATE" TOINSTANCE ="EXP_STG_SC_INTR_FROM" TOINSTANCETYPE ="Expression"/>
        <CONNECTOR FROMFIELD ="DIVISION_CODE" FROMINSTANCE ="SQ_SLSINTR" FROMINSTANCETYPE ="Source Qualifier" TOFIELD ="I_DIVISION_CODE" TOINSTANCE ="EXP_STG_SC_INTR_FROM" TOINSTANCETYPE ="Expression"/>
        <CONNECTOR FROMFIELD ="FRM_FACILITY" FROMINSTANCE ="SQ_SLSINTR" FROMINSTANCETYPE ="Source Qualifier" TOFIELD ="I_FRM_FACILITY" TOINSTANCE ="EXP_STG_SC_INTR_FROM" TOINSTANCETYPE ="Expression"/>
        <CONNECTOR FROMFIELD ="DC_FACILITY" FROMINSTANCE ="SQ_SLSINTR" FROMINSTANCETYPE ="Source Qualifier" TOFIELD ="I_DC_FACILITY" TOINSTANCE ="EXP_STG_SC_INTR_FROM" TOINSTANCETYPE ="Expression"/>
        <CONNECTOR FROMFIELD ="SKU" FROMINSTANCE ="SQ_SLSINTR" FROMINSTANCETYPE ="Source Qualifier" TOFIELD ="I_SKU" TOINSTANCE ="EXP_STG_SC_INTR_FROM" TOINSTANCETYPE ="Expression"/>
        <CONNECTOR FROMFIELD ="INTRANIST_GARMENTS" FROMINSTANCE ="SQ_SLSINTR" FROMINSTANCETYPE ="Source Qualifier" TOFIELD ="I_INTRANIST_GARMENTS" TOINSTANCE ="EXP_STG_SC_INTR_FROM" TOINSTANCETYPE ="Expression"/>
        <CONNECTOR FROMFIELD ="INTRANIST_UNITS" FROMINSTANCE ="SQ_SLSINTR" FROMINSTANCETYPE ="Source Qualifier" TOFIELD ="I_INTRANIST_UNITS" TOINSTANCE ="EXP_STG_SC_INTR_FROM" TOINSTANCETYPE ="Expression"/>
        <CONNECTOR FROMFIELD ="COST_PER_GARMENT" FROMINSTANCE ="SQ_SLSINTR" FROMINSTANCETYPE ="Source Qualifier" TOFIELD ="I_COST_PER_GARMENT" TOINSTANCE ="EXP_STG_SC_INTR_FROM" TOINSTANCETYPE ="Expression"/>
        <CONNECTOR FROMFIELD ="COUNT" FROMINSTANCE ="SQ_SLSINTR_TRG" FROMINSTANCETYPE ="Source Qualifier" TOFIELD ="I_COUNT" TOINSTANCE ="EXP_CNTL_TBL" TOINSTANCETYPE ="Expression"/>
        <TARGETLOADORDER ORDER ="2" TARGETINSTANCE ="INFO_ETL_CNTL_TBL"/>
        <TARGETLOADORDER ORDER ="1" TARGETINSTANCE ="STG_SC_INTR_FROM"/>
        <ERPINFO/>
        <METADATAEXTENSION DATATYPE ="STRING" DESCRIPTION ="Conversion Mapping Name with version " DOMAINNAME ="User Defined Metadata Domain" ISCLIENTEDITABLE ="YES" ISCLIENTVISIBLE ="YES" ISREUSABLE ="NO" ISSHAREREAD ="NO" ISSHAREWRITE ="NO" MAXLENGTH ="256" NAME ="CONV_MAP_NAME" VALUE ="07/13/2009:difranci:Conversion Mapping - WATR - Socks -  STG_SC_Intr_From v1.0.xls" VENDORNAME ="INFORMATICA"/>
    </MAPPING>
    <SESSION DESCRIPTION ="This session loads data from flat file: SLSINTR.txt after comparing the count in the trigger file into the target staging table:STAGING.STG_SC_Intr_From" ISVALID ="YES" MAPPINGNAME ="m_STG_SC_INTR_FROM" NAME ="s_m_STG_SC_INTR_FROM" REUSABLE ="YES" SORTORDER ="Binary" VERSIONNUMBER ="1">
        <SESSTRANSFORMATIONINST ISREPARTITIONPOINT ="YES" PARTITIONTYPE ="PASS THROUGH" PIPELINE ="1" SINSTANCENAME ="STG_SC_INTR_FROM" STAGE ="1" TRANSFORMATIONNAME ="STG_SC_INTR_FROM" TRANSFORMATIONTYPE ="Target Definition">
            <ATTRIBUTE NAME ="Table Name Prefix" VALUE ="STAGING"/>
        </SESSTRANSFORMATIONINST>
        <SESSTRANSFORMATIONINST ISREPARTITIONPOINT ="NO" PIPELINE ="0" SINSTANCENAME ="SLSINTR" STAGE ="0" TRANSFORMATIONNAME ="SLSINTR" TRANSFORMATIONTYPE ="Source Definition">
            <FLATFILE CODEPAGE ="US-ASCII" CONSECDELIMITERSASONE ="NO" DELIMITED ="YES" DELIMITERS ="," ESCAPE_CHARACTER ="" KEEPESCAPECHAR ="NO" LINESEQUENTIAL ="NO" MULTIDELIMITERSASAND ="NO" NULLCHARTYPE ="ASCII" NULL_CHARACTER ="*" PADBYTES ="1" QUOTE_CHARACTER ="DOUBLE" REPEATABLE ="NO" ROWDELIMITER ="0" SKIPROWS ="0" STRIPTRAILINGBLANKS ="NO"/>
        </SESSTRANSFORMATIONINST>
        <SESSTRANSFORMATIONINST ISREPARTITIONPOINT ="YES" PARTITIONTYPE ="PASS THROUGH" PIPELINE ="1" SINSTANCENAME ="SQ_SLSINTR" STAGE ="2" TRANSFORMATIONNAME ="SQ_SLSINTR" TRANSFORMATIONTYPE ="Source Qualifier"/>
        <SESSTRANSFORMATIONINST ISREPARTITIONPOINT ="NO" PIPELINE ="1" SINSTANCENAME ="EXP_STG_SC_INTR_FROM" STAGE ="2" TRANSFORMATIONNAME ="EXP_STG_SC_INTR_FROM" TRANSFORMATIONTYPE ="Expression">
            <PARTITION DESCRIPTION ="" NAME ="Partition #1"/>
        </SESSTRANSFORMATIONINST>
        <SESSTRANSFORMATIONINST ISREPARTITIONPOINT ="YES" PARTITIONTYPE ="PASS THROUGH" PIPELINE ="2" SINSTANCENAME ="INFO_ETL_CNTL_TBL" STAGE ="3" TRANSFORMATIONNAME ="INFO_ETL_CNTL_TBL" TRANSFORMATIONTYPE ="Target Definition"/>
        <SESSTRANSFORMATIONINST ISREPARTITIONPOINT ="NO" PIPELINE ="2" SINSTANCENAME ="EXP_CNTL_TBL" STAGE ="4" TRANSFORMATIONNAME ="EXP_CNTL_TBL" TRANSFORMATIONTYPE ="Expression">
            <PARTITION DESCRIPTION ="" NAME ="Partition #1"/>
        </SESSTRANSFORMATIONINST>
        <SESSTRANSFORMATIONINST ISREPARTITIONPOINT ="NO" PIPELINE ="0" SINSTANCENAME ="SLSINTR_TRG" STAGE ="0" TRANSFORMATIONNAME ="SLSINTR_TRG" TRANSFORMATIONTYPE ="Source Definition">
            <FLATFILE CODEPAGE ="US-ASCII" CONSECDELIMITERSASONE ="NO" DELIMITED ="YES" DELIMITERS ="," ESCAPE_CHARACTER ="" KEEPESCAPECHAR ="NO" LINESEQUENTIAL ="NO" MULTIDELIMITERSASAND ="NO" NULLCHARTYPE ="ASCII" NULL_CHARACTER ="*" PADBYTES ="1" QUOTE_CHARACTER ="NONE" REPEATABLE ="NO" ROWDELIMITER ="0" SKIPROWS ="0" STRIPTRAILINGBLANKS ="NO"/>
        </SESSTRANSFORMATIONINST>
        <SESSTRANSFORMATIONINST ISREPARTITIONPOINT ="YES" PARTITIONTYPE ="PASS THROUGH" PIPELINE ="2" SINSTANCENAME ="SQ_SLSINTR_TRG" STAGE ="4" TRANSFORMATIONNAME ="SQ_SLSINTR_TRG" TRANSFORMATIONTYPE ="Source Qualifier"/>
        <CONFIGREFERENCE REFOBJECTNAME ="default_session_config" TYPE ="Session config"/>
        <SESSIONEXTENSION NAME ="Relational Writer" SINSTANCENAME ="STG_SC_INTR_FROM" SUBTYPE ="Relational Writer" TRANSFORMATIONTYPE ="Target Definition" TYPE ="WRITER">
            <CONNECTIONREFERENCE CNXREFNAME ="DB Connection" CONNECTIONNAME ="SLBADW" CONNECTIONNUMBER ="1" CONNECTIONSUBTYPE ="Oracle" CONNECTIONTYPE ="Relational" VARIABLE =""/>
            <ATTRIBUTE NAME ="Target load type" VALUE ="Normal"/>
            <ATTRIBUTE NAME ="Insert" VALUE ="YES"/>
            <ATTRIBUTE NAME ="Update as Update" VALUE ="NO"/>
            <ATTRIBUTE NAME ="Update as Insert" VALUE ="NO"/>
            <ATTRIBUTE NAME ="Update else Insert" VALUE ="NO"/>
            <ATTRIBUTE NAME ="Delete" VALUE ="NO"/>
            <ATTRIBUTE NAME ="Truncate target table option" VALUE ="NO"/>
            <ATTRIBUTE NAME ="Reject file directory" VALUE ="$PMBadFileDir&#x5c;INVENTORY_ANALYSIS&#x5c;BAD&#x5c;"/>
            <ATTRIBUTE NAME ="Reject filename" VALUE ="s_m_STG_SC_INTR_FROM.bad"/>
        </SESSIONEXTENSION>
        <SESSIONEXTENSION DSQINSTNAME ="SQ_SLSINTR" DSQINSTTYPE ="Source Qualifier" NAME ="File Reader" SINSTANCENAME ="SLSINTR" SUBTYPE ="File Reader" TRANSFORMATIONTYPE ="Source Definition" TYPE ="READER">
            <CONNECTIONREFERENCE CNXREFNAME ="Connection" CONNECTIONNAME ="" CONNECTIONNUMBER ="1" CONNECTIONSUBTYPE ="" CONNECTIONTYPE ="" VARIABLE =""/>
            <ATTRIBUTE NAME ="Input Type" VALUE ="File"/>
            <ATTRIBUTE NAME ="Concurrent read partitioning" VALUE ="Optimize throughput"/>
            <ATTRIBUTE NAME ="Command Type" VALUE ="Command Generating Data"/>
            <ATTRIBUTE NAME ="Source filetype" VALUE ="Direct"/>
            <ATTRIBUTE NAME ="Source file directory" VALUE ="$PMSourceFileDir&#x5c;INVENTORY_ANALYSIS&#x5c;SRC&#x5c;"/>
            <ATTRIBUTE NAME ="Source filename" VALUE ="SLSINTR.txt"/>
            <ATTRIBUTE NAME ="Command" VALUE =""/>
            <ATTRIBUTE NAME ="File Reader Truncate String Null" VALUE ="NO"/>
            <ATTRIBUTE NAME ="Codepage Parameter" VALUE =""/>
        </SESSIONEXTENSION>
        <SESSIONEXTENSION NAME ="File Reader" SINSTANCENAME ="SQ_SLSINTR" SUBTYPE ="File Reader" TRANSFORMATIONTYPE ="Source Qualifier" TYPE ="READER"/>
        <SESSIONEXTENSION NAME ="Relational Writer" SINSTANCENAME ="INFO_ETL_CNTL_TBL" SUBTYPE ="Relational Writer" TRANSFORMATIONTYPE ="Target Definition" TYPE ="WRITER">
            <CONNECTIONREFERENCE CNXREFNAME ="DB Connection" CONNECTIONNAME ="SLBADW" CONNECTIONNUMBER ="1" CONNECTIONSUBTYPE ="Oracle" CONNECTIONTYPE ="Relational" VARIABLE =""/>
            <ATTRIBUTE NAME ="Target load type" VALUE ="Normal"/>
            <ATTRIBUTE NAME ="Insert" VALUE ="YES"/>
            <ATTRIBUTE NAME ="Update as Update" VALUE ="NO"/>
            <ATTRIBUTE NAME ="Update as Insert" VALUE ="NO"/>
            <ATTRIBUTE NAME ="Update else Insert" VALUE ="NO"/>
            <ATTRIBUTE NAME ="Delete" VALUE ="NO"/>
            <ATTRIBUTE NAME ="Truncate target table option" VALUE ="NO"/>
            <ATTRIBUTE NAME ="Reject file directory" VALUE ="$PMBadFileDir&#x5c;INVENTORY_ANALYSIS&#x5c;BAD&#x5c;"/>
            <ATTRIBUTE NAME ="Reject filename" VALUE ="s_m_STG_SC_INTR_INFO.bad"/>
        </SESSIONEXTENSION>
        <SESSIONEXTENSION DSQINSTNAME ="SQ_SLSINTR_TRG" DSQINSTTYPE ="Source Qualifier" NAME ="File Reader" SINSTANCENAME ="SLSINTR_TRG" SUBTYPE ="File Reader" TRANSFORMATIONTYPE ="Source Definition" TYPE ="READER">
            <CONNECTIONREFERENCE CNXREFNAME ="Connection" CONNECTIONNAME ="" CONNECTIONNUMBER ="1" CONNECTIONSUBTYPE ="" CONNECTIONTYPE ="" VARIABLE =""/>
            <ATTRIBUTE NAME ="Input Type" VALUE ="File"/>
            <ATTRIBUTE NAME ="Concurrent read partitioning" VALUE ="Optimize throughput"/>
            <ATTRIBUTE NAME ="Command Type" VALUE ="Command Generating Data"/>
            <ATTRIBUTE NAME ="Source filetype" VALUE ="Direct"/>
            <ATTRIBUTE NAME ="Source file directory" VALUE ="$PMSourceFileDir&#x5c;INVENTORY_ANALYSIS&#x5c;SRC&#x5c;"/>
            <ATTRIBUTE NAME ="Source filename" VALUE ="SLSINTR.trg"/>
            <ATTRIBUTE NAME ="Command" VALUE =""/>
            <ATTRIBUTE NAME ="File Reader Truncate String Null" VALUE ="NO"/>
            <ATTRIBUTE NAME ="Codepage Parameter" VALUE =""/>
        </SESSIONEXTENSION>
        <SESSIONEXTENSION NAME ="File Reader" SINSTANCENAME ="SQ_SLSINTR_TRG" SUBTYPE ="File Reader" TRANSFORMATIONTYPE ="Source Qualifier" TYPE ="READER"/>
        <ATTRIBUTE NAME ="General Options" VALUE =""/>
        <ATTRIBUTE NAME ="Write Backward Compatible Session Log File" VALUE ="YES"/>
        <ATTRIBUTE NAME ="Session Log File Name" VALUE ="s_m_STG_SC_INTR_FROM.log"/>
        <ATTRIBUTE NAME ="Session Log File directory" VALUE ="$PMSessionLogDir&#x5c;INVENTORY_ANALYSIS&#x5c;LOG&#x5c;"/>
        <ATTRIBUTE NAME ="Parameter Filename" VALUE =""/>
        <ATTRIBUTE NAME ="Enable Test Load" VALUE ="NO"/>
        <ATTRIBUTE NAME ="$Source connection value" VALUE =""/>
        <ATTRIBUTE NAME ="$Target connection value" VALUE =""/>
        <ATTRIBUTE NAME ="Treat source rows as" VALUE ="Insert"/>
        <ATTRIBUTE NAME ="Commit Type" VALUE ="Target"/>
        <ATTRIBUTE NAME ="Commit Interval" VALUE ="2000000"/>
        <ATTRIBUTE NAME ="Commit On End Of File" VALUE ="YES"/>
        <ATTRIBUTE NAME ="Rollback Transactions on Errors" VALUE ="NO"/>
        <ATTRIBUTE NAME ="Recovery Strategy" VALUE ="Restart task"/>
        <ATTRIBUTE NAME ="Java Classpath" VALUE =""/>
        <ATTRIBUTE NAME ="Performance" VALUE =""/>
        <ATTRIBUTE NAME ="DTM buffer size" VALUE ="Auto"/>
        <ATTRIBUTE NAME ="Collect performance data" VALUE ="NO"/>
        <ATTRIBUTE NAME ="Write performance data to repository" VALUE ="NO"/>
        <ATTRIBUTE NAME ="Incremental Aggregation" VALUE ="NO"/>
        <ATTRIBUTE NAME ="Enable high precision" VALUE ="NO"/>
        <ATTRIBUTE NAME ="Session retry on deadlock" VALUE ="NO"/>
        <ATTRIBUTE NAME ="Pushdown Optimization" VALUE ="None"/>
        <ATTRIBUTE NAME ="Allow Temporary View for Pushdown" VALUE ="NO"/>
        <ATTRIBUTE NAME ="Allow Temporary Sequence for Pushdown" VALUE ="NO"/>
        <ATTRIBUTE NAME ="Allow Pushdown for User Incompatible Connections" VALUE ="NO"/>
        <METADATAEXTENSION DATATYPE ="STRING" DESCRIPTION ="Conversion Mapping  Name with version " DOMAINNAME ="User Defined Metadata Domain" ISCLIENTEDITABLE ="YES" ISCLIENTVISIBLE ="YES" ISREUSABLE ="NO" ISSHAREREAD ="NO" ISSHAREWRITE ="NO" MAXLENGTH ="256" NAME ="CONV_MAP_NAME" VALUE ="07/13/2009:difranci:Conversion Mapping - WATR - Socks -  STG_SC_Intr_From v1.0.xls" VENDORNAME ="INFORMATICA"/>
    </SESSION>
    <WORKFLOW DESCRIPTION ="This workflow deletes and loads data into target table:STAGING.STG_SC_Intr_From" ISENABLED ="YES" ISRUNNABLESERVICE ="NO" ISSERVICE ="NO" ISVALID ="YES" NAME ="wf_s_m_STG_SC_INTR_FROM" REUSABLE_SCHEDULER ="NO" SCHEDULERNAME ="Scheduler" SERVERNAME ="Domain10_PRD_Int_Svc" SERVER_DOMAINNAME ="Domain10_PRD" SUSPEND_ON_ERROR ="NO" TASKS_MUST_RUN_ON_SERVER ="NO" VERSIONNUMBER ="1">
        <SCHEDULER DESCRIPTION ="" NAME ="Scheduler" REUSABLE ="NO" VERSIONNUMBER ="1">
            <SCHEDULEINFO SCHEDULETYPE ="ONDEMAND"/>
        </SCHEDULER>
        <TASK DESCRIPTION ="" NAME ="Start" REUSABLE ="NO" TYPE ="Start" VERSIONNUMBER ="1"/>
        <TASKINSTANCE DESCRIPTION ="" FAIL_PARENT_IF_INSTANCE_DID_NOT_RUN ="YES" FAIL_PARENT_IF_INSTANCE_FAILS ="YES" ISENABLED ="YES" NAME ="s_m_STG_SC_INTR_FROM_UPD" REUSABLE ="YES" TASKNAME ="s_m_STG_SC_INTR_FROM_UPD" TASKTYPE ="Session" TREAT_INPUTLINK_AS_AND ="NO"/>
        <TASKINSTANCE DESCRIPTION ="" ISENABLED ="YES" NAME ="Start" REUSABLE ="NO" TASKNAME ="Start" TASKTYPE ="Start"/>
        <TASKINSTANCE DESCRIPTION ="" FAIL_PARENT_IF_INSTANCE_DID_NOT_RUN ="YES" FAIL_PARENT_IF_INSTANCE_FAILS ="YES" ISENABLED ="YES" NAME ="s_m_STG_SC_INTR_FROM" REUSABLE ="YES" TASKNAME ="s_m_STG_SC_INTR_FROM" TASKTYPE ="Session" TREAT_INPUTLINK_AS_AND ="NO"/>
        <WORKFLOWLINK CONDITION ="" FROMTASK ="Start" TOTASK ="s_m_STG_SC_INTR_FROM_UPD"/>
        <WORKFLOWLINK CONDITION ="$s_m_STG_SC_INTR_FROM_UPD.Status = SUCCEEDED" FROMTASK ="s_m_STG_SC_INTR_FROM_UPD" TOTASK ="s_m_STG_SC_INTR_FROM"/>
        <WORKFLOWVARIABLE DATATYPE ="date/time" DEFAULTVALUE ="" DESCRIPTION ="The time this task started" ISNULL ="NO" ISPERSISTENT ="NO" NAME ="$s_m_STG_SC_INTR_FROM_UPD.StartTime" USERDEFINED ="NO"/>
        <WORKFLOWVARIABLE DATATYPE ="date/time" DEFAULTVALUE ="" DESCRIPTION ="The time this task completed" ISNULL ="NO" ISPERSISTENT ="NO" NAME ="$s_m_STG_SC_INTR_FROM_UPD.EndTime" USERDEFINED ="NO"/>
        <WORKFLOWVARIABLE DATATYPE ="integer" DEFAULTVALUE ="" DESCRIPTION ="Status of this task&apos;s execution" ISNULL ="NO" ISPERSISTENT ="NO" NAME ="$s_m_STG_SC_INTR_FROM_UPD.Status" USERDEFINED ="NO"/>
        <WORKFLOWVARIABLE DATATYPE ="integer" DEFAULTVALUE ="" DESCRIPTION ="Status of the previous task that is not disabled" ISNULL ="NO" ISPERSISTENT ="NO" NAME ="$s_m_STG_SC_INTR_FROM_UPD.PrevTaskStatus" USERDEFINED ="NO"/>
        <WORKFLOWVARIABLE DATATYPE ="integer" DEFAULTVALUE ="" DESCRIPTION ="Error code for this task&apos;s execution" ISNULL ="NO" ISPERSISTENT ="NO" NAME ="$s_m_STG_SC_INTR_FROM_UPD.ErrorCode" USERDEFINED ="NO"/>
        <WORKFLOWVARIABLE DATATYPE ="string" DEFAULTVALUE ="" DESCRIPTION ="Error message for this task&apos;s execution" ISNULL ="NO" ISPERSISTENT ="NO" NAME ="$s_m_STG_SC_INTR_FROM_UPD.ErrorMsg" USERDEFINED ="NO"/>
        <WORKFLOWVARIABLE DATATYPE ="integer" DEFAULTVALUE ="" DESCRIPTION ="Rows successfully read" ISNULL ="NO" ISPERSISTENT ="NO" NAME ="$s_m_STG_SC_INTR_FROM_UPD.SrcSuccessRows" USERDEFINED ="NO"/>
        <WORKFLOWVARIABLE DATATYPE ="integer" DEFAULTVALUE ="" DESCRIPTION ="Rows failed to read" ISNULL ="NO" ISPERSISTENT ="NO" NAME ="$s_m_STG_SC_INTR_FROM_UPD.SrcFailedRows" USERDEFINED ="NO"/>
        <WORKFLOWVARIABLE DATATYPE ="integer" DEFAULTVALUE ="" DESCRIPTION ="Rows successfully loaded" ISNULL ="NO" ISPERSISTENT ="NO" NAME ="$s_m_STG_SC_INTR_FROM_UPD.TgtSuccessRows" USERDEFINED ="NO"/>
        <WORKFLOWVARIABLE DATATYPE ="integer" DEFAULTVALUE ="" DESCRIPTION ="Rows failed to load" ISNULL ="NO" ISPERSISTENT ="NO" NAME ="$s_m_STG_SC_INTR_FROM_UPD.TgtFailedRows" USERDEFINED ="NO"/>
        <WORKFLOWVARIABLE DATATYPE ="integer" DEFAULTVALUE ="" DESCRIPTION ="Total number of transformation errors" ISNULL ="NO" ISPERSISTENT ="NO" NAME ="$s_m_STG_SC_INTR_FROM_UPD.TotalTransErrors" USERDEFINED ="NO"/>
        <WORKFLOWVARIABLE DATATYPE ="integer" DEFAULTVALUE ="" DESCRIPTION ="First error code" ISNULL ="NO" ISPERSISTENT ="NO" NAME ="$s_m_STG_SC_INTR_FROM_UPD.FirstErrorCode" USERDEFINED ="NO"/>
        <WORKFLOWVARIABLE DATATYPE ="string" DEFAULTVALUE ="" DESCRIPTION ="First error message" ISNULL ="NO" ISPERSISTENT ="NO" NAME ="$s_m_STG_SC_INTR_FROM_UPD.FirstErrorMsg" USERDEFINED ="NO"/>
        <WORKFLOWVARIABLE DATATYPE ="date/time" DEFAULTVALUE ="" DESCRIPTION ="The time this task started" ISNULL ="NO" ISPERSISTENT ="NO" NAME ="$Start.StartTime" USERDEFINED ="NO"/>
        <WORKFLOWVARIABLE DATATYPE ="date/time" DEFAULTVALUE ="" DESCRIPTION ="The time this task completed" ISNULL ="NO" ISPERSISTENT ="NO" NAME ="$Start.EndTime" USERDEFINED ="NO"/>
        <WORKFLOWVARIABLE DATATYPE ="integer" DEFAULTVALUE ="" DESCRIPTION ="Status of this task&apos;s execution" ISNULL ="NO" ISPERSISTENT ="NO" NAME ="$Start.Status" USERDEFINED ="NO"/>
        <WORKFLOWVARIABLE DATATYPE ="integer" DEFAULTVALUE ="" DESCRIPTION ="Status of the previous task that is not disabled" ISNULL ="NO" ISPERSISTENT ="NO" NAME ="$Start.PrevTaskStatus" USERDEFINED ="NO"/>
        <WORKFLOWVARIABLE DATATYPE ="integer" DEFAULTVALUE ="" DESCRIPTION ="Error code for this task&apos;s execution" ISNULL ="NO" ISPERSISTENT ="NO" NAME ="$Start.ErrorCode" USERDEFINED ="NO"/>
        <WORKFLOWVARIABLE DATATYPE ="string" DEFAULTVALUE ="" DESCRIPTION ="Error message for this task&apos;s execution" ISNULL ="NO" ISPERSISTENT ="NO" NAME ="$Start.ErrorMsg" USERDEFINED ="NO"/>
        <WORKFLOWVARIABLE DATATYPE ="date/time" DEFAULTVALUE ="" DESCRIPTION ="The time this task started" ISNULL ="NO" ISPERSISTENT ="NO" NAME ="$s_m_STG_SC_INTR_FROM.StartTime" USERDEFINED ="NO"/>
        <WORKFLOWVARIABLE DATATYPE ="date/time" DEFAULTVALUE ="" DESCRIPTION ="The time this task completed" ISNULL ="NO" ISPERSISTENT ="NO" NAME ="$s_m_STG_SC_INTR_FROM.EndTime" USERDEFINED ="NO"/>
        <WORKFLOWVARIABLE DATATYPE ="integer" DEFAULTVALUE ="" DESCRIPTION ="Status of this task&apos;s execution" ISNULL ="NO" ISPERSISTENT ="NO" NAME ="$s_m_STG_SC_INTR_FROM.Status" USERDEFINED ="NO"/>
        <WORKFLOWVARIABLE DATATYPE ="integer" DEFAULTVALUE ="" DESCRIPTION ="Status of the previous task that is not disabled" ISNULL ="NO" ISPERSISTENT ="NO" NAME ="$s_m_STG_SC_INTR_FROM.PrevTaskStatus" USERDEFINED ="NO"/>
        <WORKFLOWVARIABLE DATATYPE ="integer" DEFAULTVALUE ="" DESCRIPTION ="Error code for this task&apos;s execution" ISNULL ="NO" ISPERSISTENT ="NO" NAME ="$s_m_STG_SC_INTR_FROM.ErrorCode" USERDEFINED ="NO"/>
        <WORKFLOWVARIABLE DATATYPE ="string" DEFAULTVALUE ="" DESCRIPTION ="Error message for this task&apos;s execution" ISNULL ="NO" ISPERSISTENT ="NO" NAME ="$s_m_STG_SC_INTR_FROM.ErrorMsg" USERDEFINED ="NO"/>
        <WORKFLOWVARIABLE DATATYPE ="integer" DEFAULTVALUE ="" DESCRIPTION ="Rows successfully read" ISNULL ="NO" ISPERSISTENT ="NO" NAME ="$s_m_STG_SC_INTR_FROM.SrcSuccessRows" USERDEFINED ="NO"/>
        <WORKFLOWVARIABLE DATATYPE ="integer" DEFAULTVALUE ="" DESCRIPTION ="Rows failed to read" ISNULL ="NO" ISPERSISTENT ="NO" NAME ="$s_m_STG_SC_INTR_FROM.SrcFailedRows" USERDEFINED ="NO"/>
        <WORKFLOWVARIABLE DATATYPE ="integer" DEFAULTVALUE ="" DESCRIPTION ="Rows successfully loaded" ISNULL ="NO" ISPERSISTENT ="NO" NAME ="$s_m_STG_SC_INTR_FROM.TgtSuccessRows" USERDEFINED ="NO"/>
        <WORKFLOWVARIABLE DATATYPE ="integer" DEFAULTVALUE ="" DESCRIPTION ="Rows failed to load" ISNULL ="NO" ISPERSISTENT ="NO" NAME ="$s_m_STG_SC_INTR_FROM.TgtFailedRows" USERDEFINED ="NO"/>
        <WORKFLOWVARIABLE DATATYPE ="integer" DEFAULTVALUE ="" DESCRIPTION ="Total number of transformation errors" ISNULL ="NO" ISPERSISTENT ="NO" NAME ="$s_m_STG_SC_INTR_FROM.TotalTransErrors" USERDEFINED ="NO"/>
        <WORKFLOWVARIABLE DATATYPE ="integer" DEFAULTVALUE ="" DESCRIPTION ="First error code" ISNULL ="NO" ISPERSISTENT ="NO" NAME ="$s_m_STG_SC_INTR_FROM.FirstErrorCode" USERDEFINED ="NO"/>
        <WORKFLOWVARIABLE DATATYPE ="string" DEFAULTVALUE ="" DESCRIPTION ="First error message" ISNULL ="NO" ISPERSISTENT ="NO" NAME ="$s_m_STG_SC_INTR_FROM.FirstErrorMsg" USERDEFINED ="NO"/>
        <ATTRIBUTE NAME ="Parameter Filename" VALUE =""/>
        <ATTRIBUTE NAME ="Write Backward Compatible Workflow Log File" VALUE ="YES"/>
        <ATTRIBUTE NAME ="Workflow Log File Name" VALUE ="wf_s_m_STG_SC_INTR_FROM.log"/>
        <ATTRIBUTE NAME ="Workflow Log File Directory" VALUE ="$PMWorkflowLogDir&#x5c;INVENTORY_ANALYSIS&#x5c;LOG&#x5c;"/>
        <ATTRIBUTE NAME ="Save Workflow log by" VALUE ="By runs"/>
        <ATTRIBUTE NAME ="Save workflow log for these runs" VALUE ="9"/>
        <ATTRIBUTE NAME ="Service Name" VALUE =""/>
        <ATTRIBUTE NAME ="Service Timeout" VALUE ="0"/>
        <ATTRIBUTE NAME ="Is Service Visible" VALUE ="NO"/>
        <ATTRIBUTE NAME ="Is Service Protected" VALUE ="NO"/>
        <ATTRIBUTE NAME ="Fail task after wait time" VALUE ="0"/>
        <ATTRIBUTE NAME ="Enable HA recovery" VALUE ="NO"/>
        <ATTRIBUTE NAME ="Automatically recover terminated tasks" VALUE ="NO"/>
        <ATTRIBUTE NAME ="Service Level Name" VALUE ="Default"/>
        <ATTRIBUTE NAME ="Allow concurrent run with unique run instance name" VALUE ="NO"/>
        <ATTRIBUTE NAME ="Allow concurrent run with same run instance name" VALUE ="NO"/>
        <ATTRIBUTE NAME ="Maximum number of concurrent runs" VALUE ="0"/>
        <ATTRIBUTE NAME ="Assigned Web Services Hubs" VALUE =""/>
        <ATTRIBUTE NAME ="Maximum number of concurrent runs per Hub" VALUE ="1000"/>
        <ATTRIBUTE NAME ="Expected Service Time" VALUE ="1"/>
        <METADATAEXTENSION DATATYPE ="STRING" DESCRIPTION ="Conversion Mapping Name with version " DOMAINNAME ="User Defined Metadata Domain" ISCLIENTEDITABLE ="YES" ISCLIENTVISIBLE ="YES" ISREUSABLE ="NO" ISSHAREREAD ="NO" ISSHAREWRITE ="NO" MAXLENGTH ="256" NAME ="CONV_MAP_NAME" VALUE ="07/13/2009:difranci:Conversion Mapping - WATR - Socks -  STG_SC_Intr_From v1.0.xls" VENDORNAME ="INFORMATICA"/>
        <METADATAEXTENSION DATATYPE ="STRING" DESCRIPTION ="" DOMAINNAME ="User Defined Metadata Domain" ISCLIENTEDITABLE ="YES" ISCLIENTVISIBLE ="YES" ISREUSABLE ="NO" ISSHAREREAD ="NO" ISSHAREWRITE ="NO" MAXLENGTH ="256" NAME ="Extension" VALUE ="CM - MarginLoss - stgMarginLossExpenseToStgFactSalesNew v1.0" VENDORNAME ="INFORMATICA"/>
    </WORKFLOW>
</FOLDER>
</REPOSITORY>
</POWERMART>