<?xml version="1.0" encoding="Windows-1252"?>
<!DOCTYPE POWERMART SYSTEM "powrmart.dtd">
<POWERMART CREATION_DATE="05/20/2024 09:26:10" REPOSITORY_VERSION="187.96">
<REPOSITORY NAME="Domain10_Rep_Svc_Prd" VERSION="187" CODEPAGE="MS1252" DATABASETYPE="Microsoft SQL Server">
<FOLDER NAME="INVENTORY_ANALYSIS" GROUP="" OWNER="Administrator" SHARED="NOTSHARED" DESCRIPTION="" PERMISSIONS="rwx---r--" UUID="27b7fb57-5066-4c7e-aee4-118d44bfa5b6">
    <SOURCE BUSINESSNAME ="" DATABASETYPE ="Microsoft SQL Server" DBDNAME ="demand_prioritization_stage" DESCRIPTION ="" NAME ="ITEM" OBJECTVERSION ="1" OWNERNAME ="dbo" VERSIONNUMBER ="1">
        <SOURCEFIELD BUSINESSNAME ="" DATATYPE ="varchar" DESCRIPTION ="" FIELDNUMBER ="1" FIELDPROPERTY ="0" FIELDTYPE ="ELEMITEM" HIDDEN ="NO" KEYTYPE ="NOT A KEY" LENGTH ="0" LEVEL ="0" NAME ="LEGACY_SOURCE" NULLABLE ="NOTNULL" OCCURS ="0" OFFSET ="0" PHYSICALLENGTH ="10" PHYSICALOFFSET ="0" PICTURETEXT ="" PRECISION ="10" SCALE ="0" USAGE_FLAGS =""/>
        <SOURCEFIELD BUSINESSNAME ="" DATATYPE ="varchar" DESCRIPTION ="" FIELDNUMBER ="2" FIELDPROPERTY ="0" FIELDTYPE ="ELEMITEM" HIDDEN ="NO" KEYTYPE ="NOT A KEY" LENGTH ="0" LEVEL ="0" NAME ="ITEM_CODE" NULLABLE ="NOTNULL" OCCURS ="0" OFFSET ="0" PHYSICALLENGTH ="40" PHYSICALOFFSET ="10" PICTURETEXT ="" PRECISION ="40" SCALE ="0" USAGE_FLAGS =""/>
        <SOURCEFIELD BUSINESSNAME ="" DATATYPE ="varchar" DESCRIPTION ="" FIELDNUMBER ="3" FIELDPROPERTY ="0" FIELDTYPE ="ELEMITEM" HIDDEN ="NO" KEYTYPE ="NOT A KEY" LENGTH ="0" LEVEL ="0" NAME ="ITEM_DESCRIPTION" NULLABLE ="NOTNULL" OCCURS ="0" OFFSET ="0" PHYSICALLENGTH ="60" PHYSICALOFFSET ="50" PICTURETEXT ="" PRECISION ="60" SCALE ="0" USAGE_FLAGS =""/>
        <SOURCEFIELD BUSINESSNAME ="" DATATYPE ="varchar" DESCRIPTION ="" FIELDNUMBER ="4" FIELDPROPERTY ="0" FIELDTYPE ="ELEMITEM" HIDDEN ="NO" KEYTYPE ="NOT A KEY" LENGTH ="0" LEVEL ="0" NAME ="STYLE" NULLABLE ="NOTNULL" OCCURS ="0" OFFSET ="0" PHYSICALLENGTH ="10" PHYSICALOFFSET ="110" PICTURETEXT ="" PRECISION ="10" SCALE ="0" USAGE_FLAGS =""/>
        <SOURCEFIELD BUSINESSNAME ="" DATATYPE ="varchar" DESCRIPTION ="" FIELDNUMBER ="5" FIELDPROPERTY ="0" FIELDTYPE ="ELEMITEM" HIDDEN ="NO" KEYTYPE ="NOT A KEY" LENGTH ="0" LEVEL ="0" NAME ="COLOR" NULLABLE ="NOTNULL" OCCURS ="0" OFFSET ="0" PHYSICALLENGTH ="5" PHYSICALOFFSET ="120" PICTURETEXT ="" PRECISION ="5" SCALE ="0" USAGE_FLAGS =""/>
        <SOURCEFIELD BUSINESSNAME ="" DATATYPE ="varchar" DESCRIPTION ="" FIELDNUMBER ="6" FIELDPROPERTY ="0" FIELDTYPE ="ELEMITEM" HIDDEN ="NO" KEYTYPE ="NOT A KEY" LENGTH ="0" LEVEL ="0" NAME ="ITEM_CLASSIFICATION" NULLABLE ="NOTNULL" OCCURS ="0" OFFSET ="0" PHYSICALLENGTH ="3" PHYSICALOFFSET ="125" PICTURETEXT ="" PRECISION ="3" SCALE ="0" USAGE_FLAGS =""/>
        <SOURCEFIELD BUSINESSNAME ="" DATATYPE ="varchar" DESCRIPTION ="" FIELDNUMBER ="7" FIELDPROPERTY ="0" FIELDTYPE ="ELEMITEM" HIDDEN ="NO" KEYTYPE ="NOT A KEY" LENGTH ="0" LEVEL ="0" NAME ="ITEM_TYPE" NULLABLE ="NOTNULL" OCCURS ="0" OFFSET ="0" PHYSICALLENGTH ="3" PHYSICALOFFSET ="128" PICTURETEXT ="" PRECISION ="3" SCALE ="0" USAGE_FLAGS =""/>
        <SOURCEFIELD BUSINESSNAME ="" DATATYPE ="numeric" DESCRIPTION ="" FIELDNUMBER ="8" FIELDPROPERTY ="0" FIELDTYPE ="ELEMITEM" HIDDEN ="NO" KEYTYPE ="NOT A KEY" LENGTH ="5" LEVEL ="0" NAME ="CUMULATIVE_LEADTIME" NULLABLE ="NOTNULL" OCCURS ="0" OFFSET ="0" PHYSICALLENGTH ="3" PHYSICALOFFSET ="131" PICTURETEXT ="" PRECISION ="3" SCALE ="0" USAGE_FLAGS =""/>
        <SOURCEFIELD BUSINESSNAME ="" DATATYPE ="varchar" DESCRIPTION ="" FIELDNUMBER ="9" FIELDPROPERTY ="0" FIELDTYPE ="ELEMITEM" HIDDEN ="NO" KEYTYPE ="NOT A KEY" LENGTH ="0" LEVEL ="0" NAME ="BUSINESS_GROUPING" NULLABLE ="NOTNULL" OCCURS ="0" OFFSET ="5" PHYSICALLENGTH ="15" PHYSICALOFFSET ="134" PICTURETEXT ="" PRECISION ="15" SCALE ="0" USAGE_FLAGS =""/>
        <SOURCEFIELD BUSINESSNAME ="" DATATYPE ="varchar" DESCRIPTION ="" FIELDNUMBER ="10" FIELDPROPERTY ="0" FIELDTYPE ="ELEMITEM" HIDDEN ="NO" KEYTYPE ="NOT A KEY" LENGTH ="0" LEVEL ="0" NAME ="BUSINESS_GROUPING_DESCRIPTION" NULLABLE ="NOTNULL" OCCURS ="0" OFFSET ="5" PHYSICALLENGTH ="80" PHYSICALOFFSET ="149" PICTURETEXT ="" PRECISION ="80" SCALE ="0" USAGE_FLAGS =""/>
        <SOURCEFIELD BUSINESSNAME ="" DATATYPE ="varchar" DESCRIPTION ="" FIELDNUMBER ="11" FIELDPROPERTY ="0" FIELDTYPE ="ELEMITEM" HIDDEN ="NO" KEYTYPE ="NOT A KEY" LENGTH ="0" LEVEL ="0" NAME ="UNIT_OF_MEASURE" NULLABLE ="NOTNULL" OCCURS ="0" OFFSET ="5" PHYSICALLENGTH ="10" PHYSICALOFFSET ="229" PICTURETEXT ="" PRECISION ="10" SCALE ="0" USAGE_FLAGS =""/>
        <SOURCEFIELD BUSINESSNAME ="" DATATYPE ="numeric" DESCRIPTION ="" FIELDNUMBER ="12" FIELDPROPERTY ="0" FIELDTYPE ="ELEMITEM" HIDDEN ="NO" KEYTYPE ="NOT A KEY" LENGTH ="13" LEVEL ="0" NAME ="UNIT_COST" NULLABLE ="NOTNULL" OCCURS ="0" OFFSET ="5" PHYSICALLENGTH ="11" PHYSICALOFFSET ="239" PICTURETEXT ="" PRECISION ="11" SCALE ="6" USAGE_FLAGS =""/>
        <SOURCEFIELD BUSINESSNAME ="" DATATYPE ="numeric" DESCRIPTION ="" FIELDNUMBER ="13" FIELDPROPERTY ="0" FIELDTYPE ="ELEMITEM" HIDDEN ="NO" KEYTYPE ="NOT A KEY" LENGTH ="5" LEVEL ="0" NAME ="RECEIPT_PERIOD" NULLABLE ="NULL" OCCURS ="0" OFFSET ="18" PHYSICALLENGTH ="3" PHYSICALOFFSET ="250" PICTURETEXT ="" PRECISION ="3" SCALE ="0" USAGE_FLAGS =""/>
        <SOURCEFIELD BUSINESSNAME ="" DATATYPE ="numeric" DESCRIPTION ="" FIELDNUMBER ="14" FIELDPROPERTY ="0" FIELDTYPE ="ELEMITEM" HIDDEN ="NO" KEYTYPE ="NOT A KEY" LENGTH ="9" LEVEL ="0" NAME ="MINIMUM_ORDER_QUANTITY" NULLABLE ="NOTNULL" OCCURS ="0" OFFSET ="23" PHYSICALLENGTH ="7" PHYSICALOFFSET ="253" PICTURETEXT ="" PRECISION ="7" SCALE ="0" USAGE_FLAGS =""/>
        <SOURCEFIELD BUSINESSNAME ="" DATATYPE ="numeric" DESCRIPTION ="" FIELDNUMBER ="15" FIELDPROPERTY ="0" FIELDTYPE ="ELEMITEM" HIDDEN ="NO" KEYTYPE ="NOT A KEY" LENGTH ="9" LEVEL ="0" NAME ="ORDER_MULTIPLE_QUANTITY" NULLABLE ="NOTNULL" OCCURS ="0" OFFSET ="32" PHYSICALLENGTH ="7" PHYSICALOFFSET ="260" PICTURETEXT ="" PRECISION ="7" SCALE ="0" USAGE_FLAGS =""/>
        <SOURCEFIELD BUSINESSNAME ="" DATATYPE ="varchar" DESCRIPTION ="" FIELDNUMBER ="16" FIELDPROPERTY ="0" FIELDTYPE ="ELEMITEM" HIDDEN ="NO" KEYTYPE ="NOT A KEY" LENGTH ="0" LEVEL ="0" NAME ="PLANNER_CODE" NULLABLE ="NOTNULL" OCCURS ="0" OFFSET ="41" PHYSICALLENGTH ="15" PHYSICALOFFSET ="267" PICTURETEXT ="" PRECISION ="15" SCALE ="0" USAGE_FLAGS =""/>
        <SOURCEFIELD BUSINESSNAME ="" DATATYPE ="varchar" DESCRIPTION ="" FIELDNUMBER ="17" FIELDPROPERTY ="0" FIELDTYPE ="ELEMITEM" HIDDEN ="NO" KEYTYPE ="NOT A KEY" LENGTH ="0" LEVEL ="0" NAME ="BRAND_CODE" NULLABLE ="NOTNULL" OCCURS ="0" OFFSET ="41" PHYSICALLENGTH ="15" PHYSICALOFFSET ="282" PICTURETEXT ="" PRECISION ="15" SCALE ="0" USAGE_FLAGS =""/>
        <SOURCEFIELD BUSINESSNAME ="" DATATYPE ="varchar" DESCRIPTION ="" FIELDNUMBER ="18" FIELDPROPERTY ="0" FIELDTYPE ="ELEMITEM" HIDDEN ="NO" KEYTYPE ="NOT A KEY" LENGTH ="0" LEVEL ="0" NAME ="BRAND_DESCRIPTION" NULLABLE ="NOTNULL" OCCURS ="0" OFFSET ="41" PHYSICALLENGTH ="60" PHYSICALOFFSET ="297" PICTURETEXT ="" PRECISION ="60" SCALE ="0" USAGE_FLAGS =""/>
        <SOURCEFIELD BUSINESSNAME ="" DATATYPE ="varchar" DESCRIPTION ="" FIELDNUMBER ="19" FIELDPROPERTY ="0" FIELDTYPE ="ELEMITEM" HIDDEN ="NO" KEYTYPE ="NOT A KEY" LENGTH ="0" LEVEL ="0" NAME ="MANUFACTURING_PRODUCT_FAMILY" NULLABLE ="NOTNULL" OCCURS ="0" OFFSET ="41" PHYSICALLENGTH ="15" PHYSICALOFFSET ="357" PICTURETEXT ="" PRECISION ="15" SCALE ="0" USAGE_FLAGS =""/>
        <SOURCEFIELD BUSINESSNAME ="" DATATYPE ="varchar" DESCRIPTION ="" FIELDNUMBER ="20" FIELDPROPERTY ="0" FIELDTYPE ="ELEMITEM" HIDDEN ="NO" KEYTYPE ="NOT A KEY" LENGTH ="0" LEVEL ="0" NAME ="ABC_CODE" NULLABLE ="NOTNULL" OCCURS ="0" OFFSET ="41" PHYSICALLENGTH ="3" PHYSICALOFFSET ="372" PICTURETEXT ="" PRECISION ="3" SCALE ="0" USAGE_FLAGS =""/>
        <SOURCEFIELD BUSINESSNAME ="" DATATYPE ="numeric" DESCRIPTION ="" FIELDNUMBER ="21" FIELDPROPERTY ="0" FIELDTYPE ="ELEMITEM" HIDDEN ="NO" KEYTYPE ="NOT A KEY" LENGTH ="9" LEVEL ="0" NAME ="SERVICE_LEVEL" NULLABLE ="NULL" OCCURS ="0" OFFSET ="41" PHYSICALLENGTH ="7" PHYSICALOFFSET ="375" PICTURETEXT ="" PRECISION ="7" SCALE ="0" USAGE_FLAGS =""/>
        <SOURCEFIELD BUSINESSNAME ="" DATATYPE ="datetime" DESCRIPTION ="" FIELDNUMBER ="22" FIELDPROPERTY ="0" FIELDTYPE ="ELEMITEM" HIDDEN ="NO" KEYTYPE ="NOT A KEY" LENGTH ="19" LEVEL ="0" NAME ="LOAD_DATE" NULLABLE ="NOTNULL" OCCURS ="0" OFFSET ="50" PHYSICALLENGTH ="23" PHYSICALOFFSET ="382" PICTURETEXT ="" PRECISION ="23" SCALE ="3" USAGE_FLAGS =""/>
        <SOURCEFIELD BUSINESSNAME ="" DATATYPE ="varchar" DESCRIPTION ="" FIELDNUMBER ="23" FIELDPROPERTY ="0" FIELDTYPE ="ELEMITEM" HIDDEN ="NO" KEYTYPE ="NOT A KEY" LENGTH ="0" LEVEL ="0" NAME ="DATA_SOURCE" NULLABLE ="NOTNULL" OCCURS ="0" OFFSET ="69" PHYSICALLENGTH ="60" PHYSICALOFFSET ="405" PICTURETEXT ="" PRECISION ="60" SCALE ="0" USAGE_FLAGS =""/>
        <SOURCEFIELD BUSINESSNAME ="" DATATYPE ="varchar" DESCRIPTION ="" FIELDNUMBER ="24" FIELDPROPERTY ="0" FIELDTYPE ="ELEMITEM" HIDDEN ="NO" KEYTYPE ="NOT A KEY" LENGTH ="0" LEVEL ="0" NAME ="STYLE_GROUP" NULLABLE ="NULL" OCCURS ="0" OFFSET ="69" PHYSICALLENGTH ="255" PHYSICALOFFSET ="465" PICTURETEXT ="" PRECISION ="255" SCALE ="0" USAGE_FLAGS =""/>
        <SOURCEFIELD BUSINESSNAME ="" DATATYPE ="varchar" DESCRIPTION ="" FIELDNUMBER ="25" FIELDPROPERTY ="0" FIELDTYPE ="ELEMITEM" HIDDEN ="NO" KEYTYPE ="NOT A KEY" LENGTH ="0" LEVEL ="0" NAME ="PRODUCT_GROUP" NULLABLE ="NULL" OCCURS ="0" OFFSET ="69" PHYSICALLENGTH ="255" PHYSICALOFFSET ="720" PICTURETEXT ="" PRECISION ="255" SCALE ="0" USAGE_FLAGS =""/>
        <SOURCEFIELD BUSINESSNAME ="" DATATYPE ="varchar" DESCRIPTION ="" FIELDNUMBER ="26" FIELDPROPERTY ="0" FIELDTYPE ="ELEMITEM" HIDDEN ="NO" KEYTYPE ="NOT A KEY" LENGTH ="0" LEVEL ="0" NAME ="CAPACITY_GROUP" NULLABLE ="NULL" OCCURS ="0" OFFSET ="69" PHYSICALLENGTH ="255" PHYSICALOFFSET ="975" PICTURETEXT ="" PRECISION ="255" SCALE ="0" USAGE_FLAGS =""/>
        <SOURCEFIELD BUSINESSNAME ="" DATATYPE ="varchar" DESCRIPTION ="" FIELDNUMBER ="27" FIELDPROPERTY ="0" FIELDTYPE ="ELEMITEM" HIDDEN ="NO" KEYTYPE ="NOT A KEY" LENGTH ="0" LEVEL ="0" NAME ="ATTRIBUTE_CODE" NULLABLE ="NULL" OCCURS ="0" OFFSET ="69" PHYSICALLENGTH ="6" PHYSICALOFFSET ="1230" PICTURETEXT ="" PRECISION ="6" SCALE ="0" USAGE_FLAGS =""/>
        <SOURCEFIELD BUSINESSNAME ="" DATATYPE ="varchar" DESCRIPTION ="" FIELDNUMBER ="28" FIELDPROPERTY ="0" FIELDTYPE ="ELEMITEM" HIDDEN ="NO" KEYTYPE ="NOT A KEY" LENGTH ="0" LEVEL ="0" NAME ="SIZE_CODE" NULLABLE ="NULL" OCCURS ="0" OFFSET ="69" PHYSICALLENGTH ="2" PHYSICALOFFSET ="1236" PICTURETEXT ="" PRECISION ="2" SCALE ="0" USAGE_FLAGS =""/>
        <SOURCEFIELD BUSINESSNAME ="" DATATYPE ="varchar" DESCRIPTION ="" FIELDNUMBER ="29" FIELDPROPERTY ="0" FIELDTYPE ="ELEMITEM" HIDDEN ="NO" KEYTYPE ="NOT A KEY" LENGTH ="0" LEVEL ="0" NAME ="SIZE_DESC" NULLABLE ="NULL" OCCURS ="0" OFFSET ="69" PHYSICALLENGTH ="10" PHYSICALOFFSET ="1238" PICTURETEXT ="" PRECISION ="10" SCALE ="0" USAGE_FLAGS =""/>
        <SOURCEFIELD BUSINESSNAME ="" DATATYPE ="varchar" DESCRIPTION ="" FIELDNUMBER ="30" FIELDPROPERTY ="0" FIELDTYPE ="ELEMITEM" HIDDEN ="NO" KEYTYPE ="NOT A KEY" LENGTH ="0" LEVEL ="0" NAME ="PACK_CODE" NULLABLE ="NULL" OCCURS ="0" OFFSET ="69" PHYSICALLENGTH ="1" PHYSICALOFFSET ="1248" PICTURETEXT ="" PRECISION ="1" SCALE ="0" USAGE_FLAGS =""/>
        <SOURCEFIELD BUSINESSNAME ="" DATATYPE ="numeric" DESCRIPTION ="" FIELDNUMBER ="31" FIELDPROPERTY ="0" FIELDTYPE ="ELEMITEM" HIDDEN ="NO" KEYTYPE ="NOT A KEY" LENGTH ="5" LEVEL ="0" NAME ="PACK_QTY" NULLABLE ="NULL" OCCURS ="0" OFFSET ="69" PHYSICALLENGTH ="3" PHYSICALOFFSET ="1249" PICTURETEXT ="" PRECISION ="3" SCALE ="0" USAGE_FLAGS =""/>
        <SOURCEFIELD BUSINESSNAME ="" DATATYPE ="varchar" DESCRIPTION ="" FIELDNUMBER ="32" FIELDPROPERTY ="0" FIELDTYPE ="ELEMITEM" HIDDEN ="NO" KEYTYPE ="NOT A KEY" LENGTH ="0" LEVEL ="0" NAME ="APS_STYLE_CD" NULLABLE ="NULL" OCCURS ="0" OFFSET ="74" PHYSICALLENGTH ="10" PHYSICALOFFSET ="1252" PICTURETEXT ="" PRECISION ="10" SCALE ="0" USAGE_FLAGS =""/>
        <SOURCEFIELD BUSINESSNAME ="" DATATYPE ="varchar" DESCRIPTION ="" FIELDNUMBER ="33" FIELDPROPERTY ="0" FIELDTYPE ="ELEMITEM" HIDDEN ="NO" KEYTYPE ="NOT A KEY" LENGTH ="0" LEVEL ="0" NAME ="APS_COLOR_CD" NULLABLE ="NULL" OCCURS ="0" OFFSET ="74" PHYSICALLENGTH ="10" PHYSICALOFFSET ="1262" PICTURETEXT ="" PRECISION ="10" SCALE ="0" USAGE_FLAGS =""/>
        <SOURCEFIELD BUSINESSNAME ="" DATATYPE ="nchar" DESCRIPTION ="" FIELDNUMBER ="34" FIELDPROPERTY ="0" FIELDTYPE ="ELEMITEM" HIDDEN ="NO" KEYTYPE ="NOT A KEY" LENGTH ="0" LEVEL ="0" NAME ="DIVISION_GROUP" NULLABLE ="NULL" OCCURS ="0" OFFSET ="74" PHYSICALLENGTH ="4" PHYSICALOFFSET ="1272" PICTURETEXT ="" PRECISION ="4" SCALE ="0" USAGE_FLAGS =""/>
        <SOURCEFIELD BUSINESSNAME ="" DATATYPE ="varchar" DESCRIPTION ="" FIELDNUMBER ="35" FIELDPROPERTY ="0" FIELDTYPE ="ELEMITEM" HIDDEN ="NO" KEYTYPE ="NOT A KEY" LENGTH ="0" LEVEL ="0" NAME ="APS_CORP_BUSINESS_UNIT" NULLABLE ="NULL" OCCURS ="0" OFFSET ="74" PHYSICALLENGTH ="3" PHYSICALOFFSET ="1276" PICTURETEXT ="" PRECISION ="3" SCALE ="0" USAGE_FLAGS =""/>
    </SOURCE>
    <TARGET BUSINESSNAME ="" CONSTRAINT ="" DATABASETYPE ="Oracle" DESCRIPTION ="" NAME ="INFO_ETL_CNTL_TBL" OBJECTVERSION ="1" TABLEOPTIONS ="" VERSIONNUMBER ="1">
        <TARGETFIELD BUSINESSNAME ="" DATATYPE ="varchar2" DESCRIPTION ="" FIELDNUMBER ="1" KEYTYPE ="NOT A KEY" NAME ="SUBJECT_AREA" NULLABLE ="NULL" PICTURETEXT ="" PRECISION ="50" SCALE ="0"/>
        <TARGETFIELD BUSINESSNAME ="" DATATYPE ="varchar2" DESCRIPTION ="" FIELDNUMBER ="2" KEYTYPE ="NOT A KEY" NAME ="SRC_SYS_NAME" NULLABLE ="NULL" PICTURETEXT ="" PRECISION ="50" SCALE ="0"/>
        <TARGETFIELD BUSINESSNAME ="" DATATYPE ="varchar2" DESCRIPTION ="" FIELDNUMBER ="3" KEYTYPE ="PRIMARY KEY" NAME ="TGT_SYS_NAME" NULLABLE ="NOTNULL" PICTURETEXT ="" PRECISION ="50" SCALE ="0"/>
        <TARGETFIELD BUSINESSNAME ="" DATATYPE ="varchar2" DESCRIPTION ="" FIELDNUMBER ="4" KEYTYPE ="NOT A KEY" NAME ="SRC_TABLE_NAME" NULLABLE ="NULL" PICTURETEXT ="" PRECISION ="50" SCALE ="0"/>
        <TARGETFIELD BUSINESSNAME ="" DATATYPE ="varchar2" DESCRIPTION ="" FIELDNUMBER ="5" KEYTYPE ="PRIMARY KEY" NAME ="TGT_TABLE_NAME" NULLABLE ="NOTNULL" PICTURETEXT ="" PRECISION ="50" SCALE ="0"/>
        <TARGETFIELD BUSINESSNAME ="" DATATYPE ="varchar2" DESCRIPTION ="" FIELDNUMBER ="6" KEYTYPE ="PRIMARY KEY" NAME ="INFO_FOLDER_NAME" NULLABLE ="NOTNULL" PICTURETEXT ="" PRECISION ="50" SCALE ="0"/>
        <TARGETFIELD BUSINESSNAME ="" DATATYPE ="varchar2" DESCRIPTION ="" FIELDNUMBER ="7" KEYTYPE ="PRIMARY KEY" NAME ="INFO_MAP_NAME" NULLABLE ="NOTNULL" PICTURETEXT ="" PRECISION ="50" SCALE ="0"/>
        <TARGETFIELD BUSINESSNAME ="" DATATYPE ="varchar2" DESCRIPTION ="" FIELDNUMBER ="8" KEYTYPE ="NOT A KEY" NAME ="PRED_MAP_NAME" NULLABLE ="NULL" PICTURETEXT ="" PRECISION ="50" SCALE ="0"/>
        <TARGETFIELD BUSINESSNAME ="" DATATYPE ="varchar2" DESCRIPTION ="" FIELDNUMBER ="9" KEYTYPE ="NOT A KEY" NAME ="TGT_TABLE_COL_NM" NULLABLE ="NULL" PICTURETEXT ="" PRECISION ="50" SCALE ="0"/>
        <TARGETFIELD BUSINESSNAME ="" DATATYPE ="varchar2" DESCRIPTION ="" FIELDNUMBER ="10" KEYTYPE ="NOT A KEY" NAME ="TGT_TABLE_COL_VAL" NULLABLE ="NULL" PICTURETEXT ="" PRECISION ="12" SCALE ="0"/>
        <TARGETFIELD BUSINESSNAME ="" DATATYPE ="varchar2" DESCRIPTION ="" FIELDNUMBER ="11" KEYTYPE ="NOT A KEY" NAME ="BAL_STRATEGY" NULLABLE ="NULL" PICTURETEXT ="" PRECISION ="50" SCALE ="0"/>
        <TARGETFIELD BUSINESSNAME ="" DATATYPE ="number(p,s)" DESCRIPTION ="" FIELDNUMBER ="12" KEYTYPE ="NOT A KEY" NAME ="SRC_VAL" NULLABLE ="NULL" PICTURETEXT ="" PRECISION ="12" SCALE ="0"/>
        <TARGETFIELD BUSINESSNAME ="" DATATYPE ="number(p,s)" DESCRIPTION ="" FIELDNUMBER ="13" KEYTYPE ="NOT A KEY" NAME ="TGT_VAL" NULLABLE ="NULL" PICTURETEXT ="" PRECISION ="12" SCALE ="0"/>
        <TARGETFIELD BUSINESSNAME ="" DATATYPE ="varchar2" DESCRIPTION ="" FIELDNUMBER ="14" KEYTYPE ="NOT A KEY" NAME ="STATUS_YN" NULLABLE ="NULL" PICTURETEXT ="" PRECISION ="1" SCALE ="0"/>
        <TARGETFIELD BUSINESSNAME ="" DATATYPE ="date" DESCRIPTION ="" FIELDNUMBER ="15" KEYTYPE ="PRIMARY KEY" NAME ="MAP_RUN_DT" NULLABLE ="NOTNULL" PICTURETEXT ="" PRECISION ="19" SCALE ="0"/>
        <TARGETFIELD BUSINESSNAME ="" DATATYPE ="varchar2" DESCRIPTION ="" FIELDNUMBER ="16" KEYTYPE ="NOT A KEY" NAME ="UPDATE_USERID" NULLABLE ="NULL" PICTURETEXT ="" PRECISION ="40" SCALE ="0"/>
        <TARGETFIELD BUSINESSNAME ="" DATATYPE ="date" DESCRIPTION ="" FIELDNUMBER ="17" KEYTYPE ="NOT A KEY" NAME ="UPDATE_TIMESTAMP" NULLABLE ="NULL" PICTURETEXT ="" PRECISION ="19" SCALE ="0"/>
        <TARGETFIELD BUSINESSNAME ="" DATATYPE ="varchar2" DESCRIPTION ="" FIELDNUMBER ="18" KEYTYPE ="NOT A KEY" NAME ="MAP_DESCP" NULLABLE ="NULL" PICTURETEXT ="" PRECISION ="256" SCALE ="0"/>
    </TARGET>
    <TARGET BUSINESSNAME ="" CONSTRAINT ="" DATABASETYPE ="Oracle" DESCRIPTION ="" NAME ="INVENTORY_DP_ITEM" OBJECTVERSION ="1" TABLEOPTIONS ="" VERSIONNUMBER ="1">
        <TARGETFIELD BUSINESSNAME ="" DATATYPE ="varchar2" DESCRIPTION ="" FIELDNUMBER ="1" KEYTYPE ="PRIMARY KEY" NAME ="LEGACY_SOURCE" NULLABLE ="NOTNULL" PICTURETEXT ="" PRECISION ="20" SCALE ="0"/>
        <TARGETFIELD BUSINESSNAME ="" DATATYPE ="varchar2" DESCRIPTION ="" FIELDNUMBER ="2" KEYTYPE ="PRIMARY KEY" NAME ="ITEM_CODE" NULLABLE ="NOTNULL" PICTURETEXT ="" PRECISION ="40" SCALE ="0"/>
        <TARGETFIELD BUSINESSNAME ="" DATATYPE ="varchar2" DESCRIPTION ="" FIELDNUMBER ="3" KEYTYPE ="NOT A KEY" NAME ="ITEM_DESCRIPTION" NULLABLE ="NULL" PICTURETEXT ="" PRECISION ="100" SCALE ="0"/>
        <TARGETFIELD BUSINESSNAME ="" DATATYPE ="varchar2" DESCRIPTION ="" FIELDNUMBER ="4" KEYTYPE ="NOT A KEY" NAME ="STYLE" NULLABLE ="NULL" PICTURETEXT ="" PRECISION ="15" SCALE ="0"/>
        <TARGETFIELD BUSINESSNAME ="" DATATYPE ="varchar2" DESCRIPTION ="" FIELDNUMBER ="5" KEYTYPE ="NOT A KEY" NAME ="COLOR" NULLABLE ="NULL" PICTURETEXT ="" PRECISION ="10" SCALE ="0"/>
        <TARGETFIELD BUSINESSNAME ="" DATATYPE ="varchar2" DESCRIPTION ="" FIELDNUMBER ="6" KEYTYPE ="NOT A KEY" NAME ="ITEM_CLASSIFICATION" NULLABLE ="NULL" PICTURETEXT ="" PRECISION ="5" SCALE ="0"/>
        <TARGETFIELD BUSINESSNAME ="" DATATYPE ="varchar2" DESCRIPTION ="" FIELDNUMBER ="7" KEYTYPE ="NOT A KEY" NAME ="ITEM_TYPE" NULLABLE ="NULL" PICTURETEXT ="" PRECISION ="5" SCALE ="0"/>
        <TARGETFIELD BUSINESSNAME ="" DATATYPE ="number(p,s)" DESCRIPTION ="" FIELDNUMBER ="8" KEYTYPE ="NOT A KEY" NAME ="CUMULATIVE_LEADTIME" NULLABLE ="NULL" PICTURETEXT ="" PRECISION ="16" SCALE ="6"/>
        <TARGETFIELD BUSINESSNAME ="" DATATYPE ="varchar2" DESCRIPTION ="" FIELDNUMBER ="9" KEYTYPE ="NOT A KEY" NAME ="BUSINESS_GROUPING" NULLABLE ="NULL" PICTURETEXT ="" PRECISION ="20" SCALE ="0"/>
        <TARGETFIELD BUSINESSNAME ="" DATATYPE ="varchar2" DESCRIPTION ="" FIELDNUMBER ="10" KEYTYPE ="NOT A KEY" NAME ="BUSINESS_GROUPING_DESCRIPTION" NULLABLE ="NULL" PICTURETEXT ="" PRECISION ="100" SCALE ="0"/>
        <TARGETFIELD BUSINESSNAME ="" DATATYPE ="varchar2" DESCRIPTION ="" FIELDNUMBER ="11" KEYTYPE ="NOT A KEY" NAME ="UNIT_OF_MEASURE" NULLABLE ="NULL" PICTURETEXT ="" PRECISION ="15" SCALE ="0"/>
        <TARGETFIELD BUSINESSNAME ="" DATATYPE ="number(p,s)" DESCRIPTION ="" FIELDNUMBER ="12" KEYTYPE ="NOT A KEY" NAME ="UNIT_COST" NULLABLE ="NULL" PICTURETEXT ="" PRECISION ="16" SCALE ="6"/>
        <TARGETFIELD BUSINESSNAME ="" DATATYPE ="number(p,s)" DESCRIPTION ="" FIELDNUMBER ="13" KEYTYPE ="NOT A KEY" NAME ="RECEIPT_PERIOD" NULLABLE ="NULL" PICTURETEXT ="" PRECISION ="16" SCALE ="0"/>
        <TARGETFIELD BUSINESSNAME ="" DATATYPE ="number(p,s)" DESCRIPTION ="" FIELDNUMBER ="14" KEYTYPE ="NOT A KEY" NAME ="MINIMUM_ORDER_QUANTITY" NULLABLE ="NULL" PICTURETEXT ="" PRECISION ="16" SCALE ="6"/>
        <TARGETFIELD BUSINESSNAME ="" DATATYPE ="number(p,s)" DESCRIPTION ="" FIELDNUMBER ="15" KEYTYPE ="NOT A KEY" NAME ="ORDER_MULTIPLE_QUANTITY" NULLABLE ="NULL" PICTURETEXT ="" PRECISION ="16" SCALE ="6"/>
        <TARGETFIELD BUSINESSNAME ="" DATATYPE ="varchar2" DESCRIPTION ="" FIELDNUMBER ="16" KEYTYPE ="NOT A KEY" NAME ="PLANNER_CODE" NULLABLE ="NULL" PICTURETEXT ="" PRECISION ="20" SCALE ="0"/>
        <TARGETFIELD BUSINESSNAME ="" DATATYPE ="varchar2" DESCRIPTION ="" FIELDNUMBER ="17" KEYTYPE ="NOT A KEY" NAME ="BRAND_CODE" NULLABLE ="NULL" PICTURETEXT ="" PRECISION ="20" SCALE ="0"/>
        <TARGETFIELD BUSINESSNAME ="" DATATYPE ="varchar2" DESCRIPTION ="" FIELDNUMBER ="18" KEYTYPE ="NOT A KEY" NAME ="BRAND_DESCRIPTION" NULLABLE ="NULL" PICTURETEXT ="" PRECISION ="100" SCALE ="0"/>
        <TARGETFIELD BUSINESSNAME ="" DATATYPE ="varchar2" DESCRIPTION ="" FIELDNUMBER ="19" KEYTYPE ="NOT A KEY" NAME ="MANUFACTURING_PRODUCT_FAMILY" NULLABLE ="NULL" PICTURETEXT ="" PRECISION ="20" SCALE ="0"/>
        <TARGETFIELD BUSINESSNAME ="" DATATYPE ="varchar2" DESCRIPTION ="" FIELDNUMBER ="20" KEYTYPE ="NOT A KEY" NAME ="ABC_CODE" NULLABLE ="NULL" PICTURETEXT ="" PRECISION ="5" SCALE ="0"/>
        <TARGETFIELD BUSINESSNAME ="" DATATYPE ="number(p,s)" DESCRIPTION ="" FIELDNUMBER ="21" KEYTYPE ="NOT A KEY" NAME ="SERVICE_LEVEL" NULLABLE ="NULL" PICTURETEXT ="" PRECISION ="16" SCALE ="6"/>
        <TARGETFIELD BUSINESSNAME ="" DATATYPE ="date" DESCRIPTION ="" FIELDNUMBER ="22" KEYTYPE ="NOT A KEY" NAME ="LOAD_DATE" NULLABLE ="NULL" PICTURETEXT ="" PRECISION ="19" SCALE ="0"/>
        <TARGETFIELD BUSINESSNAME ="" DATATYPE ="varchar2" DESCRIPTION ="" FIELDNUMBER ="23" KEYTYPE ="NOT A KEY" NAME ="DATA_SOURCE" NULLABLE ="NULL" PICTURETEXT ="" PRECISION ="100" SCALE ="0"/>
        <TARGETFIELD BUSINESSNAME ="" DATATYPE ="varchar2" DESCRIPTION ="" FIELDNUMBER ="24" KEYTYPE ="NOT A KEY" NAME ="STYLE_GROUP" NULLABLE ="NULL" PICTURETEXT ="" PRECISION ="255" SCALE ="0"/>
        <TARGETFIELD BUSINESSNAME ="" DATATYPE ="varchar2" DESCRIPTION ="" FIELDNUMBER ="25" KEYTYPE ="NOT A KEY" NAME ="PRODUCT_GROUP" NULLABLE ="NULL" PICTURETEXT ="" PRECISION ="255" SCALE ="0"/>
        <TARGETFIELD BUSINESSNAME ="" DATATYPE ="varchar2" DESCRIPTION ="" FIELDNUMBER ="26" KEYTYPE ="NOT A KEY" NAME ="CAPACITY_GROUP" NULLABLE ="NULL" PICTURETEXT ="" PRECISION ="255" SCALE ="0"/>
        <TARGETFIELD BUSINESSNAME ="" DATATYPE ="varchar2" DESCRIPTION ="" FIELDNUMBER ="27" KEYTYPE ="NOT A KEY" NAME ="ATTRIBUTE_CODE" NULLABLE ="NULL" PICTURETEXT ="" PRECISION ="10" SCALE ="0"/>
        <TARGETFIELD BUSINESSNAME ="" DATATYPE ="varchar2" DESCRIPTION ="" FIELDNUMBER ="28" KEYTYPE ="NOT A KEY" NAME ="SIZE_CODE" NULLABLE ="NULL" PICTURETEXT ="" PRECISION ="5" SCALE ="0"/>
        <TARGETFIELD BUSINESSNAME ="" DATATYPE ="varchar2" DESCRIPTION ="" FIELDNUMBER ="29" KEYTYPE ="NOT A KEY" NAME ="SIZE_DESC" NULLABLE ="NULL" PICTURETEXT ="" PRECISION ="20" SCALE ="0"/>
        <TARGETFIELD BUSINESSNAME ="" DATATYPE ="varchar2" DESCRIPTION ="" FIELDNUMBER ="30" KEYTYPE ="NOT A KEY" NAME ="PACK_CODE" NULLABLE ="NULL" PICTURETEXT ="" PRECISION ="5" SCALE ="0"/>
        <TARGETFIELD BUSINESSNAME ="" DATATYPE ="number(p,s)" DESCRIPTION ="" FIELDNUMBER ="31" KEYTYPE ="NOT A KEY" NAME ="PACK_QTY" NULLABLE ="NULL" PICTURETEXT ="" PRECISION ="5" SCALE ="0"/>
        <TARGETFIELD BUSINESSNAME ="" DATATYPE ="varchar2" DESCRIPTION ="" FIELDNUMBER ="32" KEYTYPE ="NOT A KEY" NAME ="APS_STYLE_CD" NULLABLE ="NULL" PICTURETEXT ="" PRECISION ="20" SCALE ="0"/>
        <TARGETFIELD BUSINESSNAME ="" DATATYPE ="varchar2" DESCRIPTION ="" FIELDNUMBER ="33" KEYTYPE ="NOT A KEY" NAME ="APS_COLOR_CD" NULLABLE ="NULL" PICTURETEXT ="" PRECISION ="20" SCALE ="0"/>
        <TARGETFIELD BUSINESSNAME ="" DATATYPE ="varchar2" DESCRIPTION ="" FIELDNUMBER ="34" KEYTYPE ="NOT A KEY" NAME ="DIVISION_GROUP" NULLABLE ="NULL" PICTURETEXT ="" PRECISION ="10" SCALE ="0"/>
        <TARGETFIELD BUSINESSNAME ="" DATATYPE ="varchar2" DESCRIPTION ="" FIELDNUMBER ="35" KEYTYPE ="NOT A KEY" NAME ="APS_CORP_BUSINESS_UNIT" NULLABLE ="NULL" PICTURETEXT ="" PRECISION ="10" SCALE ="0"/>
        <TARGETFIELD BUSINESSNAME ="" DATATYPE ="varchar2" DESCRIPTION ="" FIELDNUMBER ="36" KEYTYPE ="NOT A KEY" NAME ="UPDATE_USERID" NULLABLE ="NULL" PICTURETEXT ="" PRECISION ="50" SCALE ="0"/>
        <TARGETFIELD BUSINESSNAME ="" DATATYPE ="date" DESCRIPTION ="" FIELDNUMBER ="37" KEYTYPE ="NOT A KEY" NAME ="UPDATE_TIMESTAMP" NULLABLE ="NULL" PICTURETEXT ="" PRECISION ="19" SCALE ="0"/>
    </TARGET>
    <TRANSFORMATION DESCRIPTION ="" NAME ="PR_TRUNC_SLBA_TBLS" OBJECTVERSION ="1" REUSABLE ="YES" TYPE ="Stored Procedure" VERSIONNUMBER ="1">
        <TRANSFORMFIELD DATATYPE ="string" DEFAULTVALUE ="" DESCRIPTION ="" NAME ="I_TABLE_NAME" PICTURETEXT ="" PORTTYPE ="INPUT" PRECISION ="4000" SCALE ="0"/>
        <TABLEATTRIBUTE NAME ="Stored Procedure Name" VALUE ="PR_TRUNC_SLBA_TBLS"/>
        <TABLEATTRIBUTE NAME ="Connection Information" VALUE ="$Target"/>
        <TABLEATTRIBUTE NAME ="Call Text" VALUE =""/>
        <TABLEATTRIBUTE NAME ="Stored Procedure Type" VALUE ="Normal"/>
        <TABLEATTRIBUTE NAME ="Execution Order" VALUE ="1"/>
        <TABLEATTRIBUTE NAME ="Tracing Level" VALUE ="Normal"/>
        <TABLEATTRIBUTE NAME ="Subsecond Precision" VALUE ="6"/>
        <TABLEATTRIBUTE NAME ="Output is Repeatable" VALUE ="Based On Input Order"/>
        <TABLEATTRIBUTE NAME ="Output is Deterministic" VALUE ="NO"/>
    </TRANSFORMATION>
    <MAPPING DESCRIPTION ="The mapping loads the data from the table dmd_prioritization_stage.dbo.item into the target table INVENTORY_DP_ITEM. " ISVALID ="YES" NAME ="m_INVENTORY_DP_ITEM" OBJECTVERSION ="1" VERSIONNUMBER ="1">
        <TRANSFORMATION DESCRIPTION ="This source qualifier transformation reads the records from the item table." NAME ="SQ_ITEM" OBJECTVERSION ="1" REUSABLE ="NO" TYPE ="Source Qualifier" VERSIONNUMBER ="1">
            <TRANSFORMFIELD DATATYPE ="string" DEFAULTVALUE ="" DESCRIPTION ="" NAME ="LEGACY_SOURCE" PICTURETEXT ="" PORTTYPE ="INPUT/OUTPUT" PRECISION ="10" SCALE ="0"/>
            <TRANSFORMFIELD DATATYPE ="string" DEFAULTVALUE ="" DESCRIPTION ="" NAME ="ITEM_CODE" PICTURETEXT ="" PORTTYPE ="INPUT/OUTPUT" PRECISION ="40" SCALE ="0"/>
            <TRANSFORMFIELD DATATYPE ="string" DEFAULTVALUE ="" DESCRIPTION ="" NAME ="ITEM_DESCRIPTION" PICTURETEXT ="" PORTTYPE ="INPUT/OUTPUT" PRECISION ="60" SCALE ="0"/>
            <TRANSFORMFIELD DATATYPE ="string" DEFAULTVALUE ="" DESCRIPTION ="" NAME ="STYLE" PICTURETEXT ="" PORTTYPE ="INPUT/OUTPUT" PRECISION ="10" SCALE ="0"/>
            <TRANSFORMFIELD DATATYPE ="string" DEFAULTVALUE ="" DESCRIPTION ="" NAME ="COLOR" PICTURETEXT ="" PORTTYPE ="INPUT/OUTPUT" PRECISION ="5" SCALE ="0"/>
            <TRANSFORMFIELD DATATYPE ="string" DEFAULTVALUE ="" DESCRIPTION ="" NAME ="ITEM_CLASSIFICATION" PICTURETEXT ="" PORTTYPE ="INPUT/OUTPUT" PRECISION ="3" SCALE ="0"/>
            <TRANSFORMFIELD DATATYPE ="string" DEFAULTVALUE ="" DESCRIPTION ="" NAME ="ITEM_TYPE" PICTURETEXT ="" PORTTYPE ="INPUT/OUTPUT" PRECISION ="3" SCALE ="0"/>
            <TRANSFORMFIELD DATATYPE ="decimal" DEFAULTVALUE ="" DESCRIPTION ="" NAME ="CUMULATIVE_LEADTIME" PICTURETEXT ="" PORTTYPE ="INPUT/OUTPUT" PRECISION ="3" SCALE ="0"/>
            <TRANSFORMFIELD DATATYPE ="string" DEFAULTVALUE ="" DESCRIPTION ="" NAME ="BUSINESS_GROUPING" PICTURETEXT ="" PORTTYPE ="INPUT/OUTPUT" PRECISION ="15" SCALE ="0"/>
            <TRANSFORMFIELD DATATYPE ="string" DEFAULTVALUE ="" DESCRIPTION ="" NAME ="BUSINESS_GROUPING_DESCRIPTION" PICTURETEXT ="" PORTTYPE ="INPUT/OUTPUT" PRECISION ="80" SCALE ="0"/>
            <TRANSFORMFIELD DATATYPE ="string" DEFAULTVALUE ="" DESCRIPTION ="" NAME ="UNIT_OF_MEASURE" PICTURETEXT ="" PORTTYPE ="INPUT/OUTPUT" PRECISION ="10" SCALE ="0"/>
            <TRANSFORMFIELD DATATYPE ="decimal" DEFAULTVALUE ="" DESCRIPTION ="" NAME ="UNIT_COST" PICTURETEXT ="" PORTTYPE ="INPUT/OUTPUT" PRECISION ="11" SCALE ="6"/>
            <TRANSFORMFIELD DATATYPE ="decimal" DEFAULTVALUE ="" DESCRIPTION ="" NAME ="RECEIPT_PERIOD" PICTURETEXT ="" PORTTYPE ="INPUT/OUTPUT" PRECISION ="3" SCALE ="0"/>
            <TRANSFORMFIELD DATATYPE ="decimal" DEFAULTVALUE ="" DESCRIPTION ="" NAME ="MINIMUM_ORDER_QUANTITY" PICTURETEXT ="" PORTTYPE ="INPUT/OUTPUT" PRECISION ="7" SCALE ="0"/>
            <TRANSFORMFIELD DATATYPE ="decimal" DEFAULTVALUE ="" DESCRIPTION ="" NAME ="ORDER_MULTIPLE_QUANTITY" PICTURETEXT ="" PORTTYPE ="INPUT/OUTPUT" PRECISION ="7" SCALE ="0"/>
            <TRANSFORMFIELD DATATYPE ="string" DEFAULTVALUE ="" DESCRIPTION ="" NAME ="PLANNER_CODE" PICTURETEXT ="" PORTTYPE ="INPUT/OUTPUT" PRECISION ="15" SCALE ="0"/>
            <TRANSFORMFIELD DATATYPE ="string" DEFAULTVALUE ="" DESCRIPTION ="" NAME ="BRAND_CODE" PICTURETEXT ="" PORTTYPE ="INPUT/OUTPUT" PRECISION ="15" SCALE ="0"/>
            <TRANSFORMFIELD DATATYPE ="string" DEFAULTVALUE ="" DESCRIPTION ="" NAME ="BRAND_DESCRIPTION" PICTURETEXT ="" PORTTYPE ="INPUT/OUTPUT" PRECISION ="60" SCALE ="0"/>
            <TRANSFORMFIELD DATATYPE ="string" DEFAULTVALUE ="" DESCRIPTION ="" NAME ="MANUFACTURING_PRODUCT_FAMILY" PICTURETEXT ="" PORTTYPE ="INPUT/OUTPUT" PRECISION ="15" SCALE ="0"/>
            <TRANSFORMFIELD DATATYPE ="string" DEFAULTVALUE ="" DESCRIPTION ="" NAME ="ABC_CODE" PICTURETEXT ="" PORTTYPE ="INPUT/OUTPUT" PRECISION ="3" SCALE ="0"/>
            <TRANSFORMFIELD DATATYPE ="decimal" DEFAULTVALUE ="" DESCRIPTION ="" NAME ="SERVICE_LEVEL" PICTURETEXT ="" PORTTYPE ="INPUT/OUTPUT" PRECISION ="7" SCALE ="0"/>
            <TRANSFORMFIELD DATATYPE ="date/time" DEFAULTVALUE ="" DESCRIPTION ="" NAME ="LOAD_DATE" PICTURETEXT ="" PORTTYPE ="INPUT/OUTPUT" PRECISION ="29" SCALE ="9"/>
            <TRANSFORMFIELD DATATYPE ="string" DEFAULTVALUE ="" DESCRIPTION ="" NAME ="DATA_SOURCE" PICTURETEXT ="" PORTTYPE ="INPUT/OUTPUT" PRECISION ="60" SCALE ="0"/>
            <TRANSFORMFIELD DATATYPE ="string" DEFAULTVALUE ="" DESCRIPTION ="" NAME ="STYLE_GROUP" PICTURETEXT ="" PORTTYPE ="INPUT/OUTPUT" PRECISION ="255" SCALE ="0"/>
            <TRANSFORMFIELD DATATYPE ="string" DEFAULTVALUE ="" DESCRIPTION ="" NAME ="PRODUCT_GROUP" PICTURETEXT ="" PORTTYPE ="INPUT/OUTPUT" PRECISION ="255" SCALE ="0"/>
            <TRANSFORMFIELD DATATYPE ="string" DEFAULTVALUE ="" DESCRIPTION ="" NAME ="CAPACITY_GROUP" PICTURETEXT ="" PORTTYPE ="INPUT/OUTPUT" PRECISION ="255" SCALE ="0"/>
            <TRANSFORMFIELD DATATYPE ="string" DEFAULTVALUE ="" DESCRIPTION ="" NAME ="ATTRIBUTE_CODE" PICTURETEXT ="" PORTTYPE ="INPUT/OUTPUT" PRECISION ="6" SCALE ="0"/>
            <TRANSFORMFIELD DATATYPE ="string" DEFAULTVALUE ="" DESCRIPTION ="" NAME ="SIZE_CODE" PICTURETEXT ="" PORTTYPE ="INPUT/OUTPUT" PRECISION ="2" SCALE ="0"/>
            <TRANSFORMFIELD DATATYPE ="string" DEFAULTVALUE ="" DESCRIPTION ="" NAME ="SIZE_DESC" PICTURETEXT ="" PORTTYPE ="INPUT/OUTPUT" PRECISION ="10" SCALE ="0"/>
            <TRANSFORMFIELD DATATYPE ="string" DEFAULTVALUE ="" DESCRIPTION ="" NAME ="PACK_CODE" PICTURETEXT ="" PORTTYPE ="INPUT/OUTPUT" PRECISION ="1" SCALE ="0"/>
            <TRANSFORMFIELD DATATYPE ="decimal" DEFAULTVALUE ="" DESCRIPTION ="" NAME ="PACK_QTY" PICTURETEXT ="" PORTTYPE ="INPUT/OUTPUT" PRECISION ="3" SCALE ="0"/>
            <TRANSFORMFIELD DATATYPE ="string" DEFAULTVALUE ="" DESCRIPTION ="" NAME ="APS_STYLE_CD" PICTURETEXT ="" PORTTYPE ="INPUT/OUTPUT" PRECISION ="10" SCALE ="0"/>
            <TRANSFORMFIELD DATATYPE ="string" DEFAULTVALUE ="" DESCRIPTION ="" NAME ="APS_COLOR_CD" PICTURETEXT ="" PORTTYPE ="INPUT/OUTPUT" PRECISION ="10" SCALE ="0"/>
            <TRANSFORMFIELD DATATYPE ="nstring" DEFAULTVALUE ="" DESCRIPTION ="" NAME ="DIVISION_GROUP" PICTURETEXT ="" PORTTYPE ="INPUT/OUTPUT" PRECISION ="4" SCALE ="0"/>
            <TRANSFORMFIELD DATATYPE ="string" DEFAULTVALUE ="" DESCRIPTION ="" NAME ="APS_CORP_BUSINESS_UNIT" PICTURETEXT ="" PORTTYPE ="INPUT/OUTPUT" PRECISION ="3" SCALE ="0"/>
            <TABLEATTRIBUTE NAME ="Sql Query" VALUE ="SELECT ITEM.LEGACY_SOURCE, ITEM.ITEM_CODE, ITEM.ITEM_DESCRIPTION, ITEM.STYLE, ITEM.COLOR, ITEM.ITEM_CLASSIFICATION, ITEM.ITEM_TYPE, ITEM.CUMULATIVE_LEADTIME, ITEM.BUSINESS_GROUPING, ITEM.BUSINESS_GROUPING_DESCRIPTION, ITEM.UNIT_OF_MEASURE, ITEM.UNIT_COST, ITEM.RECEIPT_PERIOD, ITEM.MINIMUM_ORDER_QUANTITY, ITEM.ORDER_MULTIPLE_QUANTITY, ITEM.PLANNER_CODE, ITEM.BRAND_CODE, ITEM.BRAND_DESCRIPTION, ITEM.MANUFACTURING_PRODUCT_FAMILY, ITEM.ABC_CODE, ITEM.SERVICE_LEVEL, ITEM.LOAD_DATE, ITEM.DATA_SOURCE, ITEM.STYLE_GROUP, ITEM.PRODUCT_GROUP, ITEM.CAPACITY_GROUP, ITEM.ATTRIBUTE_CODE, ITEM.SIZE_CODE, ITEM.SIZE_DESC, ITEM.PACK_CODE, ITEM.PACK_QTY, ITEM.APS_STYLE_CD, ITEM.APS_COLOR_CD, ITEM.DIVISION_GROUP, ITEM.APS_CORP_BUSINESS_UNIT &#xD;&#xA;FROM&#xD;&#xA; ITEM with (nolock)"/>
            <TABLEATTRIBUTE NAME ="User Defined Join" VALUE =""/>
            <TABLEATTRIBUTE NAME ="Source Filter" VALUE =""/>
            <TABLEATTRIBUTE NAME ="Number Of Sorted Ports" VALUE ="0"/>
            <TABLEATTRIBUTE NAME ="Tracing Level" VALUE ="Normal"/>
            <TABLEATTRIBUTE NAME ="Select Distinct" VALUE ="NO"/>
            <TABLEATTRIBUTE NAME ="Is Partitionable" VALUE ="NO"/>
            <TABLEATTRIBUTE NAME ="Pre SQL" VALUE =""/>
            <TABLEATTRIBUTE NAME ="Post SQL" VALUE =""/>
            <TABLEATTRIBUTE NAME ="Output is deterministic" VALUE ="NO"/>
            <TABLEATTRIBUTE NAME ="Output is repeatable" VALUE ="Never"/>
        </TRANSFORMATION>
        <TRANSFORMATION DESCRIPTION ="This expression transformation is used to set the default values for the control table. As this mapping is reusable for other LOBs , the source table name, info_map_name, map_desc arer passed as parameters. The values will be provided in the param file mentioned in the workflow." NAME ="EXP_CNTL_TBL" OBJECTVERSION ="1" REUSABLE ="NO" TYPE ="Expression" VERSIONNUMBER ="1">
            <TRANSFORMFIELD DATATYPE ="string" DEFAULTVALUE ="ERROR(&apos;transformation error&apos;)" DESCRIPTION ="" EXPRESSION ="&apos;INVENTORY_ANALYSIS&apos;" EXPRESSIONTYPE ="GENERAL" NAME ="O_SUBJECT_AREA" PICTURETEXT ="" PORTTYPE ="OUTPUT" PRECISION ="50" SCALE ="0"/>
            <TRANSFORMFIELD DATATYPE ="string" DEFAULTVALUE ="ERROR(&apos;transformation error&apos;)" DESCRIPTION ="" EXPRESSION ="&apos;SQL SERVER&apos;" EXPRESSIONTYPE ="GENERAL" NAME ="O_SRC_SYS_NAME" PICTURETEXT ="" PORTTYPE ="OUTPUT" PRECISION ="50" SCALE ="0"/>
            <TRANSFORMFIELD DATATYPE ="string" DEFAULTVALUE ="ERROR(&apos;transformation error&apos;)" DESCRIPTION ="" EXPRESSION ="&apos;ORACLE&apos;" EXPRESSIONTYPE ="GENERAL" NAME ="O_TGT_SYS_NAME" PICTURETEXT ="" PORTTYPE ="OUTPUT" PRECISION ="50" SCALE ="0"/>
            <TRANSFORMFIELD DATATYPE ="string" DEFAULTVALUE ="ERROR(&apos;transformation error&apos;)" DESCRIPTION ="" EXPRESSION ="&apos;ITEM&apos;" EXPRESSIONTYPE ="GENERAL" NAME ="O_SRC_TABLE_NAME" PICTURETEXT ="" PORTTYPE ="OUTPUT" PRECISION ="50" SCALE ="0"/>
            <TRANSFORMFIELD DATATYPE ="string" DEFAULTVALUE ="ERROR(&apos;transformation error&apos;)" DESCRIPTION ="" EXPRESSION ="&apos;INVENTORY_DP_ITEM&apos;" EXPRESSIONTYPE ="GENERAL" NAME ="O_TGT_TABLE_NAME" PICTURETEXT ="" PORTTYPE ="OUTPUT" PRECISION ="50" SCALE ="0"/>
            <TRANSFORMFIELD DATATYPE ="string" DEFAULTVALUE ="ERROR(&apos;transformation error&apos;)" DESCRIPTION ="" EXPRESSION ="&apos;INVENTORY_ANALYSIS&apos;" EXPRESSIONTYPE ="GENERAL" NAME ="O_INFO_FOLDER_NAME" PICTURETEXT ="" PORTTYPE ="OUTPUT" PRECISION ="50" SCALE ="0"/>
            <TRANSFORMFIELD DATATYPE ="string" DEFAULTVALUE ="ERROR(&apos;transformation error&apos;)" DESCRIPTION ="" EXPRESSION ="&apos;m_INVENTORY_DP_ITEM&apos;" EXPRESSIONTYPE ="GENERAL" NAME ="O_INFO_MAP_NAME" PICTURETEXT ="" PORTTYPE ="OUTPUT" PRECISION ="50" SCALE ="0"/>
            <TRANSFORMFIELD DATATYPE ="string" DEFAULTVALUE ="ERROR(&apos;transformation error&apos;)" DESCRIPTION ="" EXPRESSION ="&apos;NONE&apos;" EXPRESSIONTYPE ="GENERAL" NAME ="O_PRED_MAP_NAME" PICTURETEXT ="" PORTTYPE ="OUTPUT" PRECISION ="50" SCALE ="0"/>
            <TRANSFORMFIELD DATATYPE ="string" DEFAULTVALUE ="ERROR(&apos;transformation error&apos;)" DESCRIPTION ="" EXPRESSION ="&apos;NA&apos;" EXPRESSIONTYPE ="GENERAL" NAME ="O_TGT_TABLE_COL_NM" PICTURETEXT ="" PORTTYPE ="OUTPUT" PRECISION ="50" SCALE ="0"/>
            <TRANSFORMFIELD DATATYPE ="string" DEFAULTVALUE ="ERROR(&apos;transformation error&apos;)" DESCRIPTION ="" EXPRESSION ="TO_CHAR(SYSDATE,&apos;MM/DD/YYYY&apos;)" EXPRESSIONTYPE ="GENERAL" NAME ="O_TGT_TABLE_COL_VAL" PICTURETEXT ="" PORTTYPE ="OUTPUT" PRECISION ="12" SCALE ="0"/>
            <TRANSFORMFIELD DATATYPE ="string" DEFAULTVALUE ="ERROR(&apos;transformation error&apos;)" DESCRIPTION ="" EXPRESSION ="&apos;SOURCE AND TARGET COUNT&apos;" EXPRESSIONTYPE ="GENERAL" NAME ="O_BAL_STRATEGY" PICTURETEXT ="" PORTTYPE ="OUTPUT" PRECISION ="50" SCALE ="0"/>
            <TRANSFORMFIELD DATATYPE ="decimal" DEFAULTVALUE ="" DESCRIPTION ="" EXPRESSION ="SRC_VAL" EXPRESSIONTYPE ="GENERAL" NAME ="SRC_VAL" PICTURETEXT ="" PORTTYPE ="INPUT/OUTPUT" PRECISION ="12" SCALE ="0"/>
            <TRANSFORMFIELD DATATYPE ="decimal" DEFAULTVALUE ="ERROR(&apos;transformation error&apos;)" DESCRIPTION ="" EXPRESSION ="NULL" EXPRESSIONTYPE ="GENERAL" NAME ="O_TGT_VAL" PICTURETEXT ="" PORTTYPE ="OUTPUT" PRECISION ="12" SCALE ="0"/>
            <TRANSFORMFIELD DATATYPE ="string" DEFAULTVALUE ="ERROR(&apos;transformation error&apos;)" DESCRIPTION ="" EXPRESSION ="NULL" EXPRESSIONTYPE ="GENERAL" NAME ="O_STATUS_YN" PICTURETEXT ="" PORTTYPE ="OUTPUT" PRECISION ="1" SCALE ="0"/>
            <TRANSFORMFIELD DATATYPE ="date/time" DEFAULTVALUE ="ERROR(&apos;transformation error&apos;)" DESCRIPTION ="" EXPRESSION ="SESSSTARTTIME" EXPRESSIONTYPE ="GENERAL" NAME ="O_MAP_RUN_DT" PICTURETEXT ="" PORTTYPE ="OUTPUT" PRECISION ="29" SCALE ="9"/>
            <TRANSFORMFIELD DATATYPE ="string" DEFAULTVALUE ="ERROR(&apos;transformation error&apos;)" DESCRIPTION ="" EXPRESSION ="&apos;ETL DP ITEM LOAD&apos;" EXPRESSIONTYPE ="GENERAL" NAME ="O_UPDATE_USERID" PICTURETEXT ="" PORTTYPE ="OUTPUT" PRECISION ="40" SCALE ="0"/>
            <TRANSFORMFIELD DATATYPE ="date/time" DEFAULTVALUE ="ERROR(&apos;transformation error&apos;)" DESCRIPTION ="" EXPRESSION ="SESSSTARTTIME" EXPRESSIONTYPE ="GENERAL" NAME ="O_UPDATE_TIMESTAMP" PICTURETEXT ="" PORTTYPE ="OUTPUT" PRECISION ="29" SCALE ="9"/>
            <TRANSFORMFIELD DATATYPE ="string" DEFAULTVALUE ="ERROR(&apos;transformation error&apos;)" DESCRIPTION ="" EXPRESSION ="&apos;Loads data from the table dmd_prioritization_stage.dbo.item into the target table INVENTORY_DP_ITEM&apos;" EXPRESSIONTYPE ="GENERAL" NAME ="O_MAP_DESCP" PICTURETEXT ="" PORTTYPE ="OUTPUT" PRECISION ="256" SCALE ="0"/>
            <TABLEATTRIBUTE NAME ="Tracing Level" VALUE ="Normal"/>
        </TRANSFORMATION>
        <TRANSFORMATION DESCRIPTION ="This expression transformation is used to perform the transformation rules given in the conversion mapping." NAME ="EXP_INV_DP_ITEM" OBJECTVERSION ="1" REUSABLE ="NO" TYPE ="Expression" VERSIONNUMBER ="1">
            <TRANSFORMFIELD DATATYPE ="string" DEFAULTVALUE ="" DESCRIPTION ="" EXPRESSION ="LEGACY_SOURCE" EXPRESSIONTYPE ="GENERAL" NAME ="LEGACY_SOURCE" PICTURETEXT ="" PORTTYPE ="INPUT/OUTPUT" PRECISION ="10" SCALE ="0"/>
            <TRANSFORMFIELD DATATYPE ="string" DEFAULTVALUE ="" DESCRIPTION ="" EXPRESSION ="ITEM_CODE" EXPRESSIONTYPE ="GENERAL" NAME ="ITEM_CODE" PICTURETEXT ="" PORTTYPE ="INPUT/OUTPUT" PRECISION ="40" SCALE ="0"/>
            <TRANSFORMFIELD DATATYPE ="string" DEFAULTVALUE ="" DESCRIPTION ="" EXPRESSION ="ITEM_DESCRIPTION" EXPRESSIONTYPE ="GENERAL" NAME ="ITEM_DESCRIPTION" PICTURETEXT ="" PORTTYPE ="INPUT/OUTPUT" PRECISION ="60" SCALE ="0"/>
            <TRANSFORMFIELD DATATYPE ="string" DEFAULTVALUE ="" DESCRIPTION ="" EXPRESSION ="STYLE" EXPRESSIONTYPE ="GENERAL" NAME ="STYLE" PICTURETEXT ="" PORTTYPE ="INPUT/OUTPUT" PRECISION ="10" SCALE ="0"/>
            <TRANSFORMFIELD DATATYPE ="string" DEFAULTVALUE ="" DESCRIPTION ="" EXPRESSION ="COLOR" EXPRESSIONTYPE ="GENERAL" NAME ="COLOR" PICTURETEXT ="" PORTTYPE ="INPUT/OUTPUT" PRECISION ="5" SCALE ="0"/>
            <TRANSFORMFIELD DATATYPE ="string" DEFAULTVALUE ="" DESCRIPTION ="" EXPRESSION ="ITEM_CLASSIFICATION" EXPRESSIONTYPE ="GENERAL" NAME ="ITEM_CLASSIFICATION" PICTURETEXT ="" PORTTYPE ="INPUT/OUTPUT" PRECISION ="3" SCALE ="0"/>
            <TRANSFORMFIELD DATATYPE ="string" DEFAULTVALUE ="" DESCRIPTION ="" EXPRESSION ="ITEM_TYPE" EXPRESSIONTYPE ="GENERAL" NAME ="ITEM_TYPE" PICTURETEXT ="" PORTTYPE ="INPUT/OUTPUT" PRECISION ="3" SCALE ="0"/>
            <TRANSFORMFIELD DATATYPE ="decimal" DEFAULTVALUE ="" DESCRIPTION ="" EXPRESSION ="CUMULATIVE_LEADTIME" EXPRESSIONTYPE ="GENERAL" NAME ="CUMULATIVE_LEADTIME" PICTURETEXT ="" PORTTYPE ="INPUT/OUTPUT" PRECISION ="3" SCALE ="0"/>
            <TRANSFORMFIELD DATATYPE ="string" DEFAULTVALUE ="" DESCRIPTION ="" EXPRESSION ="BUSINESS_GROUPING" EXPRESSIONTYPE ="GENERAL" NAME ="BUSINESS_GROUPING" PICTURETEXT ="" PORTTYPE ="INPUT/OUTPUT" PRECISION ="15" SCALE ="0"/>
            <TRANSFORMFIELD DATATYPE ="string" DEFAULTVALUE ="" DESCRIPTION ="" EXPRESSION ="BUSINESS_GROUPING_DESCRIPTION" EXPRESSIONTYPE ="GENERAL" NAME ="BUSINESS_GROUPING_DESCRIPTION" PICTURETEXT ="" PORTTYPE ="INPUT/OUTPUT" PRECISION ="80" SCALE ="0"/>
            <TRANSFORMFIELD DATATYPE ="string" DEFAULTVALUE ="" DESCRIPTION ="" NAME ="I_UNIT_OF_MEASURE" PICTURETEXT ="" PORTTYPE ="INPUT" PRECISION ="10" SCALE ="0"/>
            <TRANSFORMFIELD DATATYPE ="string" DEFAULTVALUE ="ERROR(&apos;transformation error&apos;)" DESCRIPTION ="" EXPRESSION ="I_UNIT_OF_MEASURE" EXPRESSIONTYPE ="GENERAL" NAME ="O_UNIT_OF_MEASURE" PICTURETEXT ="" PORTTYPE ="OUTPUT" PRECISION ="10" SCALE ="0"/>
            <TRANSFORMFIELD DATATYPE ="decimal" DEFAULTVALUE ="" DESCRIPTION ="" EXPRESSION ="UNIT_COST" EXPRESSIONTYPE ="GENERAL" NAME ="UNIT_COST" PICTURETEXT ="" PORTTYPE ="INPUT/OUTPUT" PRECISION ="11" SCALE ="6"/>
            <TRANSFORMFIELD DATATYPE ="decimal" DEFAULTVALUE ="" DESCRIPTION ="" EXPRESSION ="RECEIPT_PERIOD" EXPRESSIONTYPE ="GENERAL" NAME ="RECEIPT_PERIOD" PICTURETEXT ="" PORTTYPE ="INPUT/OUTPUT" PRECISION ="3" SCALE ="0"/>
            <TRANSFORMFIELD DATATYPE ="decimal" DEFAULTVALUE ="" DESCRIPTION ="" EXPRESSION ="MINIMUM_ORDER_QUANTITY" EXPRESSIONTYPE ="GENERAL" NAME ="MINIMUM_ORDER_QUANTITY" PICTURETEXT ="" PORTTYPE ="INPUT/OUTPUT" PRECISION ="7" SCALE ="0"/>
            <TRANSFORMFIELD DATATYPE ="decimal" DEFAULTVALUE ="" DESCRIPTION ="" EXPRESSION ="ORDER_MULTIPLE_QUANTITY" EXPRESSIONTYPE ="GENERAL" NAME ="ORDER_MULTIPLE_QUANTITY" PICTURETEXT ="" PORTTYPE ="INPUT/OUTPUT" PRECISION ="7" SCALE ="0"/>
            <TRANSFORMFIELD DATATYPE ="string" DEFAULTVALUE ="" DESCRIPTION ="" EXPRESSION ="PLANNER_CODE" EXPRESSIONTYPE ="GENERAL" NAME ="PLANNER_CODE" PICTURETEXT ="" PORTTYPE ="INPUT/OUTPUT" PRECISION ="15" SCALE ="0"/>
            <TRANSFORMFIELD DATATYPE ="string" DEFAULTVALUE ="" DESCRIPTION ="" EXPRESSION ="BRAND_CODE" EXPRESSIONTYPE ="GENERAL" NAME ="BRAND_CODE" PICTURETEXT ="" PORTTYPE ="INPUT/OUTPUT" PRECISION ="15" SCALE ="0"/>
            <TRANSFORMFIELD DATATYPE ="string" DEFAULTVALUE ="" DESCRIPTION ="" EXPRESSION ="BRAND_DESCRIPTION" EXPRESSIONTYPE ="GENERAL" NAME ="BRAND_DESCRIPTION" PICTURETEXT ="" PORTTYPE ="INPUT/OUTPUT" PRECISION ="60" SCALE ="0"/>
            <TRANSFORMFIELD DATATYPE ="string" DEFAULTVALUE ="" DESCRIPTION ="" EXPRESSION ="MANUFACTURING_PRODUCT_FAMILY" EXPRESSIONTYPE ="GENERAL" NAME ="MANUFACTURING_PRODUCT_FAMILY" PICTURETEXT ="" PORTTYPE ="INPUT/OUTPUT" PRECISION ="15" SCALE ="0"/>
            <TRANSFORMFIELD DATATYPE ="string" DEFAULTVALUE ="" DESCRIPTION ="" EXPRESSION ="ABC_CODE" EXPRESSIONTYPE ="GENERAL" NAME ="ABC_CODE" PICTURETEXT ="" PORTTYPE ="INPUT/OUTPUT" PRECISION ="3" SCALE ="0"/>
            <TRANSFORMFIELD DATATYPE ="decimal" DEFAULTVALUE ="" DESCRIPTION ="" EXPRESSION ="SERVICE_LEVEL" EXPRESSIONTYPE ="GENERAL" NAME ="SERVICE_LEVEL" PICTURETEXT ="" PORTTYPE ="INPUT/OUTPUT" PRECISION ="7" SCALE ="0"/>
            <TRANSFORMFIELD DATATYPE ="date/time" DEFAULTVALUE ="" DESCRIPTION ="" EXPRESSION ="LOAD_DATE" EXPRESSIONTYPE ="GENERAL" NAME ="LOAD_DATE" PICTURETEXT ="" PORTTYPE ="INPUT/OUTPUT" PRECISION ="29" SCALE ="9"/>
            <TRANSFORMFIELD DATATYPE ="string" DEFAULTVALUE ="" DESCRIPTION ="" EXPRESSION ="DATA_SOURCE" EXPRESSIONTYPE ="GENERAL" NAME ="DATA_SOURCE" PICTURETEXT ="" PORTTYPE ="INPUT/OUTPUT" PRECISION ="60" SCALE ="0"/>
            <TRANSFORMFIELD DATATYPE ="string" DEFAULTVALUE ="ERROR(&apos;transformation error&apos;)" DESCRIPTION ="" EXPRESSION ="&apos;ETL DP ITEM LOAD&apos;" EXPRESSIONTYPE ="GENERAL" NAME ="O_UPDATE_USERID" PICTURETEXT ="" PORTTYPE ="OUTPUT" PRECISION ="50" SCALE ="0"/>
            <TRANSFORMFIELD DATATYPE ="date/time" DEFAULTVALUE ="ERROR(&apos;transformation error&apos;)" DESCRIPTION ="" EXPRESSION ="TRUNC(SYSDATE)" EXPRESSIONTYPE ="GENERAL" NAME ="O_UPDATE_TIMESTAMP" PICTURETEXT ="" PORTTYPE ="OUTPUT" PRECISION ="29" SCALE ="9"/>
            <TRANSFORMFIELD DATATYPE ="decimal" DEFAULTVALUE ="ERROR(&apos;transformation error&apos;)" DESCRIPTION ="" EXPRESSION ="1" EXPRESSIONTYPE ="GENERAL" NAME ="O_COUNT" PICTURETEXT ="" PORTTYPE ="OUTPUT" PRECISION ="10" SCALE ="0"/>
            <TRANSFORMFIELD DATATYPE ="string" DEFAULTVALUE ="" DESCRIPTION ="" EXPRESSION ="STYLE_GROUP" EXPRESSIONTYPE ="GENERAL" NAME ="STYLE_GROUP" PICTURETEXT ="" PORTTYPE ="INPUT/OUTPUT" PRECISION ="255" SCALE ="0"/>
            <TRANSFORMFIELD DATATYPE ="string" DEFAULTVALUE ="" DESCRIPTION ="" EXPRESSION ="PRODUCT_GROUP" EXPRESSIONTYPE ="GENERAL" NAME ="PRODUCT_GROUP" PICTURETEXT ="" PORTTYPE ="INPUT/OUTPUT" PRECISION ="255" SCALE ="0"/>
            <TRANSFORMFIELD DATATYPE ="string" DEFAULTVALUE ="" DESCRIPTION ="" EXPRESSION ="CAPACITY_GROUP" EXPRESSIONTYPE ="GENERAL" NAME ="CAPACITY_GROUP" PICTURETEXT ="" PORTTYPE ="INPUT/OUTPUT" PRECISION ="255" SCALE ="0"/>
            <TRANSFORMFIELD DATATYPE ="string" DEFAULTVALUE ="" DESCRIPTION ="" EXPRESSION ="ATTRIBUTE_CODE" EXPRESSIONTYPE ="GENERAL" NAME ="ATTRIBUTE_CODE" PICTURETEXT ="" PORTTYPE ="INPUT/OUTPUT" PRECISION ="6" SCALE ="0"/>
            <TRANSFORMFIELD DATATYPE ="string" DEFAULTVALUE ="" DESCRIPTION ="" EXPRESSION ="SIZE_CODE" EXPRESSIONTYPE ="GENERAL" NAME ="SIZE_CODE" PICTURETEXT ="" PORTTYPE ="INPUT/OUTPUT" PRECISION ="2" SCALE ="0"/>
            <TRANSFORMFIELD DATATYPE ="string" DEFAULTVALUE ="" DESCRIPTION ="" EXPRESSION ="SIZE_DESC" EXPRESSIONTYPE ="GENERAL" NAME ="SIZE_DESC" PICTURETEXT ="" PORTTYPE ="INPUT/OUTPUT" PRECISION ="10" SCALE ="0"/>
            <TRANSFORMFIELD DATATYPE ="string" DEFAULTVALUE ="" DESCRIPTION ="" EXPRESSION ="PACK_CODE" EXPRESSIONTYPE ="GENERAL" NAME ="PACK_CODE" PICTURETEXT ="" PORTTYPE ="INPUT/OUTPUT" PRECISION ="1" SCALE ="0"/>
            <TRANSFORMFIELD DATATYPE ="decimal" DEFAULTVALUE ="" DESCRIPTION ="" NAME ="I_PACK_QTY" PICTURETEXT ="" PORTTYPE ="INPUT" PRECISION ="3" SCALE ="0"/>
            <TRANSFORMFIELD DATATYPE ="decimal" DEFAULTVALUE ="ERROR(&apos;transformation error&apos;)" DESCRIPTION ="" EXPRESSION ="I_PACK_QTY" EXPRESSIONTYPE ="GENERAL" NAME ="O_PACK_QTY" PICTURETEXT ="" PORTTYPE ="OUTPUT" PRECISION ="3" SCALE ="0"/>
            <TRANSFORMFIELD DATATYPE ="string" DEFAULTVALUE ="" DESCRIPTION ="" EXPRESSION ="APS_STYLE_CD" EXPRESSIONTYPE ="GENERAL" NAME ="APS_STYLE_CD" PICTURETEXT ="" PORTTYPE ="INPUT/OUTPUT" PRECISION ="10" SCALE ="0"/>
            <TRANSFORMFIELD DATATYPE ="string" DEFAULTVALUE ="" DESCRIPTION ="" EXPRESSION ="APS_COLOR_CD" EXPRESSIONTYPE ="GENERAL" NAME ="APS_COLOR_CD" PICTURETEXT ="" PORTTYPE ="INPUT/OUTPUT" PRECISION ="10" SCALE ="0"/>
            <TRANSFORMFIELD DATATYPE ="nstring" DEFAULTVALUE ="" DESCRIPTION ="" EXPRESSION ="DIVISION_GROUP" EXPRESSIONTYPE ="GENERAL" NAME ="DIVISION_GROUP" PICTURETEXT ="" PORTTYPE ="INPUT/OUTPUT" PRECISION ="4" SCALE ="0"/>
            <TRANSFORMFIELD DATATYPE ="string" DEFAULTVALUE ="" DESCRIPTION ="" EXPRESSION ="APS_CORP_BUSINESS_UNIT" EXPRESSIONTYPE ="GENERAL" NAME ="APS_CORP_BUSINESS_UNIT" PICTURETEXT ="" PORTTYPE ="INPUT/OUTPUT" PRECISION ="3" SCALE ="0"/>
            <TABLEATTRIBUTE NAME ="Tracing Level" VALUE ="Normal"/>
        </TRANSFORMATION>
        <TRANSFORMATION DESCRIPTION ="This aggregator transformation is used to get the source records count." NAME ="AGG_SRC_CNT" OBJECTVERSION ="1" REUSABLE ="NO" TYPE ="Aggregator" VERSIONNUMBER ="1">
            <TRANSFORMFIELD DATATYPE ="decimal" DEFAULTVALUE ="" DESCRIPTION ="" EXPRESSION ="I_COUNT" EXPRESSIONTYPE ="GROUPBY" NAME ="I_COUNT" PICTURETEXT ="" PORTTYPE ="INPUT" PRECISION ="10" SCALE ="0"/>
            <TRANSFORMFIELD DATATYPE ="decimal" DEFAULTVALUE ="ERROR(&apos;transformation error&apos;)" DESCRIPTION ="" EXPRESSION ="SUM(I_COUNT)" EXPRESSIONTYPE ="GENERAL" NAME ="O_COUNT" PICTURETEXT ="" PORTTYPE ="OUTPUT" PRECISION ="10" SCALE ="0"/>
            <TABLEATTRIBUTE NAME ="Cache Directory" VALUE ="$PMCacheDir"/>
            <TABLEATTRIBUTE NAME ="Tracing Level" VALUE ="Normal"/>
            <TABLEATTRIBUTE NAME ="Sorted Input" VALUE ="NO"/>
            <TABLEATTRIBUTE NAME ="Aggregator Data Cache Size" VALUE ="Auto"/>
            <TABLEATTRIBUTE NAME ="Aggregator Index Cache Size" VALUE ="Auto"/>
            <TABLEATTRIBUTE NAME ="Transformation Scope" VALUE ="All Input"/>
        </TRANSFORMATION>
        <INSTANCE DESCRIPTION ="Target table." NAME ="INVENTORY_DP_ITEM_INS" TRANSFORMATION_NAME ="INVENTORY_DP_ITEM" TRANSFORMATION_TYPE ="Target Definition" TYPE ="TARGET"/>
        <INSTANCE DESCRIPTION ="Target for the control table used to match the source and target counts." NAME ="INFO_ETL_CNTL_TBL" TRANSFORMATION_NAME ="INFO_ETL_CNTL_TBL" TRANSFORMATION_TYPE ="Target Definition" TYPE ="TARGET">
            <TABLEATTRIBUTE NAME ="Post SQL" VALUE ="UPDATE INFO_ETL_CNTL_TBL&#xD;&#xA;SET TGT_VAL=( SELECT COUNT(*) FROM INVENTORY_DP_ITEM&#xD;&#xA;WHERE &#xD;&#xA;UPDATE_TIMESTAMP=TRUNC(SYSDATE))&#xD;&#xA;WHERE &#xD;&#xA;INFO_MAP_NAME = &apos;m_INVENTORY_DP_ITEM&apos; AND &#xD;&#xA;MAP_RUN_DT=(SELECT MAX(MAP_RUN_DT) FROM INFO_ETL_CNTL_TBL &#xD;&#xA;WHERE INFO_MAP_NAME = &apos;m_INVENTORY_DP_ITEM&apos; AND MAP_RUN_DT &lt;=SYSDATE ) ;&#xD;&#xA;&#xD;&#xA;UPDATE INFO_ETL_CNTL_TBL&#xD;&#xA;SET STATUS_YN = (CASE WHEN SRC_VAL = TGT_VAL THEN &apos;Y&apos; ELSE &apos;N&apos; END )&#xD;&#xA;WHERE &#xD;&#xA;INFO_MAP_NAME = &apos;m_INVENTORY_DP_ITEM&apos; AND &#xD;&#xA;MAP_RUN_DT=(SELECT MAX(MAP_RUN_DT) FROM INFO_ETL_CNTL_TBL &#xD;&#xA;WHERE INFO_MAP_NAME = &apos;m_INVENTORY_DP_ITEM&apos; AND MAP_RUN_DT &lt;=SYSDATE );"/>
        </INSTANCE>
        <INSTANCE DBDNAME ="demand_prioritization_stage" DESCRIPTION ="Source table." NAME ="ITEM" TRANSFORMATION_NAME ="ITEM" TRANSFORMATION_TYPE ="Source Definition" TYPE ="SOURCE"/>
        <INSTANCE DESCRIPTION ="To truncate the target INVENTORY_DP_ITEM" NAME ="PR_TRUNC_SLBA_TBLS" REUSABLE ="YES" TRANSFORMATION_NAME ="PR_TRUNC_SLBA_TBLS" TRANSFORMATION_TYPE ="Stored Procedure" TYPE ="TRANSFORMATION">
            <TABLEATTRIBUTE NAME ="Connection Information" VALUE ="SLBADW"/>
            <TABLEATTRIBUTE NAME ="Call Text" VALUE ="PR_TRUNC_SLBA_TBLS(INVENTORY_DP_ITEM)"/>
            <TABLEATTRIBUTE NAME ="Stored Procedure Type" VALUE ="Target Pre Load "/>
        </INSTANCE>
        <INSTANCE DESCRIPTION ="This source qualifier transformation reads the records from the item table." NAME ="SQ_ITEM" REUSABLE ="NO" TRANSFORMATION_NAME ="SQ_ITEM" TRANSFORMATION_TYPE ="Source Qualifier" TYPE ="TRANSFORMATION">
            <ASSOCIATED_SOURCE_INSTANCE NAME ="ITEM"/>
        </INSTANCE>
        <INSTANCE DESCRIPTION ="This expression transformation is used to set the default values for the control table. As this mapping is reusable for other LOBs , the source table name, info_map_name, map_desc arer passed as parameters. The values will be provided in the param file mentioned in the workflow." NAME ="EXP_CNTL_TBL" REUSABLE ="NO" TRANSFORMATION_NAME ="EXP_CNTL_TBL" TRANSFORMATION_TYPE ="Expression" TYPE ="TRANSFORMATION"/>
        <INSTANCE DESCRIPTION ="This expression transformation is used to perform the transformation rules given in the conversion mapping." NAME ="EXP_INV_DP_ITEM" REUSABLE ="NO" TRANSFORMATION_NAME ="EXP_INV_DP_ITEM" TRANSFORMATION_TYPE ="Expression" TYPE ="TRANSFORMATION"/>
        <INSTANCE DESCRIPTION ="This aggregator transformation is used to get the source records count." NAME ="AGG_SRC_CNT" REUSABLE ="NO" TRANSFORMATION_NAME ="AGG_SRC_CNT" TRANSFORMATION_TYPE ="Aggregator" TYPE ="TRANSFORMATION"/>
        <CONNECTOR FROMFIELD ="BRAND_DESCRIPTION" FROMINSTANCE ="EXP_INV_DP_ITEM" FROMINSTANCETYPE ="Expression" TOFIELD ="BRAND_DESCRIPTION" TOINSTANCE ="INVENTORY_DP_ITEM_INS" TOINSTANCETYPE ="Target Definition"/>
        <CONNECTOR FROMFIELD ="MANUFACTURING_PRODUCT_FAMILY" FROMINSTANCE ="EXP_INV_DP_ITEM" FROMINSTANCETYPE ="Expression" TOFIELD ="MANUFACTURING_PRODUCT_FAMILY" TOINSTANCE ="INVENTORY_DP_ITEM_INS" TOINSTANCETYPE ="Target Definition"/>
        <CONNECTOR FROMFIELD ="ABC_CODE" FROMINSTANCE ="EXP_INV_DP_ITEM" FROMINSTANCETYPE ="Expression" TOFIELD ="ABC_CODE" TOINSTANCE ="INVENTORY_DP_ITEM_INS" TOINSTANCETYPE ="Target Definition"/>
        <CONNECTOR FROMFIELD ="SERVICE_LEVEL" FROMINSTANCE ="EXP_INV_DP_ITEM" FROMINSTANCETYPE ="Expression" TOFIELD ="SERVICE_LEVEL" TOINSTANCE ="INVENTORY_DP_ITEM_INS" TOINSTANCETYPE ="Target Definition"/>
        <CONNECTOR FROMFIELD ="LOAD_DATE" FROMINSTANCE ="EXP_INV_DP_ITEM" FROMINSTANCETYPE ="Expression" TOFIELD ="LOAD_DATE" TOINSTANCE ="INVENTORY_DP_ITEM_INS" TOINSTANCETYPE ="Target Definition"/>
        <CONNECTOR FROMFIELD ="DATA_SOURCE" FROMINSTANCE ="EXP_INV_DP_ITEM" FROMINSTANCETYPE ="Expression" TOFIELD ="DATA_SOURCE" TOINSTANCE ="INVENTORY_DP_ITEM_INS" TOINSTANCETYPE ="Target Definition"/>
        <CONNECTOR FROMFIELD ="STYLE_GROUP" FROMINSTANCE ="EXP_INV_DP_ITEM" FROMINSTANCETYPE ="Expression" TOFIELD ="STYLE_GROUP" TOINSTANCE ="INVENTORY_DP_ITEM_INS" TOINSTANCETYPE ="Target Definition"/>
        <CONNECTOR FROMFIELD ="PRODUCT_GROUP" FROMINSTANCE ="EXP_INV_DP_ITEM" FROMINSTANCETYPE ="Expression" TOFIELD ="PRODUCT_GROUP" TOINSTANCE ="INVENTORY_DP_ITEM_INS" TOINSTANCETYPE ="Target Definition"/>
        <CONNECTOR FROMFIELD ="CAPACITY_GROUP" FROMINSTANCE ="EXP_INV_DP_ITEM" FROMINSTANCETYPE ="Expression" TOFIELD ="CAPACITY_GROUP" TOINSTANCE ="INVENTORY_DP_ITEM_INS" TOINSTANCETYPE ="Target Definition"/>
        <CONNECTOR FROMFIELD ="O_UPDATE_USERID" FROMINSTANCE ="EXP_INV_DP_ITEM" FROMINSTANCETYPE ="Expression" TOFIELD ="UPDATE_USERID" TOINSTANCE ="INVENTORY_DP_ITEM_INS" TOINSTANCETYPE ="Target Definition"/>
        <CONNECTOR FROMFIELD ="O_UPDATE_TIMESTAMP" FROMINSTANCE ="EXP_INV_DP_ITEM" FROMINSTANCETYPE ="Expression" TOFIELD ="UPDATE_TIMESTAMP" TOINSTANCE ="INVENTORY_DP_ITEM_INS" TOINSTANCETYPE ="Target Definition"/>
        <CONNECTOR FROMFIELD ="ATTRIBUTE_CODE" FROMINSTANCE ="EXP_INV_DP_ITEM" FROMINSTANCETYPE ="Expression" TOFIELD ="ATTRIBUTE_CODE" TOINSTANCE ="INVENTORY_DP_ITEM_INS" TOINSTANCETYPE ="Target Definition"/>
        <CONNECTOR FROMFIELD ="SIZE_CODE" FROMINSTANCE ="EXP_INV_DP_ITEM" FROMINSTANCETYPE ="Expression" TOFIELD ="SIZE_CODE" TOINSTANCE ="INVENTORY_DP_ITEM_INS" TOINSTANCETYPE ="Target Definition"/>
        <CONNECTOR FROMFIELD ="O_UNIT_OF_MEASURE" FROMINSTANCE ="EXP_INV_DP_ITEM" FROMINSTANCETYPE ="Expression" TOFIELD ="UNIT_OF_MEASURE" TOINSTANCE ="INVENTORY_DP_ITEM_INS" TOINSTANCETYPE ="Target Definition"/>
        <CONNECTOR FROMFIELD ="O_PACK_QTY" FROMINSTANCE ="EXP_INV_DP_ITEM" FROMINSTANCETYPE ="Expression" TOFIELD ="PACK_QTY" TOINSTANCE ="INVENTORY_DP_ITEM_INS" TOINSTANCETYPE ="Target Definition"/>
        <CONNECTOR FROMFIELD ="DIVISION_GROUP" FROMINSTANCE ="EXP_INV_DP_ITEM" FROMINSTANCETYPE ="Expression" TOFIELD ="DIVISION_GROUP" TOINSTANCE ="INVENTORY_DP_ITEM_INS" TOINSTANCETYPE ="Target Definition"/>
        <CONNECTOR FROMFIELD ="APS_CORP_BUSINESS_UNIT" FROMINSTANCE ="EXP_INV_DP_ITEM" FROMINSTANCETYPE ="Expression" TOFIELD ="APS_CORP_BUSINESS_UNIT" TOINSTANCE ="INVENTORY_DP_ITEM_INS" TOINSTANCETYPE ="Target Definition"/>
        <CONNECTOR FROMFIELD ="SIZE_DESC" FROMINSTANCE ="EXP_INV_DP_ITEM" FROMINSTANCETYPE ="Expression" TOFIELD ="SIZE_DESC" TOINSTANCE ="INVENTORY_DP_ITEM_INS" TOINSTANCETYPE ="Target Definition"/>
        <CONNECTOR FROMFIELD ="PACK_CODE" FROMINSTANCE ="EXP_INV_DP_ITEM" FROMINSTANCETYPE ="Expression" TOFIELD ="PACK_CODE" TOINSTANCE ="INVENTORY_DP_ITEM_INS" TOINSTANCETYPE ="Target Definition"/>
        <CONNECTOR FROMFIELD ="APS_STYLE_CD" FROMINSTANCE ="EXP_INV_DP_ITEM" FROMINSTANCETYPE ="Expression" TOFIELD ="APS_STYLE_CD" TOINSTANCE ="INVENTORY_DP_ITEM_INS" TOINSTANCETYPE ="Target Definition"/>
        <CONNECTOR FROMFIELD ="APS_COLOR_CD" FROMINSTANCE ="EXP_INV_DP_ITEM" FROMINSTANCETYPE ="Expression" TOFIELD ="APS_COLOR_CD" TOINSTANCE ="INVENTORY_DP_ITEM_INS" TOINSTANCETYPE ="Target Definition"/>
        <CONNECTOR FROMFIELD ="LEGACY_SOURCE" FROMINSTANCE ="EXP_INV_DP_ITEM" FROMINSTANCETYPE ="Expression" TOFIELD ="LEGACY_SOURCE" TOINSTANCE ="INVENTORY_DP_ITEM_INS" TOINSTANCETYPE ="Target Definition"/>
        <CONNECTOR FROMFIELD ="ITEM_CODE" FROMINSTANCE ="EXP_INV_DP_ITEM" FROMINSTANCETYPE ="Expression" TOFIELD ="ITEM_CODE" TOINSTANCE ="INVENTORY_DP_ITEM_INS" TOINSTANCETYPE ="Target Definition"/>
        <CONNECTOR FROMFIELD ="ITEM_DESCRIPTION" FROMINSTANCE ="EXP_INV_DP_ITEM" FROMINSTANCETYPE ="Expression" TOFIELD ="ITEM_DESCRIPTION" TOINSTANCE ="INVENTORY_DP_ITEM_INS" TOINSTANCETYPE ="Target Definition"/>
        <CONNECTOR FROMFIELD ="STYLE" FROMINSTANCE ="EXP_INV_DP_ITEM" FROMINSTANCETYPE ="Expression" TOFIELD ="STYLE" TOINSTANCE ="INVENTORY_DP_ITEM_INS" TOINSTANCETYPE ="Target Definition"/>
        <CONNECTOR FROMFIELD ="COLOR" FROMINSTANCE ="EXP_INV_DP_ITEM" FROMINSTANCETYPE ="Expression" TOFIELD ="COLOR" TOINSTANCE ="INVENTORY_DP_ITEM_INS" TOINSTANCETYPE ="Target Definition"/>
        <CONNECTOR FROMFIELD ="ITEM_CLASSIFICATION" FROMINSTANCE ="EXP_INV_DP_ITEM" FROMINSTANCETYPE ="Expression" TOFIELD ="ITEM_CLASSIFICATION" TOINSTANCE ="INVENTORY_DP_ITEM_INS" TOINSTANCETYPE ="Target Definition"/>
        <CONNECTOR FROMFIELD ="ITEM_TYPE" FROMINSTANCE ="EXP_INV_DP_ITEM" FROMINSTANCETYPE ="Expression" TOFIELD ="ITEM_TYPE" TOINSTANCE ="INVENTORY_DP_ITEM_INS" TOINSTANCETYPE ="Target Definition"/>
        <CONNECTOR FROMFIELD ="CUMULATIVE_LEADTIME" FROMINSTANCE ="EXP_INV_DP_ITEM" FROMINSTANCETYPE ="Expression" TOFIELD ="CUMULATIVE_LEADTIME" TOINSTANCE ="INVENTORY_DP_ITEM_INS" TOINSTANCETYPE ="Target Definition"/>
        <CONNECTOR FROMFIELD ="BUSINESS_GROUPING" FROMINSTANCE ="EXP_INV_DP_ITEM" FROMINSTANCETYPE ="Expression" TOFIELD ="BUSINESS_GROUPING" TOINSTANCE ="INVENTORY_DP_ITEM_INS" TOINSTANCETYPE ="Target Definition"/>
        <CONNECTOR FROMFIELD ="BUSINESS_GROUPING_DESCRIPTION" FROMINSTANCE ="EXP_INV_DP_ITEM" FROMINSTANCETYPE ="Expression" TOFIELD ="BUSINESS_GROUPING_DESCRIPTION" TOINSTANCE ="INVENTORY_DP_ITEM_INS" TOINSTANCETYPE ="Target Definition"/>
        <CONNECTOR FROMFIELD ="UNIT_COST" FROMINSTANCE ="EXP_INV_DP_ITEM" FROMINSTANCETYPE ="Expression" TOFIELD ="UNIT_COST" TOINSTANCE ="INVENTORY_DP_ITEM_INS" TOINSTANCETYPE ="Target Definition"/>
        <CONNECTOR FROMFIELD ="RECEIPT_PERIOD" FROMINSTANCE ="EXP_INV_DP_ITEM" FROMINSTANCETYPE ="Expression" TOFIELD ="RECEIPT_PERIOD" TOINSTANCE ="INVENTORY_DP_ITEM_INS" TOINSTANCETYPE ="Target Definition"/>
        <CONNECTOR FROMFIELD ="MINIMUM_ORDER_QUANTITY" FROMINSTANCE ="EXP_INV_DP_ITEM" FROMINSTANCETYPE ="Expression" TOFIELD ="MINIMUM_ORDER_QUANTITY" TOINSTANCE ="INVENTORY_DP_ITEM_INS" TOINSTANCETYPE ="Target Definition"/>
        <CONNECTOR FROMFIELD ="ORDER_MULTIPLE_QUANTITY" FROMINSTANCE ="EXP_INV_DP_ITEM" FROMINSTANCETYPE ="Expression" TOFIELD ="ORDER_MULTIPLE_QUANTITY" TOINSTANCE ="INVENTORY_DP_ITEM_INS" TOINSTANCETYPE ="Target Definition"/>
        <CONNECTOR FROMFIELD ="PLANNER_CODE" FROMINSTANCE ="EXP_INV_DP_ITEM" FROMINSTANCETYPE ="Expression" TOFIELD ="PLANNER_CODE" TOINSTANCE ="INVENTORY_DP_ITEM_INS" TOINSTANCETYPE ="Target Definition"/>
        <CONNECTOR FROMFIELD ="BRAND_CODE" FROMINSTANCE ="EXP_INV_DP_ITEM" FROMINSTANCETYPE ="Expression" TOFIELD ="BRAND_CODE" TOINSTANCE ="INVENTORY_DP_ITEM_INS" TOINSTANCETYPE ="Target Definition"/>
        <CONNECTOR FROMFIELD ="O_BAL_STRATEGY" FROMINSTANCE ="EXP_CNTL_TBL" FROMINSTANCETYPE ="Expression" TOFIELD ="BAL_STRATEGY" TOINSTANCE ="INFO_ETL_CNTL_TBL" TOINSTANCETYPE ="Target Definition"/>
        <CONNECTOR FROMFIELD ="O_SUBJECT_AREA" FROMINSTANCE ="EXP_CNTL_TBL" FROMINSTANCETYPE ="Expression" TOFIELD ="SUBJECT_AREA" TOINSTANCE ="INFO_ETL_CNTL_TBL" TOINSTANCETYPE ="Target Definition"/>
        <CONNECTOR FROMFIELD ="O_SRC_SYS_NAME" FROMINSTANCE ="EXP_CNTL_TBL" FROMINSTANCETYPE ="Expression" TOFIELD ="SRC_SYS_NAME" TOINSTANCE ="INFO_ETL_CNTL_TBL" TOINSTANCETYPE ="Target Definition"/>
        <CONNECTOR FROMFIELD ="O_STATUS_YN" FROMINSTANCE ="EXP_CNTL_TBL" FROMINSTANCETYPE ="Expression" TOFIELD ="STATUS_YN" TOINSTANCE ="INFO_ETL_CNTL_TBL" TOINSTANCETYPE ="Target Definition"/>
        <CONNECTOR FROMFIELD ="O_MAP_RUN_DT" FROMINSTANCE ="EXP_CNTL_TBL" FROMINSTANCETYPE ="Expression" TOFIELD ="MAP_RUN_DT" TOINSTANCE ="INFO_ETL_CNTL_TBL" TOINSTANCETYPE ="Target Definition"/>
        <CONNECTOR FROMFIELD ="O_UPDATE_USERID" FROMINSTANCE ="EXP_CNTL_TBL" FROMINSTANCETYPE ="Expression" TOFIELD ="UPDATE_USERID" TOINSTANCE ="INFO_ETL_CNTL_TBL" TOINSTANCETYPE ="Target Definition"/>
        <CONNECTOR FROMFIELD ="SRC_VAL" FROMINSTANCE ="EXP_CNTL_TBL" FROMINSTANCETYPE ="Expression" TOFIELD ="SRC_VAL" TOINSTANCE ="INFO_ETL_CNTL_TBL" TOINSTANCETYPE ="Target Definition"/>
        <CONNECTOR FROMFIELD ="O_TGT_VAL" FROMINSTANCE ="EXP_CNTL_TBL" FROMINSTANCETYPE ="Expression" TOFIELD ="TGT_VAL" TOINSTANCE ="INFO_ETL_CNTL_TBL" TOINSTANCETYPE ="Target Definition"/>
        <CONNECTOR FROMFIELD ="O_UPDATE_TIMESTAMP" FROMINSTANCE ="EXP_CNTL_TBL" FROMINSTANCETYPE ="Expression" TOFIELD ="UPDATE_TIMESTAMP" TOINSTANCE ="INFO_ETL_CNTL_TBL" TOINSTANCETYPE ="Target Definition"/>
        <CONNECTOR FROMFIELD ="O_MAP_DESCP" FROMINSTANCE ="EXP_CNTL_TBL" FROMINSTANCETYPE ="Expression" TOFIELD ="MAP_DESCP" TOINSTANCE ="INFO_ETL_CNTL_TBL" TOINSTANCETYPE ="Target Definition"/>
        <CONNECTOR FROMFIELD ="O_TGT_SYS_NAME" FROMINSTANCE ="EXP_CNTL_TBL" FROMINSTANCETYPE ="Expression" TOFIELD ="TGT_SYS_NAME" TOINSTANCE ="INFO_ETL_CNTL_TBL" TOINSTANCETYPE ="Target Definition"/>
        <CONNECTOR FROMFIELD ="O_SRC_TABLE_NAME" FROMINSTANCE ="EXP_CNTL_TBL" FROMINSTANCETYPE ="Expression" TOFIELD ="SRC_TABLE_NAME" TOINSTANCE ="INFO_ETL_CNTL_TBL" TOINSTANCETYPE ="Target Definition"/>
        <CONNECTOR FROMFIELD ="O_TGT_TABLE_NAME" FROMINSTANCE ="EXP_CNTL_TBL" FROMINSTANCETYPE ="Expression" TOFIELD ="TGT_TABLE_NAME" TOINSTANCE ="INFO_ETL_CNTL_TBL" TOINSTANCETYPE ="Target Definition"/>
        <CONNECTOR FROMFIELD ="O_INFO_FOLDER_NAME" FROMINSTANCE ="EXP_CNTL_TBL" FROMINSTANCETYPE ="Expression" TOFIELD ="INFO_FOLDER_NAME" TOINSTANCE ="INFO_ETL_CNTL_TBL" TOINSTANCETYPE ="Target Definition"/>
        <CONNECTOR FROMFIELD ="O_INFO_MAP_NAME" FROMINSTANCE ="EXP_CNTL_TBL" FROMINSTANCETYPE ="Expression" TOFIELD ="INFO_MAP_NAME" TOINSTANCE ="INFO_ETL_CNTL_TBL" TOINSTANCETYPE ="Target Definition"/>
        <CONNECTOR FROMFIELD ="O_PRED_MAP_NAME" FROMINSTANCE ="EXP_CNTL_TBL" FROMINSTANCETYPE ="Expression" TOFIELD ="PRED_MAP_NAME" TOINSTANCE ="INFO_ETL_CNTL_TBL" TOINSTANCETYPE ="Target Definition"/>
        <CONNECTOR FROMFIELD ="O_TGT_TABLE_COL_NM" FROMINSTANCE ="EXP_CNTL_TBL" FROMINSTANCETYPE ="Expression" TOFIELD ="TGT_TABLE_COL_NM" TOINSTANCE ="INFO_ETL_CNTL_TBL" TOINSTANCETYPE ="Target Definition"/>
        <CONNECTOR FROMFIELD ="O_TGT_TABLE_COL_VAL" FROMINSTANCE ="EXP_CNTL_TBL" FROMINSTANCETYPE ="Expression" TOFIELD ="TGT_TABLE_COL_VAL" TOINSTANCE ="INFO_ETL_CNTL_TBL" TOINSTANCETYPE ="Target Definition"/>
        <CONNECTOR FROMFIELD ="SERVICE_LEVEL" FROMINSTANCE ="ITEM" FROMINSTANCETYPE ="Source Definition" TOFIELD ="SERVICE_LEVEL" TOINSTANCE ="SQ_ITEM" TOINSTANCETYPE ="Source Qualifier"/>
        <CONNECTOR FROMFIELD ="LOAD_DATE" FROMINSTANCE ="ITEM" FROMINSTANCETYPE ="Source Definition" TOFIELD ="LOAD_DATE" TOINSTANCE ="SQ_ITEM" TOINSTANCETYPE ="Source Qualifier"/>
        <CONNECTOR FROMFIELD ="DATA_SOURCE" FROMINSTANCE ="ITEM" FROMINSTANCETYPE ="Source Definition" TOFIELD ="DATA_SOURCE" TOINSTANCE ="SQ_ITEM" TOINSTANCETYPE ="Source Qualifier"/>
        <CONNECTOR FROMFIELD ="STYLE_GROUP" FROMINSTANCE ="ITEM" FROMINSTANCETYPE ="Source Definition" TOFIELD ="STYLE_GROUP" TOINSTANCE ="SQ_ITEM" TOINSTANCETYPE ="Source Qualifier"/>
        <CONNECTOR FROMFIELD ="PRODUCT_GROUP" FROMINSTANCE ="ITEM" FROMINSTANCETYPE ="Source Definition" TOFIELD ="PRODUCT_GROUP" TOINSTANCE ="SQ_ITEM" TOINSTANCETYPE ="Source Qualifier"/>
        <CONNECTOR FROMFIELD ="CAPACITY_GROUP" FROMINSTANCE ="ITEM" FROMINSTANCETYPE ="Source Definition" TOFIELD ="CAPACITY_GROUP" TOINSTANCE ="SQ_ITEM" TOINSTANCETYPE ="Source Qualifier"/>
        <CONNECTOR FROMFIELD ="ATTRIBUTE_CODE" FROMINSTANCE ="ITEM" FROMINSTANCETYPE ="Source Definition" TOFIELD ="ATTRIBUTE_CODE" TOINSTANCE ="SQ_ITEM" TOINSTANCETYPE ="Source Qualifier"/>
        <CONNECTOR FROMFIELD ="SIZE_CODE" FROMINSTANCE ="ITEM" FROMINSTANCETYPE ="Source Definition" TOFIELD ="SIZE_CODE" TOINSTANCE ="SQ_ITEM" TOINSTANCETYPE ="Source Qualifier"/>
        <CONNECTOR FROMFIELD ="SIZE_DESC" FROMINSTANCE ="ITEM" FROMINSTANCETYPE ="Source Definition" TOFIELD ="SIZE_DESC" TOINSTANCE ="SQ_ITEM" TOINSTANCETYPE ="Source Qualifier"/>
        <CONNECTOR FROMFIELD ="PACK_CODE" FROMINSTANCE ="ITEM" FROMINSTANCETYPE ="Source Definition" TOFIELD ="PACK_CODE" TOINSTANCE ="SQ_ITEM" TOINSTANCETYPE ="Source Qualifier"/>
        <CONNECTOR FROMFIELD ="PACK_QTY" FROMINSTANCE ="ITEM" FROMINSTANCETYPE ="Source Definition" TOFIELD ="PACK_QTY" TOINSTANCE ="SQ_ITEM" TOINSTANCETYPE ="Source Qualifier"/>
        <CONNECTOR FROMFIELD ="APS_STYLE_CD" FROMINSTANCE ="ITEM" FROMINSTANCETYPE ="Source Definition" TOFIELD ="APS_STYLE_CD" TOINSTANCE ="SQ_ITEM" TOINSTANCETYPE ="Source Qualifier"/>
        <CONNECTOR FROMFIELD ="APS_COLOR_CD" FROMINSTANCE ="ITEM" FROMINSTANCETYPE ="Source Definition" TOFIELD ="APS_COLOR_CD" TOINSTANCE ="SQ_ITEM" TOINSTANCETYPE ="Source Qualifier"/>
        <CONNECTOR FROMFIELD ="DIVISION_GROUP" FROMINSTANCE ="ITEM" FROMINSTANCETYPE ="Source Definition" TOFIELD ="DIVISION_GROUP" TOINSTANCE ="SQ_ITEM" TOINSTANCETYPE ="Source Qualifier"/>
        <CONNECTOR FROMFIELD ="APS_CORP_BUSINESS_UNIT" FROMINSTANCE ="ITEM" FROMINSTANCETYPE ="Source Definition" TOFIELD ="APS_CORP_BUSINESS_UNIT" TOINSTANCE ="SQ_ITEM" TOINSTANCETYPE ="Source Qualifier"/>
        <CONNECTOR FROMFIELD ="LEGACY_SOURCE" FROMINSTANCE ="ITEM" FROMINSTANCETYPE ="Source Definition" TOFIELD ="LEGACY_SOURCE" TOINSTANCE ="SQ_ITEM" TOINSTANCETYPE ="Source Qualifier"/>
        <CONNECTOR FROMFIELD ="ITEM_CODE" FROMINSTANCE ="ITEM" FROMINSTANCETYPE ="Source Definition" TOFIELD ="ITEM_CODE" TOINSTANCE ="SQ_ITEM" TOINSTANCETYPE ="Source Qualifier"/>
        <CONNECTOR FROMFIELD ="ITEM_DESCRIPTION" FROMINSTANCE ="ITEM" FROMINSTANCETYPE ="Source Definition" TOFIELD ="ITEM_DESCRIPTION" TOINSTANCE ="SQ_ITEM" TOINSTANCETYPE ="Source Qualifier"/>
        <CONNECTOR FROMFIELD ="STYLE" FROMINSTANCE ="ITEM" FROMINSTANCETYPE ="Source Definition" TOFIELD ="STYLE" TOINSTANCE ="SQ_ITEM" TOINSTANCETYPE ="Source Qualifier"/>
        <CONNECTOR FROMFIELD ="COLOR" FROMINSTANCE ="ITEM" FROMINSTANCETYPE ="Source Definition" TOFIELD ="COLOR" TOINSTANCE ="SQ_ITEM" TOINSTANCETYPE ="Source Qualifier"/>
        <CONNECTOR FROMFIELD ="ITEM_CLASSIFICATION" FROMINSTANCE ="ITEM" FROMINSTANCETYPE ="Source Definition" TOFIELD ="ITEM_CLASSIFICATION" TOINSTANCE ="SQ_ITEM" TOINSTANCETYPE ="Source Qualifier"/>
        <CONNECTOR FROMFIELD ="ITEM_TYPE" FROMINSTANCE ="ITEM" FROMINSTANCETYPE ="Source Definition" TOFIELD ="ITEM_TYPE" TOINSTANCE ="SQ_ITEM" TOINSTANCETYPE ="Source Qualifier"/>
        <CONNECTOR FROMFIELD ="CUMULATIVE_LEADTIME" FROMINSTANCE ="ITEM" FROMINSTANCETYPE ="Source Definition" TOFIELD ="CUMULATIVE_LEADTIME" TOINSTANCE ="SQ_ITEM" TOINSTANCETYPE ="Source Qualifier"/>
        <CONNECTOR FROMFIELD ="BUSINESS_GROUPING" FROMINSTANCE ="ITEM" FROMINSTANCETYPE ="Source Definition" TOFIELD ="BUSINESS_GROUPING" TOINSTANCE ="SQ_ITEM" TOINSTANCETYPE ="Source Qualifier"/>
        <CONNECTOR FROMFIELD ="BUSINESS_GROUPING_DESCRIPTION" FROMINSTANCE ="ITEM" FROMINSTANCETYPE ="Source Definition" TOFIELD ="BUSINESS_GROUPING_DESCRIPTION" TOINSTANCE ="SQ_ITEM" TOINSTANCETYPE ="Source Qualifier"/>
        <CONNECTOR FROMFIELD ="UNIT_OF_MEASURE" FROMINSTANCE ="ITEM" FROMINSTANCETYPE ="Source Definition" TOFIELD ="UNIT_OF_MEASURE" TOINSTANCE ="SQ_ITEM" TOINSTANCETYPE ="Source Qualifier"/>
        <CONNECTOR FROMFIELD ="UNIT_COST" FROMINSTANCE ="ITEM" FROMINSTANCETYPE ="Source Definition" TOFIELD ="UNIT_COST" TOINSTANCE ="SQ_ITEM" TOINSTANCETYPE ="Source Qualifier"/>
        <CONNECTOR FROMFIELD ="RECEIPT_PERIOD" FROMINSTANCE ="ITEM" FROMINSTANCETYPE ="Source Definition" TOFIELD ="RECEIPT_PERIOD" TOINSTANCE ="SQ_ITEM" TOINSTANCETYPE ="Source Qualifier"/>
        <CONNECTOR FROMFIELD ="MINIMUM_ORDER_QUANTITY" FROMINSTANCE ="ITEM" FROMINSTANCETYPE ="Source Definition" TOFIELD ="MINIMUM_ORDER_QUANTITY" TOINSTANCE ="SQ_ITEM" TOINSTANCETYPE ="Source Qualifier"/>
        <CONNECTOR FROMFIELD ="ORDER_MULTIPLE_QUANTITY" FROMINSTANCE ="ITEM" FROMINSTANCETYPE ="Source Definition" TOFIELD ="ORDER_MULTIPLE_QUANTITY" TOINSTANCE ="SQ_ITEM" TOINSTANCETYPE ="Source Qualifier"/>
        <CONNECTOR FROMFIELD ="PLANNER_CODE" FROMINSTANCE ="ITEM" FROMINSTANCETYPE ="Source Definition" TOFIELD ="PLANNER_CODE" TOINSTANCE ="SQ_ITEM" TOINSTANCETYPE ="Source Qualifier"/>
        <CONNECTOR FROMFIELD ="BRAND_CODE" FROMINSTANCE ="ITEM" FROMINSTANCETYPE ="Source Definition" TOFIELD ="BRAND_CODE" TOINSTANCE ="SQ_ITEM" TOINSTANCETYPE ="Source Qualifier"/>
        <CONNECTOR FROMFIELD ="BRAND_DESCRIPTION" FROMINSTANCE ="ITEM" FROMINSTANCETYPE ="Source Definition" TOFIELD ="BRAND_DESCRIPTION" TOINSTANCE ="SQ_ITEM" TOINSTANCETYPE ="Source Qualifier"/>
        <CONNECTOR FROMFIELD ="MANUFACTURING_PRODUCT_FAMILY" FROMINSTANCE ="ITEM" FROMINSTANCETYPE ="Source Definition" TOFIELD ="MANUFACTURING_PRODUCT_FAMILY" TOINSTANCE ="SQ_ITEM" TOINSTANCETYPE ="Source Qualifier"/>
        <CONNECTOR FROMFIELD ="ABC_CODE" FROMINSTANCE ="ITEM" FROMINSTANCETYPE ="Source Definition" TOFIELD ="ABC_CODE" TOINSTANCE ="SQ_ITEM" TOINSTANCETYPE ="Source Qualifier"/>
        <CONNECTOR FROMFIELD ="UNIT_COST" FROMINSTANCE ="SQ_ITEM" FROMINSTANCETYPE ="Source Qualifier" TOFIELD ="UNIT_COST" TOINSTANCE ="EXP_INV_DP_ITEM" TOINSTANCETYPE ="Expression"/>
        <CONNECTOR FROMFIELD ="RECEIPT_PERIOD" FROMINSTANCE ="SQ_ITEM" FROMINSTANCETYPE ="Source Qualifier" TOFIELD ="RECEIPT_PERIOD" TOINSTANCE ="EXP_INV_DP_ITEM" TOINSTANCETYPE ="Expression"/>
        <CONNECTOR FROMFIELD ="MINIMUM_ORDER_QUANTITY" FROMINSTANCE ="SQ_ITEM" FROMINSTANCETYPE ="Source Qualifier" TOFIELD ="MINIMUM_ORDER_QUANTITY" TOINSTANCE ="EXP_INV_DP_ITEM" TOINSTANCETYPE ="Expression"/>
        <CONNECTOR FROMFIELD ="ORDER_MULTIPLE_QUANTITY" FROMINSTANCE ="SQ_ITEM" FROMINSTANCETYPE ="Source Qualifier" TOFIELD ="ORDER_MULTIPLE_QUANTITY" TOINSTANCE ="EXP_INV_DP_ITEM" TOINSTANCETYPE ="Expression"/>
        <CONNECTOR FROMFIELD ="PLANNER_CODE" FROMINSTANCE ="SQ_ITEM" FROMINSTANCETYPE ="Source Qualifier" TOFIELD ="PLANNER_CODE" TOINSTANCE ="EXP_INV_DP_ITEM" TOINSTANCETYPE ="Expression"/>
        <CONNECTOR FROMFIELD ="BRAND_CODE" FROMINSTANCE ="SQ_ITEM" FROMINSTANCETYPE ="Source Qualifier" TOFIELD ="BRAND_CODE" TOINSTANCE ="EXP_INV_DP_ITEM" TOINSTANCETYPE ="Expression"/>
        <CONNECTOR FROMFIELD ="BRAND_DESCRIPTION" FROMINSTANCE ="SQ_ITEM" FROMINSTANCETYPE ="Source Qualifier" TOFIELD ="BRAND_DESCRIPTION" TOINSTANCE ="EXP_INV_DP_ITEM" TOINSTANCETYPE ="Expression"/>
        <CONNECTOR FROMFIELD ="MANUFACTURING_PRODUCT_FAMILY" FROMINSTANCE ="SQ_ITEM" FROMINSTANCETYPE ="Source Qualifier" TOFIELD ="MANUFACTURING_PRODUCT_FAMILY" TOINSTANCE ="EXP_INV_DP_ITEM" TOINSTANCETYPE ="Expression"/>
        <CONNECTOR FROMFIELD ="ABC_CODE" FROMINSTANCE ="SQ_ITEM" FROMINSTANCETYPE ="Source Qualifier" TOFIELD ="ABC_CODE" TOINSTANCE ="EXP_INV_DP_ITEM" TOINSTANCETYPE ="Expression"/>
        <CONNECTOR FROMFIELD ="SERVICE_LEVEL" FROMINSTANCE ="SQ_ITEM" FROMINSTANCETYPE ="Source Qualifier" TOFIELD ="SERVICE_LEVEL" TOINSTANCE ="EXP_INV_DP_ITEM" TOINSTANCETYPE ="Expression"/>
        <CONNECTOR FROMFIELD ="LOAD_DATE" FROMINSTANCE ="SQ_ITEM" FROMINSTANCETYPE ="Source Qualifier" TOFIELD ="LOAD_DATE" TOINSTANCE ="EXP_INV_DP_ITEM" TOINSTANCETYPE ="Expression"/>
        <CONNECTOR FROMFIELD ="DATA_SOURCE" FROMINSTANCE ="SQ_ITEM" FROMINSTANCETYPE ="Source Qualifier" TOFIELD ="DATA_SOURCE" TOINSTANCE ="EXP_INV_DP_ITEM" TOINSTANCETYPE ="Expression"/>
        <CONNECTOR FROMFIELD ="STYLE_GROUP" FROMINSTANCE ="SQ_ITEM" FROMINSTANCETYPE ="Source Qualifier" TOFIELD ="STYLE_GROUP" TOINSTANCE ="EXP_INV_DP_ITEM" TOINSTANCETYPE ="Expression"/>
        <CONNECTOR FROMFIELD ="PRODUCT_GROUP" FROMINSTANCE ="SQ_ITEM" FROMINSTANCETYPE ="Source Qualifier" TOFIELD ="PRODUCT_GROUP" TOINSTANCE ="EXP_INV_DP_ITEM" TOINSTANCETYPE ="Expression"/>
        <CONNECTOR FROMFIELD ="CAPACITY_GROUP" FROMINSTANCE ="SQ_ITEM" FROMINSTANCETYPE ="Source Qualifier" TOFIELD ="CAPACITY_GROUP" TOINSTANCE ="EXP_INV_DP_ITEM" TOINSTANCETYPE ="Expression"/>
        <CONNECTOR FROMFIELD ="ATTRIBUTE_CODE" FROMINSTANCE ="SQ_ITEM" FROMINSTANCETYPE ="Source Qualifier" TOFIELD ="ATTRIBUTE_CODE" TOINSTANCE ="EXP_INV_DP_ITEM" TOINSTANCETYPE ="Expression"/>
        <CONNECTOR FROMFIELD ="SIZE_CODE" FROMINSTANCE ="SQ_ITEM" FROMINSTANCETYPE ="Source Qualifier" TOFIELD ="SIZE_CODE" TOINSTANCE ="EXP_INV_DP_ITEM" TOINSTANCETYPE ="Expression"/>
        <CONNECTOR FROMFIELD ="PACK_QTY" FROMINSTANCE ="SQ_ITEM" FROMINSTANCETYPE ="Source Qualifier" TOFIELD ="I_PACK_QTY" TOINSTANCE ="EXP_INV_DP_ITEM" TOINSTANCETYPE ="Expression"/>
        <CONNECTOR FROMFIELD ="APS_STYLE_CD" FROMINSTANCE ="SQ_ITEM" FROMINSTANCETYPE ="Source Qualifier" TOFIELD ="APS_STYLE_CD" TOINSTANCE ="EXP_INV_DP_ITEM" TOINSTANCETYPE ="Expression"/>
        <CONNECTOR FROMFIELD ="APS_COLOR_CD" FROMINSTANCE ="SQ_ITEM" FROMINSTANCETYPE ="Source Qualifier" TOFIELD ="APS_COLOR_CD" TOINSTANCE ="EXP_INV_DP_ITEM" TOINSTANCETYPE ="Expression"/>
        <CONNECTOR FROMFIELD ="DIVISION_GROUP" FROMINSTANCE ="SQ_ITEM" FROMINSTANCETYPE ="Source Qualifier" TOFIELD ="DIVISION_GROUP" TOINSTANCE ="EXP_INV_DP_ITEM" TOINSTANCETYPE ="Expression"/>
        <CONNECTOR FROMFIELD ="APS_CORP_BUSINESS_UNIT" FROMINSTANCE ="SQ_ITEM" FROMINSTANCETYPE ="Source Qualifier" TOFIELD ="APS_CORP_BUSINESS_UNIT" TOINSTANCE ="EXP_INV_DP_ITEM" TOINSTANCETYPE ="Expression"/>
        <CONNECTOR FROMFIELD ="LEGACY_SOURCE" FROMINSTANCE ="SQ_ITEM" FROMINSTANCETYPE ="Source Qualifier" TOFIELD ="LEGACY_SOURCE" TOINSTANCE ="EXP_INV_DP_ITEM" TOINSTANCETYPE ="Expression"/>
        <CONNECTOR FROMFIELD ="ITEM_CODE" FROMINSTANCE ="SQ_ITEM" FROMINSTANCETYPE ="Source Qualifier" TOFIELD ="ITEM_CODE" TOINSTANCE ="EXP_INV_DP_ITEM" TOINSTANCETYPE ="Expression"/>
        <CONNECTOR FROMFIELD ="ITEM_DESCRIPTION" FROMINSTANCE ="SQ_ITEM" FROMINSTANCETYPE ="Source Qualifier" TOFIELD ="ITEM_DESCRIPTION" TOINSTANCE ="EXP_INV_DP_ITEM" TOINSTANCETYPE ="Expression"/>
        <CONNECTOR FROMFIELD ="STYLE" FROMINSTANCE ="SQ_ITEM" FROMINSTANCETYPE ="Source Qualifier" TOFIELD ="STYLE" TOINSTANCE ="EXP_INV_DP_ITEM" TOINSTANCETYPE ="Expression"/>
        <CONNECTOR FROMFIELD ="SIZE_DESC" FROMINSTANCE ="SQ_ITEM" FROMINSTANCETYPE ="Source Qualifier" TOFIELD ="SIZE_DESC" TOINSTANCE ="EXP_INV_DP_ITEM" TOINSTANCETYPE ="Expression"/>
        <CONNECTOR FROMFIELD ="COLOR" FROMINSTANCE ="SQ_ITEM" FROMINSTANCETYPE ="Source Qualifier" TOFIELD ="COLOR" TOINSTANCE ="EXP_INV_DP_ITEM" TOINSTANCETYPE ="Expression"/>
        <CONNECTOR FROMFIELD ="PACK_CODE" FROMINSTANCE ="SQ_ITEM" FROMINSTANCETYPE ="Source Qualifier" TOFIELD ="PACK_CODE" TOINSTANCE ="EXP_INV_DP_ITEM" TOINSTANCETYPE ="Expression"/>
        <CONNECTOR FROMFIELD ="ITEM_CLASSIFICATION" FROMINSTANCE ="SQ_ITEM" FROMINSTANCETYPE ="Source Qualifier" TOFIELD ="ITEM_CLASSIFICATION" TOINSTANCE ="EXP_INV_DP_ITEM" TOINSTANCETYPE ="Expression"/>
        <CONNECTOR FROMFIELD ="ITEM_TYPE" FROMINSTANCE ="SQ_ITEM" FROMINSTANCETYPE ="Source Qualifier" TOFIELD ="ITEM_TYPE" TOINSTANCE ="EXP_INV_DP_ITEM" TOINSTANCETYPE ="Expression"/>
        <CONNECTOR FROMFIELD ="CUMULATIVE_LEADTIME" FROMINSTANCE ="SQ_ITEM" FROMINSTANCETYPE ="Source Qualifier" TOFIELD ="CUMULATIVE_LEADTIME" TOINSTANCE ="EXP_INV_DP_ITEM" TOINSTANCETYPE ="Expression"/>
        <CONNECTOR FROMFIELD ="BUSINESS_GROUPING" FROMINSTANCE ="SQ_ITEM" FROMINSTANCETYPE ="Source Qualifier" TOFIELD ="BUSINESS_GROUPING" TOINSTANCE ="EXP_INV_DP_ITEM" TOINSTANCETYPE ="Expression"/>
        <CONNECTOR FROMFIELD ="BUSINESS_GROUPING_DESCRIPTION" FROMINSTANCE ="SQ_ITEM" FROMINSTANCETYPE ="Source Qualifier" TOFIELD ="BUSINESS_GROUPING_DESCRIPTION" TOINSTANCE ="EXP_INV_DP_ITEM" TOINSTANCETYPE ="Expression"/>
        <CONNECTOR FROMFIELD ="UNIT_OF_MEASURE" FROMINSTANCE ="SQ_ITEM" FROMINSTANCETYPE ="Source Qualifier" TOFIELD ="I_UNIT_OF_MEASURE" TOINSTANCE ="EXP_INV_DP_ITEM" TOINSTANCETYPE ="Expression"/>
        <CONNECTOR FROMFIELD ="O_COUNT" FROMINSTANCE ="AGG_SRC_CNT" FROMINSTANCETYPE ="Aggregator" TOFIELD ="SRC_VAL" TOINSTANCE ="EXP_CNTL_TBL" TOINSTANCETYPE ="Expression"/>
        <CONNECTOR FROMFIELD ="O_COUNT" FROMINSTANCE ="EXP_INV_DP_ITEM" FROMINSTANCETYPE ="Expression" TOFIELD ="I_COUNT" TOINSTANCE ="AGG_SRC_CNT" TOINSTANCETYPE ="Aggregator"/>
        <TARGETLOADORDER ORDER ="1" TARGETINSTANCE ="INVENTORY_DP_ITEM_INS"/>
        <TARGETLOADORDER ORDER ="1" TARGETINSTANCE ="INFO_ETL_CNTL_TBL"/>
        <ERPINFO/>
        <METADATAEXTENSION DATATYPE ="STRING" DESCRIPTION ="Conversion Mapping Name with version " DOMAINNAME ="User Defined Metadata Domain" ISCLIENTEDITABLE ="YES" ISCLIENTVISIBLE ="YES" ISREUSABLE ="NO" ISSHAREREAD ="NO" ISSHAREWRITE ="NO" MAXLENGTH ="256" NAME ="CONV_MAP_NAME" VALUE ="Conversion Mapping - WATR - DPR Item v6.0" VENDORNAME ="INFORMATICA"/>
    </MAPPING>
    <CONFIG DESCRIPTION ="Default session configuration object" ISDEFAULT ="YES" NAME ="default_session_config" VERSIONNUMBER ="1">
        <ATTRIBUTE NAME ="Advanced" VALUE =""/>
        <ATTRIBUTE NAME ="Constraint based load ordering" VALUE ="NO"/>
        <ATTRIBUTE NAME ="Cache LOOKUP() function" VALUE ="YES"/>
        <ATTRIBUTE NAME ="Default buffer block size" VALUE ="Auto"/>
        <ATTRIBUTE NAME ="Line Sequential buffer length" VALUE ="1024"/>
        <ATTRIBUTE NAME ="Maximum Memory Allowed For Auto Memory Attributes" VALUE ="0"/>
        <ATTRIBUTE NAME ="Maximum Percentage of Total Memory Allowed For Auto Memory Attributes" VALUE ="5"/>
        <ATTRIBUTE NAME ="Additional Concurrent Pipelines for Lookup Cache Creation" VALUE ="0"/>
        <ATTRIBUTE NAME ="Custom Properties" VALUE =""/>
        <ATTRIBUTE NAME ="Pre-build lookup cache" VALUE ="Auto"/>
        <ATTRIBUTE NAME ="Optimization Level" VALUE ="Medium"/>
        <ATTRIBUTE NAME ="DateTime Format String" VALUE ="MM/DD/YYYY HH24:MI:SS.US"/>
        <ATTRIBUTE NAME ="Pre 85 Timestamp Compatibility" VALUE ="NO"/>
        <ATTRIBUTE NAME ="Log Options" VALUE ="0"/>
        <ATTRIBUTE NAME ="Save session log by" VALUE ="Session runs"/>
        <ATTRIBUTE NAME ="Save session log for these runs" VALUE ="9"/>
        <ATTRIBUTE NAME ="Session Log File Max Size" VALUE ="0"/>
        <ATTRIBUTE NAME ="Session Log File Max Time Period" VALUE ="0"/>
        <ATTRIBUTE NAME ="Maximum Partial Session Log Files" VALUE ="1"/>
        <ATTRIBUTE NAME ="Writer Commit Statistics Log Frequency" VALUE ="1"/>
        <ATTRIBUTE NAME ="Writer Commit Statistics Log Interval" VALUE ="0"/>
        <ATTRIBUTE NAME ="Error handling" VALUE =""/>
        <ATTRIBUTE NAME ="Stop on errors" VALUE ="1"/>
        <ATTRIBUTE NAME ="Override tracing" VALUE ="None"/>
        <ATTRIBUTE NAME ="On Stored Procedure error" VALUE ="Stop"/>
        <ATTRIBUTE NAME ="On Pre-session command task error" VALUE ="Stop"/>
        <ATTRIBUTE NAME ="On Pre-Post SQL error" VALUE ="Stop"/>
        <ATTRIBUTE NAME ="Enable Recovery" VALUE ="NO"/>
        <ATTRIBUTE NAME ="Error Log Type" VALUE ="None"/>
        <ATTRIBUTE NAME ="Error Log Table Name Prefix" VALUE =""/>
        <ATTRIBUTE NAME ="Error Log File Name" VALUE ="PMError.log"/>
        <ATTRIBUTE NAME ="Log Source Row Data" VALUE ="NO"/>
        <ATTRIBUTE NAME ="Data Column Delimiter" VALUE ="|"/>
        <ATTRIBUTE NAME ="Partitioning Options" VALUE =""/>
        <ATTRIBUTE NAME ="Dynamic Partitioning" VALUE ="Disabled"/>
        <ATTRIBUTE NAME ="Number of Partitions" VALUE ="1"/>
        <ATTRIBUTE NAME ="Multiplication Factor" VALUE ="Auto"/>
        <ATTRIBUTE NAME ="Session on Grid" VALUE =""/>
        <ATTRIBUTE NAME ="Is Enabled" VALUE ="NO"/>
    </CONFIG>
    <SESSION DESCRIPTION ="The session loads the data from the table dmd_prioritization_stage.dbo.item into the target table INVENTORY_DP_ITEM. " ISVALID ="YES" MAPPINGNAME ="m_INVENTORY_DP_ITEM" NAME ="s_m_INVENTORY_DP_ITEM" REUSABLE ="YES" SORTORDER ="Binary" VERSIONNUMBER ="1">
        <SESSTRANSFORMATIONINST ISREPARTITIONPOINT ="YES" PARTITIONTYPE ="PASS THROUGH" PIPELINE ="1" SINSTANCENAME ="INFO_ETL_CNTL_TBL" STAGE ="1" TRANSFORMATIONNAME ="INFO_ETL_CNTL_TBL" TRANSFORMATIONTYPE ="Target Definition"/>
        <SESSTRANSFORMATIONINST ISREPARTITIONPOINT ="YES" PARTITIONTYPE ="HASH AUTO KEYS" PIPELINE ="1" SINSTANCENAME ="AGG_SRC_CNT" STAGE ="2" TRANSFORMATIONNAME ="AGG_SRC_CNT" TRANSFORMATIONTYPE ="Aggregator">
            <PARTITION DESCRIPTION ="" NAME ="Partition #1"/>
        </SESSTRANSFORMATIONINST>
        <SESSTRANSFORMATIONINST ISREPARTITIONPOINT ="NO" PIPELINE ="0" SINSTANCENAME ="ITEM" STAGE ="0" TRANSFORMATIONNAME ="ITEM" TRANSFORMATIONTYPE ="Source Definition">
            <ATTRIBUTE NAME ="Owner Name" VALUE ="DBO"/>
        </SESSTRANSFORMATIONINST>
        <SESSTRANSFORMATIONINST ISREPARTITIONPOINT ="YES" PARTITIONTYPE ="PASS THROUGH" PIPELINE ="1" SINSTANCENAME ="SQ_ITEM" STAGE ="3" TRANSFORMATIONNAME ="SQ_ITEM" TRANSFORMATIONTYPE ="Source Qualifier"/>
        <SESSTRANSFORMATIONINST ISREPARTITIONPOINT ="NO" PIPELINE ="1" SINSTANCENAME ="EXP_INV_DP_ITEM" STAGE ="3" TRANSFORMATIONNAME ="EXP_INV_DP_ITEM" TRANSFORMATIONTYPE ="Expression">
            <PARTITION DESCRIPTION ="" NAME ="Partition #1"/>
        </SESSTRANSFORMATIONINST>
        <SESSTRANSFORMATIONINST ISREPARTITIONPOINT ="NO" PIPELINE ="1" SINSTANCENAME ="EXP_CNTL_TBL" STAGE ="2" TRANSFORMATIONNAME ="EXP_CNTL_TBL" TRANSFORMATIONTYPE ="Expression">
            <PARTITION DESCRIPTION ="" NAME ="Partition #1"/>
        </SESSTRANSFORMATIONINST>
        <SESSTRANSFORMATIONINST ISREPARTITIONPOINT ="YES" PARTITIONTYPE ="PASS THROUGH" PIPELINE ="1" SINSTANCENAME ="INVENTORY_DP_ITEM_INS" STAGE ="4" TRANSFORMATIONNAME ="INVENTORY_DP_ITEM_INS" TRANSFORMATIONTYPE ="Target Definition">
            <ATTRIBUTE NAME ="Table Name Prefix" VALUE ="SLBA"/>
        </SESSTRANSFORMATIONINST>
        <SESSTRANSFORMATIONINST ISREPARTITIONPOINT ="NO" PIPELINE ="0" SINSTANCENAME ="PR_TRUNC_SLBA_TBLS" STAGE ="0" TRANSFORMATIONNAME ="PR_TRUNC_SLBA_TBLS" TRANSFORMATIONTYPE ="Stored Procedure"/>
        <CONFIGREFERENCE REFOBJECTNAME ="default_session_config" TYPE ="Session config">
            <ATTRIBUTE NAME ="Save session log for these runs" VALUE ="9"/>
            <ATTRIBUTE NAME ="Stop on errors" VALUE ="1"/>
        </CONFIGREFERENCE>
        <SESSIONCOMPONENT REFOBJECTNAME ="on_failure_mail" REUSABLE ="NO" TYPE ="Failure Email">
            <TASK DESCRIPTION ="" NAME ="on_failure_mail" REUSABLE ="NO" TYPE ="Email" VERSIONNUMBER ="1">
                <ATTRIBUTE NAME ="Email User Name" VALUE ="mahesh.pol@hanesbrands.com"/>
                <ATTRIBUTE NAME ="Email Subject" VALUE ="WATR IDP ITEM LOAD session has failed"/>
                <ATTRIBUTE NAME ="Email Text" VALUE ="Hi,&#xD;&#xA;&#xD;&#xA;The WATR DP ITEM LOAD session %s has %e.&#xD;&#xA;Attached is the session log.&#xD;&#xA;&#xD;&#xA;  %g &#xD;&#xA;&#xD;&#xA;Thanks and Regards,&#xD;&#xA;BI-ETL"/>
            </TASK>
        </SESSIONCOMPONENT>
        <SESSIONEXTENSION NAME ="Relational Writer" SINSTANCENAME ="INFO_ETL_CNTL_TBL" SUBTYPE ="Relational Writer" TRANSFORMATIONTYPE ="Target Definition" TYPE ="WRITER">
            <CONNECTIONREFERENCE CNXREFNAME ="DB Connection" CONNECTIONNAME ="SLBADW" CONNECTIONNUMBER ="1" CONNECTIONSUBTYPE ="Oracle" CONNECTIONTYPE ="Relational" VARIABLE =""/>
            <ATTRIBUTE NAME ="Target load type" VALUE ="Normal"/>
            <ATTRIBUTE NAME ="Insert" VALUE ="YES"/>
            <ATTRIBUTE NAME ="Update as Update" VALUE ="NO"/>
            <ATTRIBUTE NAME ="Update as Insert" VALUE ="NO"/>
            <ATTRIBUTE NAME ="Update else Insert" VALUE ="NO"/>
            <ATTRIBUTE NAME ="Delete" VALUE ="NO"/>
            <ATTRIBUTE NAME ="Truncate target table option" VALUE ="NO"/>
            <ATTRIBUTE NAME ="Reject file directory" VALUE ="$PMBadFileDir&#x5c;INVENTORY_ANALYSIS&#x5c;BAD&#x5c;"/>
            <ATTRIBUTE NAME ="Reject filename" VALUE ="s_m_INVENTORY_DP_ITEM_CNTL_TBL.bad"/>
        </SESSIONEXTENSION>
        <SESSIONEXTENSION DSQINSTNAME ="SQ_ITEM" DSQINSTTYPE ="Source Qualifier" NAME ="Relational Reader" SINSTANCENAME ="ITEM" SUBTYPE ="Relational Reader" TRANSFORMATIONTYPE ="Source Definition" TYPE ="READER"/>
        <SESSIONEXTENSION NAME ="Relational Reader" SINSTANCENAME ="SQ_ITEM" SUBTYPE ="Relational Reader" TRANSFORMATIONTYPE ="Source Qualifier" TYPE ="READER">
            <CONNECTIONREFERENCE CNXREFNAME ="DB Connection" CONNECTIONNAME ="Demand_Prioritization_Stage" CONNECTIONNUMBER ="1" CONNECTIONSUBTYPE ="Microsoft SQL Server" CONNECTIONTYPE ="Relational" VARIABLE =""/>
        </SESSIONEXTENSION>
        <SESSIONEXTENSION NAME ="Relational Writer" SINSTANCENAME ="INVENTORY_DP_ITEM_INS" SUBTYPE ="Relational Writer" TRANSFORMATIONTYPE ="Target Definition" TYPE ="WRITER">
            <CONNECTIONREFERENCE CNXREFNAME ="DB Connection" CONNECTIONNAME ="SLBADW" CONNECTIONNUMBER ="1" CONNECTIONSUBTYPE ="Oracle" CONNECTIONTYPE ="Relational" VARIABLE =""/>
            <ATTRIBUTE NAME ="Target load type" VALUE ="Normal"/>
            <ATTRIBUTE NAME ="Insert" VALUE ="YES"/>
            <ATTRIBUTE NAME ="Update as Update" VALUE ="NO"/>
            <ATTRIBUTE NAME ="Update as Insert" VALUE ="NO"/>
            <ATTRIBUTE NAME ="Update else Insert" VALUE ="NO"/>
            <ATTRIBUTE NAME ="Delete" VALUE ="NO"/>
            <ATTRIBUTE NAME ="Truncate target table option" VALUE ="NO"/>
            <ATTRIBUTE NAME ="Reject file directory" VALUE ="$PMBadFileDir&#x5c;INVENTORY_ANALYSIS&#x5c;BAD&#x5c;"/>
            <ATTRIBUTE NAME ="Reject filename" VALUE ="s_m_INVENTORY_DP_ITEM.bad"/>
        </SESSIONEXTENSION>
        <ATTRIBUTE NAME ="General Options" VALUE =""/>
        <ATTRIBUTE NAME ="Write Backward Compatible Session Log File" VALUE ="YES"/>
        <ATTRIBUTE NAME ="Session Log File Name" VALUE ="s_m_INVENTORY_DP_ITEM.log"/>
        <ATTRIBUTE NAME ="Session Log File directory" VALUE ="$PMSessionLogDir&#x5c;INVENTORY_ANALYSIS&#x5c;LOG&#x5c;"/>
        <ATTRIBUTE NAME ="Parameter Filename" VALUE =""/>
        <ATTRIBUTE NAME ="Enable Test Load" VALUE ="NO"/>
        <ATTRIBUTE NAME ="$Source connection value" VALUE =""/>
        <ATTRIBUTE NAME ="$Target connection value" VALUE =""/>
        <ATTRIBUTE NAME ="Treat source rows as" VALUE ="Insert"/>
        <ATTRIBUTE NAME ="Commit Type" VALUE ="Target"/>
        <ATTRIBUTE NAME ="Commit Interval" VALUE ="2000000"/>
        <ATTRIBUTE NAME ="Commit On End Of File" VALUE ="YES"/>
        <ATTRIBUTE NAME ="Rollback Transactions on Errors" VALUE ="NO"/>
        <ATTRIBUTE NAME ="Recovery Strategy" VALUE ="Restart task"/>
        <ATTRIBUTE NAME ="Java Classpath" VALUE =""/>
        <ATTRIBUTE NAME ="Performance" VALUE =""/>
        <ATTRIBUTE NAME ="DTM buffer size" VALUE ="Auto"/>
        <ATTRIBUTE NAME ="Collect performance data" VALUE ="NO"/>
        <ATTRIBUTE NAME ="Write performance data to repository" VALUE ="NO"/>
        <ATTRIBUTE NAME ="Incremental Aggregation" VALUE ="NO"/>
        <ATTRIBUTE NAME ="Enable high precision" VALUE ="NO"/>
        <ATTRIBUTE NAME ="Session retry on deadlock" VALUE ="NO"/>
        <ATTRIBUTE NAME ="Pushdown Optimization" VALUE ="None"/>
        <ATTRIBUTE NAME ="Allow Temporary View for Pushdown" VALUE ="NO"/>
        <ATTRIBUTE NAME ="Allow Temporary Sequence for Pushdown" VALUE ="NO"/>
        <ATTRIBUTE NAME ="Allow Pushdown for User Incompatible Connections" VALUE ="NO"/>
        <METADATAEXTENSION DATATYPE ="STRING" DESCRIPTION ="Conversion Mapping  Name with version " DOMAINNAME ="User Defined Metadata Domain" ISCLIENTEDITABLE ="YES" ISCLIENTVISIBLE ="YES" ISREUSABLE ="NO" ISSHAREREAD ="NO" ISSHAREWRITE ="NO" MAXLENGTH ="256" NAME ="CONV_MAP_NAME" VALUE ="WATR - DPR Item v6.0 " VENDORNAME ="INFORMATICA"/>
    </SESSION>
    <WORKFLOW DESCRIPTION ="The workflow loads the data from the table dmd_prioritization_stage.dbo.item into the target table INVENTORY_DP_ITEM. " ISENABLED ="YES" ISRUNNABLESERVICE ="NO" ISSERVICE ="NO" ISVALID ="YES" NAME ="wf_s_m_INVENTORY_DP_ITEM" REUSABLE_SCHEDULER ="NO" SCHEDULERNAME ="Scheduler" SERVERNAME ="Domain10_PRD_Int_Svc" SERVER_DOMAINNAME ="Domain10_PRD" SUSPEND_ON_ERROR ="NO" TASKS_MUST_RUN_ON_SERVER ="NO" VERSIONNUMBER ="1">
        <SCHEDULER DESCRIPTION ="" NAME ="Scheduler" REUSABLE ="NO" VERSIONNUMBER ="1">
            <SCHEDULEINFO SCHEDULETYPE ="ONDEMAND"/>
        </SCHEDULER>
        <TASK DESCRIPTION ="" NAME ="Start" REUSABLE ="NO" TYPE ="Start" VERSIONNUMBER ="1"/>
        <TASKINSTANCE DESCRIPTION ="The session loads the data from the table dmd_prioritization_stage.dbo.item into the target table INVENTORY_DP_ITEM. " FAIL_PARENT_IF_INSTANCE_DID_NOT_RUN ="YES" FAIL_PARENT_IF_INSTANCE_FAILS ="YES" ISENABLED ="YES" NAME ="s_m_INVENTORY_DP_ITEM" REUSABLE ="YES" TASKNAME ="s_m_INVENTORY_DP_ITEM" TASKTYPE ="Session" TREAT_INPUTLINK_AS_AND ="NO"/>
        <TASKINSTANCE DESCRIPTION ="" ISENABLED ="YES" NAME ="Start" REUSABLE ="NO" TASKNAME ="Start" TASKTYPE ="Start"/>
        <WORKFLOWLINK CONDITION ="" FROMTASK ="Start" TOTASK ="s_m_INVENTORY_DP_ITEM"/>
        <WORKFLOWVARIABLE DATATYPE ="date/time" DEFAULTVALUE ="" DESCRIPTION ="The time this task started" ISNULL ="NO" ISPERSISTENT ="NO" NAME ="$s_m_INVENTORY_DP_ITEM.StartTime" USERDEFINED ="NO"/>
        <WORKFLOWVARIABLE DATATYPE ="date/time" DEFAULTVALUE ="" DESCRIPTION ="The time this task completed" ISNULL ="NO" ISPERSISTENT ="NO" NAME ="$s_m_INVENTORY_DP_ITEM.EndTime" USERDEFINED ="NO"/>
        <WORKFLOWVARIABLE DATATYPE ="integer" DEFAULTVALUE ="" DESCRIPTION ="Status of this task&apos;s execution" ISNULL ="NO" ISPERSISTENT ="NO" NAME ="$s_m_INVENTORY_DP_ITEM.Status" USERDEFINED ="NO"/>
        <WORKFLOWVARIABLE DATATYPE ="integer" DEFAULTVALUE ="" DESCRIPTION ="Status of the previous task that is not disabled" ISNULL ="NO" ISPERSISTENT ="NO" NAME ="$s_m_INVENTORY_DP_ITEM.PrevTaskStatus" USERDEFINED ="NO"/>
        <WORKFLOWVARIABLE DATATYPE ="integer" DEFAULTVALUE ="" DESCRIPTION ="Error code for this task&apos;s execution" ISNULL ="NO" ISPERSISTENT ="NO" NAME ="$s_m_INVENTORY_DP_ITEM.ErrorCode" USERDEFINED ="NO"/>
        <WORKFLOWVARIABLE DATATYPE ="string" DEFAULTVALUE ="" DESCRIPTION ="Error message for this task&apos;s execution" ISNULL ="NO" ISPERSISTENT ="NO" NAME ="$s_m_INVENTORY_DP_ITEM.ErrorMsg" USERDEFINED ="NO"/>
        <WORKFLOWVARIABLE DATATYPE ="integer" DEFAULTVALUE ="" DESCRIPTION ="Rows successfully read" ISNULL ="NO" ISPERSISTENT ="NO" NAME ="$s_m_INVENTORY_DP_ITEM.SrcSuccessRows" USERDEFINED ="NO"/>
        <WORKFLOWVARIABLE DATATYPE ="integer" DEFAULTVALUE ="" DESCRIPTION ="Rows failed to read" ISNULL ="NO" ISPERSISTENT ="NO" NAME ="$s_m_INVENTORY_DP_ITEM.SrcFailedRows" USERDEFINED ="NO"/>
        <WORKFLOWVARIABLE DATATYPE ="integer" DEFAULTVALUE ="" DESCRIPTION ="Rows successfully loaded" ISNULL ="NO" ISPERSISTENT ="NO" NAME ="$s_m_INVENTORY_DP_ITEM.TgtSuccessRows" USERDEFINED ="NO"/>
        <WORKFLOWVARIABLE DATATYPE ="integer" DEFAULTVALUE ="" DESCRIPTION ="Rows failed to load" ISNULL ="NO" ISPERSISTENT ="NO" NAME ="$s_m_INVENTORY_DP_ITEM.TgtFailedRows" USERDEFINED ="NO"/>
        <WORKFLOWVARIABLE DATATYPE ="integer" DEFAULTVALUE ="" DESCRIPTION ="Total number of transformation errors" ISNULL ="NO" ISPERSISTENT ="NO" NAME ="$s_m_INVENTORY_DP_ITEM.TotalTransErrors" USERDEFINED ="NO"/>
        <WORKFLOWVARIABLE DATATYPE ="integer" DEFAULTVALUE ="" DESCRIPTION ="First error code" ISNULL ="NO" ISPERSISTENT ="NO" NAME ="$s_m_INVENTORY_DP_ITEM.FirstErrorCode" USERDEFINED ="NO"/>
        <WORKFLOWVARIABLE DATATYPE ="string" DEFAULTVALUE ="" DESCRIPTION ="First error message" ISNULL ="NO" ISPERSISTENT ="NO" NAME ="$s_m_INVENTORY_DP_ITEM.FirstErrorMsg" USERDEFINED ="NO"/>
        <WORKFLOWVARIABLE DATATYPE ="date/time" DEFAULTVALUE ="" DESCRIPTION ="The time this task started" ISNULL ="NO" ISPERSISTENT ="NO" NAME ="$Start.StartTime" USERDEFINED ="NO"/>
        <WORKFLOWVARIABLE DATATYPE ="date/time" DEFAULTVALUE ="" DESCRIPTION ="The time this task completed" ISNULL ="NO" ISPERSISTENT ="NO" NAME ="$Start.EndTime" USERDEFINED ="NO"/>
        <WORKFLOWVARIABLE DATATYPE ="integer" DEFAULTVALUE ="" DESCRIPTION ="Status of this task&apos;s execution" ISNULL ="NO" ISPERSISTENT ="NO" NAME ="$Start.Status" USERDEFINED ="NO"/>
        <WORKFLOWVARIABLE DATATYPE ="integer" DEFAULTVALUE ="" DESCRIPTION ="Status of the previous task that is not disabled" ISNULL ="NO" ISPERSISTENT ="NO" NAME ="$Start.PrevTaskStatus" USERDEFINED ="NO"/>
        <WORKFLOWVARIABLE DATATYPE ="integer" DEFAULTVALUE ="" DESCRIPTION ="Error code for this task&apos;s execution" ISNULL ="NO" ISPERSISTENT ="NO" NAME ="$Start.ErrorCode" USERDEFINED ="NO"/>
        <WORKFLOWVARIABLE DATATYPE ="string" DEFAULTVALUE ="" DESCRIPTION ="Error message for this task&apos;s execution" ISNULL ="NO" ISPERSISTENT ="NO" NAME ="$Start.ErrorMsg" USERDEFINED ="NO"/>
        <ATTRIBUTE NAME ="Parameter Filename" VALUE =""/>
        <ATTRIBUTE NAME ="Write Backward Compatible Workflow Log File" VALUE ="YES"/>
        <ATTRIBUTE NAME ="Workflow Log File Name" VALUE ="wf_s_m_INVENTORY_DP_ITEM.log"/>
        <ATTRIBUTE NAME ="Workflow Log File Directory" VALUE ="$PMWorkflowLogDir&#x5c;INVENTORY_ANALYSIS&#x5c;LOG&#x5c;"/>
        <ATTRIBUTE NAME ="Save Workflow log by" VALUE ="By runs"/>
        <ATTRIBUTE NAME ="Save workflow log for these runs" VALUE ="9"/>
        <ATTRIBUTE NAME ="Service Name" VALUE =""/>
        <ATTRIBUTE NAME ="Service Timeout" VALUE ="0"/>
        <ATTRIBUTE NAME ="Is Service Visible" VALUE ="NO"/>
        <ATTRIBUTE NAME ="Is Service Protected" VALUE ="NO"/>
        <ATTRIBUTE NAME ="Fail task after wait time" VALUE ="0"/>
        <ATTRIBUTE NAME ="Enable HA recovery" VALUE ="NO"/>
        <ATTRIBUTE NAME ="Automatically recover terminated tasks" VALUE ="NO"/>
        <ATTRIBUTE NAME ="Service Level Name" VALUE ="Default"/>
        <ATTRIBUTE NAME ="Allow concurrent run with unique run instance name" VALUE ="NO"/>
        <ATTRIBUTE NAME ="Allow concurrent run with same run instance name" VALUE ="NO"/>
        <ATTRIBUTE NAME ="Maximum number of concurrent runs" VALUE ="0"/>
        <ATTRIBUTE NAME ="Assigned Web Services Hubs" VALUE =""/>
        <ATTRIBUTE NAME ="Maximum number of concurrent runs per Hub" VALUE ="1000"/>
        <ATTRIBUTE NAME ="Expected Service Time" VALUE ="1"/>
        <METADATAEXTENSION DATATYPE ="STRING" DESCRIPTION ="Conversion Mapping Name with version " DOMAINNAME ="User Defined Metadata Domain" ISCLIENTEDITABLE ="YES" ISCLIENTVISIBLE ="YES" ISREUSABLE ="NO" ISSHAREREAD ="NO" ISSHAREWRITE ="NO" MAXLENGTH ="256" NAME ="CONV_MAP_NAME" VALUE ="Conversion Mapping - WATR - DPR Item v1.0" VENDORNAME ="INFORMATICA"/>
        <METADATAEXTENSION DATATYPE ="STRING" DESCRIPTION ="" DOMAINNAME ="User Defined Metadata Domain" ISCLIENTEDITABLE ="YES" ISCLIENTVISIBLE ="YES" ISREUSABLE ="NO" ISSHAREREAD ="NO" ISSHAREWRITE ="NO" MAXLENGTH ="256" NAME ="Extension" VALUE ="CM - MarginLoss - stgMarginLossExpenseToStgFactSalesNew v1.0" VENDORNAME ="INFORMATICA"/>
    </WORKFLOW>
</FOLDER>
</REPOSITORY>
</POWERMART>