<?xml version="1.0" encoding="Windows-1252"?>
<!DOCTYPE POWERMART SYSTEM "powrmart.dtd">
<POWERMART CREATION_DATE="05/20/2024 10:13:01" REPOSITORY_VERSION="187.96">
<REPOSITORY NAME="Domain10_Rep_Svc_Prd" VERSION="187" CODEPAGE="MS1252" DATABASETYPE="Microsoft SQL Server">
<FOLDER NAME="INVENTORY_ANALYSIS" GROUP="" OWNER="Administrator" SHARED="NOTSHARED" DESCRIPTION="" PERMISSIONS="rwx---r--" UUID="27b7fb57-5066-4c7e-aee4-118d44bfa5b6">
    <SOURCE BUSINESSNAME ="" DATABASETYPE ="Microsoft SQL Server" DBDNAME ="SQLD1BUS16_D1BUS16" DESCRIPTION ="" NAME ="Sur_SKU_IPFA" OBJECTVERSION ="1" OWNERNAME ="aia" VERSIONNUMBER ="1">
        <SOURCEFIELD BUSINESSNAME ="" DATATYPE ="varchar" DESCRIPTION ="" FIELDNUMBER ="1" FIELDPROPERTY ="0" FIELDTYPE ="ELEMITEM" HIDDEN ="NO" KEYTYPE ="NOT A KEY" LENGTH ="0" LEVEL ="0" NAME ="IPFA_SKU" NULLABLE ="NULL" OCCURS ="0" OFFSET ="0" PHYSICALLENGTH ="50" PHYSICALOFFSET ="0" PICTURETEXT ="" PRECISION ="50" SCALE ="0" USAGE_FLAGS =""/>
        <SOURCEFIELD BUSINESSNAME ="" DATATYPE ="int" DESCRIPTION ="" FIELDNUMBER ="2" FIELDPROPERTY ="0" FIELDTYPE ="ELEMITEM" HIDDEN ="NO" KEYTYPE ="NOT A KEY" LENGTH ="11" LEVEL ="0" NAME ="Ref_Item_ID" NULLABLE ="NOTNULL" OCCURS ="0" OFFSET ="0" PHYSICALLENGTH ="10" PHYSICALOFFSET ="50" PICTURETEXT ="" PRECISION ="10" SCALE ="0" USAGE_FLAGS =""/>
        <SOURCEFIELD BUSINESSNAME ="" DATATYPE ="int" DESCRIPTION ="" FIELDNUMBER ="3" FIELDPROPERTY ="0" FIELDTYPE ="ELEMITEM" HIDDEN ="NO" KEYTYPE ="NOT A KEY" LENGTH ="11" LEVEL ="0" NAME ="Calc_LCA_Code_3" NULLABLE ="NULL" OCCURS ="0" OFFSET ="11" PHYSICALLENGTH ="10" PHYSICALOFFSET ="60" PICTURETEXT ="" PRECISION ="10" SCALE ="0" USAGE_FLAGS =""/>
        <SOURCEFIELD BUSINESSNAME ="" DATATYPE ="int" DESCRIPTION ="" FIELDNUMBER ="4" FIELDPROPERTY ="0" FIELDTYPE ="ELEMITEM" HIDDEN ="NO" KEYTYPE ="NOT A KEY" LENGTH ="11" LEVEL ="0" NAME ="Gar_p_Pkg" NULLABLE ="NULL" OCCURS ="0" OFFSET ="22" PHYSICALLENGTH ="10" PHYSICALOFFSET ="70" PICTURETEXT ="" PRECISION ="10" SCALE ="0" USAGE_FLAGS =""/>
        <SOURCEFIELD BUSINESSNAME ="" DATATYPE ="int" DESCRIPTION ="" FIELDNUMBER ="5" FIELDPROPERTY ="0" FIELDTYPE ="ELEMITEM" HIDDEN ="NO" KEYTYPE ="NOT A KEY" LENGTH ="11" LEVEL ="0" NAME ="Priority" NULLABLE ="NULL" OCCURS ="0" OFFSET ="33" PHYSICALLENGTH ="10" PHYSICALOFFSET ="80" PICTURETEXT ="" PRECISION ="10" SCALE ="0" USAGE_FLAGS =""/>
        <SOURCEFIELD BUSINESSNAME ="" DATATYPE ="varchar" DESCRIPTION ="" FIELDNUMBER ="6" FIELDPROPERTY ="0" FIELDTYPE ="ELEMITEM" HIDDEN ="NO" KEYTYPE ="NOT A KEY" LENGTH ="0" LEVEL ="0" NAME ="SBU_Desc" NULLABLE ="NOTNULL" OCCURS ="0" OFFSET ="44" PHYSICALLENGTH ="30" PHYSICALOFFSET ="90" PICTURETEXT ="" PRECISION ="30" SCALE ="0" USAGE_FLAGS =""/>
        <SOURCEFIELD BUSINESSNAME ="" DATATYPE ="nvarchar" DESCRIPTION ="" FIELDNUMBER ="7" FIELDPROPERTY ="0" FIELDTYPE ="ELEMITEM" HIDDEN ="NO" KEYTYPE ="NOT A KEY" LENGTH ="0" LEVEL ="0" NAME ="Disco_Date" NULLABLE ="NULL" OCCURS ="0" OFFSET ="44" PHYSICALLENGTH ="10" PHYSICALOFFSET ="120" PICTURETEXT ="" PRECISION ="10" SCALE ="0" USAGE_FLAGS =""/>
        <SOURCEFIELD BUSINESSNAME ="" DATATYPE ="int" DESCRIPTION ="" FIELDNUMBER ="8" FIELDPROPERTY ="0" FIELDTYPE ="ELEMITEM" HIDDEN ="NO" KEYTYPE ="NOT A KEY" LENGTH ="11" LEVEL ="0" NAME ="Disco_Period" NULLABLE ="NOTNULL" OCCURS ="0" OFFSET ="44" PHYSICALLENGTH ="10" PHYSICALOFFSET ="130" PICTURETEXT ="" PRECISION ="10" SCALE ="0" USAGE_FLAGS =""/>
        <SOURCEFIELD BUSINESSNAME ="" DATATYPE ="int" DESCRIPTION ="" FIELDNUMBER ="9" FIELDPROPERTY ="0" FIELDTYPE ="ELEMITEM" HIDDEN ="NO" KEYTYPE ="NOT A KEY" LENGTH ="11" LEVEL ="0" NAME ="Disco_SS" NULLABLE ="NOTNULL" OCCURS ="0" OFFSET ="55" PHYSICALLENGTH ="10" PHYSICALOFFSET ="140" PICTURETEXT ="" PRECISION ="10" SCALE ="0" USAGE_FLAGS =""/>
        <SOURCEFIELD BUSINESSNAME ="" DATATYPE ="varchar" DESCRIPTION ="" FIELDNUMBER ="10" FIELDPROPERTY ="0" FIELDTYPE ="ELEMITEM" HIDDEN ="NO" KEYTYPE ="NOT A KEY" LENGTH ="0" LEVEL ="0" NAME ="update_userid" NULLABLE ="NOTNULL" OCCURS ="0" OFFSET ="66" PHYSICALLENGTH ="10" PHYSICALOFFSET ="150" PICTURETEXT ="" PRECISION ="10" SCALE ="0" USAGE_FLAGS =""/>
        <SOURCEFIELD BUSINESSNAME ="" DATATYPE ="nvarchar" DESCRIPTION ="" FIELDNUMBER ="11" FIELDPROPERTY ="0" FIELDTYPE ="ELEMITEM" HIDDEN ="NO" KEYTYPE ="NOT A KEY" LENGTH ="0" LEVEL ="0" NAME ="update_timestamp" NULLABLE ="NOTNULL" OCCURS ="0" OFFSET ="66" PHYSICALLENGTH ="10" PHYSICALOFFSET ="160" PICTURETEXT ="" PRECISION ="10" SCALE ="0" USAGE_FLAGS =""/>
    </SOURCE>
    <SOURCE BUSINESSNAME ="" DATABASETYPE ="Microsoft SQL Server" DBDNAME ="SQLD1BUS16_D1BUS16" DESCRIPTION ="" NAME ="Sur_Dmd_Summary_Raw" OBJECTVERSION ="1" OWNERNAME ="aia" VERSIONNUMBER ="1">
        <SOURCEFIELD BUSINESSNAME ="" DATATYPE ="varchar" DESCRIPTION ="" FIELDNUMBER ="1" FIELDPROPERTY ="0" FIELDTYPE ="ELEMITEM" HIDDEN ="NO" KEYTYPE ="NOT A KEY" LENGTH ="0" LEVEL ="0" NAME ="IPFA_SKU" NULLABLE ="NULL" OCCURS ="0" OFFSET ="0" PHYSICALLENGTH ="50" PHYSICALOFFSET ="0" PICTURETEXT ="" PRECISION ="50" SCALE ="0" USAGE_FLAGS =""/>
        <SOURCEFIELD BUSINESSNAME ="" DATATYPE ="int" DESCRIPTION ="" FIELDNUMBER ="2" FIELDPROPERTY ="0" FIELDTYPE ="ELEMITEM" HIDDEN ="NO" KEYTYPE ="NOT A KEY" LENGTH ="11" LEVEL ="0" NAME ="Hist_Fiscal_Period" NULLABLE ="NOTNULL" OCCURS ="0" OFFSET ="0" PHYSICALLENGTH ="10" PHYSICALOFFSET ="50" PICTURETEXT ="" PRECISION ="10" SCALE ="0" USAGE_FLAGS =""/>
        <SOURCEFIELD BUSINESSNAME ="" DATATYPE ="varchar" DESCRIPTION ="" FIELDNUMBER ="3" FIELDPROPERTY ="0" FIELDTYPE ="ELEMITEM" HIDDEN ="NO" KEYTYPE ="NOT A KEY" LENGTH ="0" LEVEL ="0" NAME ="Period" NULLABLE ="NULL" OCCURS ="0" OFFSET ="11" PHYSICALLENGTH ="3" PHYSICALOFFSET ="60" PICTURETEXT ="" PRECISION ="3" SCALE ="0" USAGE_FLAGS =""/>
        <SOURCEFIELD BUSINESSNAME ="" DATATYPE ="varchar" DESCRIPTION ="" FIELDNUMBER ="4" FIELDPROPERTY ="0" FIELDTYPE ="ELEMITEM" HIDDEN ="NO" KEYTYPE ="NOT A KEY" LENGTH ="0" LEVEL ="0" NAME ="DPeriod" NULLABLE ="NULL" OCCURS ="0" OFFSET ="11" PHYSICALLENGTH ="3" PHYSICALOFFSET ="63" PICTURETEXT ="" PRECISION ="3" SCALE ="0" USAGE_FLAGS =""/>
        <SOURCEFIELD BUSINESSNAME ="" DATATYPE ="varchar" DESCRIPTION ="" FIELDNUMBER ="5" FIELDPROPERTY ="0" FIELDTYPE ="ELEMITEM" HIDDEN ="NO" KEYTYPE ="NOT A KEY" LENGTH ="0" LEVEL ="0" NAME ="YPeriod" NULLABLE ="NULL" OCCURS ="0" OFFSET ="11" PHYSICALLENGTH ="3" PHYSICALOFFSET ="66" PICTURETEXT ="" PRECISION ="3" SCALE ="0" USAGE_FLAGS =""/>
        <SOURCEFIELD BUSINESSNAME ="" DATATYPE ="varchar" DESCRIPTION ="" FIELDNUMBER ="6" FIELDPROPERTY ="0" FIELDTYPE ="ELEMITEM" HIDDEN ="NO" KEYTYPE ="NOT A KEY" LENGTH ="0" LEVEL ="0" NAME ="QPeriod" NULLABLE ="NULL" OCCURS ="0" OFFSET ="11" PHYSICALLENGTH ="3" PHYSICALOFFSET ="69" PICTURETEXT ="" PRECISION ="3" SCALE ="0" USAGE_FLAGS =""/>
        <SOURCEFIELD BUSINESSNAME ="" DATATYPE ="varchar" DESCRIPTION ="" FIELDNUMBER ="7" FIELDPROPERTY ="0" FIELDTYPE ="ELEMITEM" HIDDEN ="NO" KEYTYPE ="NOT A KEY" LENGTH ="0" LEVEL ="0" NAME ="SPeriod" NULLABLE ="NULL" OCCURS ="0" OFFSET ="11" PHYSICALLENGTH ="3" PHYSICALOFFSET ="72" PICTURETEXT ="" PRECISION ="3" SCALE ="0" USAGE_FLAGS =""/>
        <SOURCEFIELD BUSINESSNAME ="" DATATYPE ="varchar" DESCRIPTION ="" FIELDNUMBER ="8" FIELDPROPERTY ="0" FIELDTYPE ="ELEMITEM" HIDDEN ="NO" KEYTYPE ="NOT A KEY" LENGTH ="0" LEVEL ="0" NAME ="Disco_Flag" NULLABLE ="NULL" OCCURS ="0" OFFSET ="11" PHYSICALLENGTH ="1" PHYSICALOFFSET ="75" PICTURETEXT ="" PRECISION ="1" SCALE ="0" USAGE_FLAGS =""/>
        <SOURCEFIELD BUSINESSNAME ="" DATATYPE ="varchar" DESCRIPTION ="" FIELDNUMBER ="9" FIELDPROPERTY ="0" FIELDTYPE ="ELEMITEM" HIDDEN ="NO" KEYTYPE ="NOT A KEY" LENGTH ="0" LEVEL ="0" NAME ="YE_Flag" NULLABLE ="NULL" OCCURS ="0" OFFSET ="11" PHYSICALLENGTH ="2" PHYSICALOFFSET ="76" PICTURETEXT ="" PRECISION ="2" SCALE ="0" USAGE_FLAGS =""/>
        <SOURCEFIELD BUSINESSNAME ="" DATATYPE ="varchar" DESCRIPTION ="" FIELDNUMBER ="10" FIELDPROPERTY ="0" FIELDTYPE ="ELEMITEM" HIDDEN ="NO" KEYTYPE ="NOT A KEY" LENGTH ="0" LEVEL ="0" NAME ="Per9_Flag" NULLABLE ="NULL" OCCURS ="0" OFFSET ="11" PHYSICALLENGTH ="2" PHYSICALOFFSET ="78" PICTURETEXT ="" PRECISION ="2" SCALE ="0" USAGE_FLAGS =""/>
        <SOURCEFIELD BUSINESSNAME ="" DATATYPE ="varchar" DESCRIPTION ="" FIELDNUMBER ="11" FIELDPROPERTY ="0" FIELDTYPE ="ELEMITEM" HIDDEN ="NO" KEYTYPE ="NOT A KEY" LENGTH ="0" LEVEL ="0" NAME ="Per6_Flag" NULLABLE ="NULL" OCCURS ="0" OFFSET ="11" PHYSICALLENGTH ="2" PHYSICALOFFSET ="80" PICTURETEXT ="" PRECISION ="2" SCALE ="0" USAGE_FLAGS =""/>
        <SOURCEFIELD BUSINESSNAME ="" DATATYPE ="float" DESCRIPTION ="" FIELDNUMBER ="12" FIELDPROPERTY ="0" FIELDTYPE ="ELEMITEM" HIDDEN ="NO" KEYTYPE ="NOT A KEY" LENGTH ="24" LEVEL ="0" NAME ="Dmd" NULLABLE ="NULL" OCCURS ="0" OFFSET ="11" PHYSICALLENGTH ="15" PHYSICALOFFSET ="82" PICTURETEXT ="" PRECISION ="15" SCALE ="0" USAGE_FLAGS =""/>
        <SOURCEFIELD BUSINESSNAME ="" DATATYPE ="float" DESCRIPTION ="" FIELDNUMBER ="13" FIELDPROPERTY ="0" FIELDTYPE ="ELEMITEM" HIDDEN ="NO" KEYTYPE ="NOT A KEY" LENGTH ="24" LEVEL ="0" NAME ="Sum_Disco" NULLABLE ="NULL" OCCURS ="0" OFFSET ="35" PHYSICALLENGTH ="15" PHYSICALOFFSET ="97" PICTURETEXT ="" PRECISION ="15" SCALE ="0" USAGE_FLAGS =""/>
        <SOURCEFIELD BUSINESSNAME ="" DATATYPE ="float" DESCRIPTION ="" FIELDNUMBER ="14" FIELDPROPERTY ="0" FIELDTYPE ="ELEMITEM" HIDDEN ="NO" KEYTYPE ="NOT A KEY" LENGTH ="24" LEVEL ="0" NAME ="Sum_YE" NULLABLE ="NULL" OCCURS ="0" OFFSET ="59" PHYSICALLENGTH ="15" PHYSICALOFFSET ="112" PICTURETEXT ="" PRECISION ="15" SCALE ="0" USAGE_FLAGS =""/>
        <SOURCEFIELD BUSINESSNAME ="" DATATYPE ="float" DESCRIPTION ="" FIELDNUMBER ="15" FIELDPROPERTY ="0" FIELDTYPE ="ELEMITEM" HIDDEN ="NO" KEYTYPE ="NOT A KEY" LENGTH ="24" LEVEL ="0" NAME ="Sum_Per9" NULLABLE ="NULL" OCCURS ="0" OFFSET ="83" PHYSICALLENGTH ="15" PHYSICALOFFSET ="127" PICTURETEXT ="" PRECISION ="15" SCALE ="0" USAGE_FLAGS =""/>
        <SOURCEFIELD BUSINESSNAME ="" DATATYPE ="float" DESCRIPTION ="" FIELDNUMBER ="16" FIELDPROPERTY ="0" FIELDTYPE ="ELEMITEM" HIDDEN ="NO" KEYTYPE ="NOT A KEY" LENGTH ="24" LEVEL ="0" NAME ="Sum_Per6" NULLABLE ="NULL" OCCURS ="0" OFFSET ="107" PHYSICALLENGTH ="15" PHYSICALOFFSET ="142" PICTURETEXT ="" PRECISION ="15" SCALE ="0" USAGE_FLAGS =""/>
        <SOURCEFIELD BUSINESSNAME ="" DATATYPE ="int" DESCRIPTION ="" FIELDNUMBER ="17" FIELDPROPERTY ="0" FIELDTYPE ="ELEMITEM" HIDDEN ="NO" KEYTYPE ="NOT A KEY" LENGTH ="11" LEVEL ="0" NAME ="Disco_Period" NULLABLE ="NULL" OCCURS ="0" OFFSET ="131" PHYSICALLENGTH ="10" PHYSICALOFFSET ="157" PICTURETEXT ="" PRECISION ="10" SCALE ="0" USAGE_FLAGS =""/>
        <SOURCEFIELD BUSINESSNAME ="" DATATYPE ="int" DESCRIPTION ="" FIELDNUMBER ="18" FIELDPROPERTY ="0" FIELDTYPE ="ELEMITEM" HIDDEN ="NO" KEYTYPE ="NOT A KEY" LENGTH ="11" LEVEL ="0" NAME ="Cur_Mo" NULLABLE ="NULL" OCCURS ="0" OFFSET ="142" PHYSICALLENGTH ="10" PHYSICALOFFSET ="167" PICTURETEXT ="" PRECISION ="10" SCALE ="0" USAGE_FLAGS =""/>
        <SOURCEFIELD BUSINESSNAME ="" DATATYPE ="varchar" DESCRIPTION ="" FIELDNUMBER ="19" FIELDPROPERTY ="0" FIELDTYPE ="ELEMITEM" HIDDEN ="NO" KEYTYPE ="NOT A KEY" LENGTH ="0" LEVEL ="0" NAME ="update_userid" NULLABLE ="NOTNULL" OCCURS ="0" OFFSET ="153" PHYSICALLENGTH ="10" PHYSICALOFFSET ="177" PICTURETEXT ="" PRECISION ="10" SCALE ="0" USAGE_FLAGS =""/>
        <SOURCEFIELD BUSINESSNAME ="" DATATYPE ="nvarchar" DESCRIPTION ="" FIELDNUMBER ="20" FIELDPROPERTY ="0" FIELDTYPE ="ELEMITEM" HIDDEN ="NO" KEYTYPE ="NOT A KEY" LENGTH ="0" LEVEL ="0" NAME ="update_timestamp" NULLABLE ="NOTNULL" OCCURS ="0" OFFSET ="153" PHYSICALLENGTH ="10" PHYSICALOFFSET ="187" PICTURETEXT ="" PRECISION ="10" SCALE ="0" USAGE_FLAGS =""/>
    </SOURCE>
    <TARGET BUSINESSNAME ="" CONSTRAINT ="" DATABASETYPE ="Microsoft SQL Server" DESCRIPTION ="" NAME ="Sur_Dmd_Summary" OBJECTVERSION ="1" TABLEOPTIONS ="" VERSIONNUMBER ="1">
        <TARGETFIELD BUSINESSNAME ="" DATATYPE ="varchar" DESCRIPTION ="" FIELDNUMBER ="1" KEYTYPE ="NOT A KEY" NAME ="IPFA_SKU" NULLABLE ="NULL" PICTURETEXT ="" PRECISION ="50" SCALE ="0"/>
        <TARGETFIELD BUSINESSNAME ="" DATATYPE ="float" DESCRIPTION ="" FIELDNUMBER ="2" KEYTYPE ="NOT A KEY" NAME ="P01" NULLABLE ="NULL" PICTURETEXT ="" PRECISION ="15" SCALE ="0"/>
        <TARGETFIELD BUSINESSNAME ="" DATATYPE ="float" DESCRIPTION ="" FIELDNUMBER ="3" KEYTYPE ="NOT A KEY" NAME ="P02" NULLABLE ="NULL" PICTURETEXT ="" PRECISION ="15" SCALE ="0"/>
        <TARGETFIELD BUSINESSNAME ="" DATATYPE ="float" DESCRIPTION ="" FIELDNUMBER ="4" KEYTYPE ="NOT A KEY" NAME ="P03" NULLABLE ="NULL" PICTURETEXT ="" PRECISION ="15" SCALE ="0"/>
        <TARGETFIELD BUSINESSNAME ="" DATATYPE ="float" DESCRIPTION ="" FIELDNUMBER ="5" KEYTYPE ="NOT A KEY" NAME ="P04" NULLABLE ="NULL" PICTURETEXT ="" PRECISION ="15" SCALE ="0"/>
        <TARGETFIELD BUSINESSNAME ="" DATATYPE ="float" DESCRIPTION ="" FIELDNUMBER ="6" KEYTYPE ="NOT A KEY" NAME ="P05" NULLABLE ="NULL" PICTURETEXT ="" PRECISION ="15" SCALE ="0"/>
        <TARGETFIELD BUSINESSNAME ="" DATATYPE ="float" DESCRIPTION ="" FIELDNUMBER ="7" KEYTYPE ="NOT A KEY" NAME ="P06" NULLABLE ="NULL" PICTURETEXT ="" PRECISION ="15" SCALE ="0"/>
        <TARGETFIELD BUSINESSNAME ="" DATATYPE ="float" DESCRIPTION ="" FIELDNUMBER ="8" KEYTYPE ="NOT A KEY" NAME ="P07" NULLABLE ="NULL" PICTURETEXT ="" PRECISION ="15" SCALE ="0"/>
        <TARGETFIELD BUSINESSNAME ="" DATATYPE ="float" DESCRIPTION ="" FIELDNUMBER ="9" KEYTYPE ="NOT A KEY" NAME ="P08" NULLABLE ="NULL" PICTURETEXT ="" PRECISION ="15" SCALE ="0"/>
        <TARGETFIELD BUSINESSNAME ="" DATATYPE ="float" DESCRIPTION ="" FIELDNUMBER ="10" KEYTYPE ="NOT A KEY" NAME ="P09" NULLABLE ="NULL" PICTURETEXT ="" PRECISION ="15" SCALE ="0"/>
        <TARGETFIELD BUSINESSNAME ="" DATATYPE ="float" DESCRIPTION ="" FIELDNUMBER ="11" KEYTYPE ="NOT A KEY" NAME ="P10" NULLABLE ="NULL" PICTURETEXT ="" PRECISION ="15" SCALE ="0"/>
        <TARGETFIELD BUSINESSNAME ="" DATATYPE ="float" DESCRIPTION ="" FIELDNUMBER ="12" KEYTYPE ="NOT A KEY" NAME ="P11" NULLABLE ="NULL" PICTURETEXT ="" PRECISION ="15" SCALE ="0"/>
        <TARGETFIELD BUSINESSNAME ="" DATATYPE ="float" DESCRIPTION ="" FIELDNUMBER ="13" KEYTYPE ="NOT A KEY" NAME ="P12" NULLABLE ="NULL" PICTURETEXT ="" PRECISION ="15" SCALE ="0"/>
        <TARGETFIELD BUSINESSNAME ="" DATATYPE ="float" DESCRIPTION ="" FIELDNUMBER ="14" KEYTYPE ="NOT A KEY" NAME ="Dmd_Bef_DDte" NULLABLE ="NULL" PICTURETEXT ="" PRECISION ="15" SCALE ="0"/>
        <TARGETFIELD BUSINESSNAME ="" DATATYPE ="float" DESCRIPTION ="" FIELDNUMBER ="15" KEYTYPE ="NOT A KEY" NAME ="Rolling_9Mo" NULLABLE ="NULL" PICTURETEXT ="" PRECISION ="15" SCALE ="0"/>
        <TARGETFIELD BUSINESSNAME ="" DATATYPE ="float" DESCRIPTION ="" FIELDNUMBER ="16" KEYTYPE ="NOT A KEY" NAME ="Rolling_6Mo" NULLABLE ="NULL" PICTURETEXT ="" PRECISION ="15" SCALE ="0"/>
        <TARGETFIELD BUSINESSNAME ="" DATATYPE ="float" DESCRIPTION ="" FIELDNUMBER ="17" KEYTYPE ="NOT A KEY" NAME ="YTG_Dmd" NULLABLE ="NULL" PICTURETEXT ="" PRECISION ="15" SCALE ="0"/>
        <TARGETFIELD BUSINESSNAME ="" DATATYPE ="int" DESCRIPTION ="" FIELDNUMBER ="18" KEYTYPE ="NOT A KEY" NAME ="Disco_Period" NULLABLE ="NULL" PICTURETEXT ="" PRECISION ="10" SCALE ="0"/>
        <TARGETFIELD BUSINESSNAME ="" DATATYPE ="varchar" DESCRIPTION ="" FIELDNUMBER ="19" KEYTYPE ="NOT A KEY" NAME ="Disco_Flags" NULLABLE ="NULL" PICTURETEXT ="" PRECISION ="12" SCALE ="0"/>
        <TARGETFIELD BUSINESSNAME ="" DATATYPE ="varchar" DESCRIPTION ="" FIELDNUMBER ="20" KEYTYPE ="NOT A KEY" NAME ="Rolling_9Mo_Flags" NULLABLE ="NULL" PICTURETEXT ="" PRECISION ="24" SCALE ="0"/>
        <TARGETFIELD BUSINESSNAME ="" DATATYPE ="varchar" DESCRIPTION ="" FIELDNUMBER ="21" KEYTYPE ="NOT A KEY" NAME ="YTG_Flags" NULLABLE ="NULL" PICTURETEXT ="" PRECISION ="24" SCALE ="0"/>
        <TARGETFIELD BUSINESSNAME ="" DATATYPE ="varchar" DESCRIPTION ="" FIELDNUMBER ="22" KEYTYPE ="NOT A KEY" NAME ="Rolling_6Mo_Flags" NULLABLE ="NULL" PICTURETEXT ="" PRECISION ="24" SCALE ="0"/>
        <TARGETFIELD BUSINESSNAME ="" DATATYPE ="varchar" DESCRIPTION ="" FIELDNUMBER ="23" KEYTYPE ="NOT A KEY" NAME ="update_userid" NULLABLE ="NOTNULL" PICTURETEXT ="" PRECISION ="10" SCALE ="0"/>
        <TARGETFIELD BUSINESSNAME ="" DATATYPE ="nvarchar" DESCRIPTION ="" FIELDNUMBER ="24" KEYTYPE ="NOT A KEY" NAME ="update_timestamp" NULLABLE ="NOTNULL" PICTURETEXT ="" PRECISION ="10" SCALE ="0"/>
    </TARGET>
    <MAPPING DESCRIPTION ="Mapping will summarize Surplus demand summary data and insert into target Sur_Dmd_Summary" ISVALID ="YES" NAME ="m_SUR_DMD_CONVERT_ROWS" OBJECTVERSION ="1" VERSIONNUMBER ="1">
        <TRANSFORMATION DESCRIPTION ="Calculate the metrics" NAME ="EXP_CALC" OBJECTVERSION ="1" REUSABLE ="NO" TYPE ="Expression" VERSIONNUMBER ="1">
            <TRANSFORMFIELD DATATYPE ="string" DEFAULTVALUE ="" DESCRIPTION ="" EXPRESSION ="IPFA_SKU" EXPRESSIONTYPE ="GENERAL" NAME ="IPFA_SKU" PICTURETEXT ="" PORTTYPE ="INPUT/OUTPUT" PRECISION ="50" SCALE ="0"/>
            <TRANSFORMFIELD DATATYPE ="double" DEFAULTVALUE ="" DESCRIPTION ="" NAME ="I_Dmd_Bef_DDte" PICTURETEXT ="" PORTTYPE ="INPUT" PRECISION ="15" SCALE ="0"/>
            <TRANSFORMFIELD DATATYPE ="double" DEFAULTVALUE ="" DESCRIPTION ="" NAME ="I_YTG_Dmd" PICTURETEXT ="" PORTTYPE ="INPUT" PRECISION ="15" SCALE ="0"/>
            <TRANSFORMFIELD DATATYPE ="double" DEFAULTVALUE ="" DESCRIPTION ="" NAME ="I_Rolling_9Mo" PICTURETEXT ="" PORTTYPE ="INPUT" PRECISION ="15" SCALE ="0"/>
            <TRANSFORMFIELD DATATYPE ="double" DEFAULTVALUE ="" DESCRIPTION ="" NAME ="I_Rolling_6Mo" PICTURETEXT ="" PORTTYPE ="INPUT" PRECISION ="15" SCALE ="0"/>
            <TRANSFORMFIELD DATATYPE ="double" DEFAULTVALUE ="" DESCRIPTION ="" NAME ="I_P01" PICTURETEXT ="" PORTTYPE ="INPUT" PRECISION ="15" SCALE ="0"/>
            <TRANSFORMFIELD DATATYPE ="double" DEFAULTVALUE ="" DESCRIPTION ="" NAME ="I_P02" PICTURETEXT ="" PORTTYPE ="INPUT" PRECISION ="15" SCALE ="0"/>
            <TRANSFORMFIELD DATATYPE ="double" DEFAULTVALUE ="" DESCRIPTION ="" NAME ="I_P03" PICTURETEXT ="" PORTTYPE ="INPUT" PRECISION ="15" SCALE ="0"/>
            <TRANSFORMFIELD DATATYPE ="double" DEFAULTVALUE ="" DESCRIPTION ="" NAME ="I_P04" PICTURETEXT ="" PORTTYPE ="INPUT" PRECISION ="15" SCALE ="0"/>
            <TRANSFORMFIELD DATATYPE ="double" DEFAULTVALUE ="" DESCRIPTION ="" NAME ="I_P05" PICTURETEXT ="" PORTTYPE ="INPUT" PRECISION ="15" SCALE ="0"/>
            <TRANSFORMFIELD DATATYPE ="double" DEFAULTVALUE ="" DESCRIPTION ="" NAME ="I_P06" PICTURETEXT ="" PORTTYPE ="INPUT" PRECISION ="15" SCALE ="0"/>
            <TRANSFORMFIELD DATATYPE ="double" DEFAULTVALUE ="" DESCRIPTION ="" NAME ="I_P07" PICTURETEXT ="" PORTTYPE ="INPUT" PRECISION ="15" SCALE ="0"/>
            <TRANSFORMFIELD DATATYPE ="double" DEFAULTVALUE ="" DESCRIPTION ="" NAME ="I_P08" PICTURETEXT ="" PORTTYPE ="INPUT" PRECISION ="15" SCALE ="0"/>
            <TRANSFORMFIELD DATATYPE ="double" DEFAULTVALUE ="" DESCRIPTION ="" NAME ="I_P09" PICTURETEXT ="" PORTTYPE ="INPUT" PRECISION ="15" SCALE ="0"/>
            <TRANSFORMFIELD DATATYPE ="double" DEFAULTVALUE ="" DESCRIPTION ="" NAME ="I_P10" PICTURETEXT ="" PORTTYPE ="INPUT" PRECISION ="15" SCALE ="0"/>
            <TRANSFORMFIELD DATATYPE ="double" DEFAULTVALUE ="" DESCRIPTION ="" NAME ="I_P11" PICTURETEXT ="" PORTTYPE ="INPUT" PRECISION ="15" SCALE ="0"/>
            <TRANSFORMFIELD DATATYPE ="double" DEFAULTVALUE ="" DESCRIPTION ="" NAME ="I_P12" PICTURETEXT ="" PORTTYPE ="INPUT" PRECISION ="15" SCALE ="0"/>
            <TRANSFORMFIELD DATATYPE ="string" DEFAULTVALUE ="" DESCRIPTION ="" EXPRESSION ="Disco_Flag" EXPRESSIONTYPE ="GENERAL" NAME ="Disco_Flag" PICTURETEXT ="" PORTTYPE ="INPUT/OUTPUT" PRECISION ="12" SCALE ="0"/>
            <TRANSFORMFIELD DATATYPE ="integer" DEFAULTVALUE ="" DESCRIPTION ="" EXPRESSION ="Disco_Period" EXPRESSIONTYPE ="GENERAL" NAME ="Disco_Period" PICTURETEXT ="" PORTTYPE ="INPUT/OUTPUT" PRECISION ="10" SCALE ="0"/>
            <TRANSFORMFIELD DATATYPE ="string" DEFAULTVALUE ="" DESCRIPTION ="" EXPRESSION ="Rolling_9Mo_Flags" EXPRESSIONTYPE ="GENERAL" NAME ="Rolling_9Mo_Flags" PICTURETEXT ="" PORTTYPE ="INPUT/OUTPUT" PRECISION ="24" SCALE ="0"/>
            <TRANSFORMFIELD DATATYPE ="string" DEFAULTVALUE ="" DESCRIPTION ="" EXPRESSION ="YTG_Flags" EXPRESSIONTYPE ="GENERAL" NAME ="YTG_Flags" PICTURETEXT ="" PORTTYPE ="INPUT/OUTPUT" PRECISION ="24" SCALE ="0"/>
            <TRANSFORMFIELD DATATYPE ="string" DEFAULTVALUE ="" DESCRIPTION ="" EXPRESSION ="Rolling_6Mo_Flags" EXPRESSIONTYPE ="GENERAL" NAME ="Rolling_6Mo_Flags" PICTURETEXT ="" PORTTYPE ="INPUT/OUTPUT" PRECISION ="24" SCALE ="0"/>
            <TRANSFORMFIELD DATATYPE ="integer" DEFAULTVALUE ="" DESCRIPTION ="" NAME ="I_Gpp" PICTURETEXT ="" PORTTYPE ="INPUT" PRECISION ="10" SCALE ="0"/>
            <TRANSFORMFIELD DATATYPE ="double" DEFAULTVALUE ="ERROR(&apos;transformation error&apos;)" DESCRIPTION ="" EXPRESSION ="I_P01 / I_Gpp" EXPRESSIONTYPE ="GENERAL" NAME ="O_P01" PICTURETEXT ="" PORTTYPE ="OUTPUT" PRECISION ="15" SCALE ="0"/>
            <TRANSFORMFIELD DATATYPE ="double" DEFAULTVALUE ="ERROR(&apos;transformation error&apos;)" DESCRIPTION ="" EXPRESSION ="I_P02 / I_Gpp" EXPRESSIONTYPE ="GENERAL" NAME ="O_P02" PICTURETEXT ="" PORTTYPE ="OUTPUT" PRECISION ="15" SCALE ="0"/>
            <TRANSFORMFIELD DATATYPE ="double" DEFAULTVALUE ="ERROR(&apos;transformation error&apos;)" DESCRIPTION ="" EXPRESSION ="I_P03 / I_Gpp" EXPRESSIONTYPE ="GENERAL" NAME ="O_P03" PICTURETEXT ="" PORTTYPE ="OUTPUT" PRECISION ="15" SCALE ="0"/>
            <TRANSFORMFIELD DATATYPE ="double" DEFAULTVALUE ="ERROR(&apos;transformation error&apos;)" DESCRIPTION ="" EXPRESSION ="I_P04 / I_Gpp" EXPRESSIONTYPE ="GENERAL" NAME ="O_P04" PICTURETEXT ="" PORTTYPE ="OUTPUT" PRECISION ="15" SCALE ="0"/>
            <TRANSFORMFIELD DATATYPE ="double" DEFAULTVALUE ="ERROR(&apos;transformation error&apos;)" DESCRIPTION ="" EXPRESSION ="I_P05 / I_Gpp" EXPRESSIONTYPE ="GENERAL" NAME ="O_P05" PICTURETEXT ="" PORTTYPE ="OUTPUT" PRECISION ="15" SCALE ="0"/>
            <TRANSFORMFIELD DATATYPE ="double" DEFAULTVALUE ="ERROR(&apos;transformation error&apos;)" DESCRIPTION ="" EXPRESSION ="I_P06 / I_Gpp" EXPRESSIONTYPE ="GENERAL" NAME ="O_P06" PICTURETEXT ="" PORTTYPE ="OUTPUT" PRECISION ="15" SCALE ="0"/>
            <TRANSFORMFIELD DATATYPE ="double" DEFAULTVALUE ="ERROR(&apos;transformation error&apos;)" DESCRIPTION ="" EXPRESSION ="I_P07 / I_Gpp" EXPRESSIONTYPE ="GENERAL" NAME ="O_P07" PICTURETEXT ="" PORTTYPE ="OUTPUT" PRECISION ="15" SCALE ="0"/>
            <TRANSFORMFIELD DATATYPE ="double" DEFAULTVALUE ="ERROR(&apos;transformation error&apos;)" DESCRIPTION ="" EXPRESSION ="I_P08 / I_Gpp" EXPRESSIONTYPE ="GENERAL" NAME ="O_P08" PICTURETEXT ="" PORTTYPE ="OUTPUT" PRECISION ="15" SCALE ="0"/>
            <TRANSFORMFIELD DATATYPE ="double" DEFAULTVALUE ="ERROR(&apos;transformation error&apos;)" DESCRIPTION ="" EXPRESSION ="I_P09 / I_Gpp" EXPRESSIONTYPE ="GENERAL" NAME ="O_P09" PICTURETEXT ="" PORTTYPE ="OUTPUT" PRECISION ="15" SCALE ="0"/>
            <TRANSFORMFIELD DATATYPE ="double" DEFAULTVALUE ="ERROR(&apos;transformation error&apos;)" DESCRIPTION ="" EXPRESSION ="I_P10 / I_Gpp" EXPRESSIONTYPE ="GENERAL" NAME ="O_P10" PICTURETEXT ="" PORTTYPE ="OUTPUT" PRECISION ="15" SCALE ="0"/>
            <TRANSFORMFIELD DATATYPE ="double" DEFAULTVALUE ="ERROR(&apos;transformation error&apos;)" DESCRIPTION ="" EXPRESSION ="I_P11 / I_Gpp" EXPRESSIONTYPE ="GENERAL" NAME ="O_P11" PICTURETEXT ="" PORTTYPE ="OUTPUT" PRECISION ="15" SCALE ="0"/>
            <TRANSFORMFIELD DATATYPE ="double" DEFAULTVALUE ="ERROR(&apos;transformation error&apos;)" DESCRIPTION ="" EXPRESSION ="I_P12 / I_Gpp" EXPRESSIONTYPE ="GENERAL" NAME ="O_P12" PICTURETEXT ="" PORTTYPE ="OUTPUT" PRECISION ="15" SCALE ="0"/>
            <TRANSFORMFIELD DATATYPE ="double" DEFAULTVALUE ="ERROR(&apos;transformation error&apos;)" DESCRIPTION ="" EXPRESSION ="I_Dmd_Bef_DDte / I_Gpp" EXPRESSIONTYPE ="GENERAL" NAME ="O_Dmd_Bef_Ddte" PICTURETEXT ="" PORTTYPE ="OUTPUT" PRECISION ="15" SCALE ="0"/>
            <TRANSFORMFIELD DATATYPE ="double" DEFAULTVALUE ="ERROR(&apos;transformation error&apos;)" DESCRIPTION ="" EXPRESSION ="I_Rolling_9Mo / I_Gpp" EXPRESSIONTYPE ="GENERAL" NAME ="O_Rolling_9Mo" PICTURETEXT ="" PORTTYPE ="OUTPUT" PRECISION ="15" SCALE ="0"/>
            <TRANSFORMFIELD DATATYPE ="double" DEFAULTVALUE ="ERROR(&apos;transformation error&apos;)" DESCRIPTION ="" EXPRESSION ="I_Rolling_6Mo / I_Gpp" EXPRESSIONTYPE ="GENERAL" NAME ="O_Rolling_6Mo" PICTURETEXT ="" PORTTYPE ="OUTPUT" PRECISION ="15" SCALE ="0"/>
            <TRANSFORMFIELD DATATYPE ="double" DEFAULTVALUE ="ERROR(&apos;transformation error&apos;)" DESCRIPTION ="" EXPRESSION ="I_YTG_Dmd / I_Gpp" EXPRESSIONTYPE ="GENERAL" NAME ="O_YTG_Dmd" PICTURETEXT ="" PORTTYPE ="OUTPUT" PRECISION ="15" SCALE ="0"/>
            <TRANSFORMFIELD DATATYPE ="string" DEFAULTVALUE ="ERROR(&apos;transformation error&apos;)" DESCRIPTION ="" EXPRESSION ="&apos;ETL_RAW&apos;" EXPRESSIONTYPE ="GENERAL" NAME ="O_update_userid" PICTURETEXT ="" PORTTYPE ="OUTPUT" PRECISION ="10" SCALE ="0"/>
            <TRANSFORMFIELD DATATYPE ="date/time" DEFAULTVALUE ="ERROR(&apos;transformation error&apos;)" DESCRIPTION ="" EXPRESSION ="SYSDATE" EXPRESSIONTYPE ="GENERAL" NAME ="O_update_timestamp" PICTURETEXT ="" PORTTYPE ="OUTPUT" PRECISION ="29" SCALE ="9"/>
            <TABLEATTRIBUTE NAME ="Tracing Level" VALUE ="Normal"/>
        </TRANSFORMATION>
        <TRANSFORMATION DESCRIPTION ="SQ for Source" NAME ="SQ_Sur_Dmd_Summary_Raw" OBJECTVERSION ="1" REUSABLE ="NO" TYPE ="Source Qualifier" VERSIONNUMBER ="1">
            <TRANSFORMFIELD DATATYPE ="string" DEFAULTVALUE ="" DESCRIPTION ="" NAME ="IPFA_SKU" PICTURETEXT ="" PORTTYPE ="INPUT/OUTPUT" PRECISION ="50" SCALE ="0"/>
            <TRANSFORMFIELD DATATYPE ="double" DEFAULTVALUE ="" DESCRIPTION ="" NAME ="Dmd_Bef_DDte" PICTURETEXT ="" PORTTYPE ="INPUT/OUTPUT" PRECISION ="15" SCALE ="0"/>
            <TRANSFORMFIELD DATATYPE ="double" DEFAULTVALUE ="" DESCRIPTION ="" NAME ="YTG_Dmd" PICTURETEXT ="" PORTTYPE ="INPUT/OUTPUT" PRECISION ="15" SCALE ="0"/>
            <TRANSFORMFIELD DATATYPE ="double" DEFAULTVALUE ="" DESCRIPTION ="" NAME ="Rolling_9Mo" PICTURETEXT ="" PORTTYPE ="INPUT/OUTPUT" PRECISION ="15" SCALE ="0"/>
            <TRANSFORMFIELD DATATYPE ="double" DEFAULTVALUE ="" DESCRIPTION ="" NAME ="Rolling_6Mo" PICTURETEXT ="" PORTTYPE ="INPUT/OUTPUT" PRECISION ="15" SCALE ="0"/>
            <TRANSFORMFIELD DATATYPE ="double" DEFAULTVALUE ="" DESCRIPTION ="" NAME ="P01" PICTURETEXT ="" PORTTYPE ="INPUT/OUTPUT" PRECISION ="15" SCALE ="0"/>
            <TRANSFORMFIELD DATATYPE ="double" DEFAULTVALUE ="" DESCRIPTION ="" NAME ="P02" PICTURETEXT ="" PORTTYPE ="INPUT/OUTPUT" PRECISION ="15" SCALE ="0"/>
            <TRANSFORMFIELD DATATYPE ="double" DEFAULTVALUE ="" DESCRIPTION ="" NAME ="P03" PICTURETEXT ="" PORTTYPE ="INPUT/OUTPUT" PRECISION ="15" SCALE ="0"/>
            <TRANSFORMFIELD DATATYPE ="double" DEFAULTVALUE ="" DESCRIPTION ="" NAME ="P04" PICTURETEXT ="" PORTTYPE ="INPUT/OUTPUT" PRECISION ="15" SCALE ="0"/>
            <TRANSFORMFIELD DATATYPE ="double" DEFAULTVALUE ="" DESCRIPTION ="" NAME ="P05" PICTURETEXT ="" PORTTYPE ="INPUT/OUTPUT" PRECISION ="15" SCALE ="0"/>
            <TRANSFORMFIELD DATATYPE ="double" DEFAULTVALUE ="" DESCRIPTION ="" NAME ="P06" PICTURETEXT ="" PORTTYPE ="INPUT/OUTPUT" PRECISION ="15" SCALE ="0"/>
            <TRANSFORMFIELD DATATYPE ="double" DEFAULTVALUE ="" DESCRIPTION ="" NAME ="P07" PICTURETEXT ="" PORTTYPE ="INPUT/OUTPUT" PRECISION ="15" SCALE ="0"/>
            <TRANSFORMFIELD DATATYPE ="double" DEFAULTVALUE ="" DESCRIPTION ="" NAME ="P08" PICTURETEXT ="" PORTTYPE ="INPUT/OUTPUT" PRECISION ="15" SCALE ="0"/>
            <TRANSFORMFIELD DATATYPE ="double" DEFAULTVALUE ="" DESCRIPTION ="" NAME ="P09" PICTURETEXT ="" PORTTYPE ="INPUT/OUTPUT" PRECISION ="15" SCALE ="0"/>
            <TRANSFORMFIELD DATATYPE ="double" DEFAULTVALUE ="" DESCRIPTION ="" NAME ="P10" PICTURETEXT ="" PORTTYPE ="INPUT/OUTPUT" PRECISION ="15" SCALE ="0"/>
            <TRANSFORMFIELD DATATYPE ="double" DEFAULTVALUE ="" DESCRIPTION ="" NAME ="P11" PICTURETEXT ="" PORTTYPE ="INPUT/OUTPUT" PRECISION ="15" SCALE ="0"/>
            <TRANSFORMFIELD DATATYPE ="double" DEFAULTVALUE ="" DESCRIPTION ="" NAME ="P12" PICTURETEXT ="" PORTTYPE ="INPUT/OUTPUT" PRECISION ="15" SCALE ="0"/>
            <TRANSFORMFIELD DATATYPE ="string" DEFAULTVALUE ="" DESCRIPTION ="" NAME ="Disco_Flags" PICTURETEXT ="" PORTTYPE ="INPUT/OUTPUT" PRECISION ="12" SCALE ="0"/>
            <TRANSFORMFIELD DATATYPE ="integer" DEFAULTVALUE ="" DESCRIPTION ="" NAME ="Disco_Period" PICTURETEXT ="" PORTTYPE ="INPUT/OUTPUT" PRECISION ="10" SCALE ="0"/>
            <TRANSFORMFIELD DATATYPE ="string" DEFAULTVALUE ="" DESCRIPTION ="" NAME ="Rolling_9Mo_Flags" PICTURETEXT ="" PORTTYPE ="INPUT/OUTPUT" PRECISION ="24" SCALE ="0"/>
            <TRANSFORMFIELD DATATYPE ="string" DEFAULTVALUE ="" DESCRIPTION ="" NAME ="YTG_Flags" PICTURETEXT ="" PORTTYPE ="INPUT/OUTPUT" PRECISION ="24" SCALE ="0"/>
            <TRANSFORMFIELD DATATYPE ="string" DEFAULTVALUE ="" DESCRIPTION ="" NAME ="Rolling_6Mo_Flags" PICTURETEXT ="" PORTTYPE ="INPUT/OUTPUT" PRECISION ="24" SCALE ="0"/>
            <TRANSFORMFIELD DATATYPE ="integer" DEFAULTVALUE ="" DESCRIPTION ="" NAME ="Gpp" PICTURETEXT ="" PORTTYPE ="INPUT/OUTPUT" PRECISION ="10" SCALE ="0"/>
            <TABLEATTRIBUTE NAME ="Sql Query" VALUE ="SELECT&#xD;&#xA;  A.[IPFA_SKU],&#xD;&#xA;  A.[Dmd_Bef_DDte],&#xD;&#xA;  A.[YTG_Dmd],&#xD;&#xA;  COALESCE(A3.[9mo_AW_Dmd], A.[Rolling_9Mo]) AS [Rolling_9Mo],&#xD;&#xA;  COALESCE(A2.[6mo_AW_Dmd], A.[Rolling_6Mo]) AS [Rolling_6Mo],&#xD;&#xA;  COALESCE(B3.[P01], B2.[P01], B.[P01]) AS [P01],&#xD;&#xA;  COALESCE(B3.[P02], B2.[P02], B.[P02]) AS [P02],&#xD;&#xA;  COALESCE(B3.[P03], B2.[P03], B.[P03]) AS [P03],&#xD;&#xA;  COALESCE(B3.[P04], B2.[P04], B.[P04]) AS [P04],&#xD;&#xA;  COALESCE(B3.[P05], B2.[P05], B.[P05]) AS [P05],&#xD;&#xA;  COALESCE(B3.[P06], B2.[P06], B.[P06]) AS [P06],&#xD;&#xA;  COALESCE(B3.[P07], B2.[P07], B.[P07]) AS [P07],&#xD;&#xA;  COALESCE(B3.[P08], B2.[P08], B.[P08]) AS [P08],&#xD;&#xA;  COALESCE(B3.[P09], B2.[P09], B.[P09]) AS [P09],&#xD;&#xA;  COALESCE(B3.[P10], B2.[P10], B.[P10]) AS [P10],&#xD;&#xA;  COALESCE(B3.[P11], B2.[P11], B.[P11]) AS [P11],&#xD;&#xA;  COALESCE(B3.[P12], B2.[P12], B.[P12]) AS [P12],&#xD;&#xA;  C.[Disco_Flags],&#xD;&#xA;  C.[Disco_Period],&#xD;&#xA;  COALESCE(D2.[Rolling_9Mo_Flags], D.[Rolling_9Mo_Flags]) AS [Rolling_9Mo_Flags],&#xD;&#xA;  E.[YTG_Flags],&#xD;&#xA;  COALESCE(F2.Rolling_6Mo_Flags, F.Rolling_6Mo_Flags) AS [Rolling_6Mo_Flags],&#xD;&#xA;  COALESCE(G.gpp, 1) AS [Gpp]&#xD;&#xA;&#xD;&#xA;FROM (SELECT&#xD;&#xA;  IPFA_SKU,&#xD;&#xA;  SUM(Sum_Disco) AS [Dmd_Bef_DDte],&#xD;&#xA;  SUM(Sum_YE) AS [YTG_Dmd],&#xD;&#xA;  SUM(Sum_Per9) AS [Rolling_9Mo],&#xD;&#xA;  SUM(Sum_Per6) AS [Rolling_6Mo]&#xD;&#xA;FROM aia.Sur_Dmd_Summary_Raw WITH (NOLOCK)&#xD;&#xA;GROUP BY IPFA_SKU) A&#xD;&#xA;FULL JOIN (SELECT&#xD;&#xA;  IPFA_SKU,&#xD;&#xA;  SUM(Demand) AS [6mo_AW_Dmd]&#xD;&#xA;FROM aia.Sur_AW_Dmd_Summary WITH (NOLOCK)&#xD;&#xA;WHERE LEAD_TIME IS NOT NULL&#xD;&#xA;AND LEAD_TIME &lt;= 112&#xD;&#xA;AND Rnk &lt;= 6&#xD;&#xA;GROUP BY IPFA_SKU) A2&#xD;&#xA;  ON A.IPFA_SKU = A2.IPFA_SKU&#xD;&#xA;FULL JOIN (SELECT&#xD;&#xA;  IPFA_SKU,&#xD;&#xA;  SUM(Demand) AS [9mo_AW_Dmd]&#xD;&#xA;FROM aia.Sur_AW_Dmd_Summary WITH (NOLOCK)&#xD;&#xA;WHERE LEAD_TIME IS NULL&#xD;&#xA;OR LEAD_TIME &gt; 112&#xD;&#xA;GROUP BY IPFA_SKU) A3&#xD;&#xA;  ON A.IPFA_SKU = A3.IPFA_SKU&#xD;&#xA;FULL JOIN (SELECT&#xD;&#xA;  IPFA_SKU,&#xD;&#xA;  [P01],&#xD;&#xA;  [P02],&#xD;&#xA;  [P03],&#xD;&#xA;  [P04],&#xD;&#xA;  [P05],&#xD;&#xA;  [P06],&#xD;&#xA;  [P07],&#xD;&#xA;  [P08],&#xD;&#xA;  [P09],&#xD;&#xA;  [P10],&#xD;&#xA;  [P11],&#xD;&#xA;  [P12]&#xD;&#xA;FROM (SELECT&#xD;&#xA;  IPFA_SKU,&#xD;&#xA;  Dmd,&#xD;&#xA;  Period&#xD;&#xA;FROM aia.Sur_Dmd_Summary_Raw WITH (NOLOCK)) A&#xD;&#xA;PIVOT (SUM(Dmd) FOR Period IN ([P01], [P02], [P03], [P04], [P05], [P06], [P07], [P08], [P09], [P10], [P11], [P12])) P) B&#xD;&#xA;  ON A.IPFA_SKU = B.IPFA_SKU&#xD;&#xA;FULL JOIN (SELECT&#xD;&#xA;  IPFA_SKU,&#xD;&#xA;  [P01],&#xD;&#xA;  [P02],&#xD;&#xA;  [P03],&#xD;&#xA;  [P04],&#xD;&#xA;  [P05],&#xD;&#xA;  [P06],&#xD;&#xA;  [P07],&#xD;&#xA;  [P08],&#xD;&#xA;  [P09],&#xD;&#xA;  [P10],&#xD;&#xA;  [P11],&#xD;&#xA;  [P12]&#xD;&#xA;FROM (SELECT&#xD;&#xA;  IPFA_SKU,&#xD;&#xA;  [Demand],&#xD;&#xA;  &apos;P&apos; + RIGHT(&apos;00&apos; + CAST(([6mo_Future_Mth] % 100) AS varchar), 2) AS [Period]&#xD;&#xA;FROM aia.Sur_AW_Dmd_Summary WITH (NOLOCK)&#xD;&#xA;WHERE LEAD_TIME IS NOT NULL&#xD;&#xA;AND LEAD_TIME &lt;= 112&#xD;&#xA;AND Rnk &lt;= 6) A&#xD;&#xA;PIVOT (SUM(Demand) FOR Period IN ([P01], [P02], [P03], [P04], [P05], [P06], [P07], [P08], [P09], [P10], [P11], [P12])) P) B2&#xD;&#xA;  ON A.IPFA_SKU = B2.IPFA_SKU&#xD;&#xA;FULL JOIN (SELECT&#xD;&#xA;  IPFA_SKU,&#xD;&#xA;  [P01],&#xD;&#xA;  [P02],&#xD;&#xA;  [P03],&#xD;&#xA;  [P04],&#xD;&#xA;  [P05],&#xD;&#xA;  [P06],&#xD;&#xA;  [P07],&#xD;&#xA;  [P08],&#xD;&#xA;  [P09],&#xD;&#xA;  [P10],&#xD;&#xA;  [P11],&#xD;&#xA;  [P12]&#xD;&#xA;FROM (SELECT&#xD;&#xA;  IPFA_SKU,&#xD;&#xA;  [Demand],&#xD;&#xA;  &apos;P&apos; + RIGHT(&apos;00&apos; + CAST(([9mo_Future_Mth] % 100) AS varchar), 2) AS [Period]&#xD;&#xA;FROM aia.Sur_AW_Dmd_Summary WITH (NOLOCK)&#xD;&#xA;WHERE LEAD_TIME IS NULL&#xD;&#xA;OR LEAD_TIME &gt; 112) A&#xD;&#xA;PIVOT (SUM(Demand) FOR Period IN ([P01], [P02], [P03], [P04], [P05], [P06], [P07], [P08], [P09], [P10], [P11], [P12])) P) B3&#xD;&#xA;  ON A.IPFA_SKU = B3.IPFA_SKU&#xD;&#xA;FULL JOIN (SELECT&#xD;&#xA;  IPFA_SKU,&#xD;&#xA;  Disco_Period,&#xD;&#xA;  COALESCE([D01], &apos;0&apos;) + COALESCE([D02], &apos;0&apos;) + COALESCE([D03], &apos;0&apos;) + COALESCE([D04], &apos;0&apos;) + COALESCE([D05], &apos;0&apos;) + COALESCE([D06], &apos;0&apos;)&#xD;&#xA;  + COALESCE([D07], &apos;0&apos;) + COALESCE([D08], &apos;0&apos;) + COALESCE([D09], &apos;0&apos;) + COALESCE([D10], &apos;0&apos;) + COALESCE([D11], &apos;0&apos;) + COALESCE([D12], &apos;0&apos;) AS [Disco_Flags]&#xD;&#xA;FROM (SELECT&#xD;&#xA;  IPFA_SKU,&#xD;&#xA;  DPeriod,&#xD;&#xA;  Disco_Flag,&#xD;&#xA;  Disco_Period&#xD;&#xA;FROM aia.Sur_Dmd_Summary_Raw WITH (NOLOCK)) A&#xD;&#xA;PIVOT (MAX(Disco_Flag) FOR DPeriod IN ([D01], [D02], [D03], [D04], [D05], [D06], [D07], [D08], [D09], [D10], [D11], [D12])) P) C&#xD;&#xA;  ON A.IPFA_SKU = C.IPFA_SKU&#xD;&#xA;FULL JOIN (SELECT&#xD;&#xA;  IPFA_SKU,&#xD;&#xA;  COALESCE([Q01], &apos;0&apos;) + COALESCE([Q02], &apos;0&apos;) + COALESCE([Q03], &apos;0&apos;) + COALESCE([Q04], &apos;0&apos;) + COALESCE([Q05], &apos;0&apos;) + COALESCE([Q06], &apos;0&apos;)&#xD;&#xA;  + COALESCE([Q07], &apos;0&apos;) + COALESCE([Q08], &apos;0&apos;) + COALESCE([Q09], &apos;0&apos;) + COALESCE([Q10], &apos;0&apos;) + COALESCE([Q11], &apos;0&apos;) + COALESCE([Q12], &apos;0&apos;) AS [Rolling_9Mo_Flags]&#xD;&#xA;FROM (SELECT&#xD;&#xA;  IPFA_SKU,&#xD;&#xA;  QPeriod,&#xD;&#xA;  Per9_Flag&#xD;&#xA;FROM aia.Sur_Dmd_Summary_Raw WITH (NOLOCK)) A&#xD;&#xA;PIVOT (MAX(Per9_Flag) FOR QPeriod IN ([Q01], [Q02], [Q03], [Q04], [Q05], [Q06], [Q07], [Q08], [Q09], [Q10], [Q11], [Q12])) P) D&#xD;&#xA;  ON A.IPFA_SKU = D.IPFA_SKU&#xD;&#xA;FULL JOIN (SELECT&#xD;&#xA;  IPFA_SKU,&#xD;&#xA;  COALESCE([Q01], &apos;0&apos;) + COALESCE([Q02], &apos;0&apos;) + COALESCE([Q03], &apos;0&apos;) + COALESCE([Q04], &apos;0&apos;) + COALESCE([Q05], &apos;0&apos;) + COALESCE([Q06], &apos;0&apos;)&#xD;&#xA;  + COALESCE([Q07], &apos;0&apos;) + COALESCE([Q08], &apos;0&apos;) + COALESCE([Q09], &apos;0&apos;) + COALESCE([Q10], &apos;0&apos;) + COALESCE([Q11], &apos;0&apos;) + COALESCE([Q12], &apos;0&apos;) AS [Rolling_9Mo_Flags]&#xD;&#xA;FROM (SELECT&#xD;&#xA;  IPFA_SKU,&#xD;&#xA;  &apos;Q&apos; + RIGHT(&apos;00&apos; + CAST(([9mo_Future_Mth] % 100) AS varchar), 2) AS [QPeriod],&#xD;&#xA;  &apos;11&apos; AS [Per9_Flag]&#xD;&#xA;FROM aia.Sur_AW_Dmd_Summary WITH (NOLOCK)&#xD;&#xA;WHERE LEAD_TIME IS NULL&#xD;&#xA;OR LEAD_TIME &gt; 112) A&#xD;&#xA;PIVOT (MAX(Per9_Flag) FOR QPeriod IN ([Q01], [Q02], [Q03], [Q04], [Q05], [Q06], [Q07], [Q08], [Q09], [Q10], [Q11], [Q12])) P) D2&#xD;&#xA;  ON A.IPFA_SKU = D2.IPFA_SKU&#xD;&#xA;FULL JOIN (SELECT&#xD;&#xA;  IPFA_SKU,&#xD;&#xA;  COALESCE([Y01], &apos;0&apos;) + COALESCE([Y02], &apos;0&apos;) + COALESCE([Y03], &apos;0&apos;) + COALESCE([Y04], &apos;0&apos;) + COALESCE([Y05], &apos;0&apos;) + COALESCE([Y06], &apos;0&apos;)&#xD;&#xA;  + COALESCE([Y07], &apos;0&apos;) + COALESCE([Y08], &apos;0&apos;) + COALESCE([Y09], &apos;0&apos;) + COALESCE([Y10], &apos;0&apos;) + COALESCE([Y11], &apos;0&apos;) + COALESCE([Y12], &apos;0&apos;) AS [YTG_Flags]&#xD;&#xA;FROM (SELECT&#xD;&#xA;  IPFA_SKU,&#xD;&#xA;  YPeriod,&#xD;&#xA;  YE_Flag&#xD;&#xA;FROM aia.Sur_Dmd_Summary_Raw WITH (NOLOCK)) A&#xD;&#xA;PIVOT (MAX(YE_Flag) FOR YPeriod IN ([Y01], [Y02], [Y03], [Y04], [Y05], [Y06], [Y07], [Y08], [Y09], [Y10], [Y11], [Y12])) P) E&#xD;&#xA;  ON A.IPFA_SKU = E.IPFA_SKU&#xD;&#xA;FULL JOIN (SELECT&#xD;&#xA;  IPFA_SKU,&#xD;&#xA;  COALESCE([S01], &apos;0&apos;) + COALESCE([S02], &apos;0&apos;) + COALESCE([S03], &apos;0&apos;) + COALESCE([S04], &apos;0&apos;) + COALESCE([S05], &apos;0&apos;) + COALESCE([S06], &apos;0&apos;)&#xD;&#xA;  + COALESCE([S07], &apos;0&apos;) + COALESCE([S08], &apos;0&apos;) + COALESCE([S09], &apos;0&apos;) + COALESCE([S10], &apos;0&apos;) + COALESCE([S11], &apos;0&apos;) + COALESCE([S12], &apos;0&apos;) AS [Rolling_6Mo_Flags]&#xD;&#xA;FROM (SELECT&#xD;&#xA;  IPFA_SKU,&#xD;&#xA;  SPeriod,&#xD;&#xA;  Per6_Flag&#xD;&#xA;FROM aia.Sur_Dmd_Summary_Raw WITH (NOLOCK)) A&#xD;&#xA;PIVOT (MAX(Per6_Flag) FOR SPeriod IN ([S01], [S02], [S03], [S04], [S05], [S06], [S07], [S08], [S09], [S10], [S11], [S12])) P) F&#xD;&#xA;  ON A.IPFA_SKU = F.IPFA_SKU&#xD;&#xA;FULL JOIN (SELECT&#xD;&#xA;  IPFA_SKU,&#xD;&#xA;  COALESCE([Q01], &apos;0&apos;) + COALESCE([Q02], &apos;0&apos;) + COALESCE([Q03], &apos;0&apos;) + COALESCE([Q04], &apos;0&apos;) + COALESCE([Q05], &apos;0&apos;) + COALESCE([Q06], &apos;0&apos;)&#xD;&#xA;  + COALESCE([Q07], &apos;0&apos;) + COALESCE([Q08], &apos;0&apos;) + COALESCE([Q09], &apos;0&apos;) + COALESCE([Q10], &apos;0&apos;) + COALESCE([Q11], &apos;0&apos;) + COALESCE([Q12], &apos;0&apos;) AS [Rolling_6Mo_Flags]&#xD;&#xA;FROM (SELECT&#xD;&#xA;  IPFA_SKU,&#xD;&#xA;  &apos;Q&apos; + RIGHT(&apos;00&apos; + CAST(([6mo_Future_Mth] % 100) AS varchar), 2) AS [QPeriod],&#xD;&#xA;  &apos;11&apos; AS [Per6_Flag]&#xD;&#xA;FROM aia.Sur_AW_Dmd_Summary WITH (NOLOCK)&#xD;&#xA;WHERE LEAD_TIME IS NOT NULL&#xD;&#xA;AND LEAD_TIME &lt;= 112&#xD;&#xA;AND Rnk &lt;= 6) A&#xD;&#xA;PIVOT (MAX([Per6_Flag]) FOR [QPeriod] IN ([Q01], [Q02], [Q03], [Q04], [Q05], [Q06], [Q07], [Q08], [Q09], [Q10], [Q11], [Q12])) P) F2&#xD;&#xA;  ON A.IPFA_SKU = F2.IPFA_SKU&#xD;&#xA;LEFT JOIN (SELECT&#xD;&#xA;  IPFA_SKU,&#xD;&#xA;  IIF(gar_p_pkg = 0, 1, COALESCE(gar_p_pkg, 1)) AS gpp&#xD;&#xA;FROM aia.Sur_SKU_IPFA WITH (NOLOCK)&#xD;&#xA;WHERE SBU_DESC = &apos;SOCKS&apos;) G&#xD;&#xA;  ON A.IPFA_SKU = G.IPFA_SKU"/>
            <TABLEATTRIBUTE NAME ="User Defined Join" VALUE =""/>
            <TABLEATTRIBUTE NAME ="Source Filter" VALUE =""/>
            <TABLEATTRIBUTE NAME ="Number Of Sorted Ports" VALUE ="0"/>
            <TABLEATTRIBUTE NAME ="Tracing Level" VALUE ="Normal"/>
            <TABLEATTRIBUTE NAME ="Select Distinct" VALUE ="NO"/>
            <TABLEATTRIBUTE NAME ="Is Partitionable" VALUE ="NO"/>
            <TABLEATTRIBUTE NAME ="Pre SQL" VALUE =""/>
            <TABLEATTRIBUTE NAME ="Post SQL" VALUE =""/>
            <TABLEATTRIBUTE NAME ="Output is deterministic" VALUE ="NO"/>
            <TABLEATTRIBUTE NAME ="Output is repeatable" VALUE ="Never"/>
        </TRANSFORMATION>
        <INSTANCE DESCRIPTION ="Target Definition" NAME ="Sur_Dmd_Summary" TRANSFORMATION_NAME ="Sur_Dmd_Summary" TRANSFORMATION_TYPE ="Target Definition" TYPE ="TARGET"/>
        <INSTANCE DBDNAME ="SQLD1BUS16_D1BUS16" DESCRIPTION ="Source Definition" NAME ="Sur_Dmd_Summary_Raw" TRANSFORMATION_NAME ="Sur_Dmd_Summary_Raw" TRANSFORMATION_TYPE ="Source Definition" TYPE ="SOURCE"/>
        <INSTANCE DBDNAME ="SQLD1BUS16_D1BUS16" DESCRIPTION ="Source Definition" NAME ="Sur_SKU_IPFA" TRANSFORMATION_NAME ="Sur_SKU_IPFA" TRANSFORMATION_TYPE ="Source Definition" TYPE ="SOURCE"/>
        <INSTANCE DESCRIPTION ="Calculate the metrics" NAME ="EXP_CALC" REUSABLE ="NO" TRANSFORMATION_NAME ="EXP_CALC" TRANSFORMATION_TYPE ="Expression" TYPE ="TRANSFORMATION"/>
        <INSTANCE DESCRIPTION ="SQ for Source" NAME ="SQ_Sur_Dmd_Summary_Raw" REUSABLE ="NO" TRANSFORMATION_NAME ="SQ_Sur_Dmd_Summary_Raw" TRANSFORMATION_TYPE ="Source Qualifier" TYPE ="TRANSFORMATION">
            <ASSOCIATED_SOURCE_INSTANCE NAME ="Sur_Dmd_Summary_Raw"/>
            <ASSOCIATED_SOURCE_INSTANCE NAME ="Sur_SKU_IPFA"/>
        </INSTANCE>
        <CONNECTOR FROMFIELD ="IPFA_SKU" FROMINSTANCE ="EXP_CALC" FROMINSTANCETYPE ="Expression" TOFIELD ="IPFA_SKU" TOINSTANCE ="Sur_Dmd_Summary" TOINSTANCETYPE ="Target Definition"/>
        <CONNECTOR FROMFIELD ="Disco_Flag" FROMINSTANCE ="EXP_CALC" FROMINSTANCETYPE ="Expression" TOFIELD ="Disco_Flags" TOINSTANCE ="Sur_Dmd_Summary" TOINSTANCETYPE ="Target Definition"/>
        <CONNECTOR FROMFIELD ="Disco_Period" FROMINSTANCE ="EXP_CALC" FROMINSTANCETYPE ="Expression" TOFIELD ="Disco_Period" TOINSTANCE ="Sur_Dmd_Summary" TOINSTANCETYPE ="Target Definition"/>
        <CONNECTOR FROMFIELD ="Rolling_9Mo_Flags" FROMINSTANCE ="EXP_CALC" FROMINSTANCETYPE ="Expression" TOFIELD ="Rolling_9Mo_Flags" TOINSTANCE ="Sur_Dmd_Summary" TOINSTANCETYPE ="Target Definition"/>
        <CONNECTOR FROMFIELD ="YTG_Flags" FROMINSTANCE ="EXP_CALC" FROMINSTANCETYPE ="Expression" TOFIELD ="YTG_Flags" TOINSTANCE ="Sur_Dmd_Summary" TOINSTANCETYPE ="Target Definition"/>
        <CONNECTOR FROMFIELD ="Rolling_6Mo_Flags" FROMINSTANCE ="EXP_CALC" FROMINSTANCETYPE ="Expression" TOFIELD ="Rolling_6Mo_Flags" TOINSTANCE ="Sur_Dmd_Summary" TOINSTANCETYPE ="Target Definition"/>
        <CONNECTOR FROMFIELD ="O_P01" FROMINSTANCE ="EXP_CALC" FROMINSTANCETYPE ="Expression" TOFIELD ="P01" TOINSTANCE ="Sur_Dmd_Summary" TOINSTANCETYPE ="Target Definition"/>
        <CONNECTOR FROMFIELD ="O_P02" FROMINSTANCE ="EXP_CALC" FROMINSTANCETYPE ="Expression" TOFIELD ="P02" TOINSTANCE ="Sur_Dmd_Summary" TOINSTANCETYPE ="Target Definition"/>
        <CONNECTOR FROMFIELD ="O_P03" FROMINSTANCE ="EXP_CALC" FROMINSTANCETYPE ="Expression" TOFIELD ="P03" TOINSTANCE ="Sur_Dmd_Summary" TOINSTANCETYPE ="Target Definition"/>
        <CONNECTOR FROMFIELD ="O_P04" FROMINSTANCE ="EXP_CALC" FROMINSTANCETYPE ="Expression" TOFIELD ="P04" TOINSTANCE ="Sur_Dmd_Summary" TOINSTANCETYPE ="Target Definition"/>
        <CONNECTOR FROMFIELD ="O_P05" FROMINSTANCE ="EXP_CALC" FROMINSTANCETYPE ="Expression" TOFIELD ="P05" TOINSTANCE ="Sur_Dmd_Summary" TOINSTANCETYPE ="Target Definition"/>
        <CONNECTOR FROMFIELD ="O_P06" FROMINSTANCE ="EXP_CALC" FROMINSTANCETYPE ="Expression" TOFIELD ="P06" TOINSTANCE ="Sur_Dmd_Summary" TOINSTANCETYPE ="Target Definition"/>
        <CONNECTOR FROMFIELD ="O_P07" FROMINSTANCE ="EXP_CALC" FROMINSTANCETYPE ="Expression" TOFIELD ="P07" TOINSTANCE ="Sur_Dmd_Summary" TOINSTANCETYPE ="Target Definition"/>
        <CONNECTOR FROMFIELD ="O_P08" FROMINSTANCE ="EXP_CALC" FROMINSTANCETYPE ="Expression" TOFIELD ="P08" TOINSTANCE ="Sur_Dmd_Summary" TOINSTANCETYPE ="Target Definition"/>
        <CONNECTOR FROMFIELD ="O_P09" FROMINSTANCE ="EXP_CALC" FROMINSTANCETYPE ="Expression" TOFIELD ="P09" TOINSTANCE ="Sur_Dmd_Summary" TOINSTANCETYPE ="Target Definition"/>
        <CONNECTOR FROMFIELD ="O_P10" FROMINSTANCE ="EXP_CALC" FROMINSTANCETYPE ="Expression" TOFIELD ="P10" TOINSTANCE ="Sur_Dmd_Summary" TOINSTANCETYPE ="Target Definition"/>
        <CONNECTOR FROMFIELD ="O_P11" FROMINSTANCE ="EXP_CALC" FROMINSTANCETYPE ="Expression" TOFIELD ="P11" TOINSTANCE ="Sur_Dmd_Summary" TOINSTANCETYPE ="Target Definition"/>
        <CONNECTOR FROMFIELD ="O_P12" FROMINSTANCE ="EXP_CALC" FROMINSTANCETYPE ="Expression" TOFIELD ="P12" TOINSTANCE ="Sur_Dmd_Summary" TOINSTANCETYPE ="Target Definition"/>
        <CONNECTOR FROMFIELD ="O_Dmd_Bef_Ddte" FROMINSTANCE ="EXP_CALC" FROMINSTANCETYPE ="Expression" TOFIELD ="Dmd_Bef_DDte" TOINSTANCE ="Sur_Dmd_Summary" TOINSTANCETYPE ="Target Definition"/>
        <CONNECTOR FROMFIELD ="O_Rolling_9Mo" FROMINSTANCE ="EXP_CALC" FROMINSTANCETYPE ="Expression" TOFIELD ="Rolling_9Mo" TOINSTANCE ="Sur_Dmd_Summary" TOINSTANCETYPE ="Target Definition"/>
        <CONNECTOR FROMFIELD ="O_Rolling_6Mo" FROMINSTANCE ="EXP_CALC" FROMINSTANCETYPE ="Expression" TOFIELD ="Rolling_6Mo" TOINSTANCE ="Sur_Dmd_Summary" TOINSTANCETYPE ="Target Definition"/>
        <CONNECTOR FROMFIELD ="O_YTG_Dmd" FROMINSTANCE ="EXP_CALC" FROMINSTANCETYPE ="Expression" TOFIELD ="YTG_Dmd" TOINSTANCE ="Sur_Dmd_Summary" TOINSTANCETYPE ="Target Definition"/>
        <CONNECTOR FROMFIELD ="O_update_userid" FROMINSTANCE ="EXP_CALC" FROMINSTANCETYPE ="Expression" TOFIELD ="update_userid" TOINSTANCE ="Sur_Dmd_Summary" TOINSTANCETYPE ="Target Definition"/>
        <CONNECTOR FROMFIELD ="O_update_timestamp" FROMINSTANCE ="EXP_CALC" FROMINSTANCETYPE ="Expression" TOFIELD ="update_timestamp" TOINSTANCE ="Sur_Dmd_Summary" TOINSTANCETYPE ="Target Definition"/>
        <CONNECTOR FROMFIELD ="IPFA_SKU" FROMINSTANCE ="Sur_Dmd_Summary_Raw" FROMINSTANCETYPE ="Source Definition" TOFIELD ="IPFA_SKU" TOINSTANCE ="SQ_Sur_Dmd_Summary_Raw" TOINSTANCETYPE ="Source Qualifier"/>
        <CONNECTOR FROMFIELD ="Dmd" FROMINSTANCE ="Sur_Dmd_Summary_Raw" FROMINSTANCETYPE ="Source Definition" TOFIELD ="P01" TOINSTANCE ="SQ_Sur_Dmd_Summary_Raw" TOINSTANCETYPE ="Source Qualifier"/>
        <CONNECTOR FROMFIELD ="Sum_Disco" FROMINSTANCE ="Sur_Dmd_Summary_Raw" FROMINSTANCETYPE ="Source Definition" TOFIELD ="Dmd_Bef_DDte" TOINSTANCE ="SQ_Sur_Dmd_Summary_Raw" TOINSTANCETYPE ="Source Qualifier"/>
        <CONNECTOR FROMFIELD ="Sum_YE" FROMINSTANCE ="Sur_Dmd_Summary_Raw" FROMINSTANCETYPE ="Source Definition" TOFIELD ="YTG_Dmd" TOINSTANCE ="SQ_Sur_Dmd_Summary_Raw" TOINSTANCETYPE ="Source Qualifier"/>
        <CONNECTOR FROMFIELD ="Sum_Per9" FROMINSTANCE ="Sur_Dmd_Summary_Raw" FROMINSTANCETYPE ="Source Definition" TOFIELD ="Rolling_9Mo" TOINSTANCE ="SQ_Sur_Dmd_Summary_Raw" TOINSTANCETYPE ="Source Qualifier"/>
        <CONNECTOR FROMFIELD ="Sum_Per6" FROMINSTANCE ="Sur_Dmd_Summary_Raw" FROMINSTANCETYPE ="Source Definition" TOFIELD ="Rolling_6Mo" TOINSTANCE ="SQ_Sur_Dmd_Summary_Raw" TOINSTANCETYPE ="Source Qualifier"/>
        <CONNECTOR FROMFIELD ="Disco_Period" FROMINSTANCE ="Sur_Dmd_Summary_Raw" FROMINSTANCETYPE ="Source Definition" TOFIELD ="Disco_Period" TOINSTANCE ="SQ_Sur_Dmd_Summary_Raw" TOINSTANCETYPE ="Source Qualifier"/>
        <CONNECTOR FROMFIELD ="Disco_Flag" FROMINSTANCE ="Sur_Dmd_Summary_Raw" FROMINSTANCETYPE ="Source Definition" TOFIELD ="Disco_Flags" TOINSTANCE ="SQ_Sur_Dmd_Summary_Raw" TOINSTANCETYPE ="Source Qualifier"/>
        <CONNECTOR FROMFIELD ="Per9_Flag" FROMINSTANCE ="Sur_Dmd_Summary_Raw" FROMINSTANCETYPE ="Source Definition" TOFIELD ="Rolling_9Mo_Flags" TOINSTANCE ="SQ_Sur_Dmd_Summary_Raw" TOINSTANCETYPE ="Source Qualifier"/>
        <CONNECTOR FROMFIELD ="YE_Flag" FROMINSTANCE ="Sur_Dmd_Summary_Raw" FROMINSTANCETYPE ="Source Definition" TOFIELD ="YTG_Flags" TOINSTANCE ="SQ_Sur_Dmd_Summary_Raw" TOINSTANCETYPE ="Source Qualifier"/>
        <CONNECTOR FROMFIELD ="Per6_Flag" FROMINSTANCE ="Sur_Dmd_Summary_Raw" FROMINSTANCETYPE ="Source Definition" TOFIELD ="Rolling_6Mo_Flags" TOINSTANCE ="SQ_Sur_Dmd_Summary_Raw" TOINSTANCETYPE ="Source Qualifier"/>
        <CONNECTOR FROMFIELD ="Dmd" FROMINSTANCE ="Sur_Dmd_Summary_Raw" FROMINSTANCETYPE ="Source Definition" TOFIELD ="P02" TOINSTANCE ="SQ_Sur_Dmd_Summary_Raw" TOINSTANCETYPE ="Source Qualifier"/>
        <CONNECTOR FROMFIELD ="Dmd" FROMINSTANCE ="Sur_Dmd_Summary_Raw" FROMINSTANCETYPE ="Source Definition" TOFIELD ="P03" TOINSTANCE ="SQ_Sur_Dmd_Summary_Raw" TOINSTANCETYPE ="Source Qualifier"/>
        <CONNECTOR FROMFIELD ="Dmd" FROMINSTANCE ="Sur_Dmd_Summary_Raw" FROMINSTANCETYPE ="Source Definition" TOFIELD ="P04" TOINSTANCE ="SQ_Sur_Dmd_Summary_Raw" TOINSTANCETYPE ="Source Qualifier"/>
        <CONNECTOR FROMFIELD ="Dmd" FROMINSTANCE ="Sur_Dmd_Summary_Raw" FROMINSTANCETYPE ="Source Definition" TOFIELD ="P05" TOINSTANCE ="SQ_Sur_Dmd_Summary_Raw" TOINSTANCETYPE ="Source Qualifier"/>
        <CONNECTOR FROMFIELD ="Dmd" FROMINSTANCE ="Sur_Dmd_Summary_Raw" FROMINSTANCETYPE ="Source Definition" TOFIELD ="P06" TOINSTANCE ="SQ_Sur_Dmd_Summary_Raw" TOINSTANCETYPE ="Source Qualifier"/>
        <CONNECTOR FROMFIELD ="Dmd" FROMINSTANCE ="Sur_Dmd_Summary_Raw" FROMINSTANCETYPE ="Source Definition" TOFIELD ="P07" TOINSTANCE ="SQ_Sur_Dmd_Summary_Raw" TOINSTANCETYPE ="Source Qualifier"/>
        <CONNECTOR FROMFIELD ="Dmd" FROMINSTANCE ="Sur_Dmd_Summary_Raw" FROMINSTANCETYPE ="Source Definition" TOFIELD ="P08" TOINSTANCE ="SQ_Sur_Dmd_Summary_Raw" TOINSTANCETYPE ="Source Qualifier"/>
        <CONNECTOR FROMFIELD ="Dmd" FROMINSTANCE ="Sur_Dmd_Summary_Raw" FROMINSTANCETYPE ="Source Definition" TOFIELD ="P09" TOINSTANCE ="SQ_Sur_Dmd_Summary_Raw" TOINSTANCETYPE ="Source Qualifier"/>
        <CONNECTOR FROMFIELD ="Dmd" FROMINSTANCE ="Sur_Dmd_Summary_Raw" FROMINSTANCETYPE ="Source Definition" TOFIELD ="P10" TOINSTANCE ="SQ_Sur_Dmd_Summary_Raw" TOINSTANCETYPE ="Source Qualifier"/>
        <CONNECTOR FROMFIELD ="Dmd" FROMINSTANCE ="Sur_Dmd_Summary_Raw" FROMINSTANCETYPE ="Source Definition" TOFIELD ="P11" TOINSTANCE ="SQ_Sur_Dmd_Summary_Raw" TOINSTANCETYPE ="Source Qualifier"/>
        <CONNECTOR FROMFIELD ="Dmd" FROMINSTANCE ="Sur_Dmd_Summary_Raw" FROMINSTANCETYPE ="Source Definition" TOFIELD ="P12" TOINSTANCE ="SQ_Sur_Dmd_Summary_Raw" TOINSTANCETYPE ="Source Qualifier"/>
        <CONNECTOR FROMFIELD ="Gar_p_Pkg" FROMINSTANCE ="Sur_SKU_IPFA" FROMINSTANCETYPE ="Source Definition" TOFIELD ="Gpp" TOINSTANCE ="SQ_Sur_Dmd_Summary_Raw" TOINSTANCETYPE ="Source Qualifier"/>
        <CONNECTOR FROMFIELD ="IPFA_SKU" FROMINSTANCE ="SQ_Sur_Dmd_Summary_Raw" FROMINSTANCETYPE ="Source Qualifier" TOFIELD ="IPFA_SKU" TOINSTANCE ="EXP_CALC" TOINSTANCETYPE ="Expression"/>
        <CONNECTOR FROMFIELD ="Dmd_Bef_DDte" FROMINSTANCE ="SQ_Sur_Dmd_Summary_Raw" FROMINSTANCETYPE ="Source Qualifier" TOFIELD ="I_Dmd_Bef_DDte" TOINSTANCE ="EXP_CALC" TOINSTANCETYPE ="Expression"/>
        <CONNECTOR FROMFIELD ="YTG_Dmd" FROMINSTANCE ="SQ_Sur_Dmd_Summary_Raw" FROMINSTANCETYPE ="Source Qualifier" TOFIELD ="I_YTG_Dmd" TOINSTANCE ="EXP_CALC" TOINSTANCETYPE ="Expression"/>
        <CONNECTOR FROMFIELD ="Rolling_9Mo" FROMINSTANCE ="SQ_Sur_Dmd_Summary_Raw" FROMINSTANCETYPE ="Source Qualifier" TOFIELD ="I_Rolling_9Mo" TOINSTANCE ="EXP_CALC" TOINSTANCETYPE ="Expression"/>
        <CONNECTOR FROMFIELD ="Rolling_6Mo" FROMINSTANCE ="SQ_Sur_Dmd_Summary_Raw" FROMINSTANCETYPE ="Source Qualifier" TOFIELD ="I_Rolling_6Mo" TOINSTANCE ="EXP_CALC" TOINSTANCETYPE ="Expression"/>
        <CONNECTOR FROMFIELD ="P01" FROMINSTANCE ="SQ_Sur_Dmd_Summary_Raw" FROMINSTANCETYPE ="Source Qualifier" TOFIELD ="I_P01" TOINSTANCE ="EXP_CALC" TOINSTANCETYPE ="Expression"/>
        <CONNECTOR FROMFIELD ="P02" FROMINSTANCE ="SQ_Sur_Dmd_Summary_Raw" FROMINSTANCETYPE ="Source Qualifier" TOFIELD ="I_P02" TOINSTANCE ="EXP_CALC" TOINSTANCETYPE ="Expression"/>
        <CONNECTOR FROMFIELD ="P03" FROMINSTANCE ="SQ_Sur_Dmd_Summary_Raw" FROMINSTANCETYPE ="Source Qualifier" TOFIELD ="I_P03" TOINSTANCE ="EXP_CALC" TOINSTANCETYPE ="Expression"/>
        <CONNECTOR FROMFIELD ="P04" FROMINSTANCE ="SQ_Sur_Dmd_Summary_Raw" FROMINSTANCETYPE ="Source Qualifier" TOFIELD ="I_P04" TOINSTANCE ="EXP_CALC" TOINSTANCETYPE ="Expression"/>
        <CONNECTOR FROMFIELD ="P05" FROMINSTANCE ="SQ_Sur_Dmd_Summary_Raw" FROMINSTANCETYPE ="Source Qualifier" TOFIELD ="I_P05" TOINSTANCE ="EXP_CALC" TOINSTANCETYPE ="Expression"/>
        <CONNECTOR FROMFIELD ="P06" FROMINSTANCE ="SQ_Sur_Dmd_Summary_Raw" FROMINSTANCETYPE ="Source Qualifier" TOFIELD ="I_P06" TOINSTANCE ="EXP_CALC" TOINSTANCETYPE ="Expression"/>
        <CONNECTOR FROMFIELD ="P07" FROMINSTANCE ="SQ_Sur_Dmd_Summary_Raw" FROMINSTANCETYPE ="Source Qualifier" TOFIELD ="I_P07" TOINSTANCE ="EXP_CALC" TOINSTANCETYPE ="Expression"/>
        <CONNECTOR FROMFIELD ="P08" FROMINSTANCE ="SQ_Sur_Dmd_Summary_Raw" FROMINSTANCETYPE ="Source Qualifier" TOFIELD ="I_P08" TOINSTANCE ="EXP_CALC" TOINSTANCETYPE ="Expression"/>
        <CONNECTOR FROMFIELD ="P09" FROMINSTANCE ="SQ_Sur_Dmd_Summary_Raw" FROMINSTANCETYPE ="Source Qualifier" TOFIELD ="I_P09" TOINSTANCE ="EXP_CALC" TOINSTANCETYPE ="Expression"/>
        <CONNECTOR FROMFIELD ="P10" FROMINSTANCE ="SQ_Sur_Dmd_Summary_Raw" FROMINSTANCETYPE ="Source Qualifier" TOFIELD ="I_P10" TOINSTANCE ="EXP_CALC" TOINSTANCETYPE ="Expression"/>
        <CONNECTOR FROMFIELD ="P11" FROMINSTANCE ="SQ_Sur_Dmd_Summary_Raw" FROMINSTANCETYPE ="Source Qualifier" TOFIELD ="I_P11" TOINSTANCE ="EXP_CALC" TOINSTANCETYPE ="Expression"/>
        <CONNECTOR FROMFIELD ="P12" FROMINSTANCE ="SQ_Sur_Dmd_Summary_Raw" FROMINSTANCETYPE ="Source Qualifier" TOFIELD ="I_P12" TOINSTANCE ="EXP_CALC" TOINSTANCETYPE ="Expression"/>
        <CONNECTOR FROMFIELD ="Disco_Flags" FROMINSTANCE ="SQ_Sur_Dmd_Summary_Raw" FROMINSTANCETYPE ="Source Qualifier" TOFIELD ="Disco_Flag" TOINSTANCE ="EXP_CALC" TOINSTANCETYPE ="Expression"/>
        <CONNECTOR FROMFIELD ="Disco_Period" FROMINSTANCE ="SQ_Sur_Dmd_Summary_Raw" FROMINSTANCETYPE ="Source Qualifier" TOFIELD ="Disco_Period" TOINSTANCE ="EXP_CALC" TOINSTANCETYPE ="Expression"/>
        <CONNECTOR FROMFIELD ="Rolling_9Mo_Flags" FROMINSTANCE ="SQ_Sur_Dmd_Summary_Raw" FROMINSTANCETYPE ="Source Qualifier" TOFIELD ="Rolling_9Mo_Flags" TOINSTANCE ="EXP_CALC" TOINSTANCETYPE ="Expression"/>
        <CONNECTOR FROMFIELD ="YTG_Flags" FROMINSTANCE ="SQ_Sur_Dmd_Summary_Raw" FROMINSTANCETYPE ="Source Qualifier" TOFIELD ="YTG_Flags" TOINSTANCE ="EXP_CALC" TOINSTANCETYPE ="Expression"/>
        <CONNECTOR FROMFIELD ="Rolling_6Mo_Flags" FROMINSTANCE ="SQ_Sur_Dmd_Summary_Raw" FROMINSTANCETYPE ="Source Qualifier" TOFIELD ="Rolling_6Mo_Flags" TOINSTANCE ="EXP_CALC" TOINSTANCETYPE ="Expression"/>
        <CONNECTOR FROMFIELD ="Gpp" FROMINSTANCE ="SQ_Sur_Dmd_Summary_Raw" FROMINSTANCETYPE ="Source Qualifier" TOFIELD ="I_Gpp" TOINSTANCE ="EXP_CALC" TOINSTANCETYPE ="Expression"/>
        <TARGETLOADORDER ORDER ="1" TARGETINSTANCE ="Sur_Dmd_Summary"/>
        <ERPINFO/>
        <METADATAEXTENSION DATATYPE ="STRING" DESCRIPTION ="Conversion Mapping Name with version " DOMAINNAME ="User Defined Metadata Domain" ISCLIENTEDITABLE ="YES" ISCLIENTVISIBLE ="YES" ISREUSABLE ="NO" ISSHAREREAD ="NO" ISSHAREWRITE ="NO" MAXLENGTH ="256" NAME ="CONV_MAP_NAME" VALUE ="Surplus_demand_convert_to_rows V1.0" VENDORNAME ="INFORMATICA"/>
    </MAPPING>
    <CONFIG DESCRIPTION ="Default session configuration object" ISDEFAULT ="YES" NAME ="default_session_config" VERSIONNUMBER ="1">
        <ATTRIBUTE NAME ="Advanced" VALUE =""/>
        <ATTRIBUTE NAME ="Constraint based load ordering" VALUE ="NO"/>
        <ATTRIBUTE NAME ="Cache LOOKUP() function" VALUE ="YES"/>
        <ATTRIBUTE NAME ="Default buffer block size" VALUE ="Auto"/>
        <ATTRIBUTE NAME ="Line Sequential buffer length" VALUE ="1024"/>
        <ATTRIBUTE NAME ="Maximum Memory Allowed For Auto Memory Attributes" VALUE ="0"/>
        <ATTRIBUTE NAME ="Maximum Percentage of Total Memory Allowed For Auto Memory Attributes" VALUE ="5"/>
        <ATTRIBUTE NAME ="Additional Concurrent Pipelines for Lookup Cache Creation" VALUE ="0"/>
        <ATTRIBUTE NAME ="Custom Properties" VALUE =""/>
        <ATTRIBUTE NAME ="Pre-build lookup cache" VALUE ="Auto"/>
        <ATTRIBUTE NAME ="Optimization Level" VALUE ="Medium"/>
        <ATTRIBUTE NAME ="DateTime Format String" VALUE ="MM/DD/YYYY HH24:MI:SS.US"/>
        <ATTRIBUTE NAME ="Pre 85 Timestamp Compatibility" VALUE ="NO"/>
        <ATTRIBUTE NAME ="Log Options" VALUE ="0"/>
        <ATTRIBUTE NAME ="Save session log by" VALUE ="Session runs"/>
        <ATTRIBUTE NAME ="Save session log for these runs" VALUE ="9"/>
        <ATTRIBUTE NAME ="Session Log File Max Size" VALUE ="0"/>
        <ATTRIBUTE NAME ="Session Log File Max Time Period" VALUE ="0"/>
        <ATTRIBUTE NAME ="Maximum Partial Session Log Files" VALUE ="1"/>
        <ATTRIBUTE NAME ="Writer Commit Statistics Log Frequency" VALUE ="1"/>
        <ATTRIBUTE NAME ="Writer Commit Statistics Log Interval" VALUE ="0"/>
        <ATTRIBUTE NAME ="Error handling" VALUE =""/>
        <ATTRIBUTE NAME ="Stop on errors" VALUE ="1"/>
        <ATTRIBUTE NAME ="Override tracing" VALUE ="None"/>
        <ATTRIBUTE NAME ="On Stored Procedure error" VALUE ="Stop"/>
        <ATTRIBUTE NAME ="On Pre-session command task error" VALUE ="Stop"/>
        <ATTRIBUTE NAME ="On Pre-Post SQL error" VALUE ="Stop"/>
        <ATTRIBUTE NAME ="Enable Recovery" VALUE ="NO"/>
        <ATTRIBUTE NAME ="Error Log Type" VALUE ="None"/>
        <ATTRIBUTE NAME ="Error Log Table Name Prefix" VALUE =""/>
        <ATTRIBUTE NAME ="Error Log File Name" VALUE ="PMError.log"/>
        <ATTRIBUTE NAME ="Log Source Row Data" VALUE ="NO"/>
        <ATTRIBUTE NAME ="Data Column Delimiter" VALUE ="|"/>
        <ATTRIBUTE NAME ="Partitioning Options" VALUE =""/>
        <ATTRIBUTE NAME ="Dynamic Partitioning" VALUE ="Disabled"/>
        <ATTRIBUTE NAME ="Number of Partitions" VALUE ="1"/>
        <ATTRIBUTE NAME ="Multiplication Factor" VALUE ="Auto"/>
        <ATTRIBUTE NAME ="Session on Grid" VALUE =""/>
        <ATTRIBUTE NAME ="Is Enabled" VALUE ="NO"/>
    </CONFIG>
    <SESSION DESCRIPTION ="Session will truncate and load data into Surplus Demand Summary table" ISVALID ="YES" MAPPINGNAME ="m_SUR_DMD_CONVERT_ROWS" NAME ="s_m_SUR_DMD_CONVERT_ROWS" REUSABLE ="YES" SORTORDER ="Binary" VERSIONNUMBER ="1">
        <SESSTRANSFORMATIONINST ISREPARTITIONPOINT ="YES" PARTITIONTYPE ="PASS THROUGH" PIPELINE ="1" SINSTANCENAME ="Sur_Dmd_Summary" STAGE ="1" TRANSFORMATIONNAME ="Sur_Dmd_Summary" TRANSFORMATIONTYPE ="Target Definition">
            <ATTRIBUTE NAME ="Table Name Prefix" VALUE ="aia"/>
        </SESSTRANSFORMATIONINST>
        <SESSTRANSFORMATIONINST ISREPARTITIONPOINT ="NO" PIPELINE ="0" SINSTANCENAME ="Sur_Dmd_Summary_Raw" STAGE ="0" TRANSFORMATIONNAME ="Sur_Dmd_Summary_Raw" TRANSFORMATIONTYPE ="Source Definition"/>
        <SESSTRANSFORMATIONINST ISREPARTITIONPOINT ="YES" PARTITIONTYPE ="PASS THROUGH" PIPELINE ="1" SINSTANCENAME ="SQ_Sur_Dmd_Summary_Raw" STAGE ="2" TRANSFORMATIONNAME ="SQ_Sur_Dmd_Summary_Raw" TRANSFORMATIONTYPE ="Source Qualifier"/>
        <SESSTRANSFORMATIONINST ISREPARTITIONPOINT ="NO" PIPELINE ="0" SINSTANCENAME ="Sur_SKU_IPFA" STAGE ="0" TRANSFORMATIONNAME ="Sur_SKU_IPFA" TRANSFORMATIONTYPE ="Source Definition"/>
        <SESSTRANSFORMATIONINST ISREPARTITIONPOINT ="NO" PIPELINE ="1" SINSTANCENAME ="EXP_CALC" STAGE ="2" TRANSFORMATIONNAME ="EXP_CALC" TRANSFORMATIONTYPE ="Expression">
            <PARTITION DESCRIPTION ="" NAME ="Partition #1"/>
        </SESSTRANSFORMATIONINST>
        <CONFIGREFERENCE REFOBJECTNAME ="default_session_config" TYPE ="Session config"/>
        <SESSIONEXTENSION NAME ="Relational Writer" SINSTANCENAME ="Sur_Dmd_Summary" SUBTYPE ="Relational Writer" TRANSFORMATIONTYPE ="Target Definition" TYPE ="WRITER">
            <CONNECTIONREFERENCE CNXREFNAME ="DB Connection" CONNECTIONNAME ="bus16_AMSO_IA" CONNECTIONNUMBER ="1" CONNECTIONSUBTYPE ="Microsoft SQL Server" CONNECTIONTYPE ="Relational" VARIABLE =""/>
            <ATTRIBUTE NAME ="Target load type" VALUE ="Normal"/>
            <ATTRIBUTE NAME ="Insert" VALUE ="YES"/>
            <ATTRIBUTE NAME ="Update as Update" VALUE ="NO"/>
            <ATTRIBUTE NAME ="Update as Insert" VALUE ="NO"/>
            <ATTRIBUTE NAME ="Update else Insert" VALUE ="NO"/>
            <ATTRIBUTE NAME ="Delete" VALUE ="NO"/>
            <ATTRIBUTE NAME ="Truncate target table option" VALUE ="YES"/>
            <ATTRIBUTE NAME ="Reject file directory" VALUE ="$PMBadFileDir&#x5c;INVENTORY_ANALYSIS&#x5c;BAD&#x5c;"/>
            <ATTRIBUTE NAME ="Reject filename" VALUE ="s_m_SUR_DMD_CONVERT_ROWS.bad"/>
        </SESSIONEXTENSION>
        <SESSIONEXTENSION DSQINSTNAME ="SQ_Sur_Dmd_Summary_Raw" DSQINSTTYPE ="Source Qualifier" NAME ="Relational Reader" SINSTANCENAME ="Sur_Dmd_Summary_Raw" SUBTYPE ="Relational Reader" TRANSFORMATIONTYPE ="Source Definition" TYPE ="READER"/>
        <SESSIONEXTENSION NAME ="Relational Reader" SINSTANCENAME ="SQ_Sur_Dmd_Summary_Raw" SUBTYPE ="Relational Reader" TRANSFORMATIONTYPE ="Source Qualifier" TYPE ="READER">
            <CONNECTIONREFERENCE CNXREFNAME ="DB Connection" CONNECTIONNAME ="bus16_AMSO_IA" CONNECTIONNUMBER ="1" CONNECTIONSUBTYPE ="Microsoft SQL Server" CONNECTIONTYPE ="Relational" VARIABLE =""/>
        </SESSIONEXTENSION>
        <SESSIONEXTENSION DSQINSTNAME ="SQ_Sur_Dmd_Summary_Raw" DSQINSTTYPE ="Source Qualifier" NAME ="Relational Reader" SINSTANCENAME ="Sur_SKU_IPFA" SUBTYPE ="Relational Reader" TRANSFORMATIONTYPE ="Source Definition" TYPE ="READER"/>
        <ATTRIBUTE NAME ="General Options" VALUE =""/>
        <ATTRIBUTE NAME ="Write Backward Compatible Session Log File" VALUE ="YES"/>
        <ATTRIBUTE NAME ="Session Log File Name" VALUE ="s_m_SUR_DMD_CONVERT_ROWS.log"/>
        <ATTRIBUTE NAME ="Session Log File directory" VALUE ="$PMSessionLogDir&#x5c;INVENTORY_ANALYSIS&#x5c;LOG&#x5c;"/>
        <ATTRIBUTE NAME ="Parameter Filename" VALUE =""/>
        <ATTRIBUTE NAME ="Enable Test Load" VALUE ="NO"/>
        <ATTRIBUTE NAME ="$Source connection value" VALUE =""/>
        <ATTRIBUTE NAME ="$Target connection value" VALUE =""/>
        <ATTRIBUTE NAME ="Treat source rows as" VALUE ="Insert"/>
        <ATTRIBUTE NAME ="Commit Type" VALUE ="Target"/>
        <ATTRIBUTE NAME ="Commit Interval" VALUE ="10000"/>
        <ATTRIBUTE NAME ="Commit On End Of File" VALUE ="YES"/>
        <ATTRIBUTE NAME ="Rollback Transactions on Errors" VALUE ="NO"/>
        <ATTRIBUTE NAME ="Recovery Strategy" VALUE ="Restart task"/>
        <ATTRIBUTE NAME ="Java Classpath" VALUE =""/>
        <ATTRIBUTE NAME ="Performance" VALUE =""/>
        <ATTRIBUTE NAME ="DTM buffer size" VALUE ="Auto"/>
        <ATTRIBUTE NAME ="Collect performance data" VALUE ="NO"/>
        <ATTRIBUTE NAME ="Write performance data to repository" VALUE ="NO"/>
        <ATTRIBUTE NAME ="Incremental Aggregation" VALUE ="NO"/>
        <ATTRIBUTE NAME ="Enable high precision" VALUE ="NO"/>
        <ATTRIBUTE NAME ="Session retry on deadlock" VALUE ="NO"/>
        <ATTRIBUTE NAME ="Pushdown Optimization" VALUE ="None"/>
        <ATTRIBUTE NAME ="Allow Temporary View for Pushdown" VALUE ="NO"/>
        <ATTRIBUTE NAME ="Allow Temporary Sequence for Pushdown" VALUE ="NO"/>
        <ATTRIBUTE NAME ="Allow Pushdown for User Incompatible Connections" VALUE ="NO"/>
        <METADATAEXTENSION DATATYPE ="STRING" DESCRIPTION ="Conversion Mapping  Name with version " DOMAINNAME ="User Defined Metadata Domain" ISCLIENTEDITABLE ="YES" ISCLIENTVISIBLE ="YES" ISREUSABLE ="NO" ISSHAREREAD ="NO" ISSHAREWRITE ="NO" MAXLENGTH ="256" NAME ="CONV_MAP_NAME" VALUE ="Surplus_demand_convert_to_rows v1.0" VENDORNAME ="INFORMATICA"/>
    </SESSION>
    <WORKFLOW DESCRIPTION ="Workflow will run the session s_m_SUR_DMD_CONVERT_ROWS" ISENABLED ="YES" ISRUNNABLESERVICE ="NO" ISSERVICE ="NO" ISVALID ="YES" NAME ="wf_s_m_SUR_DMD_CONVERT_ROWS" REUSABLE_SCHEDULER ="NO" SCHEDULERNAME ="Scheduler" SERVERNAME ="Domain10_PRD_Int_Svc" SERVER_DOMAINNAME ="Domain10_PRD" SUSPEND_ON_ERROR ="NO" TASKS_MUST_RUN_ON_SERVER ="NO" VERSIONNUMBER ="1">
        <SCHEDULER DESCRIPTION ="" NAME ="Scheduler" REUSABLE ="NO" VERSIONNUMBER ="1">
            <SCHEDULEINFO SCHEDULETYPE ="ONDEMAND"/>
        </SCHEDULER>
        <TASK DESCRIPTION ="" NAME ="Start" REUSABLE ="NO" TYPE ="Start" VERSIONNUMBER ="1"/>
        <TASKINSTANCE DESCRIPTION ="Session will truncate and load data into Surplus Demand Summary table" FAIL_PARENT_IF_INSTANCE_DID_NOT_RUN ="YES" FAIL_PARENT_IF_INSTANCE_FAILS ="YES" ISENABLED ="YES" NAME ="s_m_SUR_DMD_CONVERT_ROWS" REUSABLE ="YES" TASKNAME ="s_m_SUR_DMD_CONVERT_ROWS" TASKTYPE ="Session" TREAT_INPUTLINK_AS_AND ="NO"/>
        <TASKINSTANCE DESCRIPTION ="" ISENABLED ="YES" NAME ="Start" REUSABLE ="NO" TASKNAME ="Start" TASKTYPE ="Start"/>
        <WORKFLOWLINK CONDITION ="" FROMTASK ="Start" TOTASK ="s_m_SUR_DMD_CONVERT_ROWS"/>
        <WORKFLOWVARIABLE DATATYPE ="date/time" DEFAULTVALUE ="" DESCRIPTION ="The time this task started" ISNULL ="NO" ISPERSISTENT ="NO" NAME ="$s_m_SUR_DMD_CONVERT_ROWS.StartTime" USERDEFINED ="NO"/>
        <WORKFLOWVARIABLE DATATYPE ="date/time" DEFAULTVALUE ="" DESCRIPTION ="The time this task completed" ISNULL ="NO" ISPERSISTENT ="NO" NAME ="$s_m_SUR_DMD_CONVERT_ROWS.EndTime" USERDEFINED ="NO"/>
        <WORKFLOWVARIABLE DATATYPE ="integer" DEFAULTVALUE ="" DESCRIPTION ="Status of this task&apos;s execution" ISNULL ="NO" ISPERSISTENT ="NO" NAME ="$s_m_SUR_DMD_CONVERT_ROWS.Status" USERDEFINED ="NO"/>
        <WORKFLOWVARIABLE DATATYPE ="integer" DEFAULTVALUE ="" DESCRIPTION ="Status of the previous task that is not disabled" ISNULL ="NO" ISPERSISTENT ="NO" NAME ="$s_m_SUR_DMD_CONVERT_ROWS.PrevTaskStatus" USERDEFINED ="NO"/>
        <WORKFLOWVARIABLE DATATYPE ="integer" DEFAULTVALUE ="" DESCRIPTION ="Error code for this task&apos;s execution" ISNULL ="NO" ISPERSISTENT ="NO" NAME ="$s_m_SUR_DMD_CONVERT_ROWS.ErrorCode" USERDEFINED ="NO"/>
        <WORKFLOWVARIABLE DATATYPE ="string" DEFAULTVALUE ="" DESCRIPTION ="Error message for this task&apos;s execution" ISNULL ="NO" ISPERSISTENT ="NO" NAME ="$s_m_SUR_DMD_CONVERT_ROWS.ErrorMsg" USERDEFINED ="NO"/>
        <WORKFLOWVARIABLE DATATYPE ="integer" DEFAULTVALUE ="" DESCRIPTION ="Rows successfully read" ISNULL ="NO" ISPERSISTENT ="NO" NAME ="$s_m_SUR_DMD_CONVERT_ROWS.SrcSuccessRows" USERDEFINED ="NO"/>
        <WORKFLOWVARIABLE DATATYPE ="integer" DEFAULTVALUE ="" DESCRIPTION ="Rows failed to read" ISNULL ="NO" ISPERSISTENT ="NO" NAME ="$s_m_SUR_DMD_CONVERT_ROWS.SrcFailedRows" USERDEFINED ="NO"/>
        <WORKFLOWVARIABLE DATATYPE ="integer" DEFAULTVALUE ="" DESCRIPTION ="Rows successfully loaded" ISNULL ="NO" ISPERSISTENT ="NO" NAME ="$s_m_SUR_DMD_CONVERT_ROWS.TgtSuccessRows" USERDEFINED ="NO"/>
        <WORKFLOWVARIABLE DATATYPE ="integer" DEFAULTVALUE ="" DESCRIPTION ="Rows failed to load" ISNULL ="NO" ISPERSISTENT ="NO" NAME ="$s_m_SUR_DMD_CONVERT_ROWS.TgtFailedRows" USERDEFINED ="NO"/>
        <WORKFLOWVARIABLE DATATYPE ="integer" DEFAULTVALUE ="" DESCRIPTION ="Total number of transformation errors" ISNULL ="NO" ISPERSISTENT ="NO" NAME ="$s_m_SUR_DMD_CONVERT_ROWS.TotalTransErrors" USERDEFINED ="NO"/>
        <WORKFLOWVARIABLE DATATYPE ="integer" DEFAULTVALUE ="" DESCRIPTION ="First error code" ISNULL ="NO" ISPERSISTENT ="NO" NAME ="$s_m_SUR_DMD_CONVERT_ROWS.FirstErrorCode" USERDEFINED ="NO"/>
        <WORKFLOWVARIABLE DATATYPE ="string" DEFAULTVALUE ="" DESCRIPTION ="First error message" ISNULL ="NO" ISPERSISTENT ="NO" NAME ="$s_m_SUR_DMD_CONVERT_ROWS.FirstErrorMsg" USERDEFINED ="NO"/>
        <WORKFLOWVARIABLE DATATYPE ="date/time" DEFAULTVALUE ="" DESCRIPTION ="The time this task started" ISNULL ="NO" ISPERSISTENT ="NO" NAME ="$Start.StartTime" USERDEFINED ="NO"/>
        <WORKFLOWVARIABLE DATATYPE ="date/time" DEFAULTVALUE ="" DESCRIPTION ="The time this task completed" ISNULL ="NO" ISPERSISTENT ="NO" NAME ="$Start.EndTime" USERDEFINED ="NO"/>
        <WORKFLOWVARIABLE DATATYPE ="integer" DEFAULTVALUE ="" DESCRIPTION ="Status of this task&apos;s execution" ISNULL ="NO" ISPERSISTENT ="NO" NAME ="$Start.Status" USERDEFINED ="NO"/>
        <WORKFLOWVARIABLE DATATYPE ="integer" DEFAULTVALUE ="" DESCRIPTION ="Status of the previous task that is not disabled" ISNULL ="NO" ISPERSISTENT ="NO" NAME ="$Start.PrevTaskStatus" USERDEFINED ="NO"/>
        <WORKFLOWVARIABLE DATATYPE ="integer" DEFAULTVALUE ="" DESCRIPTION ="Error code for this task&apos;s execution" ISNULL ="NO" ISPERSISTENT ="NO" NAME ="$Start.ErrorCode" USERDEFINED ="NO"/>
        <WORKFLOWVARIABLE DATATYPE ="string" DEFAULTVALUE ="" DESCRIPTION ="Error message for this task&apos;s execution" ISNULL ="NO" ISPERSISTENT ="NO" NAME ="$Start.ErrorMsg" USERDEFINED ="NO"/>
        <ATTRIBUTE NAME ="Parameter Filename" VALUE =""/>
        <ATTRIBUTE NAME ="Write Backward Compatible Workflow Log File" VALUE ="YES"/>
        <ATTRIBUTE NAME ="Workflow Log File Name" VALUE ="wf_s_m_SUR_DMD_CONVERT_ROWS.log"/>
        <ATTRIBUTE NAME ="Workflow Log File Directory" VALUE ="$PMWorkflowLogDir&#x5c;INVENTORY_ANALYSIS&#x5c;LOG&#x5c;"/>
        <ATTRIBUTE NAME ="Save Workflow log by" VALUE ="By runs"/>
        <ATTRIBUTE NAME ="Save workflow log for these runs" VALUE ="9"/>
        <ATTRIBUTE NAME ="Service Name" VALUE =""/>
        <ATTRIBUTE NAME ="Service Timeout" VALUE ="0"/>
        <ATTRIBUTE NAME ="Is Service Visible" VALUE ="NO"/>
        <ATTRIBUTE NAME ="Is Service Protected" VALUE ="NO"/>
        <ATTRIBUTE NAME ="Fail task after wait time" VALUE ="0"/>
        <ATTRIBUTE NAME ="Enable HA recovery" VALUE ="NO"/>
        <ATTRIBUTE NAME ="Automatically recover terminated tasks" VALUE ="NO"/>
        <ATTRIBUTE NAME ="Service Level Name" VALUE ="Default"/>
        <ATTRIBUTE NAME ="Allow concurrent run with unique run instance name" VALUE ="NO"/>
        <ATTRIBUTE NAME ="Allow concurrent run with same run instance name" VALUE ="NO"/>
        <ATTRIBUTE NAME ="Maximum number of concurrent runs" VALUE ="0"/>
        <ATTRIBUTE NAME ="Assigned Web Services Hubs" VALUE =""/>
        <ATTRIBUTE NAME ="Maximum number of concurrent runs per Hub" VALUE ="1000"/>
        <ATTRIBUTE NAME ="Expected Service Time" VALUE ="1"/>
        <METADATAEXTENSION DATATYPE ="STRING" DESCRIPTION ="Conversion Mapping Name with version " DOMAINNAME ="User Defined Metadata Domain" ISCLIENTEDITABLE ="YES" ISCLIENTVISIBLE ="YES" ISREUSABLE ="NO" ISSHAREREAD ="NO" ISSHAREWRITE ="NO" MAXLENGTH ="256" NAME ="CONV_MAP_NAME" VALUE ="Surplus_demand_convert_to_rows V1.0" VENDORNAME ="INFORMATICA"/>
        <METADATAEXTENSION DATATYPE ="STRING" DESCRIPTION ="" DOMAINNAME ="User Defined Metadata Domain" ISCLIENTEDITABLE ="YES" ISCLIENTVISIBLE ="YES" ISREUSABLE ="NO" ISSHAREREAD ="NO" ISSHAREWRITE ="NO" MAXLENGTH ="256" NAME ="Extension" VALUE ="CM - MarginLoss - stgMarginLossExpenseToStgFactSalesNew v1.0" VENDORNAME ="INFORMATICA"/>
    </WORKFLOW>
</FOLDER>
</REPOSITORY>
</POWERMART>