<?xml version="1.0" encoding="Windows-1252"?>
<!DOCTYPE POWERMART SYSTEM "powrmart.dtd">
<POWERMART CREATION_DATE="05/20/2024 10:08:43" REPOSITORY_VERSION="187.96">
<REPOSITORY NAME="Domain10_Rep_Svc_Prd" VERSION="187" CODEPAGE="MS1252" DATABASETYPE="Microsoft SQL Server">
<FOLDER NAME="INVENTORY_ANALYSIS" GROUP="" OWNER="Administrator" SHARED="NOTSHARED" DESCRIPTION="" PERMISSIONS="rwx---r--" UUID="27b7fb57-5066-4c7e-aee4-118d44bfa5b6">
    <SOURCE BUSINESSNAME ="" DATABASETYPE ="Flat File" DBDNAME ="Flat_File" DESCRIPTION ="This is a flat file named skus.txt used in inventory analysis project." NAME ="SKUS" OBJECTVERSION ="1" OWNERNAME ="Inventory Analysis" VERSIONNUMBER ="1">
        <FLATFILE CODEPAGE ="US-ASCII" CONSECDELIMITERSASONE ="NO" DELIMITED ="YES" DELIMITERS ="&#x5c;011" ESCAPE_CHARACTER ="" KEEPESCAPECHAR ="NO" LINESEQUENTIAL ="NO" MULTIDELIMITERSASAND ="NO" NULLCHARTYPE ="ASCII" NULL_CHARACTER ="*" PADBYTES ="1" QUOTE_CHARACTER ="DOUBLE" REPEATABLE ="NO" ROWDELIMITER ="0" SHIFTSENSITIVEDATA ="NO" SKIPROWS ="0" STRIPTRAILINGBLANKS ="NO"/>
        <TABLEATTRIBUTE NAME ="Base Table Name" VALUE =""/>
        <TABLEATTRIBUTE NAME ="Search Specification" VALUE =""/>
        <TABLEATTRIBUTE NAME ="Sort Specification" VALUE =""/>
        <TABLEATTRIBUTE NAME ="Datetime Format" VALUE ="A  19 mm/dd/yyyy hh24:mi:ss"/>
        <TABLEATTRIBUTE NAME ="Thousand Separator" VALUE ="None"/>
        <TABLEATTRIBUTE NAME ="Decimal Separator" VALUE ="."/>
        <TABLEATTRIBUTE NAME ="Add Currently Processed Flat File Name Port" VALUE ="NO"/>
        <TABLEATTRIBUTE NAME ="Source TimeStamp" VALUE =""/>
        <SOURCEFIELD BUSINESSNAME ="" DATATYPE ="string" DESCRIPTION ="" FIELDNUMBER ="1" FIELDPROPERTY ="0" FIELDTYPE ="ELEMITEM" HIDDEN ="NO" KEYTYPE ="NOT A KEY" LENGTH ="20" LEVEL ="0" NAME ="SKU" NULLABLE ="NULL" OCCURS ="0" OFFSET ="0" PHYSICALLENGTH ="20" PHYSICALOFFSET ="0" PICTURETEXT ="" PRECISION ="20" SCALE ="0" USAGE_FLAGS =""/>
        <SOURCEFIELD BUSINESSNAME ="" DATATYPE ="string" DESCRIPTION ="" FIELDNUMBER ="2" FIELDPROPERTY ="0" FIELDTYPE ="ELEMITEM" HIDDEN ="NO" KEYTYPE ="NOT A KEY" LENGTH ="5" LEVEL ="0" NAME ="STATUS" NULLABLE ="NULL" OCCURS ="0" OFFSET ="20" PHYSICALLENGTH ="5" PHYSICALOFFSET ="20" PICTURETEXT ="" PRECISION ="5" SCALE ="0" USAGE_FLAGS =""/>
        <SOURCEFIELD BUSINESSNAME ="" DATATYPE ="string" DESCRIPTION ="" FIELDNUMBER ="3" FIELDPROPERTY ="0" FIELDTYPE ="ELEMITEM" HIDDEN ="NO" KEYTYPE ="NOT A KEY" LENGTH ="5" LEVEL ="0" NAME ="SIZEVAL" NULLABLE ="NULL" OCCURS ="0" OFFSET ="25" PHYSICALLENGTH ="5" PHYSICALOFFSET ="25" PICTURETEXT ="" PRECISION ="5" SCALE ="0" USAGE_FLAGS =""/>
        <SOURCEFIELD BUSINESSNAME ="" DATATYPE ="string" DESCRIPTION ="" FIELDNUMBER ="4" FIELDPROPERTY ="0" FIELDTYPE ="ELEMITEM" HIDDEN ="NO" KEYTYPE ="NOT A KEY" LENGTH ="5" LEVEL ="0" NAME ="COLOR" NULLABLE ="NULL" OCCURS ="0" OFFSET ="30" PHYSICALLENGTH ="5" PHYSICALOFFSET ="30" PICTURETEXT ="" PRECISION ="5" SCALE ="0" USAGE_FLAGS =""/>
        <SOURCEFIELD BUSINESSNAME ="" DATATYPE ="string" DESCRIPTION ="" FIELDNUMBER ="5" FIELDPROPERTY ="0" FIELDTYPE ="ELEMITEM" HIDDEN ="NO" KEYTYPE ="NOT A KEY" LENGTH ="10" LEVEL ="0" NAME ="PUTUP" NULLABLE ="NULL" OCCURS ="0" OFFSET ="35" PHYSICALLENGTH ="10" PHYSICALOFFSET ="35" PICTURETEXT ="" PRECISION ="10" SCALE ="0" USAGE_FLAGS =""/>
        <SOURCEFIELD BUSINESSNAME ="" DATATYPE ="string" DESCRIPTION ="" FIELDNUMBER ="6" FIELDPROPERTY ="0" FIELDTYPE ="ELEMITEM" HIDDEN ="NO" KEYTYPE ="NOT A KEY" LENGTH ="5" LEVEL ="0" NAME ="WRAP" NULLABLE ="NULL" OCCURS ="0" OFFSET ="45" PHYSICALLENGTH ="5" PHYSICALOFFSET ="45" PICTURETEXT ="" PRECISION ="5" SCALE ="0" USAGE_FLAGS =""/>
        <SOURCEFIELD BUSINESSNAME ="" DATATYPE ="string" DESCRIPTION ="" FIELDNUMBER ="7" FIELDPROPERTY ="0" FIELDTYPE ="ELEMITEM" HIDDEN ="NO" KEYTYPE ="NOT A KEY" LENGTH ="10" LEVEL ="0" NAME ="UOM" NULLABLE ="NULL" OCCURS ="0" OFFSET ="50" PHYSICALLENGTH ="10" PHYSICALOFFSET ="50" PICTURETEXT ="" PRECISION ="10" SCALE ="0" USAGE_FLAGS =""/>
        <SOURCEFIELD BUSINESSNAME ="" DATATYPE ="string" DESCRIPTION ="" FIELDNUMBER ="8" FIELDPROPERTY ="0" FIELDTYPE ="ELEMITEM" HIDDEN ="NO" KEYTYPE ="NOT A KEY" LENGTH ="10" LEVEL ="0" NAME ="UPC_CODE" NULLABLE ="NULL" OCCURS ="0" OFFSET ="60" PHYSICALLENGTH ="10" PHYSICALOFFSET ="60" PICTURETEXT ="" PRECISION ="10" SCALE ="0" USAGE_FLAGS =""/>
        <SOURCEFIELD BUSINESSNAME ="" DATATYPE ="number" DESCRIPTION ="" FIELDNUMBER ="9" FIELDPROPERTY ="0" FIELDTYPE ="ELEMITEM" HIDDEN ="NO" KEYTYPE ="NOT A KEY" LENGTH ="38" LEVEL ="0" NAME ="UPC_EXCEPTION" NULLABLE ="NULL" OCCURS ="0" OFFSET ="70" PHYSICALLENGTH ="38" PHYSICALOFFSET ="70" PICTURETEXT ="" PRECISION ="38" SCALE ="0" USAGE_FLAGS =""/>
        <SOURCEFIELD BUSINESSNAME ="" DATATYPE ="number" DESCRIPTION ="" FIELDNUMBER ="10" FIELDPROPERTY ="0" FIELDTYPE ="ELEMITEM" HIDDEN ="NO" KEYTYPE ="NOT A KEY" LENGTH ="38" LEVEL ="0" NAME ="AVAILABLE_QUANTITY" NULLABLE ="NULL" OCCURS ="0" OFFSET ="108" PHYSICALLENGTH ="38" PHYSICALOFFSET ="108" PICTURETEXT ="" PRECISION ="38" SCALE ="0" USAGE_FLAGS =""/>
        <SOURCEFIELD BUSINESSNAME ="" DATATYPE ="number" DESCRIPTION ="" FIELDNUMBER ="11" FIELDPROPERTY ="0" FIELDTYPE ="ELEMITEM" HIDDEN ="NO" KEYTYPE ="NOT A KEY" LENGTH ="38" LEVEL ="0" NAME ="EXISTING_TARGET" NULLABLE ="NULL" OCCURS ="0" OFFSET ="146" PHYSICALLENGTH ="38" PHYSICALOFFSET ="146" PICTURETEXT ="" PRECISION ="38" SCALE ="0" USAGE_FLAGS =""/>
        <SOURCEFIELD BUSINESSNAME ="" DATATYPE ="number" DESCRIPTION ="" FIELDNUMBER ="12" FIELDPROPERTY ="0" FIELDTYPE ="ELEMITEM" HIDDEN ="NO" KEYTYPE ="NOT A KEY" LENGTH ="38" LEVEL ="0" NAME ="MAX_BUILD" NULLABLE ="NULL" OCCURS ="0" OFFSET ="184" PHYSICALLENGTH ="38" PHYSICALOFFSET ="184" PICTURETEXT ="" PRECISION ="38" SCALE ="0" USAGE_FLAGS =""/>
        <SOURCEFIELD BUSINESSNAME ="" DATATYPE ="number" DESCRIPTION ="" FIELDNUMBER ="13" FIELDPROPERTY ="0" FIELDTYPE ="ELEMITEM" HIDDEN ="NO" KEYTYPE ="NOT A KEY" LENGTH ="38" LEVEL ="0" NAME ="TARGET_PERCENTAGE" NULLABLE ="NULL" OCCURS ="0" OFFSET ="222" PHYSICALLENGTH ="38" PHYSICALOFFSET ="222" PICTURETEXT ="" PRECISION ="38" SCALE ="0" USAGE_FLAGS =""/>
        <SOURCEFIELD BUSINESSNAME ="" DATATYPE ="number" DESCRIPTION ="" FIELDNUMBER ="14" FIELDPROPERTY ="0" FIELDTYPE ="ELEMITEM" HIDDEN ="NO" KEYTYPE ="NOT A KEY" LENGTH ="38" LEVEL ="0" NAME ="MAXIMUM_PERCENT" NULLABLE ="NULL" OCCURS ="0" OFFSET ="260" PHYSICALLENGTH ="38" PHYSICALOFFSET ="260" PICTURETEXT ="" PRECISION ="38" SCALE ="0" USAGE_FLAGS =""/>
        <SOURCEFIELD BUSINESSNAME ="" DATATYPE ="string" DESCRIPTION ="" FIELDNUMBER ="15" FIELDPROPERTY ="0" FIELDTYPE ="ELEMITEM" HIDDEN ="NO" KEYTYPE ="NOT A KEY" LENGTH ="19" LEVEL ="0" NAME ="PLAN_CREATED_DATE" NULLABLE ="NULL" OCCURS ="0" OFFSET ="298" PHYSICALLENGTH ="19" PHYSICALOFFSET ="298" PICTURETEXT ="" PRECISION ="19" SCALE ="0" USAGE_FLAGS =""/>
        <SOURCEFIELD BUSINESSNAME ="" DATATYPE ="string" DESCRIPTION ="" FIELDNUMBER ="16" FIELDPROPERTY ="0" FIELDTYPE ="ELEMITEM" HIDDEN ="NO" KEYTYPE ="NOT A KEY" LENGTH ="19" LEVEL ="0" NAME ="CY_START_DATE_LASTINV" NULLABLE ="NULL" OCCURS ="0" OFFSET ="317" PHYSICALLENGTH ="19" PHYSICALOFFSET ="317" PICTURETEXT ="" PRECISION ="19" SCALE ="0" USAGE_FLAGS =""/>
        <SOURCEFIELD BUSINESSNAME ="" DATATYPE ="string" DESCRIPTION ="" FIELDNUMBER ="17" FIELDPROPERTY ="0" FIELDTYPE ="ELEMITEM" HIDDEN ="NO" KEYTYPE ="NOT A KEY" LENGTH ="19" LEVEL ="0" NAME ="CY_START_DATE_LASTORDER" NULLABLE ="NULL" OCCURS ="0" OFFSET ="336" PHYSICALLENGTH ="19" PHYSICALOFFSET ="336" PICTURETEXT ="" PRECISION ="19" SCALE ="0" USAGE_FLAGS =""/>
        <SOURCEFIELD BUSINESSNAME ="" DATATYPE ="string" DESCRIPTION ="" FIELDNUMBER ="18" FIELDPROPERTY ="0" FIELDTYPE ="ELEMITEM" HIDDEN ="NO" KEYTYPE ="NOT A KEY" LENGTH ="20" LEVEL ="0" NAME ="COLLECTOR" NULLABLE ="NULL" OCCURS ="0" OFFSET ="355" PHYSICALLENGTH ="20" PHYSICALOFFSET ="355" PICTURETEXT ="" PRECISION ="20" SCALE ="0" USAGE_FLAGS =""/>
        <SOURCEFIELD BUSINESSNAME ="" DATATYPE ="string" DESCRIPTION ="" FIELDNUMBER ="19" FIELDPROPERTY ="0" FIELDTYPE ="ELEMITEM" HIDDEN ="NO" KEYTYPE ="NOT A KEY" LENGTH ="10" LEVEL ="0" NAME ="MILL_STYLE" NULLABLE ="NULL" OCCURS ="0" OFFSET ="375" PHYSICALLENGTH ="10" PHYSICALOFFSET ="375" PICTURETEXT ="" PRECISION ="10" SCALE ="0" USAGE_FLAGS =""/>
        <SOURCEFIELD BUSINESSNAME ="" DATATYPE ="string" DESCRIPTION ="" FIELDNUMBER ="20" FIELDPROPERTY ="0" FIELDTYPE ="ELEMITEM" HIDDEN ="NO" KEYTYPE ="NOT A KEY" LENGTH ="10" LEVEL ="0" NAME ="BRAND_STYLE" NULLABLE ="NULL" OCCURS ="0" OFFSET ="385" PHYSICALLENGTH ="10" PHYSICALOFFSET ="385" PICTURETEXT ="" PRECISION ="10" SCALE ="0" USAGE_FLAGS =""/>
        <SOURCEFIELD BUSINESSNAME ="" DATATYPE ="string" DESCRIPTION ="" FIELDNUMBER ="21" FIELDPROPERTY ="0" FIELDTYPE ="ELEMITEM" HIDDEN ="NO" KEYTYPE ="NOT A KEY" LENGTH ="10" LEVEL ="0" NAME ="BRAND_CLASS" NULLABLE ="NULL" OCCURS ="0" OFFSET ="395" PHYSICALLENGTH ="10" PHYSICALOFFSET ="395" PICTURETEXT ="" PRECISION ="10" SCALE ="0" USAGE_FLAGS =""/>
        <SOURCEFIELD BUSINESSNAME ="" DATATYPE ="string" DESCRIPTION ="" FIELDNUMBER ="22" FIELDPROPERTY ="0" FIELDTYPE ="ELEMITEM" HIDDEN ="NO" KEYTYPE ="NOT A KEY" LENGTH ="10" LEVEL ="0" NAME ="BRAND_GENDER" NULLABLE ="NULL" OCCURS ="0" OFFSET ="405" PHYSICALLENGTH ="10" PHYSICALOFFSET ="405" PICTURETEXT ="" PRECISION ="10" SCALE ="0" USAGE_FLAGS =""/>
        <SOURCEFIELD BUSINESSNAME ="" DATATYPE ="string" DESCRIPTION ="" FIELDNUMBER ="23" FIELDPROPERTY ="0" FIELDTYPE ="ELEMITEM" HIDDEN ="NO" KEYTYPE ="NOT A KEY" LENGTH ="10" LEVEL ="0" NAME ="BRAND_PRODUCT_LINE" NULLABLE ="NULL" OCCURS ="0" OFFSET ="415" PHYSICALLENGTH ="10" PHYSICALOFFSET ="415" PICTURETEXT ="" PRECISION ="10" SCALE ="0" USAGE_FLAGS =""/>
        <SOURCEFIELD BUSINESSNAME ="" DATATYPE ="string" DESCRIPTION ="" FIELDNUMBER ="24" FIELDPROPERTY ="0" FIELDTYPE ="ELEMITEM" HIDDEN ="NO" KEYTYPE ="NOT A KEY" LENGTH ="10" LEVEL ="0" NAME ="BRAND_TYPE" NULLABLE ="NULL" OCCURS ="0" OFFSET ="425" PHYSICALLENGTH ="10" PHYSICALOFFSET ="425" PICTURETEXT ="" PRECISION ="10" SCALE ="0" USAGE_FLAGS =""/>
        <SOURCEFIELD BUSINESSNAME ="" DATATYPE ="string" DESCRIPTION ="" FIELDNUMBER ="25" FIELDPROPERTY ="0" FIELDTYPE ="ELEMITEM" HIDDEN ="NO" KEYTYPE ="NOT A KEY" LENGTH ="10" LEVEL ="0" NAME ="BRAND_CATEGORY" NULLABLE ="NULL" OCCURS ="0" OFFSET ="435" PHYSICALLENGTH ="10" PHYSICALOFFSET ="435" PICTURETEXT ="" PRECISION ="10" SCALE ="0" USAGE_FLAGS =""/>
        <SOURCEFIELD BUSINESSNAME ="" DATATYPE ="string" DESCRIPTION ="" FIELDNUMBER ="26" FIELDPROPERTY ="0" FIELDTYPE ="ELEMITEM" HIDDEN ="NO" KEYTYPE ="NOT A KEY" LENGTH ="10" LEVEL ="0" NAME ="BRAND_PARENT" NULLABLE ="NULL" OCCURS ="0" OFFSET ="445" PHYSICALLENGTH ="10" PHYSICALOFFSET ="445" PICTURETEXT ="" PRECISION ="10" SCALE ="0" USAGE_FLAGS =""/>
        <SOURCEFIELD BUSINESSNAME ="" DATATYPE ="string" DESCRIPTION ="" FIELDNUMBER ="27" FIELDPROPERTY ="0" FIELDTYPE ="ELEMITEM" HIDDEN ="NO" KEYTYPE ="NOT A KEY" LENGTH ="19" LEVEL ="0" NAME ="CYCLE_START" NULLABLE ="NULL" OCCURS ="0" OFFSET ="455" PHYSICALLENGTH ="19" PHYSICALOFFSET ="455" PICTURETEXT ="" PRECISION ="19" SCALE ="0" USAGE_FLAGS =""/>
        <SOURCEFIELD BUSINESSNAME ="" DATATYPE ="number" DESCRIPTION ="" FIELDNUMBER ="28" FIELDPROPERTY ="0" FIELDTYPE ="ELEMITEM" HIDDEN ="NO" KEYTYPE ="NOT A KEY" LENGTH ="38" LEVEL ="0" NAME ="SKU_OH_INV" NULLABLE ="NULL" OCCURS ="0" OFFSET ="474" PHYSICALLENGTH ="38" PHYSICALOFFSET ="474" PICTURETEXT ="" PRECISION ="38" SCALE ="0" USAGE_FLAGS =""/>
        <SOURCEFIELD BUSINESSNAME ="" DATATYPE ="number" DESCRIPTION ="" FIELDNUMBER ="29" FIELDPROPERTY ="0" FIELDTYPE ="ELEMITEM" HIDDEN ="NO" KEYTYPE ="NOT A KEY" LENGTH ="38" LEVEL ="0" NAME ="SKU_WIP" NULLABLE ="NULL" OCCURS ="0" OFFSET ="512" PHYSICALLENGTH ="38" PHYSICALOFFSET ="512" PICTURETEXT ="" PRECISION ="38" SCALE ="0" USAGE_FLAGS =""/>
    </SOURCE>
    <TARGET BUSINESSNAME ="" CONSTRAINT ="" DATABASETYPE ="Oracle" DESCRIPTION ="" NAME ="STG_SOCKSPLANNER_MAXBUILDTIL" OBJECTVERSION ="1" TABLEOPTIONS ="" VERSIONNUMBER ="1">
        <TARGETFIELD BUSINESSNAME ="" DATATYPE ="varchar2" DESCRIPTION ="" FIELDNUMBER ="1" KEYTYPE ="NOT A KEY" NAME ="LEGACY_SOURCE" NULLABLE ="NOTNULL" PICTURETEXT ="" PRECISION ="10" SCALE ="0"/>
        <TARGETFIELD BUSINESSNAME ="" DATATYPE ="varchar2" DESCRIPTION ="" FIELDNUMBER ="2" KEYTYPE ="NOT A KEY" NAME ="SKU" NULLABLE ="NULL" PICTURETEXT ="" PRECISION ="20" SCALE ="0"/>
        <TARGETFIELD BUSINESSNAME ="" DATATYPE ="varchar2" DESCRIPTION ="" FIELDNUMBER ="3" KEYTYPE ="NOT A KEY" NAME ="STATUS" NULLABLE ="NULL" PICTURETEXT ="" PRECISION ="5" SCALE ="0"/>
        <TARGETFIELD BUSINESSNAME ="" DATATYPE ="varchar2" DESCRIPTION ="" FIELDNUMBER ="4" KEYTYPE ="NOT A KEY" NAME ="SIZEVAL" NULLABLE ="NULL" PICTURETEXT ="" PRECISION ="5" SCALE ="0"/>
        <TARGETFIELD BUSINESSNAME ="" DATATYPE ="varchar2" DESCRIPTION ="" FIELDNUMBER ="5" KEYTYPE ="NOT A KEY" NAME ="COLOR" NULLABLE ="NULL" PICTURETEXT ="" PRECISION ="5" SCALE ="0"/>
        <TARGETFIELD BUSINESSNAME ="" DATATYPE ="varchar2" DESCRIPTION ="" FIELDNUMBER ="6" KEYTYPE ="NOT A KEY" NAME ="PUTUP" NULLABLE ="NULL" PICTURETEXT ="" PRECISION ="10" SCALE ="0"/>
        <TARGETFIELD BUSINESSNAME ="" DATATYPE ="varchar2" DESCRIPTION ="" FIELDNUMBER ="7" KEYTYPE ="NOT A KEY" NAME ="WRAP" NULLABLE ="NULL" PICTURETEXT ="" PRECISION ="5" SCALE ="0"/>
        <TARGETFIELD BUSINESSNAME ="" DATATYPE ="varchar2" DESCRIPTION ="" FIELDNUMBER ="8" KEYTYPE ="NOT A KEY" NAME ="UOM" NULLABLE ="NULL" PICTURETEXT ="" PRECISION ="10" SCALE ="0"/>
        <TARGETFIELD BUSINESSNAME ="" DATATYPE ="varchar2" DESCRIPTION ="" FIELDNUMBER ="9" KEYTYPE ="NOT A KEY" NAME ="UPC_CODE" NULLABLE ="NULL" PICTURETEXT ="" PRECISION ="10" SCALE ="0"/>
        <TARGETFIELD BUSINESSNAME ="" DATATYPE ="number(p,s)" DESCRIPTION ="" FIELDNUMBER ="10" KEYTYPE ="NOT A KEY" NAME ="UPC_EXCEPTION" NULLABLE ="NULL" PICTURETEXT ="" PRECISION ="38" SCALE ="0"/>
        <TARGETFIELD BUSINESSNAME ="" DATATYPE ="number(p,s)" DESCRIPTION ="" FIELDNUMBER ="11" KEYTYPE ="NOT A KEY" NAME ="AVAILABLE_QUANTITY" NULLABLE ="NULL" PICTURETEXT ="" PRECISION ="38" SCALE ="0"/>
        <TARGETFIELD BUSINESSNAME ="" DATATYPE ="number(p,s)" DESCRIPTION ="" FIELDNUMBER ="12" KEYTYPE ="NOT A KEY" NAME ="EXISTING_TARGET" NULLABLE ="NULL" PICTURETEXT ="" PRECISION ="38" SCALE ="0"/>
        <TARGETFIELD BUSINESSNAME ="" DATATYPE ="number(p,s)" DESCRIPTION ="" FIELDNUMBER ="13" KEYTYPE ="NOT A KEY" NAME ="MAX_BUILD" NULLABLE ="NULL" PICTURETEXT ="" PRECISION ="38" SCALE ="0"/>
        <TARGETFIELD BUSINESSNAME ="" DATATYPE ="number(p,s)" DESCRIPTION ="" FIELDNUMBER ="14" KEYTYPE ="NOT A KEY" NAME ="TARGET_PERCENTAGE" NULLABLE ="NULL" PICTURETEXT ="" PRECISION ="38" SCALE ="0"/>
        <TARGETFIELD BUSINESSNAME ="" DATATYPE ="number(p,s)" DESCRIPTION ="" FIELDNUMBER ="15" KEYTYPE ="NOT A KEY" NAME ="MAXIMUM_PERCENT" NULLABLE ="NULL" PICTURETEXT ="" PRECISION ="38" SCALE ="0"/>
        <TARGETFIELD BUSINESSNAME ="" DATATYPE ="date" DESCRIPTION ="" FIELDNUMBER ="16" KEYTYPE ="NOT A KEY" NAME ="PLAN_CREATED_DATE" NULLABLE ="NULL" PICTURETEXT ="" PRECISION ="19" SCALE ="0"/>
        <TARGETFIELD BUSINESSNAME ="" DATATYPE ="date" DESCRIPTION ="" FIELDNUMBER ="17" KEYTYPE ="NOT A KEY" NAME ="CY_START_DATE_LASTINV" NULLABLE ="NULL" PICTURETEXT ="" PRECISION ="19" SCALE ="0"/>
        <TARGETFIELD BUSINESSNAME ="" DATATYPE ="date" DESCRIPTION ="" FIELDNUMBER ="18" KEYTYPE ="NOT A KEY" NAME ="CY_START_DATE_LASTORDER" NULLABLE ="NULL" PICTURETEXT ="" PRECISION ="19" SCALE ="0"/>
        <TARGETFIELD BUSINESSNAME ="" DATATYPE ="varchar2" DESCRIPTION ="" FIELDNUMBER ="19" KEYTYPE ="NOT A KEY" NAME ="COLLECTOR" NULLABLE ="NULL" PICTURETEXT ="" PRECISION ="20" SCALE ="0"/>
        <TARGETFIELD BUSINESSNAME ="" DATATYPE ="varchar2" DESCRIPTION ="" FIELDNUMBER ="20" KEYTYPE ="NOT A KEY" NAME ="MILL_STYLE" NULLABLE ="NULL" PICTURETEXT ="" PRECISION ="10" SCALE ="0"/>
        <TARGETFIELD BUSINESSNAME ="" DATATYPE ="varchar2" DESCRIPTION ="" FIELDNUMBER ="21" KEYTYPE ="NOT A KEY" NAME ="BRAND_STYLE" NULLABLE ="NULL" PICTURETEXT ="" PRECISION ="10" SCALE ="0"/>
        <TARGETFIELD BUSINESSNAME ="" DATATYPE ="varchar2" DESCRIPTION ="" FIELDNUMBER ="22" KEYTYPE ="NOT A KEY" NAME ="BRAND_CLASS" NULLABLE ="NULL" PICTURETEXT ="" PRECISION ="10" SCALE ="0"/>
        <TARGETFIELD BUSINESSNAME ="" DATATYPE ="varchar2" DESCRIPTION ="" FIELDNUMBER ="23" KEYTYPE ="NOT A KEY" NAME ="BRAND_GENDER" NULLABLE ="NULL" PICTURETEXT ="" PRECISION ="10" SCALE ="0"/>
        <TARGETFIELD BUSINESSNAME ="" DATATYPE ="varchar2" DESCRIPTION ="" FIELDNUMBER ="24" KEYTYPE ="NOT A KEY" NAME ="BRAND_PRODUCT_LINE" NULLABLE ="NULL" PICTURETEXT ="" PRECISION ="10" SCALE ="0"/>
        <TARGETFIELD BUSINESSNAME ="" DATATYPE ="varchar2" DESCRIPTION ="" FIELDNUMBER ="25" KEYTYPE ="NOT A KEY" NAME ="BRAND_TYPE" NULLABLE ="NULL" PICTURETEXT ="" PRECISION ="10" SCALE ="0"/>
        <TARGETFIELD BUSINESSNAME ="" DATATYPE ="varchar2" DESCRIPTION ="" FIELDNUMBER ="26" KEYTYPE ="NOT A KEY" NAME ="BRAND_CATEGORY" NULLABLE ="NULL" PICTURETEXT ="" PRECISION ="10" SCALE ="0"/>
        <TARGETFIELD BUSINESSNAME ="" DATATYPE ="varchar2" DESCRIPTION ="" FIELDNUMBER ="27" KEYTYPE ="NOT A KEY" NAME ="BRAND_PARENT" NULLABLE ="NULL" PICTURETEXT ="" PRECISION ="10" SCALE ="0"/>
        <TARGETFIELD BUSINESSNAME ="" DATATYPE ="date" DESCRIPTION ="" FIELDNUMBER ="28" KEYTYPE ="NOT A KEY" NAME ="CYCLE_START" NULLABLE ="NULL" PICTURETEXT ="" PRECISION ="19" SCALE ="0"/>
        <TARGETFIELD BUSINESSNAME ="" DATATYPE ="number(p,s)" DESCRIPTION ="" FIELDNUMBER ="29" KEYTYPE ="NOT A KEY" NAME ="SKU_OH_INV" NULLABLE ="NULL" PICTURETEXT ="" PRECISION ="38" SCALE ="0"/>
        <TARGETFIELD BUSINESSNAME ="" DATATYPE ="number(p,s)" DESCRIPTION ="" FIELDNUMBER ="30" KEYTYPE ="NOT A KEY" NAME ="SKU_WIP" NULLABLE ="NULL" PICTURETEXT ="" PRECISION ="38" SCALE ="0"/>
        <TARGETFIELD BUSINESSNAME ="" DATATYPE ="varchar2" DESCRIPTION ="" FIELDNUMBER ="31" KEYTYPE ="NOT A KEY" NAME ="PROCESS_FLAG" NULLABLE ="NULL" PICTURETEXT ="" PRECISION ="1" SCALE ="0"/>
        <TARGETFIELD BUSINESSNAME ="" DATATYPE ="date" DESCRIPTION ="" FIELDNUMBER ="32" KEYTYPE ="NOT A KEY" NAME ="CREATE_DATE" NULLABLE ="NOTNULL" PICTURETEXT ="" PRECISION ="19" SCALE ="0"/>
        <TARGETFIELD BUSINESSNAME ="" DATATYPE ="varchar2" DESCRIPTION ="" FIELDNUMBER ="33" KEYTYPE ="NOT A KEY" NAME ="CREATE_USERID" NULLABLE ="NOTNULL" PICTURETEXT ="" PRECISION ="30" SCALE ="0"/>
        <TARGETFIELD BUSINESSNAME ="" DATATYPE ="date" DESCRIPTION ="" FIELDNUMBER ="34" KEYTYPE ="NOT A KEY" NAME ="UPDATE_DATE" NULLABLE ="NULL" PICTURETEXT ="" PRECISION ="19" SCALE ="0"/>
        <TARGETFIELD BUSINESSNAME ="" DATATYPE ="varchar2" DESCRIPTION ="" FIELDNUMBER ="35" KEYTYPE ="NOT A KEY" NAME ="UPDATE_USERID" NULLABLE ="NULL" PICTURETEXT ="" PRECISION ="30" SCALE ="0"/>
    </TARGET>
    <TARGET BUSINESSNAME ="" CONSTRAINT ="" DATABASETYPE ="Oracle" DESCRIPTION ="" NAME ="INFO_ETL_CNTL_TBL" OBJECTVERSION ="1" TABLEOPTIONS ="" VERSIONNUMBER ="1">
        <TARGETFIELD BUSINESSNAME ="" DATATYPE ="varchar2" DESCRIPTION ="" FIELDNUMBER ="1" KEYTYPE ="NOT A KEY" NAME ="SUBJECT_AREA" NULLABLE ="NULL" PICTURETEXT ="" PRECISION ="50" SCALE ="0"/>
        <TARGETFIELD BUSINESSNAME ="" DATATYPE ="varchar2" DESCRIPTION ="" FIELDNUMBER ="2" KEYTYPE ="NOT A KEY" NAME ="SRC_SYS_NAME" NULLABLE ="NULL" PICTURETEXT ="" PRECISION ="50" SCALE ="0"/>
        <TARGETFIELD BUSINESSNAME ="" DATATYPE ="varchar2" DESCRIPTION ="" FIELDNUMBER ="3" KEYTYPE ="PRIMARY KEY" NAME ="TGT_SYS_NAME" NULLABLE ="NOTNULL" PICTURETEXT ="" PRECISION ="50" SCALE ="0"/>
        <TARGETFIELD BUSINESSNAME ="" DATATYPE ="varchar2" DESCRIPTION ="" FIELDNUMBER ="4" KEYTYPE ="NOT A KEY" NAME ="SRC_TABLE_NAME" NULLABLE ="NULL" PICTURETEXT ="" PRECISION ="50" SCALE ="0"/>
        <TARGETFIELD BUSINESSNAME ="" DATATYPE ="varchar2" DESCRIPTION ="" FIELDNUMBER ="5" KEYTYPE ="PRIMARY KEY" NAME ="TGT_TABLE_NAME" NULLABLE ="NOTNULL" PICTURETEXT ="" PRECISION ="50" SCALE ="0"/>
        <TARGETFIELD BUSINESSNAME ="" DATATYPE ="varchar2" DESCRIPTION ="" FIELDNUMBER ="6" KEYTYPE ="PRIMARY KEY" NAME ="INFO_FOLDER_NAME" NULLABLE ="NOTNULL" PICTURETEXT ="" PRECISION ="50" SCALE ="0"/>
        <TARGETFIELD BUSINESSNAME ="" DATATYPE ="varchar2" DESCRIPTION ="" FIELDNUMBER ="7" KEYTYPE ="PRIMARY KEY" NAME ="INFO_MAP_NAME" NULLABLE ="NOTNULL" PICTURETEXT ="" PRECISION ="50" SCALE ="0"/>
        <TARGETFIELD BUSINESSNAME ="" DATATYPE ="varchar2" DESCRIPTION ="" FIELDNUMBER ="8" KEYTYPE ="NOT A KEY" NAME ="PRED_MAP_NAME" NULLABLE ="NULL" PICTURETEXT ="" PRECISION ="50" SCALE ="0"/>
        <TARGETFIELD BUSINESSNAME ="" DATATYPE ="varchar2" DESCRIPTION ="" FIELDNUMBER ="9" KEYTYPE ="NOT A KEY" NAME ="TGT_TABLE_COL_NM" NULLABLE ="NULL" PICTURETEXT ="" PRECISION ="50" SCALE ="0"/>
        <TARGETFIELD BUSINESSNAME ="" DATATYPE ="varchar2" DESCRIPTION ="" FIELDNUMBER ="10" KEYTYPE ="NOT A KEY" NAME ="TGT_TABLE_COL_VAL" NULLABLE ="NULL" PICTURETEXT ="" PRECISION ="12" SCALE ="0"/>
        <TARGETFIELD BUSINESSNAME ="" DATATYPE ="varchar2" DESCRIPTION ="" FIELDNUMBER ="11" KEYTYPE ="NOT A KEY" NAME ="BAL_STRATEGY" NULLABLE ="NULL" PICTURETEXT ="" PRECISION ="50" SCALE ="0"/>
        <TARGETFIELD BUSINESSNAME ="" DATATYPE ="number(p,s)" DESCRIPTION ="" FIELDNUMBER ="12" KEYTYPE ="NOT A KEY" NAME ="SRC_VAL" NULLABLE ="NULL" PICTURETEXT ="" PRECISION ="12" SCALE ="0"/>
        <TARGETFIELD BUSINESSNAME ="" DATATYPE ="number(p,s)" DESCRIPTION ="" FIELDNUMBER ="13" KEYTYPE ="NOT A KEY" NAME ="TGT_VAL" NULLABLE ="NULL" PICTURETEXT ="" PRECISION ="12" SCALE ="0"/>
        <TARGETFIELD BUSINESSNAME ="" DATATYPE ="varchar2" DESCRIPTION ="" FIELDNUMBER ="14" KEYTYPE ="NOT A KEY" NAME ="STATUS_YN" NULLABLE ="NULL" PICTURETEXT ="" PRECISION ="1" SCALE ="0"/>
        <TARGETFIELD BUSINESSNAME ="" DATATYPE ="date" DESCRIPTION ="" FIELDNUMBER ="15" KEYTYPE ="PRIMARY KEY" NAME ="MAP_RUN_DT" NULLABLE ="NOTNULL" PICTURETEXT ="" PRECISION ="19" SCALE ="0"/>
        <TARGETFIELD BUSINESSNAME ="" DATATYPE ="varchar2" DESCRIPTION ="" FIELDNUMBER ="16" KEYTYPE ="NOT A KEY" NAME ="UPDATE_USERID" NULLABLE ="NULL" PICTURETEXT ="" PRECISION ="40" SCALE ="0"/>
        <TARGETFIELD BUSINESSNAME ="" DATATYPE ="date" DESCRIPTION ="" FIELDNUMBER ="17" KEYTYPE ="NOT A KEY" NAME ="UPDATE_TIMESTAMP" NULLABLE ="NULL" PICTURETEXT ="" PRECISION ="19" SCALE ="0"/>
        <TARGETFIELD BUSINESSNAME ="" DATATYPE ="varchar2" DESCRIPTION ="" FIELDNUMBER ="18" KEYTYPE ="NOT A KEY" NAME ="MAP_DESCP" NULLABLE ="NULL" PICTURETEXT ="" PRECISION ="256" SCALE ="0"/>
    </TARGET>
    <MAPPING DESCRIPTION ="This mapping loads the data from the flat file source SKUS.txt to the staging table stg_socksplanner_maxbuildtil" ISVALID ="YES" NAME ="m_STG_SOCKSPLAN_MAXBLDTIL" OBJECTVERSION ="1" VERSIONNUMBER ="1">
        <TRANSFORMATION DESCRIPTION ="This trasformation is used to count the number of source rows" NAME ="AGG_SOURCE_COUNT" OBJECTVERSION ="1" REUSABLE ="NO" TYPE ="Aggregator" VERSIONNUMBER ="1">
            <TRANSFORMFIELD DATATYPE ="decimal" DEFAULTVALUE ="" DESCRIPTION ="" EXPRESSION ="I_COUNT" EXPRESSIONTYPE ="GROUPBY" NAME ="I_COUNT" PICTURETEXT ="" PORTTYPE ="INPUT" PRECISION ="15" SCALE ="0"/>
            <TRANSFORMFIELD DATATYPE ="decimal" DEFAULTVALUE ="ERROR(&apos;transformation error&apos;)" DESCRIPTION ="" EXPRESSION ="SUM(I_COUNT)" EXPRESSIONTYPE ="GENERAL" NAME ="O_COUNT" PICTURETEXT ="" PORTTYPE ="OUTPUT" PRECISION ="15" SCALE ="0"/>
            <TABLEATTRIBUTE NAME ="Cache Directory" VALUE ="$PMCacheDir"/>
            <TABLEATTRIBUTE NAME ="Tracing Level" VALUE ="Normal"/>
            <TABLEATTRIBUTE NAME ="Sorted Input" VALUE ="NO"/>
            <TABLEATTRIBUTE NAME ="Aggregator Data Cache Size" VALUE ="Auto"/>
            <TABLEATTRIBUTE NAME ="Aggregator Index Cache Size" VALUE ="Auto"/>
            <TABLEATTRIBUTE NAME ="Transformation Scope" VALUE ="All Input"/>
        </TRANSFORMATION>
        <TRANSFORMATION DESCRIPTION ="This transformation transforms the data from input and provides the data to target." NAME ="EXP_STG_SP_MAXBLDTIL" OBJECTVERSION ="1" REUSABLE ="NO" TYPE ="Expression" VERSIONNUMBER ="1">
            <TRANSFORMFIELD DATATYPE ="string" DEFAULTVALUE ="" DESCRIPTION ="" NAME ="I_PLAN_CREATED_DATE" PICTURETEXT ="" PORTTYPE ="INPUT" PRECISION ="19" SCALE ="0"/>
            <TRANSFORMFIELD DATATYPE ="string" DEFAULTVALUE ="" DESCRIPTION ="" NAME ="I_CY_START_DATE_LASTINV" PICTURETEXT ="" PORTTYPE ="INPUT" PRECISION ="19" SCALE ="0"/>
            <TRANSFORMFIELD DATATYPE ="string" DEFAULTVALUE ="" DESCRIPTION ="" NAME ="I_CY_START_DATE_LASTORDER" PICTURETEXT ="" PORTTYPE ="INPUT" PRECISION ="19" SCALE ="0"/>
            <TRANSFORMFIELD DATATYPE ="string" DEFAULTVALUE ="" DESCRIPTION ="" NAME ="I_CYCLE_START" PICTURETEXT ="" PORTTYPE ="INPUT" PRECISION ="19" SCALE ="0"/>
            <TRANSFORMFIELD DATATYPE ="string" DEFAULTVALUE ="" DESCRIPTION ="" EXPRESSION ="SKU" EXPRESSIONTYPE ="GENERAL" NAME ="SKU" PICTURETEXT ="" PORTTYPE ="INPUT/OUTPUT" PRECISION ="20" SCALE ="0"/>
            <TRANSFORMFIELD DATATYPE ="string" DEFAULTVALUE ="" DESCRIPTION ="" EXPRESSION ="STATUS" EXPRESSIONTYPE ="GENERAL" NAME ="STATUS" PICTURETEXT ="" PORTTYPE ="INPUT/OUTPUT" PRECISION ="5" SCALE ="0"/>
            <TRANSFORMFIELD DATATYPE ="string" DEFAULTVALUE ="" DESCRIPTION ="" EXPRESSION ="SIZEVAL" EXPRESSIONTYPE ="GENERAL" NAME ="SIZEVAL" PICTURETEXT ="" PORTTYPE ="INPUT/OUTPUT" PRECISION ="5" SCALE ="0"/>
            <TRANSFORMFIELD DATATYPE ="string" DEFAULTVALUE ="" DESCRIPTION ="" EXPRESSION ="COLOR" EXPRESSIONTYPE ="GENERAL" NAME ="COLOR" PICTURETEXT ="" PORTTYPE ="INPUT/OUTPUT" PRECISION ="5" SCALE ="0"/>
            <TRANSFORMFIELD DATATYPE ="string" DEFAULTVALUE ="" DESCRIPTION ="" EXPRESSION ="PUTUP" EXPRESSIONTYPE ="GENERAL" NAME ="PUTUP" PICTURETEXT ="" PORTTYPE ="INPUT/OUTPUT" PRECISION ="10" SCALE ="0"/>
            <TRANSFORMFIELD DATATYPE ="string" DEFAULTVALUE ="" DESCRIPTION ="" EXPRESSION ="WRAP" EXPRESSIONTYPE ="GENERAL" NAME ="WRAP" PICTURETEXT ="" PORTTYPE ="INPUT/OUTPUT" PRECISION ="5" SCALE ="0"/>
            <TRANSFORMFIELD DATATYPE ="string" DEFAULTVALUE ="" DESCRIPTION ="" EXPRESSION ="UOM" EXPRESSIONTYPE ="GENERAL" NAME ="UOM" PICTURETEXT ="" PORTTYPE ="INPUT/OUTPUT" PRECISION ="10" SCALE ="0"/>
            <TRANSFORMFIELD DATATYPE ="string" DEFAULTVALUE ="" DESCRIPTION ="" EXPRESSION ="UPC_CODE" EXPRESSIONTYPE ="GENERAL" NAME ="UPC_CODE" PICTURETEXT ="" PORTTYPE ="INPUT/OUTPUT" PRECISION ="10" SCALE ="0"/>
            <TRANSFORMFIELD DATATYPE ="decimal" DEFAULTVALUE ="" DESCRIPTION ="" EXPRESSION ="UPC_EXCEPTION" EXPRESSIONTYPE ="GENERAL" NAME ="UPC_EXCEPTION" PICTURETEXT ="" PORTTYPE ="INPUT/OUTPUT" PRECISION ="38" SCALE ="0"/>
            <TRANSFORMFIELD DATATYPE ="decimal" DEFAULTVALUE ="" DESCRIPTION ="" EXPRESSION ="AVAILABLE_QUANTITY" EXPRESSIONTYPE ="GENERAL" NAME ="AVAILABLE_QUANTITY" PICTURETEXT ="" PORTTYPE ="INPUT/OUTPUT" PRECISION ="38" SCALE ="0"/>
            <TRANSFORMFIELD DATATYPE ="decimal" DEFAULTVALUE ="" DESCRIPTION ="" EXPRESSION ="EXISTING_TARGET" EXPRESSIONTYPE ="GENERAL" NAME ="EXISTING_TARGET" PICTURETEXT ="" PORTTYPE ="INPUT/OUTPUT" PRECISION ="38" SCALE ="0"/>
            <TRANSFORMFIELD DATATYPE ="decimal" DEFAULTVALUE ="" DESCRIPTION ="" EXPRESSION ="MAX_BUILD" EXPRESSIONTYPE ="GENERAL" NAME ="MAX_BUILD" PICTURETEXT ="" PORTTYPE ="INPUT/OUTPUT" PRECISION ="38" SCALE ="0"/>
            <TRANSFORMFIELD DATATYPE ="decimal" DEFAULTVALUE ="" DESCRIPTION ="" EXPRESSION ="TARGET_PERCENTAGE" EXPRESSIONTYPE ="GENERAL" NAME ="TARGET_PERCENTAGE" PICTURETEXT ="" PORTTYPE ="INPUT/OUTPUT" PRECISION ="38" SCALE ="0"/>
            <TRANSFORMFIELD DATATYPE ="decimal" DEFAULTVALUE ="" DESCRIPTION ="" EXPRESSION ="MAXIMUM_PERCENT" EXPRESSIONTYPE ="GENERAL" NAME ="MAXIMUM_PERCENT" PICTURETEXT ="" PORTTYPE ="INPUT/OUTPUT" PRECISION ="38" SCALE ="0"/>
            <TRANSFORMFIELD DATATYPE ="string" DEFAULTVALUE ="" DESCRIPTION ="" EXPRESSION ="COLLECTOR" EXPRESSIONTYPE ="GENERAL" NAME ="COLLECTOR" PICTURETEXT ="" PORTTYPE ="INPUT/OUTPUT" PRECISION ="20" SCALE ="0"/>
            <TRANSFORMFIELD DATATYPE ="string" DEFAULTVALUE ="" DESCRIPTION ="" EXPRESSION ="MILL_STYLE" EXPRESSIONTYPE ="GENERAL" NAME ="MILL_STYLE" PICTURETEXT ="" PORTTYPE ="INPUT/OUTPUT" PRECISION ="10" SCALE ="0"/>
            <TRANSFORMFIELD DATATYPE ="string" DEFAULTVALUE ="" DESCRIPTION ="" EXPRESSION ="BRAND_STYLE" EXPRESSIONTYPE ="GENERAL" NAME ="BRAND_STYLE" PICTURETEXT ="" PORTTYPE ="INPUT/OUTPUT" PRECISION ="10" SCALE ="0"/>
            <TRANSFORMFIELD DATATYPE ="string" DEFAULTVALUE ="" DESCRIPTION ="" EXPRESSION ="BRAND_CLASS" EXPRESSIONTYPE ="GENERAL" NAME ="BRAND_CLASS" PICTURETEXT ="" PORTTYPE ="INPUT/OUTPUT" PRECISION ="10" SCALE ="0"/>
            <TRANSFORMFIELD DATATYPE ="string" DEFAULTVALUE ="" DESCRIPTION ="" EXPRESSION ="BRAND_GENDER" EXPRESSIONTYPE ="GENERAL" NAME ="BRAND_GENDER" PICTURETEXT ="" PORTTYPE ="INPUT/OUTPUT" PRECISION ="10" SCALE ="0"/>
            <TRANSFORMFIELD DATATYPE ="string" DEFAULTVALUE ="" DESCRIPTION ="" EXPRESSION ="BRAND_PRODUCT_LINE" EXPRESSIONTYPE ="GENERAL" NAME ="BRAND_PRODUCT_LINE" PICTURETEXT ="" PORTTYPE ="INPUT/OUTPUT" PRECISION ="10" SCALE ="0"/>
            <TRANSFORMFIELD DATATYPE ="string" DEFAULTVALUE ="" DESCRIPTION ="" EXPRESSION ="BRAND_TYPE" EXPRESSIONTYPE ="GENERAL" NAME ="BRAND_TYPE" PICTURETEXT ="" PORTTYPE ="INPUT/OUTPUT" PRECISION ="10" SCALE ="0"/>
            <TRANSFORMFIELD DATATYPE ="string" DEFAULTVALUE ="" DESCRIPTION ="" EXPRESSION ="BRAND_CATEGORY" EXPRESSIONTYPE ="GENERAL" NAME ="BRAND_CATEGORY" PICTURETEXT ="" PORTTYPE ="INPUT/OUTPUT" PRECISION ="10" SCALE ="0"/>
            <TRANSFORMFIELD DATATYPE ="string" DEFAULTVALUE ="" DESCRIPTION ="" EXPRESSION ="BRAND_PARENT" EXPRESSIONTYPE ="GENERAL" NAME ="BRAND_PARENT" PICTURETEXT ="" PORTTYPE ="INPUT/OUTPUT" PRECISION ="10" SCALE ="0"/>
            <TRANSFORMFIELD DATATYPE ="decimal" DEFAULTVALUE ="" DESCRIPTION ="" EXPRESSION ="SKU_OH_INV" EXPRESSIONTYPE ="GENERAL" NAME ="SKU_OH_INV" PICTURETEXT ="" PORTTYPE ="INPUT/OUTPUT" PRECISION ="38" SCALE ="0"/>
            <TRANSFORMFIELD DATATYPE ="decimal" DEFAULTVALUE ="" DESCRIPTION ="" EXPRESSION ="SKU_WIP" EXPRESSIONTYPE ="GENERAL" NAME ="SKU_WIP" PICTURETEXT ="" PORTTYPE ="INPUT/OUTPUT" PRECISION ="38" SCALE ="0"/>
            <TRANSFORMFIELD DATATYPE ="date/time" DEFAULTVALUE ="ERROR(&apos;transformation error&apos;)" DESCRIPTION ="" EXPRESSION ="to_date(I_CYCLE_START,&apos;MON DD YY&apos;)" EXPRESSIONTYPE ="GENERAL" NAME ="O_CYCLE_START" PICTURETEXT ="" PORTTYPE ="OUTPUT" PRECISION ="29" SCALE ="9"/>
            <TRANSFORMFIELD DATATYPE ="date/time" DEFAULTVALUE ="ERROR(&apos;transformation error&apos;)" DESCRIPTION ="" EXPRESSION ="to_date(I_PLAN_CREATED_DATE,&apos;MON DD YY&apos;)" EXPRESSIONTYPE ="GENERAL" NAME ="O_PLAN_CREATED_DATE" PICTURETEXT ="" PORTTYPE ="OUTPUT" PRECISION ="29" SCALE ="9"/>
            <TRANSFORMFIELD DATATYPE ="date/time" DEFAULTVALUE ="ERROR(&apos;transformation error&apos;)" DESCRIPTION ="" EXPRESSION ="to_date(I_CY_START_DATE_LASTINV,&apos;MON DD YY&apos;)" EXPRESSIONTYPE ="GENERAL" NAME ="O_CY_START_DATE_LASTINV" PICTURETEXT ="" PORTTYPE ="OUTPUT" PRECISION ="29" SCALE ="9"/>
            <TRANSFORMFIELD DATATYPE ="string" DEFAULTVALUE ="ERROR(&apos;transformation error&apos;)" DESCRIPTION ="" EXPRESSION ="&apos;SOCKS&apos;" EXPRESSIONTYPE ="GENERAL" NAME ="O_LEGACY_SOURCE" PICTURETEXT ="" PORTTYPE ="OUTPUT" PRECISION ="10" SCALE ="0"/>
            <TRANSFORMFIELD DATATYPE ="date/time" DEFAULTVALUE ="ERROR(&apos;transformation error&apos;)" DESCRIPTION ="" EXPRESSION ="to_date(I_CY_START_DATE_LASTORDER,&apos;MON DD YY&apos;)" EXPRESSIONTYPE ="GENERAL" NAME ="O_CY_START_DATE_LASTORDER" PICTURETEXT ="" PORTTYPE ="OUTPUT" PRECISION ="29" SCALE ="9"/>
            <TRANSFORMFIELD DATATYPE ="string" DEFAULTVALUE ="ERROR(&apos;transformation error&apos;)" DESCRIPTION ="" EXPRESSION ="&apos;N&apos;" EXPRESSIONTYPE ="GENERAL" NAME ="O_PROCESS_FLAG" PICTURETEXT ="" PORTTYPE ="OUTPUT" PRECISION ="1" SCALE ="0"/>
            <TRANSFORMFIELD DATATYPE ="date/time" DEFAULTVALUE ="ERROR(&apos;transformation error&apos;)" DESCRIPTION ="" EXPRESSION ="TRUNC(SYSDATE)" EXPRESSIONTYPE ="GENERAL" NAME ="O_CREATE_DATE" PICTURETEXT ="" PORTTYPE ="OUTPUT" PRECISION ="29" SCALE ="9"/>
            <TRANSFORMFIELD DATATYPE ="string" DEFAULTVALUE ="ERROR(&apos;transformation error&apos;)" DESCRIPTION ="" EXPRESSION ="&apos;ETL_PLAN_SC_TILMAXBUILD&apos;" EXPRESSIONTYPE ="GENERAL" NAME ="O_CREATE_USERID" PICTURETEXT ="" PORTTYPE ="OUTPUT" PRECISION ="30" SCALE ="0"/>
            <TRANSFORMFIELD DATATYPE ="date/time" DEFAULTVALUE ="ERROR(&apos;transformation error&apos;)" DESCRIPTION ="" EXPRESSION ="TRUNC(SYSDATE)" EXPRESSIONTYPE ="GENERAL" NAME ="O_UPDATE_DATE" PICTURETEXT ="" PORTTYPE ="OUTPUT" PRECISION ="29" SCALE ="9"/>
            <TRANSFORMFIELD DATATYPE ="string" DEFAULTVALUE ="ERROR(&apos;transformation error&apos;)" DESCRIPTION ="" EXPRESSION ="&apos;ETL_PLAN_SC_TILMAXBUILD&apos;" EXPRESSIONTYPE ="GENERAL" NAME ="O_UPDATE_USERID" PICTURETEXT ="" PORTTYPE ="OUTPUT" PRECISION ="30" SCALE ="0"/>
            <TRANSFORMFIELD DATATYPE ="integer" DEFAULTVALUE ="ERROR(&apos;transformation error&apos;)" DESCRIPTION ="" EXPRESSION ="1" EXPRESSIONTYPE ="GENERAL" NAME ="O_COUNT" PICTURETEXT ="" PORTTYPE ="OUTPUT" PRECISION ="10" SCALE ="0"/>
            <TABLEATTRIBUTE NAME ="Tracing Level" VALUE ="Normal"/>
        </TRANSFORMATION>
        <TRANSFORMATION DESCRIPTION ="This expression transformation is used to set the default values for the control table. As this mapping is reusable for other LOBs , the source table name, info_map_name, map_desc arer passed as parameters. The values will be provided in the param file mentioned in the workflow." NAME ="EXP_CNTL_TBL" OBJECTVERSION ="1" REUSABLE ="NO" TYPE ="Expression" VERSIONNUMBER ="1">
            <TRANSFORMFIELD DATATYPE ="string" DEFAULTVALUE ="ERROR(&apos;transformation error&apos;)" DESCRIPTION ="" EXPRESSION ="&apos;INVENTORY_ANALYSIS&apos;" EXPRESSIONTYPE ="GENERAL" NAME ="SUBJECT_AREA" PICTURETEXT ="" PORTTYPE ="OUTPUT" PRECISION ="50" SCALE ="0"/>
            <TRANSFORMFIELD DATATYPE ="string" DEFAULTVALUE ="ERROR(&apos;transformation error&apos;)" DESCRIPTION ="" EXPRESSION ="&apos;FLAT_FILE&apos;" EXPRESSIONTYPE ="GENERAL" NAME ="SRC_SYS_NAME" PICTURETEXT ="" PORTTYPE ="OUTPUT" PRECISION ="50" SCALE ="0"/>
            <TRANSFORMFIELD DATATYPE ="string" DEFAULTVALUE ="ERROR(&apos;transformation error&apos;)" DESCRIPTION ="" EXPRESSION ="&apos;ORACLE&apos;" EXPRESSIONTYPE ="GENERAL" NAME ="TGT_SYS_NAME" PICTURETEXT ="" PORTTYPE ="OUTPUT" PRECISION ="50" SCALE ="0"/>
            <TRANSFORMFIELD DATATYPE ="string" DEFAULTVALUE ="ERROR(&apos;transformation error&apos;)" DESCRIPTION ="" EXPRESSION ="&apos;SKUS.TXT&apos;" EXPRESSIONTYPE ="GENERAL" NAME ="SRC_TABLE_NAME" PICTURETEXT ="" PORTTYPE ="OUTPUT" PRECISION ="50" SCALE ="0"/>
            <TRANSFORMFIELD DATATYPE ="string" DEFAULTVALUE ="ERROR(&apos;transformation error&apos;)" DESCRIPTION ="" EXPRESSION ="&apos;STG_SOCKSPLANNER_MAXBUILDTIL&apos;" EXPRESSIONTYPE ="GENERAL" NAME ="TGT_TABLE_NAME" PICTURETEXT ="" PORTTYPE ="OUTPUT" PRECISION ="50" SCALE ="0"/>
            <TRANSFORMFIELD DATATYPE ="string" DEFAULTVALUE ="ERROR(&apos;transformation error&apos;)" DESCRIPTION ="" EXPRESSION ="&apos;INVENTORY_ANALYSIS&apos;" EXPRESSIONTYPE ="GENERAL" NAME ="INFO_FOLDER_NAME" PICTURETEXT ="" PORTTYPE ="OUTPUT" PRECISION ="50" SCALE ="0"/>
            <TRANSFORMFIELD DATATYPE ="string" DEFAULTVALUE ="ERROR(&apos;transformation error&apos;)" DESCRIPTION ="" EXPRESSION ="&apos;m_STG_SOCKSPLAN_MAXBLDTIL&apos;" EXPRESSIONTYPE ="GENERAL" NAME ="INFO_MAP_NAME" PICTURETEXT ="" PORTTYPE ="OUTPUT" PRECISION ="50" SCALE ="0"/>
            <TRANSFORMFIELD DATATYPE ="string" DEFAULTVALUE ="ERROR(&apos;transformation error&apos;)" DESCRIPTION ="" EXPRESSION ="&apos;NONE&apos;" EXPRESSIONTYPE ="GENERAL" NAME ="PRED_MAP_NAME" PICTURETEXT ="" PORTTYPE ="OUTPUT" PRECISION ="50" SCALE ="0"/>
            <TRANSFORMFIELD DATATYPE ="string" DEFAULTVALUE ="ERROR(&apos;transformation error&apos;)" DESCRIPTION ="" EXPRESSION ="&apos;NA&apos;" EXPRESSIONTYPE ="GENERAL" NAME ="TGT_TABLE_COL_NM" PICTURETEXT ="" PORTTYPE ="OUTPUT" PRECISION ="50" SCALE ="0"/>
            <TRANSFORMFIELD DATATYPE ="string" DEFAULTVALUE ="ERROR(&apos;transformation error&apos;)" DESCRIPTION ="" EXPRESSION ="TO_CHAR(SYSDATE,&apos;MM/DD/YYYY&apos;)" EXPRESSIONTYPE ="GENERAL" NAME ="TGT_TABLE_COL_VAL" PICTURETEXT ="" PORTTYPE ="OUTPUT" PRECISION ="12" SCALE ="0"/>
            <TRANSFORMFIELD DATATYPE ="string" DEFAULTVALUE ="ERROR(&apos;transformation error&apos;)" DESCRIPTION ="" EXPRESSION ="&apos;SOURCE AND TARGET COUNT&apos;" EXPRESSIONTYPE ="GENERAL" NAME ="BAL_STRATEGY" PICTURETEXT ="" PORTTYPE ="OUTPUT" PRECISION ="50" SCALE ="0"/>
            <TRANSFORMFIELD DATATYPE ="decimal" DEFAULTVALUE ="" DESCRIPTION ="" EXPRESSION ="SRC_VAL" EXPRESSIONTYPE ="GENERAL" NAME ="SRC_VAL" PICTURETEXT ="" PORTTYPE ="INPUT/OUTPUT" PRECISION ="12" SCALE ="0"/>
            <TRANSFORMFIELD DATATYPE ="decimal" DEFAULTVALUE ="ERROR(&apos;transformation error&apos;)" DESCRIPTION ="" EXPRESSION ="NULL" EXPRESSIONTYPE ="GENERAL" NAME ="TGT_VAL" PICTURETEXT ="" PORTTYPE ="OUTPUT" PRECISION ="12" SCALE ="0"/>
            <TRANSFORMFIELD DATATYPE ="string" DEFAULTVALUE ="ERROR(&apos;transformation error&apos;)" DESCRIPTION ="" EXPRESSION ="NULL" EXPRESSIONTYPE ="GENERAL" NAME ="STATUS_YN" PICTURETEXT ="" PORTTYPE ="OUTPUT" PRECISION ="1" SCALE ="0"/>
            <TRANSFORMFIELD DATATYPE ="date/time" DEFAULTVALUE ="ERROR(&apos;transformation error&apos;)" DESCRIPTION ="" EXPRESSION ="SESSSTARTTIME" EXPRESSIONTYPE ="GENERAL" NAME ="MAP_RUN_DT" PICTURETEXT ="" PORTTYPE ="OUTPUT" PRECISION ="29" SCALE ="9"/>
            <TRANSFORMFIELD DATATYPE ="string" DEFAULTVALUE ="ERROR(&apos;transformation error&apos;)" DESCRIPTION ="" EXPRESSION ="&apos;ETL_PLAN_SC_TILMAXBUILD&apos;" EXPRESSIONTYPE ="GENERAL" NAME ="UPDATE_USERID" PICTURETEXT ="" PORTTYPE ="OUTPUT" PRECISION ="40" SCALE ="0"/>
            <TRANSFORMFIELD DATATYPE ="date/time" DEFAULTVALUE ="ERROR(&apos;transformation error&apos;)" DESCRIPTION ="" EXPRESSION ="SESSSTARTTIME" EXPRESSIONTYPE ="GENERAL" NAME ="UPDATE_TIMESTAMP" PICTURETEXT ="" PORTTYPE ="OUTPUT" PRECISION ="29" SCALE ="9"/>
            <TRANSFORMFIELD DATATYPE ="string" DEFAULTVALUE ="ERROR(&apos;transformation error&apos;)" DESCRIPTION ="" EXPRESSION ="&apos;Loads data from Flat File SKUS.txt to target staging table: STG_SOCKSPLANNER_MAXBLDTIL&apos;" EXPRESSIONTYPE ="GENERAL" NAME ="MAP_DESCP" PICTURETEXT ="" PORTTYPE ="OUTPUT" PRECISION ="256" SCALE ="0"/>
            <TABLEATTRIBUTE NAME ="Tracing Level" VALUE ="Normal"/>
        </TRANSFORMATION>
        <TRANSFORMATION DESCRIPTION ="It fetches the records from the flat file source skus.txt" NAME ="SQ_SKUS" OBJECTVERSION ="1" REUSABLE ="NO" TYPE ="Source Qualifier" VERSIONNUMBER ="1">
            <TRANSFORMFIELD DATATYPE ="string" DEFAULTVALUE ="" DESCRIPTION ="" NAME ="SKU" PICTURETEXT ="" PORTTYPE ="INPUT/OUTPUT" PRECISION ="20" SCALE ="0"/>
            <TRANSFORMFIELD DATATYPE ="string" DEFAULTVALUE ="" DESCRIPTION ="" NAME ="STATUS" PICTURETEXT ="" PORTTYPE ="INPUT/OUTPUT" PRECISION ="5" SCALE ="0"/>
            <TRANSFORMFIELD DATATYPE ="string" DEFAULTVALUE ="" DESCRIPTION ="" NAME ="SIZEVAL" PICTURETEXT ="" PORTTYPE ="INPUT/OUTPUT" PRECISION ="5" SCALE ="0"/>
            <TRANSFORMFIELD DATATYPE ="string" DEFAULTVALUE ="" DESCRIPTION ="" NAME ="COLOR" PICTURETEXT ="" PORTTYPE ="INPUT/OUTPUT" PRECISION ="5" SCALE ="0"/>
            <TRANSFORMFIELD DATATYPE ="string" DEFAULTVALUE ="" DESCRIPTION ="" NAME ="PUTUP" PICTURETEXT ="" PORTTYPE ="INPUT/OUTPUT" PRECISION ="10" SCALE ="0"/>
            <TRANSFORMFIELD DATATYPE ="string" DEFAULTVALUE ="" DESCRIPTION ="" NAME ="WRAP" PICTURETEXT ="" PORTTYPE ="INPUT/OUTPUT" PRECISION ="5" SCALE ="0"/>
            <TRANSFORMFIELD DATATYPE ="string" DEFAULTVALUE ="" DESCRIPTION ="" NAME ="UOM" PICTURETEXT ="" PORTTYPE ="INPUT/OUTPUT" PRECISION ="10" SCALE ="0"/>
            <TRANSFORMFIELD DATATYPE ="string" DEFAULTVALUE ="" DESCRIPTION ="" NAME ="UPC_CODE" PICTURETEXT ="" PORTTYPE ="INPUT/OUTPUT" PRECISION ="10" SCALE ="0"/>
            <TRANSFORMFIELD DATATYPE ="decimal" DEFAULTVALUE ="" DESCRIPTION ="" NAME ="UPC_EXCEPTION" PICTURETEXT ="" PORTTYPE ="INPUT/OUTPUT" PRECISION ="38" SCALE ="0"/>
            <TRANSFORMFIELD DATATYPE ="decimal" DEFAULTVALUE ="" DESCRIPTION ="" NAME ="AVAILABLE_QUANTITY" PICTURETEXT ="" PORTTYPE ="INPUT/OUTPUT" PRECISION ="38" SCALE ="0"/>
            <TRANSFORMFIELD DATATYPE ="decimal" DEFAULTVALUE ="" DESCRIPTION ="" NAME ="EXISTING_TARGET" PICTURETEXT ="" PORTTYPE ="INPUT/OUTPUT" PRECISION ="38" SCALE ="0"/>
            <TRANSFORMFIELD DATATYPE ="decimal" DEFAULTVALUE ="" DESCRIPTION ="" NAME ="MAX_BUILD" PICTURETEXT ="" PORTTYPE ="INPUT/OUTPUT" PRECISION ="38" SCALE ="0"/>
            <TRANSFORMFIELD DATATYPE ="decimal" DEFAULTVALUE ="" DESCRIPTION ="" NAME ="TARGET_PERCENTAGE" PICTURETEXT ="" PORTTYPE ="INPUT/OUTPUT" PRECISION ="38" SCALE ="0"/>
            <TRANSFORMFIELD DATATYPE ="decimal" DEFAULTVALUE ="" DESCRIPTION ="" NAME ="MAXIMUM_PERCENT" PICTURETEXT ="" PORTTYPE ="INPUT/OUTPUT" PRECISION ="38" SCALE ="0"/>
            <TRANSFORMFIELD DATATYPE ="string" DEFAULTVALUE ="" DESCRIPTION ="" NAME ="PLAN_CREATED_DATE" PICTURETEXT ="" PORTTYPE ="INPUT/OUTPUT" PRECISION ="19" SCALE ="0"/>
            <TRANSFORMFIELD DATATYPE ="string" DEFAULTVALUE ="" DESCRIPTION ="" NAME ="CY_START_DATE_LASTINV" PICTURETEXT ="" PORTTYPE ="INPUT/OUTPUT" PRECISION ="19" SCALE ="0"/>
            <TRANSFORMFIELD DATATYPE ="string" DEFAULTVALUE ="" DESCRIPTION ="" NAME ="CY_START_DATE_LASTORDER" PICTURETEXT ="" PORTTYPE ="INPUT/OUTPUT" PRECISION ="19" SCALE ="0"/>
            <TRANSFORMFIELD DATATYPE ="string" DEFAULTVALUE ="" DESCRIPTION ="" NAME ="COLLECTOR" PICTURETEXT ="" PORTTYPE ="INPUT/OUTPUT" PRECISION ="20" SCALE ="0"/>
            <TRANSFORMFIELD DATATYPE ="string" DEFAULTVALUE ="" DESCRIPTION ="" NAME ="MILL_STYLE" PICTURETEXT ="" PORTTYPE ="INPUT/OUTPUT" PRECISION ="10" SCALE ="0"/>
            <TRANSFORMFIELD DATATYPE ="string" DEFAULTVALUE ="" DESCRIPTION ="" NAME ="BRAND_STYLE" PICTURETEXT ="" PORTTYPE ="INPUT/OUTPUT" PRECISION ="10" SCALE ="0"/>
            <TRANSFORMFIELD DATATYPE ="string" DEFAULTVALUE ="" DESCRIPTION ="" NAME ="BRAND_CLASS" PICTURETEXT ="" PORTTYPE ="INPUT/OUTPUT" PRECISION ="10" SCALE ="0"/>
            <TRANSFORMFIELD DATATYPE ="string" DEFAULTVALUE ="" DESCRIPTION ="" NAME ="BRAND_GENDER" PICTURETEXT ="" PORTTYPE ="INPUT/OUTPUT" PRECISION ="10" SCALE ="0"/>
            <TRANSFORMFIELD DATATYPE ="string" DEFAULTVALUE ="" DESCRIPTION ="" NAME ="BRAND_PRODUCT_LINE" PICTURETEXT ="" PORTTYPE ="INPUT/OUTPUT" PRECISION ="10" SCALE ="0"/>
            <TRANSFORMFIELD DATATYPE ="string" DEFAULTVALUE ="" DESCRIPTION ="" NAME ="BRAND_TYPE" PICTURETEXT ="" PORTTYPE ="INPUT/OUTPUT" PRECISION ="10" SCALE ="0"/>
            <TRANSFORMFIELD DATATYPE ="string" DEFAULTVALUE ="" DESCRIPTION ="" NAME ="BRAND_CATEGORY" PICTURETEXT ="" PORTTYPE ="INPUT/OUTPUT" PRECISION ="10" SCALE ="0"/>
            <TRANSFORMFIELD DATATYPE ="string" DEFAULTVALUE ="" DESCRIPTION ="" NAME ="BRAND_PARENT" PICTURETEXT ="" PORTTYPE ="INPUT/OUTPUT" PRECISION ="10" SCALE ="0"/>
            <TRANSFORMFIELD DATATYPE ="string" DEFAULTVALUE ="" DESCRIPTION ="" NAME ="CYCLE_START" PICTURETEXT ="" PORTTYPE ="INPUT/OUTPUT" PRECISION ="19" SCALE ="0"/>
            <TRANSFORMFIELD DATATYPE ="decimal" DEFAULTVALUE ="" DESCRIPTION ="" NAME ="SKU_OH_INV" PICTURETEXT ="" PORTTYPE ="INPUT/OUTPUT" PRECISION ="38" SCALE ="0"/>
            <TRANSFORMFIELD DATATYPE ="decimal" DEFAULTVALUE ="" DESCRIPTION ="" NAME ="SKU_WIP" PICTURETEXT ="" PORTTYPE ="INPUT/OUTPUT" PRECISION ="38" SCALE ="0"/>
            <TABLEATTRIBUTE NAME ="Sql Query" VALUE =""/>
            <TABLEATTRIBUTE NAME ="User Defined Join" VALUE =""/>
            <TABLEATTRIBUTE NAME ="Source Filter" VALUE =""/>
            <TABLEATTRIBUTE NAME ="Number Of Sorted Ports" VALUE ="0"/>
            <TABLEATTRIBUTE NAME ="Tracing Level" VALUE ="Normal"/>
            <TABLEATTRIBUTE NAME ="Select Distinct" VALUE ="NO"/>
            <TABLEATTRIBUTE NAME ="Is Partitionable" VALUE ="NO"/>
            <TABLEATTRIBUTE NAME ="Pre SQL" VALUE =""/>
            <TABLEATTRIBUTE NAME ="Post SQL" VALUE =""/>
            <TABLEATTRIBUTE NAME ="Output is deterministic" VALUE ="NO"/>
            <TABLEATTRIBUTE NAME ="Output is repeatable" VALUE ="Never"/>
        </TRANSFORMATION>
        <INSTANCE DESCRIPTION ="Target for the control table used to match the source and target counts." NAME ="INFO_ETL_CNTL_TBL" TRANSFORMATION_NAME ="INFO_ETL_CNTL_TBL" TRANSFORMATION_TYPE ="Target Definition" TYPE ="TARGET"/>
        <INSTANCE DESCRIPTION ="STG_SOCKSPLANNER_MAXBUILDTIL is a staging table." NAME ="STG_SOCKSPLANNER_MAXBUILDTIL" TRANSFORMATION_NAME ="STG_SOCKSPLANNER_MAXBUILDTIL" TRANSFORMATION_TYPE ="Target Definition" TYPE ="TARGET"/>
        <INSTANCE DBDNAME ="Flat_File" DESCRIPTION ="This source is a flat file name SKUS.TXT in Inventory Analysis project" NAME ="SKUS" TRANSFORMATION_NAME ="SKUS" TRANSFORMATION_TYPE ="Source Definition" TYPE ="SOURCE"/>
        <INSTANCE DESCRIPTION ="This trasformation is used to count the number of source rows" NAME ="AGG_SOURCE_COUNT" REUSABLE ="NO" TRANSFORMATION_NAME ="AGG_SOURCE_COUNT" TRANSFORMATION_TYPE ="Aggregator" TYPE ="TRANSFORMATION"/>
        <INSTANCE DESCRIPTION ="This transformation transforms the data from input and provides the data to target." NAME ="EXP_STG_SP_MAXBLDTIL" REUSABLE ="NO" TRANSFORMATION_NAME ="EXP_STG_SP_MAXBLDTIL" TRANSFORMATION_TYPE ="Expression" TYPE ="TRANSFORMATION"/>
        <INSTANCE DESCRIPTION ="This expression transformation is used to set the default values for the control table. As this mapping is reusable for other LOBs , the source table name, info_map_name, map_desc arer passed as parameters. The values will be provided in the param file mentioned in the workflow." NAME ="EXP_CNTL_TBL" REUSABLE ="NO" TRANSFORMATION_NAME ="EXP_CNTL_TBL" TRANSFORMATION_TYPE ="Expression" TYPE ="TRANSFORMATION"/>
        <INSTANCE DESCRIPTION ="It fetches the records from the flat file source skus.txt" NAME ="SQ_SKUS" REUSABLE ="NO" TRANSFORMATION_NAME ="SQ_SKUS" TRANSFORMATION_TYPE ="Source Qualifier" TYPE ="TRANSFORMATION">
            <ASSOCIATED_SOURCE_INSTANCE NAME ="SKUS"/>
        </INSTANCE>
        <CONNECTOR FROMFIELD ="SRC_VAL" FROMINSTANCE ="EXP_CNTL_TBL" FROMINSTANCETYPE ="Expression" TOFIELD ="SRC_VAL" TOINSTANCE ="INFO_ETL_CNTL_TBL" TOINSTANCETYPE ="Target Definition"/>
        <CONNECTOR FROMFIELD ="TGT_VAL" FROMINSTANCE ="EXP_CNTL_TBL" FROMINSTANCETYPE ="Expression" TOFIELD ="TGT_VAL" TOINSTANCE ="INFO_ETL_CNTL_TBL" TOINSTANCETYPE ="Target Definition"/>
        <CONNECTOR FROMFIELD ="UPDATE_TIMESTAMP" FROMINSTANCE ="EXP_CNTL_TBL" FROMINSTANCETYPE ="Expression" TOFIELD ="UPDATE_TIMESTAMP" TOINSTANCE ="INFO_ETL_CNTL_TBL" TOINSTANCETYPE ="Target Definition"/>
        <CONNECTOR FROMFIELD ="MAP_DESCP" FROMINSTANCE ="EXP_CNTL_TBL" FROMINSTANCETYPE ="Expression" TOFIELD ="MAP_DESCP" TOINSTANCE ="INFO_ETL_CNTL_TBL" TOINSTANCETYPE ="Target Definition"/>
        <CONNECTOR FROMFIELD ="SUBJECT_AREA" FROMINSTANCE ="EXP_CNTL_TBL" FROMINSTANCETYPE ="Expression" TOFIELD ="SUBJECT_AREA" TOINSTANCE ="INFO_ETL_CNTL_TBL" TOINSTANCETYPE ="Target Definition"/>
        <CONNECTOR FROMFIELD ="SRC_SYS_NAME" FROMINSTANCE ="EXP_CNTL_TBL" FROMINSTANCETYPE ="Expression" TOFIELD ="SRC_SYS_NAME" TOINSTANCE ="INFO_ETL_CNTL_TBL" TOINSTANCETYPE ="Target Definition"/>
        <CONNECTOR FROMFIELD ="TGT_SYS_NAME" FROMINSTANCE ="EXP_CNTL_TBL" FROMINSTANCETYPE ="Expression" TOFIELD ="TGT_SYS_NAME" TOINSTANCE ="INFO_ETL_CNTL_TBL" TOINSTANCETYPE ="Target Definition"/>
        <CONNECTOR FROMFIELD ="SRC_TABLE_NAME" FROMINSTANCE ="EXP_CNTL_TBL" FROMINSTANCETYPE ="Expression" TOFIELD ="SRC_TABLE_NAME" TOINSTANCE ="INFO_ETL_CNTL_TBL" TOINSTANCETYPE ="Target Definition"/>
        <CONNECTOR FROMFIELD ="TGT_TABLE_NAME" FROMINSTANCE ="EXP_CNTL_TBL" FROMINSTANCETYPE ="Expression" TOFIELD ="TGT_TABLE_NAME" TOINSTANCE ="INFO_ETL_CNTL_TBL" TOINSTANCETYPE ="Target Definition"/>
        <CONNECTOR FROMFIELD ="INFO_FOLDER_NAME" FROMINSTANCE ="EXP_CNTL_TBL" FROMINSTANCETYPE ="Expression" TOFIELD ="INFO_FOLDER_NAME" TOINSTANCE ="INFO_ETL_CNTL_TBL" TOINSTANCETYPE ="Target Definition"/>
        <CONNECTOR FROMFIELD ="INFO_MAP_NAME" FROMINSTANCE ="EXP_CNTL_TBL" FROMINSTANCETYPE ="Expression" TOFIELD ="INFO_MAP_NAME" TOINSTANCE ="INFO_ETL_CNTL_TBL" TOINSTANCETYPE ="Target Definition"/>
        <CONNECTOR FROMFIELD ="PRED_MAP_NAME" FROMINSTANCE ="EXP_CNTL_TBL" FROMINSTANCETYPE ="Expression" TOFIELD ="PRED_MAP_NAME" TOINSTANCE ="INFO_ETL_CNTL_TBL" TOINSTANCETYPE ="Target Definition"/>
        <CONNECTOR FROMFIELD ="TGT_TABLE_COL_NM" FROMINSTANCE ="EXP_CNTL_TBL" FROMINSTANCETYPE ="Expression" TOFIELD ="TGT_TABLE_COL_NM" TOINSTANCE ="INFO_ETL_CNTL_TBL" TOINSTANCETYPE ="Target Definition"/>
        <CONNECTOR FROMFIELD ="TGT_TABLE_COL_VAL" FROMINSTANCE ="EXP_CNTL_TBL" FROMINSTANCETYPE ="Expression" TOFIELD ="TGT_TABLE_COL_VAL" TOINSTANCE ="INFO_ETL_CNTL_TBL" TOINSTANCETYPE ="Target Definition"/>
        <CONNECTOR FROMFIELD ="BAL_STRATEGY" FROMINSTANCE ="EXP_CNTL_TBL" FROMINSTANCETYPE ="Expression" TOFIELD ="BAL_STRATEGY" TOINSTANCE ="INFO_ETL_CNTL_TBL" TOINSTANCETYPE ="Target Definition"/>
        <CONNECTOR FROMFIELD ="STATUS_YN" FROMINSTANCE ="EXP_CNTL_TBL" FROMINSTANCETYPE ="Expression" TOFIELD ="STATUS_YN" TOINSTANCE ="INFO_ETL_CNTL_TBL" TOINSTANCETYPE ="Target Definition"/>
        <CONNECTOR FROMFIELD ="MAP_RUN_DT" FROMINSTANCE ="EXP_CNTL_TBL" FROMINSTANCETYPE ="Expression" TOFIELD ="MAP_RUN_DT" TOINSTANCE ="INFO_ETL_CNTL_TBL" TOINSTANCETYPE ="Target Definition"/>
        <CONNECTOR FROMFIELD ="UPDATE_USERID" FROMINSTANCE ="EXP_CNTL_TBL" FROMINSTANCETYPE ="Expression" TOFIELD ="UPDATE_USERID" TOINSTANCE ="INFO_ETL_CNTL_TBL" TOINSTANCETYPE ="Target Definition"/>
        <CONNECTOR FROMFIELD ="BRAND_GENDER" FROMINSTANCE ="EXP_STG_SP_MAXBLDTIL" FROMINSTANCETYPE ="Expression" TOFIELD ="BRAND_GENDER" TOINSTANCE ="STG_SOCKSPLANNER_MAXBUILDTIL" TOINSTANCETYPE ="Target Definition"/>
        <CONNECTOR FROMFIELD ="BRAND_PARENT" FROMINSTANCE ="EXP_STG_SP_MAXBLDTIL" FROMINSTANCETYPE ="Expression" TOFIELD ="BRAND_PARENT" TOINSTANCE ="STG_SOCKSPLANNER_MAXBUILDTIL" TOINSTANCETYPE ="Target Definition"/>
        <CONNECTOR FROMFIELD ="SKU_OH_INV" FROMINSTANCE ="EXP_STG_SP_MAXBLDTIL" FROMINSTANCETYPE ="Expression" TOFIELD ="SKU_OH_INV" TOINSTANCE ="STG_SOCKSPLANNER_MAXBUILDTIL" TOINSTANCETYPE ="Target Definition"/>
        <CONNECTOR FROMFIELD ="SKU_WIP" FROMINSTANCE ="EXP_STG_SP_MAXBLDTIL" FROMINSTANCETYPE ="Expression" TOFIELD ="SKU_WIP" TOINSTANCE ="STG_SOCKSPLANNER_MAXBUILDTIL" TOINSTANCETYPE ="Target Definition"/>
        <CONNECTOR FROMFIELD ="O_PROCESS_FLAG" FROMINSTANCE ="EXP_STG_SP_MAXBLDTIL" FROMINSTANCETYPE ="Expression" TOFIELD ="PROCESS_FLAG" TOINSTANCE ="STG_SOCKSPLANNER_MAXBUILDTIL" TOINSTANCETYPE ="Target Definition"/>
        <CONNECTOR FROMFIELD ="O_CREATE_DATE" FROMINSTANCE ="EXP_STG_SP_MAXBLDTIL" FROMINSTANCETYPE ="Expression" TOFIELD ="CREATE_DATE" TOINSTANCE ="STG_SOCKSPLANNER_MAXBUILDTIL" TOINSTANCETYPE ="Target Definition"/>
        <CONNECTOR FROMFIELD ="O_CREATE_USERID" FROMINSTANCE ="EXP_STG_SP_MAXBLDTIL" FROMINSTANCETYPE ="Expression" TOFIELD ="CREATE_USERID" TOINSTANCE ="STG_SOCKSPLANNER_MAXBUILDTIL" TOINSTANCETYPE ="Target Definition"/>
        <CONNECTOR FROMFIELD ="O_UPDATE_DATE" FROMINSTANCE ="EXP_STG_SP_MAXBLDTIL" FROMINSTANCETYPE ="Expression" TOFIELD ="UPDATE_DATE" TOINSTANCE ="STG_SOCKSPLANNER_MAXBUILDTIL" TOINSTANCETYPE ="Target Definition"/>
        <CONNECTOR FROMFIELD ="O_UPDATE_USERID" FROMINSTANCE ="EXP_STG_SP_MAXBLDTIL" FROMINSTANCETYPE ="Expression" TOFIELD ="UPDATE_USERID" TOINSTANCE ="STG_SOCKSPLANNER_MAXBUILDTIL" TOINSTANCETYPE ="Target Definition"/>
        <CONNECTOR FROMFIELD ="O_PLAN_CREATED_DATE" FROMINSTANCE ="EXP_STG_SP_MAXBLDTIL" FROMINSTANCETYPE ="Expression" TOFIELD ="PLAN_CREATED_DATE" TOINSTANCE ="STG_SOCKSPLANNER_MAXBUILDTIL" TOINSTANCETYPE ="Target Definition"/>
        <CONNECTOR FROMFIELD ="O_LEGACY_SOURCE" FROMINSTANCE ="EXP_STG_SP_MAXBLDTIL" FROMINSTANCETYPE ="Expression" TOFIELD ="LEGACY_SOURCE" TOINSTANCE ="STG_SOCKSPLANNER_MAXBUILDTIL" TOINSTANCETYPE ="Target Definition"/>
        <CONNECTOR FROMFIELD ="SKU" FROMINSTANCE ="EXP_STG_SP_MAXBLDTIL" FROMINSTANCETYPE ="Expression" TOFIELD ="SKU" TOINSTANCE ="STG_SOCKSPLANNER_MAXBUILDTIL" TOINSTANCETYPE ="Target Definition"/>
        <CONNECTOR FROMFIELD ="STATUS" FROMINSTANCE ="EXP_STG_SP_MAXBLDTIL" FROMINSTANCETYPE ="Expression" TOFIELD ="STATUS" TOINSTANCE ="STG_SOCKSPLANNER_MAXBUILDTIL" TOINSTANCETYPE ="Target Definition"/>
        <CONNECTOR FROMFIELD ="SIZEVAL" FROMINSTANCE ="EXP_STG_SP_MAXBLDTIL" FROMINSTANCETYPE ="Expression" TOFIELD ="SIZEVAL" TOINSTANCE ="STG_SOCKSPLANNER_MAXBUILDTIL" TOINSTANCETYPE ="Target Definition"/>
        <CONNECTOR FROMFIELD ="COLOR" FROMINSTANCE ="EXP_STG_SP_MAXBLDTIL" FROMINSTANCETYPE ="Expression" TOFIELD ="COLOR" TOINSTANCE ="STG_SOCKSPLANNER_MAXBUILDTIL" TOINSTANCETYPE ="Target Definition"/>
        <CONNECTOR FROMFIELD ="PUTUP" FROMINSTANCE ="EXP_STG_SP_MAXBLDTIL" FROMINSTANCETYPE ="Expression" TOFIELD ="PUTUP" TOINSTANCE ="STG_SOCKSPLANNER_MAXBUILDTIL" TOINSTANCETYPE ="Target Definition"/>
        <CONNECTOR FROMFIELD ="WRAP" FROMINSTANCE ="EXP_STG_SP_MAXBLDTIL" FROMINSTANCETYPE ="Expression" TOFIELD ="WRAP" TOINSTANCE ="STG_SOCKSPLANNER_MAXBUILDTIL" TOINSTANCETYPE ="Target Definition"/>
        <CONNECTOR FROMFIELD ="UOM" FROMINSTANCE ="EXP_STG_SP_MAXBLDTIL" FROMINSTANCETYPE ="Expression" TOFIELD ="UOM" TOINSTANCE ="STG_SOCKSPLANNER_MAXBUILDTIL" TOINSTANCETYPE ="Target Definition"/>
        <CONNECTOR FROMFIELD ="UPC_CODE" FROMINSTANCE ="EXP_STG_SP_MAXBLDTIL" FROMINSTANCETYPE ="Expression" TOFIELD ="UPC_CODE" TOINSTANCE ="STG_SOCKSPLANNER_MAXBUILDTIL" TOINSTANCETYPE ="Target Definition"/>
        <CONNECTOR FROMFIELD ="UPC_EXCEPTION" FROMINSTANCE ="EXP_STG_SP_MAXBLDTIL" FROMINSTANCETYPE ="Expression" TOFIELD ="UPC_EXCEPTION" TOINSTANCE ="STG_SOCKSPLANNER_MAXBUILDTIL" TOINSTANCETYPE ="Target Definition"/>
        <CONNECTOR FROMFIELD ="AVAILABLE_QUANTITY" FROMINSTANCE ="EXP_STG_SP_MAXBLDTIL" FROMINSTANCETYPE ="Expression" TOFIELD ="AVAILABLE_QUANTITY" TOINSTANCE ="STG_SOCKSPLANNER_MAXBUILDTIL" TOINSTANCETYPE ="Target Definition"/>
        <CONNECTOR FROMFIELD ="EXISTING_TARGET" FROMINSTANCE ="EXP_STG_SP_MAXBLDTIL" FROMINSTANCETYPE ="Expression" TOFIELD ="EXISTING_TARGET" TOINSTANCE ="STG_SOCKSPLANNER_MAXBUILDTIL" TOINSTANCETYPE ="Target Definition"/>
        <CONNECTOR FROMFIELD ="MAX_BUILD" FROMINSTANCE ="EXP_STG_SP_MAXBLDTIL" FROMINSTANCETYPE ="Expression" TOFIELD ="MAX_BUILD" TOINSTANCE ="STG_SOCKSPLANNER_MAXBUILDTIL" TOINSTANCETYPE ="Target Definition"/>
        <CONNECTOR FROMFIELD ="TARGET_PERCENTAGE" FROMINSTANCE ="EXP_STG_SP_MAXBLDTIL" FROMINSTANCETYPE ="Expression" TOFIELD ="TARGET_PERCENTAGE" TOINSTANCE ="STG_SOCKSPLANNER_MAXBUILDTIL" TOINSTANCETYPE ="Target Definition"/>
        <CONNECTOR FROMFIELD ="MAXIMUM_PERCENT" FROMINSTANCE ="EXP_STG_SP_MAXBLDTIL" FROMINSTANCETYPE ="Expression" TOFIELD ="MAXIMUM_PERCENT" TOINSTANCE ="STG_SOCKSPLANNER_MAXBUILDTIL" TOINSTANCETYPE ="Target Definition"/>
        <CONNECTOR FROMFIELD ="COLLECTOR" FROMINSTANCE ="EXP_STG_SP_MAXBLDTIL" FROMINSTANCETYPE ="Expression" TOFIELD ="COLLECTOR" TOINSTANCE ="STG_SOCKSPLANNER_MAXBUILDTIL" TOINSTANCETYPE ="Target Definition"/>
        <CONNECTOR FROMFIELD ="MILL_STYLE" FROMINSTANCE ="EXP_STG_SP_MAXBLDTIL" FROMINSTANCETYPE ="Expression" TOFIELD ="MILL_STYLE" TOINSTANCE ="STG_SOCKSPLANNER_MAXBUILDTIL" TOINSTANCETYPE ="Target Definition"/>
        <CONNECTOR FROMFIELD ="BRAND_STYLE" FROMINSTANCE ="EXP_STG_SP_MAXBLDTIL" FROMINSTANCETYPE ="Expression" TOFIELD ="BRAND_STYLE" TOINSTANCE ="STG_SOCKSPLANNER_MAXBUILDTIL" TOINSTANCETYPE ="Target Definition"/>
        <CONNECTOR FROMFIELD ="BRAND_CLASS" FROMINSTANCE ="EXP_STG_SP_MAXBLDTIL" FROMINSTANCETYPE ="Expression" TOFIELD ="BRAND_CLASS" TOINSTANCE ="STG_SOCKSPLANNER_MAXBUILDTIL" TOINSTANCETYPE ="Target Definition"/>
        <CONNECTOR FROMFIELD ="BRAND_PRODUCT_LINE" FROMINSTANCE ="EXP_STG_SP_MAXBLDTIL" FROMINSTANCETYPE ="Expression" TOFIELD ="BRAND_PRODUCT_LINE" TOINSTANCE ="STG_SOCKSPLANNER_MAXBUILDTIL" TOINSTANCETYPE ="Target Definition"/>
        <CONNECTOR FROMFIELD ="BRAND_TYPE" FROMINSTANCE ="EXP_STG_SP_MAXBLDTIL" FROMINSTANCETYPE ="Expression" TOFIELD ="BRAND_TYPE" TOINSTANCE ="STG_SOCKSPLANNER_MAXBUILDTIL" TOINSTANCETYPE ="Target Definition"/>
        <CONNECTOR FROMFIELD ="BRAND_CATEGORY" FROMINSTANCE ="EXP_STG_SP_MAXBLDTIL" FROMINSTANCETYPE ="Expression" TOFIELD ="BRAND_CATEGORY" TOINSTANCE ="STG_SOCKSPLANNER_MAXBUILDTIL" TOINSTANCETYPE ="Target Definition"/>
        <CONNECTOR FROMFIELD ="O_CY_START_DATE_LASTINV" FROMINSTANCE ="EXP_STG_SP_MAXBLDTIL" FROMINSTANCETYPE ="Expression" TOFIELD ="CY_START_DATE_LASTINV" TOINSTANCE ="STG_SOCKSPLANNER_MAXBUILDTIL" TOINSTANCETYPE ="Target Definition"/>
        <CONNECTOR FROMFIELD ="O_CY_START_DATE_LASTORDER" FROMINSTANCE ="EXP_STG_SP_MAXBLDTIL" FROMINSTANCETYPE ="Expression" TOFIELD ="CY_START_DATE_LASTORDER" TOINSTANCE ="STG_SOCKSPLANNER_MAXBUILDTIL" TOINSTANCETYPE ="Target Definition"/>
        <CONNECTOR FROMFIELD ="O_CYCLE_START" FROMINSTANCE ="EXP_STG_SP_MAXBLDTIL" FROMINSTANCETYPE ="Expression" TOFIELD ="CYCLE_START" TOINSTANCE ="STG_SOCKSPLANNER_MAXBUILDTIL" TOINSTANCETYPE ="Target Definition"/>
        <CONNECTOR FROMFIELD ="SKU" FROMINSTANCE ="SKUS" FROMINSTANCETYPE ="Source Definition" TOFIELD ="SKU" TOINSTANCE ="SQ_SKUS" TOINSTANCETYPE ="Source Qualifier"/>
        <CONNECTOR FROMFIELD ="STATUS" FROMINSTANCE ="SKUS" FROMINSTANCETYPE ="Source Definition" TOFIELD ="STATUS" TOINSTANCE ="SQ_SKUS" TOINSTANCETYPE ="Source Qualifier"/>
        <CONNECTOR FROMFIELD ="SIZEVAL" FROMINSTANCE ="SKUS" FROMINSTANCETYPE ="Source Definition" TOFIELD ="SIZEVAL" TOINSTANCE ="SQ_SKUS" TOINSTANCETYPE ="Source Qualifier"/>
        <CONNECTOR FROMFIELD ="COLOR" FROMINSTANCE ="SKUS" FROMINSTANCETYPE ="Source Definition" TOFIELD ="COLOR" TOINSTANCE ="SQ_SKUS" TOINSTANCETYPE ="Source Qualifier"/>
        <CONNECTOR FROMFIELD ="PUTUP" FROMINSTANCE ="SKUS" FROMINSTANCETYPE ="Source Definition" TOFIELD ="PUTUP" TOINSTANCE ="SQ_SKUS" TOINSTANCETYPE ="Source Qualifier"/>
        <CONNECTOR FROMFIELD ="WRAP" FROMINSTANCE ="SKUS" FROMINSTANCETYPE ="Source Definition" TOFIELD ="WRAP" TOINSTANCE ="SQ_SKUS" TOINSTANCETYPE ="Source Qualifier"/>
        <CONNECTOR FROMFIELD ="UOM" FROMINSTANCE ="SKUS" FROMINSTANCETYPE ="Source Definition" TOFIELD ="UOM" TOINSTANCE ="SQ_SKUS" TOINSTANCETYPE ="Source Qualifier"/>
        <CONNECTOR FROMFIELD ="UPC_CODE" FROMINSTANCE ="SKUS" FROMINSTANCETYPE ="Source Definition" TOFIELD ="UPC_CODE" TOINSTANCE ="SQ_SKUS" TOINSTANCETYPE ="Source Qualifier"/>
        <CONNECTOR FROMFIELD ="UPC_EXCEPTION" FROMINSTANCE ="SKUS" FROMINSTANCETYPE ="Source Definition" TOFIELD ="UPC_EXCEPTION" TOINSTANCE ="SQ_SKUS" TOINSTANCETYPE ="Source Qualifier"/>
        <CONNECTOR FROMFIELD ="AVAILABLE_QUANTITY" FROMINSTANCE ="SKUS" FROMINSTANCETYPE ="Source Definition" TOFIELD ="AVAILABLE_QUANTITY" TOINSTANCE ="SQ_SKUS" TOINSTANCETYPE ="Source Qualifier"/>
        <CONNECTOR FROMFIELD ="EXISTING_TARGET" FROMINSTANCE ="SKUS" FROMINSTANCETYPE ="Source Definition" TOFIELD ="EXISTING_TARGET" TOINSTANCE ="SQ_SKUS" TOINSTANCETYPE ="Source Qualifier"/>
        <CONNECTOR FROMFIELD ="MAX_BUILD" FROMINSTANCE ="SKUS" FROMINSTANCETYPE ="Source Definition" TOFIELD ="MAX_BUILD" TOINSTANCE ="SQ_SKUS" TOINSTANCETYPE ="Source Qualifier"/>
        <CONNECTOR FROMFIELD ="TARGET_PERCENTAGE" FROMINSTANCE ="SKUS" FROMINSTANCETYPE ="Source Definition" TOFIELD ="TARGET_PERCENTAGE" TOINSTANCE ="SQ_SKUS" TOINSTANCETYPE ="Source Qualifier"/>
        <CONNECTOR FROMFIELD ="MAXIMUM_PERCENT" FROMINSTANCE ="SKUS" FROMINSTANCETYPE ="Source Definition" TOFIELD ="MAXIMUM_PERCENT" TOINSTANCE ="SQ_SKUS" TOINSTANCETYPE ="Source Qualifier"/>
        <CONNECTOR FROMFIELD ="PLAN_CREATED_DATE" FROMINSTANCE ="SKUS" FROMINSTANCETYPE ="Source Definition" TOFIELD ="PLAN_CREATED_DATE" TOINSTANCE ="SQ_SKUS" TOINSTANCETYPE ="Source Qualifier"/>
        <CONNECTOR FROMFIELD ="CY_START_DATE_LASTINV" FROMINSTANCE ="SKUS" FROMINSTANCETYPE ="Source Definition" TOFIELD ="CY_START_DATE_LASTINV" TOINSTANCE ="SQ_SKUS" TOINSTANCETYPE ="Source Qualifier"/>
        <CONNECTOR FROMFIELD ="CY_START_DATE_LASTORDER" FROMINSTANCE ="SKUS" FROMINSTANCETYPE ="Source Definition" TOFIELD ="CY_START_DATE_LASTORDER" TOINSTANCE ="SQ_SKUS" TOINSTANCETYPE ="Source Qualifier"/>
        <CONNECTOR FROMFIELD ="COLLECTOR" FROMINSTANCE ="SKUS" FROMINSTANCETYPE ="Source Definition" TOFIELD ="COLLECTOR" TOINSTANCE ="SQ_SKUS" TOINSTANCETYPE ="Source Qualifier"/>
        <CONNECTOR FROMFIELD ="MILL_STYLE" FROMINSTANCE ="SKUS" FROMINSTANCETYPE ="Source Definition" TOFIELD ="MILL_STYLE" TOINSTANCE ="SQ_SKUS" TOINSTANCETYPE ="Source Qualifier"/>
        <CONNECTOR FROMFIELD ="BRAND_STYLE" FROMINSTANCE ="SKUS" FROMINSTANCETYPE ="Source Definition" TOFIELD ="BRAND_STYLE" TOINSTANCE ="SQ_SKUS" TOINSTANCETYPE ="Source Qualifier"/>
        <CONNECTOR FROMFIELD ="BRAND_CLASS" FROMINSTANCE ="SKUS" FROMINSTANCETYPE ="Source Definition" TOFIELD ="BRAND_CLASS" TOINSTANCE ="SQ_SKUS" TOINSTANCETYPE ="Source Qualifier"/>
        <CONNECTOR FROMFIELD ="BRAND_GENDER" FROMINSTANCE ="SKUS" FROMINSTANCETYPE ="Source Definition" TOFIELD ="BRAND_GENDER" TOINSTANCE ="SQ_SKUS" TOINSTANCETYPE ="Source Qualifier"/>
        <CONNECTOR FROMFIELD ="BRAND_PRODUCT_LINE" FROMINSTANCE ="SKUS" FROMINSTANCETYPE ="Source Definition" TOFIELD ="BRAND_PRODUCT_LINE" TOINSTANCE ="SQ_SKUS" TOINSTANCETYPE ="Source Qualifier"/>
        <CONNECTOR FROMFIELD ="BRAND_TYPE" FROMINSTANCE ="SKUS" FROMINSTANCETYPE ="Source Definition" TOFIELD ="BRAND_TYPE" TOINSTANCE ="SQ_SKUS" TOINSTANCETYPE ="Source Qualifier"/>
        <CONNECTOR FROMFIELD ="BRAND_CATEGORY" FROMINSTANCE ="SKUS" FROMINSTANCETYPE ="Source Definition" TOFIELD ="BRAND_CATEGORY" TOINSTANCE ="SQ_SKUS" TOINSTANCETYPE ="Source Qualifier"/>
        <CONNECTOR FROMFIELD ="BRAND_PARENT" FROMINSTANCE ="SKUS" FROMINSTANCETYPE ="Source Definition" TOFIELD ="BRAND_PARENT" TOINSTANCE ="SQ_SKUS" TOINSTANCETYPE ="Source Qualifier"/>
        <CONNECTOR FROMFIELD ="CYCLE_START" FROMINSTANCE ="SKUS" FROMINSTANCETYPE ="Source Definition" TOFIELD ="CYCLE_START" TOINSTANCE ="SQ_SKUS" TOINSTANCETYPE ="Source Qualifier"/>
        <CONNECTOR FROMFIELD ="SKU_OH_INV" FROMINSTANCE ="SKUS" FROMINSTANCETYPE ="Source Definition" TOFIELD ="SKU_OH_INV" TOINSTANCE ="SQ_SKUS" TOINSTANCETYPE ="Source Qualifier"/>
        <CONNECTOR FROMFIELD ="SKU_WIP" FROMINSTANCE ="SKUS" FROMINSTANCETYPE ="Source Definition" TOFIELD ="SKU_WIP" TOINSTANCE ="SQ_SKUS" TOINSTANCETYPE ="Source Qualifier"/>
        <CONNECTOR FROMFIELD ="O_COUNT" FROMINSTANCE ="AGG_SOURCE_COUNT" FROMINSTANCETYPE ="Aggregator" TOFIELD ="SRC_VAL" TOINSTANCE ="EXP_CNTL_TBL" TOINSTANCETYPE ="Expression"/>
        <CONNECTOR FROMFIELD ="O_COUNT" FROMINSTANCE ="EXP_STG_SP_MAXBLDTIL" FROMINSTANCETYPE ="Expression" TOFIELD ="I_COUNT" TOINSTANCE ="AGG_SOURCE_COUNT" TOINSTANCETYPE ="Aggregator"/>
        <CONNECTOR FROMFIELD ="CY_START_DATE_LASTORDER" FROMINSTANCE ="SQ_SKUS" FROMINSTANCETYPE ="Source Qualifier" TOFIELD ="I_CY_START_DATE_LASTORDER" TOINSTANCE ="EXP_STG_SP_MAXBLDTIL" TOINSTANCETYPE ="Expression"/>
        <CONNECTOR FROMFIELD ="COLLECTOR" FROMINSTANCE ="SQ_SKUS" FROMINSTANCETYPE ="Source Qualifier" TOFIELD ="COLLECTOR" TOINSTANCE ="EXP_STG_SP_MAXBLDTIL" TOINSTANCETYPE ="Expression"/>
        <CONNECTOR FROMFIELD ="MILL_STYLE" FROMINSTANCE ="SQ_SKUS" FROMINSTANCETYPE ="Source Qualifier" TOFIELD ="MILL_STYLE" TOINSTANCE ="EXP_STG_SP_MAXBLDTIL" TOINSTANCETYPE ="Expression"/>
        <CONNECTOR FROMFIELD ="BRAND_STYLE" FROMINSTANCE ="SQ_SKUS" FROMINSTANCETYPE ="Source Qualifier" TOFIELD ="BRAND_STYLE" TOINSTANCE ="EXP_STG_SP_MAXBLDTIL" TOINSTANCETYPE ="Expression"/>
        <CONNECTOR FROMFIELD ="BRAND_CLASS" FROMINSTANCE ="SQ_SKUS" FROMINSTANCETYPE ="Source Qualifier" TOFIELD ="BRAND_CLASS" TOINSTANCE ="EXP_STG_SP_MAXBLDTIL" TOINSTANCETYPE ="Expression"/>
        <CONNECTOR FROMFIELD ="BRAND_GENDER" FROMINSTANCE ="SQ_SKUS" FROMINSTANCETYPE ="Source Qualifier" TOFIELD ="BRAND_GENDER" TOINSTANCE ="EXP_STG_SP_MAXBLDTIL" TOINSTANCETYPE ="Expression"/>
        <CONNECTOR FROMFIELD ="BRAND_PRODUCT_LINE" FROMINSTANCE ="SQ_SKUS" FROMINSTANCETYPE ="Source Qualifier" TOFIELD ="BRAND_PRODUCT_LINE" TOINSTANCE ="EXP_STG_SP_MAXBLDTIL" TOINSTANCETYPE ="Expression"/>
        <CONNECTOR FROMFIELD ="BRAND_TYPE" FROMINSTANCE ="SQ_SKUS" FROMINSTANCETYPE ="Source Qualifier" TOFIELD ="BRAND_TYPE" TOINSTANCE ="EXP_STG_SP_MAXBLDTIL" TOINSTANCETYPE ="Expression"/>
        <CONNECTOR FROMFIELD ="COLOR" FROMINSTANCE ="SQ_SKUS" FROMINSTANCETYPE ="Source Qualifier" TOFIELD ="COLOR" TOINSTANCE ="EXP_STG_SP_MAXBLDTIL" TOINSTANCETYPE ="Expression"/>
        <CONNECTOR FROMFIELD ="PUTUP" FROMINSTANCE ="SQ_SKUS" FROMINSTANCETYPE ="Source Qualifier" TOFIELD ="PUTUP" TOINSTANCE ="EXP_STG_SP_MAXBLDTIL" TOINSTANCETYPE ="Expression"/>
        <CONNECTOR FROMFIELD ="WRAP" FROMINSTANCE ="SQ_SKUS" FROMINSTANCETYPE ="Source Qualifier" TOFIELD ="WRAP" TOINSTANCE ="EXP_STG_SP_MAXBLDTIL" TOINSTANCETYPE ="Expression"/>
        <CONNECTOR FROMFIELD ="UOM" FROMINSTANCE ="SQ_SKUS" FROMINSTANCETYPE ="Source Qualifier" TOFIELD ="UOM" TOINSTANCE ="EXP_STG_SP_MAXBLDTIL" TOINSTANCETYPE ="Expression"/>
        <CONNECTOR FROMFIELD ="UPC_CODE" FROMINSTANCE ="SQ_SKUS" FROMINSTANCETYPE ="Source Qualifier" TOFIELD ="UPC_CODE" TOINSTANCE ="EXP_STG_SP_MAXBLDTIL" TOINSTANCETYPE ="Expression"/>
        <CONNECTOR FROMFIELD ="UPC_EXCEPTION" FROMINSTANCE ="SQ_SKUS" FROMINSTANCETYPE ="Source Qualifier" TOFIELD ="UPC_EXCEPTION" TOINSTANCE ="EXP_STG_SP_MAXBLDTIL" TOINSTANCETYPE ="Expression"/>
        <CONNECTOR FROMFIELD ="AVAILABLE_QUANTITY" FROMINSTANCE ="SQ_SKUS" FROMINSTANCETYPE ="Source Qualifier" TOFIELD ="AVAILABLE_QUANTITY" TOINSTANCE ="EXP_STG_SP_MAXBLDTIL" TOINSTANCETYPE ="Expression"/>
        <CONNECTOR FROMFIELD ="EXISTING_TARGET" FROMINSTANCE ="SQ_SKUS" FROMINSTANCETYPE ="Source Qualifier" TOFIELD ="EXISTING_TARGET" TOINSTANCE ="EXP_STG_SP_MAXBLDTIL" TOINSTANCETYPE ="Expression"/>
        <CONNECTOR FROMFIELD ="MAX_BUILD" FROMINSTANCE ="SQ_SKUS" FROMINSTANCETYPE ="Source Qualifier" TOFIELD ="MAX_BUILD" TOINSTANCE ="EXP_STG_SP_MAXBLDTIL" TOINSTANCETYPE ="Expression"/>
        <CONNECTOR FROMFIELD ="TARGET_PERCENTAGE" FROMINSTANCE ="SQ_SKUS" FROMINSTANCETYPE ="Source Qualifier" TOFIELD ="TARGET_PERCENTAGE" TOINSTANCE ="EXP_STG_SP_MAXBLDTIL" TOINSTANCETYPE ="Expression"/>
        <CONNECTOR FROMFIELD ="MAXIMUM_PERCENT" FROMINSTANCE ="SQ_SKUS" FROMINSTANCETYPE ="Source Qualifier" TOFIELD ="MAXIMUM_PERCENT" TOINSTANCE ="EXP_STG_SP_MAXBLDTIL" TOINSTANCETYPE ="Expression"/>
        <CONNECTOR FROMFIELD ="PLAN_CREATED_DATE" FROMINSTANCE ="SQ_SKUS" FROMINSTANCETYPE ="Source Qualifier" TOFIELD ="I_PLAN_CREATED_DATE" TOINSTANCE ="EXP_STG_SP_MAXBLDTIL" TOINSTANCETYPE ="Expression"/>
        <CONNECTOR FROMFIELD ="CY_START_DATE_LASTINV" FROMINSTANCE ="SQ_SKUS" FROMINSTANCETYPE ="Source Qualifier" TOFIELD ="I_CY_START_DATE_LASTINV" TOINSTANCE ="EXP_STG_SP_MAXBLDTIL" TOINSTANCETYPE ="Expression"/>
        <CONNECTOR FROMFIELD ="BRAND_CATEGORY" FROMINSTANCE ="SQ_SKUS" FROMINSTANCETYPE ="Source Qualifier" TOFIELD ="BRAND_CATEGORY" TOINSTANCE ="EXP_STG_SP_MAXBLDTIL" TOINSTANCETYPE ="Expression"/>
        <CONNECTOR FROMFIELD ="BRAND_PARENT" FROMINSTANCE ="SQ_SKUS" FROMINSTANCETYPE ="Source Qualifier" TOFIELD ="BRAND_PARENT" TOINSTANCE ="EXP_STG_SP_MAXBLDTIL" TOINSTANCETYPE ="Expression"/>
        <CONNECTOR FROMFIELD ="CYCLE_START" FROMINSTANCE ="SQ_SKUS" FROMINSTANCETYPE ="Source Qualifier" TOFIELD ="I_CYCLE_START" TOINSTANCE ="EXP_STG_SP_MAXBLDTIL" TOINSTANCETYPE ="Expression"/>
        <CONNECTOR FROMFIELD ="SKU_OH_INV" FROMINSTANCE ="SQ_SKUS" FROMINSTANCETYPE ="Source Qualifier" TOFIELD ="SKU_OH_INV" TOINSTANCE ="EXP_STG_SP_MAXBLDTIL" TOINSTANCETYPE ="Expression"/>
        <CONNECTOR FROMFIELD ="SKU_WIP" FROMINSTANCE ="SQ_SKUS" FROMINSTANCETYPE ="Source Qualifier" TOFIELD ="SKU_WIP" TOINSTANCE ="EXP_STG_SP_MAXBLDTIL" TOINSTANCETYPE ="Expression"/>
        <CONNECTOR FROMFIELD ="SKU" FROMINSTANCE ="SQ_SKUS" FROMINSTANCETYPE ="Source Qualifier" TOFIELD ="SKU" TOINSTANCE ="EXP_STG_SP_MAXBLDTIL" TOINSTANCETYPE ="Expression"/>
        <CONNECTOR FROMFIELD ="STATUS" FROMINSTANCE ="SQ_SKUS" FROMINSTANCETYPE ="Source Qualifier" TOFIELD ="STATUS" TOINSTANCE ="EXP_STG_SP_MAXBLDTIL" TOINSTANCETYPE ="Expression"/>
        <CONNECTOR FROMFIELD ="SIZEVAL" FROMINSTANCE ="SQ_SKUS" FROMINSTANCETYPE ="Source Qualifier" TOFIELD ="SIZEVAL" TOINSTANCE ="EXP_STG_SP_MAXBLDTIL" TOINSTANCETYPE ="Expression"/>
        <TARGETLOADORDER ORDER ="1" TARGETINSTANCE ="INFO_ETL_CNTL_TBL"/>
        <TARGETLOADORDER ORDER ="1" TARGETINSTANCE ="STG_SOCKSPLANNER_MAXBUILDTIL"/>
        <ERPINFO/>
        <METADATAEXTENSION DATATYPE ="STRING" DESCRIPTION ="Conversion Mapping Name with version " DOMAINNAME ="User Defined Metadata Domain" ISCLIENTEDITABLE ="YES" ISCLIENTVISIBLE ="YES" ISREUSABLE ="NO" ISSHAREREAD ="NO" ISSHAREWRITE ="NO" MAXLENGTH ="256" NAME ="CONV_MAP_NAME" VALUE ="Conversion Mapping - WATR -Socks_PLANNER_TilMaxbuild v1 0.xlsx" VENDORNAME ="INFORMATICA"/>
    </MAPPING>
    <CONFIG DESCRIPTION ="Default session configuration object" ISDEFAULT ="YES" NAME ="default_session_config" VERSIONNUMBER ="1">
        <ATTRIBUTE NAME ="Advanced" VALUE =""/>
        <ATTRIBUTE NAME ="Constraint based load ordering" VALUE ="NO"/>
        <ATTRIBUTE NAME ="Cache LOOKUP() function" VALUE ="YES"/>
        <ATTRIBUTE NAME ="Default buffer block size" VALUE ="Auto"/>
        <ATTRIBUTE NAME ="Line Sequential buffer length" VALUE ="1024"/>
        <ATTRIBUTE NAME ="Maximum Memory Allowed For Auto Memory Attributes" VALUE ="0"/>
        <ATTRIBUTE NAME ="Maximum Percentage of Total Memory Allowed For Auto Memory Attributes" VALUE ="5"/>
        <ATTRIBUTE NAME ="Additional Concurrent Pipelines for Lookup Cache Creation" VALUE ="0"/>
        <ATTRIBUTE NAME ="Custom Properties" VALUE =""/>
        <ATTRIBUTE NAME ="Pre-build lookup cache" VALUE ="Auto"/>
        <ATTRIBUTE NAME ="Optimization Level" VALUE ="Medium"/>
        <ATTRIBUTE NAME ="DateTime Format String" VALUE ="MM/DD/YYYY HH24:MI:SS.US"/>
        <ATTRIBUTE NAME ="Pre 85 Timestamp Compatibility" VALUE ="NO"/>
        <ATTRIBUTE NAME ="Log Options" VALUE ="0"/>
        <ATTRIBUTE NAME ="Save session log by" VALUE ="Session runs"/>
        <ATTRIBUTE NAME ="Save session log for these runs" VALUE ="9"/>
        <ATTRIBUTE NAME ="Session Log File Max Size" VALUE ="0"/>
        <ATTRIBUTE NAME ="Session Log File Max Time Period" VALUE ="0"/>
        <ATTRIBUTE NAME ="Maximum Partial Session Log Files" VALUE ="1"/>
        <ATTRIBUTE NAME ="Writer Commit Statistics Log Frequency" VALUE ="1"/>
        <ATTRIBUTE NAME ="Writer Commit Statistics Log Interval" VALUE ="0"/>
        <ATTRIBUTE NAME ="Error handling" VALUE =""/>
        <ATTRIBUTE NAME ="Stop on errors" VALUE ="1"/>
        <ATTRIBUTE NAME ="Override tracing" VALUE ="None"/>
        <ATTRIBUTE NAME ="On Stored Procedure error" VALUE ="Stop"/>
        <ATTRIBUTE NAME ="On Pre-session command task error" VALUE ="Stop"/>
        <ATTRIBUTE NAME ="On Pre-Post SQL error" VALUE ="Stop"/>
        <ATTRIBUTE NAME ="Enable Recovery" VALUE ="NO"/>
        <ATTRIBUTE NAME ="Error Log Type" VALUE ="None"/>
        <ATTRIBUTE NAME ="Error Log Table Name Prefix" VALUE =""/>
        <ATTRIBUTE NAME ="Error Log File Name" VALUE ="PMError.log"/>
        <ATTRIBUTE NAME ="Log Source Row Data" VALUE ="NO"/>
        <ATTRIBUTE NAME ="Data Column Delimiter" VALUE ="|"/>
        <ATTRIBUTE NAME ="Partitioning Options" VALUE =""/>
        <ATTRIBUTE NAME ="Dynamic Partitioning" VALUE ="Disabled"/>
        <ATTRIBUTE NAME ="Number of Partitions" VALUE ="1"/>
        <ATTRIBUTE NAME ="Multiplication Factor" VALUE ="Auto"/>
        <ATTRIBUTE NAME ="Session on Grid" VALUE =""/>
        <ATTRIBUTE NAME ="Is Enabled" VALUE ="NO"/>
    </CONFIG>
    <SESSION DESCRIPTION ="This session invokes the mapping m_STG_SOCKSPLAN_MAXBLDTIL" ISVALID ="YES" MAPPINGNAME ="m_STG_SOCKSPLAN_MAXBLDTIL" NAME ="s_m_STG_SOCKSPLAN_MAXBLDTIL" REUSABLE ="YES" SORTORDER ="Binary" VERSIONNUMBER ="1">
        <SESSTRANSFORMATIONINST ISREPARTITIONPOINT ="YES" PARTITIONTYPE ="PASS THROUGH" PIPELINE ="1" SINSTANCENAME ="STG_SOCKSPLANNER_MAXBUILDTIL" STAGE ="1" TRANSFORMATIONNAME ="STG_SOCKSPLANNER_MAXBUILDTIL" TRANSFORMATIONTYPE ="Target Definition">
            <ATTRIBUTE NAME ="Table Name Prefix" VALUE ="STAGING"/>
            <ATTRIBUTE NAME ="Pre SQL" VALUE ="delete from staging.stg_socksplanner_maxbuildtil  where trunc(update_date) &gt; trunc(sysdate-735);&#xD;&#xA;&#xD;&#xA;commit;&#xD;&#xA;&#xD;&#xA;delete from staging.stg_socksplanner_maxbuildtil  where trunc(update_date) = trunc(sysdate);&#xD;&#xA;&#xD;&#xA;commit;"/>
        </SESSTRANSFORMATIONINST>
        <SESSTRANSFORMATIONINST ISREPARTITIONPOINT ="NO" PIPELINE ="0" SINSTANCENAME ="SKUS" STAGE ="0" TRANSFORMATIONNAME ="SKUS" TRANSFORMATIONTYPE ="Source Definition">
            <FLATFILE CODEPAGE ="US-ASCII" CONSECDELIMITERSASONE ="NO" DELIMITED ="YES" DELIMITERS ="&#x5c;011" ESCAPE_CHARACTER ="" KEEPESCAPECHAR ="NO" LINESEQUENTIAL ="NO" MULTIDELIMITERSASAND ="NO" NULLCHARTYPE ="ASCII" NULL_CHARACTER ="*" PADBYTES ="1" QUOTE_CHARACTER ="DOUBLE" REPEATABLE ="NO" ROWDELIMITER ="0" SKIPROWS ="0" STRIPTRAILINGBLANKS ="NO"/>
        </SESSTRANSFORMATIONINST>
        <SESSTRANSFORMATIONINST ISREPARTITIONPOINT ="YES" PARTITIONTYPE ="PASS THROUGH" PIPELINE ="1" SINSTANCENAME ="SQ_SKUS" STAGE ="2" TRANSFORMATIONNAME ="SQ_SKUS" TRANSFORMATIONTYPE ="Source Qualifier"/>
        <SESSTRANSFORMATIONINST ISREPARTITIONPOINT ="NO" PIPELINE ="1" SINSTANCENAME ="EXP_STG_SP_MAXBLDTIL" STAGE ="2" TRANSFORMATIONNAME ="EXP_STG_SP_MAXBLDTIL" TRANSFORMATIONTYPE ="Expression">
            <PARTITION DESCRIPTION ="" NAME ="Partition #1"/>
        </SESSTRANSFORMATIONINST>
        <SESSTRANSFORMATIONINST ISREPARTITIONPOINT ="YES" PARTITIONTYPE ="PASS THROUGH" PIPELINE ="1" SINSTANCENAME ="INFO_ETL_CNTL_TBL" STAGE ="3" TRANSFORMATIONNAME ="INFO_ETL_CNTL_TBL" TRANSFORMATIONTYPE ="Target Definition">
            <ATTRIBUTE NAME ="Post SQL" VALUE ="UPDATE INFO_ETL_CNTL_TBL&#xD;&#xA;SET TGT_VAL=( SELECT count(*) FROM staging.STG_SOCKSPLANNER_MAXBUILDTIL WHERE trunc(UPDATE_DATE)=&#xD;&#xA;(SELECT MAX(trunc(MAP_RUN_DT)) FROM INFO_ETL_CNTL_TBL WHERE &#xD;&#xA;INFO_MAP_NAME = &apos;m_STG_SOCKSPLAN_MAXBLDTIL&apos; AND MAP_RUN_DT &lt;=SYSDATE)) &#xD;&#xA;WHERE &#xD;&#xA;INFO_MAP_NAME = &apos;m_STG_SOCKSPLAN_MAXBLDTIL&apos; AND &#xD;&#xA;MAP_RUN_DT=(SELECT MAX(MAP_RUN_DT) FROM INFO_ETL_CNTL_TBL WHERE INFO_MAP_NAME = &apos;m_STG_SOCKSPLAN_MAXBLDTIL&apos; AND MAP_RUN_DT &lt;=SYSDATE ) ;&#xD;&#xA;&#xD;&#xA;UPDATE INFO_ETL_CNTL_TBL&#xD;&#xA;SET STATUS_YN = (CASE WHEN SRC_VAL = TGT_VAL THEN &apos;Y&apos; ELSE &apos;N&apos; END )&#xD;&#xA;WHERE &#xD;&#xA;INFO_MAP_NAME = &apos;m_STG_SOCKSPLAN_MAXBLDTIL&apos;  AND &#xD;&#xA;MAP_RUN_DT=(SELECT MAX(MAP_RUN_DT) FROM INFO_ETL_CNTL_TBL&#xD;&#xA; WHERE INFO_MAP_NAME = &apos;m_STG_SOCKSPLAN_MAXBLDTIL&apos; AND MAP_RUN_DT &lt;=SYSDATE );"/>
        </SESSTRANSFORMATIONINST>
        <SESSTRANSFORMATIONINST ISREPARTITIONPOINT ="YES" PARTITIONTYPE ="HASH AUTO KEYS" PIPELINE ="1" SINSTANCENAME ="AGG_SOURCE_COUNT" STAGE ="4" TRANSFORMATIONNAME ="AGG_SOURCE_COUNT" TRANSFORMATIONTYPE ="Aggregator">
            <PARTITION DESCRIPTION ="" NAME ="Partition #1"/>
        </SESSTRANSFORMATIONINST>
        <SESSTRANSFORMATIONINST ISREPARTITIONPOINT ="NO" PIPELINE ="1" SINSTANCENAME ="EXP_CNTL_TBL" STAGE ="4" TRANSFORMATIONNAME ="EXP_CNTL_TBL" TRANSFORMATIONTYPE ="Expression">
            <PARTITION DESCRIPTION ="" NAME ="Partition #1"/>
        </SESSTRANSFORMATIONINST>
        <CONFIGREFERENCE REFOBJECTNAME ="default_session_config" TYPE ="Session config"/>
        <SESSIONEXTENSION NAME ="Relational Writer" SINSTANCENAME ="STG_SOCKSPLANNER_MAXBUILDTIL" SUBTYPE ="Relational Writer" TRANSFORMATIONTYPE ="Target Definition" TYPE ="WRITER">
            <CONNECTIONREFERENCE CNXREFNAME ="DB Connection" CONNECTIONNAME ="SLBADW" CONNECTIONNUMBER ="1" CONNECTIONSUBTYPE ="Oracle" CONNECTIONTYPE ="Relational" VARIABLE =""/>
            <ATTRIBUTE NAME ="Target load type" VALUE ="Normal"/>
            <ATTRIBUTE NAME ="Insert" VALUE ="YES"/>
            <ATTRIBUTE NAME ="Update as Update" VALUE ="NO"/>
            <ATTRIBUTE NAME ="Update as Insert" VALUE ="NO"/>
            <ATTRIBUTE NAME ="Update else Insert" VALUE ="NO"/>
            <ATTRIBUTE NAME ="Delete" VALUE ="NO"/>
            <ATTRIBUTE NAME ="Truncate target table option" VALUE ="NO"/>
            <ATTRIBUTE NAME ="Reject file directory" VALUE ="$PMBadFileDir&#x5c;INVENTORY_ANALYSIS&#x5c;BAD&#x5c;"/>
            <ATTRIBUTE NAME ="Reject filename" VALUE ="s_m_STG_SP_MAXBLDTIL.bad"/>
        </SESSIONEXTENSION>
        <SESSIONEXTENSION DSQINSTNAME ="SQ_SKUS" DSQINSTTYPE ="Source Qualifier" NAME ="File Reader" SINSTANCENAME ="SKUS" SUBTYPE ="File Reader" TRANSFORMATIONTYPE ="Source Definition" TYPE ="READER">
            <CONNECTIONREFERENCE CNXREFNAME ="Connection" CONNECTIONNAME ="" CONNECTIONNUMBER ="1" CONNECTIONSUBTYPE ="" CONNECTIONTYPE ="" VARIABLE =""/>
            <ATTRIBUTE NAME ="Input Type" VALUE ="File"/>
            <ATTRIBUTE NAME ="Concurrent read partitioning" VALUE ="Optimize throughput"/>
            <ATTRIBUTE NAME ="Command Type" VALUE ="Command Generating Data"/>
            <ATTRIBUTE NAME ="Source filetype" VALUE ="Direct"/>
            <ATTRIBUTE NAME ="Source file directory" VALUE ="$PMSourceFileDir&#x5c;INVENTORY_ANALYSIS&#x5c;SRC&#x5c;"/>
            <ATTRIBUTE NAME ="Source filename" VALUE ="SKUS.txt"/>
            <ATTRIBUTE NAME ="Command" VALUE =""/>
            <ATTRIBUTE NAME ="File Reader Truncate String Null" VALUE ="NO"/>
            <ATTRIBUTE NAME ="Codepage Parameter" VALUE =""/>
        </SESSIONEXTENSION>
        <SESSIONEXTENSION NAME ="File Reader" SINSTANCENAME ="SQ_SKUS" SUBTYPE ="File Reader" TRANSFORMATIONTYPE ="Source Qualifier" TYPE ="READER"/>
        <SESSIONEXTENSION NAME ="Relational Writer" SINSTANCENAME ="INFO_ETL_CNTL_TBL" SUBTYPE ="Relational Writer" TRANSFORMATIONTYPE ="Target Definition" TYPE ="WRITER">
            <CONNECTIONREFERENCE CNXREFNAME ="DB Connection" CONNECTIONNAME ="SLBADW" CONNECTIONNUMBER ="1" CONNECTIONSUBTYPE ="Oracle" CONNECTIONTYPE ="Relational" VARIABLE =""/>
            <ATTRIBUTE NAME ="Target load type" VALUE ="Normal"/>
            <ATTRIBUTE NAME ="Insert" VALUE ="YES"/>
            <ATTRIBUTE NAME ="Update as Update" VALUE ="NO"/>
            <ATTRIBUTE NAME ="Update as Insert" VALUE ="NO"/>
            <ATTRIBUTE NAME ="Update else Insert" VALUE ="NO"/>
            <ATTRIBUTE NAME ="Delete" VALUE ="NO"/>
            <ATTRIBUTE NAME ="Truncate target table option" VALUE ="NO"/>
            <ATTRIBUTE NAME ="Reject file directory" VALUE ="$PMBadFileDir&#x5c;INVENTORY_ANALYSIS&#x5c;BAD&#x5c;"/>
            <ATTRIBUTE NAME ="Reject filename" VALUE ="s_m_STG_SP_MAXBLDTIL_CNT.bad"/>
        </SESSIONEXTENSION>
        <ATTRIBUTE NAME ="General Options" VALUE =""/>
        <ATTRIBUTE NAME ="Write Backward Compatible Session Log File" VALUE ="YES"/>
        <ATTRIBUTE NAME ="Session Log File Name" VALUE ="s_m_STG_SOCKSPLAN_MAXBLDTIL.log"/>
        <ATTRIBUTE NAME ="Session Log File directory" VALUE ="$PMSessionLogDir&#x5c;INVENTORY_ANALYSIS&#x5c;LOG&#x5c;"/>
        <ATTRIBUTE NAME ="Parameter Filename" VALUE =""/>
        <ATTRIBUTE NAME ="Enable Test Load" VALUE ="NO"/>
        <ATTRIBUTE NAME ="$Source connection value" VALUE =""/>
        <ATTRIBUTE NAME ="$Target connection value" VALUE =""/>
        <ATTRIBUTE NAME ="Treat source rows as" VALUE ="Insert"/>
        <ATTRIBUTE NAME ="Commit Type" VALUE ="Target"/>
        <ATTRIBUTE NAME ="Commit Interval" VALUE ="2000000"/>
        <ATTRIBUTE NAME ="Commit On End Of File" VALUE ="YES"/>
        <ATTRIBUTE NAME ="Rollback Transactions on Errors" VALUE ="NO"/>
        <ATTRIBUTE NAME ="Recovery Strategy" VALUE ="Restart task"/>
        <ATTRIBUTE NAME ="Java Classpath" VALUE =""/>
        <ATTRIBUTE NAME ="Performance" VALUE =""/>
        <ATTRIBUTE NAME ="DTM buffer size" VALUE ="Auto"/>
        <ATTRIBUTE NAME ="Collect performance data" VALUE ="NO"/>
        <ATTRIBUTE NAME ="Write performance data to repository" VALUE ="NO"/>
        <ATTRIBUTE NAME ="Incremental Aggregation" VALUE ="NO"/>
        <ATTRIBUTE NAME ="Enable high precision" VALUE ="NO"/>
        <ATTRIBUTE NAME ="Session retry on deadlock" VALUE ="NO"/>
        <ATTRIBUTE NAME ="Pushdown Optimization" VALUE ="None"/>
        <ATTRIBUTE NAME ="Allow Temporary View for Pushdown" VALUE ="NO"/>
        <ATTRIBUTE NAME ="Allow Temporary Sequence for Pushdown" VALUE ="NO"/>
        <ATTRIBUTE NAME ="Allow Pushdown for User Incompatible Connections" VALUE ="NO"/>
        <METADATAEXTENSION DATATYPE ="STRING" DESCRIPTION ="Conversion Mapping  Name with version " DOMAINNAME ="User Defined Metadata Domain" ISCLIENTEDITABLE ="YES" ISCLIENTVISIBLE ="YES" ISREUSABLE ="NO" ISSHAREREAD ="NO" ISSHAREWRITE ="NO" MAXLENGTH ="256" NAME ="CONV_MAP_NAME" VALUE ="" VENDORNAME ="INFORMATICA"/>
    </SESSION>
    <WORKFLOW DESCRIPTION ="This workflow invokes the session s_m_STG_SOCKSPLAN_MAXBLDTIL" ISENABLED ="YES" ISRUNNABLESERVICE ="NO" ISSERVICE ="NO" ISVALID ="YES" NAME ="wf_s_m_STG_SP_MAXBLDTIL" REUSABLE_SCHEDULER ="NO" SCHEDULERNAME ="Scheduler" SERVERNAME ="Domain10_PRD_Int_Svc" SERVER_DOMAINNAME ="Domain10_PRD" SUSPEND_ON_ERROR ="NO" TASKS_MUST_RUN_ON_SERVER ="NO" VERSIONNUMBER ="1">
        <SCHEDULER DESCRIPTION ="" NAME ="Scheduler" REUSABLE ="NO" VERSIONNUMBER ="1">
            <SCHEDULEINFO SCHEDULETYPE ="ONDEMAND"/>
        </SCHEDULER>
        <TASK DESCRIPTION ="" NAME ="Start" REUSABLE ="NO" TYPE ="Start" VERSIONNUMBER ="1"/>
        <TASKINSTANCE DESCRIPTION ="This session invokes the mapping m_STG_SOCKSPLAN_MAXBLDTIL" FAIL_PARENT_IF_INSTANCE_DID_NOT_RUN ="YES" FAIL_PARENT_IF_INSTANCE_FAILS ="YES" ISENABLED ="YES" NAME ="s_m_STG_SOCKSPLAN_MAXBLDTIL" REUSABLE ="YES" TASKNAME ="s_m_STG_SOCKSPLAN_MAXBLDTIL" TASKTYPE ="Session" TREAT_INPUTLINK_AS_AND ="NO"/>
        <TASKINSTANCE DESCRIPTION ="" ISENABLED ="YES" NAME ="Start" REUSABLE ="NO" TASKNAME ="Start" TASKTYPE ="Start"/>
        <WORKFLOWLINK CONDITION ="" FROMTASK ="Start" TOTASK ="s_m_STG_SOCKSPLAN_MAXBLDTIL"/>
        <WORKFLOWVARIABLE DATATYPE ="date/time" DEFAULTVALUE ="" DESCRIPTION ="The time this task started" ISNULL ="NO" ISPERSISTENT ="NO" NAME ="$s_m_STG_SOCKSPLAN_MAXBLDTIL.StartTime" USERDEFINED ="NO"/>
        <WORKFLOWVARIABLE DATATYPE ="date/time" DEFAULTVALUE ="" DESCRIPTION ="The time this task completed" ISNULL ="NO" ISPERSISTENT ="NO" NAME ="$s_m_STG_SOCKSPLAN_MAXBLDTIL.EndTime" USERDEFINED ="NO"/>
        <WORKFLOWVARIABLE DATATYPE ="integer" DEFAULTVALUE ="" DESCRIPTION ="Status of this task&apos;s execution" ISNULL ="NO" ISPERSISTENT ="NO" NAME ="$s_m_STG_SOCKSPLAN_MAXBLDTIL.Status" USERDEFINED ="NO"/>
        <WORKFLOWVARIABLE DATATYPE ="integer" DEFAULTVALUE ="" DESCRIPTION ="Status of the previous task that is not disabled" ISNULL ="NO" ISPERSISTENT ="NO" NAME ="$s_m_STG_SOCKSPLAN_MAXBLDTIL.PrevTaskStatus" USERDEFINED ="NO"/>
        <WORKFLOWVARIABLE DATATYPE ="integer" DEFAULTVALUE ="" DESCRIPTION ="Error code for this task&apos;s execution" ISNULL ="NO" ISPERSISTENT ="NO" NAME ="$s_m_STG_SOCKSPLAN_MAXBLDTIL.ErrorCode" USERDEFINED ="NO"/>
        <WORKFLOWVARIABLE DATATYPE ="string" DEFAULTVALUE ="" DESCRIPTION ="Error message for this task&apos;s execution" ISNULL ="NO" ISPERSISTENT ="NO" NAME ="$s_m_STG_SOCKSPLAN_MAXBLDTIL.ErrorMsg" USERDEFINED ="NO"/>
        <WORKFLOWVARIABLE DATATYPE ="integer" DEFAULTVALUE ="" DESCRIPTION ="Rows successfully read" ISNULL ="NO" ISPERSISTENT ="NO" NAME ="$s_m_STG_SOCKSPLAN_MAXBLDTIL.SrcSuccessRows" USERDEFINED ="NO"/>
        <WORKFLOWVARIABLE DATATYPE ="integer" DEFAULTVALUE ="" DESCRIPTION ="Rows failed to read" ISNULL ="NO" ISPERSISTENT ="NO" NAME ="$s_m_STG_SOCKSPLAN_MAXBLDTIL.SrcFailedRows" USERDEFINED ="NO"/>
        <WORKFLOWVARIABLE DATATYPE ="integer" DEFAULTVALUE ="" DESCRIPTION ="Rows successfully loaded" ISNULL ="NO" ISPERSISTENT ="NO" NAME ="$s_m_STG_SOCKSPLAN_MAXBLDTIL.TgtSuccessRows" USERDEFINED ="NO"/>
        <WORKFLOWVARIABLE DATATYPE ="integer" DEFAULTVALUE ="" DESCRIPTION ="Rows failed to load" ISNULL ="NO" ISPERSISTENT ="NO" NAME ="$s_m_STG_SOCKSPLAN_MAXBLDTIL.TgtFailedRows" USERDEFINED ="NO"/>
        <WORKFLOWVARIABLE DATATYPE ="integer" DEFAULTVALUE ="" DESCRIPTION ="Total number of transformation errors" ISNULL ="NO" ISPERSISTENT ="NO" NAME ="$s_m_STG_SOCKSPLAN_MAXBLDTIL.TotalTransErrors" USERDEFINED ="NO"/>
        <WORKFLOWVARIABLE DATATYPE ="integer" DEFAULTVALUE ="" DESCRIPTION ="First error code" ISNULL ="NO" ISPERSISTENT ="NO" NAME ="$s_m_STG_SOCKSPLAN_MAXBLDTIL.FirstErrorCode" USERDEFINED ="NO"/>
        <WORKFLOWVARIABLE DATATYPE ="string" DEFAULTVALUE ="" DESCRIPTION ="First error message" ISNULL ="NO" ISPERSISTENT ="NO" NAME ="$s_m_STG_SOCKSPLAN_MAXBLDTIL.FirstErrorMsg" USERDEFINED ="NO"/>
        <WORKFLOWVARIABLE DATATYPE ="date/time" DEFAULTVALUE ="" DESCRIPTION ="The time this task started" ISNULL ="NO" ISPERSISTENT ="NO" NAME ="$Start.StartTime" USERDEFINED ="NO"/>
        <WORKFLOWVARIABLE DATATYPE ="date/time" DEFAULTVALUE ="" DESCRIPTION ="The time this task completed" ISNULL ="NO" ISPERSISTENT ="NO" NAME ="$Start.EndTime" USERDEFINED ="NO"/>
        <WORKFLOWVARIABLE DATATYPE ="integer" DEFAULTVALUE ="" DESCRIPTION ="Status of this task&apos;s execution" ISNULL ="NO" ISPERSISTENT ="NO" NAME ="$Start.Status" USERDEFINED ="NO"/>
        <WORKFLOWVARIABLE DATATYPE ="integer" DEFAULTVALUE ="" DESCRIPTION ="Status of the previous task that is not disabled" ISNULL ="NO" ISPERSISTENT ="NO" NAME ="$Start.PrevTaskStatus" USERDEFINED ="NO"/>
        <WORKFLOWVARIABLE DATATYPE ="integer" DEFAULTVALUE ="" DESCRIPTION ="Error code for this task&apos;s execution" ISNULL ="NO" ISPERSISTENT ="NO" NAME ="$Start.ErrorCode" USERDEFINED ="NO"/>
        <WORKFLOWVARIABLE DATATYPE ="string" DEFAULTVALUE ="" DESCRIPTION ="Error message for this task&apos;s execution" ISNULL ="NO" ISPERSISTENT ="NO" NAME ="$Start.ErrorMsg" USERDEFINED ="NO"/>
        <ATTRIBUTE NAME ="Parameter Filename" VALUE =""/>
        <ATTRIBUTE NAME ="Write Backward Compatible Workflow Log File" VALUE ="YES"/>
        <ATTRIBUTE NAME ="Workflow Log File Name" VALUE ="wf_s_m_STG_SP_MAXBLDTIL.log"/>
        <ATTRIBUTE NAME ="Workflow Log File Directory" VALUE ="$PMWorkflowLogDir&#x5c;INVENTORY_ANALYSIS&#x5c;LOG&#x5c;"/>
        <ATTRIBUTE NAME ="Save Workflow log by" VALUE ="By runs"/>
        <ATTRIBUTE NAME ="Save workflow log for these runs" VALUE ="9"/>
        <ATTRIBUTE NAME ="Service Name" VALUE =""/>
        <ATTRIBUTE NAME ="Service Timeout" VALUE ="0"/>
        <ATTRIBUTE NAME ="Is Service Visible" VALUE ="NO"/>
        <ATTRIBUTE NAME ="Is Service Protected" VALUE ="NO"/>
        <ATTRIBUTE NAME ="Fail task after wait time" VALUE ="0"/>
        <ATTRIBUTE NAME ="Enable HA recovery" VALUE ="NO"/>
        <ATTRIBUTE NAME ="Automatically recover terminated tasks" VALUE ="NO"/>
        <ATTRIBUTE NAME ="Service Level Name" VALUE ="Default"/>
        <ATTRIBUTE NAME ="Allow concurrent run with unique run instance name" VALUE ="NO"/>
        <ATTRIBUTE NAME ="Allow concurrent run with same run instance name" VALUE ="NO"/>
        <ATTRIBUTE NAME ="Maximum number of concurrent runs" VALUE ="0"/>
        <ATTRIBUTE NAME ="Assigned Web Services Hubs" VALUE =""/>
        <ATTRIBUTE NAME ="Maximum number of concurrent runs per Hub" VALUE ="1000"/>
        <ATTRIBUTE NAME ="Expected Service Time" VALUE ="1"/>
        <METADATAEXTENSION DATATYPE ="STRING" DESCRIPTION ="Conversion Mapping Name with version " DOMAINNAME ="User Defined Metadata Domain" ISCLIENTEDITABLE ="YES" ISCLIENTVISIBLE ="YES" ISREUSABLE ="NO" ISSHAREREAD ="NO" ISSHAREWRITE ="NO" MAXLENGTH ="256" NAME ="CONV_MAP_NAME" VALUE ="Conversion Mapping - WATR -Socks_PLANNER_TilMaxbuild v1 0.xlsx" VENDORNAME ="INFORMATICA"/>
        <METADATAEXTENSION DATATYPE ="STRING" DESCRIPTION ="" DOMAINNAME ="User Defined Metadata Domain" ISCLIENTEDITABLE ="YES" ISCLIENTVISIBLE ="YES" ISREUSABLE ="NO" ISSHAREREAD ="NO" ISSHAREWRITE ="NO" MAXLENGTH ="256" NAME ="Extension" VALUE ="" VENDORNAME ="INFORMATICA"/>
    </WORKFLOW>
</FOLDER>
</REPOSITORY>
</POWERMART>