<?xml version="1.0" encoding="Windows-1252"?>
<!DOCTYPE POWERMART SYSTEM "powrmart.dtd">
<POWERMART CREATION_DATE="05/20/2024 09:33:08" REPOSITORY_VERSION="187.96">
<REPOSITORY NAME="Domain10_Rep_Svc_Prd" VERSION="187" CODEPAGE="MS1252" DATABASETYPE="Microsoft SQL Server">
<FOLDER NAME="INVENTORY_ANALYSIS" GROUP="" OWNER="Administrator" SHARED="NOTSHARED" DESCRIPTION="" PERMISSIONS="rwx---r--" UUID="27b7fb57-5066-4c7e-aee4-118d44bfa5b6">
    <SOURCE BUSINESSNAME ="" DATABASETYPE ="Oracle" DBDNAME ="slbadw" DESCRIPTION ="" NAME ="RMLCA_INTERIM_1" OBJECTVERSION ="1" OWNERNAME ="PUBLIC" VERSIONNUMBER ="1">
        <SOURCEFIELD BUSINESSNAME ="" DATATYPE ="varchar2" DESCRIPTION ="" FIELDNUMBER ="1" FIELDPROPERTY ="0" FIELDTYPE ="ELEMITEM" HIDDEN ="NO" KEYTYPE ="NOT A KEY" LENGTH ="0" LEVEL ="0" NAME ="ROOT_STYLE_CD" NULLABLE ="NULL" OCCURS ="0" OFFSET ="0" PHYSICALLENGTH ="6" PHYSICALOFFSET ="0" PICTURETEXT ="" PRECISION ="6" SCALE ="0" USAGE_FLAGS =""/>
        <SOURCEFIELD BUSINESSNAME ="" DATATYPE ="varchar2" DESCRIPTION ="" FIELDNUMBER ="2" FIELDPROPERTY ="0" FIELDTYPE ="ELEMITEM" HIDDEN ="NO" KEYTYPE ="NOT A KEY" LENGTH ="0" LEVEL ="0" NAME ="ROOT_COLOR_CD" NULLABLE ="NULL" OCCURS ="0" OFFSET ="0" PHYSICALLENGTH ="4" PHYSICALOFFSET ="6" PICTURETEXT ="" PRECISION ="4" SCALE ="0" USAGE_FLAGS =""/>
        <SOURCEFIELD BUSINESSNAME ="" DATATYPE ="varchar2" DESCRIPTION ="" FIELDNUMBER ="3" FIELDPROPERTY ="0" FIELDTYPE ="ELEMITEM" HIDDEN ="NO" KEYTYPE ="NOT A KEY" LENGTH ="0" LEVEL ="0" NAME ="ROOT_ATTRIBUTE_CD" NULLABLE ="NULL" OCCURS ="0" OFFSET ="0" PHYSICALLENGTH ="6" PHYSICALOFFSET ="10" PICTURETEXT ="" PRECISION ="6" SCALE ="0" USAGE_FLAGS =""/>
        <SOURCEFIELD BUSINESSNAME ="" DATATYPE ="varchar2" DESCRIPTION ="" FIELDNUMBER ="4" FIELDPROPERTY ="0" FIELDTYPE ="ELEMITEM" HIDDEN ="NO" KEYTYPE ="NOT A KEY" LENGTH ="0" LEVEL ="0" NAME ="ROOT_SIZE_CD" NULLABLE ="NULL" OCCURS ="0" OFFSET ="0" PHYSICALLENGTH ="3" PHYSICALOFFSET ="16" PICTURETEXT ="" PRECISION ="3" SCALE ="0" USAGE_FLAGS =""/>
        <SOURCEFIELD BUSINESSNAME ="" DATATYPE ="number(p,s)" DESCRIPTION ="" FIELDNUMBER ="5" FIELDPROPERTY ="0" FIELDTYPE ="ELEMITEM" HIDDEN ="NO" KEYTYPE ="NOT A KEY" LENGTH ="5" LEVEL ="0" NAME ="ROOT_REVISION_NO" NULLABLE ="NULL" OCCURS ="0" OFFSET ="0" PHYSICALLENGTH ="3" PHYSICALOFFSET ="19" PICTURETEXT ="" PRECISION ="3" SCALE ="0" USAGE_FLAGS =""/>
        <SOURCEFIELD BUSINESSNAME ="" DATATYPE ="varchar2" DESCRIPTION ="" FIELDNUMBER ="6" FIELDPROPERTY ="0" FIELDTYPE ="ELEMITEM" HIDDEN ="NO" KEYTYPE ="NOT A KEY" LENGTH ="0" LEVEL ="0" NAME ="ROOT_MFG_PATH_ID" NULLABLE ="NULL" OCCURS ="0" OFFSET ="5" PHYSICALLENGTH ="3" PHYSICALOFFSET ="22" PICTURETEXT ="" PRECISION ="3" SCALE ="0" USAGE_FLAGS =""/>
        <SOURCEFIELD BUSINESSNAME ="" DATATYPE ="varchar2" DESCRIPTION ="" FIELDNUMBER ="7" FIELDPROPERTY ="0" FIELDTYPE ="ELEMITEM" HIDDEN ="NO" KEYTYPE ="NOT A KEY" LENGTH ="0" LEVEL ="0" NAME ="COMPONENT_STYLE_CD" NULLABLE ="NULL" OCCURS ="0" OFFSET ="5" PHYSICALLENGTH ="6" PHYSICALOFFSET ="25" PICTURETEXT ="" PRECISION ="6" SCALE ="0" USAGE_FLAGS =""/>
        <SOURCEFIELD BUSINESSNAME ="" DATATYPE ="varchar2" DESCRIPTION ="" FIELDNUMBER ="8" FIELDPROPERTY ="0" FIELDTYPE ="ELEMITEM" HIDDEN ="NO" KEYTYPE ="NOT A KEY" LENGTH ="0" LEVEL ="0" NAME ="COMPONENT_COLOR_CD" NULLABLE ="NULL" OCCURS ="0" OFFSET ="5" PHYSICALLENGTH ="4" PHYSICALOFFSET ="31" PICTURETEXT ="" PRECISION ="4" SCALE ="0" USAGE_FLAGS =""/>
        <SOURCEFIELD BUSINESSNAME ="" DATATYPE ="varchar2" DESCRIPTION ="" FIELDNUMBER ="9" FIELDPROPERTY ="0" FIELDTYPE ="ELEMITEM" HIDDEN ="NO" KEYTYPE ="NOT A KEY" LENGTH ="0" LEVEL ="0" NAME ="COMPONENT_ATTRIBUTE_CD" NULLABLE ="NULL" OCCURS ="0" OFFSET ="5" PHYSICALLENGTH ="6" PHYSICALOFFSET ="35" PICTURETEXT ="" PRECISION ="6" SCALE ="0" USAGE_FLAGS =""/>
        <SOURCEFIELD BUSINESSNAME ="" DATATYPE ="varchar2" DESCRIPTION ="" FIELDNUMBER ="10" FIELDPROPERTY ="0" FIELDTYPE ="ELEMITEM" HIDDEN ="NO" KEYTYPE ="NOT A KEY" LENGTH ="0" LEVEL ="0" NAME ="COMPONENT_SIZE_CD" NULLABLE ="NULL" OCCURS ="0" OFFSET ="5" PHYSICALLENGTH ="3" PHYSICALOFFSET ="41" PICTURETEXT ="" PRECISION ="3" SCALE ="0" USAGE_FLAGS =""/>
        <SOURCEFIELD BUSINESSNAME ="" DATATYPE ="varchar2" DESCRIPTION ="" FIELDNUMBER ="11" FIELDPROPERTY ="0" FIELDTYPE ="ELEMITEM" HIDDEN ="NO" KEYTYPE ="NOT A KEY" LENGTH ="0" LEVEL ="0" NAME ="COMP_PLANT" NULLABLE ="NULL" OCCURS ="0" OFFSET ="5" PHYSICALLENGTH ="2" PHYSICALOFFSET ="44" PICTURETEXT ="" PRECISION ="2" SCALE ="0" USAGE_FLAGS =""/>
        <SOURCEFIELD BUSINESSNAME ="" DATATYPE ="number(p,s)" DESCRIPTION ="" FIELDNUMBER ="12" FIELDPROPERTY ="0" FIELDTYPE ="ELEMITEM" HIDDEN ="NO" KEYTYPE ="NOT A KEY" LENGTH ="15" LEVEL ="0" NAME ="TOTAL_USAGE_QTY" NULLABLE ="NULL" OCCURS ="0" OFFSET ="5" PHYSICALLENGTH ="13" PHYSICALOFFSET ="46" PICTURETEXT ="" PRECISION ="13" SCALE ="6" USAGE_FLAGS =""/>
        <SOURCEFIELD BUSINESSNAME ="" DATATYPE ="varchar2" DESCRIPTION ="" FIELDNUMBER ="13" FIELDPROPERTY ="0" FIELDTYPE ="ELEMITEM" HIDDEN ="NO" KEYTYPE ="NOT A KEY" LENGTH ="0" LEVEL ="0" NAME ="CORP_DIVISION" NULLABLE ="NULL" OCCURS ="0" OFFSET ="20" PHYSICALLENGTH ="2" PHYSICALOFFSET ="59" PICTURETEXT ="" PRECISION ="2" SCALE ="0" USAGE_FLAGS =""/>
        <SOURCEFIELD BUSINESSNAME ="" DATATYPE ="number" DESCRIPTION ="" FIELDNUMBER ="14" FIELDPROPERTY ="0" FIELDTYPE ="ELEMITEM" HIDDEN ="NO" KEYTYPE ="NOT A KEY" LENGTH ="24" LEVEL ="0" NAME ="RM_PRODUCTION" NULLABLE ="NULL" OCCURS ="0" OFFSET ="20" PHYSICALLENGTH ="15" PHYSICALOFFSET ="61" PICTURETEXT ="" PRECISION ="15" SCALE ="0" USAGE_FLAGS =""/>
        <SOURCEFIELD BUSINESSNAME ="" DATATYPE ="number" DESCRIPTION ="" FIELDNUMBER ="15" FIELDPROPERTY ="0" FIELDTYPE ="ELEMITEM" HIDDEN ="NO" KEYTYPE ="NOT A KEY" LENGTH ="24" LEVEL ="0" NAME ="TIL" NULLABLE ="NULL" OCCURS ="0" OFFSET ="44" PHYSICALLENGTH ="15" PHYSICALOFFSET ="76" PICTURETEXT ="" PRECISION ="15" SCALE ="0" USAGE_FLAGS =""/>
        <SOURCEFIELD BUSINESSNAME ="" DATATYPE ="number" DESCRIPTION ="" FIELDNUMBER ="16" FIELDPROPERTY ="0" FIELDTYPE ="ELEMITEM" HIDDEN ="NO" KEYTYPE ="NOT A KEY" LENGTH ="24" LEVEL ="0" NAME ="IND" NULLABLE ="NULL" OCCURS ="0" OFFSET ="68" PHYSICALLENGTH ="15" PHYSICALOFFSET ="91" PICTURETEXT ="" PRECISION ="15" SCALE ="0" USAGE_FLAGS =""/>
        <SOURCEFIELD BUSINESSNAME ="" DATATYPE ="varchar2" DESCRIPTION ="" FIELDNUMBER ="17" FIELDPROPERTY ="0" FIELDTYPE ="ELEMITEM" HIDDEN ="NO" KEYTYPE ="NOT A KEY" LENGTH ="0" LEVEL ="0" NAME ="ALT_PLANT" NULLABLE ="NULL" OCCURS ="0" OFFSET ="92" PHYSICALLENGTH ="6" PHYSICALOFFSET ="106" PICTURETEXT ="" PRECISION ="6" SCALE ="0" USAGE_FLAGS =""/>
        <SOURCEFIELD BUSINESSNAME ="" DATATYPE ="varchar2" DESCRIPTION ="" FIELDNUMBER ="18" FIELDPROPERTY ="0" FIELDTYPE ="ELEMITEM" HIDDEN ="NO" KEYTYPE ="NOT A KEY" LENGTH ="0" LEVEL ="0" NAME ="HUB_MEMBER" NULLABLE ="NULL" OCCURS ="0" OFFSET ="92" PHYSICALLENGTH ="6" PHYSICALOFFSET ="112" PICTURETEXT ="" PRECISION ="6" SCALE ="0" USAGE_FLAGS =""/>
        <SOURCEFIELD BUSINESSNAME ="" DATATYPE ="varchar2" DESCRIPTION ="" FIELDNUMBER ="19" FIELDPROPERTY ="0" FIELDTYPE ="ELEMITEM" HIDDEN ="NO" KEYTYPE ="NOT A KEY" LENGTH ="0" LEVEL ="0" NAME ="PARENT_PLANT" NULLABLE ="NULL" OCCURS ="0" OFFSET ="92" PHYSICALLENGTH ="2" PHYSICALOFFSET ="118" PICTURETEXT ="" PRECISION ="2" SCALE ="0" USAGE_FLAGS =""/>
        <SOURCEFIELD BUSINESSNAME ="" DATATYPE ="number" DESCRIPTION ="" FIELDNUMBER ="20" FIELDPROPERTY ="0" FIELDTYPE ="ELEMITEM" HIDDEN ="NO" KEYTYPE ="NOT A KEY" LENGTH ="24" LEVEL ="0" NAME ="FG_LCA_PRIORITY" NULLABLE ="NULL" OCCURS ="0" OFFSET ="92" PHYSICALLENGTH ="15" PHYSICALOFFSET ="120" PICTURETEXT ="" PRECISION ="15" SCALE ="0" USAGE_FLAGS =""/>
        <SOURCEFIELD BUSINESSNAME ="" DATATYPE ="number" DESCRIPTION ="" FIELDNUMBER ="21" FIELDPROPERTY ="0" FIELDTYPE ="ELEMITEM" HIDDEN ="NO" KEYTYPE ="NOT A KEY" LENGTH ="24" LEVEL ="0" NAME ="LCA_NOTES" NULLABLE ="NULL" OCCURS ="0" OFFSET ="116" PHYSICALLENGTH ="15" PHYSICALOFFSET ="135" PICTURETEXT ="" PRECISION ="15" SCALE ="0" USAGE_FLAGS =""/>
        <SOURCEFIELD BUSINESSNAME ="" DATATYPE ="varchar2" DESCRIPTION ="" FIELDNUMBER ="22" FIELDPROPERTY ="0" FIELDTYPE ="ELEMITEM" HIDDEN ="NO" KEYTYPE ="NOT A KEY" LENGTH ="0" LEVEL ="0" NAME ="UPDATE_USERID" NULLABLE ="NULL" OCCURS ="0" OFFSET ="140" PHYSICALLENGTH ="20" PHYSICALOFFSET ="150" PICTURETEXT ="" PRECISION ="20" SCALE ="0" USAGE_FLAGS =""/>
        <SOURCEFIELD BUSINESSNAME ="" DATATYPE ="date" DESCRIPTION ="" FIELDNUMBER ="23" FIELDPROPERTY ="0" FIELDTYPE ="ELEMITEM" HIDDEN ="NO" KEYTYPE ="NOT A KEY" LENGTH ="19" LEVEL ="0" NAME ="UPDATE_TIMESTAMP" NULLABLE ="NULL" OCCURS ="0" OFFSET ="140" PHYSICALLENGTH ="19" PHYSICALOFFSET ="170" PICTURETEXT ="" PRECISION ="19" SCALE ="0" USAGE_FLAGS =""/>
        <SOURCEFIELD BUSINESSNAME ="" DATATYPE ="date" DESCRIPTION ="" FIELDNUMBER ="24" FIELDPROPERTY ="0" FIELDTYPE ="ELEMITEM" HIDDEN ="NO" KEYTYPE ="NOT A KEY" LENGTH ="19" LEVEL ="0" NAME ="AS_OF_DATE" NULLABLE ="NULL" OCCURS ="0" OFFSET ="159" PHYSICALLENGTH ="19" PHYSICALOFFSET ="189" PICTURETEXT ="" PRECISION ="19" SCALE ="0" USAGE_FLAGS =""/>
    </SOURCE>
    <SOURCE BUSINESSNAME ="" DATABASETYPE ="Oracle" DBDNAME ="slbadw" DESCRIPTION ="" NAME ="STG_RMLCA_PARENT_PLANT" OBJECTVERSION ="1" OWNERNAME ="PUBLIC" VERSIONNUMBER ="1">
        <SOURCEFIELD BUSINESSNAME ="" DATATYPE ="varchar2" DESCRIPTION ="" FIELDNUMBER ="1" FIELDPROPERTY ="0" FIELDTYPE ="ELEMITEM" HIDDEN ="NO" KEYTYPE ="NOT A KEY" LENGTH ="0" LEVEL ="0" NAME ="COMP_STYLE_CD" NULLABLE ="NULL" OCCURS ="0" OFFSET ="0" PHYSICALLENGTH ="6" PHYSICALOFFSET ="0" PICTURETEXT ="" PRECISION ="6" SCALE ="0" USAGE_FLAGS =""/>
        <SOURCEFIELD BUSINESSNAME ="" DATATYPE ="varchar2" DESCRIPTION ="" FIELDNUMBER ="2" FIELDPROPERTY ="0" FIELDTYPE ="ELEMITEM" HIDDEN ="NO" KEYTYPE ="NOT A KEY" LENGTH ="0" LEVEL ="0" NAME ="COMP_COLOR_CD" NULLABLE ="NULL" OCCURS ="0" OFFSET ="0" PHYSICALLENGTH ="4" PHYSICALOFFSET ="6" PICTURETEXT ="" PRECISION ="4" SCALE ="0" USAGE_FLAGS =""/>
        <SOURCEFIELD BUSINESSNAME ="" DATATYPE ="varchar2" DESCRIPTION ="" FIELDNUMBER ="3" FIELDPROPERTY ="0" FIELDTYPE ="ELEMITEM" HIDDEN ="NO" KEYTYPE ="NOT A KEY" LENGTH ="0" LEVEL ="0" NAME ="COMP_ATTRIBUTE_CD" NULLABLE ="NULL" OCCURS ="0" OFFSET ="0" PHYSICALLENGTH ="6" PHYSICALOFFSET ="10" PICTURETEXT ="" PRECISION ="6" SCALE ="0" USAGE_FLAGS =""/>
        <SOURCEFIELD BUSINESSNAME ="" DATATYPE ="varchar2" DESCRIPTION ="" FIELDNUMBER ="4" FIELDPROPERTY ="0" FIELDTYPE ="ELEMITEM" HIDDEN ="NO" KEYTYPE ="NOT A KEY" LENGTH ="0" LEVEL ="0" NAME ="COMP_SIZE_CD" NULLABLE ="NULL" OCCURS ="0" OFFSET ="0" PHYSICALLENGTH ="3" PHYSICALOFFSET ="16" PICTURETEXT ="" PRECISION ="3" SCALE ="0" USAGE_FLAGS =""/>
        <SOURCEFIELD BUSINESSNAME ="" DATATYPE ="varchar2" DESCRIPTION ="" FIELDNUMBER ="5" FIELDPROPERTY ="0" FIELDTYPE ="ELEMITEM" HIDDEN ="NO" KEYTYPE ="NOT A KEY" LENGTH ="0" LEVEL ="0" NAME ="COMP_PLANT" NULLABLE ="NULL" OCCURS ="0" OFFSET ="0" PHYSICALLENGTH ="2" PHYSICALOFFSET ="19" PICTURETEXT ="" PRECISION ="2" SCALE ="0" USAGE_FLAGS =""/>
        <SOURCEFIELD BUSINESSNAME ="" DATATYPE ="varchar2" DESCRIPTION ="" FIELDNUMBER ="6" FIELDPROPERTY ="0" FIELDTYPE ="ELEMITEM" HIDDEN ="NO" KEYTYPE ="NOT A KEY" LENGTH ="0" LEVEL ="0" NAME ="PARENT_PLANT" NULLABLE ="NULL" OCCURS ="0" OFFSET ="0" PHYSICALLENGTH ="2" PHYSICALOFFSET ="21" PICTURETEXT ="" PRECISION ="2" SCALE ="0" USAGE_FLAGS =""/>
    </SOURCE>
    <TARGET BUSINESSNAME ="" CONSTRAINT ="" DATABASETYPE ="Oracle" DESCRIPTION ="" NAME ="RMLCA_INTERIM_1" OBJECTVERSION ="1" TABLEOPTIONS ="" VERSIONNUMBER ="1">
        <TARGETFIELD BUSINESSNAME ="" DATATYPE ="varchar2" DESCRIPTION ="" FIELDNUMBER ="1" KEYTYPE ="NOT A KEY" NAME ="ROOT_STYLE_CD" NULLABLE ="NULL" PICTURETEXT ="" PRECISION ="6" SCALE ="0"/>
        <TARGETFIELD BUSINESSNAME ="" DATATYPE ="varchar2" DESCRIPTION ="" FIELDNUMBER ="2" KEYTYPE ="NOT A KEY" NAME ="ROOT_COLOR_CD" NULLABLE ="NULL" PICTURETEXT ="" PRECISION ="4" SCALE ="0"/>
        <TARGETFIELD BUSINESSNAME ="" DATATYPE ="varchar2" DESCRIPTION ="" FIELDNUMBER ="3" KEYTYPE ="NOT A KEY" NAME ="ROOT_ATTRIBUTE_CD" NULLABLE ="NULL" PICTURETEXT ="" PRECISION ="6" SCALE ="0"/>
        <TARGETFIELD BUSINESSNAME ="" DATATYPE ="varchar2" DESCRIPTION ="" FIELDNUMBER ="4" KEYTYPE ="NOT A KEY" NAME ="ROOT_SIZE_CD" NULLABLE ="NULL" PICTURETEXT ="" PRECISION ="3" SCALE ="0"/>
        <TARGETFIELD BUSINESSNAME ="" DATATYPE ="number(p,s)" DESCRIPTION ="" FIELDNUMBER ="5" KEYTYPE ="NOT A KEY" NAME ="ROOT_REVISION_NO" NULLABLE ="NULL" PICTURETEXT ="" PRECISION ="3" SCALE ="0"/>
        <TARGETFIELD BUSINESSNAME ="" DATATYPE ="varchar2" DESCRIPTION ="" FIELDNUMBER ="6" KEYTYPE ="NOT A KEY" NAME ="ROOT_MFG_PATH_ID" NULLABLE ="NULL" PICTURETEXT ="" PRECISION ="3" SCALE ="0"/>
        <TARGETFIELD BUSINESSNAME ="" DATATYPE ="varchar2" DESCRIPTION ="" FIELDNUMBER ="7" KEYTYPE ="NOT A KEY" NAME ="COMPONENT_STYLE_CD" NULLABLE ="NULL" PICTURETEXT ="" PRECISION ="6" SCALE ="0"/>
        <TARGETFIELD BUSINESSNAME ="" DATATYPE ="varchar2" DESCRIPTION ="" FIELDNUMBER ="8" KEYTYPE ="NOT A KEY" NAME ="COMPONENT_COLOR_CD" NULLABLE ="NULL" PICTURETEXT ="" PRECISION ="4" SCALE ="0"/>
        <TARGETFIELD BUSINESSNAME ="" DATATYPE ="varchar2" DESCRIPTION ="" FIELDNUMBER ="9" KEYTYPE ="NOT A KEY" NAME ="COMPONENT_ATTRIBUTE_CD" NULLABLE ="NULL" PICTURETEXT ="" PRECISION ="6" SCALE ="0"/>
        <TARGETFIELD BUSINESSNAME ="" DATATYPE ="varchar2" DESCRIPTION ="" FIELDNUMBER ="10" KEYTYPE ="NOT A KEY" NAME ="COMPONENT_SIZE_CD" NULLABLE ="NULL" PICTURETEXT ="" PRECISION ="3" SCALE ="0"/>
        <TARGETFIELD BUSINESSNAME ="" DATATYPE ="varchar2" DESCRIPTION ="" FIELDNUMBER ="11" KEYTYPE ="NOT A KEY" NAME ="COMP_PLANT" NULLABLE ="NULL" PICTURETEXT ="" PRECISION ="2" SCALE ="0"/>
        <TARGETFIELD BUSINESSNAME ="" DATATYPE ="number(p,s)" DESCRIPTION ="" FIELDNUMBER ="12" KEYTYPE ="NOT A KEY" NAME ="TOTAL_USAGE_QTY" NULLABLE ="NULL" PICTURETEXT ="" PRECISION ="13" SCALE ="6"/>
        <TARGETFIELD BUSINESSNAME ="" DATATYPE ="varchar2" DESCRIPTION ="" FIELDNUMBER ="13" KEYTYPE ="NOT A KEY" NAME ="CORP_DIVISION" NULLABLE ="NULL" PICTURETEXT ="" PRECISION ="2" SCALE ="0"/>
        <TARGETFIELD BUSINESSNAME ="" DATATYPE ="number" DESCRIPTION ="" FIELDNUMBER ="14" KEYTYPE ="NOT A KEY" NAME ="RM_PRODUCTION" NULLABLE ="NULL" PICTURETEXT ="" PRECISION ="15" SCALE ="0"/>
        <TARGETFIELD BUSINESSNAME ="" DATATYPE ="number" DESCRIPTION ="" FIELDNUMBER ="15" KEYTYPE ="NOT A KEY" NAME ="TIL" NULLABLE ="NULL" PICTURETEXT ="" PRECISION ="15" SCALE ="0"/>
        <TARGETFIELD BUSINESSNAME ="" DATATYPE ="number" DESCRIPTION ="" FIELDNUMBER ="16" KEYTYPE ="NOT A KEY" NAME ="IND" NULLABLE ="NULL" PICTURETEXT ="" PRECISION ="15" SCALE ="0"/>
        <TARGETFIELD BUSINESSNAME ="" DATATYPE ="varchar2" DESCRIPTION ="" FIELDNUMBER ="17" KEYTYPE ="NOT A KEY" NAME ="ALT_PLANT" NULLABLE ="NULL" PICTURETEXT ="" PRECISION ="6" SCALE ="0"/>
        <TARGETFIELD BUSINESSNAME ="" DATATYPE ="varchar2" DESCRIPTION ="" FIELDNUMBER ="18" KEYTYPE ="NOT A KEY" NAME ="HUB_MEMBER" NULLABLE ="NULL" PICTURETEXT ="" PRECISION ="6" SCALE ="0"/>
        <TARGETFIELD BUSINESSNAME ="" DATATYPE ="varchar2" DESCRIPTION ="" FIELDNUMBER ="19" KEYTYPE ="NOT A KEY" NAME ="PARENT_PLANT" NULLABLE ="NULL" PICTURETEXT ="" PRECISION ="2" SCALE ="0"/>
        <TARGETFIELD BUSINESSNAME ="" DATATYPE ="number" DESCRIPTION ="" FIELDNUMBER ="20" KEYTYPE ="NOT A KEY" NAME ="FG_LCA_PRIORITY" NULLABLE ="NULL" PICTURETEXT ="" PRECISION ="15" SCALE ="0"/>
        <TARGETFIELD BUSINESSNAME ="" DATATYPE ="number" DESCRIPTION ="" FIELDNUMBER ="21" KEYTYPE ="NOT A KEY" NAME ="LCA_NOTES" NULLABLE ="NULL" PICTURETEXT ="" PRECISION ="15" SCALE ="0"/>
        <TARGETFIELD BUSINESSNAME ="" DATATYPE ="varchar2" DESCRIPTION ="" FIELDNUMBER ="22" KEYTYPE ="NOT A KEY" NAME ="UPDATE_USERID" NULLABLE ="NULL" PICTURETEXT ="" PRECISION ="20" SCALE ="0"/>
        <TARGETFIELD BUSINESSNAME ="" DATATYPE ="date" DESCRIPTION ="" FIELDNUMBER ="23" KEYTYPE ="NOT A KEY" NAME ="UPDATE_TIMESTAMP" NULLABLE ="NULL" PICTURETEXT ="" PRECISION ="19" SCALE ="0"/>
        <TARGETFIELD BUSINESSNAME ="" DATATYPE ="date" DESCRIPTION ="" FIELDNUMBER ="24" KEYTYPE ="NOT A KEY" NAME ="AS_OF_DATE" NULLABLE ="NULL" PICTURETEXT ="" PRECISION ="19" SCALE ="0"/>
    </TARGET>
    <MAPPING DESCRIPTION ="Mapping to load new records to RMLCA_interim_1 table" ISVALID ="YES" NAME ="m_RMLCA_INTERIM1_STEP2" OBJECTVERSION ="1" VERSIONNUMBER ="1">
        <TRANSFORMATION DESCRIPTION ="SQ for the source" NAME ="SQ_RMLCA_INTERIM_1" OBJECTVERSION ="1" REUSABLE ="NO" TYPE ="Source Qualifier" VERSIONNUMBER ="1">
            <TRANSFORMFIELD DATATYPE ="string" DEFAULTVALUE ="" DESCRIPTION ="" NAME ="ROOT_STYLE_CD" PICTURETEXT ="" PORTTYPE ="INPUT/OUTPUT" PRECISION ="6" SCALE ="0"/>
            <TRANSFORMFIELD DATATYPE ="string" DEFAULTVALUE ="" DESCRIPTION ="" NAME ="ROOT_COLOR_CD" PICTURETEXT ="" PORTTYPE ="INPUT/OUTPUT" PRECISION ="4" SCALE ="0"/>
            <TRANSFORMFIELD DATATYPE ="string" DEFAULTVALUE ="" DESCRIPTION ="" NAME ="ROOT_ATTRIBUTE_CD" PICTURETEXT ="" PORTTYPE ="INPUT/OUTPUT" PRECISION ="6" SCALE ="0"/>
            <TRANSFORMFIELD DATATYPE ="string" DEFAULTVALUE ="" DESCRIPTION ="" NAME ="ROOT_SIZE_CD" PICTURETEXT ="" PORTTYPE ="INPUT/OUTPUT" PRECISION ="3" SCALE ="0"/>
            <TRANSFORMFIELD DATATYPE ="decimal" DEFAULTVALUE ="" DESCRIPTION ="" NAME ="ROOT_REVISION_NO" PICTURETEXT ="" PORTTYPE ="INPUT/OUTPUT" PRECISION ="3" SCALE ="0"/>
            <TRANSFORMFIELD DATATYPE ="string" DEFAULTVALUE ="" DESCRIPTION ="" NAME ="ROOT_MFG_PATH_ID" PICTURETEXT ="" PORTTYPE ="INPUT/OUTPUT" PRECISION ="3" SCALE ="0"/>
            <TRANSFORMFIELD DATATYPE ="string" DEFAULTVALUE ="" DESCRIPTION ="" NAME ="COMPONENT_STYLE_CD" PICTURETEXT ="" PORTTYPE ="INPUT/OUTPUT" PRECISION ="6" SCALE ="0"/>
            <TRANSFORMFIELD DATATYPE ="string" DEFAULTVALUE ="" DESCRIPTION ="" NAME ="COMPONENT_COLOR_CD" PICTURETEXT ="" PORTTYPE ="INPUT/OUTPUT" PRECISION ="4" SCALE ="0"/>
            <TRANSFORMFIELD DATATYPE ="string" DEFAULTVALUE ="" DESCRIPTION ="" NAME ="COMPONENT_ATTRIBUTE_CD" PICTURETEXT ="" PORTTYPE ="INPUT/OUTPUT" PRECISION ="6" SCALE ="0"/>
            <TRANSFORMFIELD DATATYPE ="string" DEFAULTVALUE ="" DESCRIPTION ="" NAME ="COMPONENT_SIZE_CD" PICTURETEXT ="" PORTTYPE ="INPUT/OUTPUT" PRECISION ="3" SCALE ="0"/>
            <TRANSFORMFIELD DATATYPE ="string" DEFAULTVALUE ="" DESCRIPTION ="" NAME ="COMP_PLANT" PICTURETEXT ="" PORTTYPE ="INPUT/OUTPUT" PRECISION ="2" SCALE ="0"/>
            <TRANSFORMFIELD DATATYPE ="decimal" DEFAULTVALUE ="" DESCRIPTION ="" NAME ="TOTAL_USAGE_QTY" PICTURETEXT ="" PORTTYPE ="INPUT/OUTPUT" PRECISION ="13" SCALE ="6"/>
            <TRANSFORMFIELD DATATYPE ="string" DEFAULTVALUE ="" DESCRIPTION ="" NAME ="CORP_DIVISION" PICTURETEXT ="" PORTTYPE ="INPUT/OUTPUT" PRECISION ="2" SCALE ="0"/>
            <TRANSFORMFIELD DATATYPE ="double" DEFAULTVALUE ="" DESCRIPTION ="" NAME ="RM_PRODUCTION" PICTURETEXT ="" PORTTYPE ="INPUT/OUTPUT" PRECISION ="15" SCALE ="0"/>
            <TRANSFORMFIELD DATATYPE ="double" DEFAULTVALUE ="" DESCRIPTION ="" NAME ="TIL" PICTURETEXT ="" PORTTYPE ="INPUT/OUTPUT" PRECISION ="15" SCALE ="0"/>
            <TRANSFORMFIELD DATATYPE ="double" DEFAULTVALUE ="" DESCRIPTION ="" NAME ="FG_LCA_PRIORITY" PICTURETEXT ="" PORTTYPE ="INPUT/OUTPUT" PRECISION ="15" SCALE ="0"/>
            <TRANSFORMFIELD DATATYPE ="double" DEFAULTVALUE ="" DESCRIPTION ="" NAME ="LCA_NOTES" PICTURETEXT ="" PORTTYPE ="INPUT/OUTPUT" PRECISION ="15" SCALE ="0"/>
            <TRANSFORMFIELD DATATYPE ="date/time" DEFAULTVALUE ="" DESCRIPTION ="" NAME ="AS_OF_DATE" PICTURETEXT ="" PORTTYPE ="INPUT/OUTPUT" PRECISION ="29" SCALE ="9"/>
            <TRANSFORMFIELD DATATYPE ="string" DEFAULTVALUE ="" DESCRIPTION ="" NAME ="PARENT_PLANT1" PICTURETEXT ="" PORTTYPE ="INPUT/OUTPUT" PRECISION ="2" SCALE ="0"/>
            <TABLEATTRIBUTE NAME ="Sql Query" VALUE ="SELECT &#xD;&#xA;  R.ROOT_STYLE_CD,&#xD;&#xA;  R.ROOT_COLOR_CD,&#xD;&#xA;  R.ROOT_ATTRIBUTE_CD,&#xD;&#xA;  R.ROOT_SIZE_CD,&#xD;&#xA;  R.ROOT_REVISION_NO,&#xD;&#xA;  R.ROOT_MFG_PATH_ID,&#xD;&#xA;  R.COMPONENT_STYLE_CD,&#xD;&#xA;  R.COMPONENT_COLOR_CD,&#xD;&#xA;  R.COMPONENT_ATTRIBUTE_CD,&#xD;&#xA;  R.COMPONENT_SIZE_CD,&#xD;&#xA;  R.COMP_PLANT,&#xD;&#xA;  R.TOTAL_USAGE_QTY,&#xD;&#xA;  R.CORP_DIVISION,&#xD;&#xA;  R.RM_PRODUCTION,&#xD;&#xA;  R.TIL,&#xD;&#xA;  R.FG_LCA_PRIORITY,&#xD;&#xA;  R.LCA_NOTES,&#xD;&#xA;  R.AS_OF_DATE,&#xD;&#xA;  P.PARENT_PLANT&#xD;&#xA;FROM RMLCA_INTERIM_1 R, stg_rmlca_parent_plant P, stg_rmlca_inv B&#xD;&#xA;where R.component_style_cd     =P.comp_style_cd&#xD;&#xA;AND R.component_color_cd    =P.comp_color_cd&#xD;&#xA;AND R.component_attribute_cd=P.comp_attribute_cd&#xD;&#xA;AND R.component_size_cd     =P.comp_size_cd&#xD;&#xA;AND R.comp_plant            =P.comp_plant&#xD;&#xA;and R.COMPONENT_STYLE_CD     =B.STYLE&#xD;&#xA;AND R.COMPONENT_COLOR_CD    =B.COLOR&#xD;&#xA;AND R.COMPONENT_ATTRIBUTE_CD=B.ATTRIBUTE_CD&#xD;&#xA;AND R.COMPONENT_SIZE_CD     =B.SIZE_CD&#xD;&#xA;AND P.PARENT_PLANT          =B.PLANT2&#xD;&#xA;and R.IND                  IN (1,99)"/>
            <TABLEATTRIBUTE NAME ="User Defined Join" VALUE =""/>
            <TABLEATTRIBUTE NAME ="Source Filter" VALUE =""/>
            <TABLEATTRIBUTE NAME ="Number Of Sorted Ports" VALUE ="0"/>
            <TABLEATTRIBUTE NAME ="Tracing Level" VALUE ="Normal"/>
            <TABLEATTRIBUTE NAME ="Select Distinct" VALUE ="NO"/>
            <TABLEATTRIBUTE NAME ="Is Partitionable" VALUE ="NO"/>
            <TABLEATTRIBUTE NAME ="Pre SQL" VALUE =""/>
            <TABLEATTRIBUTE NAME ="Post SQL" VALUE =""/>
            <TABLEATTRIBUTE NAME ="Output is deterministic" VALUE ="NO"/>
            <TABLEATTRIBUTE NAME ="Output is repeatable" VALUE ="Never"/>
        </TRANSFORMATION>
        <TRANSFORMATION DESCRIPTION ="expression to assign values" NAME ="EXP_INTERIM_1" OBJECTVERSION ="1" REUSABLE ="NO" TYPE ="Expression" VERSIONNUMBER ="1">
            <TRANSFORMFIELD DATATYPE ="string" DEFAULTVALUE ="" DESCRIPTION ="" EXPRESSION ="ROOT_STYLE_CD" EXPRESSIONTYPE ="GENERAL" NAME ="ROOT_STYLE_CD" PICTURETEXT ="" PORTTYPE ="INPUT/OUTPUT" PRECISION ="6" SCALE ="0"/>
            <TRANSFORMFIELD DATATYPE ="string" DEFAULTVALUE ="" DESCRIPTION ="" EXPRESSION ="ROOT_COLOR_CD" EXPRESSIONTYPE ="GENERAL" NAME ="ROOT_COLOR_CD" PICTURETEXT ="" PORTTYPE ="INPUT/OUTPUT" PRECISION ="4" SCALE ="0"/>
            <TRANSFORMFIELD DATATYPE ="string" DEFAULTVALUE ="" DESCRIPTION ="" EXPRESSION ="ROOT_ATTRIBUTE_CD" EXPRESSIONTYPE ="GENERAL" NAME ="ROOT_ATTRIBUTE_CD" PICTURETEXT ="" PORTTYPE ="INPUT/OUTPUT" PRECISION ="6" SCALE ="0"/>
            <TRANSFORMFIELD DATATYPE ="string" DEFAULTVALUE ="" DESCRIPTION ="" EXPRESSION ="ROOT_SIZE_CD" EXPRESSIONTYPE ="GENERAL" NAME ="ROOT_SIZE_CD" PICTURETEXT ="" PORTTYPE ="INPUT/OUTPUT" PRECISION ="3" SCALE ="0"/>
            <TRANSFORMFIELD DATATYPE ="decimal" DEFAULTVALUE ="" DESCRIPTION ="" EXPRESSION ="ROOT_REVISION_NO" EXPRESSIONTYPE ="GENERAL" NAME ="ROOT_REVISION_NO" PICTURETEXT ="" PORTTYPE ="INPUT/OUTPUT" PRECISION ="3" SCALE ="0"/>
            <TRANSFORMFIELD DATATYPE ="string" DEFAULTVALUE ="" DESCRIPTION ="" EXPRESSION ="ROOT_MFG_PATH_ID" EXPRESSIONTYPE ="GENERAL" NAME ="ROOT_MFG_PATH_ID" PICTURETEXT ="" PORTTYPE ="INPUT/OUTPUT" PRECISION ="3" SCALE ="0"/>
            <TRANSFORMFIELD DATATYPE ="string" DEFAULTVALUE ="" DESCRIPTION ="" EXPRESSION ="COMPONENT_STYLE_CD" EXPRESSIONTYPE ="GENERAL" NAME ="COMPONENT_STYLE_CD" PICTURETEXT ="" PORTTYPE ="INPUT/OUTPUT" PRECISION ="6" SCALE ="0"/>
            <TRANSFORMFIELD DATATYPE ="string" DEFAULTVALUE ="" DESCRIPTION ="" EXPRESSION ="COMPONENT_COLOR_CD" EXPRESSIONTYPE ="GENERAL" NAME ="COMPONENT_COLOR_CD" PICTURETEXT ="" PORTTYPE ="INPUT/OUTPUT" PRECISION ="4" SCALE ="0"/>
            <TRANSFORMFIELD DATATYPE ="string" DEFAULTVALUE ="" DESCRIPTION ="" EXPRESSION ="COMPONENT_ATTRIBUTE_CD" EXPRESSIONTYPE ="GENERAL" NAME ="COMPONENT_ATTRIBUTE_CD" PICTURETEXT ="" PORTTYPE ="INPUT/OUTPUT" PRECISION ="6" SCALE ="0"/>
            <TRANSFORMFIELD DATATYPE ="string" DEFAULTVALUE ="" DESCRIPTION ="" EXPRESSION ="COMPONENT_SIZE_CD" EXPRESSIONTYPE ="GENERAL" NAME ="COMPONENT_SIZE_CD" PICTURETEXT ="" PORTTYPE ="INPUT/OUTPUT" PRECISION ="3" SCALE ="0"/>
            <TRANSFORMFIELD DATATYPE ="string" DEFAULTVALUE ="" DESCRIPTION ="" EXPRESSION ="COMP_PLANT" EXPRESSIONTYPE ="GENERAL" NAME ="COMP_PLANT" PICTURETEXT ="" PORTTYPE ="INPUT/OUTPUT" PRECISION ="2" SCALE ="0"/>
            <TRANSFORMFIELD DATATYPE ="decimal" DEFAULTVALUE ="" DESCRIPTION ="" EXPRESSION ="TOTAL_USAGE_QTY" EXPRESSIONTYPE ="GENERAL" NAME ="TOTAL_USAGE_QTY" PICTURETEXT ="" PORTTYPE ="INPUT/OUTPUT" PRECISION ="13" SCALE ="6"/>
            <TRANSFORMFIELD DATATYPE ="string" DEFAULTVALUE ="" DESCRIPTION ="" EXPRESSION ="CORP_DIVISION" EXPRESSIONTYPE ="GENERAL" NAME ="CORP_DIVISION" PICTURETEXT ="" PORTTYPE ="INPUT/OUTPUT" PRECISION ="2" SCALE ="0"/>
            <TRANSFORMFIELD DATATYPE ="double" DEFAULTVALUE ="" DESCRIPTION ="" EXPRESSION ="RM_PRODUCTION" EXPRESSIONTYPE ="GENERAL" NAME ="RM_PRODUCTION" PICTURETEXT ="" PORTTYPE ="INPUT/OUTPUT" PRECISION ="15" SCALE ="0"/>
            <TRANSFORMFIELD DATATYPE ="double" DEFAULTVALUE ="" DESCRIPTION ="" EXPRESSION ="TIL" EXPRESSIONTYPE ="GENERAL" NAME ="TIL" PICTURETEXT ="" PORTTYPE ="INPUT/OUTPUT" PRECISION ="15" SCALE ="0"/>
            <TRANSFORMFIELD DATATYPE ="double" DEFAULTVALUE ="" DESCRIPTION ="" EXPRESSION ="FG_LCA_PRIORITY" EXPRESSIONTYPE ="GENERAL" NAME ="FG_LCA_PRIORITY" PICTURETEXT ="" PORTTYPE ="INPUT/OUTPUT" PRECISION ="15" SCALE ="0"/>
            <TRANSFORMFIELD DATATYPE ="double" DEFAULTVALUE ="" DESCRIPTION ="" EXPRESSION ="LCA_NOTES" EXPRESSIONTYPE ="GENERAL" NAME ="LCA_NOTES" PICTURETEXT ="" PORTTYPE ="INPUT/OUTPUT" PRECISION ="15" SCALE ="0"/>
            <TRANSFORMFIELD DATATYPE ="date/time" DEFAULTVALUE ="" DESCRIPTION ="" EXPRESSION ="AS_OF_DATE" EXPRESSIONTYPE ="GENERAL" NAME ="AS_OF_DATE" PICTURETEXT ="" PORTTYPE ="INPUT/OUTPUT" PRECISION ="29" SCALE ="9"/>
            <TRANSFORMFIELD DATATYPE ="string" DEFAULTVALUE ="" DESCRIPTION ="" EXPRESSION ="PARENT_PLANT" EXPRESSIONTYPE ="GENERAL" NAME ="PARENT_PLANT" PICTURETEXT ="" PORTTYPE ="INPUT/OUTPUT" PRECISION ="2" SCALE ="0"/>
            <TRANSFORMFIELD DATATYPE ="string" DEFAULTVALUE ="" DESCRIPTION ="" NAME ="ROOT_STYLE_CD1" PICTURETEXT ="" PORTTYPE ="INPUT" PRECISION ="6" SCALE ="0"/>
            <TRANSFORMFIELD DATATYPE ="string" DEFAULTVALUE ="" DESCRIPTION ="" NAME ="ROOT_COLOR_CD1" PICTURETEXT ="" PORTTYPE ="INPUT" PRECISION ="4" SCALE ="0"/>
            <TRANSFORMFIELD DATATYPE ="string" DEFAULTVALUE ="" DESCRIPTION ="" NAME ="ROOT_ATTRIBUTE_CD1" PICTURETEXT ="" PORTTYPE ="INPUT" PRECISION ="6" SCALE ="0"/>
            <TRANSFORMFIELD DATATYPE ="string" DEFAULTVALUE ="" DESCRIPTION ="" NAME ="ROOT_SIZE_CD1" PICTURETEXT ="" PORTTYPE ="INPUT" PRECISION ="3" SCALE ="0"/>
            <TRANSFORMFIELD DATATYPE ="string" DEFAULTVALUE ="" DESCRIPTION ="" NAME ="COMPONENT_STYLE_CD1" PICTURETEXT ="" PORTTYPE ="INPUT" PRECISION ="6" SCALE ="0"/>
            <TRANSFORMFIELD DATATYPE ="string" DEFAULTVALUE ="" DESCRIPTION ="" NAME ="COMPONENT_COLOR_CD1" PICTURETEXT ="" PORTTYPE ="INPUT" PRECISION ="4" SCALE ="0"/>
            <TRANSFORMFIELD DATATYPE ="string" DEFAULTVALUE ="" DESCRIPTION ="" NAME ="COMPONENT_ATTRIBUTE_CD1" PICTURETEXT ="" PORTTYPE ="INPUT" PRECISION ="6" SCALE ="0"/>
            <TRANSFORMFIELD DATATYPE ="string" DEFAULTVALUE ="" DESCRIPTION ="" NAME ="COMPONENT_SIZE_CD1" PICTURETEXT ="" PORTTYPE ="INPUT" PRECISION ="3" SCALE ="0"/>
            <TRANSFORMFIELD DATATYPE ="string" DEFAULTVALUE ="" DESCRIPTION ="" NAME ="COMP_PLANT1" PICTURETEXT ="" PORTTYPE ="INPUT" PRECISION ="2" SCALE ="0"/>
            <TRANSFORMFIELD DATATYPE ="string" DEFAULTVALUE ="ERROR(&apos;transformation error&apos;)" DESCRIPTION ="" EXPRESSION ="IIF(ISNULL(ROOT_STYLE_CD1) AND ISNULL(ROOT_COLOR_CD1) AND ISNULL(ROOT_ATTRIBUTE_CD1) AND ISNULL(ROOT_SIZE_CD1) AND ISNULL(COMPONENT_STYLE_CD1) AND ISNULL(COMPONENT_COLOR_CD1) AND ISNULL(COMPONENT_ATTRIBUTE_CD1) AND ISNULL(COMPONENT_SIZE_CD1)  AND ISNULL(COMP_PLANT1),&apos;INS&apos;,&apos;NA&apos;)" EXPRESSIONTYPE ="GENERAL" NAME ="FLAG" PICTURETEXT ="" PORTTYPE ="OUTPUT" PRECISION ="10" SCALE ="0"/>
            <TRANSFORMFIELD DATATYPE ="string" DEFAULTVALUE ="ERROR(&apos;transformation error&apos;)" DESCRIPTION ="" EXPRESSION ="&apos;2&apos;" EXPRESSIONTYPE ="GENERAL" NAME ="O_IND" PICTURETEXT ="" PORTTYPE ="OUTPUT" PRECISION ="2" SCALE ="0"/>
            <TRANSFORMFIELD DATATYPE ="string" DEFAULTVALUE ="ERROR(&apos;transformation error&apos;)" DESCRIPTION ="" EXPRESSION ="&apos;ETL RMLCA Step2&apos;" EXPRESSIONTYPE ="GENERAL" NAME ="O_UPDATE_USERID" PICTURETEXT ="" PORTTYPE ="OUTPUT" PRECISION ="20" SCALE ="0"/>
            <TRANSFORMFIELD DATATYPE ="date/time" DEFAULTVALUE ="ERROR(&apos;transformation error&apos;)" DESCRIPTION ="" EXPRESSION ="SYSDATE" EXPRESSIONTYPE ="GENERAL" NAME ="O_UPDATE_TIMESTAMP" PICTURETEXT ="" PORTTYPE ="OUTPUT" PRECISION ="29" SCALE ="9"/>
            <TABLEATTRIBUTE NAME ="Tracing Level" VALUE ="Normal"/>
        </TRANSFORMATION>
        <TRANSFORMATION DESCRIPTION ="To filter records for insert" NAME ="FL_INTERIM_1" OBJECTVERSION ="1" REUSABLE ="NO" TYPE ="Filter" VERSIONNUMBER ="1">
            <TRANSFORMFIELD DATATYPE ="string" DEFAULTVALUE ="" DESCRIPTION ="" NAME ="ROOT_STYLE_CD" PICTURETEXT ="" PORTTYPE ="INPUT/OUTPUT" PRECISION ="6" SCALE ="0"/>
            <TRANSFORMFIELD DATATYPE ="string" DEFAULTVALUE ="" DESCRIPTION ="" NAME ="ROOT_COLOR_CD" PICTURETEXT ="" PORTTYPE ="INPUT/OUTPUT" PRECISION ="4" SCALE ="0"/>
            <TRANSFORMFIELD DATATYPE ="string" DEFAULTVALUE ="" DESCRIPTION ="" NAME ="ROOT_ATTRIBUTE_CD" PICTURETEXT ="" PORTTYPE ="INPUT/OUTPUT" PRECISION ="6" SCALE ="0"/>
            <TRANSFORMFIELD DATATYPE ="string" DEFAULTVALUE ="" DESCRIPTION ="" NAME ="ROOT_SIZE_CD" PICTURETEXT ="" PORTTYPE ="INPUT/OUTPUT" PRECISION ="3" SCALE ="0"/>
            <TRANSFORMFIELD DATATYPE ="decimal" DEFAULTVALUE ="" DESCRIPTION ="" NAME ="ROOT_REVISION_NO" PICTURETEXT ="" PORTTYPE ="INPUT/OUTPUT" PRECISION ="3" SCALE ="0"/>
            <TRANSFORMFIELD DATATYPE ="string" DEFAULTVALUE ="" DESCRIPTION ="" NAME ="ROOT_MFG_PATH_ID" PICTURETEXT ="" PORTTYPE ="INPUT/OUTPUT" PRECISION ="3" SCALE ="0"/>
            <TRANSFORMFIELD DATATYPE ="string" DEFAULTVALUE ="" DESCRIPTION ="" NAME ="COMPONENT_STYLE_CD" PICTURETEXT ="" PORTTYPE ="INPUT/OUTPUT" PRECISION ="6" SCALE ="0"/>
            <TRANSFORMFIELD DATATYPE ="string" DEFAULTVALUE ="" DESCRIPTION ="" NAME ="COMPONENT_COLOR_CD" PICTURETEXT ="" PORTTYPE ="INPUT/OUTPUT" PRECISION ="4" SCALE ="0"/>
            <TRANSFORMFIELD DATATYPE ="string" DEFAULTVALUE ="" DESCRIPTION ="" NAME ="COMPONENT_ATTRIBUTE_CD" PICTURETEXT ="" PORTTYPE ="INPUT/OUTPUT" PRECISION ="6" SCALE ="0"/>
            <TRANSFORMFIELD DATATYPE ="string" DEFAULTVALUE ="" DESCRIPTION ="" NAME ="COMPONENT_SIZE_CD" PICTURETEXT ="" PORTTYPE ="INPUT/OUTPUT" PRECISION ="3" SCALE ="0"/>
            <TRANSFORMFIELD DATATYPE ="string" DEFAULTVALUE ="" DESCRIPTION ="" NAME ="COMP_PLANT" PICTURETEXT ="" PORTTYPE ="INPUT/OUTPUT" PRECISION ="2" SCALE ="0"/>
            <TRANSFORMFIELD DATATYPE ="decimal" DEFAULTVALUE ="" DESCRIPTION ="" NAME ="TOTAL_USAGE_QTY" PICTURETEXT ="" PORTTYPE ="INPUT/OUTPUT" PRECISION ="13" SCALE ="6"/>
            <TRANSFORMFIELD DATATYPE ="string" DEFAULTVALUE ="" DESCRIPTION ="" NAME ="CORP_DIVISION" PICTURETEXT ="" PORTTYPE ="INPUT/OUTPUT" PRECISION ="2" SCALE ="0"/>
            <TRANSFORMFIELD DATATYPE ="double" DEFAULTVALUE ="" DESCRIPTION ="" NAME ="RM_PRODUCTION" PICTURETEXT ="" PORTTYPE ="INPUT/OUTPUT" PRECISION ="15" SCALE ="0"/>
            <TRANSFORMFIELD DATATYPE ="double" DEFAULTVALUE ="" DESCRIPTION ="" NAME ="TIL" PICTURETEXT ="" PORTTYPE ="INPUT/OUTPUT" PRECISION ="15" SCALE ="0"/>
            <TRANSFORMFIELD DATATYPE ="string" DEFAULTVALUE ="" DESCRIPTION ="" NAME ="PARENT_PLANT" PICTURETEXT ="" PORTTYPE ="INPUT/OUTPUT" PRECISION ="2" SCALE ="0"/>
            <TRANSFORMFIELD DATATYPE ="string" DEFAULTVALUE ="" DESCRIPTION ="" NAME ="FLAG" PICTURETEXT ="" PORTTYPE ="INPUT/OUTPUT" PRECISION ="10" SCALE ="0"/>
            <TRANSFORMFIELD DATATYPE ="string" DEFAULTVALUE ="" DESCRIPTION ="" NAME ="O_IND" PICTURETEXT ="" PORTTYPE ="INPUT/OUTPUT" PRECISION ="2" SCALE ="0"/>
            <TRANSFORMFIELD DATATYPE ="string" DEFAULTVALUE ="" DESCRIPTION ="" NAME ="O_UPDATE_USERID" PICTURETEXT ="" PORTTYPE ="INPUT/OUTPUT" PRECISION ="20" SCALE ="0"/>
            <TRANSFORMFIELD DATATYPE ="date/time" DEFAULTVALUE ="" DESCRIPTION ="" NAME ="O_UPDATE_TIMESTAMP" PICTURETEXT ="" PORTTYPE ="INPUT/OUTPUT" PRECISION ="29" SCALE ="9"/>
            <TRANSFORMFIELD DATATYPE ="double" DEFAULTVALUE ="" DESCRIPTION ="" NAME ="FG_LCA_PRIORITY" PICTURETEXT ="" PORTTYPE ="INPUT/OUTPUT" PRECISION ="15" SCALE ="0"/>
            <TRANSFORMFIELD DATATYPE ="double" DEFAULTVALUE ="" DESCRIPTION ="" NAME ="LCA_NOTES" PICTURETEXT ="" PORTTYPE ="INPUT/OUTPUT" PRECISION ="15" SCALE ="0"/>
            <TRANSFORMFIELD DATATYPE ="date/time" DEFAULTVALUE ="" DESCRIPTION ="" NAME ="AS_OF_DATE" PICTURETEXT ="" PORTTYPE ="INPUT/OUTPUT" PRECISION ="29" SCALE ="9"/>
            <TABLEATTRIBUTE NAME ="Filter Condition" VALUE ="FLAG=&apos;INS&apos;"/>
            <TABLEATTRIBUTE NAME ="Tracing Level" VALUE ="Normal"/>
        </TRANSFORMATION>
        <TRANSFORMATION DESCRIPTION ="lookup to see if the record is present or not" NAME ="LKP_RMLCA_INTERIM_1" OBJECTVERSION ="1" REUSABLE ="NO" TYPE ="Lookup Procedure" VERSIONNUMBER ="1">
            <TRANSFORMFIELD DATATYPE ="string" DEFAULTVALUE ="" DESCRIPTION ="" NAME ="ROOT_STYLE_CD" PICTURETEXT ="" PORTTYPE ="LOOKUP/OUTPUT" PRECISION ="6" SCALE ="0"/>
            <TRANSFORMFIELD DATATYPE ="string" DEFAULTVALUE ="" DESCRIPTION ="" NAME ="ROOT_COLOR_CD" PICTURETEXT ="" PORTTYPE ="LOOKUP/OUTPUT" PRECISION ="4" SCALE ="0"/>
            <TRANSFORMFIELD DATATYPE ="string" DEFAULTVALUE ="" DESCRIPTION ="" NAME ="ROOT_ATTRIBUTE_CD" PICTURETEXT ="" PORTTYPE ="LOOKUP/OUTPUT" PRECISION ="6" SCALE ="0"/>
            <TRANSFORMFIELD DATATYPE ="string" DEFAULTVALUE ="" DESCRIPTION ="" NAME ="ROOT_SIZE_CD" PICTURETEXT ="" PORTTYPE ="LOOKUP/OUTPUT" PRECISION ="3" SCALE ="0"/>
            <TRANSFORMFIELD DATATYPE ="string" DEFAULTVALUE ="" DESCRIPTION ="" NAME ="COMPONENT_STYLE_CD" PICTURETEXT ="" PORTTYPE ="LOOKUP/OUTPUT" PRECISION ="6" SCALE ="0"/>
            <TRANSFORMFIELD DATATYPE ="string" DEFAULTVALUE ="" DESCRIPTION ="" NAME ="COMPONENT_COLOR_CD" PICTURETEXT ="" PORTTYPE ="LOOKUP/OUTPUT" PRECISION ="4" SCALE ="0"/>
            <TRANSFORMFIELD DATATYPE ="string" DEFAULTVALUE ="" DESCRIPTION ="" NAME ="COMPONENT_ATTRIBUTE_CD" PICTURETEXT ="" PORTTYPE ="LOOKUP/OUTPUT" PRECISION ="6" SCALE ="0"/>
            <TRANSFORMFIELD DATATYPE ="string" DEFAULTVALUE ="" DESCRIPTION ="" NAME ="COMPONENT_SIZE_CD" PICTURETEXT ="" PORTTYPE ="LOOKUP/OUTPUT" PRECISION ="3" SCALE ="0"/>
            <TRANSFORMFIELD DATATYPE ="string" DEFAULTVALUE ="" DESCRIPTION ="" NAME ="COMP_PLANT" PICTURETEXT ="" PORTTYPE ="LOOKUP/OUTPUT" PRECISION ="2" SCALE ="0"/>
            <TRANSFORMFIELD DATATYPE ="string" DEFAULTVALUE ="" DESCRIPTION ="" NAME ="ROOT_STYLE_CD1" PICTURETEXT ="" PORTTYPE ="INPUT" PRECISION ="6" SCALE ="0"/>
            <TRANSFORMFIELD DATATYPE ="string" DEFAULTVALUE ="" DESCRIPTION ="" NAME ="ROOT_COLOR_CD1" PICTURETEXT ="" PORTTYPE ="INPUT" PRECISION ="4" SCALE ="0"/>
            <TRANSFORMFIELD DATATYPE ="string" DEFAULTVALUE ="" DESCRIPTION ="" NAME ="ROOT_ATTRIBUTE_CD1" PICTURETEXT ="" PORTTYPE ="INPUT" PRECISION ="6" SCALE ="0"/>
            <TRANSFORMFIELD DATATYPE ="string" DEFAULTVALUE ="" DESCRIPTION ="" NAME ="ROOT_SIZE_CD1" PICTURETEXT ="" PORTTYPE ="INPUT" PRECISION ="3" SCALE ="0"/>
            <TRANSFORMFIELD DATATYPE ="string" DEFAULTVALUE ="" DESCRIPTION ="" NAME ="COMPONENT_STYLE_CD1" PICTURETEXT ="" PORTTYPE ="INPUT" PRECISION ="6" SCALE ="0"/>
            <TRANSFORMFIELD DATATYPE ="string" DEFAULTVALUE ="" DESCRIPTION ="" NAME ="COMPONENT_COLOR_CD1" PICTURETEXT ="" PORTTYPE ="INPUT" PRECISION ="4" SCALE ="0"/>
            <TRANSFORMFIELD DATATYPE ="string" DEFAULTVALUE ="" DESCRIPTION ="" NAME ="COMPONENT_ATTRIBUTE_CD1" PICTURETEXT ="" PORTTYPE ="INPUT" PRECISION ="6" SCALE ="0"/>
            <TRANSFORMFIELD DATATYPE ="string" DEFAULTVALUE ="" DESCRIPTION ="" NAME ="COMPONENT_SIZE_CD1" PICTURETEXT ="" PORTTYPE ="INPUT" PRECISION ="3" SCALE ="0"/>
            <TRANSFORMFIELD DATATYPE ="string" DEFAULTVALUE ="" DESCRIPTION ="" NAME ="PARENT_PLANT1" PICTURETEXT ="" PORTTYPE ="INPUT" PRECISION ="2" SCALE ="0"/>
            <TABLEATTRIBUTE NAME ="Lookup Sql Override" VALUE ="SELECT RMLCA_Interim_1.ROOT_STYLE_CD as ROOT_STYLE_CD, RMLCA_Interim_1.ROOT_COLOR_CD as ROOT_COLOR_CD, RMLCA_Interim_1.ROOT_ATTRIBUTE_CD as ROOT_ATTRIBUTE_CD, RMLCA_Interim_1.ROOT_SIZE_CD as ROOT_SIZE_CD, RMLCA_Interim_1.COMPONENT_STYLE_CD as COMPONENT_STYLE_CD, RMLCA_Interim_1.COMPONENT_COLOR_CD as COMPONENT_COLOR_CD, RMLCA_Interim_1.COMPONENT_ATTRIBUTE_CD as COMPONENT_ATTRIBUTE_CD, RMLCA_Interim_1.COMPONENT_SIZE_CD as COMPONENT_SIZE_CD, RMLCA_Interim_1.COMP_PLANT as COMP_PLANT FROM RMLCA_Interim_1&#xD;&#xA;WHERE RMLCA_Interim_1.IND  IN (1,99)"/>
            <TABLEATTRIBUTE NAME ="Lookup table name" VALUE ="RMLCA_Interim_1"/>
            <TABLEATTRIBUTE NAME ="Lookup Source Filter" VALUE =""/>
            <TABLEATTRIBUTE NAME ="Lookup caching enabled" VALUE ="YES"/>
            <TABLEATTRIBUTE NAME ="Lookup policy on multiple match" VALUE ="Use Any Value"/>
            <TABLEATTRIBUTE NAME ="Lookup condition" VALUE ="ROOT_STYLE_CD = ROOT_SIZE_CD1 AND ROOT_COLOR_CD = ROOT_COLOR_CD1 AND ROOT_ATTRIBUTE_CD = ROOT_ATTRIBUTE_CD1 AND ROOT_SIZE_CD = ROOT_SIZE_CD1 AND COMPONENT_STYLE_CD = COMPONENT_STYLE_CD1 AND COMPONENT_COLOR_CD = COMPONENT_COLOR_CD1 AND COMPONENT_ATTRIBUTE_CD = COMPONENT_ATTRIBUTE_CD1 AND COMPONENT_SIZE_CD = COMPONENT_SIZE_CD1 AND COMP_PLANT = PARENT_PLANT1"/>
            <TABLEATTRIBUTE NAME ="Connection Information" VALUE ="$Target"/>
            <TABLEATTRIBUTE NAME ="Source Type" VALUE ="Database"/>
            <TABLEATTRIBUTE NAME ="Recache if Stale" VALUE ="NO"/>
            <TABLEATTRIBUTE NAME ="Tracing Level" VALUE ="Normal"/>
            <TABLEATTRIBUTE NAME ="Lookup cache directory name" VALUE ="$PMCacheDir"/>
            <TABLEATTRIBUTE NAME ="Lookup cache initialize" VALUE ="NO"/>
            <TABLEATTRIBUTE NAME ="Lookup cache persistent" VALUE ="NO"/>
            <TABLEATTRIBUTE NAME ="Lookup Data Cache Size" VALUE ="Auto"/>
            <TABLEATTRIBUTE NAME ="Lookup Index Cache Size" VALUE ="Auto"/>
            <TABLEATTRIBUTE NAME ="Dynamic Lookup Cache" VALUE ="NO"/>
            <TABLEATTRIBUTE NAME ="Synchronize Dynamic Cache" VALUE ="NO"/>
            <TABLEATTRIBUTE NAME ="Output Old Value On Update" VALUE ="NO"/>
            <TABLEATTRIBUTE NAME ="Update Dynamic Cache Condition" VALUE ="TRUE"/>
            <TABLEATTRIBUTE NAME ="Cache File Name Prefix" VALUE =""/>
            <TABLEATTRIBUTE NAME ="Re-cache from lookup source" VALUE ="NO"/>
            <TABLEATTRIBUTE NAME ="Insert Else Update" VALUE ="NO"/>
            <TABLEATTRIBUTE NAME ="Update Else Insert" VALUE ="NO"/>
            <TABLEATTRIBUTE NAME ="Datetime Format" VALUE =""/>
            <TABLEATTRIBUTE NAME ="Thousand Separator" VALUE ="None"/>
            <TABLEATTRIBUTE NAME ="Decimal Separator" VALUE ="."/>
            <TABLEATTRIBUTE NAME ="Case Sensitive String Comparison" VALUE ="NO"/>
            <TABLEATTRIBUTE NAME ="Null ordering" VALUE ="Null Is Highest Value"/>
            <TABLEATTRIBUTE NAME ="Sorted Input" VALUE ="NO"/>
            <TABLEATTRIBUTE NAME ="Lookup source is static" VALUE ="NO"/>
            <TABLEATTRIBUTE NAME ="Pre-build lookup cache" VALUE ="Auto"/>
            <TABLEATTRIBUTE NAME ="Subsecond Precision" VALUE ="6"/>
        </TRANSFORMATION>
        <INSTANCE DESCRIPTION ="Target definition" NAME ="RMLCA_Interim_1_TGT" TRANSFORMATION_NAME ="RMLCA_INTERIM_1" TRANSFORMATION_TYPE ="Target Definition" TYPE ="TARGET"/>
        <INSTANCE DBDNAME ="slbadw" DESCRIPTION ="Source Definition" NAME ="STG_RMLCA_PARENT_PLANT" TRANSFORMATION_NAME ="STG_RMLCA_PARENT_PLANT" TRANSFORMATION_TYPE ="Source Definition" TYPE ="SOURCE"/>
        <INSTANCE DBDNAME ="slbadw" DESCRIPTION ="Source Definition" NAME ="RMLCA_INTERIM_1" TRANSFORMATION_NAME ="RMLCA_INTERIM_1" TRANSFORMATION_TYPE ="Source Definition" TYPE ="SOURCE"/>
        <INSTANCE DESCRIPTION ="SQ for the source" NAME ="SQ_RMLCA_INTERIM_1" REUSABLE ="NO" TRANSFORMATION_NAME ="SQ_RMLCA_INTERIM_1" TRANSFORMATION_TYPE ="Source Qualifier" TYPE ="TRANSFORMATION">
            <ASSOCIATED_SOURCE_INSTANCE NAME ="RMLCA_INTERIM_1"/>
            <ASSOCIATED_SOURCE_INSTANCE NAME ="STG_RMLCA_PARENT_PLANT"/>
        </INSTANCE>
        <INSTANCE DESCRIPTION ="expression to assign values" NAME ="EXP_INTERIM_1" REUSABLE ="NO" TRANSFORMATION_NAME ="EXP_INTERIM_1" TRANSFORMATION_TYPE ="Expression" TYPE ="TRANSFORMATION"/>
        <INSTANCE DESCRIPTION ="To filter records for insert" NAME ="FL_INTERIM_1" REUSABLE ="NO" TRANSFORMATION_NAME ="FL_INTERIM_1" TRANSFORMATION_TYPE ="Filter" TYPE ="TRANSFORMATION"/>
        <INSTANCE DESCRIPTION ="lookup to see if the record is present or not" NAME ="LKP_RMLCA_INTERIM_1" REUSABLE ="NO" TRANSFORMATION_NAME ="LKP_RMLCA_INTERIM_1" TRANSFORMATION_TYPE ="Lookup Procedure" TYPE ="TRANSFORMATION"/>
        <CONNECTOR FROMFIELD ="ROOT_STYLE_CD" FROMINSTANCE ="FL_INTERIM_1" FROMINSTANCETYPE ="Filter" TOFIELD ="ROOT_STYLE_CD" TOINSTANCE ="RMLCA_Interim_1_TGT" TOINSTANCETYPE ="Target Definition"/>
        <CONNECTOR FROMFIELD ="ROOT_COLOR_CD" FROMINSTANCE ="FL_INTERIM_1" FROMINSTANCETYPE ="Filter" TOFIELD ="ROOT_COLOR_CD" TOINSTANCE ="RMLCA_Interim_1_TGT" TOINSTANCETYPE ="Target Definition"/>
        <CONNECTOR FROMFIELD ="ROOT_ATTRIBUTE_CD" FROMINSTANCE ="FL_INTERIM_1" FROMINSTANCETYPE ="Filter" TOFIELD ="ROOT_ATTRIBUTE_CD" TOINSTANCE ="RMLCA_Interim_1_TGT" TOINSTANCETYPE ="Target Definition"/>
        <CONNECTOR FROMFIELD ="ROOT_SIZE_CD" FROMINSTANCE ="FL_INTERIM_1" FROMINSTANCETYPE ="Filter" TOFIELD ="ROOT_SIZE_CD" TOINSTANCE ="RMLCA_Interim_1_TGT" TOINSTANCETYPE ="Target Definition"/>
        <CONNECTOR FROMFIELD ="ROOT_REVISION_NO" FROMINSTANCE ="FL_INTERIM_1" FROMINSTANCETYPE ="Filter" TOFIELD ="ROOT_REVISION_NO" TOINSTANCE ="RMLCA_Interim_1_TGT" TOINSTANCETYPE ="Target Definition"/>
        <CONNECTOR FROMFIELD ="ROOT_MFG_PATH_ID" FROMINSTANCE ="FL_INTERIM_1" FROMINSTANCETYPE ="Filter" TOFIELD ="ROOT_MFG_PATH_ID" TOINSTANCE ="RMLCA_Interim_1_TGT" TOINSTANCETYPE ="Target Definition"/>
        <CONNECTOR FROMFIELD ="COMPONENT_STYLE_CD" FROMINSTANCE ="FL_INTERIM_1" FROMINSTANCETYPE ="Filter" TOFIELD ="COMPONENT_STYLE_CD" TOINSTANCE ="RMLCA_Interim_1_TGT" TOINSTANCETYPE ="Target Definition"/>
        <CONNECTOR FROMFIELD ="COMPONENT_COLOR_CD" FROMINSTANCE ="FL_INTERIM_1" FROMINSTANCETYPE ="Filter" TOFIELD ="COMPONENT_COLOR_CD" TOINSTANCE ="RMLCA_Interim_1_TGT" TOINSTANCETYPE ="Target Definition"/>
        <CONNECTOR FROMFIELD ="COMPONENT_ATTRIBUTE_CD" FROMINSTANCE ="FL_INTERIM_1" FROMINSTANCETYPE ="Filter" TOFIELD ="COMPONENT_ATTRIBUTE_CD" TOINSTANCE ="RMLCA_Interim_1_TGT" TOINSTANCETYPE ="Target Definition"/>
        <CONNECTOR FROMFIELD ="COMPONENT_SIZE_CD" FROMINSTANCE ="FL_INTERIM_1" FROMINSTANCETYPE ="Filter" TOFIELD ="COMPONENT_SIZE_CD" TOINSTANCE ="RMLCA_Interim_1_TGT" TOINSTANCETYPE ="Target Definition"/>
        <CONNECTOR FROMFIELD ="COMP_PLANT" FROMINSTANCE ="FL_INTERIM_1" FROMINSTANCETYPE ="Filter" TOFIELD ="ALT_PLANT" TOINSTANCE ="RMLCA_Interim_1_TGT" TOINSTANCETYPE ="Target Definition"/>
        <CONNECTOR FROMFIELD ="TOTAL_USAGE_QTY" FROMINSTANCE ="FL_INTERIM_1" FROMINSTANCETYPE ="Filter" TOFIELD ="TOTAL_USAGE_QTY" TOINSTANCE ="RMLCA_Interim_1_TGT" TOINSTANCETYPE ="Target Definition"/>
        <CONNECTOR FROMFIELD ="CORP_DIVISION" FROMINSTANCE ="FL_INTERIM_1" FROMINSTANCETYPE ="Filter" TOFIELD ="CORP_DIVISION" TOINSTANCE ="RMLCA_Interim_1_TGT" TOINSTANCETYPE ="Target Definition"/>
        <CONNECTOR FROMFIELD ="RM_PRODUCTION" FROMINSTANCE ="FL_INTERIM_1" FROMINSTANCETYPE ="Filter" TOFIELD ="RM_PRODUCTION" TOINSTANCE ="RMLCA_Interim_1_TGT" TOINSTANCETYPE ="Target Definition"/>
        <CONNECTOR FROMFIELD ="TIL" FROMINSTANCE ="FL_INTERIM_1" FROMINSTANCETYPE ="Filter" TOFIELD ="TIL" TOINSTANCE ="RMLCA_Interim_1_TGT" TOINSTANCETYPE ="Target Definition"/>
        <CONNECTOR FROMFIELD ="O_IND" FROMINSTANCE ="FL_INTERIM_1" FROMINSTANCETYPE ="Filter" TOFIELD ="IND" TOINSTANCE ="RMLCA_Interim_1_TGT" TOINSTANCETYPE ="Target Definition"/>
        <CONNECTOR FROMFIELD ="O_UPDATE_USERID" FROMINSTANCE ="FL_INTERIM_1" FROMINSTANCETYPE ="Filter" TOFIELD ="UPDATE_USERID" TOINSTANCE ="RMLCA_Interim_1_TGT" TOINSTANCETYPE ="Target Definition"/>
        <CONNECTOR FROMFIELD ="O_UPDATE_TIMESTAMP" FROMINSTANCE ="FL_INTERIM_1" FROMINSTANCETYPE ="Filter" TOFIELD ="UPDATE_TIMESTAMP" TOINSTANCE ="RMLCA_Interim_1_TGT" TOINSTANCETYPE ="Target Definition"/>
        <CONNECTOR FROMFIELD ="PARENT_PLANT" FROMINSTANCE ="FL_INTERIM_1" FROMINSTANCETYPE ="Filter" TOFIELD ="COMP_PLANT" TOINSTANCE ="RMLCA_Interim_1_TGT" TOINSTANCETYPE ="Target Definition"/>
        <CONNECTOR FROMFIELD ="FG_LCA_PRIORITY" FROMINSTANCE ="FL_INTERIM_1" FROMINSTANCETYPE ="Filter" TOFIELD ="FG_LCA_PRIORITY" TOINSTANCE ="RMLCA_Interim_1_TGT" TOINSTANCETYPE ="Target Definition"/>
        <CONNECTOR FROMFIELD ="LCA_NOTES" FROMINSTANCE ="FL_INTERIM_1" FROMINSTANCETYPE ="Filter" TOFIELD ="LCA_NOTES" TOINSTANCE ="RMLCA_Interim_1_TGT" TOINSTANCETYPE ="Target Definition"/>
        <CONNECTOR FROMFIELD ="AS_OF_DATE" FROMINSTANCE ="FL_INTERIM_1" FROMINSTANCETYPE ="Filter" TOFIELD ="AS_OF_DATE" TOINSTANCE ="RMLCA_Interim_1_TGT" TOINSTANCETYPE ="Target Definition"/>
        <CONNECTOR FROMFIELD ="PARENT_PLANT" FROMINSTANCE ="STG_RMLCA_PARENT_PLANT" FROMINSTANCETYPE ="Source Definition" TOFIELD ="PARENT_PLANT1" TOINSTANCE ="SQ_RMLCA_INTERIM_1" TOINSTANCETYPE ="Source Qualifier"/>
        <CONNECTOR FROMFIELD ="COMPONENT_STYLE_CD" FROMINSTANCE ="RMLCA_INTERIM_1" FROMINSTANCETYPE ="Source Definition" TOFIELD ="COMPONENT_STYLE_CD" TOINSTANCE ="SQ_RMLCA_INTERIM_1" TOINSTANCETYPE ="Source Qualifier"/>
        <CONNECTOR FROMFIELD ="COMPONENT_COLOR_CD" FROMINSTANCE ="RMLCA_INTERIM_1" FROMINSTANCETYPE ="Source Definition" TOFIELD ="COMPONENT_COLOR_CD" TOINSTANCE ="SQ_RMLCA_INTERIM_1" TOINSTANCETYPE ="Source Qualifier"/>
        <CONNECTOR FROMFIELD ="COMPONENT_ATTRIBUTE_CD" FROMINSTANCE ="RMLCA_INTERIM_1" FROMINSTANCETYPE ="Source Definition" TOFIELD ="COMPONENT_ATTRIBUTE_CD" TOINSTANCE ="SQ_RMLCA_INTERIM_1" TOINSTANCETYPE ="Source Qualifier"/>
        <CONNECTOR FROMFIELD ="COMPONENT_SIZE_CD" FROMINSTANCE ="RMLCA_INTERIM_1" FROMINSTANCETYPE ="Source Definition" TOFIELD ="COMPONENT_SIZE_CD" TOINSTANCE ="SQ_RMLCA_INTERIM_1" TOINSTANCETYPE ="Source Qualifier"/>
        <CONNECTOR FROMFIELD ="COMP_PLANT" FROMINSTANCE ="RMLCA_INTERIM_1" FROMINSTANCETYPE ="Source Definition" TOFIELD ="COMP_PLANT" TOINSTANCE ="SQ_RMLCA_INTERIM_1" TOINSTANCETYPE ="Source Qualifier"/>
        <CONNECTOR FROMFIELD ="TOTAL_USAGE_QTY" FROMINSTANCE ="RMLCA_INTERIM_1" FROMINSTANCETYPE ="Source Definition" TOFIELD ="TOTAL_USAGE_QTY" TOINSTANCE ="SQ_RMLCA_INTERIM_1" TOINSTANCETYPE ="Source Qualifier"/>
        <CONNECTOR FROMFIELD ="CORP_DIVISION" FROMINSTANCE ="RMLCA_INTERIM_1" FROMINSTANCETYPE ="Source Definition" TOFIELD ="CORP_DIVISION" TOINSTANCE ="SQ_RMLCA_INTERIM_1" TOINSTANCETYPE ="Source Qualifier"/>
        <CONNECTOR FROMFIELD ="RM_PRODUCTION" FROMINSTANCE ="RMLCA_INTERIM_1" FROMINSTANCETYPE ="Source Definition" TOFIELD ="RM_PRODUCTION" TOINSTANCE ="SQ_RMLCA_INTERIM_1" TOINSTANCETYPE ="Source Qualifier"/>
        <CONNECTOR FROMFIELD ="TIL" FROMINSTANCE ="RMLCA_INTERIM_1" FROMINSTANCETYPE ="Source Definition" TOFIELD ="TIL" TOINSTANCE ="SQ_RMLCA_INTERIM_1" TOINSTANCETYPE ="Source Qualifier"/>
        <CONNECTOR FROMFIELD ="FG_LCA_PRIORITY" FROMINSTANCE ="RMLCA_INTERIM_1" FROMINSTANCETYPE ="Source Definition" TOFIELD ="FG_LCA_PRIORITY" TOINSTANCE ="SQ_RMLCA_INTERIM_1" TOINSTANCETYPE ="Source Qualifier"/>
        <CONNECTOR FROMFIELD ="LCA_NOTES" FROMINSTANCE ="RMLCA_INTERIM_1" FROMINSTANCETYPE ="Source Definition" TOFIELD ="LCA_NOTES" TOINSTANCE ="SQ_RMLCA_INTERIM_1" TOINSTANCETYPE ="Source Qualifier"/>
        <CONNECTOR FROMFIELD ="ROOT_STYLE_CD" FROMINSTANCE ="RMLCA_INTERIM_1" FROMINSTANCETYPE ="Source Definition" TOFIELD ="ROOT_STYLE_CD" TOINSTANCE ="SQ_RMLCA_INTERIM_1" TOINSTANCETYPE ="Source Qualifier"/>
        <CONNECTOR FROMFIELD ="ROOT_COLOR_CD" FROMINSTANCE ="RMLCA_INTERIM_1" FROMINSTANCETYPE ="Source Definition" TOFIELD ="ROOT_COLOR_CD" TOINSTANCE ="SQ_RMLCA_INTERIM_1" TOINSTANCETYPE ="Source Qualifier"/>
        <CONNECTOR FROMFIELD ="ROOT_ATTRIBUTE_CD" FROMINSTANCE ="RMLCA_INTERIM_1" FROMINSTANCETYPE ="Source Definition" TOFIELD ="ROOT_ATTRIBUTE_CD" TOINSTANCE ="SQ_RMLCA_INTERIM_1" TOINSTANCETYPE ="Source Qualifier"/>
        <CONNECTOR FROMFIELD ="ROOT_SIZE_CD" FROMINSTANCE ="RMLCA_INTERIM_1" FROMINSTANCETYPE ="Source Definition" TOFIELD ="ROOT_SIZE_CD" TOINSTANCE ="SQ_RMLCA_INTERIM_1" TOINSTANCETYPE ="Source Qualifier"/>
        <CONNECTOR FROMFIELD ="ROOT_REVISION_NO" FROMINSTANCE ="RMLCA_INTERIM_1" FROMINSTANCETYPE ="Source Definition" TOFIELD ="ROOT_REVISION_NO" TOINSTANCE ="SQ_RMLCA_INTERIM_1" TOINSTANCETYPE ="Source Qualifier"/>
        <CONNECTOR FROMFIELD ="ROOT_MFG_PATH_ID" FROMINSTANCE ="RMLCA_INTERIM_1" FROMINSTANCETYPE ="Source Definition" TOFIELD ="ROOT_MFG_PATH_ID" TOINSTANCE ="SQ_RMLCA_INTERIM_1" TOINSTANCETYPE ="Source Qualifier"/>
        <CONNECTOR FROMFIELD ="AS_OF_DATE" FROMINSTANCE ="RMLCA_INTERIM_1" FROMINSTANCETYPE ="Source Definition" TOFIELD ="AS_OF_DATE" TOINSTANCE ="SQ_RMLCA_INTERIM_1" TOINSTANCETYPE ="Source Qualifier"/>
        <CONNECTOR FROMFIELD ="ROOT_STYLE_CD" FROMINSTANCE ="SQ_RMLCA_INTERIM_1" FROMINSTANCETYPE ="Source Qualifier" TOFIELD ="ROOT_STYLE_CD" TOINSTANCE ="EXP_INTERIM_1" TOINSTANCETYPE ="Expression"/>
        <CONNECTOR FROMFIELD ="ROOT_COLOR_CD" FROMINSTANCE ="SQ_RMLCA_INTERIM_1" FROMINSTANCETYPE ="Source Qualifier" TOFIELD ="ROOT_COLOR_CD" TOINSTANCE ="EXP_INTERIM_1" TOINSTANCETYPE ="Expression"/>
        <CONNECTOR FROMFIELD ="ROOT_ATTRIBUTE_CD" FROMINSTANCE ="SQ_RMLCA_INTERIM_1" FROMINSTANCETYPE ="Source Qualifier" TOFIELD ="ROOT_ATTRIBUTE_CD" TOINSTANCE ="EXP_INTERIM_1" TOINSTANCETYPE ="Expression"/>
        <CONNECTOR FROMFIELD ="ROOT_SIZE_CD" FROMINSTANCE ="SQ_RMLCA_INTERIM_1" FROMINSTANCETYPE ="Source Qualifier" TOFIELD ="ROOT_SIZE_CD" TOINSTANCE ="EXP_INTERIM_1" TOINSTANCETYPE ="Expression"/>
        <CONNECTOR FROMFIELD ="ROOT_REVISION_NO" FROMINSTANCE ="SQ_RMLCA_INTERIM_1" FROMINSTANCETYPE ="Source Qualifier" TOFIELD ="ROOT_REVISION_NO" TOINSTANCE ="EXP_INTERIM_1" TOINSTANCETYPE ="Expression"/>
        <CONNECTOR FROMFIELD ="ROOT_MFG_PATH_ID" FROMINSTANCE ="SQ_RMLCA_INTERIM_1" FROMINSTANCETYPE ="Source Qualifier" TOFIELD ="ROOT_MFG_PATH_ID" TOINSTANCE ="EXP_INTERIM_1" TOINSTANCETYPE ="Expression"/>
        <CONNECTOR FROMFIELD ="COMPONENT_STYLE_CD" FROMINSTANCE ="SQ_RMLCA_INTERIM_1" FROMINSTANCETYPE ="Source Qualifier" TOFIELD ="COMPONENT_STYLE_CD" TOINSTANCE ="EXP_INTERIM_1" TOINSTANCETYPE ="Expression"/>
        <CONNECTOR FROMFIELD ="COMPONENT_COLOR_CD" FROMINSTANCE ="SQ_RMLCA_INTERIM_1" FROMINSTANCETYPE ="Source Qualifier" TOFIELD ="COMPONENT_COLOR_CD" TOINSTANCE ="EXP_INTERIM_1" TOINSTANCETYPE ="Expression"/>
        <CONNECTOR FROMFIELD ="COMPONENT_ATTRIBUTE_CD" FROMINSTANCE ="SQ_RMLCA_INTERIM_1" FROMINSTANCETYPE ="Source Qualifier" TOFIELD ="COMPONENT_ATTRIBUTE_CD" TOINSTANCE ="EXP_INTERIM_1" TOINSTANCETYPE ="Expression"/>
        <CONNECTOR FROMFIELD ="COMPONENT_SIZE_CD" FROMINSTANCE ="SQ_RMLCA_INTERIM_1" FROMINSTANCETYPE ="Source Qualifier" TOFIELD ="COMPONENT_SIZE_CD" TOINSTANCE ="EXP_INTERIM_1" TOINSTANCETYPE ="Expression"/>
        <CONNECTOR FROMFIELD ="COMP_PLANT" FROMINSTANCE ="SQ_RMLCA_INTERIM_1" FROMINSTANCETYPE ="Source Qualifier" TOFIELD ="COMP_PLANT" TOINSTANCE ="EXP_INTERIM_1" TOINSTANCETYPE ="Expression"/>
        <CONNECTOR FROMFIELD ="TOTAL_USAGE_QTY" FROMINSTANCE ="SQ_RMLCA_INTERIM_1" FROMINSTANCETYPE ="Source Qualifier" TOFIELD ="TOTAL_USAGE_QTY" TOINSTANCE ="EXP_INTERIM_1" TOINSTANCETYPE ="Expression"/>
        <CONNECTOR FROMFIELD ="CORP_DIVISION" FROMINSTANCE ="SQ_RMLCA_INTERIM_1" FROMINSTANCETYPE ="Source Qualifier" TOFIELD ="CORP_DIVISION" TOINSTANCE ="EXP_INTERIM_1" TOINSTANCETYPE ="Expression"/>
        <CONNECTOR FROMFIELD ="RM_PRODUCTION" FROMINSTANCE ="SQ_RMLCA_INTERIM_1" FROMINSTANCETYPE ="Source Qualifier" TOFIELD ="RM_PRODUCTION" TOINSTANCE ="EXP_INTERIM_1" TOINSTANCETYPE ="Expression"/>
        <CONNECTOR FROMFIELD ="TIL" FROMINSTANCE ="SQ_RMLCA_INTERIM_1" FROMINSTANCETYPE ="Source Qualifier" TOFIELD ="TIL" TOINSTANCE ="EXP_INTERIM_1" TOINSTANCETYPE ="Expression"/>
        <CONNECTOR FROMFIELD ="FG_LCA_PRIORITY" FROMINSTANCE ="SQ_RMLCA_INTERIM_1" FROMINSTANCETYPE ="Source Qualifier" TOFIELD ="FG_LCA_PRIORITY" TOINSTANCE ="EXP_INTERIM_1" TOINSTANCETYPE ="Expression"/>
        <CONNECTOR FROMFIELD ="LCA_NOTES" FROMINSTANCE ="SQ_RMLCA_INTERIM_1" FROMINSTANCETYPE ="Source Qualifier" TOFIELD ="LCA_NOTES" TOINSTANCE ="EXP_INTERIM_1" TOINSTANCETYPE ="Expression"/>
        <CONNECTOR FROMFIELD ="PARENT_PLANT1" FROMINSTANCE ="SQ_RMLCA_INTERIM_1" FROMINSTANCETYPE ="Source Qualifier" TOFIELD ="PARENT_PLANT" TOINSTANCE ="EXP_INTERIM_1" TOINSTANCETYPE ="Expression"/>
        <CONNECTOR FROMFIELD ="AS_OF_DATE" FROMINSTANCE ="SQ_RMLCA_INTERIM_1" FROMINSTANCETYPE ="Source Qualifier" TOFIELD ="AS_OF_DATE" TOINSTANCE ="EXP_INTERIM_1" TOINSTANCETYPE ="Expression"/>
        <CONNECTOR FROMFIELD ="ROOT_STYLE_CD" FROMINSTANCE ="SQ_RMLCA_INTERIM_1" FROMINSTANCETYPE ="Source Qualifier" TOFIELD ="ROOT_STYLE_CD1" TOINSTANCE ="LKP_RMLCA_INTERIM_1" TOINSTANCETYPE ="Lookup Procedure"/>
        <CONNECTOR FROMFIELD ="ROOT_COLOR_CD" FROMINSTANCE ="SQ_RMLCA_INTERIM_1" FROMINSTANCETYPE ="Source Qualifier" TOFIELD ="ROOT_COLOR_CD1" TOINSTANCE ="LKP_RMLCA_INTERIM_1" TOINSTANCETYPE ="Lookup Procedure"/>
        <CONNECTOR FROMFIELD ="ROOT_ATTRIBUTE_CD" FROMINSTANCE ="SQ_RMLCA_INTERIM_1" FROMINSTANCETYPE ="Source Qualifier" TOFIELD ="ROOT_ATTRIBUTE_CD1" TOINSTANCE ="LKP_RMLCA_INTERIM_1" TOINSTANCETYPE ="Lookup Procedure"/>
        <CONNECTOR FROMFIELD ="ROOT_SIZE_CD" FROMINSTANCE ="SQ_RMLCA_INTERIM_1" FROMINSTANCETYPE ="Source Qualifier" TOFIELD ="ROOT_SIZE_CD1" TOINSTANCE ="LKP_RMLCA_INTERIM_1" TOINSTANCETYPE ="Lookup Procedure"/>
        <CONNECTOR FROMFIELD ="COMPONENT_STYLE_CD" FROMINSTANCE ="SQ_RMLCA_INTERIM_1" FROMINSTANCETYPE ="Source Qualifier" TOFIELD ="COMPONENT_STYLE_CD1" TOINSTANCE ="LKP_RMLCA_INTERIM_1" TOINSTANCETYPE ="Lookup Procedure"/>
        <CONNECTOR FROMFIELD ="COMPONENT_COLOR_CD" FROMINSTANCE ="SQ_RMLCA_INTERIM_1" FROMINSTANCETYPE ="Source Qualifier" TOFIELD ="COMPONENT_COLOR_CD1" TOINSTANCE ="LKP_RMLCA_INTERIM_1" TOINSTANCETYPE ="Lookup Procedure"/>
        <CONNECTOR FROMFIELD ="COMPONENT_ATTRIBUTE_CD" FROMINSTANCE ="SQ_RMLCA_INTERIM_1" FROMINSTANCETYPE ="Source Qualifier" TOFIELD ="COMPONENT_ATTRIBUTE_CD1" TOINSTANCE ="LKP_RMLCA_INTERIM_1" TOINSTANCETYPE ="Lookup Procedure"/>
        <CONNECTOR FROMFIELD ="COMPONENT_SIZE_CD" FROMINSTANCE ="SQ_RMLCA_INTERIM_1" FROMINSTANCETYPE ="Source Qualifier" TOFIELD ="COMPONENT_SIZE_CD1" TOINSTANCE ="LKP_RMLCA_INTERIM_1" TOINSTANCETYPE ="Lookup Procedure"/>
        <CONNECTOR FROMFIELD ="PARENT_PLANT1" FROMINSTANCE ="SQ_RMLCA_INTERIM_1" FROMINSTANCETYPE ="Source Qualifier" TOFIELD ="PARENT_PLANT1" TOINSTANCE ="LKP_RMLCA_INTERIM_1" TOINSTANCETYPE ="Lookup Procedure"/>
        <CONNECTOR FROMFIELD ="ROOT_STYLE_CD" FROMINSTANCE ="LKP_RMLCA_INTERIM_1" FROMINSTANCETYPE ="Lookup Procedure" TOFIELD ="ROOT_STYLE_CD1" TOINSTANCE ="EXP_INTERIM_1" TOINSTANCETYPE ="Expression"/>
        <CONNECTOR FROMFIELD ="ROOT_COLOR_CD" FROMINSTANCE ="LKP_RMLCA_INTERIM_1" FROMINSTANCETYPE ="Lookup Procedure" TOFIELD ="ROOT_COLOR_CD1" TOINSTANCE ="EXP_INTERIM_1" TOINSTANCETYPE ="Expression"/>
        <CONNECTOR FROMFIELD ="ROOT_ATTRIBUTE_CD" FROMINSTANCE ="LKP_RMLCA_INTERIM_1" FROMINSTANCETYPE ="Lookup Procedure" TOFIELD ="ROOT_ATTRIBUTE_CD1" TOINSTANCE ="EXP_INTERIM_1" TOINSTANCETYPE ="Expression"/>
        <CONNECTOR FROMFIELD ="ROOT_SIZE_CD" FROMINSTANCE ="LKP_RMLCA_INTERIM_1" FROMINSTANCETYPE ="Lookup Procedure" TOFIELD ="ROOT_SIZE_CD1" TOINSTANCE ="EXP_INTERIM_1" TOINSTANCETYPE ="Expression"/>
        <CONNECTOR FROMFIELD ="COMPONENT_STYLE_CD" FROMINSTANCE ="LKP_RMLCA_INTERIM_1" FROMINSTANCETYPE ="Lookup Procedure" TOFIELD ="COMPONENT_STYLE_CD1" TOINSTANCE ="EXP_INTERIM_1" TOINSTANCETYPE ="Expression"/>
        <CONNECTOR FROMFIELD ="COMPONENT_COLOR_CD" FROMINSTANCE ="LKP_RMLCA_INTERIM_1" FROMINSTANCETYPE ="Lookup Procedure" TOFIELD ="COMPONENT_COLOR_CD1" TOINSTANCE ="EXP_INTERIM_1" TOINSTANCETYPE ="Expression"/>
        <CONNECTOR FROMFIELD ="COMPONENT_ATTRIBUTE_CD" FROMINSTANCE ="LKP_RMLCA_INTERIM_1" FROMINSTANCETYPE ="Lookup Procedure" TOFIELD ="COMPONENT_ATTRIBUTE_CD1" TOINSTANCE ="EXP_INTERIM_1" TOINSTANCETYPE ="Expression"/>
        <CONNECTOR FROMFIELD ="COMPONENT_SIZE_CD" FROMINSTANCE ="LKP_RMLCA_INTERIM_1" FROMINSTANCETYPE ="Lookup Procedure" TOFIELD ="COMPONENT_SIZE_CD1" TOINSTANCE ="EXP_INTERIM_1" TOINSTANCETYPE ="Expression"/>
        <CONNECTOR FROMFIELD ="COMP_PLANT" FROMINSTANCE ="LKP_RMLCA_INTERIM_1" FROMINSTANCETYPE ="Lookup Procedure" TOFIELD ="COMP_PLANT1" TOINSTANCE ="EXP_INTERIM_1" TOINSTANCETYPE ="Expression"/>
        <CONNECTOR FROMFIELD ="ROOT_STYLE_CD" FROMINSTANCE ="EXP_INTERIM_1" FROMINSTANCETYPE ="Expression" TOFIELD ="ROOT_STYLE_CD" TOINSTANCE ="FL_INTERIM_1" TOINSTANCETYPE ="Filter"/>
        <CONNECTOR FROMFIELD ="ROOT_COLOR_CD" FROMINSTANCE ="EXP_INTERIM_1" FROMINSTANCETYPE ="Expression" TOFIELD ="ROOT_COLOR_CD" TOINSTANCE ="FL_INTERIM_1" TOINSTANCETYPE ="Filter"/>
        <CONNECTOR FROMFIELD ="ROOT_ATTRIBUTE_CD" FROMINSTANCE ="EXP_INTERIM_1" FROMINSTANCETYPE ="Expression" TOFIELD ="ROOT_ATTRIBUTE_CD" TOINSTANCE ="FL_INTERIM_1" TOINSTANCETYPE ="Filter"/>
        <CONNECTOR FROMFIELD ="ROOT_SIZE_CD" FROMINSTANCE ="EXP_INTERIM_1" FROMINSTANCETYPE ="Expression" TOFIELD ="ROOT_SIZE_CD" TOINSTANCE ="FL_INTERIM_1" TOINSTANCETYPE ="Filter"/>
        <CONNECTOR FROMFIELD ="ROOT_REVISION_NO" FROMINSTANCE ="EXP_INTERIM_1" FROMINSTANCETYPE ="Expression" TOFIELD ="ROOT_REVISION_NO" TOINSTANCE ="FL_INTERIM_1" TOINSTANCETYPE ="Filter"/>
        <CONNECTOR FROMFIELD ="ROOT_MFG_PATH_ID" FROMINSTANCE ="EXP_INTERIM_1" FROMINSTANCETYPE ="Expression" TOFIELD ="ROOT_MFG_PATH_ID" TOINSTANCE ="FL_INTERIM_1" TOINSTANCETYPE ="Filter"/>
        <CONNECTOR FROMFIELD ="COMPONENT_STYLE_CD" FROMINSTANCE ="EXP_INTERIM_1" FROMINSTANCETYPE ="Expression" TOFIELD ="COMPONENT_STYLE_CD" TOINSTANCE ="FL_INTERIM_1" TOINSTANCETYPE ="Filter"/>
        <CONNECTOR FROMFIELD ="COMPONENT_COLOR_CD" FROMINSTANCE ="EXP_INTERIM_1" FROMINSTANCETYPE ="Expression" TOFIELD ="COMPONENT_COLOR_CD" TOINSTANCE ="FL_INTERIM_1" TOINSTANCETYPE ="Filter"/>
        <CONNECTOR FROMFIELD ="COMPONENT_ATTRIBUTE_CD" FROMINSTANCE ="EXP_INTERIM_1" FROMINSTANCETYPE ="Expression" TOFIELD ="COMPONENT_ATTRIBUTE_CD" TOINSTANCE ="FL_INTERIM_1" TOINSTANCETYPE ="Filter"/>
        <CONNECTOR FROMFIELD ="COMPONENT_SIZE_CD" FROMINSTANCE ="EXP_INTERIM_1" FROMINSTANCETYPE ="Expression" TOFIELD ="COMPONENT_SIZE_CD" TOINSTANCE ="FL_INTERIM_1" TOINSTANCETYPE ="Filter"/>
        <CONNECTOR FROMFIELD ="COMP_PLANT" FROMINSTANCE ="EXP_INTERIM_1" FROMINSTANCETYPE ="Expression" TOFIELD ="COMP_PLANT" TOINSTANCE ="FL_INTERIM_1" TOINSTANCETYPE ="Filter"/>
        <CONNECTOR FROMFIELD ="TOTAL_USAGE_QTY" FROMINSTANCE ="EXP_INTERIM_1" FROMINSTANCETYPE ="Expression" TOFIELD ="TOTAL_USAGE_QTY" TOINSTANCE ="FL_INTERIM_1" TOINSTANCETYPE ="Filter"/>
        <CONNECTOR FROMFIELD ="CORP_DIVISION" FROMINSTANCE ="EXP_INTERIM_1" FROMINSTANCETYPE ="Expression" TOFIELD ="CORP_DIVISION" TOINSTANCE ="FL_INTERIM_1" TOINSTANCETYPE ="Filter"/>
        <CONNECTOR FROMFIELD ="RM_PRODUCTION" FROMINSTANCE ="EXP_INTERIM_1" FROMINSTANCETYPE ="Expression" TOFIELD ="RM_PRODUCTION" TOINSTANCE ="FL_INTERIM_1" TOINSTANCETYPE ="Filter"/>
        <CONNECTOR FROMFIELD ="TIL" FROMINSTANCE ="EXP_INTERIM_1" FROMINSTANCETYPE ="Expression" TOFIELD ="TIL" TOINSTANCE ="FL_INTERIM_1" TOINSTANCETYPE ="Filter"/>
        <CONNECTOR FROMFIELD ="PARENT_PLANT" FROMINSTANCE ="EXP_INTERIM_1" FROMINSTANCETYPE ="Expression" TOFIELD ="PARENT_PLANT" TOINSTANCE ="FL_INTERIM_1" TOINSTANCETYPE ="Filter"/>
        <CONNECTOR FROMFIELD ="FLAG" FROMINSTANCE ="EXP_INTERIM_1" FROMINSTANCETYPE ="Expression" TOFIELD ="FLAG" TOINSTANCE ="FL_INTERIM_1" TOINSTANCETYPE ="Filter"/>
        <CONNECTOR FROMFIELD ="O_IND" FROMINSTANCE ="EXP_INTERIM_1" FROMINSTANCETYPE ="Expression" TOFIELD ="O_IND" TOINSTANCE ="FL_INTERIM_1" TOINSTANCETYPE ="Filter"/>
        <CONNECTOR FROMFIELD ="O_UPDATE_USERID" FROMINSTANCE ="EXP_INTERIM_1" FROMINSTANCETYPE ="Expression" TOFIELD ="O_UPDATE_USERID" TOINSTANCE ="FL_INTERIM_1" TOINSTANCETYPE ="Filter"/>
        <CONNECTOR FROMFIELD ="O_UPDATE_TIMESTAMP" FROMINSTANCE ="EXP_INTERIM_1" FROMINSTANCETYPE ="Expression" TOFIELD ="O_UPDATE_TIMESTAMP" TOINSTANCE ="FL_INTERIM_1" TOINSTANCETYPE ="Filter"/>
        <CONNECTOR FROMFIELD ="FG_LCA_PRIORITY" FROMINSTANCE ="EXP_INTERIM_1" FROMINSTANCETYPE ="Expression" TOFIELD ="FG_LCA_PRIORITY" TOINSTANCE ="FL_INTERIM_1" TOINSTANCETYPE ="Filter"/>
        <CONNECTOR FROMFIELD ="LCA_NOTES" FROMINSTANCE ="EXP_INTERIM_1" FROMINSTANCETYPE ="Expression" TOFIELD ="LCA_NOTES" TOINSTANCE ="FL_INTERIM_1" TOINSTANCETYPE ="Filter"/>
        <CONNECTOR FROMFIELD ="AS_OF_DATE" FROMINSTANCE ="EXP_INTERIM_1" FROMINSTANCETYPE ="Expression" TOFIELD ="AS_OF_DATE" TOINSTANCE ="FL_INTERIM_1" TOINSTANCETYPE ="Filter"/>
        <TARGETLOADORDER ORDER ="1" TARGETINSTANCE ="RMLCA_Interim_1_TGT"/>
        <ERPINFO/>
        <METADATAEXTENSION DATATYPE ="STRING" DESCRIPTION ="Conversion Mapping Name with version " DOMAINNAME ="User Defined Metadata Domain" ISCLIENTEDITABLE ="YES" ISCLIENTVISIBLE ="YES" ISREUSABLE ="NO" ISSHAREREAD ="NO" ISSHAREWRITE ="NO" MAXLENGTH ="256" NAME ="CONV_MAP_NAME" VALUE ="RM_LCA_Interim1_step2_ParentPlant_v1.2" VENDORNAME ="INFORMATICA"/>
    </MAPPING>
    <CONFIG DESCRIPTION ="Default session configuration object" ISDEFAULT ="YES" NAME ="default_session_config" VERSIONNUMBER ="1">
        <ATTRIBUTE NAME ="Advanced" VALUE =""/>
        <ATTRIBUTE NAME ="Constraint based load ordering" VALUE ="NO"/>
        <ATTRIBUTE NAME ="Cache LOOKUP() function" VALUE ="YES"/>
        <ATTRIBUTE NAME ="Default buffer block size" VALUE ="Auto"/>
        <ATTRIBUTE NAME ="Line Sequential buffer length" VALUE ="1024"/>
        <ATTRIBUTE NAME ="Maximum Memory Allowed For Auto Memory Attributes" VALUE ="0"/>
        <ATTRIBUTE NAME ="Maximum Percentage of Total Memory Allowed For Auto Memory Attributes" VALUE ="5"/>
        <ATTRIBUTE NAME ="Additional Concurrent Pipelines for Lookup Cache Creation" VALUE ="0"/>
        <ATTRIBUTE NAME ="Custom Properties" VALUE =""/>
        <ATTRIBUTE NAME ="Pre-build lookup cache" VALUE ="Auto"/>
        <ATTRIBUTE NAME ="Optimization Level" VALUE ="Medium"/>
        <ATTRIBUTE NAME ="DateTime Format String" VALUE ="MM/DD/YYYY HH24:MI:SS.US"/>
        <ATTRIBUTE NAME ="Pre 85 Timestamp Compatibility" VALUE ="NO"/>
        <ATTRIBUTE NAME ="Log Options" VALUE ="0"/>
        <ATTRIBUTE NAME ="Save session log by" VALUE ="Session runs"/>
        <ATTRIBUTE NAME ="Save session log for these runs" VALUE ="9"/>
        <ATTRIBUTE NAME ="Session Log File Max Size" VALUE ="0"/>
        <ATTRIBUTE NAME ="Session Log File Max Time Period" VALUE ="0"/>
        <ATTRIBUTE NAME ="Maximum Partial Session Log Files" VALUE ="1"/>
        <ATTRIBUTE NAME ="Writer Commit Statistics Log Frequency" VALUE ="1"/>
        <ATTRIBUTE NAME ="Writer Commit Statistics Log Interval" VALUE ="0"/>
        <ATTRIBUTE NAME ="Error handling" VALUE =""/>
        <ATTRIBUTE NAME ="Stop on errors" VALUE ="1"/>
        <ATTRIBUTE NAME ="Override tracing" VALUE ="None"/>
        <ATTRIBUTE NAME ="On Stored Procedure error" VALUE ="Stop"/>
        <ATTRIBUTE NAME ="On Pre-session command task error" VALUE ="Stop"/>
        <ATTRIBUTE NAME ="On Pre-Post SQL error" VALUE ="Stop"/>
        <ATTRIBUTE NAME ="Enable Recovery" VALUE ="NO"/>
        <ATTRIBUTE NAME ="Error Log Type" VALUE ="None"/>
        <ATTRIBUTE NAME ="Error Log Table Name Prefix" VALUE =""/>
        <ATTRIBUTE NAME ="Error Log File Name" VALUE ="PMError.log"/>
        <ATTRIBUTE NAME ="Log Source Row Data" VALUE ="NO"/>
        <ATTRIBUTE NAME ="Data Column Delimiter" VALUE ="|"/>
        <ATTRIBUTE NAME ="Partitioning Options" VALUE =""/>
        <ATTRIBUTE NAME ="Dynamic Partitioning" VALUE ="Disabled"/>
        <ATTRIBUTE NAME ="Number of Partitions" VALUE ="1"/>
        <ATTRIBUTE NAME ="Multiplication Factor" VALUE ="Auto"/>
        <ATTRIBUTE NAME ="Session on Grid" VALUE =""/>
        <ATTRIBUTE NAME ="Is Enabled" VALUE ="NO"/>
    </CONFIG>
    <SESSION DESCRIPTION ="Session that loads parent plant details to RMLCA_interim_1 table" ISVALID ="YES" MAPPINGNAME ="m_RMLCA_INTERIM1_STEP2" NAME ="s_m_RMLCA_INTERIM1_STEP2" REUSABLE ="YES" SORTORDER ="Binary" VERSIONNUMBER ="1">
        <SESSTRANSFORMATIONINST ISREPARTITIONPOINT ="YES" PARTITIONTYPE ="ROUND ROBIN" PIPELINE ="1" SINSTANCENAME ="RMLCA_Interim_1_TGT" STAGE ="1" TRANSFORMATIONNAME ="RMLCA_Interim_1_TGT" TRANSFORMATIONTYPE ="Target Definition">
            <PARTITION DESCRIPTION ="" NAME ="Partition #1"/>
            <PARTITION DESCRIPTION ="" NAME ="Partition #2"/>
            <PARTITION DESCRIPTION ="" NAME ="Partition #3"/>
            <PARTITION DESCRIPTION ="" NAME ="Partition #4"/>
        </SESSTRANSFORMATIONINST>
        <SESSTRANSFORMATIONINST ISREPARTITIONPOINT ="YES" PARTITIONTYPE ="ROUND ROBIN" PIPELINE ="1" SINSTANCENAME ="EXP_INTERIM_1" STAGE ="2" TRANSFORMATIONNAME ="EXP_INTERIM_1" TRANSFORMATIONTYPE ="Expression">
            <PARTITION DESCRIPTION ="" NAME ="Partition #1"/>
            <PARTITION DESCRIPTION ="" NAME ="Partition #2"/>
            <PARTITION DESCRIPTION ="" NAME ="Partition #3"/>
            <PARTITION DESCRIPTION ="" NAME ="Partition #4"/>
        </SESSTRANSFORMATIONINST>
        <SESSTRANSFORMATIONINST ISREPARTITIONPOINT ="NO" PIPELINE ="0" SINSTANCENAME ="RMLCA_INTERIM_1" STAGE ="0" TRANSFORMATIONNAME ="RMLCA_INTERIM_1" TRANSFORMATIONTYPE ="Source Definition"/>
        <SESSTRANSFORMATIONINST ISREPARTITIONPOINT ="YES" PARTITIONTYPE ="PASS THROUGH" PIPELINE ="1" SINSTANCENAME ="SQ_RMLCA_INTERIM_1" STAGE ="3" TRANSFORMATIONNAME ="SQ_RMLCA_INTERIM_1" TRANSFORMATIONTYPE ="Source Qualifier">
            <PARTITION DESCRIPTION ="" NAME ="Partition #1"/>
            <PARTITION DESCRIPTION ="" NAME ="Partition #2"/>
            <PARTITION DESCRIPTION ="" NAME ="Partition #3"/>
            <PARTITION DESCRIPTION ="" NAME ="Partition #4"/>
            <ATTRIBUTE NAME ="Pre SQL" VALUE ="delete from RMLCA_Interim_1&#xD;&#xA;where IND=&apos;2&apos;;&#xD;&#xA;commit;"/>
            <ATTRIBUTE NAME ="Sql Query" PARTITIONNAME ="Partition #2" VALUE ="SELECT &#xD;&#xA;  R.ROOT_STYLE_CD,&#xD;&#xA;  R.ROOT_COLOR_CD,&#xD;&#xA;  R.ROOT_ATTRIBUTE_CD,&#xD;&#xA;  R.ROOT_SIZE_CD,&#xD;&#xA;  R.ROOT_REVISION_NO,&#xD;&#xA;  R.ROOT_MFG_PATH_ID,&#xD;&#xA;  R.COMPONENT_STYLE_CD,&#xD;&#xA;  R.COMPONENT_COLOR_CD,&#xD;&#xA;  R.COMPONENT_ATTRIBUTE_CD,&#xD;&#xA;  R.COMPONENT_SIZE_CD,&#xD;&#xA;  R.COMP_PLANT,&#xD;&#xA;  R.TOTAL_USAGE_QTY,&#xD;&#xA;  R.CORP_DIVISION,&#xD;&#xA;  R.RM_PRODUCTION,&#xD;&#xA;  R.TIL,&#xD;&#xA;  R.FG_LCA_PRIORITY,&#xD;&#xA;  R.LCA_NOTES,&#xD;&#xA;  R.AS_OF_DATE,&#xD;&#xA;  P.PARENT_PLANT&#xD;&#xA;FROM RMLCA_INTERIM_1 R, stg_rmlca_parent_plant P, stg_rmlca_inv B&#xD;&#xA;where R.component_style_cd     =P.comp_style_cd&#xD;&#xA;AND R.component_color_cd    =P.comp_color_cd&#xD;&#xA;AND R.component_attribute_cd=P.comp_attribute_cd&#xD;&#xA;AND R.component_size_cd     =P.comp_size_cd&#xD;&#xA;AND R.comp_plant            =P.comp_plant&#xD;&#xA;and R.COMPONENT_STYLE_CD     =B.STYLE&#xD;&#xA;AND R.COMPONENT_COLOR_CD    =B.COLOR&#xD;&#xA;AND R.COMPONENT_ATTRIBUTE_CD=B.ATTRIBUTE_CD&#xD;&#xA;AND R.COMPONENT_SIZE_CD     =B.SIZE_CD&#xD;&#xA;AND P.PARENT_PLANT          =B.PLANT2&#xD;&#xA;and R.IND                  IN (1,99)&#xD;&#xA;AND 1=2"/>
            <ATTRIBUTE NAME ="Sql Query" PARTITIONNAME ="Partition #3" VALUE ="SELECT &#xD;&#xA;  R.ROOT_STYLE_CD,&#xD;&#xA;  R.ROOT_COLOR_CD,&#xD;&#xA;  R.ROOT_ATTRIBUTE_CD,&#xD;&#xA;  R.ROOT_SIZE_CD,&#xD;&#xA;  R.ROOT_REVISION_NO,&#xD;&#xA;  R.ROOT_MFG_PATH_ID,&#xD;&#xA;  R.COMPONENT_STYLE_CD,&#xD;&#xA;  R.COMPONENT_COLOR_CD,&#xD;&#xA;  R.COMPONENT_ATTRIBUTE_CD,&#xD;&#xA;  R.COMPONENT_SIZE_CD,&#xD;&#xA;  R.COMP_PLANT,&#xD;&#xA;  R.TOTAL_USAGE_QTY,&#xD;&#xA;  R.CORP_DIVISION,&#xD;&#xA;  R.RM_PRODUCTION,&#xD;&#xA;  R.TIL,&#xD;&#xA;  R.FG_LCA_PRIORITY,&#xD;&#xA;  R.LCA_NOTES,&#xD;&#xA;  R.AS_OF_DATE,&#xD;&#xA;  P.PARENT_PLANT&#xD;&#xA;FROM RMLCA_INTERIM_1 R, stg_rmlca_parent_plant P, stg_rmlca_inv B&#xD;&#xA;where R.component_style_cd     =P.comp_style_cd&#xD;&#xA;AND R.component_color_cd    =P.comp_color_cd&#xD;&#xA;AND R.component_attribute_cd=P.comp_attribute_cd&#xD;&#xA;AND R.component_size_cd     =P.comp_size_cd&#xD;&#xA;AND R.comp_plant            =P.comp_plant&#xD;&#xA;and R.COMPONENT_STYLE_CD     =B.STYLE&#xD;&#xA;AND R.COMPONENT_COLOR_CD    =B.COLOR&#xD;&#xA;AND R.COMPONENT_ATTRIBUTE_CD=B.ATTRIBUTE_CD&#xD;&#xA;AND R.COMPONENT_SIZE_CD     =B.SIZE_CD&#xD;&#xA;AND P.PARENT_PLANT          =B.PLANT2&#xD;&#xA;and R.IND                  IN (1,99)&#xD;&#xA;AND 1=2"/>
            <ATTRIBUTE NAME ="Sql Query" PARTITIONNAME ="Partition #4" VALUE ="SELECT &#xD;&#xA;  R.ROOT_STYLE_CD,&#xD;&#xA;  R.ROOT_COLOR_CD,&#xD;&#xA;  R.ROOT_ATTRIBUTE_CD,&#xD;&#xA;  R.ROOT_SIZE_CD,&#xD;&#xA;  R.ROOT_REVISION_NO,&#xD;&#xA;  R.ROOT_MFG_PATH_ID,&#xD;&#xA;  R.COMPONENT_STYLE_CD,&#xD;&#xA;  R.COMPONENT_COLOR_CD,&#xD;&#xA;  R.COMPONENT_ATTRIBUTE_CD,&#xD;&#xA;  R.COMPONENT_SIZE_CD,&#xD;&#xA;  R.COMP_PLANT,&#xD;&#xA;  R.TOTAL_USAGE_QTY,&#xD;&#xA;  R.CORP_DIVISION,&#xD;&#xA;  R.RM_PRODUCTION,&#xD;&#xA;  R.TIL,&#xD;&#xA;  R.FG_LCA_PRIORITY,&#xD;&#xA;  R.LCA_NOTES,&#xD;&#xA;  R.AS_OF_DATE,&#xD;&#xA;  P.PARENT_PLANT&#xD;&#xA;FROM RMLCA_INTERIM_1 R, stg_rmlca_parent_plant P, stg_rmlca_inv B&#xD;&#xA;where R.component_style_cd     =P.comp_style_cd&#xD;&#xA;AND R.component_color_cd    =P.comp_color_cd&#xD;&#xA;AND R.component_attribute_cd=P.comp_attribute_cd&#xD;&#xA;AND R.component_size_cd     =P.comp_size_cd&#xD;&#xA;AND R.comp_plant            =P.comp_plant&#xD;&#xA;and R.COMPONENT_STYLE_CD     =B.STYLE&#xD;&#xA;AND R.COMPONENT_COLOR_CD    =B.COLOR&#xD;&#xA;AND R.COMPONENT_ATTRIBUTE_CD=B.ATTRIBUTE_CD&#xD;&#xA;AND R.COMPONENT_SIZE_CD     =B.SIZE_CD&#xD;&#xA;AND P.PARENT_PLANT          =B.PLANT2&#xD;&#xA;and R.IND                  IN (1,99)&#xD;&#xA;AND 1=2"/>
        </SESSTRANSFORMATIONINST>
        <SESSTRANSFORMATIONINST ISREPARTITIONPOINT ="NO" PIPELINE ="1" SINSTANCENAME ="LKP_RMLCA_INTERIM_1" STAGE ="3" TRANSFORMATIONNAME ="LKP_RMLCA_INTERIM_1" TRANSFORMATIONTYPE ="Lookup Procedure">
            <PARTITION DESCRIPTION ="" NAME ="Partition #1"/>
            <PARTITION DESCRIPTION ="" NAME ="Partition #2"/>
            <PARTITION DESCRIPTION ="" NAME ="Partition #3"/>
            <PARTITION DESCRIPTION ="" NAME ="Partition #4"/>
            <ATTRIBUTE NAME ="Connection Information" VALUE ="Relational:SLBADW"/>
        </SESSTRANSFORMATIONINST>
        <SESSTRANSFORMATIONINST ISREPARTITIONPOINT ="YES" PARTITIONTYPE ="ROUND ROBIN" PIPELINE ="1" SINSTANCENAME ="FL_INTERIM_1" STAGE ="4" TRANSFORMATIONNAME ="FL_INTERIM_1" TRANSFORMATIONTYPE ="Filter">
            <PARTITION DESCRIPTION ="" NAME ="Partition #1"/>
            <PARTITION DESCRIPTION ="" NAME ="Partition #2"/>
            <PARTITION DESCRIPTION ="" NAME ="Partition #3"/>
            <PARTITION DESCRIPTION ="" NAME ="Partition #4"/>
        </SESSTRANSFORMATIONINST>
        <SESSTRANSFORMATIONINST ISREPARTITIONPOINT ="NO" PIPELINE ="0" SINSTANCENAME ="STG_RMLCA_PARENT_PLANT" STAGE ="0" TRANSFORMATIONNAME ="STG_RMLCA_PARENT_PLANT" TRANSFORMATIONTYPE ="Source Definition"/>
        <CONFIGREFERENCE REFOBJECTNAME ="default_session_config" TYPE ="Session config"/>
        <SESSIONEXTENSION NAME ="Relational Writer" SINSTANCENAME ="RMLCA_Interim_1_TGT" SUBTYPE ="Relational Writer" TRANSFORMATIONTYPE ="Target Definition" TYPE ="WRITER">
            <CONNECTIONREFERENCE CNXREFNAME ="DB Connection" CONNECTIONNAME ="SLBADW" CONNECTIONNUMBER ="1" CONNECTIONSUBTYPE ="Oracle" CONNECTIONTYPE ="Relational" VARIABLE =""/>
            <ATTRIBUTE NAME ="Target load type" VALUE ="Normal"/>
            <ATTRIBUTE NAME ="Insert" VALUE ="YES"/>
            <ATTRIBUTE NAME ="Update as Update" VALUE ="NO"/>
            <ATTRIBUTE NAME ="Update as Insert" VALUE ="NO"/>
            <ATTRIBUTE NAME ="Update else Insert" VALUE ="NO"/>
            <ATTRIBUTE NAME ="Delete" VALUE ="NO"/>
            <ATTRIBUTE NAME ="Truncate target table option" VALUE ="NO"/>
            <ATTRIBUTE NAME ="Reject file directory" PARTITIONNAME ="Partition #1" VALUE ="$PMBadFileDir&#x5c;INVENTORY_ANALYSIS&#x5c;BAD&#x5c;"/>
            <ATTRIBUTE NAME ="Reject file directory" PARTITIONNAME ="Partition #2" VALUE ="$PMBadFileDir&#x5c;INVENTORY_ANALYSIS&#x5c;BAD&#x5c;"/>
            <ATTRIBUTE NAME ="Reject file directory" PARTITIONNAME ="Partition #3" VALUE ="$PMBadFileDir&#x5c;INVENTORY_ANALYSIS&#x5c;BAD&#x5c;"/>
            <ATTRIBUTE NAME ="Reject file directory" PARTITIONNAME ="Partition #4" VALUE ="$PMBadFileDir&#x5c;INVENTORY_ANALYSIS&#x5c;BAD&#x5c;"/>
            <ATTRIBUTE NAME ="Reject filename" PARTITIONNAME ="Partition #1" VALUE ="s_m_RMLCA_INTERIM1_STEP21.bad"/>
            <ATTRIBUTE NAME ="Reject filename" PARTITIONNAME ="Partition #2" VALUE ="s_m_RMLCA_INTERIM1_STEP22.bad"/>
            <ATTRIBUTE NAME ="Reject filename" PARTITIONNAME ="Partition #3" VALUE ="s_m_RMLCA_INTERIM1_STEP23.bad"/>
            <ATTRIBUTE NAME ="Reject filename" PARTITIONNAME ="Partition #4" VALUE ="s_m_RMLCA_INTERIM1_STEP24.bad"/>
        </SESSIONEXTENSION>
        <SESSIONEXTENSION DSQINSTNAME ="SQ_RMLCA_INTERIM_1" DSQINSTTYPE ="Source Qualifier" NAME ="Relational Reader" SINSTANCENAME ="RMLCA_INTERIM_1" SUBTYPE ="Relational Reader" TRANSFORMATIONTYPE ="Source Definition" TYPE ="READER"/>
        <SESSIONEXTENSION NAME ="Relational Reader" SINSTANCENAME ="SQ_RMLCA_INTERIM_1" SUBTYPE ="Relational Reader" TRANSFORMATIONTYPE ="Source Qualifier" TYPE ="READER">
            <CONNECTIONREFERENCE CNXREFNAME ="DB Connection" CONNECTIONNAME ="SLBADW" CONNECTIONNUMBER ="1" CONNECTIONSUBTYPE ="Oracle" CONNECTIONTYPE ="Relational" VARIABLE =""/>
        </SESSIONEXTENSION>
        <SESSIONEXTENSION NAME ="Relational Lookup" SINSTANCENAME ="LKP_RMLCA_INTERIM_1" SUBTYPE ="Relational Lookup" TRANSFORMATIONTYPE ="Lookup Procedure" TYPE ="LOOKUPEXTENSION">
            <CONNECTIONREFERENCE CNXREFNAME ="DB Connection" CONNECTIONNAME ="SLBADW" CONNECTIONNUMBER ="1" CONNECTIONSUBTYPE ="Oracle" CONNECTIONTYPE ="Relational" VARIABLE =""/>
        </SESSIONEXTENSION>
        <SESSIONEXTENSION DSQINSTNAME ="SQ_RMLCA_INTERIM_1" DSQINSTTYPE ="Source Qualifier" NAME ="Relational Reader" SINSTANCENAME ="STG_RMLCA_PARENT_PLANT" SUBTYPE ="Relational Reader" TRANSFORMATIONTYPE ="Source Definition" TYPE ="READER"/>
        <ATTRIBUTE NAME ="General Options" VALUE =""/>
        <ATTRIBUTE NAME ="Write Backward Compatible Session Log File" VALUE ="YES"/>
        <ATTRIBUTE NAME ="Session Log File Name" VALUE ="s_m_RMLCA_INTERIM1_STEP2.log"/>
        <ATTRIBUTE NAME ="Session Log File directory" VALUE ="$PMSessionLogDir&#x5c;INVENTORY_ANALYSIS&#x5c;LOG&#x5c;"/>
        <ATTRIBUTE NAME ="Parameter Filename" VALUE =""/>
        <ATTRIBUTE NAME ="Enable Test Load" VALUE ="NO"/>
        <ATTRIBUTE NAME ="$Source connection value" VALUE =""/>
        <ATTRIBUTE NAME ="$Target connection value" VALUE =""/>
        <ATTRIBUTE NAME ="Treat source rows as" VALUE ="Insert"/>
        <ATTRIBUTE NAME ="Commit Type" VALUE ="Target"/>
        <ATTRIBUTE NAME ="Commit Interval" VALUE ="2000000"/>
        <ATTRIBUTE NAME ="Commit On End Of File" VALUE ="YES"/>
        <ATTRIBUTE NAME ="Rollback Transactions on Errors" VALUE ="NO"/>
        <ATTRIBUTE NAME ="Recovery Strategy" VALUE ="Restart task"/>
        <ATTRIBUTE NAME ="Java Classpath" VALUE =""/>
        <ATTRIBUTE NAME ="Performance" VALUE =""/>
        <ATTRIBUTE NAME ="DTM buffer size" VALUE ="Auto"/>
        <ATTRIBUTE NAME ="Collect performance data" VALUE ="NO"/>
        <ATTRIBUTE NAME ="Write performance data to repository" VALUE ="NO"/>
        <ATTRIBUTE NAME ="Incremental Aggregation" VALUE ="NO"/>
        <ATTRIBUTE NAME ="Enable high precision" VALUE ="NO"/>
        <ATTRIBUTE NAME ="Session retry on deadlock" VALUE ="NO"/>
        <ATTRIBUTE NAME ="Pushdown Optimization" VALUE ="None"/>
        <ATTRIBUTE NAME ="Allow Temporary View for Pushdown" VALUE ="NO"/>
        <ATTRIBUTE NAME ="Allow Temporary Sequence for Pushdown" VALUE ="NO"/>
        <ATTRIBUTE NAME ="Allow Pushdown for User Incompatible Connections" VALUE ="NO"/>
        <METADATAEXTENSION COMPONENTVERSION ="1000000" DATATYPE ="STRING" DESCRIPTION ="Conversion Mapping  Name with version " DOMAINNAME ="User Defined Metadata Domain" ISCLIENTEDITABLE ="YES" ISCLIENTVISIBLE ="YES" ISREUSABLE ="NO" ISSHAREREAD ="NO" ISSHAREWRITE ="NO" MAXLENGTH ="256" NAME ="CONV_MAP_NAME" VALUE ="RM_LCA_Interim1_step2_ParentPlant_v1.2" VENDORNAME ="INFORMATICA"/>
    </SESSION>
    <WORKFLOW DESCRIPTION ="WORKFLOW that contains session that loads parent plant details to RMLCA_interim_1 table" ISENABLED ="YES" ISRUNNABLESERVICE ="NO" ISSERVICE ="NO" ISVALID ="YES" NAME ="wf_s_m_RMLCA_INTERIM1_STEP2" REUSABLE_SCHEDULER ="NO" SCHEDULERNAME ="Scheduler" SERVERNAME ="Domain10_PRD_Int_Svc" SERVER_DOMAINNAME ="Domain10_PRD" SUSPEND_ON_ERROR ="NO" TASKS_MUST_RUN_ON_SERVER ="NO" VERSIONNUMBER ="1">
        <SCHEDULER DESCRIPTION ="" NAME ="Scheduler" REUSABLE ="NO" VERSIONNUMBER ="1">
            <SCHEDULEINFO SCHEDULETYPE ="ONDEMAND"/>
        </SCHEDULER>
        <TASK DESCRIPTION ="" NAME ="Start" REUSABLE ="NO" TYPE ="Start" VERSIONNUMBER ="1"/>
        <TASKINSTANCE DESCRIPTION ="" ISENABLED ="YES" NAME ="Start" REUSABLE ="NO" TASKNAME ="Start" TASKTYPE ="Start"/>
        <TASKINSTANCE DESCRIPTION ="Session that loads parent plant details to RMLCA_interim_1 table" FAIL_PARENT_IF_INSTANCE_DID_NOT_RUN ="YES" FAIL_PARENT_IF_INSTANCE_FAILS ="YES" ISENABLED ="YES" NAME ="s_m_RMLCA_INTERIM1_STEP2" REUSABLE ="YES" TASKNAME ="s_m_RMLCA_INTERIM1_STEP2" TASKTYPE ="Session" TREAT_INPUTLINK_AS_AND ="NO"/>
        <WORKFLOWLINK CONDITION ="" FROMTASK ="Start" TOTASK ="s_m_RMLCA_INTERIM1_STEP2"/>
        <WORKFLOWVARIABLE DATATYPE ="date/time" DEFAULTVALUE ="" DESCRIPTION ="The time this task started" ISNULL ="NO" ISPERSISTENT ="NO" NAME ="$Start.StartTime" USERDEFINED ="NO"/>
        <WORKFLOWVARIABLE DATATYPE ="date/time" DEFAULTVALUE ="" DESCRIPTION ="The time this task completed" ISNULL ="NO" ISPERSISTENT ="NO" NAME ="$Start.EndTime" USERDEFINED ="NO"/>
        <WORKFLOWVARIABLE DATATYPE ="integer" DEFAULTVALUE ="" DESCRIPTION ="Status of this task&apos;s execution" ISNULL ="NO" ISPERSISTENT ="NO" NAME ="$Start.Status" USERDEFINED ="NO"/>
        <WORKFLOWVARIABLE DATATYPE ="integer" DEFAULTVALUE ="" DESCRIPTION ="Status of the previous task that is not disabled" ISNULL ="NO" ISPERSISTENT ="NO" NAME ="$Start.PrevTaskStatus" USERDEFINED ="NO"/>
        <WORKFLOWVARIABLE DATATYPE ="integer" DEFAULTVALUE ="" DESCRIPTION ="Error code for this task&apos;s execution" ISNULL ="NO" ISPERSISTENT ="NO" NAME ="$Start.ErrorCode" USERDEFINED ="NO"/>
        <WORKFLOWVARIABLE DATATYPE ="string" DEFAULTVALUE ="" DESCRIPTION ="Error message for this task&apos;s execution" ISNULL ="NO" ISPERSISTENT ="NO" NAME ="$Start.ErrorMsg" USERDEFINED ="NO"/>
        <WORKFLOWVARIABLE DATATYPE ="date/time" DEFAULTVALUE ="" DESCRIPTION ="The time this task started" ISNULL ="NO" ISPERSISTENT ="NO" NAME ="$s_m_RMLCA_INTERIM1_STEP2.StartTime" USERDEFINED ="NO"/>
        <WORKFLOWVARIABLE DATATYPE ="date/time" DEFAULTVALUE ="" DESCRIPTION ="The time this task completed" ISNULL ="NO" ISPERSISTENT ="NO" NAME ="$s_m_RMLCA_INTERIM1_STEP2.EndTime" USERDEFINED ="NO"/>
        <WORKFLOWVARIABLE DATATYPE ="integer" DEFAULTVALUE ="" DESCRIPTION ="Status of this task&apos;s execution" ISNULL ="NO" ISPERSISTENT ="NO" NAME ="$s_m_RMLCA_INTERIM1_STEP2.Status" USERDEFINED ="NO"/>
        <WORKFLOWVARIABLE DATATYPE ="integer" DEFAULTVALUE ="" DESCRIPTION ="Status of the previous task that is not disabled" ISNULL ="NO" ISPERSISTENT ="NO" NAME ="$s_m_RMLCA_INTERIM1_STEP2.PrevTaskStatus" USERDEFINED ="NO"/>
        <WORKFLOWVARIABLE DATATYPE ="integer" DEFAULTVALUE ="" DESCRIPTION ="Error code for this task&apos;s execution" ISNULL ="NO" ISPERSISTENT ="NO" NAME ="$s_m_RMLCA_INTERIM1_STEP2.ErrorCode" USERDEFINED ="NO"/>
        <WORKFLOWVARIABLE DATATYPE ="string" DEFAULTVALUE ="" DESCRIPTION ="Error message for this task&apos;s execution" ISNULL ="NO" ISPERSISTENT ="NO" NAME ="$s_m_RMLCA_INTERIM1_STEP2.ErrorMsg" USERDEFINED ="NO"/>
        <WORKFLOWVARIABLE DATATYPE ="integer" DEFAULTVALUE ="" DESCRIPTION ="Rows successfully read" ISNULL ="NO" ISPERSISTENT ="NO" NAME ="$s_m_RMLCA_INTERIM1_STEP2.SrcSuccessRows" USERDEFINED ="NO"/>
        <WORKFLOWVARIABLE DATATYPE ="integer" DEFAULTVALUE ="" DESCRIPTION ="Rows failed to read" ISNULL ="NO" ISPERSISTENT ="NO" NAME ="$s_m_RMLCA_INTERIM1_STEP2.SrcFailedRows" USERDEFINED ="NO"/>
        <WORKFLOWVARIABLE DATATYPE ="integer" DEFAULTVALUE ="" DESCRIPTION ="Rows successfully loaded" ISNULL ="NO" ISPERSISTENT ="NO" NAME ="$s_m_RMLCA_INTERIM1_STEP2.TgtSuccessRows" USERDEFINED ="NO"/>
        <WORKFLOWVARIABLE DATATYPE ="integer" DEFAULTVALUE ="" DESCRIPTION ="Rows failed to load" ISNULL ="NO" ISPERSISTENT ="NO" NAME ="$s_m_RMLCA_INTERIM1_STEP2.TgtFailedRows" USERDEFINED ="NO"/>
        <WORKFLOWVARIABLE DATATYPE ="integer" DEFAULTVALUE ="" DESCRIPTION ="Total number of transformation errors" ISNULL ="NO" ISPERSISTENT ="NO" NAME ="$s_m_RMLCA_INTERIM1_STEP2.TotalTransErrors" USERDEFINED ="NO"/>
        <WORKFLOWVARIABLE DATATYPE ="integer" DEFAULTVALUE ="" DESCRIPTION ="First error code" ISNULL ="NO" ISPERSISTENT ="NO" NAME ="$s_m_RMLCA_INTERIM1_STEP2.FirstErrorCode" USERDEFINED ="NO"/>
        <WORKFLOWVARIABLE DATATYPE ="string" DEFAULTVALUE ="" DESCRIPTION ="First error message" ISNULL ="NO" ISPERSISTENT ="NO" NAME ="$s_m_RMLCA_INTERIM1_STEP2.FirstErrorMsg" USERDEFINED ="NO"/>
        <ATTRIBUTE NAME ="Parameter Filename" VALUE =""/>
        <ATTRIBUTE NAME ="Write Backward Compatible Workflow Log File" VALUE ="YES"/>
        <ATTRIBUTE NAME ="Workflow Log File Name" VALUE ="wf_s_m_RMLCA_INTERIM1_STEP2.log"/>
        <ATTRIBUTE NAME ="Workflow Log File Directory" VALUE ="$PMWorkflowLogDir&#x5c;INVENTORY_ANALYSIS&#x5c;LOG&#x5c;"/>
        <ATTRIBUTE NAME ="Save Workflow log by" VALUE ="By runs"/>
        <ATTRIBUTE NAME ="Save workflow log for these runs" VALUE ="9"/>
        <ATTRIBUTE NAME ="Service Name" VALUE =""/>
        <ATTRIBUTE NAME ="Service Timeout" VALUE ="0"/>
        <ATTRIBUTE NAME ="Is Service Visible" VALUE ="NO"/>
        <ATTRIBUTE NAME ="Is Service Protected" VALUE ="NO"/>
        <ATTRIBUTE NAME ="Fail task after wait time" VALUE ="0"/>
        <ATTRIBUTE NAME ="Enable HA recovery" VALUE ="NO"/>
        <ATTRIBUTE NAME ="Automatically recover terminated tasks" VALUE ="NO"/>
        <ATTRIBUTE NAME ="Service Level Name" VALUE ="Default"/>
        <ATTRIBUTE NAME ="Allow concurrent run with unique run instance name" VALUE ="NO"/>
        <ATTRIBUTE NAME ="Allow concurrent run with same run instance name" VALUE ="NO"/>
        <ATTRIBUTE NAME ="Maximum number of concurrent runs" VALUE ="0"/>
        <ATTRIBUTE NAME ="Assigned Web Services Hubs" VALUE =""/>
        <ATTRIBUTE NAME ="Maximum number of concurrent runs per Hub" VALUE ="1000"/>
        <ATTRIBUTE NAME ="Expected Service Time" VALUE ="1"/>
        <METADATAEXTENSION DATATYPE ="STRING" DESCRIPTION ="Conversion Mapping Name with version " DOMAINNAME ="User Defined Metadata Domain" ISCLIENTEDITABLE ="YES" ISCLIENTVISIBLE ="YES" ISREUSABLE ="NO" ISSHAREREAD ="NO" ISSHAREWRITE ="NO" MAXLENGTH ="256" NAME ="CONV_MAP_NAME" VALUE ="RM_LCA_Interim1_step2_ParentPlant_v1.0" VENDORNAME ="INFORMATICA"/>
        <METADATAEXTENSION DATATYPE ="STRING" DESCRIPTION ="" DOMAINNAME ="User Defined Metadata Domain" ISCLIENTEDITABLE ="YES" ISCLIENTVISIBLE ="YES" ISREUSABLE ="NO" ISSHAREREAD ="NO" ISSHAREWRITE ="NO" MAXLENGTH ="256" NAME ="Extension" VALUE ="" VENDORNAME ="INFORMATICA"/>
    </WORKFLOW>
</FOLDER>
</REPOSITORY>
</POWERMART>