<?xml version="1.0" encoding="Windows-1252"?>
<!DOCTYPE POWERMART SYSTEM "powrmart.dtd">
<POWERMART CREATION_DATE="05/20/2024 10:05:15" REPOSITORY_VERSION="187.96">
<REPOSITORY NAME="Domain10_Rep_Svc_Prd" VERSION="187" CODEPAGE="MS1252" DATABASETYPE="Microsoft SQL Server">
<FOLDER NAME="INVENTORY_ANALYSIS" GROUP="" OWNER="Administrator" SHARED="NOTSHARED" DESCRIPTION="" PERMISSIONS="rwx---r--" UUID="27b7fb57-5066-4c7e-aee4-118d44bfa5b6">
    <SOURCE BUSINESSNAME ="" DATABASETYPE ="Flat File" DBDNAME ="FlatFile" DESCRIPTION ="DWC_ZRTR_GTID_DER_PL" NAME ="DWC_ZRTR_GTID_DER_PL" OBJECTVERSION ="1" OWNERNAME ="" VERSIONNUMBER ="1">
        <FLATFILE CODEPAGE ="MS1252" CONSECDELIMITERSASONE ="NO" DELIMITED ="YES" DELIMITERS ="|" ESCAPE_CHARACTER ="" KEEPESCAPECHAR ="NO" LINESEQUENTIAL ="NO" MULTIDELIMITERSASAND ="NO" NULLCHARTYPE ="ASCII" NULL_CHARACTER ="*" PADBYTES ="1" QUOTE_CHARACTER ="DOUBLE" REPEATABLE ="NO" ROWDELIMITER ="0" SHIFTSENSITIVEDATA ="NO" SKIPROWS ="1" STRIPTRAILINGBLANKS ="NO"/>
        <TABLEATTRIBUTE NAME ="Base Table Name" VALUE =""/>
        <TABLEATTRIBUTE NAME ="Search Specification" VALUE =""/>
        <TABLEATTRIBUTE NAME ="Sort Specification" VALUE =""/>
        <TABLEATTRIBUTE NAME ="Datetime Format" VALUE ="A  19 mm/dd/yyyy hh24:mi:ss"/>
        <TABLEATTRIBUTE NAME ="Thousand Separator" VALUE ="None"/>
        <TABLEATTRIBUTE NAME ="Decimal Separator" VALUE ="."/>
        <TABLEATTRIBUTE NAME ="Add Currently Processed Flat File Name Port" VALUE ="NO"/>
        <TABLEATTRIBUTE NAME ="Source TimeStamp" VALUE =""/>
        <SOURCEFIELD BUSINESSNAME ="" DATATYPE ="string" DESCRIPTION ="" FIELDNUMBER ="1" FIELDPROPERTY ="0" FIELDTYPE ="ELEMITEM" HIDDEN ="NO" KEYTYPE ="NOT A KEY" LENGTH ="256" LEVEL ="0" NAME ="PROFIT_CENTER" NULLABLE ="NULL" OCCURS ="0" OFFSET ="0" PHYSICALLENGTH ="256" PHYSICALOFFSET ="0" PICTURETEXT ="" PRECISION ="256" SCALE ="0" USAGE_FLAGS =""/>
        <SOURCEFIELD BUSINESSNAME ="" DATATYPE ="string" DESCRIPTION ="" FIELDNUMBER ="2" FIELDPROPERTY ="0" FIELDTYPE ="ELEMITEM" HIDDEN ="NO" KEYTYPE ="NOT A KEY" LENGTH ="256" LEVEL ="0" NAME ="SUMMARY_CHANNEL_OF_TRADE_FOR_GT_ID" NULLABLE ="NULL" OCCURS ="0" OFFSET ="256" PHYSICALLENGTH ="256" PHYSICALOFFSET ="256" PICTURETEXT ="" PRECISION ="256" SCALE ="0" USAGE_FLAGS =""/>
        <SOURCEFIELD BUSINESSNAME ="" DATATYPE ="string" DESCRIPTION ="" FIELDNUMBER ="3" FIELDPROPERTY ="0" FIELDTYPE ="ELEMITEM" HIDDEN ="NO" KEYTYPE ="NOT A KEY" LENGTH ="256" LEVEL ="0" NAME ="GROWTH_TEAM_GEOGRAPHY" NULLABLE ="NULL" OCCURS ="0" OFFSET ="512" PHYSICALLENGTH ="256" PHYSICALOFFSET ="512" PICTURETEXT ="" PRECISION ="256" SCALE ="0" USAGE_FLAGS =""/>
        <SOURCEFIELD BUSINESSNAME ="" DATATYPE ="string" DESCRIPTION ="" FIELDNUMBER ="4" FIELDPROPERTY ="0" FIELDTYPE ="ELEMITEM" HIDDEN ="NO" KEYTYPE ="NOT A KEY" LENGTH ="256" LEVEL ="0" NAME ="GROWTH_TEAM_ID" NULLABLE ="NULL" OCCURS ="0" OFFSET ="768" PHYSICALLENGTH ="256" PHYSICALOFFSET ="768" PICTURETEXT ="" PRECISION ="256" SCALE ="0" USAGE_FLAGS =""/>
        <SOURCEFIELD BUSINESSNAME ="" DATATYPE ="string" DESCRIPTION ="" FIELDNUMBER ="5" FIELDPROPERTY ="0" FIELDTYPE ="ELEMITEM" HIDDEN ="NO" KEYTYPE ="NOT A KEY" LENGTH ="256" LEVEL ="0" NAME ="VALID_FROM_DATE" NULLABLE ="NULL" OCCURS ="0" OFFSET ="1024" PHYSICALLENGTH ="256" PHYSICALOFFSET ="1024" PICTURETEXT ="" PRECISION ="256" SCALE ="0" USAGE_FLAGS =""/>
        <SOURCEFIELD BUSINESSNAME ="" DATATYPE ="string" DESCRIPTION ="" FIELDNUMBER ="6" FIELDPROPERTY ="0" FIELDTYPE ="ELEMITEM" HIDDEN ="NO" KEYTYPE ="NOT A KEY" LENGTH ="256" LEVEL ="0" NAME ="VALID_TO_DATE" NULLABLE ="NULL" OCCURS ="0" OFFSET ="1280" PHYSICALLENGTH ="256" PHYSICALOFFSET ="1280" PICTURETEXT ="" PRECISION ="256" SCALE ="0" USAGE_FLAGS =""/>
        <SOURCEFIELD BUSINESSNAME ="" DATATYPE ="string" DESCRIPTION ="" FIELDNUMBER ="7" FIELDPROPERTY ="0" FIELDTYPE ="ELEMITEM" HIDDEN ="NO" KEYTYPE ="NOT A KEY" LENGTH ="256" LEVEL ="0" NAME ="ORIGINAL_GROWTH_TEAM_ID" NULLABLE ="NULL" OCCURS ="0" OFFSET ="1536" PHYSICALLENGTH ="256" PHYSICALOFFSET ="1536" PICTURETEXT ="" PRECISION ="256" SCALE ="0" USAGE_FLAGS =""/>
        <SOURCEFIELD BUSINESSNAME ="" DATATYPE ="string" DESCRIPTION ="" FIELDNUMBER ="8" FIELDPROPERTY ="0" FIELDTYPE ="ELEMITEM" HIDDEN ="NO" KEYTYPE ="NOT A KEY" LENGTH ="256" LEVEL ="0" NAME ="OLD_GROWTH_TEAM_ID" NULLABLE ="NULL" OCCURS ="0" OFFSET ="1792" PHYSICALLENGTH ="256" PHYSICALOFFSET ="1792" PICTURETEXT ="" PRECISION ="256" SCALE ="0" USAGE_FLAGS =""/>
        <SOURCEFIELD BUSINESSNAME ="" DATATYPE ="string" DESCRIPTION ="" FIELDNUMBER ="9" FIELDPROPERTY ="0" FIELDTYPE ="ELEMITEM" HIDDEN ="NO" KEYTYPE ="NOT A KEY" LENGTH ="256" LEVEL ="0" NAME ="DESCRIPTION_GROWTH_TEAM_ID" NULLABLE ="NULL" OCCURS ="0" OFFSET ="2048" PHYSICALLENGTH ="256" PHYSICALOFFSET ="2048" PICTURETEXT ="" PRECISION ="256" SCALE ="0" USAGE_FLAGS =""/>
        <SOURCEFIELD BUSINESSNAME ="" DATATYPE ="string" DESCRIPTION ="" FIELDNUMBER ="10" FIELDPROPERTY ="0" FIELDTYPE ="ELEMITEM" HIDDEN ="NO" KEYTYPE ="NOT A KEY" LENGTH ="256" LEVEL ="0" NAME ="PROFIT_CENTER_SHORT_TEXT" NULLABLE ="NULL" OCCURS ="0" OFFSET ="2304" PHYSICALLENGTH ="256" PHYSICALOFFSET ="2304" PICTURETEXT ="" PRECISION ="256" SCALE ="0" USAGE_FLAGS =""/>
        <SOURCEFIELD BUSINESSNAME ="" DATATYPE ="string" DESCRIPTION ="" FIELDNUMBER ="11" FIELDPROPERTY ="0" FIELDTYPE ="ELEMITEM" HIDDEN ="NO" KEYTYPE ="NOT A KEY" LENGTH ="256" LEVEL ="0" NAME ="PROFIT_CENTER_LONG_TEXT" NULLABLE ="NULL" OCCURS ="0" OFFSET ="2560" PHYSICALLENGTH ="256" PHYSICALOFFSET ="2560" PICTURETEXT ="" PRECISION ="256" SCALE ="0" USAGE_FLAGS =""/>
        <SOURCEFIELD BUSINESSNAME ="" DATATYPE ="string" DESCRIPTION ="" FIELDNUMBER ="12" FIELDPROPERTY ="0" FIELDTYPE ="ELEMITEM" HIDDEN ="NO" KEYTYPE ="NOT A KEY" LENGTH ="256" LEVEL ="0" NAME ="CREATED_BY" NULLABLE ="NULL" OCCURS ="0" OFFSET ="2816" PHYSICALLENGTH ="256" PHYSICALOFFSET ="2816" PICTURETEXT ="" PRECISION ="256" SCALE ="0" USAGE_FLAGS =""/>
        <SOURCEFIELD BUSINESSNAME ="" DATATYPE ="string" DESCRIPTION ="" FIELDNUMBER ="13" FIELDPROPERTY ="0" FIELDTYPE ="ELEMITEM" HIDDEN ="NO" KEYTYPE ="NOT A KEY" LENGTH ="256" LEVEL ="0" NAME ="CREATED_DATE_AND_TIME" NULLABLE ="NULL" OCCURS ="0" OFFSET ="3072" PHYSICALLENGTH ="256" PHYSICALOFFSET ="3072" PICTURETEXT ="" PRECISION ="256" SCALE ="0" USAGE_FLAGS =""/>
        <SOURCEFIELD BUSINESSNAME ="" DATATYPE ="string" DESCRIPTION ="" FIELDNUMBER ="14" FIELDPROPERTY ="0" FIELDTYPE ="ELEMITEM" HIDDEN ="NO" KEYTYPE ="NOT A KEY" LENGTH ="256" LEVEL ="0" NAME ="LAST_CHANGED_BY" NULLABLE ="NULL" OCCURS ="0" OFFSET ="3328" PHYSICALLENGTH ="256" PHYSICALOFFSET ="3328" PICTURETEXT ="" PRECISION ="256" SCALE ="0" USAGE_FLAGS =""/>
        <SOURCEFIELD BUSINESSNAME ="" DATATYPE ="string" DESCRIPTION ="" FIELDNUMBER ="15" FIELDPROPERTY ="0" FIELDTYPE ="ELEMITEM" HIDDEN ="NO" KEYTYPE ="NOT A KEY" LENGTH ="256" LEVEL ="0" NAME ="TIME_OF_LAST_CHANGE_DATE_TIME_UTC" NULLABLE ="NULL" OCCURS ="0" OFFSET ="3584" PHYSICALLENGTH ="256" PHYSICALOFFSET ="3584" PICTURETEXT ="" PRECISION ="256" SCALE ="0" USAGE_FLAGS =""/>
    </SOURCE>
    <TARGET BUSINESSNAME ="" CONSTRAINT ="" DATABASETYPE ="Oracle" DESCRIPTION ="STG_S4_GTID_DER" NAME ="STG_S4_GTID_DER" OBJECTVERSION ="1" TABLEOPTIONS ="" VERSIONNUMBER ="1">
        <TARGETFIELD BUSINESSNAME ="" DATATYPE ="varchar2" DESCRIPTION ="" FIELDNUMBER ="1" KEYTYPE ="NOT A KEY" NAME ="PROFIT_CENTER" NULLABLE ="NULL" PICTURETEXT ="" PRECISION ="10" SCALE ="0"/>
        <TARGETFIELD BUSINESSNAME ="" DATATYPE ="varchar2" DESCRIPTION ="" FIELDNUMBER ="2" KEYTYPE ="NOT A KEY" NAME ="SUMMARY_CHANNEL_TRADE_GT_ID" NULLABLE ="NULL" PICTURETEXT ="" PRECISION ="3" SCALE ="0"/>
        <TARGETFIELD BUSINESSNAME ="" DATATYPE ="varchar2" DESCRIPTION ="" FIELDNUMBER ="3" KEYTYPE ="NOT A KEY" NAME ="GROWTH_TEAM_GEOGRAPHY" NULLABLE ="NULL" PICTURETEXT ="" PRECISION ="3" SCALE ="0"/>
        <TARGETFIELD BUSINESSNAME ="" DATATYPE ="varchar2" DESCRIPTION ="" FIELDNUMBER ="4" KEYTYPE ="NOT A KEY" NAME ="GROWTH_TEAM_ID" NULLABLE ="NULL" PICTURETEXT ="" PRECISION ="10" SCALE ="0"/>
        <TARGETFIELD BUSINESSNAME ="" DATATYPE ="varchar2" DESCRIPTION ="" FIELDNUMBER ="5" KEYTYPE ="NOT A KEY" NAME ="VALID_FROM_DATE" NULLABLE ="NULL" PICTURETEXT ="" PRECISION ="8" SCALE ="0"/>
        <TARGETFIELD BUSINESSNAME ="" DATATYPE ="varchar2" DESCRIPTION ="" FIELDNUMBER ="6" KEYTYPE ="NOT A KEY" NAME ="VALID_TO_DATE" NULLABLE ="NULL" PICTURETEXT ="" PRECISION ="8" SCALE ="0"/>
        <TARGETFIELD BUSINESSNAME ="" DATATYPE ="varchar2" DESCRIPTION ="" FIELDNUMBER ="7" KEYTYPE ="NOT A KEY" NAME ="ORIGINAL_GROWTH_TEAM_ID" NULLABLE ="NULL" PICTURETEXT ="" PRECISION ="40" SCALE ="0"/>
        <TARGETFIELD BUSINESSNAME ="" DATATYPE ="varchar2" DESCRIPTION ="" FIELDNUMBER ="8" KEYTYPE ="NOT A KEY" NAME ="OLD_GROWTH_TEAM_ID" NULLABLE ="NULL" PICTURETEXT ="" PRECISION ="10" SCALE ="0"/>
        <TARGETFIELD BUSINESSNAME ="" DATATYPE ="varchar2" DESCRIPTION ="" FIELDNUMBER ="9" KEYTYPE ="NOT A KEY" NAME ="DESCRIPTION_GROWTH_TEAM_ID" NULLABLE ="NULL" PICTURETEXT ="" PRECISION ="50" SCALE ="0"/>
        <TARGETFIELD BUSINESSNAME ="" DATATYPE ="varchar2" DESCRIPTION ="" FIELDNUMBER ="10" KEYTYPE ="NOT A KEY" NAME ="PROFIT_CENTER_SHORT_TEXT" NULLABLE ="NULL" PICTURETEXT ="" PRECISION ="20" SCALE ="0"/>
        <TARGETFIELD BUSINESSNAME ="" DATATYPE ="varchar2" DESCRIPTION ="" FIELDNUMBER ="11" KEYTYPE ="NOT A KEY" NAME ="PROFIT_CENTER_LONG_TEXT" NULLABLE ="NULL" PICTURETEXT ="" PRECISION ="40" SCALE ="0"/>
        <TARGETFIELD BUSINESSNAME ="" DATATYPE ="varchar2" DESCRIPTION ="" FIELDNUMBER ="12" KEYTYPE ="NOT A KEY" NAME ="CREATED_BY" NULLABLE ="NULL" PICTURETEXT ="" PRECISION ="12" SCALE ="0"/>
        <TARGETFIELD BUSINESSNAME ="" DATATYPE ="varchar2" DESCRIPTION ="" FIELDNUMBER ="13" KEYTYPE ="NOT A KEY" NAME ="CREATED_DATE_AND_TIME" NULLABLE ="NULL" PICTURETEXT ="" PRECISION ="14" SCALE ="0"/>
        <TARGETFIELD BUSINESSNAME ="" DATATYPE ="varchar2" DESCRIPTION ="" FIELDNUMBER ="14" KEYTYPE ="NOT A KEY" NAME ="LAST_CHANGED_BY" NULLABLE ="NULL" PICTURETEXT ="" PRECISION ="12" SCALE ="0"/>
        <TARGETFIELD BUSINESSNAME ="" DATATYPE ="varchar2" DESCRIPTION ="" FIELDNUMBER ="15" KEYTYPE ="NOT A KEY" NAME ="TIME_LAST_CHANGE_DATE_TIME" NULLABLE ="NULL" PICTURETEXT ="" PRECISION ="14" SCALE ="0"/>
        <TARGETFIELD BUSINESSNAME ="" DATATYPE ="date" DESCRIPTION ="" FIELDNUMBER ="16" KEYTYPE ="NOT A KEY" NAME ="CREATEDDATE" NULLABLE ="NULL" PICTURETEXT ="" PRECISION ="19" SCALE ="0"/>
        <TARGETFIELD BUSINESSNAME ="" DATATYPE ="date" DESCRIPTION ="" FIELDNUMBER ="17" KEYTYPE ="NOT A KEY" NAME ="MODIFIEDDATE" NULLABLE ="NULL" PICTURETEXT ="" PRECISION ="19" SCALE ="0"/>
    </TARGET>
    <TRANSFORMATION DESCRIPTION ="Stored procudure to truncate stg table." NAME ="PR_TRUNC_STG_TBLS" OBJECTVERSION ="1" REUSABLE ="YES" TYPE ="Stored Procedure" VERSIONNUMBER ="1">
        <TRANSFORMFIELD DATATYPE ="string" DEFAULTVALUE ="" DESCRIPTION ="" NAME ="I_TABLE_NAME" PICTURETEXT ="" PORTTYPE ="INPUT" PRECISION ="4000" SCALE ="0"/>
        <TABLEATTRIBUTE NAME ="Stored Procedure Name" VALUE ="PR_TRUNC_STG_TBLS"/>
        <TABLEATTRIBUTE NAME ="Connection Information" VALUE ="SLBADW"/>
        <TABLEATTRIBUTE NAME ="Call Text" VALUE ="PR_TRUNC_STG_TBLS(STG_RMLCA_SS_Production)"/>
        <TABLEATTRIBUTE NAME ="Stored Procedure Type" VALUE ="Target Pre Load "/>
        <TABLEATTRIBUTE NAME ="Execution Order" VALUE ="1"/>
        <TABLEATTRIBUTE NAME ="Tracing Level" VALUE ="Normal"/>
        <TABLEATTRIBUTE NAME ="Subsecond Precision" VALUE ="6"/>
        <TABLEATTRIBUTE NAME ="Output is Repeatable" VALUE ="Based On Input Order"/>
        <TABLEATTRIBUTE NAME ="Output is Deterministic" VALUE ="NO"/>
    </TRANSFORMATION>
    <MAPPING DESCRIPTION ="Mapping load DWC_ZRTR_GTID_DER_PL.CSV file data into STG_S4_GTID_DER table" ISVALID ="YES" NAME ="m_STG_S4_GTID_DER" OBJECTVERSION ="1" VERSIONNUMBER ="1">
        <TRANSFORMATION DESCRIPTION ="SQ - DWC_ZRTR_GTID_DER_PL" NAME ="SQ_DWC_ZRTR_GTID_DER_PL" OBJECTVERSION ="1" REUSABLE ="NO" TYPE ="Source Qualifier" VERSIONNUMBER ="1">
            <TRANSFORMFIELD DATATYPE ="string" DEFAULTVALUE ="" DESCRIPTION ="" NAME ="PROFIT_CENTER" PICTURETEXT ="" PORTTYPE ="INPUT/OUTPUT" PRECISION ="256" SCALE ="0"/>
            <TRANSFORMFIELD DATATYPE ="string" DEFAULTVALUE ="" DESCRIPTION ="" NAME ="SUMMARY_CHANNEL_OF_TRADE_FOR_GT_ID" PICTURETEXT ="" PORTTYPE ="INPUT/OUTPUT" PRECISION ="256" SCALE ="0"/>
            <TRANSFORMFIELD DATATYPE ="string" DEFAULTVALUE ="" DESCRIPTION ="" NAME ="GROWTH_TEAM_GEOGRAPHY" PICTURETEXT ="" PORTTYPE ="INPUT/OUTPUT" PRECISION ="256" SCALE ="0"/>
            <TRANSFORMFIELD DATATYPE ="string" DEFAULTVALUE ="" DESCRIPTION ="" NAME ="GROWTH_TEAM_ID" PICTURETEXT ="" PORTTYPE ="INPUT/OUTPUT" PRECISION ="256" SCALE ="0"/>
            <TRANSFORMFIELD DATATYPE ="string" DEFAULTVALUE ="" DESCRIPTION ="" NAME ="VALID_FROM_DATE" PICTURETEXT ="" PORTTYPE ="INPUT/OUTPUT" PRECISION ="256" SCALE ="0"/>
            <TRANSFORMFIELD DATATYPE ="string" DEFAULTVALUE ="" DESCRIPTION ="" NAME ="VALID_TO_DATE" PICTURETEXT ="" PORTTYPE ="INPUT/OUTPUT" PRECISION ="256" SCALE ="0"/>
            <TRANSFORMFIELD DATATYPE ="string" DEFAULTVALUE ="" DESCRIPTION ="" NAME ="ORIGINAL_GROWTH_TEAM_ID" PICTURETEXT ="" PORTTYPE ="INPUT/OUTPUT" PRECISION ="256" SCALE ="0"/>
            <TRANSFORMFIELD DATATYPE ="string" DEFAULTVALUE ="" DESCRIPTION ="" NAME ="OLD_GROWTH_TEAM_ID" PICTURETEXT ="" PORTTYPE ="INPUT/OUTPUT" PRECISION ="256" SCALE ="0"/>
            <TRANSFORMFIELD DATATYPE ="string" DEFAULTVALUE ="" DESCRIPTION ="" NAME ="DESCRIPTION_GROWTH_TEAM_ID" PICTURETEXT ="" PORTTYPE ="INPUT/OUTPUT" PRECISION ="256" SCALE ="0"/>
            <TRANSFORMFIELD DATATYPE ="string" DEFAULTVALUE ="" DESCRIPTION ="" NAME ="PROFIT_CENTER_SHORT_TEXT" PICTURETEXT ="" PORTTYPE ="INPUT/OUTPUT" PRECISION ="256" SCALE ="0"/>
            <TRANSFORMFIELD DATATYPE ="string" DEFAULTVALUE ="" DESCRIPTION ="" NAME ="PROFIT_CENTER_LONG_TEXT" PICTURETEXT ="" PORTTYPE ="INPUT/OUTPUT" PRECISION ="256" SCALE ="0"/>
            <TRANSFORMFIELD DATATYPE ="string" DEFAULTVALUE ="" DESCRIPTION ="" NAME ="CREATED_BY" PICTURETEXT ="" PORTTYPE ="INPUT/OUTPUT" PRECISION ="256" SCALE ="0"/>
            <TRANSFORMFIELD DATATYPE ="string" DEFAULTVALUE ="" DESCRIPTION ="" NAME ="CREATED_DATE_AND_TIME" PICTURETEXT ="" PORTTYPE ="INPUT/OUTPUT" PRECISION ="256" SCALE ="0"/>
            <TRANSFORMFIELD DATATYPE ="string" DEFAULTVALUE ="" DESCRIPTION ="" NAME ="LAST_CHANGED_BY" PICTURETEXT ="" PORTTYPE ="INPUT/OUTPUT" PRECISION ="256" SCALE ="0"/>
            <TRANSFORMFIELD DATATYPE ="string" DEFAULTVALUE ="" DESCRIPTION ="" NAME ="TIME_OF_LAST_CHANGE_DATE_TIME_UTC" PICTURETEXT ="" PORTTYPE ="INPUT/OUTPUT" PRECISION ="256" SCALE ="0"/>
            <TABLEATTRIBUTE NAME ="Sql Query" VALUE =""/>
            <TABLEATTRIBUTE NAME ="User Defined Join" VALUE =""/>
            <TABLEATTRIBUTE NAME ="Source Filter" VALUE =""/>
            <TABLEATTRIBUTE NAME ="Number Of Sorted Ports" VALUE ="0"/>
            <TABLEATTRIBUTE NAME ="Tracing Level" VALUE ="Normal"/>
            <TABLEATTRIBUTE NAME ="Is Partitionable" VALUE ="NO"/>
            <TABLEATTRIBUTE NAME ="Pre SQL" VALUE =""/>
            <TABLEATTRIBUTE NAME ="Post SQL" VALUE =""/>
            <TABLEATTRIBUTE NAME ="Output is deterministic" VALUE ="NO"/>
            <TABLEATTRIBUTE NAME ="Output is repeatable" VALUE ="Never"/>
        </TRANSFORMATION>
        <TRANSFORMATION DESCRIPTION ="Convert Datatype" NAME ="EXP_DEFAULT" OBJECTVERSION ="1" REUSABLE ="NO" TYPE ="Expression" VERSIONNUMBER ="1">
            <TRANSFORMFIELD DATATYPE ="string" DEFAULTVALUE ="" DESCRIPTION ="" NAME ="I_PROFIT_CENTER" PICTURETEXT ="" PORTTYPE ="INPUT" PRECISION ="256" SCALE ="0"/>
            <TRANSFORMFIELD DATATYPE ="string" DEFAULTVALUE ="" DESCRIPTION ="" NAME ="I_SUMMARY_CHANNEL_OF_TRADE_FOR_GT_ID" PICTURETEXT ="" PORTTYPE ="INPUT" PRECISION ="256" SCALE ="0"/>
            <TRANSFORMFIELD DATATYPE ="string" DEFAULTVALUE ="" DESCRIPTION ="" NAME ="I_GROWTH_TEAM_GEOGRAPHY" PICTURETEXT ="" PORTTYPE ="INPUT" PRECISION ="256" SCALE ="0"/>
            <TRANSFORMFIELD DATATYPE ="string" DEFAULTVALUE ="" DESCRIPTION ="" NAME ="I_GROWTH_TEAM_ID" PICTURETEXT ="" PORTTYPE ="INPUT" PRECISION ="256" SCALE ="0"/>
            <TRANSFORMFIELD DATATYPE ="string" DEFAULTVALUE ="" DESCRIPTION ="" NAME ="I_VALID_FROM_DATE" PICTURETEXT ="" PORTTYPE ="INPUT" PRECISION ="256" SCALE ="0"/>
            <TRANSFORMFIELD DATATYPE ="string" DEFAULTVALUE ="" DESCRIPTION ="" NAME ="I_VALID_TO_DATE" PICTURETEXT ="" PORTTYPE ="INPUT" PRECISION ="256" SCALE ="0"/>
            <TRANSFORMFIELD DATATYPE ="string" DEFAULTVALUE ="" DESCRIPTION ="" NAME ="I_ORIGINAL_GROWTH_TEAM_ID" PICTURETEXT ="" PORTTYPE ="INPUT" PRECISION ="256" SCALE ="0"/>
            <TRANSFORMFIELD DATATYPE ="string" DEFAULTVALUE ="" DESCRIPTION ="" NAME ="I_OLD_GROWTH_TEAM_ID" PICTURETEXT ="" PORTTYPE ="INPUT" PRECISION ="256" SCALE ="0"/>
            <TRANSFORMFIELD DATATYPE ="string" DEFAULTVALUE ="" DESCRIPTION ="" NAME ="I_DESCRIPTION_GROWTH_TEAM_ID" PICTURETEXT ="" PORTTYPE ="INPUT" PRECISION ="256" SCALE ="0"/>
            <TRANSFORMFIELD DATATYPE ="string" DEFAULTVALUE ="" DESCRIPTION ="" NAME ="I_PROFIT_CENTER_SHORT_TEXT" PICTURETEXT ="" PORTTYPE ="INPUT" PRECISION ="256" SCALE ="0"/>
            <TRANSFORMFIELD DATATYPE ="string" DEFAULTVALUE ="" DESCRIPTION ="" NAME ="I_PROFIT_CENTER_LONG_TEXT" PICTURETEXT ="" PORTTYPE ="INPUT" PRECISION ="256" SCALE ="0"/>
            <TRANSFORMFIELD DATATYPE ="string" DEFAULTVALUE ="" DESCRIPTION ="" NAME ="I_CREATED_BY" PICTURETEXT ="" PORTTYPE ="INPUT" PRECISION ="256" SCALE ="0"/>
            <TRANSFORMFIELD DATATYPE ="string" DEFAULTVALUE ="" DESCRIPTION ="" NAME ="I_CREATED_DATE_AND_TIME" PICTURETEXT ="" PORTTYPE ="INPUT" PRECISION ="256" SCALE ="0"/>
            <TRANSFORMFIELD DATATYPE ="string" DEFAULTVALUE ="" DESCRIPTION ="" NAME ="I_LAST_CHANGED_BY" PICTURETEXT ="" PORTTYPE ="INPUT" PRECISION ="256" SCALE ="0"/>
            <TRANSFORMFIELD DATATYPE ="string" DEFAULTVALUE ="" DESCRIPTION ="" NAME ="I_TIME_OF_LAST_CHANGE_DATE_TIME_UTC" PICTURETEXT ="" PORTTYPE ="INPUT" PRECISION ="256" SCALE ="0"/>
            <TRANSFORMFIELD DATATYPE ="string" DEFAULTVALUE ="ERROR(&apos;transformation error&apos;)" DESCRIPTION ="" EXPRESSION ="LTRIM(RTRIM(I_PROFIT_CENTER))" EXPRESSIONTYPE ="GENERAL" NAME ="O_PROFIT_CENTER" PICTURETEXT ="" PORTTYPE ="OUTPUT" PRECISION ="256" SCALE ="0"/>
            <TRANSFORMFIELD DATATYPE ="string" DEFAULTVALUE ="ERROR(&apos;transformation error&apos;)" DESCRIPTION ="" EXPRESSION ="LTRIM(RTRIM(I_SUMMARY_CHANNEL_OF_TRADE_FOR_GT_ID))" EXPRESSIONTYPE ="GENERAL" NAME ="O_SUMMARY_CHANNEL_OF_TRADE_FOR_GT_ID" PICTURETEXT ="" PORTTYPE ="OUTPUT" PRECISION ="256" SCALE ="0"/>
            <TRANSFORMFIELD DATATYPE ="string" DEFAULTVALUE ="ERROR(&apos;transformation error&apos;)" DESCRIPTION ="" EXPRESSION ="LTRIM(RTRIM(I_GROWTH_TEAM_GEOGRAPHY))" EXPRESSIONTYPE ="GENERAL" NAME ="O_GROWTH_TEAM_GEOGRAPHY" PICTURETEXT ="" PORTTYPE ="OUTPUT" PRECISION ="256" SCALE ="0"/>
            <TRANSFORMFIELD DATATYPE ="string" DEFAULTVALUE ="ERROR(&apos;transformation error&apos;)" DESCRIPTION ="" EXPRESSION ="LTRIM(RTRIM(I_GROWTH_TEAM_ID))" EXPRESSIONTYPE ="GENERAL" NAME ="O_GROWTH_TEAM_ID" PICTURETEXT ="" PORTTYPE ="OUTPUT" PRECISION ="256" SCALE ="0"/>
            <TRANSFORMFIELD DATATYPE ="string" DEFAULTVALUE ="ERROR(&apos;transformation error&apos;)" DESCRIPTION ="" EXPRESSION ="LTRIM(RTRIM(I_VALID_FROM_DATE))" EXPRESSIONTYPE ="GENERAL" NAME ="O_VALID_FROM_DATE" PICTURETEXT ="" PORTTYPE ="OUTPUT" PRECISION ="256" SCALE ="0"/>
            <TRANSFORMFIELD DATATYPE ="string" DEFAULTVALUE ="ERROR(&apos;transformation error&apos;)" DESCRIPTION ="" EXPRESSION ="LTRIM(RTRIM(I_VALID_TO_DATE))" EXPRESSIONTYPE ="GENERAL" NAME ="O_VALID_TO_DATE" PICTURETEXT ="" PORTTYPE ="OUTPUT" PRECISION ="256" SCALE ="0"/>
            <TRANSFORMFIELD DATATYPE ="string" DEFAULTVALUE ="ERROR(&apos;transformation error&apos;)" DESCRIPTION ="" EXPRESSION ="LTRIM(RTRIM(I_ORIGINAL_GROWTH_TEAM_ID))" EXPRESSIONTYPE ="GENERAL" NAME ="O_ORIGINAL_GROWTH_TEAM_ID" PICTURETEXT ="" PORTTYPE ="OUTPUT" PRECISION ="256" SCALE ="0"/>
            <TRANSFORMFIELD DATATYPE ="string" DEFAULTVALUE ="ERROR(&apos;transformation error&apos;)" DESCRIPTION ="" EXPRESSION ="LTRIM(RTRIM(I_OLD_GROWTH_TEAM_ID))" EXPRESSIONTYPE ="GENERAL" NAME ="O_OLD_GROWTH_TEAM_ID" PICTURETEXT ="" PORTTYPE ="OUTPUT" PRECISION ="256" SCALE ="0"/>
            <TRANSFORMFIELD DATATYPE ="string" DEFAULTVALUE ="ERROR(&apos;transformation error&apos;)" DESCRIPTION ="" EXPRESSION ="LTRIM(RTRIM(I_DESCRIPTION_GROWTH_TEAM_ID))" EXPRESSIONTYPE ="GENERAL" NAME ="O_DESCRIPTION_GROWTH_TEAM_ID" PICTURETEXT ="" PORTTYPE ="OUTPUT" PRECISION ="256" SCALE ="0"/>
            <TRANSFORMFIELD DATATYPE ="string" DEFAULTVALUE ="ERROR(&apos;transformation error&apos;)" DESCRIPTION ="" EXPRESSION ="LTRIM(RTRIM(I_PROFIT_CENTER_SHORT_TEXT))" EXPRESSIONTYPE ="GENERAL" NAME ="O_PROFIT_CENTER_SHORT_TEXT" PICTURETEXT ="" PORTTYPE ="OUTPUT" PRECISION ="256" SCALE ="0"/>
            <TRANSFORMFIELD DATATYPE ="string" DEFAULTVALUE ="ERROR(&apos;transformation error&apos;)" DESCRIPTION ="" EXPRESSION ="LTRIM(RTRIM(I_PROFIT_CENTER_LONG_TEXT))" EXPRESSIONTYPE ="GENERAL" NAME ="O_PROFIT_CENTER_LONG_TEXT" PICTURETEXT ="" PORTTYPE ="OUTPUT" PRECISION ="256" SCALE ="0"/>
            <TRANSFORMFIELD DATATYPE ="string" DEFAULTVALUE ="ERROR(&apos;transformation error&apos;)" DESCRIPTION ="" EXPRESSION ="LTRIM(RTRIM(I_CREATED_BY))" EXPRESSIONTYPE ="GENERAL" NAME ="O_CREATED_BY" PICTURETEXT ="" PORTTYPE ="OUTPUT" PRECISION ="256" SCALE ="0"/>
            <TRANSFORMFIELD DATATYPE ="string" DEFAULTVALUE ="ERROR(&apos;transformation error&apos;)" DESCRIPTION ="" EXPRESSION ="LTRIM(RTRIM(I_CREATED_DATE_AND_TIME))" EXPRESSIONTYPE ="GENERAL" NAME ="O_CREATED_DATE_AND_TIME" PICTURETEXT ="" PORTTYPE ="OUTPUT" PRECISION ="256" SCALE ="0"/>
            <TRANSFORMFIELD DATATYPE ="string" DEFAULTVALUE ="ERROR(&apos;transformation error&apos;)" DESCRIPTION ="" EXPRESSION ="LTRIM(RTRIM(I_LAST_CHANGED_BY))" EXPRESSIONTYPE ="GENERAL" NAME ="O_LAST_CHANGED_BY" PICTURETEXT ="" PORTTYPE ="OUTPUT" PRECISION ="256" SCALE ="0"/>
            <TRANSFORMFIELD DATATYPE ="string" DEFAULTVALUE ="ERROR(&apos;transformation error&apos;)" DESCRIPTION ="" EXPRESSION ="LTRIM(RTRIM(I_TIME_OF_LAST_CHANGE_DATE_TIME_UTC))" EXPRESSIONTYPE ="GENERAL" NAME ="O_TIME_OF_LAST_CHANGE_DATE_TIME_UTC" PICTURETEXT ="" PORTTYPE ="OUTPUT" PRECISION ="256" SCALE ="0"/>
            <TRANSFORMFIELD DATATYPE ="date/time" DEFAULTVALUE ="ERROR(&apos;transformation error&apos;)" DESCRIPTION ="" EXPRESSION ="SESSSTARTTIME" EXPRESSIONTYPE ="GENERAL" NAME ="O_SYSDATE" PICTURETEXT ="" PORTTYPE ="OUTPUT" PRECISION ="29" SCALE ="9"/>
            <TABLEATTRIBUTE NAME ="Tracing Level" VALUE ="Normal"/>
        </TRANSFORMATION>
        <INSTANCE DESCRIPTION ="Target - STG_S4_GTID_DER" NAME ="STG_S4_GTID_DER" TRANSFORMATION_NAME ="STG_S4_GTID_DER" TRANSFORMATION_TYPE ="Target Definition" TYPE ="TARGET"/>
        <INSTANCE DBDNAME ="FlatFile" DESCRIPTION ="SD - DWC_ZRTR_GTID_DER_PL" NAME ="DWC_ZRTR_GTID_DER_PL" TRANSFORMATION_NAME ="DWC_ZRTR_GTID_DER_PL" TRANSFORMATION_TYPE ="Source Definition" TYPE ="SOURCE"/>
        <INSTANCE DESCRIPTION ="Truncate STG_S4_GTID_DER Table" NAME ="PR_TRUNC_STG_TBLS" REUSABLE ="YES" TRANSFORMATION_NAME ="PR_TRUNC_STG_TBLS" TRANSFORMATION_TYPE ="Stored Procedure" TYPE ="TRANSFORMATION">
            <TABLEATTRIBUTE NAME ="Call Text" VALUE ="PR_TRUNC_STG_TBLS(STG_S4_GTID_DER)"/>
        </INSTANCE>
        <INSTANCE DESCRIPTION ="SQ - DWC_ZRTR_GTID_DER_PL" NAME ="SQ_DWC_ZRTR_GTID_DER_PL" REUSABLE ="NO" TRANSFORMATION_NAME ="SQ_DWC_ZRTR_GTID_DER_PL" TRANSFORMATION_TYPE ="Source Qualifier" TYPE ="TRANSFORMATION">
            <ASSOCIATED_SOURCE_INSTANCE NAME ="DWC_ZRTR_GTID_DER_PL"/>
        </INSTANCE>
        <INSTANCE DESCRIPTION ="Convert Datatype" NAME ="EXP_DEFAULT" REUSABLE ="NO" TRANSFORMATION_NAME ="EXP_DEFAULT" TRANSFORMATION_TYPE ="Expression" TYPE ="TRANSFORMATION"/>
        <CONNECTOR FROMFIELD ="O_PROFIT_CENTER" FROMINSTANCE ="EXP_DEFAULT" FROMINSTANCETYPE ="Expression" TOFIELD ="PROFIT_CENTER" TOINSTANCE ="STG_S4_GTID_DER" TOINSTANCETYPE ="Target Definition"/>
        <CONNECTOR FROMFIELD ="O_SUMMARY_CHANNEL_OF_TRADE_FOR_GT_ID" FROMINSTANCE ="EXP_DEFAULT" FROMINSTANCETYPE ="Expression" TOFIELD ="SUMMARY_CHANNEL_TRADE_GT_ID" TOINSTANCE ="STG_S4_GTID_DER" TOINSTANCETYPE ="Target Definition"/>
        <CONNECTOR FROMFIELD ="O_GROWTH_TEAM_GEOGRAPHY" FROMINSTANCE ="EXP_DEFAULT" FROMINSTANCETYPE ="Expression" TOFIELD ="GROWTH_TEAM_GEOGRAPHY" TOINSTANCE ="STG_S4_GTID_DER" TOINSTANCETYPE ="Target Definition"/>
        <CONNECTOR FROMFIELD ="O_GROWTH_TEAM_ID" FROMINSTANCE ="EXP_DEFAULT" FROMINSTANCETYPE ="Expression" TOFIELD ="GROWTH_TEAM_ID" TOINSTANCE ="STG_S4_GTID_DER" TOINSTANCETYPE ="Target Definition"/>
        <CONNECTOR FROMFIELD ="O_VALID_FROM_DATE" FROMINSTANCE ="EXP_DEFAULT" FROMINSTANCETYPE ="Expression" TOFIELD ="VALID_FROM_DATE" TOINSTANCE ="STG_S4_GTID_DER" TOINSTANCETYPE ="Target Definition"/>
        <CONNECTOR FROMFIELD ="O_VALID_TO_DATE" FROMINSTANCE ="EXP_DEFAULT" FROMINSTANCETYPE ="Expression" TOFIELD ="VALID_TO_DATE" TOINSTANCE ="STG_S4_GTID_DER" TOINSTANCETYPE ="Target Definition"/>
        <CONNECTOR FROMFIELD ="O_ORIGINAL_GROWTH_TEAM_ID" FROMINSTANCE ="EXP_DEFAULT" FROMINSTANCETYPE ="Expression" TOFIELD ="ORIGINAL_GROWTH_TEAM_ID" TOINSTANCE ="STG_S4_GTID_DER" TOINSTANCETYPE ="Target Definition"/>
        <CONNECTOR FROMFIELD ="O_OLD_GROWTH_TEAM_ID" FROMINSTANCE ="EXP_DEFAULT" FROMINSTANCETYPE ="Expression" TOFIELD ="OLD_GROWTH_TEAM_ID" TOINSTANCE ="STG_S4_GTID_DER" TOINSTANCETYPE ="Target Definition"/>
        <CONNECTOR FROMFIELD ="O_DESCRIPTION_GROWTH_TEAM_ID" FROMINSTANCE ="EXP_DEFAULT" FROMINSTANCETYPE ="Expression" TOFIELD ="DESCRIPTION_GROWTH_TEAM_ID" TOINSTANCE ="STG_S4_GTID_DER" TOINSTANCETYPE ="Target Definition"/>
        <CONNECTOR FROMFIELD ="O_PROFIT_CENTER_SHORT_TEXT" FROMINSTANCE ="EXP_DEFAULT" FROMINSTANCETYPE ="Expression" TOFIELD ="PROFIT_CENTER_SHORT_TEXT" TOINSTANCE ="STG_S4_GTID_DER" TOINSTANCETYPE ="Target Definition"/>
        <CONNECTOR FROMFIELD ="O_PROFIT_CENTER_LONG_TEXT" FROMINSTANCE ="EXP_DEFAULT" FROMINSTANCETYPE ="Expression" TOFIELD ="PROFIT_CENTER_LONG_TEXT" TOINSTANCE ="STG_S4_GTID_DER" TOINSTANCETYPE ="Target Definition"/>
        <CONNECTOR FROMFIELD ="O_CREATED_BY" FROMINSTANCE ="EXP_DEFAULT" FROMINSTANCETYPE ="Expression" TOFIELD ="CREATED_BY" TOINSTANCE ="STG_S4_GTID_DER" TOINSTANCETYPE ="Target Definition"/>
        <CONNECTOR FROMFIELD ="O_CREATED_DATE_AND_TIME" FROMINSTANCE ="EXP_DEFAULT" FROMINSTANCETYPE ="Expression" TOFIELD ="CREATED_DATE_AND_TIME" TOINSTANCE ="STG_S4_GTID_DER" TOINSTANCETYPE ="Target Definition"/>
        <CONNECTOR FROMFIELD ="O_LAST_CHANGED_BY" FROMINSTANCE ="EXP_DEFAULT" FROMINSTANCETYPE ="Expression" TOFIELD ="LAST_CHANGED_BY" TOINSTANCE ="STG_S4_GTID_DER" TOINSTANCETYPE ="Target Definition"/>
        <CONNECTOR FROMFIELD ="O_TIME_OF_LAST_CHANGE_DATE_TIME_UTC" FROMINSTANCE ="EXP_DEFAULT" FROMINSTANCETYPE ="Expression" TOFIELD ="TIME_LAST_CHANGE_DATE_TIME" TOINSTANCE ="STG_S4_GTID_DER" TOINSTANCETYPE ="Target Definition"/>
        <CONNECTOR FROMFIELD ="O_SYSDATE" FROMINSTANCE ="EXP_DEFAULT" FROMINSTANCETYPE ="Expression" TOFIELD ="CREATEDDATE" TOINSTANCE ="STG_S4_GTID_DER" TOINSTANCETYPE ="Target Definition"/>
        <CONNECTOR FROMFIELD ="O_SYSDATE" FROMINSTANCE ="EXP_DEFAULT" FROMINSTANCETYPE ="Expression" TOFIELD ="MODIFIEDDATE" TOINSTANCE ="STG_S4_GTID_DER" TOINSTANCETYPE ="Target Definition"/>
        <CONNECTOR FROMFIELD ="PROFIT_CENTER" FROMINSTANCE ="DWC_ZRTR_GTID_DER_PL" FROMINSTANCETYPE ="Source Definition" TOFIELD ="PROFIT_CENTER" TOINSTANCE ="SQ_DWC_ZRTR_GTID_DER_PL" TOINSTANCETYPE ="Source Qualifier"/>
        <CONNECTOR FROMFIELD ="SUMMARY_CHANNEL_OF_TRADE_FOR_GT_ID" FROMINSTANCE ="DWC_ZRTR_GTID_DER_PL" FROMINSTANCETYPE ="Source Definition" TOFIELD ="SUMMARY_CHANNEL_OF_TRADE_FOR_GT_ID" TOINSTANCE ="SQ_DWC_ZRTR_GTID_DER_PL" TOINSTANCETYPE ="Source Qualifier"/>
        <CONNECTOR FROMFIELD ="GROWTH_TEAM_GEOGRAPHY" FROMINSTANCE ="DWC_ZRTR_GTID_DER_PL" FROMINSTANCETYPE ="Source Definition" TOFIELD ="GROWTH_TEAM_GEOGRAPHY" TOINSTANCE ="SQ_DWC_ZRTR_GTID_DER_PL" TOINSTANCETYPE ="Source Qualifier"/>
        <CONNECTOR FROMFIELD ="GROWTH_TEAM_ID" FROMINSTANCE ="DWC_ZRTR_GTID_DER_PL" FROMINSTANCETYPE ="Source Definition" TOFIELD ="GROWTH_TEAM_ID" TOINSTANCE ="SQ_DWC_ZRTR_GTID_DER_PL" TOINSTANCETYPE ="Source Qualifier"/>
        <CONNECTOR FROMFIELD ="VALID_FROM_DATE" FROMINSTANCE ="DWC_ZRTR_GTID_DER_PL" FROMINSTANCETYPE ="Source Definition" TOFIELD ="VALID_FROM_DATE" TOINSTANCE ="SQ_DWC_ZRTR_GTID_DER_PL" TOINSTANCETYPE ="Source Qualifier"/>
        <CONNECTOR FROMFIELD ="VALID_TO_DATE" FROMINSTANCE ="DWC_ZRTR_GTID_DER_PL" FROMINSTANCETYPE ="Source Definition" TOFIELD ="VALID_TO_DATE" TOINSTANCE ="SQ_DWC_ZRTR_GTID_DER_PL" TOINSTANCETYPE ="Source Qualifier"/>
        <CONNECTOR FROMFIELD ="ORIGINAL_GROWTH_TEAM_ID" FROMINSTANCE ="DWC_ZRTR_GTID_DER_PL" FROMINSTANCETYPE ="Source Definition" TOFIELD ="ORIGINAL_GROWTH_TEAM_ID" TOINSTANCE ="SQ_DWC_ZRTR_GTID_DER_PL" TOINSTANCETYPE ="Source Qualifier"/>
        <CONNECTOR FROMFIELD ="OLD_GROWTH_TEAM_ID" FROMINSTANCE ="DWC_ZRTR_GTID_DER_PL" FROMINSTANCETYPE ="Source Definition" TOFIELD ="OLD_GROWTH_TEAM_ID" TOINSTANCE ="SQ_DWC_ZRTR_GTID_DER_PL" TOINSTANCETYPE ="Source Qualifier"/>
        <CONNECTOR FROMFIELD ="DESCRIPTION_GROWTH_TEAM_ID" FROMINSTANCE ="DWC_ZRTR_GTID_DER_PL" FROMINSTANCETYPE ="Source Definition" TOFIELD ="DESCRIPTION_GROWTH_TEAM_ID" TOINSTANCE ="SQ_DWC_ZRTR_GTID_DER_PL" TOINSTANCETYPE ="Source Qualifier"/>
        <CONNECTOR FROMFIELD ="PROFIT_CENTER_SHORT_TEXT" FROMINSTANCE ="DWC_ZRTR_GTID_DER_PL" FROMINSTANCETYPE ="Source Definition" TOFIELD ="PROFIT_CENTER_SHORT_TEXT" TOINSTANCE ="SQ_DWC_ZRTR_GTID_DER_PL" TOINSTANCETYPE ="Source Qualifier"/>
        <CONNECTOR FROMFIELD ="PROFIT_CENTER_LONG_TEXT" FROMINSTANCE ="DWC_ZRTR_GTID_DER_PL" FROMINSTANCETYPE ="Source Definition" TOFIELD ="PROFIT_CENTER_LONG_TEXT" TOINSTANCE ="SQ_DWC_ZRTR_GTID_DER_PL" TOINSTANCETYPE ="Source Qualifier"/>
        <CONNECTOR FROMFIELD ="CREATED_BY" FROMINSTANCE ="DWC_ZRTR_GTID_DER_PL" FROMINSTANCETYPE ="Source Definition" TOFIELD ="CREATED_BY" TOINSTANCE ="SQ_DWC_ZRTR_GTID_DER_PL" TOINSTANCETYPE ="Source Qualifier"/>
        <CONNECTOR FROMFIELD ="CREATED_DATE_AND_TIME" FROMINSTANCE ="DWC_ZRTR_GTID_DER_PL" FROMINSTANCETYPE ="Source Definition" TOFIELD ="CREATED_DATE_AND_TIME" TOINSTANCE ="SQ_DWC_ZRTR_GTID_DER_PL" TOINSTANCETYPE ="Source Qualifier"/>
        <CONNECTOR FROMFIELD ="LAST_CHANGED_BY" FROMINSTANCE ="DWC_ZRTR_GTID_DER_PL" FROMINSTANCETYPE ="Source Definition" TOFIELD ="LAST_CHANGED_BY" TOINSTANCE ="SQ_DWC_ZRTR_GTID_DER_PL" TOINSTANCETYPE ="Source Qualifier"/>
        <CONNECTOR FROMFIELD ="TIME_OF_LAST_CHANGE_DATE_TIME_UTC" FROMINSTANCE ="DWC_ZRTR_GTID_DER_PL" FROMINSTANCETYPE ="Source Definition" TOFIELD ="TIME_OF_LAST_CHANGE_DATE_TIME_UTC" TOINSTANCE ="SQ_DWC_ZRTR_GTID_DER_PL" TOINSTANCETYPE ="Source Qualifier"/>
        <CONNECTOR FROMFIELD ="PROFIT_CENTER" FROMINSTANCE ="SQ_DWC_ZRTR_GTID_DER_PL" FROMINSTANCETYPE ="Source Qualifier" TOFIELD ="I_PROFIT_CENTER" TOINSTANCE ="EXP_DEFAULT" TOINSTANCETYPE ="Expression"/>
        <CONNECTOR FROMFIELD ="SUMMARY_CHANNEL_OF_TRADE_FOR_GT_ID" FROMINSTANCE ="SQ_DWC_ZRTR_GTID_DER_PL" FROMINSTANCETYPE ="Source Qualifier" TOFIELD ="I_SUMMARY_CHANNEL_OF_TRADE_FOR_GT_ID" TOINSTANCE ="EXP_DEFAULT" TOINSTANCETYPE ="Expression"/>
        <CONNECTOR FROMFIELD ="GROWTH_TEAM_GEOGRAPHY" FROMINSTANCE ="SQ_DWC_ZRTR_GTID_DER_PL" FROMINSTANCETYPE ="Source Qualifier" TOFIELD ="I_GROWTH_TEAM_GEOGRAPHY" TOINSTANCE ="EXP_DEFAULT" TOINSTANCETYPE ="Expression"/>
        <CONNECTOR FROMFIELD ="GROWTH_TEAM_ID" FROMINSTANCE ="SQ_DWC_ZRTR_GTID_DER_PL" FROMINSTANCETYPE ="Source Qualifier" TOFIELD ="I_GROWTH_TEAM_ID" TOINSTANCE ="EXP_DEFAULT" TOINSTANCETYPE ="Expression"/>
        <CONNECTOR FROMFIELD ="VALID_FROM_DATE" FROMINSTANCE ="SQ_DWC_ZRTR_GTID_DER_PL" FROMINSTANCETYPE ="Source Qualifier" TOFIELD ="I_VALID_FROM_DATE" TOINSTANCE ="EXP_DEFAULT" TOINSTANCETYPE ="Expression"/>
        <CONNECTOR FROMFIELD ="VALID_TO_DATE" FROMINSTANCE ="SQ_DWC_ZRTR_GTID_DER_PL" FROMINSTANCETYPE ="Source Qualifier" TOFIELD ="I_VALID_TO_DATE" TOINSTANCE ="EXP_DEFAULT" TOINSTANCETYPE ="Expression"/>
        <CONNECTOR FROMFIELD ="ORIGINAL_GROWTH_TEAM_ID" FROMINSTANCE ="SQ_DWC_ZRTR_GTID_DER_PL" FROMINSTANCETYPE ="Source Qualifier" TOFIELD ="I_ORIGINAL_GROWTH_TEAM_ID" TOINSTANCE ="EXP_DEFAULT" TOINSTANCETYPE ="Expression"/>
        <CONNECTOR FROMFIELD ="OLD_GROWTH_TEAM_ID" FROMINSTANCE ="SQ_DWC_ZRTR_GTID_DER_PL" FROMINSTANCETYPE ="Source Qualifier" TOFIELD ="I_OLD_GROWTH_TEAM_ID" TOINSTANCE ="EXP_DEFAULT" TOINSTANCETYPE ="Expression"/>
        <CONNECTOR FROMFIELD ="DESCRIPTION_GROWTH_TEAM_ID" FROMINSTANCE ="SQ_DWC_ZRTR_GTID_DER_PL" FROMINSTANCETYPE ="Source Qualifier" TOFIELD ="I_DESCRIPTION_GROWTH_TEAM_ID" TOINSTANCE ="EXP_DEFAULT" TOINSTANCETYPE ="Expression"/>
        <CONNECTOR FROMFIELD ="PROFIT_CENTER_SHORT_TEXT" FROMINSTANCE ="SQ_DWC_ZRTR_GTID_DER_PL" FROMINSTANCETYPE ="Source Qualifier" TOFIELD ="I_PROFIT_CENTER_SHORT_TEXT" TOINSTANCE ="EXP_DEFAULT" TOINSTANCETYPE ="Expression"/>
        <CONNECTOR FROMFIELD ="PROFIT_CENTER_LONG_TEXT" FROMINSTANCE ="SQ_DWC_ZRTR_GTID_DER_PL" FROMINSTANCETYPE ="Source Qualifier" TOFIELD ="I_PROFIT_CENTER_LONG_TEXT" TOINSTANCE ="EXP_DEFAULT" TOINSTANCETYPE ="Expression"/>
        <CONNECTOR FROMFIELD ="CREATED_BY" FROMINSTANCE ="SQ_DWC_ZRTR_GTID_DER_PL" FROMINSTANCETYPE ="Source Qualifier" TOFIELD ="I_CREATED_BY" TOINSTANCE ="EXP_DEFAULT" TOINSTANCETYPE ="Expression"/>
        <CONNECTOR FROMFIELD ="CREATED_DATE_AND_TIME" FROMINSTANCE ="SQ_DWC_ZRTR_GTID_DER_PL" FROMINSTANCETYPE ="Source Qualifier" TOFIELD ="I_CREATED_DATE_AND_TIME" TOINSTANCE ="EXP_DEFAULT" TOINSTANCETYPE ="Expression"/>
        <CONNECTOR FROMFIELD ="LAST_CHANGED_BY" FROMINSTANCE ="SQ_DWC_ZRTR_GTID_DER_PL" FROMINSTANCETYPE ="Source Qualifier" TOFIELD ="I_LAST_CHANGED_BY" TOINSTANCE ="EXP_DEFAULT" TOINSTANCETYPE ="Expression"/>
        <CONNECTOR FROMFIELD ="TIME_OF_LAST_CHANGE_DATE_TIME_UTC" FROMINSTANCE ="SQ_DWC_ZRTR_GTID_DER_PL" FROMINSTANCETYPE ="Source Qualifier" TOFIELD ="I_TIME_OF_LAST_CHANGE_DATE_TIME_UTC" TOINSTANCE ="EXP_DEFAULT" TOINSTANCETYPE ="Expression"/>
        <TARGETLOADORDER ORDER ="1" TARGETINSTANCE ="STG_S4_GTID_DER"/>
        <ERPINFO/>
        <METADATAEXTENSION COMPONENTVERSION ="1000000" DATATYPE ="STRING" DESCRIPTION ="" DOMAINNAME ="User Defined Metadata Domain" ISCLIENTEDITABLE ="YES" ISCLIENTVISIBLE ="YES" ISREUSABLE ="NO" ISSHAREREAD ="NO" ISSHAREWRITE ="NO" MAXLENGTH ="256" NAME ="Extension" VALUE ="S4_Integration_stg_S4_GTID_DER v1.0,1.1" VENDORNAME ="INFORMATICA"/>
    </MAPPING>
    <CONFIG DESCRIPTION ="Default session configuration object" ISDEFAULT ="YES" NAME ="default_session_config" VERSIONNUMBER ="1">
        <ATTRIBUTE NAME ="Advanced" VALUE =""/>
        <ATTRIBUTE NAME ="Constraint based load ordering" VALUE ="NO"/>
        <ATTRIBUTE NAME ="Cache LOOKUP() function" VALUE ="YES"/>
        <ATTRIBUTE NAME ="Default buffer block size" VALUE ="Auto"/>
        <ATTRIBUTE NAME ="Line Sequential buffer length" VALUE ="1024"/>
        <ATTRIBUTE NAME ="Maximum Memory Allowed For Auto Memory Attributes" VALUE ="0"/>
        <ATTRIBUTE NAME ="Maximum Percentage of Total Memory Allowed For Auto Memory Attributes" VALUE ="5"/>
        <ATTRIBUTE NAME ="Additional Concurrent Pipelines for Lookup Cache Creation" VALUE ="0"/>
        <ATTRIBUTE NAME ="Custom Properties" VALUE =""/>
        <ATTRIBUTE NAME ="Pre-build lookup cache" VALUE ="Auto"/>
        <ATTRIBUTE NAME ="Optimization Level" VALUE ="Medium"/>
        <ATTRIBUTE NAME ="DateTime Format String" VALUE ="MM/DD/YYYY HH24:MI:SS.US"/>
        <ATTRIBUTE NAME ="Pre 85 Timestamp Compatibility" VALUE ="NO"/>
        <ATTRIBUTE NAME ="Log Options" VALUE ="0"/>
        <ATTRIBUTE NAME ="Save session log by" VALUE ="Session runs"/>
        <ATTRIBUTE NAME ="Save session log for these runs" VALUE ="9"/>
        <ATTRIBUTE NAME ="Session Log File Max Size" VALUE ="0"/>
        <ATTRIBUTE NAME ="Session Log File Max Time Period" VALUE ="0"/>
        <ATTRIBUTE NAME ="Maximum Partial Session Log Files" VALUE ="1"/>
        <ATTRIBUTE NAME ="Writer Commit Statistics Log Frequency" VALUE ="1"/>
        <ATTRIBUTE NAME ="Writer Commit Statistics Log Interval" VALUE ="0"/>
        <ATTRIBUTE NAME ="Error handling" VALUE =""/>
        <ATTRIBUTE NAME ="Stop on errors" VALUE ="1"/>
        <ATTRIBUTE NAME ="Override tracing" VALUE ="None"/>
        <ATTRIBUTE NAME ="On Stored Procedure error" VALUE ="Stop"/>
        <ATTRIBUTE NAME ="On Pre-session command task error" VALUE ="Stop"/>
        <ATTRIBUTE NAME ="On Pre-Post SQL error" VALUE ="Stop"/>
        <ATTRIBUTE NAME ="Enable Recovery" VALUE ="NO"/>
        <ATTRIBUTE NAME ="Error Log Type" VALUE ="None"/>
        <ATTRIBUTE NAME ="Error Log Table Name Prefix" VALUE =""/>
        <ATTRIBUTE NAME ="Error Log File Name" VALUE ="PMError.log"/>
        <ATTRIBUTE NAME ="Log Source Row Data" VALUE ="NO"/>
        <ATTRIBUTE NAME ="Data Column Delimiter" VALUE ="|"/>
        <ATTRIBUTE NAME ="Partitioning Options" VALUE =""/>
        <ATTRIBUTE NAME ="Dynamic Partitioning" VALUE ="Disabled"/>
        <ATTRIBUTE NAME ="Number of Partitions" VALUE ="1"/>
        <ATTRIBUTE NAME ="Multiplication Factor" VALUE ="Auto"/>
        <ATTRIBUTE NAME ="Session on Grid" VALUE =""/>
        <ATTRIBUTE NAME ="Is Enabled" VALUE ="NO"/>
    </CONFIG>
    <SESSION DESCRIPTION ="session to load DWC_ZRTR_GTID_DER_PL.CSV file data into STG_S4_GTID_DER table" ISVALID ="YES" MAPPINGNAME ="m_STG_S4_GTID_DER" NAME ="s_m_STG_S4_GTID_DER" REUSABLE ="YES" SORTORDER ="Binary" VERSIONNUMBER ="1">
        <SESSTRANSFORMATIONINST ISREPARTITIONPOINT ="YES" PARTITIONTYPE ="PASS THROUGH" PIPELINE ="1" SINSTANCENAME ="STG_S4_GTID_DER" STAGE ="1" TRANSFORMATIONNAME ="STG_S4_GTID_DER" TRANSFORMATIONTYPE ="Target Definition"/>
        <SESSTRANSFORMATIONINST ISREPARTITIONPOINT ="NO" PIPELINE ="0" SINSTANCENAME ="DWC_ZRTR_GTID_DER_PL" STAGE ="0" TRANSFORMATIONNAME ="DWC_ZRTR_GTID_DER_PL" TRANSFORMATIONTYPE ="Source Definition">
            <FLATFILE CODEPAGE ="MS1252" CONSECDELIMITERSASONE ="NO" DELIMITED ="YES" DELIMITERS ="|" ESCAPE_CHARACTER ="" KEEPESCAPECHAR ="NO" LINESEQUENTIAL ="NO" MULTIDELIMITERSASAND ="NO" NULLCHARTYPE ="ASCII" NULL_CHARACTER ="*" PADBYTES ="1" QUOTE_CHARACTER ="DOUBLE" REPEATABLE ="NO" ROWDELIMITER ="0" SKIPROWS ="1" STRIPTRAILINGBLANKS ="NO"/>
        </SESSTRANSFORMATIONINST>
        <SESSTRANSFORMATIONINST ISREPARTITIONPOINT ="NO" PIPELINE ="0" SINSTANCENAME ="PR_TRUNC_STG_TBLS" STAGE ="0" TRANSFORMATIONNAME ="PR_TRUNC_STG_TBLS" TRANSFORMATIONTYPE ="Stored Procedure"/>
        <SESSTRANSFORMATIONINST ISREPARTITIONPOINT ="YES" PARTITIONTYPE ="PASS THROUGH" PIPELINE ="1" SINSTANCENAME ="SQ_DWC_ZRTR_GTID_DER_PL" STAGE ="2" TRANSFORMATIONNAME ="SQ_DWC_ZRTR_GTID_DER_PL" TRANSFORMATIONTYPE ="Source Qualifier"/>
        <SESSTRANSFORMATIONINST ISREPARTITIONPOINT ="NO" PIPELINE ="1" SINSTANCENAME ="EXP_DEFAULT" STAGE ="2" TRANSFORMATIONNAME ="EXP_DEFAULT" TRANSFORMATIONTYPE ="Expression">
            <PARTITION DESCRIPTION ="" NAME ="Partition #1"/>
        </SESSTRANSFORMATIONINST>
        <CONFIGREFERENCE REFOBJECTNAME ="default_session_config" TYPE ="Session config"/>
        <SESSIONEXTENSION NAME ="Relational Writer" SINSTANCENAME ="STG_S4_GTID_DER" SUBTYPE ="Relational Writer" TRANSFORMATIONTYPE ="Target Definition" TYPE ="WRITER">
            <CONNECTIONREFERENCE CNXREFNAME ="DB Connection" CONNECTIONNAME ="SLBADW" CONNECTIONNUMBER ="1" CONNECTIONSUBTYPE ="Oracle" CONNECTIONTYPE ="Relational" VARIABLE =""/>
            <ATTRIBUTE NAME ="Target load type" VALUE ="Normal"/>
            <ATTRIBUTE NAME ="Insert" VALUE ="YES"/>
            <ATTRIBUTE NAME ="Update as Update" VALUE ="NO"/>
            <ATTRIBUTE NAME ="Update as Insert" VALUE ="NO"/>
            <ATTRIBUTE NAME ="Update else Insert" VALUE ="NO"/>
            <ATTRIBUTE NAME ="Delete" VALUE ="NO"/>
            <ATTRIBUTE NAME ="Truncate target table option" VALUE ="NO"/>
            <ATTRIBUTE NAME ="Reject file directory" VALUE ="$PMBadFileDir&#x5c;INVENTORY_ANALYSIS&#x5c;BAD&#x5c;"/>
            <ATTRIBUTE NAME ="Reject filename" VALUE ="s_m_STG_S4_GTID_DER.bad"/>
        </SESSIONEXTENSION>
        <SESSIONEXTENSION DSQINSTNAME ="SQ_DWC_ZRTR_GTID_DER_PL" DSQINSTTYPE ="Source Qualifier" NAME ="File Reader" SINSTANCENAME ="DWC_ZRTR_GTID_DER_PL" SUBTYPE ="File Reader" TRANSFORMATIONTYPE ="Source Definition" TYPE ="READER">
            <CONNECTIONREFERENCE CNXREFNAME ="Connection" CONNECTIONNAME ="" CONNECTIONNUMBER ="1" CONNECTIONSUBTYPE ="" CONNECTIONTYPE ="" VARIABLE =""/>
            <ATTRIBUTE NAME ="Input Type" VALUE ="File"/>
            <ATTRIBUTE NAME ="Concurrent read partitioning" VALUE ="Optimize throughput"/>
            <ATTRIBUTE NAME ="Command Type" VALUE ="Command Generating Data"/>
            <ATTRIBUTE NAME ="Source filetype" VALUE ="Direct"/>
            <ATTRIBUTE NAME ="Source file directory" VALUE ="$PMSourceFileDir&#x5c;INVENTORY_ANALYSIS&#x5c;SRC"/>
            <ATTRIBUTE NAME ="Source filename" VALUE ="DWC_ZRTR_GTID_DER_PL.CSV"/>
            <ATTRIBUTE NAME ="Command" VALUE =""/>
            <ATTRIBUTE NAME ="File Reader Truncate String Null" VALUE ="NO"/>
            <ATTRIBUTE NAME ="Codepage Parameter" VALUE =""/>
        </SESSIONEXTENSION>
        <SESSIONEXTENSION NAME ="File Reader" SINSTANCENAME ="SQ_DWC_ZRTR_GTID_DER_PL" SUBTYPE ="File Reader" TRANSFORMATIONTYPE ="Source Qualifier" TYPE ="READER"/>
        <ATTRIBUTE NAME ="General Options" VALUE =""/>
        <ATTRIBUTE NAME ="Write Backward Compatible Session Log File" VALUE ="YES"/>
        <ATTRIBUTE NAME ="Session Log File Name" VALUE ="s_m_STG_S4_GTID_DER.log"/>
        <ATTRIBUTE NAME ="Session Log File directory" VALUE ="$PMSessionLogDir&#x5c;INVENTORY_ANALYSIS&#x5c;LOG&#x5c;"/>
        <ATTRIBUTE NAME ="Parameter Filename" VALUE =""/>
        <ATTRIBUTE NAME ="Enable Test Load" VALUE ="NO"/>
        <ATTRIBUTE NAME ="$Source connection value" VALUE =""/>
        <ATTRIBUTE NAME ="$Target connection value" VALUE =""/>
        <ATTRIBUTE NAME ="Treat source rows as" VALUE ="Insert"/>
        <ATTRIBUTE NAME ="Commit Type" VALUE ="Target"/>
        <ATTRIBUTE NAME ="Commit Interval" VALUE ="2000000"/>
        <ATTRIBUTE NAME ="Commit On End Of File" VALUE ="YES"/>
        <ATTRIBUTE NAME ="Rollback Transactions on Errors" VALUE ="NO"/>
        <ATTRIBUTE NAME ="Recovery Strategy" VALUE ="Restart task"/>
        <ATTRIBUTE NAME ="Java Classpath" VALUE =""/>
        <ATTRIBUTE NAME ="Performance" VALUE =""/>
        <ATTRIBUTE NAME ="DTM buffer size" VALUE ="Auto"/>
        <ATTRIBUTE NAME ="Collect performance data" VALUE ="NO"/>
        <ATTRIBUTE NAME ="Write performance data to repository" VALUE ="NO"/>
        <ATTRIBUTE NAME ="Incremental Aggregation" VALUE ="NO"/>
        <ATTRIBUTE NAME ="Enable high precision" VALUE ="NO"/>
        <ATTRIBUTE NAME ="Session retry on deadlock" VALUE ="NO"/>
        <ATTRIBUTE NAME ="Pushdown Optimization" VALUE ="None"/>
        <ATTRIBUTE NAME ="Allow Temporary View for Pushdown" VALUE ="NO"/>
        <ATTRIBUTE NAME ="Allow Temporary Sequence for Pushdown" VALUE ="NO"/>
        <ATTRIBUTE NAME ="Allow Pushdown for User Incompatible Connections" VALUE ="NO"/>
        <METADATAEXTENSION COMPONENTVERSION ="1000000" DATATYPE ="STRING" DESCRIPTION ="" DOMAINNAME ="User Defined Metadata Domain" ISCLIENTEDITABLE ="YES" ISCLIENTVISIBLE ="YES" ISREUSABLE ="NO" ISSHAREREAD ="NO" ISSHAREWRITE ="NO" MAXLENGTH ="256" NAME ="Extension" VALUE ="S4_Integration_stg_S4_GTID_DER v1.0,1.1" VENDORNAME ="INFORMATICA"/>
    </SESSION>
    <WORKFLOW DESCRIPTION ="Workflow to load DWC_ZRTR_GTID_DER_PL.CSV file data into STG_S4_GTID_DER table" ISENABLED ="YES" ISRUNNABLESERVICE ="NO" ISSERVICE ="NO" ISVALID ="YES" NAME ="wf_s_m_STG_S4_GTID_DER" REUSABLE_SCHEDULER ="NO" SCHEDULERNAME ="Scheduler" SERVERNAME ="Domain10_PRD_Int_Svc" SERVER_DOMAINNAME ="Domain10_PRD" SUSPEND_ON_ERROR ="NO" TASKS_MUST_RUN_ON_SERVER ="NO" VERSIONNUMBER ="1">
        <SCHEDULER DESCRIPTION ="" NAME ="Scheduler" REUSABLE ="NO" VERSIONNUMBER ="1">
            <SCHEDULEINFO SCHEDULETYPE ="ONDEMAND"/>
        </SCHEDULER>
        <TASK DESCRIPTION ="" NAME ="Start" REUSABLE ="NO" TYPE ="Start" VERSIONNUMBER ="1"/>
        <TASKINSTANCE DESCRIPTION ="session to load DWC_ZRTR_GTID_DER_PL.CSV file data into STG_S4_GTID_DER table" FAIL_PARENT_IF_INSTANCE_DID_NOT_RUN ="YES" FAIL_PARENT_IF_INSTANCE_FAILS ="YES" ISENABLED ="YES" NAME ="s_m_STG_S4_GTID_DER" REUSABLE ="YES" TASKNAME ="s_m_STG_S4_GTID_DER" TASKTYPE ="Session" TREAT_INPUTLINK_AS_AND ="NO"/>
        <TASKINSTANCE DESCRIPTION ="" ISENABLED ="YES" NAME ="Start" REUSABLE ="NO" TASKNAME ="Start" TASKTYPE ="Start"/>
        <WORKFLOWLINK CONDITION ="" FROMTASK ="Start" TOTASK ="s_m_STG_S4_GTID_DER"/>
        <WORKFLOWVARIABLE DATATYPE ="date/time" DEFAULTVALUE ="" DESCRIPTION ="The time this task started" ISNULL ="NO" ISPERSISTENT ="NO" NAME ="$s_m_STG_S4_GTID_DER.StartTime" USERDEFINED ="NO"/>
        <WORKFLOWVARIABLE DATATYPE ="date/time" DEFAULTVALUE ="" DESCRIPTION ="The time this task completed" ISNULL ="NO" ISPERSISTENT ="NO" NAME ="$s_m_STG_S4_GTID_DER.EndTime" USERDEFINED ="NO"/>
        <WORKFLOWVARIABLE DATATYPE ="integer" DEFAULTVALUE ="" DESCRIPTION ="Status of this task&apos;s execution" ISNULL ="NO" ISPERSISTENT ="NO" NAME ="$s_m_STG_S4_GTID_DER.Status" USERDEFINED ="NO"/>
        <WORKFLOWVARIABLE DATATYPE ="integer" DEFAULTVALUE ="" DESCRIPTION ="Status of the previous task that is not disabled" ISNULL ="NO" ISPERSISTENT ="NO" NAME ="$s_m_STG_S4_GTID_DER.PrevTaskStatus" USERDEFINED ="NO"/>
        <WORKFLOWVARIABLE DATATYPE ="integer" DEFAULTVALUE ="" DESCRIPTION ="Error code for this task&apos;s execution" ISNULL ="NO" ISPERSISTENT ="NO" NAME ="$s_m_STG_S4_GTID_DER.ErrorCode" USERDEFINED ="NO"/>
        <WORKFLOWVARIABLE DATATYPE ="string" DEFAULTVALUE ="" DESCRIPTION ="Error message for this task&apos;s execution" ISNULL ="NO" ISPERSISTENT ="NO" NAME ="$s_m_STG_S4_GTID_DER.ErrorMsg" USERDEFINED ="NO"/>
        <WORKFLOWVARIABLE DATATYPE ="integer" DEFAULTVALUE ="" DESCRIPTION ="Rows successfully read" ISNULL ="NO" ISPERSISTENT ="NO" NAME ="$s_m_STG_S4_GTID_DER.SrcSuccessRows" USERDEFINED ="NO"/>
        <WORKFLOWVARIABLE DATATYPE ="integer" DEFAULTVALUE ="" DESCRIPTION ="Rows failed to read" ISNULL ="NO" ISPERSISTENT ="NO" NAME ="$s_m_STG_S4_GTID_DER.SrcFailedRows" USERDEFINED ="NO"/>
        <WORKFLOWVARIABLE DATATYPE ="integer" DEFAULTVALUE ="" DESCRIPTION ="Rows successfully loaded" ISNULL ="NO" ISPERSISTENT ="NO" NAME ="$s_m_STG_S4_GTID_DER.TgtSuccessRows" USERDEFINED ="NO"/>
        <WORKFLOWVARIABLE DATATYPE ="integer" DEFAULTVALUE ="" DESCRIPTION ="Rows failed to load" ISNULL ="NO" ISPERSISTENT ="NO" NAME ="$s_m_STG_S4_GTID_DER.TgtFailedRows" USERDEFINED ="NO"/>
        <WORKFLOWVARIABLE DATATYPE ="integer" DEFAULTVALUE ="" DESCRIPTION ="Total number of transformation errors" ISNULL ="NO" ISPERSISTENT ="NO" NAME ="$s_m_STG_S4_GTID_DER.TotalTransErrors" USERDEFINED ="NO"/>
        <WORKFLOWVARIABLE DATATYPE ="integer" DEFAULTVALUE ="" DESCRIPTION ="First error code" ISNULL ="NO" ISPERSISTENT ="NO" NAME ="$s_m_STG_S4_GTID_DER.FirstErrorCode" USERDEFINED ="NO"/>
        <WORKFLOWVARIABLE DATATYPE ="string" DEFAULTVALUE ="" DESCRIPTION ="First error message" ISNULL ="NO" ISPERSISTENT ="NO" NAME ="$s_m_STG_S4_GTID_DER.FirstErrorMsg" USERDEFINED ="NO"/>
        <WORKFLOWVARIABLE DATATYPE ="date/time" DEFAULTVALUE ="" DESCRIPTION ="The time this task started" ISNULL ="NO" ISPERSISTENT ="NO" NAME ="$Start.StartTime" USERDEFINED ="NO"/>
        <WORKFLOWVARIABLE DATATYPE ="date/time" DEFAULTVALUE ="" DESCRIPTION ="The time this task completed" ISNULL ="NO" ISPERSISTENT ="NO" NAME ="$Start.EndTime" USERDEFINED ="NO"/>
        <WORKFLOWVARIABLE DATATYPE ="integer" DEFAULTVALUE ="" DESCRIPTION ="Status of this task&apos;s execution" ISNULL ="NO" ISPERSISTENT ="NO" NAME ="$Start.Status" USERDEFINED ="NO"/>
        <WORKFLOWVARIABLE DATATYPE ="integer" DEFAULTVALUE ="" DESCRIPTION ="Status of the previous task that is not disabled" ISNULL ="NO" ISPERSISTENT ="NO" NAME ="$Start.PrevTaskStatus" USERDEFINED ="NO"/>
        <WORKFLOWVARIABLE DATATYPE ="integer" DEFAULTVALUE ="" DESCRIPTION ="Error code for this task&apos;s execution" ISNULL ="NO" ISPERSISTENT ="NO" NAME ="$Start.ErrorCode" USERDEFINED ="NO"/>
        <WORKFLOWVARIABLE DATATYPE ="string" DEFAULTVALUE ="" DESCRIPTION ="Error message for this task&apos;s execution" ISNULL ="NO" ISPERSISTENT ="NO" NAME ="$Start.ErrorMsg" USERDEFINED ="NO"/>
        <ATTRIBUTE NAME ="Parameter Filename" VALUE =""/>
        <ATTRIBUTE NAME ="Write Backward Compatible Workflow Log File" VALUE ="YES"/>
        <ATTRIBUTE NAME ="Workflow Log File Name" VALUE ="wf_s_m_STG_S4_GTID_DER.log"/>
        <ATTRIBUTE NAME ="Workflow Log File Directory" VALUE ="$PMWorkflowLogDir&#x5c;INVENTORY_ANALYSIS&#x5c;LOG&#x5c;"/>
        <ATTRIBUTE NAME ="Save Workflow log by" VALUE ="By runs"/>
        <ATTRIBUTE NAME ="Save workflow log for these runs" VALUE ="9"/>
        <ATTRIBUTE NAME ="Service Name" VALUE =""/>
        <ATTRIBUTE NAME ="Service Timeout" VALUE ="0"/>
        <ATTRIBUTE NAME ="Is Service Visible" VALUE ="NO"/>
        <ATTRIBUTE NAME ="Is Service Protected" VALUE ="NO"/>
        <ATTRIBUTE NAME ="Fail task after wait time" VALUE ="0"/>
        <ATTRIBUTE NAME ="Enable HA recovery" VALUE ="NO"/>
        <ATTRIBUTE NAME ="Automatically recover terminated tasks" VALUE ="NO"/>
        <ATTRIBUTE NAME ="Service Level Name" VALUE ="Default"/>
        <ATTRIBUTE NAME ="Allow concurrent run with unique run instance name" VALUE ="NO"/>
        <ATTRIBUTE NAME ="Allow concurrent run with same run instance name" VALUE ="NO"/>
        <ATTRIBUTE NAME ="Maximum number of concurrent runs" VALUE ="0"/>
        <ATTRIBUTE NAME ="Assigned Web Services Hubs" VALUE =""/>
        <ATTRIBUTE NAME ="Maximum number of concurrent runs per Hub" VALUE ="1000"/>
        <ATTRIBUTE NAME ="Expected Service Time" VALUE ="1"/>
        <METADATAEXTENSION COMPONENTVERSION ="1000000" DATATYPE ="STRING" DESCRIPTION ="" DOMAINNAME ="User Defined Metadata Domain" ISCLIENTEDITABLE ="YES" ISCLIENTVISIBLE ="YES" ISREUSABLE ="NO" ISSHAREREAD ="NO" ISSHAREWRITE ="NO" MAXLENGTH ="256" NAME ="Extension" VALUE ="S4_Integration_stg_S4_GTID_DER v1.0,1.1" VENDORNAME ="INFORMATICA"/>
    </WORKFLOW>
</FOLDER>
</REPOSITORY>
</POWERMART>